<?xml version="1.0" encoding="UTF-8"?>
<kml xmlns="http://www.opengis.net/kml/2.2">
  <Document>
    <name>Tour de France 2026 - Stage 15</name>
    <Style id="routeStyle">
      <LineStyle>
        <color>ff111111</color>
        <width>4</width>
      </LineStyle>
    </Style>
    <Placemark>
      <name>Tour de France 2026 - Stage 15</name>
      <styleUrl>#routeStyle</styleUrl>
      <LineString>
        <tessellate>1</tessellate>
        <coordinates>
5.921960000,46.720370000,549.000
5.921970000,46.720360000,548.000
5.921990000,46.720350000,547.000
5.922110000,46.720260000,547.000
5.922110000,46.720260000,547.000
5.922230000,46.719910000,547.000
5.922370000,46.719610000,547.000
5.922390000,46.719570000,547.000
5.922530000,46.719310000,547.000
5.922760000,46.718940000,547.000
5.922880000,46.718760000,547.000
5.922960000,46.718680000,550.000
5.923210000,46.718340000,549.000
5.923230000,46.718330000,548.000
5.923400000,46.718120000,548.000
5.923520000,46.717980000,548.000
5.923740000,46.717710000,548.000
5.923950000,46.717450000,548.000
5.924530000,46.716740000,553.000
5.924790000,46.716410000,553.000
5.925180000,46.715950000,554.000
5.925770000,46.715240000,557.000
5.926120000,46.714800000,565.000
5.926350000,46.714520000,568.000
5.927140000,46.713570000,571.000
5.927270000,46.713410000,575.000
5.927920000,46.712630000,582.000
5.928170000,46.712320000,586.000
5.928550000,46.711850000,590.000
5.928720000,46.711650000,593.000
5.928890000,46.711420000,596.000
5.929130000,46.711070000,599.000
5.929350000,46.710720000,600.000
5.929450000,46.710550000,603.000
5.929460000,46.710550000,605.000
5.929840000,46.709940000,607.000
5.930330000,46.709160000,610.000
5.930610000,46.708740000,614.000
5.930700000,46.708600000,616.000
5.930870000,46.708240000,618.000
5.930900000,46.708120000,620.000
5.930960000,46.707940000,622.000
5.931010000,46.707810000,624.000
5.931210000,46.707150000,626.000
5.931390000,46.706620000,628.000
5.931420000,46.706540000,630.000
5.931480000,46.706360000,631.000
5.931630000,46.705910000,633.000
5.931880000,46.705080000,634.000
5.931940000,46.704780000,636.000
5.932010000,46.704440000,637.000
5.932030000,46.704280000,639.000
5.932040000,46.704210000,640.000
5.932050000,46.704060000,641.000
5.932040000,46.703970000,642.000
5.932040000,46.703910000,643.000
5.932000000,46.703750000,644.000
5.931940000,46.703430000,645.000
5.931780000,46.702740000,646.000
5.931610000,46.701870000,647.000
5.931500000,46.701340000,647.000
5.931460000,46.701190000,648.000
5.931460000,46.701160000,648.000
5.931350000,46.700640000,647.000
5.931200000,46.699950000,647.000
5.931190000,46.699910000,646.000
5.931150000,46.699730000,646.000
5.931110000,46.699560000,645.000
5.931070000,46.699380000,644.000
5.931040000,46.699200000,643.000
5.931010000,46.699080000,642.000
5.931000000,46.699020000,642.000
5.930970000,46.698840000,643.000
5.930930000,46.698670000,642.000
5.930930000,46.698640000,641.000
5.930900000,46.698490000,640.000
5.930890000,46.698460000,640.000
5.930870000,46.698300000,640.000
5.930850000,46.698160000,640.000
5.930850000,46.698130000,640.000
5.930850000,46.698110000,640.000
5.930840000,46.698020000,640.000
5.930840000,46.697950000,640.000
5.930850000,46.697890000,640.000
5.930850000,46.697850000,640.000
5.930860000,46.697790000,640.000
5.930860000,46.697770000,640.000
5.930880000,46.697660000,640.000
5.930900000,46.697590000,641.000
5.930910000,46.697540000,641.000
5.930940000,46.697420000,641.000
5.931000000,46.697210000,641.000
5.931040000,46.697010000,645.000
5.931060000,46.696880000,644.000
5.931070000,46.696870000,644.000
5.931080000,46.696740000,643.000
5.931080000,46.696700000,643.000
5.931090000,46.696630000,643.000
5.931090000,46.696550000,643.000
5.931090000,46.696520000,643.000
5.931090000,46.696490000,643.000
5.931090000,46.696370000,643.000
5.931080000,46.696160000,643.000
5.931080000,46.696100000,643.000
5.931070000,46.695980000,643.000
5.931060000,46.695930000,643.000
5.931040000,46.695810000,644.000
5.931000000,46.695630000,644.000
5.931000000,46.695600000,644.000
5.930940000,46.695270000,644.000
5.930920000,46.695200000,648.000
5.930900000,46.695090000,647.000
5.930870000,46.694910000,647.000
5.930830000,46.694730000,647.000
5.930810000,46.694630000,647.000
5.930680000,46.693810000,648.000
5.930650000,46.693650000,649.000
5.930600000,46.693230000,650.000
5.930560000,46.693030000,651.000
5.930530000,46.692810000,652.000
5.930480000,46.692510000,652.000
5.930410000,46.692060000,652.000
5.930110000,46.690230000,652.000
5.930010000,46.689720000,649.000
5.929980000,46.689480000,647.000
5.929950000,46.689240000,645.000
5.929940000,46.689100000,644.000
5.929940000,46.688990000,643.000
5.929970000,46.688800000,643.000
5.930010000,46.688610000,643.000
5.930080000,46.688310000,645.000
5.930090000,46.688230000,645.000
5.930200000,46.687680000,644.000
5.930270000,46.687420000,644.000
5.930340000,46.687180000,644.000
5.930370000,46.687080000,645.000
5.930380000,46.687010000,645.000
5.930390000,46.686980000,645.000
5.930390000,46.686940000,645.000
5.930400000,46.686850000,645.000
5.930400000,46.686810000,645.000
5.930410000,46.686740000,645.000
5.930410000,46.686630000,646.000
5.930420000,46.686130000,646.000
5.930440000,46.685440000,646.000
5.930450000,46.685190000,645.000
5.930460000,46.684940000,644.000
5.930470000,46.684780000,642.000
5.930500000,46.683880000,639.000
5.930500000,46.683780000,637.000
5.930520000,46.683240000,634.000
5.930520000,46.683160000,630.000
5.930530000,46.683080000,627.000
5.930530000,46.683060000,624.000
5.930540000,46.682980000,622.000
5.930540000,46.682970000,619.000
5.930550000,46.682900000,617.000
5.930560000,46.682830000,615.000
5.930600000,46.682700000,614.000
5.930620000,46.682630000,612.000
5.930670000,46.682500000,610.000
5.930690000,46.682450000,608.000
5.930730000,46.682360000,607.000
5.930800000,46.682210000,605.000
5.930850000,46.682110000,610.000
5.930980000,46.681850000,606.000
5.931020000,46.681750000,602.000
5.931100000,46.681570000,600.000
5.931220000,46.681330000,598.000
5.931230000,46.681300000,596.000
5.931340000,46.681080000,594.000
5.931500000,46.680750000,593.000
5.931710000,46.680310000,600.000
5.931940000,46.679800000,596.000
5.931940000,46.679790000,593.000
5.931980000,46.679710000,591.000
5.932070000,46.679500000,590.000
5.932190000,46.679210000,590.000
5.932200000,46.679190000,590.000
5.932280000,46.679020000,591.000
5.932310000,46.678950000,591.000
5.932450000,46.678620000,592.000
5.932560000,46.678420000,598.000
5.932580000,46.678390000,597.000
5.932610000,46.678340000,597.000
5.932710000,46.678150000,597.000
5.932890000,46.677890000,597.000
5.933020000,46.677720000,597.000
5.933200000,46.677490000,597.000
5.933240000,46.677450000,597.000
5.933440000,46.677190000,597.000
5.933500000,46.677120000,598.000
5.933650000,46.676940000,598.000
5.933920000,46.676580000,600.000
5.934010000,46.676470000,600.000
5.934170000,46.676280000,599.000
5.934280000,46.676140000,599.000
5.934390000,46.676000000,599.000
5.934540000,46.675810000,599.000
5.934620000,46.675710000,599.000
5.934910000,46.675340000,599.000
5.935170000,46.675020000,598.000
5.935300000,46.674860000,601.000
5.935320000,46.674830000,600.000
5.935340000,46.674810000,599.000
5.935430000,46.674700000,599.000
5.935450000,46.674670000,599.000
5.935580000,46.674510000,599.000
5.935590000,46.674500000,599.000
5.935710000,46.674360000,600.000
5.935840000,46.674190000,600.000
5.935930000,46.674100000,601.000
5.936030000,46.674000000,602.000
5.936130000,46.673910000,603.000
5.936310000,46.673770000,604.000
5.936520000,46.673610000,605.000
5.936690000,46.673490000,607.000
5.936700000,46.673480000,608.000
5.936880000,46.673350000,610.000
5.937020000,46.673250000,611.000
5.937060000,46.673220000,612.000
5.937430000,46.672960000,612.000
5.937640000,46.672800000,613.000
5.937770000,46.672700000,614.000
5.937780000,46.672700000,614.000
5.937870000,46.672620000,614.000
5.937930000,46.672560000,615.000
5.937960000,46.672530000,615.000
5.938050000,46.672430000,615.000
5.938120000,46.672340000,615.000
5.938200000,46.672230000,615.000
5.938260000,46.672140000,616.000
5.938340000,46.672000000,616.000
5.938380000,46.671910000,616.000
5.938440000,46.671780000,619.000
5.938520000,46.671610000,618.000
5.938620000,46.671400000,619.000
5.938810000,46.670950000,621.000
5.938840000,46.670870000,624.000
5.938900000,46.670700000,627.000
5.938970000,46.670530000,630.000
5.939000000,46.670420000,634.000
5.939080000,46.670110000,637.000
5.939130000,46.669980000,637.000
5.939160000,46.669890000,642.000
5.939200000,46.669800000,645.000
5.939240000,46.669730000,648.000
5.939280000,46.669630000,651.000
5.939290000,46.669620000,653.000
5.939360000,46.669460000,654.000
5.939390000,46.669380000,655.000
5.939440000,46.669290000,656.000
5.939510000,46.669150000,657.000
5.939530000,46.669120000,658.000
5.939600000,46.668990000,658.000
5.939730000,46.668790000,659.000
5.939780000,46.668720000,660.000
5.939830000,46.668650000,660.000
5.939850000,46.668630000,661.000
5.939910000,46.668550000,662.000
5.939960000,46.668460000,662.000
5.940010000,46.668370000,662.000
5.940100000,46.668210000,662.000
5.940130000,46.668130000,663.000
5.940160000,46.668060000,663.000
5.940240000,46.667880000,664.000
5.940290000,46.667780000,664.000
5.940300000,46.667760000,664.000
5.940360000,46.667700000,664.000
5.940440000,46.667650000,664.000
5.940450000,46.667640000,664.000
5.940540000,46.667600000,664.000
5.940700000,46.667540000,664.000
5.940750000,46.667520000,664.000
5.940790000,46.667500000,664.000
5.940840000,46.667480000,664.000
5.940870000,46.667450000,664.000
5.940880000,46.667440000,664.000
5.940910000,46.667420000,664.000
5.940980000,46.667320000,664.000
5.941000000,46.667280000,664.000
5.941080000,46.667120000,664.000
5.941080000,46.667110000,664.000
5.941120000,46.667060000,664.000
5.941180000,46.667000000,664.000
5.941220000,46.666960000,664.000
5.941340000,46.666880000,664.000
5.941420000,46.666850000,664.000
5.941470000,46.666820000,664.000
5.941660000,46.666770000,665.000
5.941910000,46.666710000,665.000
5.941920000,46.666710000,665.000
5.942160000,46.666670000,665.000
5.942350000,46.666640000,666.000
5.942420000,46.666630000,666.000
5.942500000,46.666630000,666.000
5.942610000,46.666630000,667.000
5.942670000,46.666630000,667.000
5.942680000,46.666640000,668.000
5.942710000,46.666650000,668.000
5.942850000,46.666700000,668.000
5.942910000,46.666720000,669.000
5.943300000,46.666880000,669.000
5.943340000,46.666890000,670.000
5.943360000,46.666900000,671.000
5.943530000,46.666970000,671.000
5.943590000,46.667000000,672.000
5.943750000,46.667070000,673.000
5.943810000,46.667090000,673.000
5.943890000,46.667130000,674.000
5.944040000,46.667170000,676.000
5.944160000,46.667210000,676.000
5.944230000,46.667230000,677.000
5.944280000,46.667240000,677.000
5.944290000,46.667240000,677.000
5.944390000,46.667250000,678.000
5.944480000,46.667250000,678.000
5.944540000,46.667250000,679.000
5.944560000,46.667260000,680.000
5.944640000,46.667250000,680.000
5.944740000,46.667240000,680.000
5.944800000,46.667220000,681.000
5.944840000,46.667210000,682.000
5.944930000,46.667180000,682.000
5.945180000,46.667060000,683.000
5.945240000,46.667030000,684.000
5.945400000,46.666950000,685.000
5.945450000,46.666920000,686.000
5.945570000,46.666860000,687.000
5.945600000,46.666830000,688.000
5.945640000,46.666800000,689.000
5.945650000,46.666790000,689.000
5.945710000,46.666690000,690.000
5.945720000,46.666630000,691.000
5.945730000,46.666580000,691.000
5.945720000,46.666500000,692.000
5.945720000,46.666490000,693.000
5.945710000,46.666450000,693.000
5.945690000,46.666390000,694.000
5.945670000,46.666320000,695.000
5.945660000,46.666290000,695.000
5.945660000,46.666270000,693.000
5.945640000,46.666170000,694.000
5.945630000,46.666100000,696.000
5.945630000,46.666090000,697.000
5.945640000,46.666030000,698.000
5.945660000,46.665970000,698.000
5.945680000,46.665920000,699.000
5.945690000,46.665910000,699.000
5.945720000,46.665860000,700.000
5.945760000,46.665800000,701.000
5.945770000,46.665780000,701.000
5.945790000,46.665760000,702.000
5.945830000,46.665700000,702.000
5.945890000,46.665640000,702.000
5.945920000,46.665610000,703.000
5.945920000,46.665600000,703.000
5.946010000,46.665510000,704.000
5.946030000,46.665490000,704.000
5.946060000,46.665450000,705.000
5.946100000,46.665410000,705.000
5.946180000,46.665330000,706.000
5.946240000,46.665240000,706.000
5.946310000,46.665150000,707.000
5.946360000,46.665080000,708.000
5.946400000,46.665000000,708.000
5.946440000,46.664930000,709.000
5.946510000,46.664710000,710.000
5.946540000,46.664620000,707.000
5.946600000,46.664440000,710.000
5.946650000,46.664310000,712.000
5.946660000,46.664260000,713.000
5.946670000,46.664250000,714.000
5.946680000,46.664210000,715.000
5.946730000,46.664110000,716.000
5.946740000,46.664090000,717.000
5.946780000,46.664010000,717.000
5.946830000,46.663920000,718.000
5.946880000,46.663850000,719.000
5.946950000,46.663780000,719.000
5.946960000,46.663770000,720.000
5.947000000,46.663700000,721.000
5.947030000,46.663630000,721.000
5.947040000,46.663600000,722.000
5.947040000,46.663570000,722.000
5.947040000,46.663510000,722.000
5.947040000,46.663500000,723.000
5.947030000,46.663460000,723.000
5.947020000,46.663420000,724.000
5.947010000,46.663400000,724.000
5.946980000,46.663330000,724.000
5.946930000,46.663250000,725.000
5.946930000,46.663240000,725.000
5.946880000,46.663170000,725.000
5.946720000,46.662950000,726.000
5.946710000,46.662930000,719.000
5.946640000,46.662840000,722.000
5.946580000,46.662770000,724.000
5.946560000,46.662740000,725.000
5.946520000,46.662690000,726.000
5.946490000,46.662640000,726.000
5.946460000,46.662600000,726.000
5.946410000,46.662530000,726.000
5.946370000,46.662440000,726.000
5.946360000,46.662410000,725.000
5.946310000,46.662310000,725.000
5.946280000,46.662270000,725.000
5.946250000,46.662210000,724.000
5.946240000,46.662180000,724.000
5.946200000,46.662090000,723.000
5.946180000,46.662070000,723.000
5.946150000,46.662010000,722.000
5.946100000,46.661930000,722.000
5.946090000,46.661900000,721.000
5.946050000,46.661760000,721.000
5.946030000,46.661680000,720.000
5.946030000,46.661660000,719.000
5.946020000,46.661530000,719.000
5.946020000,46.661520000,718.000
5.946010000,46.661440000,718.000
5.946000000,46.661350000,717.000
5.945990000,46.661340000,716.000
5.945990000,46.661300000,716.000
5.945960000,46.661210000,712.000
5.945950000,46.661160000,712.000
5.945940000,46.661130000,713.000
5.945930000,46.661080000,713.000
5.945920000,46.661040000,713.000
5.945910000,46.660990000,712.000
5.945900000,46.660970000,712.000
5.945900000,46.660950000,712.000
5.945880000,46.660870000,711.000
5.945870000,46.660860000,711.000
5.945870000,46.660850000,711.000
5.945850000,46.660770000,711.000
5.945840000,46.660720000,710.000
5.945830000,46.660680000,710.000
5.945820000,46.660670000,710.000
5.945810000,46.660610000,709.000
5.945800000,46.660590000,709.000
5.945770000,46.660500000,709.000
5.945770000,46.660470000,708.000
5.945750000,46.660420000,708.000
5.945740000,46.660370000,707.000
5.945720000,46.660330000,707.000
5.945720000,46.660320000,707.000
5.945700000,46.660240000,706.000
5.945670000,46.660150000,706.000
5.945670000,46.660140000,706.000
5.945650000,46.660080000,705.000
5.945650000,46.660070000,705.000
5.945620000,46.659980000,704.000
5.945620000,46.659970000,704.000
5.945590000,46.659880000,704.000
5.945550000,46.659650000,703.000
5.945520000,46.659500000,702.000
5.945510000,46.659430000,705.000
5.945460000,46.659210000,703.000
5.945370000,46.658920000,703.000
5.945330000,46.658790000,703.000
5.945320000,46.658750000,703.000
5.945310000,46.658720000,704.000
5.945290000,46.658640000,705.000
5.945260000,46.658550000,705.000
5.945260000,46.658520000,706.000
5.945250000,46.658450000,707.000
5.945250000,46.658420000,708.000
5.945240000,46.658370000,708.000
5.945240000,46.658290000,709.000
5.945250000,46.658210000,710.000
5.945270000,46.658080000,711.000
5.945270000,46.657980000,712.000
5.945260000,46.657880000,713.000
5.945240000,46.657830000,714.000
5.945220000,46.657740000,715.000
5.945200000,46.657710000,716.000
5.945190000,46.657670000,717.000
5.945170000,46.657650000,714.000
5.945150000,46.657610000,716.000
5.945090000,46.657550000,717.000
5.945040000,46.657500000,718.000
5.944970000,46.657450000,718.000
5.944910000,46.657410000,719.000
5.944810000,46.657350000,719.000
5.944700000,46.657290000,720.000
5.944450000,46.657160000,720.000
5.944350000,46.657110000,720.000
5.944270000,46.657060000,720.000
5.944230000,46.657030000,720.000
5.944200000,46.657010000,720.000
5.944110000,46.656950000,720.000
5.944050000,46.656900000,720.000
5.943930000,46.656790000,720.000
5.943880000,46.656740000,720.000
5.943800000,46.656670000,720.000
5.943650000,46.656530000,720.000
5.943490000,46.656390000,720.000
5.943450000,46.656350000,720.000
5.943400000,46.656320000,719.000
5.943210000,46.656170000,719.000
5.943090000,46.656070000,720.000
5.942960000,46.655980000,720.000
5.942810000,46.655890000,720.000
5.942690000,46.655820000,720.000
5.942560000,46.655760000,720.000
5.942490000,46.655730000,720.000
5.942400000,46.655690000,720.000
5.942140000,46.655580000,720.000
5.941860000,46.655470000,720.000
5.941650000,46.655390000,720.000
5.941430000,46.655300000,720.000
5.941330000,46.655250000,720.000
5.941230000,46.655190000,718.000
5.941150000,46.655130000,719.000
5.941060000,46.655050000,719.000
5.941010000,46.654980000,719.000
5.940960000,46.654890000,719.000
5.940950000,46.654840000,719.000
5.940940000,46.654780000,719.000
5.940940000,46.654720000,719.000
5.940940000,46.654640000,719.000
5.940960000,46.654520000,719.000
5.941020000,46.654360000,720.000
5.941030000,46.654350000,720.000
5.941120000,46.654120000,720.000
5.941130000,46.654090000,720.000
5.941270000,46.653730000,720.000
5.941330000,46.653590000,721.000
5.941370000,46.653470000,720.000
5.941490000,46.653150000,721.000
5.941490000,46.653140000,721.000
5.941510000,46.653100000,722.000
5.941570000,46.652900000,722.000
5.941840000,46.652040000,722.000
5.941930000,46.651790000,723.000
5.941990000,46.651610000,724.000
5.942000000,46.651600000,725.000
5.942050000,46.651440000,725.000
5.942110000,46.651220000,725.000
5.942200000,46.650950000,726.000
5.942210000,46.650910000,726.000
5.942230000,46.650780000,727.000
5.942240000,46.650730000,727.000
5.942250000,46.650560000,728.000
5.942240000,46.650370000,728.000
5.942240000,46.650190000,728.000
5.942240000,46.650120000,729.000
5.942230000,46.650010000,729.000
5.942220000,46.649830000,729.000
5.942190000,46.649490000,730.000
5.942170000,46.649120000,730.000
5.942160000,46.649000000,730.000
5.942150000,46.648910000,730.000
5.942140000,46.648840000,730.000
5.942120000,46.648780000,730.000
5.942100000,46.648720000,730.000
5.942070000,46.648670000,730.000
5.942060000,46.648650000,730.000
5.942030000,46.648600000,730.000
5.941970000,46.648530000,730.000
5.941900000,46.648460000,730.000
5.941820000,46.648380000,730.000
5.941620000,46.648170000,730.000
5.941460000,46.647970000,730.000
5.941390000,46.647880000,730.000
5.941280000,46.647720000,730.000
5.941230000,46.647650000,730.000
5.941070000,46.647390000,730.000
5.940950000,46.647150000,729.000
5.940880000,46.646980000,729.000
5.940810000,46.646830000,729.000
5.940770000,46.646700000,728.000
5.940760000,46.646640000,728.000
5.940730000,46.646520000,727.000
5.940700000,46.646380000,727.000
5.940690000,46.646340000,727.000
5.940630000,46.646040000,726.000
5.940590000,46.645810000,726.000
5.940590000,46.645790000,726.000
5.940550000,46.645630000,726.000
5.940480000,46.645270000,726.000
5.940400000,46.644820000,726.000
5.940350000,46.644560000,726.000
5.940320000,46.644410000,727.000
5.940310000,46.644380000,727.000
5.940230000,46.643970000,725.000
5.940140000,46.643520000,726.000
5.940050000,46.643080000,725.000
5.939990000,46.642720000,724.000
5.939980000,46.642530000,723.000
5.940000000,46.642320000,721.000
5.940000000,46.642300000,719.000
5.940050000,46.642110000,719.000
5.940070000,46.642080000,717.000
5.940120000,46.641950000,716.000
5.940280000,46.641710000,714.000
5.940450000,46.641460000,713.000
5.940850000,46.640920000,712.000
5.940890000,46.640880000,712.000
5.941110000,46.640560000,711.000
5.941280000,46.640320000,714.000
5.941320000,46.640280000,712.000
5.941340000,46.640250000,711.000
5.941470000,46.640080000,711.000
5.941690000,46.639760000,710.000
5.941890000,46.639490000,710.000
5.942020000,46.639310000,710.000
5.942060000,46.639250000,710.000
5.942130000,46.639150000,710.000
5.942250000,46.638990000,710.000
5.942280000,46.638940000,710.000
5.942490000,46.638670000,713.000
5.942500000,46.638650000,712.000
5.942850000,46.638160000,712.000
5.942990000,46.638000000,713.000
5.943340000,46.637570000,715.000
5.943360000,46.637540000,716.000
5.943740000,46.637100000,718.000
5.943810000,46.637000000,724.000
5.943880000,46.636900000,724.000
5.943990000,46.636780000,725.000
5.944180000,46.636560000,725.000
5.944330000,46.636430000,725.000
5.944550000,46.636310000,724.000
5.944670000,46.636260000,724.000
5.944810000,46.636210000,723.000
5.944880000,46.636190000,722.000
5.944940000,46.636170000,722.000
5.944970000,46.636170000,721.000
5.945080000,46.636170000,720.000
5.945240000,46.636130000,720.000
5.945400000,46.636090000,719.000
5.945600000,46.636050000,718.000
5.945840000,46.635990000,719.000
5.945860000,46.635990000,718.000
5.946030000,46.635930000,717.000
5.946220000,46.635860000,716.000
5.946400000,46.635760000,716.000
5.946420000,46.635750000,717.000
5.946610000,46.635640000,717.000
5.946610000,46.635630000,718.000
5.946760000,46.635530000,719.000
5.946790000,46.635500000,719.000
5.946900000,46.635400000,720.000
5.946940000,46.635350000,721.000
5.947010000,46.635260000,722.000
5.947140000,46.635070000,723.000
5.947240000,46.634870000,725.000
5.947280000,46.634730000,726.000
5.947300000,46.634630000,728.000
5.947310000,46.634450000,735.000
5.947300000,46.634320000,734.000
5.947300000,46.634280000,734.000
5.947260000,46.634110000,734.000
5.947210000,46.633970000,735.000
5.947190000,46.633940000,735.000
5.947110000,46.633800000,735.000
5.947060000,46.633710000,735.000
5.946950000,46.633550000,735.000
5.946870000,46.633370000,735.000
5.946820000,46.633200000,735.000
5.946800000,46.633120000,735.000
5.946790000,46.633060000,735.000
5.946800000,46.632940000,735.000
5.946800000,46.632910000,735.000
5.946830000,46.632790000,735.000
5.946880000,46.632690000,741.000
5.946970000,46.632510000,739.000
5.947100000,46.632340000,738.000
5.947240000,46.632230000,737.000
5.947310000,46.632180000,737.000
5.947410000,46.632130000,737.000
5.947570000,46.632040000,737.000
5.947730000,46.631960000,738.000
5.947880000,46.631860000,738.000
5.948050000,46.631740000,739.000
5.948190000,46.631610000,740.000
5.948250000,46.631550000,740.000
5.948310000,46.631480000,741.000
5.948360000,46.631410000,742.000
5.948420000,46.631300000,742.000
5.948460000,46.631180000,748.000
5.948490000,46.631020000,747.000
5.948550000,46.630700000,747.000
5.948560000,46.630650000,747.000
5.948570000,46.630620000,748.000
5.948600000,46.630550000,748.000
5.948630000,46.630480000,749.000
5.948680000,46.630410000,749.000
5.948730000,46.630350000,750.000
5.948780000,46.630290000,751.000
5.948850000,46.630230000,751.000
5.948930000,46.630180000,752.000
5.949000000,46.630140000,752.000
5.949100000,46.630090000,753.000
5.949250000,46.630030000,753.000
5.949400000,46.629990000,754.000
5.949460000,46.629970000,755.000
5.949530000,46.629960000,755.000
5.949600000,46.629950000,756.000
5.950040000,46.629890000,761.000
5.950270000,46.629840000,761.000
5.950460000,46.629780000,761.000
5.950690000,46.629680000,761.000
5.950710000,46.629670000,762.000
5.950870000,46.629580000,763.000
5.951040000,46.629470000,764.000
5.951150000,46.629370000,766.000
5.951260000,46.629240000,767.000
5.951350000,46.629120000,769.000
5.951460000,46.628910000,771.000
5.951520000,46.628750000,773.000
5.951560000,46.628590000,775.000
5.951560000,46.628450000,782.000
5.951540000,46.628350000,782.000
5.951490000,46.628230000,782.000
5.951440000,46.628140000,782.000
5.951380000,46.628060000,783.000
5.951270000,46.627890000,783.000
5.951240000,46.627820000,783.000
5.951230000,46.627800000,784.000
5.951190000,46.627680000,784.000
5.951200000,46.627550000,784.000
5.951230000,46.627410000,784.000
5.951300000,46.627290000,784.000
5.951350000,46.627230000,784.000
5.951460000,46.627140000,784.000
5.951560000,46.627080000,784.000
5.951670000,46.627020000,784.000
5.951830000,46.626970000,784.000
5.951990000,46.626940000,786.000
5.952150000,46.626940000,786.000
5.952340000,46.626950000,786.000
5.952660000,46.626980000,786.000
5.952750000,46.626980000,786.000
5.952960000,46.626980000,786.000
5.953070000,46.626970000,786.000
5.953170000,46.626950000,786.000
5.953260000,46.626910000,787.000
5.953350000,46.626880000,787.000
5.953610000,46.626710000,787.000
5.953790000,46.626580000,788.000
5.953990000,46.626460000,788.000
5.954100000,46.626390000,788.000
5.954230000,46.626330000,789.000
5.954490000,46.626210000,793.000
5.954780000,46.626090000,792.000
5.954990000,46.625980000,792.000
5.955350000,46.625770000,792.000
5.955650000,46.625600000,793.000
5.956010000,46.625390000,793.000
5.956320000,46.625200000,794.000
5.956570000,46.625070000,799.000
5.956590000,46.625050000,798.000
5.956590000,46.625050000,798.000
5.956790000,46.624950000,798.000
5.957130000,46.624760000,799.000
5.957190000,46.624730000,800.000
5.957340000,46.624660000,801.000
5.957630000,46.624510000,802.000
5.957980000,46.624320000,803.000
5.958170000,46.624220000,805.000
5.958370000,46.624100000,807.000
5.958380000,46.624090000,809.000
5.958690000,46.623880000,812.000
5.959090000,46.623590000,813.000
5.959100000,46.623580000,814.000
5.959280000,46.623460000,815.000
5.959620000,46.623190000,814.000
5.959780000,46.623060000,814.000
5.959900000,46.622960000,813.000
5.960030000,46.622840000,812.000
5.960070000,46.622790000,811.000
5.960090000,46.622770000,810.000
5.960140000,46.622670000,810.000
5.960170000,46.622540000,809.000
5.960190000,46.622450000,812.000
5.960210000,46.622390000,810.000
5.960250000,46.622200000,809.000
5.960310000,46.622020000,808.000
5.960350000,46.621890000,807.000
5.960350000,46.621800000,807.000
5.960350000,46.621670000,807.000
5.960300000,46.621380000,807.000
5.960270000,46.621150000,807.000
5.960240000,46.620990000,807.000
5.960210000,46.620840000,807.000
5.960190000,46.620730000,807.000
5.960150000,46.620540000,809.000
5.960100000,46.620220000,809.000
5.960080000,46.620090000,809.000
5.960070000,46.620040000,809.000
5.960030000,46.619870000,810.000
5.960010000,46.619720000,810.000
5.959970000,46.619510000,811.000
5.959950000,46.619390000,811.000
5.959930000,46.619330000,812.000
5.959900000,46.619150000,812.000
5.959860000,46.618980000,813.000
5.959810000,46.618770000,813.000
5.959800000,46.618730000,812.000
5.959750000,46.618570000,813.000
5.959680000,46.618430000,814.000
5.959630000,46.618320000,814.000
5.959560000,46.618210000,814.000
5.959540000,46.618180000,814.000
5.959450000,46.618050000,813.000
5.959330000,46.617890000,813.000
5.959310000,46.617860000,813.000
5.959240000,46.617740000,812.000
5.959170000,46.617630000,811.000
5.959150000,46.617550000,811.000
5.959130000,46.617480000,810.000
5.959110000,46.617380000,810.000
5.959100000,46.617330000,809.000
5.959090000,46.617220000,809.000
5.959090000,46.616790000,811.000
5.959100000,46.616660000,809.000
5.959140000,46.615890000,808.000
5.959140000,46.615780000,808.000
5.959150000,46.615710000,808.000
5.959150000,46.615580000,808.000
5.959150000,46.615490000,808.000
5.959170000,46.614810000,810.000
5.959190000,46.614610000,810.000
5.959190000,46.614560000,810.000
5.959210000,46.614490000,810.000
5.959230000,46.614390000,810.000
5.959250000,46.614280000,810.000
5.959280000,46.614170000,810.000
5.959300000,46.614070000,810.000
5.959360000,46.613840000,810.000
5.959380000,46.613730000,810.000
5.959440000,46.613510000,809.000
5.959530000,46.613150000,809.000
5.959550000,46.613060000,808.000
5.959570000,46.613010000,811.000
5.959610000,46.612830000,809.000
5.959660000,46.612640000,808.000
5.959730000,46.612410000,808.000
5.959760000,46.612300000,807.000
5.959830000,46.612080000,807.000
5.959860000,46.612000000,807.000
5.959990000,46.611700000,807.000
5.960060000,46.611580000,807.000
5.960110000,46.611470000,807.000
5.960180000,46.611350000,807.000
5.960430000,46.610920000,809.000
5.960540000,46.610730000,808.000
5.960630000,46.610580000,808.000
5.960790000,46.610300000,808.000
5.960820000,46.610250000,808.000
5.960910000,46.610080000,808.000
5.961000000,46.609920000,808.000
5.961010000,46.609900000,809.000
5.961010000,46.609890000,809.000
5.961090000,46.609750000,809.000
5.961180000,46.609580000,810.000
5.961210000,46.609530000,810.000
5.961270000,46.609410000,811.000
5.961300000,46.609360000,811.000
5.961320000,46.609320000,811.000
5.961380000,46.609220000,814.000
5.961460000,46.609070000,814.000
5.961470000,46.609050000,814.000
5.961560000,46.608880000,814.000
5.961660000,46.608710000,814.000
5.961740000,46.608570000,814.000
5.961750000,46.608550000,815.000
5.961820000,46.608430000,816.000
5.961950000,46.608210000,816.000
5.962240000,46.607710000,817.000
5.962250000,46.607690000,818.000
5.962270000,46.607640000,819.000
5.962300000,46.607560000,820.000
5.962320000,46.607490000,824.000
5.962330000,46.607400000,824.000
5.962340000,46.607340000,824.000
5.962350000,46.607210000,824.000
5.962340000,46.606970000,824.000
5.962320000,46.606650000,823.000
5.962320000,46.606360000,823.000
5.962320000,46.606320000,822.000
5.962320000,46.606260000,822.000
5.962320000,46.605900000,822.000
5.962330000,46.605780000,821.000
5.962330000,46.605560000,823.000
5.962320000,46.605350000,822.000
5.962320000,46.605120000,822.000
5.962310000,46.605000000,821.000
5.962300000,46.604870000,821.000
5.962290000,46.604810000,821.000
5.962290000,46.604750000,821.000
5.962290000,46.604740000,822.000
5.962290000,46.604730000,822.000
5.962280000,46.604690000,822.000
5.962270000,46.604630000,822.000
5.962260000,46.604570000,823.000
5.962260000,46.604560000,823.000
5.962240000,46.604450000,823.000
5.962200000,46.604300000,823.000
5.962150000,46.604140000,824.000
5.961990000,46.603620000,825.000
5.961800000,46.602930000,825.000
5.961800000,46.602910000,826.000
5.961770000,46.602810000,826.000
5.961740000,46.602710000,827.000
5.961710000,46.602600000,827.000
5.961680000,46.602500000,827.000
5.961640000,46.602400000,827.000
5.961610000,46.602310000,827.000
5.961560000,46.602200000,827.000
5.961490000,46.602000000,827.000
5.961410000,46.601810000,827.000
5.961330000,46.601600000,827.000
5.961260000,46.601400000,827.000
5.961180000,46.601210000,827.000
5.961170000,46.601180000,827.000
5.961140000,46.601110000,827.000
5.961100000,46.601010000,827.000
5.961020000,46.600810000,827.000
5.960980000,46.600710000,827.000
5.960920000,46.600570000,827.000
5.960880000,46.600470000,827.000
5.960850000,46.600410000,827.000
5.960730000,46.600110000,827.000
5.960690000,46.600020000,827.000
5.960650000,46.599930000,827.000
5.960600000,46.599820000,827.000
5.960560000,46.599720000,827.000
5.960510000,46.599620000,827.000
5.960470000,46.599520000,827.000
5.960440000,46.599460000,827.000
5.960410000,46.599390000,828.000
5.960370000,46.599320000,828.000
5.960270000,46.599080000,828.000
5.960190000,46.598910000,828.000
5.960130000,46.598790000,829.000
5.959870000,46.598220000,829.000
5.959800000,46.598070000,830.000
5.959350000,46.597090000,831.000
5.959330000,46.597040000,833.000
5.959310000,46.596990000,835.000
5.959250000,46.596870000,837.000
5.959180000,46.596740000,839.000
5.959140000,46.596660000,840.000
5.959080000,46.596590000,842.000
5.959030000,46.596510000,842.000
5.958960000,46.596430000,844.000
5.958920000,46.596390000,845.000
5.958900000,46.596360000,846.000
5.958830000,46.596290000,846.000
5.958770000,46.596240000,847.000
5.958750000,46.596220000,848.000
5.958600000,46.596090000,848.000
5.958310000,46.595800000,848.000
5.958010000,46.595500000,849.000
5.957870000,46.595360000,849.000
5.957730000,46.595200000,849.000
5.957400000,46.594810000,849.000
5.957350000,46.594750000,849.000
5.957010000,46.594340000,850.000
5.956870000,46.594150000,850.000
5.956780000,46.594020000,850.000
5.956740000,46.593950000,850.000
5.956650000,46.593820000,850.000
5.956580000,46.593710000,850.000
5.956510000,46.593570000,850.000
5.956430000,46.593420000,850.000
5.956370000,46.593300000,850.000
5.956310000,46.593170000,853.000
5.956100000,46.592740000,852.000
5.956070000,46.592670000,852.000
5.956020000,46.592570000,853.000
5.955980000,46.592510000,853.000
5.955790000,46.592110000,854.000
5.955740000,46.591990000,854.000
5.955720000,46.591900000,855.000
5.955700000,46.591760000,856.000
5.955690000,46.591650000,857.000
5.955700000,46.591540000,857.000
5.955700000,46.591520000,858.000
5.955700000,46.591390000,863.000
5.955700000,46.591220000,862.000
5.955700000,46.591090000,862.000
5.955690000,46.590970000,862.000
5.955670000,46.590860000,862.000
5.955660000,46.590790000,863.000
5.955640000,46.590680000,863.000
5.955630000,46.590630000,864.000
5.955620000,46.590580000,864.000
5.955610000,46.590470000,864.000
5.955600000,46.590340000,865.000
5.955600000,46.590300000,866.000
5.955600000,46.590240000,866.000
5.955600000,46.590120000,867.000
5.955600000,46.590110000,867.000
5.955610000,46.590000000,867.000
5.955630000,46.589880000,868.000
5.955640000,46.589770000,869.000
5.955660000,46.589670000,869.000
5.955680000,46.589570000,872.000
5.955710000,46.589400000,872.000
5.955720000,46.589320000,872.000
5.955740000,46.589250000,873.000
5.955740000,46.589130000,873.000
5.955740000,46.589060000,873.000
5.955740000,46.588950000,874.000
5.955720000,46.588900000,875.000
5.955710000,46.588840000,875.000
5.955680000,46.588790000,876.000
5.955680000,46.588770000,876.000
5.955650000,46.588720000,877.000
5.955590000,46.588610000,877.000
5.955580000,46.588600000,878.000
5.955520000,46.588510000,878.000
5.955430000,46.588400000,879.000
5.955360000,46.588320000,880.000
5.955290000,46.588250000,880.000
5.955210000,46.588170000,881.000
5.955130000,46.588100000,881.000
5.955070000,46.588050000,882.000
5.954980000,46.587970000,883.000
5.954920000,46.587930000,880.000
5.954840000,46.587870000,882.000
5.954740000,46.587790000,883.000
5.954590000,46.587690000,884.000
5.954450000,46.587590000,885.000
5.954320000,46.587510000,886.000
5.954290000,46.587490000,887.000
5.954190000,46.587420000,887.000
5.954140000,46.587390000,888.000
5.953980000,46.587280000,889.000
5.953840000,46.587180000,889.000
5.953730000,46.587090000,890.000
5.953650000,46.587030000,890.000
5.953560000,46.586950000,891.000
5.953480000,46.586870000,891.000
5.953390000,46.586770000,892.000
5.953320000,46.586670000,892.000
5.953260000,46.586550000,889.000
5.953240000,46.586490000,891.000
5.953210000,46.586420000,892.000
5.953200000,46.586360000,892.000
5.953190000,46.586300000,893.000
5.953190000,46.586230000,893.000
5.953180000,46.586120000,892.000
5.953190000,46.586030000,892.000
5.953190000,46.586010000,891.000
5.953210000,46.585850000,891.000
5.953220000,46.585840000,890.000
5.953220000,46.585750000,889.000
5.953230000,46.585670000,888.000
5.953230000,46.585620000,888.000
5.953230000,46.585490000,887.000
5.953210000,46.585340000,886.000
5.953200000,46.585220000,885.000
5.953180000,46.585100000,884.000
5.953160000,46.584900000,882.000
5.953150000,46.584770000,881.000
5.953130000,46.584590000,880.000
5.953130000,46.584540000,878.000
5.953060000,46.583880000,877.000
5.953020000,46.583790000,877.000
5.952980000,46.583660000,877.000
5.952950000,46.583610000,877.000
5.952930000,46.583570000,877.000
5.952830000,46.583490000,877.000
5.952830000,46.583490000,877.000
5.952820000,46.583480000,877.000
5.952810000,46.583480000,877.000
5.952790000,46.583470000,877.000
5.952780000,46.583460000,877.000
5.952770000,46.583450000,877.000
5.952760000,46.583440000,877.000
5.952750000,46.583440000,877.000
5.952740000,46.583430000,877.000
5.952730000,46.583410000,877.000
5.952720000,46.583390000,877.000
5.952710000,46.583380000,877.000
5.952710000,46.583360000,877.000
5.952700000,46.583340000,878.000
5.952700000,46.583330000,878.000
5.952700000,46.583310000,878.000
5.952710000,46.583300000,878.000
5.952710000,46.583280000,878.000
5.952720000,46.583270000,878.000
5.952730000,46.583250000,878.000
5.952740000,46.583240000,878.000
5.952750000,46.583220000,878.000
5.952760000,46.583210000,878.000
5.952780000,46.583200000,878.000
5.952790000,46.583190000,878.000
5.952810000,46.583180000,878.000
5.952830000,46.583170000,878.000
5.952850000,46.583160000,878.000
5.952870000,46.583150000,878.000
5.952890000,46.583150000,879.000
5.952910000,46.583140000,879.000
5.952940000,46.583140000,879.000
5.952960000,46.583140000,879.000
5.952980000,46.583140000,879.000
5.953010000,46.583140000,879.000
5.953030000,46.583140000,879.000
5.953050000,46.583140000,879.000
5.953070000,46.583140000,879.000
5.953100000,46.583150000,879.000
5.953120000,46.583160000,879.000
5.953140000,46.583160000,879.000
5.953160000,46.583170000,879.000
5.953170000,46.583180000,879.000
5.953180000,46.583190000,880.000
5.953190000,46.583190000,880.000
5.953200000,46.583200000,880.000
5.953210000,46.583210000,880.000
5.953220000,46.583220000,880.000
5.953230000,46.583230000,880.000
5.953330000,46.583240000,880.000
5.953410000,46.583240000,880.000
5.953550000,46.583240000,881.000
5.953720000,46.583230000,881.000
5.953880000,46.583220000,882.000
5.954450000,46.583150000,883.000
5.954990000,46.583090000,884.000
5.955680000,46.583000000,886.000
5.955740000,46.582990000,889.000
5.955940000,46.582970000,891.000
5.956200000,46.582940000,892.000
5.956400000,46.582920000,892.000
5.956450000,46.582910000,893.000
5.956710000,46.582880000,893.000
5.956850000,46.582860000,893.000
5.956970000,46.582840000,893.000
5.957020000,46.582830000,893.000
5.957170000,46.582790000,892.000
5.957220000,46.582780000,892.000
5.957360000,46.582750000,892.000
5.957460000,46.582710000,891.000
5.957490000,46.582710000,891.000
5.957690000,46.582630000,891.000
5.957780000,46.582610000,890.000
5.957920000,46.582540000,890.000
5.958030000,46.582490000,890.000
5.958240000,46.582380000,891.000
5.958330000,46.582330000,890.000
5.958350000,46.582310000,889.000
5.958520000,46.582200000,889.000
5.958560000,46.582180000,888.000
5.958690000,46.582060000,888.000
5.958700000,46.582050000,888.000
5.958850000,46.581910000,888.000
5.958970000,46.581760000,888.000
5.959020000,46.581700000,888.000
5.959090000,46.581600000,888.000
5.959210000,46.581440000,888.000
5.959260000,46.581380000,888.000
5.959330000,46.581280000,888.000
5.959510000,46.581050000,888.000
5.959700000,46.580800000,890.000
5.959780000,46.580690000,889.000
5.959820000,46.580640000,889.000
5.959940000,46.580490000,889.000
5.960060000,46.580330000,889.000
5.960070000,46.580330000,889.000
5.960200000,46.580170000,889.000
5.960360000,46.579980000,890.000
5.960470000,46.579860000,890.000
5.960550000,46.579780000,890.000
5.960620000,46.579720000,890.000
5.960680000,46.579670000,890.000
5.960800000,46.579580000,891.000
5.960940000,46.579480000,891.000
5.961090000,46.579390000,891.000
5.961230000,46.579310000,893.000
5.961410000,46.579220000,893.000
5.961550000,46.579160000,893.000
5.961610000,46.579140000,893.000
5.961790000,46.579070000,893.000
5.962040000,46.578970000,894.000
5.962300000,46.578880000,895.000
5.962620000,46.578770000,896.000
5.963000000,46.578640000,897.000
5.963180000,46.578570000,899.000
5.963240000,46.578560000,900.000
5.963770000,46.578380000,901.000
5.963940000,46.578320000,903.000
5.964160000,46.578240000,904.000
5.964350000,46.578170000,905.000
5.964800000,46.578000000,906.000
5.965130000,46.577780000,906.000
5.965130000,46.577780000,907.000
5.965130000,46.577770000,908.000
5.965130000,46.577760000,908.000
5.965120000,46.577750000,908.000
5.965120000,46.577740000,908.000
5.965120000,46.577730000,908.000
5.965120000,46.577720000,908.000
5.965130000,46.577720000,908.000
5.965130000,46.577710000,908.000
5.965130000,46.577690000,908.000
5.965140000,46.577670000,908.000
5.965150000,46.577650000,908.000
5.965160000,46.577640000,908.000
5.965180000,46.577620000,908.000
5.965200000,46.577610000,908.000
5.965220000,46.577600000,908.000
5.965240000,46.577580000,908.000
5.965280000,46.577570000,908.000
5.965290000,46.577560000,908.000
5.965300000,46.577560000,908.000
5.965310000,46.577550000,908.000
5.965320000,46.577550000,908.000
5.965330000,46.577550000,908.000
5.965340000,46.577540000,908.000
5.965350000,46.577540000,908.000
5.965370000,46.577540000,908.000
5.965400000,46.577540000,908.000
5.965420000,46.577540000,908.000
5.965440000,46.577550000,908.000
5.965470000,46.577550000,908.000
5.965490000,46.577550000,908.000
5.965510000,46.577560000,908.000
5.965530000,46.577570000,908.000
5.965550000,46.577570000,908.000
5.965570000,46.577580000,908.000
5.965600000,46.577600000,908.000
5.965610000,46.577610000,908.000
5.965620000,46.577610000,908.000
5.965620000,46.577620000,908.000
5.965630000,46.577630000,908.000
5.965640000,46.577630000,908.000
5.965640000,46.577640000,908.000
5.965650000,46.577650000,908.000
5.966140000,46.577730000,908.000
5.966390000,46.577740000,908.000
5.966670000,46.577740000,908.000
5.966720000,46.577740000,907.000
5.967020000,46.577750000,907.000
5.967340000,46.577760000,906.000
5.967750000,46.577740000,905.000
5.968290000,46.577700000,903.000
5.968550000,46.577650000,901.000
5.969010000,46.577540000,898.000
5.969420000,46.577410000,896.000
5.969910000,46.577250000,894.000
5.970270000,46.577100000,892.000
5.970290000,46.577090000,890.000
5.970360000,46.577070000,888.000
5.970590000,46.576980000,886.000
5.970920000,46.576870000,885.000
5.971230000,46.576740000,883.000
5.971340000,46.576680000,883.000
5.971700000,46.576540000,881.000
5.971960000,46.576440000,880.000
5.972200000,46.576340000,879.000
5.972400000,46.576260000,878.000
5.972770000,46.576130000,877.000
5.973090000,46.576010000,877.000
5.973140000,46.575980000,877.000
5.973200000,46.575920000,877.000
5.973250000,46.575890000,877.000
5.973260000,46.575870000,877.000
5.973270000,46.575870000,877.000
5.973320000,46.575820000,877.000
5.973380000,46.575760000,877.000
5.973410000,46.575710000,877.000
5.973450000,46.575650000,878.000
5.973500000,46.575540000,877.000
5.973570000,46.575430000,877.000
5.973610000,46.575350000,877.000
5.973640000,46.575280000,877.000
5.973670000,46.575230000,877.000
5.973720000,46.575160000,877.000
5.973760000,46.575100000,876.000
5.973800000,46.575070000,876.000
5.973840000,46.575020000,876.000
5.973890000,46.574990000,876.000
5.973930000,46.574960000,876.000
5.974000000,46.574920000,876.000
5.974050000,46.574890000,876.000
5.974170000,46.574830000,876.000
5.974340000,46.574770000,875.000
5.974380000,46.574750000,875.000
5.974570000,46.574680000,875.000
5.974620000,46.574660000,875.000
5.974810000,46.574590000,875.000
5.975020000,46.574500000,874.000
5.975230000,46.574420000,875.000
5.975390000,46.574350000,874.000
5.975440000,46.574330000,874.000
5.975520000,46.574300000,874.000
5.975630000,46.574260000,874.000
5.975720000,46.574220000,875.000
5.975790000,46.574200000,875.000
5.975860000,46.574180000,875.000
5.975970000,46.574150000,876.000
5.976020000,46.574140000,876.000
5.976080000,46.574130000,877.000
5.976160000,46.574110000,877.000
5.976240000,46.574110000,878.000
5.976340000,46.574100000,878.000
5.976410000,46.574100000,878.000
5.976480000,46.574090000,879.000
5.976560000,46.574100000,879.000
5.976650000,46.574100000,880.000
5.976770000,46.574110000,880.000
5.976890000,46.574120000,881.000
5.977020000,46.574150000,881.000
5.977180000,46.574190000,882.000
5.977330000,46.574230000,883.000
5.977530000,46.574270000,883.000
5.977660000,46.574290000,884.000
5.977740000,46.574310000,885.000
5.977840000,46.574320000,886.000
5.978030000,46.574350000,886.000
5.978150000,46.574360000,887.000
5.978280000,46.574370000,888.000
5.978420000,46.574370000,888.000
5.978550000,46.574380000,889.000
5.978680000,46.574370000,889.000
5.978700000,46.574370000,889.000
5.978830000,46.574370000,890.000
5.978940000,46.574370000,890.000
5.979170000,46.574350000,891.000
5.979200000,46.574350000,891.000
5.979270000,46.574350000,891.000
5.979370000,46.574350000,892.000
5.979470000,46.574340000,892.000
5.979620000,46.574340000,892.000
5.979690000,46.574350000,893.000
5.979790000,46.574350000,893.000
5.979860000,46.574360000,893.000
5.979970000,46.574370000,894.000
5.979990000,46.574370000,894.000
5.980090000,46.574390000,894.000
5.980200000,46.574410000,894.000
5.980240000,46.574420000,894.000
5.980320000,46.574430000,895.000
5.980430000,46.574470000,894.000
5.980480000,46.574490000,894.000
5.980520000,46.574500000,895.000
5.980530000,46.574510000,896.000
5.980640000,46.574560000,896.000
5.980700000,46.574590000,896.000
5.980720000,46.574600000,897.000
5.980800000,46.574640000,897.000
5.980900000,46.574700000,898.000
5.980990000,46.574760000,898.000
5.981060000,46.574810000,899.000
5.981140000,46.574870000,900.000
5.981160000,46.574880000,900.000
5.981270000,46.574960000,901.000
5.981380000,46.575030000,901.000
5.981540000,46.575130000,902.000
5.981680000,46.575210000,903.000
5.981830000,46.575280000,904.000
5.981970000,46.575340000,905.000
5.982100000,46.575390000,906.000
5.982170000,46.575420000,907.000
5.982210000,46.575430000,908.000
5.982230000,46.575440000,909.000
5.982370000,46.575480000,910.000
5.982490000,46.575520000,911.000
5.982660000,46.575570000,913.000
5.982690000,46.575580000,913.000
5.982890000,46.575620000,914.000
5.982940000,46.575630000,914.000
5.983090000,46.575660000,915.000
5.983220000,46.575670000,915.000
5.983350000,46.575690000,915.000
5.983460000,46.575690000,916.000
5.983600000,46.575690000,916.000
5.983730000,46.575690000,916.000
5.983880000,46.575690000,917.000
5.984060000,46.575670000,917.000
5.984230000,46.575650000,917.000
5.984400000,46.575630000,918.000
5.984490000,46.575610000,918.000
5.984590000,46.575590000,918.000
5.984740000,46.575560000,918.000
5.984960000,46.575490000,919.000
5.985140000,46.575430000,919.000
5.985350000,46.575350000,922.000
5.985630000,46.575220000,921.000
5.985740000,46.575160000,921.000
5.985850000,46.575090000,921.000
5.985980000,46.575000000,920.000
5.986100000,46.574900000,920.000
5.986230000,46.574800000,919.000
5.986390000,46.574670000,919.000
5.986540000,46.574540000,919.000
5.986700000,46.574410000,918.000
5.986810000,46.574310000,918.000
5.986920000,46.574230000,917.000
5.987130000,46.574070000,917.000
5.987300000,46.573920000,922.000
5.987470000,46.573760000,920.000
5.988100000,46.573160000,919.000
5.988250000,46.573000000,920.000
5.988380000,46.572870000,921.000
5.988570000,46.572700000,923.000
5.988870000,46.572400000,931.000
5.989280000,46.572000000,931.000
5.989410000,46.571870000,932.000
5.989540000,46.571730000,933.000
5.989770000,46.571490000,934.000
5.990120000,46.571150000,935.000
5.990140000,46.571130000,936.000
5.990440000,46.570850000,944.000
5.990680000,46.570600000,943.000
5.991380000,46.569940000,942.000
5.991600000,46.569730000,942.000
5.991790000,46.569520000,943.000
5.991920000,46.569380000,944.000
5.992050000,46.569250000,951.000
5.992210000,46.569090000,950.000
5.992400000,46.568930000,949.000
5.992520000,46.568820000,949.000
5.992740000,46.568640000,949.000
5.992990000,46.568440000,950.000
5.993380000,46.568150000,951.000
5.993820000,46.567850000,959.000
5.994190000,46.567660000,958.000
5.994360000,46.567580000,958.000
5.994560000,46.567500000,958.000
5.994930000,46.567380000,958.000
5.995110000,46.567320000,959.000
5.995290000,46.567260000,960.000
5.995460000,46.567200000,961.000
5.995510000,46.567180000,962.000
5.995650000,46.567130000,963.000
5.995740000,46.567090000,964.000
5.996020000,46.566980000,965.000
5.996190000,46.566910000,972.000
5.996410000,46.566820000,970.000
5.996640000,46.566730000,970.000
5.996700000,46.566700000,970.000
5.997040000,46.566550000,970.000
5.997520000,46.566340000,970.000
5.997720000,46.566240000,970.000
5.997730000,46.566240000,971.000
5.997950000,46.566130000,971.000
5.998330000,46.565950000,971.000
5.998850000,46.565690000,978.000
5.999400000,46.565370000,977.000
5.999580000,46.565270000,977.000
5.999930000,46.565080000,978.000
6.000600000,46.564750000,981.000
6.000640000,46.564710000,983.000
6.000650000,46.564700000,986.000
6.000670000,46.564680000,988.000
6.000720000,46.564660000,990.000
6.000760000,46.564640000,991.000
6.000910000,46.564570000,995.000
6.001370000,46.564440000,996.000
6.001890000,46.564320000,996.000
6.002000000,46.564300000,996.000
6.002140000,46.564270000,996.000
6.002230000,46.564250000,996.000
6.002390000,46.564210000,996.000
6.002870000,46.564100000,996.000
6.003040000,46.564050000,996.000
6.003470000,46.563940000,998.000
6.003680000,46.563870000,997.000
6.003790000,46.563840000,996.000
6.004150000,46.563750000,995.000
6.004240000,46.563720000,993.000
6.004250000,46.563720000,992.000
6.004390000,46.563670000,991.000
6.004480000,46.563650000,990.000
6.004590000,46.563610000,988.000
6.004630000,46.563600000,987.000
6.004710000,46.563570000,986.000
6.004790000,46.563540000,985.000
6.004860000,46.563510000,984.000
6.004940000,46.563480000,983.000
6.005360000,46.563280000,982.000
6.005680000,46.563120000,980.000
6.005970000,46.562930000,983.000
6.006010000,46.562900000,979.000
6.006140000,46.562790000,975.000
6.006300000,46.562670000,972.000
6.006380000,46.562600000,970.000
6.006410000,46.562580000,968.000
6.006430000,46.562560000,966.000
6.006450000,46.562550000,965.000
6.006470000,46.562540000,964.000
6.006500000,46.562540000,963.000
6.006600000,46.562440000,962.000
6.006820000,46.562210000,961.000
6.006990000,46.561960000,960.000
6.007050000,46.561870000,959.000
6.007130000,46.561760000,957.000
6.007300000,46.561390000,966.000
6.007610000,46.560480000,961.000
6.008090000,46.559570000,963.000
6.008460000,46.558960000,958.000
6.008520000,46.558890000,954.000
6.008590000,46.558760000,951.000
6.008600000,46.558740000,949.000
6.008650000,46.558670000,947.000
6.008690000,46.558630000,946.000
6.008840000,46.558420000,945.000
6.008920000,46.558340000,944.000
6.008990000,46.558270000,943.000
6.009050000,46.558210000,943.000
6.009060000,46.558190000,942.000
6.009150000,46.558130000,941.000
6.009590000,46.557830000,946.000
6.009950000,46.557650000,944.000
6.010480000,46.557440000,942.000
6.010490000,46.557430000,940.000
6.011000000,46.557270000,938.000
6.011280000,46.557170000,937.000
6.011370000,46.557140000,935.000
6.011420000,46.557120000,934.000
6.011580000,46.557050000,933.000
6.011670000,46.556980000,932.000
6.011680000,46.556980000,932.000
6.011780000,46.556930000,931.000
6.011840000,46.556900000,933.000
6.011910000,46.556860000,932.000
6.011980000,46.556820000,931.000
6.012000000,46.556800000,930.000
6.012170000,46.556690000,929.000
6.012190000,46.556680000,929.000
6.012350000,46.556570000,928.000
6.012430000,46.556510000,927.000
6.012690000,46.556320000,927.000
6.012790000,46.556220000,926.000
6.012920000,46.556110000,925.000
6.013100000,46.555930000,924.000
6.013190000,46.555840000,923.000
6.013270000,46.555760000,922.000
6.013360000,46.555650000,921.000
6.013550000,46.555360000,921.000
6.013590000,46.555300000,919.000
6.013690000,46.555120000,918.000
6.013710000,46.555090000,916.000
6.013780000,46.554940000,915.000
6.013810000,46.554870000,914.000
6.013850000,46.554760000,912.000
6.013890000,46.554630000,911.000
6.013910000,46.554570000,909.000
6.013940000,46.554460000,908.000
6.013960000,46.554380000,906.000
6.013970000,46.554350000,905.000
6.013990000,46.554250000,904.000
6.014030000,46.554200000,903.000
6.014050000,46.554180000,902.000
6.014070000,46.554000000,901.000
6.014090000,46.553830000,899.000
6.014090000,46.553820000,898.000
6.014100000,46.553650000,897.000
6.014140000,46.553350000,900.000
6.014190000,46.552960000,897.000
6.014190000,46.552920000,894.000
6.014210000,46.552820000,892.000
6.014210000,46.552780000,891.000
6.014220000,46.552740000,890.000
6.014240000,46.552610000,889.000
6.014240000,46.552560000,888.000
6.014260000,46.552440000,887.000
6.014270000,46.552380000,887.000
6.014280000,46.552310000,887.000
6.014290000,46.552260000,887.000
6.014320000,46.552020000,886.000
6.014330000,46.551920000,886.000
6.014340000,46.551870000,886.000
6.014350000,46.551850000,886.000
6.014370000,46.551740000,886.000
6.014380000,46.551650000,886.000
6.014430000,46.551480000,889.000
6.014500000,46.551260000,887.000
6.014530000,46.551170000,886.000
6.014560000,46.551070000,886.000
6.014670000,46.550730000,885.000
6.014800000,46.550460000,884.000
6.014800000,46.550450000,883.000
6.014880000,46.550320000,883.000
6.014980000,46.550190000,882.000
6.015110000,46.550030000,881.000
6.015130000,46.550000000,881.000
6.015170000,46.549970000,880.000
6.015210000,46.549930000,879.000
6.015260000,46.549890000,879.000
6.015360000,46.549740000,884.000
6.015440000,46.549680000,882.000
6.015610000,46.549550000,880.000
6.015670000,46.549510000,879.000
6.015790000,46.549420000,878.000
6.015970000,46.549290000,878.000
6.015980000,46.549290000,877.000
6.016260000,46.549080000,877.000
6.016430000,46.548920000,877.000
6.016550000,46.548790000,876.000
6.016660000,46.548640000,876.000
6.016720000,46.548560000,876.000
6.016870000,46.548270000,879.000
6.016960000,46.548080000,878.000
6.017060000,46.547860000,877.000
6.017170000,46.547590000,876.000
6.017270000,46.547340000,875.000
6.017360000,46.547100000,874.000
6.017440000,46.546780000,873.000
6.017440000,46.546720000,872.000
6.017460000,46.546540000,871.000
6.017460000,46.546520000,873.000
6.017440000,46.546360000,871.000
6.017430000,46.546180000,870.000
6.017400000,46.545810000,869.000
6.017370000,46.545420000,868.000
6.017370000,46.545240000,867.000
6.017390000,46.545120000,867.000
6.017400000,46.545100000,866.000
6.017420000,46.545000000,866.000
6.017460000,46.544880000,865.000
6.017510000,46.544750000,864.000
6.017600000,46.544570000,866.000
6.017690000,46.544330000,865.000
6.017730000,46.544210000,865.000
6.017740000,46.544110000,864.000
6.017730000,46.544050000,864.000
6.017710000,46.543950000,864.000
6.017690000,46.543880000,865.000
6.017670000,46.543830000,865.000
6.017650000,46.543790000,865.000
6.017630000,46.543770000,865.000
6.017600000,46.543740000,866.000
6.017540000,46.543680000,866.000
6.017470000,46.543640000,866.000
6.017470000,46.543640000,867.000
6.017460000,46.543640000,867.000
6.017440000,46.543640000,867.000
6.017430000,46.543640000,867.000
6.017420000,46.543640000,867.000
6.017400000,46.543640000,867.000
6.017390000,46.543640000,867.000
6.017370000,46.543640000,867.000
6.017360000,46.543630000,867.000
6.017330000,46.543630000,867.000
6.017310000,46.543620000,867.000
6.017300000,46.543610000,868.000
6.017280000,46.543610000,868.000
6.017260000,46.543600000,868.000
6.017250000,46.543590000,868.000
6.017240000,46.543580000,868.000
6.017220000,46.543570000,868.000
6.017200000,46.543540000,868.000
6.017200000,46.543530000,868.000
6.017190000,46.543520000,868.000
6.017180000,46.543500000,868.000
6.017180000,46.543490000,868.000
6.017180000,46.543480000,868.000
6.017180000,46.543460000,869.000
6.017180000,46.543450000,869.000
6.017180000,46.543440000,869.000
6.017180000,46.543420000,869.000
6.017190000,46.543410000,869.000
6.017200000,46.543400000,869.000
6.017200000,46.543380000,869.000
6.017210000,46.543370000,869.000
6.017230000,46.543360000,869.000
6.017240000,46.543350000,869.000
6.017250000,46.543340000,869.000
6.017270000,46.543330000,869.000
6.017240000,46.543150000,870.000
6.017220000,46.542980000,869.000
6.017140000,46.542840000,869.000
6.017120000,46.542790000,870.000
6.017100000,46.542740000,870.000
6.017090000,46.542680000,870.000
6.017080000,46.542630000,870.000
6.017080000,46.542580000,870.000
6.017080000,46.542510000,870.000
6.017080000,46.542440000,870.000
6.017090000,46.542400000,870.000
6.017110000,46.542200000,869.000
6.017140000,46.542030000,869.000
6.017150000,46.541940000,869.000
6.017150000,46.541800000,868.000
6.017140000,46.541700000,867.000
6.017120000,46.541590000,867.000
6.017090000,46.541530000,866.000
6.017050000,46.541460000,866.000
6.016950000,46.541320000,865.000
6.016820000,46.541170000,863.000
6.016780000,46.541120000,863.000
6.016690000,46.541020000,863.000
6.016620000,46.540950000,862.000
6.016480000,46.540800000,861.000
6.016420000,46.540730000,860.000
6.016330000,46.540650000,859.000
6.016190000,46.540530000,858.000
6.016140000,46.540470000,857.000
6.016100000,46.540370000,856.000
6.016080000,46.540240000,855.000
6.016080000,46.540180000,854.000
6.016080000,46.540120000,853.000
6.016090000,46.539980000,852.000
6.016100000,46.539910000,851.000
6.016110000,46.539810000,850.000
6.016130000,46.539750000,849.000
6.016160000,46.539670000,849.000
6.016190000,46.539560000,848.000
6.016260000,46.539440000,848.000
6.016290000,46.539390000,847.000
6.016310000,46.539350000,846.000
6.016320000,46.539310000,845.000
6.016330000,46.539270000,844.000
6.016330000,46.539230000,843.000
6.016320000,46.539180000,843.000
6.016320000,46.539130000,842.000
6.016300000,46.539080000,841.000
6.016280000,46.539030000,841.000
6.016240000,46.538960000,840.000
6.016220000,46.538920000,840.000
6.016170000,46.538860000,839.000
6.016100000,46.538760000,838.000
6.016040000,46.538670000,838.000
6.015980000,46.538570000,837.000
6.015930000,46.538490000,836.000
6.015910000,46.538450000,835.000
6.015900000,46.538410000,834.000
6.015880000,46.538370000,834.000
6.015880000,46.538340000,833.000
6.015870000,46.538270000,832.000
6.015890000,46.538170000,832.000
6.015990000,46.537830000,831.000
6.016070000,46.537530000,832.000
6.016100000,46.537410000,829.000
6.016070000,46.537320000,827.000
6.016060000,46.537250000,826.000
6.016010000,46.536970000,824.000
6.015910000,46.536450000,823.000
6.015890000,46.536310000,821.000
6.015890000,46.536160000,820.000
6.015880000,46.536020000,818.000
6.015870000,46.535840000,817.000
6.015840000,46.535580000,816.000
6.015830000,46.535480000,815.000
6.015870000,46.535140000,813.000
6.015870000,46.534990000,812.000
6.015880000,46.534900000,811.000
6.015890000,46.534790000,810.000
6.015920000,46.534670000,810.000
6.015940000,46.534570000,809.000
6.015970000,46.534500000,809.000
6.015990000,46.534440000,808.000
6.016020000,46.534390000,808.000
6.016080000,46.534310000,808.000
6.016120000,46.534240000,807.000
6.016170000,46.534180000,807.000
6.016230000,46.534120000,807.000
6.016290000,46.534070000,807.000
6.016370000,46.534010000,806.000
6.016430000,46.533970000,806.000
6.016500000,46.533940000,806.000
6.016600000,46.533880000,805.000
6.016750000,46.533810000,805.000
6.016950000,46.533690000,805.000
6.017210000,46.533530000,805.000
6.017430000,46.533400000,804.000
6.017910000,46.533160000,803.000
6.018010000,46.533070000,802.000
6.018040000,46.533050000,801.000
6.018080000,46.533030000,800.000
6.018210000,46.532970000,800.000
6.018320000,46.532920000,799.000
6.018430000,46.532870000,799.000
6.018670000,46.532790000,797.000
6.018840000,46.532740000,797.000
6.018940000,46.532720000,797.000
6.019040000,46.532700000,797.000
6.019190000,46.532680000,797.000
6.019390000,46.532670000,797.000
6.019600000,46.532670000,797.000
6.019750000,46.532670000,798.000
6.019830000,46.532670000,798.000
6.019940000,46.532680000,799.000
6.020010000,46.532700000,800.000
6.020020000,46.532700000,800.000
6.020100000,46.532720000,801.000
6.020250000,46.532760000,801.000
6.020540000,46.532820000,801.000
6.020750000,46.532880000,802.000
6.020870000,46.532920000,803.000
6.021190000,46.533050000,799.000
6.021400000,46.533160000,801.000
6.021410000,46.533170000,803.000
6.021550000,46.533250000,804.000
6.021730000,46.533360000,804.000
6.021800000,46.533400000,804.000
6.022000000,46.533530000,804.000
6.022180000,46.533650000,804.000
6.022260000,46.533700000,803.000
6.022370000,46.533780000,802.000
6.022460000,46.533850000,801.000
6.022700000,46.534010000,800.000
6.022730000,46.534040000,799.000
6.022890000,46.534150000,798.000
6.023090000,46.534290000,791.000
6.023120000,46.534310000,792.000
6.023330000,46.534440000,792.000
6.023420000,46.534490000,791.000
6.023450000,46.534500000,791.000
6.023560000,46.534560000,790.000
6.023710000,46.534620000,789.000
6.023720000,46.534630000,788.000
6.023870000,46.534690000,787.000
6.023950000,46.534720000,786.000
6.024120000,46.534790000,785.000
6.024350000,46.534880000,783.000
6.024630000,46.534990000,782.000
6.024850000,46.535080000,780.000
6.025070000,46.535180000,778.000
6.025340000,46.535290000,773.000
6.025610000,46.535400000,772.000
6.025940000,46.535510000,770.000
6.026310000,46.535620000,769.000
6.026440000,46.535650000,767.000
6.026740000,46.535740000,765.000
6.026820000,46.535760000,764.000
6.026910000,46.535790000,763.000
6.027010000,46.535810000,762.000
6.027110000,46.535820000,761.000
6.027160000,46.535830000,760.000
6.027170000,46.535830000,760.000
6.027250000,46.535830000,759.000
6.027340000,46.535820000,759.000
6.027430000,46.535800000,758.000
6.027500000,46.535770000,758.000
6.027570000,46.535730000,757.000
6.027640000,46.535680000,757.000
6.027710000,46.535620000,753.000
6.027750000,46.535570000,754.000
6.027780000,46.535520000,754.000
6.027800000,46.535450000,755.000
6.027800000,46.535400000,755.000
6.027780000,46.535340000,755.000
6.027740000,46.535280000,755.000
6.027680000,46.535220000,755.000
6.027620000,46.535170000,755.000
6.027560000,46.535130000,755.000
6.027440000,46.535060000,754.000
6.027310000,46.534980000,754.000
6.027200000,46.534910000,754.000
6.027020000,46.534810000,754.000
6.026880000,46.534740000,754.000
6.026790000,46.534700000,753.000
6.026670000,46.534650000,753.000
6.026450000,46.534560000,753.000
6.026320000,46.534500000,753.000
6.026110000,46.534420000,752.000
6.025920000,46.534340000,746.000
6.025820000,46.534280000,748.000
6.025680000,46.534190000,749.000
6.025580000,46.534130000,749.000
6.025470000,46.534040000,749.000
6.025320000,46.533910000,749.000
6.025110000,46.533720000,749.000
6.024990000,46.533590000,749.000
6.024860000,46.533460000,748.000
6.024860000,46.533450000,747.000
6.024770000,46.533370000,747.000
6.024720000,46.533300000,746.000
6.024680000,46.533260000,746.000
6.024580000,46.533150000,745.000
6.024460000,46.532990000,745.000
6.024450000,46.532980000,744.000
6.024390000,46.532920000,744.000
6.024360000,46.532890000,737.000
6.024240000,46.532750000,739.000
6.024170000,46.532690000,740.000
6.024100000,46.532600000,740.000
6.024020000,46.532530000,741.000
6.023990000,46.532500000,741.000
6.023900000,46.532410000,741.000
6.023800000,46.532310000,741.000
6.023670000,46.532170000,740.000
6.023570000,46.532070000,740.000
6.023520000,46.532010000,739.000
6.023430000,46.531910000,739.000
6.023390000,46.531850000,739.000
6.023280000,46.531670000,738.000
6.023240000,46.531600000,738.000
6.023210000,46.531560000,737.000
6.023140000,46.531430000,737.000
6.023070000,46.531300000,732.000
6.022970000,46.531130000,733.000
6.022920000,46.531060000,733.000
6.022710000,46.530800000,733.000
6.022560000,46.530630000,733.000
6.022370000,46.530430000,733.000
6.022310000,46.530360000,732.000
6.022260000,46.530300000,731.000
6.022190000,46.530220000,731.000
6.022150000,46.530160000,730.000
6.022090000,46.530070000,730.000
6.022050000,46.529990000,729.000
6.022020000,46.529920000,728.000
6.022010000,46.529870000,728.000
6.021990000,46.529790000,727.000
6.021980000,46.529770000,727.000
6.021970000,46.529670000,726.000
6.021970000,46.529570000,726.000
6.021980000,46.529440000,725.000
6.022000000,46.529310000,725.000
6.022040000,46.529220000,724.000
6.022080000,46.529100000,723.000
6.022130000,46.528980000,722.000
6.022240000,46.528750000,721.000
6.022330000,46.528610000,720.000
6.022350000,46.528570000,719.000
6.022400000,46.528500000,718.000
6.022640000,46.528160000,716.000
6.022660000,46.528060000,715.000
6.022740000,46.527920000,719.000
6.022790000,46.527830000,716.000
6.022830000,46.527730000,714.000
6.022870000,46.527620000,712.000
6.022880000,46.527560000,711.000
6.022890000,46.527500000,710.000
6.022870000,46.527400000,710.000
6.022840000,46.527350000,709.000
6.022820000,46.527290000,709.000
6.022780000,46.527200000,709.000
6.022760000,46.527140000,709.000
6.022750000,46.527070000,709.000
6.022740000,46.527000000,709.000
6.022740000,46.526940000,709.000
6.022730000,46.526880000,709.000
6.022740000,46.526820000,709.000
6.022760000,46.526750000,709.000
6.022780000,46.526660000,709.000
6.022820000,46.526550000,709.000
6.022840000,46.526500000,709.000
6.022890000,46.526430000,709.000
6.022900000,46.526380000,709.000
6.022920000,46.526310000,709.000
6.022960000,46.526210000,709.000
6.023000000,46.526080000,711.000
6.023010000,46.526020000,710.000
6.023040000,46.525890000,710.000
6.023070000,46.525670000,710.000
6.023070000,46.525550000,711.000
6.023060000,46.525430000,711.000
6.023010000,46.525330000,711.000
6.022970000,46.525200000,712.000
6.022970000,46.525190000,713.000
6.022920000,46.525070000,713.000
6.022860000,46.524950000,714.000
6.022820000,46.524820000,715.000
6.022810000,46.524780000,716.000
6.022780000,46.524580000,716.000
6.022790000,46.524490000,717.000
6.022820000,46.524390000,718.000
6.022880000,46.524270000,718.000
6.022900000,46.524220000,719.000
6.022950000,46.524100000,720.000
6.023010000,46.524000000,720.000
6.023020000,46.523950000,721.000
6.023050000,46.523740000,721.000
6.023060000,46.523600000,722.000
6.023070000,46.523550000,722.000
6.023080000,46.523420000,722.000
6.023090000,46.523380000,723.000
6.023110000,46.523150000,723.000
6.023130000,46.523010000,723.000
6.023190000,46.522850000,723.000
6.023240000,46.522720000,723.000
6.023290000,46.522600000,724.000
6.023390000,46.522330000,726.000
6.023470000,46.522150000,726.000
6.023540000,46.522000000,726.000
6.023630000,46.521840000,726.000
6.023690000,46.521740000,727.000
6.023710000,46.521710000,727.000
6.023790000,46.521600000,728.000
6.023810000,46.521580000,728.000
6.023900000,46.521480000,729.000
6.023990000,46.521390000,730.000
6.024100000,46.521310000,730.000
6.024200000,46.521240000,731.000
6.024260000,46.521190000,732.000
6.024330000,46.521140000,732.000
6.024530000,46.521030000,733.000
6.024640000,46.520950000,734.000
6.024710000,46.520890000,735.000
6.024870000,46.520760000,737.000
6.024920000,46.520710000,737.000
6.025060000,46.520580000,737.000
6.025210000,46.520370000,738.000
6.025410000,46.520040000,738.000
6.025520000,46.519880000,739.000
6.025530000,46.519870000,739.000
6.025610000,46.519780000,740.000
6.025740000,46.519630000,740.000
6.025900000,46.519490000,740.000
6.026050000,46.519390000,741.000
6.026220000,46.519280000,741.000
6.026370000,46.519190000,742.000
6.026510000,46.519110000,742.000
6.026620000,46.519040000,742.000
6.026730000,46.518970000,742.000
6.026810000,46.518900000,742.000
6.026860000,46.518840000,743.000
6.026920000,46.518780000,743.000
6.026970000,46.518710000,743.000
6.027010000,46.518660000,743.000
6.027030000,46.518630000,743.000
6.027060000,46.518560000,744.000
6.027170000,46.518270000,744.000
6.027230000,46.518110000,744.000
6.027250000,46.518060000,745.000
6.027300000,46.517880000,745.000
6.027330000,46.517780000,746.000
6.027350000,46.517720000,746.000
6.027360000,46.517680000,746.000
6.027380000,46.517630000,747.000
6.027400000,46.517550000,749.000
6.027430000,46.517470000,749.000
6.027470000,46.517310000,748.000
6.027480000,46.517260000,748.000
6.027490000,46.517160000,748.000
6.027500000,46.517130000,748.000
6.027500000,46.517090000,748.000
6.027500000,46.517070000,748.000
6.027510000,46.516990000,748.000
6.027510000,46.516980000,748.000
6.027510000,46.516910000,748.000
6.027510000,46.516890000,748.000
6.027510000,46.516850000,748.000
6.027500000,46.516800000,748.000
6.027490000,46.516730000,748.000
6.027480000,46.516720000,748.000
6.027470000,46.516660000,748.000
6.027470000,46.516630000,748.000
6.027430000,46.516460000,749.000
6.027400000,46.516380000,749.000
6.027380000,46.516300000,749.000
6.027370000,46.516200000,749.000
6.027360000,46.516190000,749.000
6.027360000,46.516160000,749.000
6.027350000,46.516100000,749.000
6.027340000,46.516010000,749.000
6.027340000,46.515970000,749.000
6.027340000,46.515930000,749.000
6.027340000,46.515840000,749.000
6.027340000,46.515830000,749.000
6.027350000,46.515750000,750.000
6.027360000,46.515660000,750.000
6.027370000,46.515560000,749.000
6.027380000,46.515510000,749.000
6.027390000,46.515400000,749.000
6.027390000,46.515220000,748.000
6.027370000,46.515030000,747.000
6.027350000,46.514860000,745.000
6.027340000,46.514670000,744.000
6.027340000,46.514450000,742.000
6.027360000,46.514320000,740.000
6.027430000,46.514130000,738.000
6.027510000,46.513970000,736.000
6.027610000,46.513810000,734.000
6.027750000,46.513600000,732.000
6.027850000,46.513420000,731.000
6.027890000,46.513330000,730.000
6.027950000,46.513180000,730.000
6.028010000,46.512990000,729.000
6.028060000,46.512850000,729.000
6.028150000,46.512670000,729.000
6.028220000,46.512560000,729.000
6.028290000,46.512460000,729.000
6.028360000,46.512390000,730.000
6.028510000,46.512240000,732.000
6.028660000,46.512120000,731.000
6.028770000,46.512040000,731.000
6.029050000,46.511830000,731.000
6.029170000,46.511730000,732.000
6.029250000,46.511640000,732.000
6.029320000,46.511570000,733.000
6.029350000,46.511520000,733.000
6.029430000,46.511390000,733.000
6.029460000,46.511340000,734.000
6.029470000,46.511300000,734.000
6.029480000,46.511280000,734.000
6.029490000,46.511270000,734.000
6.029520000,46.511190000,734.000
6.029540000,46.511130000,734.000
6.029530000,46.511090000,735.000
6.029520000,46.511070000,735.000
6.029530000,46.510940000,735.000
6.029540000,46.510810000,735.000
6.029540000,46.510790000,735.000
6.029540000,46.510690000,736.000
6.029540000,46.510610000,740.000
6.029540000,46.510560000,739.000
6.029550000,46.510480000,739.000
6.029570000,46.510330000,738.000
6.029590000,46.510240000,738.000
6.029620000,46.510150000,739.000
6.029620000,46.510140000,739.000
6.029650000,46.510060000,739.000
6.029680000,46.509970000,740.000
6.029710000,46.509890000,741.000
6.029710000,46.509880000,741.000
6.029780000,46.509810000,742.000
6.029880000,46.509500000,743.000
6.029900000,46.509440000,744.000
6.029910000,46.509400000,745.000
6.029920000,46.509340000,745.000
6.029920000,46.509330000,746.000
6.029930000,46.509280000,746.000
6.029930000,46.509260000,747.000
6.029920000,46.509220000,748.000
6.029910000,46.509160000,748.000
6.029910000,46.509150000,748.000
6.029880000,46.509080000,749.000
6.029840000,46.508940000,749.000
6.029830000,46.508900000,750.000
6.029830000,46.508890000,750.000
6.029810000,46.508790000,753.000
6.029800000,46.508720000,753.000
6.029760000,46.508540000,753.000
6.029760000,46.508510000,753.000
6.029760000,46.508490000,753.000
6.029750000,46.508400000,753.000
6.029740000,46.508390000,753.000
6.029740000,46.508360000,753.000
6.029740000,46.508340000,753.000
6.029730000,46.508290000,753.000
6.029730000,46.508270000,753.000
6.029720000,46.508230000,753.000
6.029650000,46.507640000,753.000
6.029640000,46.507490000,752.000
6.029650000,46.507400000,752.000
6.029660000,46.507290000,752.000
6.029680000,46.507160000,752.000
6.029690000,46.507100000,752.000
6.029700000,46.507030000,752.000
6.029710000,46.506980000,759.000
6.029730000,46.506900000,756.000
6.029730000,46.506830000,755.000
6.029740000,46.506760000,754.000
6.029730000,46.506690000,753.000
6.029720000,46.506620000,752.000
6.029700000,46.506550000,752.000
6.029660000,46.506440000,752.000
6.029650000,46.506410000,752.000
6.029600000,46.506280000,752.000
6.029600000,46.506270000,752.000
6.029580000,46.506210000,753.000
6.029570000,46.506140000,753.000
6.029550000,46.506070000,753.000
6.029550000,46.506000000,753.000
6.029550000,46.505870000,754.000
6.029570000,46.505550000,754.000
6.029570000,46.505480000,754.000
6.029580000,46.505370000,755.000
6.029620000,46.504830000,766.000
6.029630000,46.504770000,763.000
6.029640000,46.504650000,761.000
6.029660000,46.504470000,761.000
6.029690000,46.504170000,761.000
6.029740000,46.503940000,762.000
6.029790000,46.503710000,763.000
6.029810000,46.503640000,764.000
6.029840000,46.503580000,766.000
6.029870000,46.503510000,767.000
6.029890000,46.503450000,768.000
6.029920000,46.503390000,769.000
6.029940000,46.503330000,770.000
6.029960000,46.503270000,771.000
6.029960000,46.503220000,772.000
6.029960000,46.503160000,772.000
6.029960000,46.503100000,773.000
6.029920000,46.502990000,779.000
6.029880000,46.502880000,778.000
6.029810000,46.502750000,778.000
6.029780000,46.502650000,778.000
6.029770000,46.502600000,778.000
6.029760000,46.502570000,779.000
6.029760000,46.502540000,779.000
6.029760000,46.502470000,779.000
6.029770000,46.502390000,780.000
6.029770000,46.502380000,780.000
6.029800000,46.502300000,780.000
6.029810000,46.502280000,781.000
6.029830000,46.502220000,781.000
6.029910000,46.502040000,782.000
6.029980000,46.501870000,782.000
6.030040000,46.501730000,783.000
6.030110000,46.501520000,784.000
6.030120000,46.501360000,785.000
6.030120000,46.501340000,786.000
6.030120000,46.501240000,791.000
6.030090000,46.501160000,790.000
6.030080000,46.501130000,790.000
6.030040000,46.501060000,790.000
6.030000000,46.501000000,790.000
6.029950000,46.500940000,790.000
6.029780000,46.500760000,791.000
6.029730000,46.500690000,791.000
6.029690000,46.500630000,791.000
6.029650000,46.500560000,792.000
6.029630000,46.500520000,792.000
6.029620000,46.500490000,792.000
6.029600000,46.500420000,792.000
6.029590000,46.500350000,793.000
6.029590000,46.500340000,793.000
6.029590000,46.500280000,793.000
6.029600000,46.500210000,793.000
6.029610000,46.500140000,793.000
6.029630000,46.500070000,794.000
6.029650000,46.500000000,794.000
6.029680000,46.499940000,794.000
6.029720000,46.499800000,795.000
6.029780000,46.499600000,795.000
6.029810000,46.499460000,798.000
6.029820000,46.499450000,798.000
6.029820000,46.499300000,797.000
6.029820000,46.499280000,797.000
6.029810000,46.499150000,797.000
6.029800000,46.499100000,797.000
6.029790000,46.499010000,797.000
6.029770000,46.498920000,797.000
6.029740000,46.498740000,797.000
6.029730000,46.498700000,797.000
6.029680000,46.498460000,797.000
6.029660000,46.498390000,797.000
6.029620000,46.498210000,798.000
6.029570000,46.498030000,798.000
6.029550000,46.497950000,798.000
6.029530000,46.497860000,798.000
6.029520000,46.497800000,798.000
6.029500000,46.497680000,804.000
6.029500000,46.497660000,802.000
6.029500000,46.497520000,801.000
6.029500000,46.497500000,801.000
6.029500000,46.497320000,801.000
6.029510000,46.497140000,802.000
6.029520000,46.496940000,803.000
6.029550000,46.496610000,805.000
6.029590000,46.496410000,807.000
6.029620000,46.496180000,809.000
6.029630000,46.496080000,812.000
6.029630000,46.495990000,814.000
6.029620000,46.495910000,816.000
6.029610000,46.495870000,823.000
6.029600000,46.495830000,823.000
6.029580000,46.495720000,823.000
6.029570000,46.495690000,824.000
6.029540000,46.495560000,824.000
6.029530000,46.495520000,825.000
6.029490000,46.495340000,826.000
6.029470000,46.495260000,827.000
6.029410000,46.495090000,829.000
6.029380000,46.495010000,830.000
6.029370000,46.495000000,832.000
6.029360000,46.494990000,833.000
6.029300000,46.494840000,834.000
6.029250000,46.494760000,835.000
6.029180000,46.494660000,837.000
6.028990000,46.494450000,838.000
6.028890000,46.494350000,840.000
6.028830000,46.494290000,842.000
6.028740000,46.494210000,843.000
6.028600000,46.494080000,841.000
6.028540000,46.494010000,844.000
6.028480000,46.493950000,846.000
6.028430000,46.493880000,847.000
6.028340000,46.493740000,848.000
6.028120000,46.493420000,849.000
6.027940000,46.493140000,849.000
6.027900000,46.493090000,849.000
6.027890000,46.493080000,848.000
6.027850000,46.493010000,848.000
6.027820000,46.492950000,848.000
6.027810000,46.492940000,847.000
6.027810000,46.492920000,847.000
6.027790000,46.492870000,847.000
6.027780000,46.492790000,847.000
6.027780000,46.492750000,847.000
6.027770000,46.492720000,846.000
6.027780000,46.492650000,846.000
6.027790000,46.492590000,846.000
6.027790000,46.492580000,846.000
6.027790000,46.492570000,846.000
6.027810000,46.492510000,845.000
6.027830000,46.492440000,845.000
6.027840000,46.492420000,845.000
6.027850000,46.492390000,847.000
6.027890000,46.492300000,846.000
6.027970000,46.492100000,846.000
6.028010000,46.491960000,845.000
6.028030000,46.491820000,845.000
6.028050000,46.491610000,845.000
6.028050000,46.491390000,845.000
6.028060000,46.491320000,845.000
6.028070000,46.491250000,846.000
6.028090000,46.491170000,846.000
6.028120000,46.491090000,846.000
6.028140000,46.491040000,846.000
6.028180000,46.490970000,846.000
6.028260000,46.490850000,847.000
6.028270000,46.490840000,847.000
6.028290000,46.490820000,847.000
6.028380000,46.490690000,847.000
6.028390000,46.490680000,847.000
6.028400000,46.490650000,850.000
6.028480000,46.490540000,849.000
6.028530000,46.490450000,849.000
6.028560000,46.490420000,850.000
6.028590000,46.490370000,850.000
6.028650000,46.490330000,851.000
6.028710000,46.490280000,852.000
6.028780000,46.490250000,852.000
6.028810000,46.490230000,853.000
6.028860000,46.490210000,854.000
6.028950000,46.490160000,855.000
6.029010000,46.490140000,856.000
6.029050000,46.490110000,857.000
6.029060000,46.490110000,857.000
6.029130000,46.490070000,858.000
6.029210000,46.490020000,859.000
6.029220000,46.490010000,859.000
6.029280000,46.489960000,860.000
6.029290000,46.489950000,861.000
6.029330000,46.489930000,861.000
6.029370000,46.489890000,862.000
6.029420000,46.489850000,863.000
6.029480000,46.489800000,863.000
6.029560000,46.489740000,864.000
6.029630000,46.489690000,865.000
6.029660000,46.489670000,866.000
6.029670000,46.489670000,867.000
6.029710000,46.489640000,867.000
6.029730000,46.489640000,868.000
6.029760000,46.489630000,869.000
6.029820000,46.489620000,869.000
6.029870000,46.489620000,870.000
6.029900000,46.489620000,870.000
6.029930000,46.489630000,871.000
6.029980000,46.489640000,871.000
6.030020000,46.489650000,872.000
6.030040000,46.489660000,872.000
6.030120000,46.489710000,873.000
6.030160000,46.489730000,873.000
6.030310000,46.489830000,869.000
6.030400000,46.489900000,872.000
6.030500000,46.489960000,874.000
6.030580000,46.490010000,875.000
6.030800000,46.490130000,877.000
6.030830000,46.490150000,878.000
6.031130000,46.490290000,879.000
6.031410000,46.490440000,881.000
6.031740000,46.490660000,882.000
6.031790000,46.490690000,884.000
6.031820000,46.490700000,885.000
6.031840000,46.490710000,886.000
6.032290000,46.490990000,888.000
6.032410000,46.491060000,887.000
6.032490000,46.491100000,889.000
6.032540000,46.491120000,891.000
6.032570000,46.491140000,892.000
6.032660000,46.491170000,893.000
6.032760000,46.491200000,894.000
6.032870000,46.491230000,895.000
6.032890000,46.491230000,896.000
6.033090000,46.491280000,897.000
6.033460000,46.491360000,898.000
6.033570000,46.491400000,899.000
6.033740000,46.491440000,900.000
6.033880000,46.491490000,901.000
6.034060000,46.491570000,902.000
6.034160000,46.491620000,904.000
6.034340000,46.491710000,905.000
6.034500000,46.491800000,906.000
6.034510000,46.491800000,907.000
6.034680000,46.491910000,904.000
6.034690000,46.491920000,907.000
6.034770000,46.491970000,908.000
6.034810000,46.492010000,909.000
6.034900000,46.492080000,910.000
6.034940000,46.492110000,911.000
6.035040000,46.492220000,911.000
6.035040000,46.492230000,911.000
6.035070000,46.492280000,911.000
6.035100000,46.492330000,910.000
6.035140000,46.492470000,910.000
6.035200000,46.492750000,909.000
6.035230000,46.492880000,909.000
6.035240000,46.492950000,908.000
6.035290000,46.493220000,907.000
6.035290000,46.493230000,906.000
6.035330000,46.493410000,905.000
6.035370000,46.493590000,904.000
6.035390000,46.493660000,901.000
6.035490000,46.493900000,901.000
6.035510000,46.493930000,901.000
6.035530000,46.493980000,900.000
6.035600000,46.494060000,900.000
6.035770000,46.494180000,900.000
6.035840000,46.494230000,900.000
6.035890000,46.494260000,900.000
6.035970000,46.494320000,900.000
6.036070000,46.494360000,900.000
6.036150000,46.494400000,900.000
6.036170000,46.494410000,900.000
6.036250000,46.494430000,900.000
6.036340000,46.494460000,900.000
6.036420000,46.494470000,901.000
6.036440000,46.494470000,901.000
6.036450000,46.494470000,901.000
6.036560000,46.494480000,901.000
6.036660000,46.494490000,901.000
6.036770000,46.494490000,901.000
6.036870000,46.494480000,901.000
6.036960000,46.494480000,901.000
6.036980000,46.494480000,901.000
6.037070000,46.494470000,901.000
6.037180000,46.494460000,902.000
6.037340000,46.494450000,902.000
6.037660000,46.494400000,906.000
6.037810000,46.494380000,905.000
6.037980000,46.494350000,905.000
6.038230000,46.494320000,905.000
6.038490000,46.494310000,905.000
6.038710000,46.494310000,906.000
6.038780000,46.494310000,907.000
6.038900000,46.494320000,908.000
6.039330000,46.494350000,909.000
6.039940000,46.494400000,910.000
6.040140000,46.494410000,912.000
6.040250000,46.494420000,916.000
6.040580000,46.494440000,917.000
6.040800000,46.494450000,918.000
6.040960000,46.494450000,919.000
6.041060000,46.494440000,920.000
6.041150000,46.494440000,921.000
6.041240000,46.494430000,922.000
6.041360000,46.494420000,922.000
6.041490000,46.494400000,923.000
6.041620000,46.494380000,923.000
6.041740000,46.494350000,924.000
6.041930000,46.494310000,924.000
6.042120000,46.494260000,925.000
6.042300000,46.494220000,925.000
6.042310000,46.494220000,926.000
6.042410000,46.494200000,926.000
6.042560000,46.494180000,927.000
6.042610000,46.494170000,927.000
6.042730000,46.494150000,927.000
6.042810000,46.494140000,931.000
6.042970000,46.494120000,930.000
6.043320000,46.494100000,930.000
6.043610000,46.494080000,930.000
6.043860000,46.494070000,931.000
6.044050000,46.494050000,931.000
6.044190000,46.494030000,931.000
6.044270000,46.494000000,932.000
6.044380000,46.493940000,933.000
6.044440000,46.493880000,933.000
6.044500000,46.493840000,934.000
6.044540000,46.493790000,934.000
6.044570000,46.493740000,935.000
6.044590000,46.493680000,935.000
6.044610000,46.493620000,935.000
6.044610000,46.493570000,936.000
6.044600000,46.493510000,936.000
6.044540000,46.493400000,937.000
6.044530000,46.493380000,937.000
6.044450000,46.493250000,941.000
6.044430000,46.493230000,940.000
6.044410000,46.493180000,940.000
6.044380000,46.493130000,940.000
6.044360000,46.493060000,940.000
6.044340000,46.493010000,940.000
6.044340000,46.492940000,941.000
6.044340000,46.492910000,942.000
6.044340000,46.492880000,942.000
6.044340000,46.492820000,943.000
6.044360000,46.492730000,944.000
6.044390000,46.492540000,945.000
6.044400000,46.492510000,946.000
6.044430000,46.492380000,947.000
6.044440000,46.492330000,949.000
6.044430000,46.492240000,950.000
6.044430000,46.492230000,951.000
6.044400000,46.492190000,952.000
6.044400000,46.492180000,953.000
6.044380000,46.492160000,954.000
6.044350000,46.492140000,954.000
6.044290000,46.492110000,955.000
6.044240000,46.492100000,956.000
6.044200000,46.492100000,956.000
6.044180000,46.492100000,957.000
6.044140000,46.492100000,957.000
6.044130000,46.492100000,958.000
6.044070000,46.492110000,958.000
6.044010000,46.492140000,959.000
6.043970000,46.492160000,959.000
6.043930000,46.492190000,960.000
6.043840000,46.492270000,960.000
6.043680000,46.492420000,961.000
6.043640000,46.492450000,962.000
6.043600000,46.492480000,963.000
6.043520000,46.492520000,964.000
6.043430000,46.492550000,965.000
6.043340000,46.492580000,966.000
6.043250000,46.492610000,966.000
6.043190000,46.492620000,967.000
6.043140000,46.492630000,967.000
6.043120000,46.492630000,967.000
6.043080000,46.492630000,968.000
6.043010000,46.492630000,968.000
6.042900000,46.492630000,968.000
6.042880000,46.492630000,968.000
6.042830000,46.492620000,968.000
6.042740000,46.492600000,968.000
6.042660000,46.492570000,969.000
6.042590000,46.492540000,969.000
6.042520000,46.492510000,969.000
6.042440000,46.492450000,969.000
6.042370000,46.492380000,969.000
6.042260000,46.492250000,970.000
6.042160000,46.492130000,970.000
6.042120000,46.492100000,970.000
6.042070000,46.492060000,971.000
6.041980000,46.492020000,971.000
6.041950000,46.492000000,971.000
6.041800000,46.491940000,971.000
6.041760000,46.491920000,972.000
6.041580000,46.491850000,972.000
6.041360000,46.491750000,972.000
6.041260000,46.491710000,972.000
6.041140000,46.491650000,972.000
6.041100000,46.491630000,972.000
6.041020000,46.491600000,972.000
6.040350000,46.491310000,972.000
6.040190000,46.491210000,972.000
6.040090000,46.491140000,971.000
6.040060000,46.491100000,971.000
6.040030000,46.491070000,971.000
6.040020000,46.491050000,971.000
6.039990000,46.491000000,971.000
6.039980000,46.490970000,971.000
6.039960000,46.490930000,970.000
6.039950000,46.490890000,970.000
6.039940000,46.490850000,970.000
6.039920000,46.490770000,970.000
6.039910000,46.490690000,970.000
6.039900000,46.490600000,972.000
6.039910000,46.490510000,971.000
6.039920000,46.490420000,970.000
6.039940000,46.490340000,970.000
6.039960000,46.490250000,970.000
6.039990000,46.490170000,970.000
6.040010000,46.490130000,970.000
6.040040000,46.490090000,970.000
6.040060000,46.490040000,970.000
6.040090000,46.490000000,971.000
6.040140000,46.489940000,971.000
6.040200000,46.489870000,971.000
6.040270000,46.489800000,972.000
6.040510000,46.489610000,972.000
6.040910000,46.489330000,972.000
6.040930000,46.489320000,973.000
6.041110000,46.489200000,974.000
6.041220000,46.489130000,974.000
6.041320000,46.489090000,978.000
6.041440000,46.489060000,978.000
6.041760000,46.489020000,978.000
6.041860000,46.489010000,978.000
6.042040000,46.488980000,978.000
6.042130000,46.488960000,979.000
6.042230000,46.488940000,980.000
6.042320000,46.488900000,981.000
6.042400000,46.488850000,982.000
6.042420000,46.488840000,982.000
6.042480000,46.488790000,983.000
6.042540000,46.488730000,984.000
6.042570000,46.488690000,984.000
6.042600000,46.488670000,985.000
6.042650000,46.488600000,986.000
6.042690000,46.488530000,986.000
6.042720000,46.488460000,987.000
6.042740000,46.488390000,987.000
6.042750000,46.488310000,988.000
6.042760000,46.488240000,989.000
6.042750000,46.488170000,989.000
6.042740000,46.488100000,990.000
6.042720000,46.488030000,991.000
6.042700000,46.487960000,991.000
6.042660000,46.487900000,994.000
6.042620000,46.487840000,994.000
6.042560000,46.487790000,994.000
6.042490000,46.487730000,994.000
6.042340000,46.487620000,995.000
6.042100000,46.487480000,995.000
6.042080000,46.487470000,995.000
6.042010000,46.487430000,996.000
6.041940000,46.487370000,996.000
6.041920000,46.487360000,996.000
6.041900000,46.487340000,996.000
6.041870000,46.487320000,996.000
6.041810000,46.487250000,997.000
6.041750000,46.487190000,997.000
6.041710000,46.487120000,997.000
6.041640000,46.486980000,997.000
6.041490000,46.486590000,998.000
6.041440000,46.486420000,998.000
6.041410000,46.486330000,1003.000
6.041390000,46.486250000,1002.000
6.041330000,46.485910000,1001.000
6.041300000,46.485740000,1002.000
6.041290000,46.485650000,1002.000
6.041290000,46.485560000,1003.000
6.041290000,46.485480000,1004.000
6.041300000,46.485460000,1005.000
6.041320000,46.485400000,1005.000
6.041340000,46.485320000,1006.000
6.041360000,46.485290000,1007.000
6.041380000,46.485250000,1007.000
6.041430000,46.485180000,1008.000
6.041490000,46.485120000,1008.000
6.041560000,46.485050000,1009.000
6.041630000,46.485000000,1010.000
6.041710000,46.484940000,1010.000
6.041790000,46.484890000,1011.000
6.041980000,46.484800000,1011.000
6.042460000,46.484610000,1015.000
6.042560000,46.484570000,1015.000
6.042650000,46.484530000,1016.000
6.042730000,46.484490000,1016.000
6.042740000,46.484480000,1017.000
6.042820000,46.484430000,1017.000
6.042890000,46.484380000,1018.000
6.042970000,46.484320000,1018.000
6.043040000,46.484250000,1019.000
6.043100000,46.484190000,1019.000
6.043220000,46.484060000,1020.000
6.043300000,46.483980000,1020.000
6.043360000,46.483920000,1020.000
6.043380000,46.483890000,1021.000
6.043510000,46.483770000,1021.000
6.043520000,46.483750000,1022.000
6.043770000,46.483530000,1022.000
6.044120000,46.483250000,1022.000
6.044210000,46.483180000,1025.000
6.044280000,46.483100000,1025.000
6.044590000,46.482760000,1026.000
6.044600000,46.482760000,1027.000
6.044950000,46.482370000,1028.000
6.045020000,46.482310000,1030.000
6.045030000,46.482300000,1032.000
6.045100000,46.482250000,1033.000
6.045170000,46.482200000,1035.000
6.045210000,46.482180000,1036.000
6.045260000,46.482150000,1037.000
6.045360000,46.482110000,1038.000
6.045450000,46.482090000,1039.000
6.045560000,46.482060000,1040.000
6.045660000,46.482050000,1041.000
6.045760000,46.482050000,1042.000
6.045870000,46.482050000,1042.000
6.045940000,46.482070000,1043.000
6.046050000,46.482100000,1043.000
6.046140000,46.482130000,1044.000
6.046220000,46.482170000,1045.000
6.046300000,46.482220000,1046.000
6.046370000,46.482270000,1046.000
6.046430000,46.482320000,1047.000
6.046460000,46.482360000,1048.000
6.046570000,46.482510000,1048.000
6.046710000,46.482700000,1049.000
6.046900000,46.482930000,1050.000
6.047100000,46.483180000,1051.000
6.047240000,46.483320000,1053.000
6.047400000,46.483460000,1054.000
6.047480000,46.483520000,1055.000
6.047560000,46.483580000,1056.000
6.047650000,46.483630000,1057.000
6.047740000,46.483680000,1058.000
6.047830000,46.483720000,1059.000
6.047930000,46.483750000,1060.000
6.048040000,46.483770000,1060.000
6.048090000,46.483780000,1061.000
6.048140000,46.483790000,1061.000
6.048240000,46.483790000,1061.000
6.048340000,46.483790000,1062.000
6.048350000,46.483790000,1062.000
6.048450000,46.483790000,1062.000
6.048550000,46.483780000,1062.000
6.048660000,46.483760000,1063.000
6.048770000,46.483750000,1063.000
6.049000000,46.483720000,1063.000
6.049120000,46.483700000,1063.000
6.049480000,46.483650000,1064.000
6.049610000,46.483640000,1064.000
6.049750000,46.483620000,1064.000
6.050020000,46.483620000,1065.000
6.050340000,46.483620000,1065.000
6.050600000,46.483650000,1065.000
6.050820000,46.483680000,1066.000
6.050990000,46.483720000,1067.000
6.051150000,46.483770000,1068.000
6.051290000,46.483820000,1069.000
6.051300000,46.483830000,1069.000
6.051470000,46.483910000,1070.000
6.051500000,46.483920000,1071.000
6.051630000,46.483990000,1071.000
6.051860000,46.484130000,1072.000
6.052080000,46.484270000,1073.000
6.052230000,46.484350000,1074.000
6.052350000,46.484410000,1075.000
6.052510000,46.484470000,1075.000
6.052760000,46.484560000,1077.000
6.052910000,46.484570000,1077.000
6.053070000,46.484620000,1078.000
6.053350000,46.484700000,1079.000
6.053630000,46.484780000,1080.000
6.053930000,46.484860000,1082.000
6.054010000,46.484890000,1083.000
6.054140000,46.484930000,1084.000
6.054170000,46.484940000,1085.000
6.054260000,46.484980000,1086.000
6.054320000,46.485010000,1087.000
6.054440000,46.485050000,1088.000
6.054520000,46.485080000,1089.000
6.054600000,46.485120000,1090.000
6.054660000,46.485150000,1090.000
6.054720000,46.485170000,1091.000
6.054730000,46.485180000,1092.000
6.054820000,46.485220000,1092.000
6.054960000,46.485260000,1093.000
6.055240000,46.485350000,1093.000
6.055560000,46.485420000,1094.000
6.055950000,46.485510000,1095.000
6.056690000,46.485670000,1097.000
6.057040000,46.485750000,1098.000
6.057120000,46.485770000,1099.000
6.057290000,46.485800000,1100.000
6.057310000,46.485810000,1101.000
6.057450000,46.485830000,1102.000
6.057590000,46.485840000,1103.000
6.057710000,46.485850000,1104.000
6.057810000,46.485840000,1104.000
6.057900000,46.485830000,1105.000
6.058010000,46.485820000,1105.000
6.058130000,46.485790000,1106.000
6.058310000,46.485750000,1106.000
6.058400000,46.485690000,1107.000
6.058530000,46.485630000,1107.000
6.058580000,46.485600000,1107.000
6.058610000,46.485580000,1107.000
6.058670000,46.485550000,1107.000
6.058930000,46.485370000,1107.000
6.059110000,46.485080000,1107.000
6.059150000,46.485010000,1107.000
6.059390000,46.484740000,1108.000
6.059440000,46.484690000,1108.000
6.059470000,46.484650000,1108.000
6.059510000,46.484610000,1108.000
6.059700000,46.484390000,1108.000
6.059860000,46.484210000,1108.000
6.059920000,46.484140000,1108.000
6.060110000,46.483950000,1109.000
6.060170000,46.483890000,1109.000
6.060300000,46.483770000,1109.000
6.060490000,46.483580000,1109.000
6.060700000,46.483380000,1109.000
6.060910000,46.483180000,1109.000
6.061180000,46.482890000,1111.000
6.061370000,46.482690000,1111.000
6.061460000,46.482610000,1110.000
6.061760000,46.482290000,1110.000
6.061840000,46.482210000,1110.000
6.061990000,46.482020000,1110.000
6.062280000,46.481650000,1110.000
6.062520000,46.481330000,1112.000
6.062590000,46.481240000,1112.000
6.062640000,46.481170000,1111.000
6.062740000,46.481030000,1111.000
6.062870000,46.480850000,1111.000
6.062980000,46.480690000,1111.000
6.063120000,46.480460000,1110.000
6.063220000,46.480300000,1110.000
6.063380000,46.480070000,1110.000
6.063480000,46.479930000,1110.000
6.063480000,46.479880000,1109.000
6.063480000,46.479860000,1109.000
6.063580000,46.479710000,1109.000
6.063600000,46.479670000,1110.000
6.063740000,46.479470000,1110.000
6.063860000,46.479290000,1109.000
6.063960000,46.479150000,1109.000
6.064050000,46.479000000,1109.000
6.064180000,46.478820000,1109.000
6.064350000,46.478560000,1109.000
6.064430000,46.478490000,1109.000
6.064500000,46.478390000,1109.000
6.064580000,46.478250000,1109.000
6.064620000,46.478180000,1109.000
6.064670000,46.478060000,1109.000
6.064720000,46.477940000,1111.000
6.064830000,46.477480000,1110.000
6.064890000,46.477170000,1109.000
6.065030000,46.476460000,1108.000
6.065010000,46.476270000,1107.000
6.065000000,46.476170000,1106.000
6.064990000,46.476170000,1105.000
6.064970000,46.476170000,1108.000
6.064960000,46.476170000,1106.000
6.064950000,46.476170000,1104.000
6.064940000,46.476170000,1103.000
6.064930000,46.476160000,1103.000
6.064920000,46.476160000,1102.000
6.064910000,46.476160000,1102.000
6.064900000,46.476150000,1102.000
6.064890000,46.476150000,1102.000
6.064880000,46.476150000,1102.000
6.064870000,46.476140000,1102.000
6.064860000,46.476140000,1102.000
6.064850000,46.476130000,1102.000
6.064850000,46.476120000,1102.000
6.064840000,46.476120000,1102.000
6.064830000,46.476110000,1102.000
6.064820000,46.476100000,1102.000
6.064820000,46.476090000,1102.000
6.064810000,46.476080000,1102.000
6.064810000,46.476070000,1102.000
6.064800000,46.476060000,1102.000
6.064800000,46.476050000,1102.000
6.064800000,46.476040000,1102.000
6.064800000,46.476030000,1102.000
6.064800000,46.476020000,1102.000
6.064800000,46.476010000,1102.000
6.064810000,46.476000000,1102.000
6.064810000,46.475990000,1102.000
6.064820000,46.475990000,1102.000
6.064820000,46.475980000,1102.000
6.064830000,46.475970000,1102.000
6.064840000,46.475960000,1102.000
6.064840000,46.475950000,1102.000
6.064850000,46.475950000,1102.000
6.064860000,46.475940000,1102.000
6.064870000,46.475940000,1102.000
6.064880000,46.475930000,1102.000
6.064890000,46.475930000,1102.000
6.064900000,46.475920000,1102.000
6.064910000,46.475920000,1102.000
6.064920000,46.475920000,1102.000
6.064930000,46.475910000,1102.000
6.064940000,46.475910000,1102.000
6.064950000,46.475910000,1102.000
6.064960000,46.475910000,1102.000
6.064920000,46.475780000,1102.000
6.064840000,46.475530000,1102.000
6.064630000,46.475150000,1102.000
6.064570000,46.475020000,1102.000
6.064530000,46.474900000,1102.000
6.064500000,46.474740000,1102.000
6.064480000,46.474560000,1107.000
6.064460000,46.474480000,1105.000
6.064460000,46.474380000,1104.000
6.064450000,46.474200000,1103.000
6.064450000,46.474190000,1103.000
6.064390000,46.473630000,1103.000
6.064380000,46.473340000,1104.000
6.064380000,46.473300000,1104.000
6.064360000,46.472910000,1105.000
6.064380000,46.472430000,1111.000
6.064420000,46.472230000,1110.000
6.064440000,46.472100000,1110.000
6.064470000,46.472050000,1110.000
6.064590000,46.471740000,1110.000
6.064870000,46.471270000,1110.000
6.065070000,46.471010000,1111.000
6.065160000,46.470900000,1111.000
6.065200000,46.470850000,1111.000
6.065530000,46.470540000,1115.000
6.065840000,46.470290000,1114.000
6.065890000,46.470190000,1114.000
6.066160000,46.469930000,1114.000
6.066270000,46.469790000,1114.000
6.066360000,46.469630000,1114.000
6.066520000,46.469110000,1115.000
6.066610000,46.468990000,1116.000
6.066720000,46.468750000,1121.000
6.066780000,46.468660000,1121.000
6.066840000,46.468600000,1121.000
6.066900000,46.468540000,1121.000
6.066950000,46.468510000,1122.000
6.067140000,46.468370000,1122.000
6.067930000,46.467880000,1122.000
6.068050000,46.467810000,1123.000
6.068520000,46.467540000,1124.000
6.068620000,46.467480000,1128.000
6.068850000,46.467350000,1128.000
6.069140000,46.467170000,1128.000
6.069480000,46.466960000,1129.000
6.069580000,46.466890000,1129.000
6.069620000,46.466860000,1130.000
6.069670000,46.466830000,1131.000
6.069760000,46.466750000,1132.000
6.069790000,46.466730000,1132.000
6.069920000,46.466620000,1133.000
6.069950000,46.466580000,1134.000
6.070050000,46.466480000,1134.000
6.070190000,46.466300000,1135.000
6.070210000,46.466270000,1135.000
6.070370000,46.466050000,1139.000
6.070660000,46.465550000,1139.000
6.070930000,46.465080000,1138.000
6.070950000,46.465050000,1138.000
6.071080000,46.464820000,1138.000
6.071290000,46.464470000,1137.000
6.071340000,46.464380000,1142.000
6.071550000,46.464050000,1140.000
6.071730000,46.463760000,1140.000
6.071750000,46.463720000,1140.000
6.072080000,46.463190000,1141.000
6.072140000,46.463060000,1142.000
6.072130000,46.463060000,1143.000
6.072110000,46.463050000,1144.000
6.072100000,46.463040000,1145.000
6.072090000,46.463040000,1146.000
6.072080000,46.463030000,1146.000
6.072070000,46.463020000,1147.000
6.072060000,46.463020000,1147.000
6.072050000,46.463010000,1148.000
6.072040000,46.463000000,1148.000
6.072030000,46.462990000,1148.000
6.072020000,46.462980000,1148.000
6.072020000,46.462970000,1148.000
6.072010000,46.462960000,1148.000
6.072010000,46.462950000,1148.000
6.072010000,46.462940000,1149.000
6.072000000,46.462930000,1149.000
6.072000000,46.462920000,1149.000
6.072000000,46.462910000,1149.000
6.072000000,46.462900000,1149.000
6.072010000,46.462890000,1149.000
6.072010000,46.462880000,1149.000
6.072010000,46.462870000,1149.000
6.072020000,46.462860000,1149.000
6.072030000,46.462850000,1149.000
6.072030000,46.462840000,1149.000
6.072040000,46.462830000,1150.000
6.072050000,46.462820000,1150.000
6.072060000,46.462820000,1150.000
6.072070000,46.462810000,1150.000
6.072080000,46.462800000,1150.000
6.072090000,46.462800000,1150.000
6.072110000,46.462790000,1150.000
6.072120000,46.462780000,1150.000
6.072130000,46.462780000,1152.000
6.072150000,46.462780000,1152.000
6.072160000,46.462770000,1152.000
6.072180000,46.462770000,1152.000
6.072190000,46.462770000,1152.000
6.072210000,46.462770000,1152.000
6.072220000,46.462770000,1152.000
6.072240000,46.462770000,1152.000
6.072250000,46.462770000,1152.000
6.072280000,46.462770000,1152.000
6.072300000,46.462550000,1152.000
6.072290000,46.462460000,1152.000
6.072270000,46.462310000,1153.000
6.072230000,46.462240000,1153.000
6.072140000,46.462060000,1154.000
6.071910000,46.461750000,1155.000
6.071620000,46.461450000,1156.000
6.071380000,46.461180000,1156.000
6.071350000,46.461100000,1158.000
6.071330000,46.461030000,1160.000
6.071310000,46.460920000,1161.000
6.071300000,46.460600000,1161.000
6.071340000,46.460300000,1162.000
6.071350000,46.460230000,1162.000
6.071380000,46.460160000,1162.000
6.071390000,46.460110000,1161.000
6.071400000,46.460090000,1161.000
6.071440000,46.460020000,1161.000
6.071500000,46.459940000,1160.000
6.071570000,46.459870000,1160.000
6.071650000,46.459800000,1160.000
6.071740000,46.459740000,1159.000
6.071850000,46.459690000,1159.000
6.071970000,46.459630000,1159.000
6.072300000,46.459480000,1159.000
6.072390000,46.459440000,1158.000
6.072480000,46.459380000,1158.000
6.072550000,46.459330000,1157.000
6.072630000,46.459250000,1157.000
6.072780000,46.459080000,1156.000
6.072900000,46.458940000,1156.000
6.072960000,46.458880000,1156.000
6.073040000,46.458810000,1155.000
6.073140000,46.458740000,1155.000
6.073250000,46.458680000,1154.000
6.073370000,46.458630000,1154.000
6.073440000,46.458610000,1154.000
6.073850000,46.458520000,1153.000
6.074170000,46.458450000,1153.000
6.074510000,46.458390000,1156.000
6.074580000,46.458370000,1154.000
6.074640000,46.458360000,1153.000
6.074750000,46.458330000,1153.000
6.074840000,46.458300000,1153.000
6.074940000,46.458260000,1153.000
6.075040000,46.458200000,1153.000
6.075130000,46.458140000,1154.000
6.075190000,46.458080000,1154.000
6.075240000,46.458010000,1155.000
6.075280000,46.457930000,1156.000
6.075310000,46.457840000,1156.000
6.075310000,46.457750000,1157.000
6.075290000,46.457650000,1158.000
6.075230000,46.457550000,1159.000
6.075160000,46.457450000,1160.000
6.075080000,46.457380000,1161.000
6.075000000,46.457330000,1162.000
6.074990000,46.457330000,1163.000
6.074420000,46.457000000,1162.000
6.074400000,46.456990000,1164.000
6.074200000,46.456880000,1166.000
6.074020000,46.456780000,1168.000
6.073790000,46.456650000,1169.000
6.073700000,46.456580000,1170.000
6.073650000,46.456540000,1170.000
6.073590000,46.456480000,1171.000
6.073510000,46.456370000,1171.000
6.073430000,46.456260000,1172.000
6.073330000,46.456150000,1173.000
6.073220000,46.456050000,1173.000
6.073050000,46.455930000,1173.000
6.073040000,46.455930000,1174.000
6.072760000,46.455740000,1174.000
6.072610000,46.455620000,1175.000
6.072470000,46.455480000,1175.000
6.072360000,46.455380000,1175.000
6.072350000,46.455380000,1175.000
6.072200000,46.455280000,1176.000
6.072170000,46.455260000,1176.000
6.072080000,46.455200000,1176.000
6.071890000,46.455110000,1176.000
6.071810000,46.455050000,1176.000
6.071770000,46.455030000,1176.000
6.071710000,46.454980000,1176.000
6.071640000,46.454910000,1176.000
6.071620000,46.454880000,1176.000
6.071550000,46.454770000,1176.000
6.071520000,46.454710000,1177.000
6.071390000,46.454480000,1177.000
6.071260000,46.454210000,1177.000
6.071240000,46.454180000,1177.000
6.071110000,46.453900000,1180.000
6.071010000,46.453690000,1179.000
6.070770000,46.453230000,1179.000
6.070710000,46.453090000,1178.000
6.070710000,46.453080000,1178.000
6.070680000,46.452990000,1178.000
6.070660000,46.452890000,1178.000
6.070650000,46.452750000,1178.000
6.070660000,46.452590000,1178.000
6.070690000,46.452440000,1178.000
6.070710000,46.452360000,1178.000
6.070720000,46.452320000,1178.000
6.070770000,46.452210000,1178.000
6.070870000,46.452090000,1183.000
6.070980000,46.451990000,1181.000
6.071090000,46.451900000,1180.000
6.071150000,46.451850000,1179.000
6.071260000,46.451760000,1179.000
6.071480000,46.451580000,1180.000
6.071740000,46.451400000,1180.000
6.072210000,46.451150000,1181.000
6.072360000,46.451070000,1183.000
6.072970000,46.450730000,1190.000
6.073230000,46.450600000,1190.000
6.073440000,46.450490000,1191.000
6.073960000,46.450220000,1192.000
6.074130000,46.450120000,1194.000
6.074250000,46.450030000,1195.000
6.074380000,46.449920000,1197.000
6.074460000,46.449830000,1198.000
6.074510000,46.449750000,1200.000
6.074590000,46.449670000,1201.000
6.074710000,46.449570000,1202.000
6.074860000,46.449470000,1204.000
6.075010000,46.449370000,1205.000
6.075120000,46.449310000,1205.000
6.075220000,46.449270000,1206.000
6.075450000,46.449160000,1206.000
6.075660000,46.449090000,1206.000
6.075760000,46.449050000,1206.000
6.075900000,46.449010000,1206.000
6.076120000,46.448940000,1206.000
6.076360000,46.448880000,1206.000
6.076790000,46.448790000,1206.000
6.076970000,46.448770000,1206.000
6.077190000,46.448700000,1207.000
6.077380000,46.448650000,1207.000
6.077520000,46.448620000,1207.000
6.077580000,46.448610000,1206.000
6.077660000,46.448600000,1206.000
6.077830000,46.448580000,1206.000
6.078010000,46.448580000,1206.000
6.078110000,46.448570000,1206.000
6.078280000,46.448560000,1206.000
6.078430000,46.448540000,1206.000
6.078560000,46.448510000,1205.000
6.078700000,46.448470000,1205.000
6.078810000,46.448430000,1205.000
6.078940000,46.448370000,1205.000
6.078980000,46.448350000,1205.000
6.079040000,46.448310000,1205.000
6.079200000,46.448200000,1205.000
6.079370000,46.448060000,1205.000
6.079820000,46.447660000,1208.000
6.080040000,46.447470000,1207.000
6.080310000,46.447210000,1206.000
6.080390000,46.447130000,1206.000
6.080450000,46.447020000,1206.000
6.080470000,46.446900000,1206.000
6.080460000,46.446820000,1206.000
6.080430000,46.446740000,1207.000
6.080380000,46.446650000,1207.000
6.080360000,46.446620000,1207.000
6.080250000,46.446480000,1208.000
6.080120000,46.446310000,1208.000
6.080080000,46.446220000,1209.000
6.080060000,46.446120000,1209.000
6.080050000,46.446030000,1210.000
6.080080000,46.445930000,1211.000
6.080130000,46.445810000,1211.000
6.080230000,46.445660000,1212.000
6.080470000,46.445360000,1213.000
6.080640000,46.445150000,1214.000
6.080720000,46.445070000,1215.000
6.080800000,46.445000000,1216.000
6.080910000,46.444920000,1217.000
6.080970000,46.444870000,1218.000
6.081040000,46.444830000,1219.000
6.081180000,46.444760000,1220.000
6.081220000,46.444740000,1221.000
6.081470000,46.444640000,1222.000
6.082030000,46.444430000,1224.000
6.082160000,46.444380000,1224.000
6.082200000,46.444360000,1225.000
6.082420000,46.444280000,1226.000
6.082590000,46.444220000,1227.000
6.082760000,46.444180000,1228.000
6.082840000,46.444160000,1228.000
6.082920000,46.444140000,1229.000
6.083060000,46.444120000,1230.000
6.083230000,46.444110000,1230.000
6.083300000,46.444110000,1230.000
6.083360000,46.444100000,1231.000
6.083500000,46.444080000,1231.000
6.083630000,46.444060000,1232.000
6.083750000,46.444040000,1232.000
6.083970000,46.443970000,1232.000
6.084200000,46.443860000,1233.000
6.084320000,46.443790000,1233.000
6.084480000,46.443700000,1234.000
6.084560000,46.443640000,1235.000
6.084670000,46.443570000,1235.000
6.084730000,46.443520000,1236.000
6.084800000,46.443460000,1236.000
6.084860000,46.443400000,1236.000
6.084890000,46.443360000,1237.000
6.084950000,46.443270000,1237.000
6.085000000,46.443150000,1237.000
6.085020000,46.443060000,1238.000
6.085010000,46.442950000,1238.000
6.084990000,46.442830000,1238.000
6.084920000,46.442710000,1239.000
6.084850000,46.442600000,1239.000
6.084530000,46.442370000,1240.000
6.084360000,46.442230000,1240.000
6.084300000,46.442190000,1241.000
6.084180000,46.442100000,1242.000
6.084060000,46.442000000,1242.000
6.083860000,46.441820000,1242.000
6.083840000,46.441800000,1243.000
6.083590000,46.441550000,1244.000
6.083320000,46.441330000,1244.000
6.083130000,46.441190000,1245.000
6.083030000,46.441130000,1245.000
6.082840000,46.441000000,1246.000
6.082650000,46.440880000,1247.000
6.082530000,46.440800000,1248.000
6.082270000,46.440630000,1249.000
6.082060000,46.440510000,1249.000
6.081800000,46.440390000,1249.000
6.081580000,46.440280000,1250.000
6.081540000,46.440270000,1250.000
6.081380000,46.440170000,1250.000
6.081310000,46.440120000,1250.000
6.081090000,46.439950000,1251.000
6.080910000,46.439760000,1251.000
6.080710000,46.439540000,1251.000
6.080480000,46.439290000,1251.000
6.080390000,46.439190000,1252.000
6.080260000,46.439070000,1252.000
6.080100000,46.438940000,1253.000
6.079930000,46.438830000,1253.000
6.079800000,46.438750000,1253.000
6.079630000,46.438650000,1254.000
6.079600000,46.438630000,1254.000
6.079480000,46.438540000,1254.000
6.079350000,46.438430000,1255.000
6.079240000,46.438310000,1255.000
6.079140000,46.438200000,1255.000
6.079110000,46.438160000,1256.000
6.079030000,46.438030000,1256.000
6.079000000,46.437990000,1256.000
6.078940000,46.437860000,1256.000
6.078780000,46.437560000,1256.000
6.078650000,46.437310000,1256.000
6.078590000,46.437190000,1255.000
6.078530000,46.437080000,1255.000
6.078430000,46.436840000,1254.000
6.078420000,46.436820000,1253.000
6.078380000,46.436670000,1253.000
6.078350000,46.436570000,1252.000
6.078300000,46.436460000,1252.000
6.078250000,46.436360000,1251.000
6.078170000,46.436270000,1250.000
6.078070000,46.436190000,1250.000
6.077760000,46.436010000,1249.000
6.077440000,46.435820000,1249.000
6.077160000,46.435610000,1249.000
6.077120000,46.435570000,1249.000
6.076960000,46.435420000,1249.000
6.076700000,46.435130000,1249.000
6.076460000,46.434890000,1250.000
6.076260000,46.434730000,1250.000
6.075870000,46.434490000,1250.000
6.075700000,46.434390000,1250.000
6.075530000,46.434290000,1250.000
6.075330000,46.434170000,1251.000
6.075180000,46.434100000,1251.000
6.075080000,46.434040000,1251.000
6.074960000,46.433980000,1251.000
6.074730000,46.433880000,1252.000
6.074620000,46.433810000,1252.000
6.074500000,46.433700000,1252.000
6.074410000,46.433590000,1252.000
6.074380000,46.433510000,1252.000
6.074350000,46.433360000,1252.000
6.074300000,46.433110000,1252.000
6.074260000,46.433000000,1252.000
6.074220000,46.432920000,1252.000
6.074170000,46.432830000,1252.000
6.074090000,46.432720000,1252.000
6.073970000,46.432610000,1252.000
6.073850000,46.432520000,1252.000
6.073730000,46.432430000,1252.000
6.073590000,46.432330000,1252.000
6.073310000,46.432140000,1253.000
6.073190000,46.432020000,1253.000
6.073100000,46.431910000,1253.000
6.073060000,46.431820000,1253.000
6.073050000,46.431810000,1253.000
6.073030000,46.431760000,1253.000
6.073030000,46.431750000,1253.000
6.073000000,46.431610000,1253.000
6.072960000,46.431480000,1253.000
6.072920000,46.431300000,1253.000
6.072830000,46.430940000,1253.000
6.072780000,46.430770000,1253.000
6.072780000,46.430750000,1253.000
6.072750000,46.430550000,1253.000
6.072740000,46.430410000,1254.000
6.072750000,46.430220000,1254.000
6.072760000,46.430180000,1254.000
6.072760000,46.430130000,1254.000
6.072760000,46.430020000,1254.000
6.072770000,46.430000000,1254.000
6.072770000,46.430000000,1254.000
6.072660000,46.429970000,1253.000
6.072650000,46.429970000,1253.000
6.072630000,46.429970000,1253.000
6.072630000,46.429960000,1253.000
6.072620000,46.429960000,1253.000
6.072610000,46.429940000,1253.000
6.072610000,46.429910000,1253.000
6.072620000,46.429820000,1253.000
6.072650000,46.429710000,1253.000
6.072650000,46.429630000,1253.000
6.072650000,46.429560000,1252.000
6.072650000,46.429530000,1252.000
6.072610000,46.429400000,1252.000
6.072590000,46.429360000,1252.000
6.072560000,46.429280000,1252.000
6.072550000,46.429250000,1251.000
6.072500000,46.429190000,1251.000
6.072460000,46.429130000,1251.000
6.072450000,46.429120000,1251.000
6.072360000,46.429030000,1251.000
6.072210000,46.428910000,1251.000
6.072190000,46.428900000,1250.000
6.072030000,46.428780000,1250.000
6.072010000,46.428770000,1250.000
6.071920000,46.428720000,1250.000
6.071800000,46.428660000,1249.000
6.071680000,46.428560000,1249.000
6.071630000,46.428530000,1249.000
6.071530000,46.428440000,1248.000
6.071450000,46.428350000,1248.000
6.071350000,46.428240000,1247.000
6.071270000,46.428190000,1247.000
6.071140000,46.428120000,1246.000
6.071060000,46.428070000,1246.000
6.070840000,46.427960000,1245.000
6.070650000,46.427860000,1245.000
6.070630000,46.427850000,1244.000
6.070500000,46.427800000,1244.000
6.070380000,46.427750000,1243.000
6.070280000,46.427710000,1243.000
6.070190000,46.427680000,1242.000
6.070120000,46.427670000,1242.000
6.070070000,46.427650000,1241.000
6.069800000,46.427610000,1241.000
6.069780000,46.427600000,1240.000
6.069670000,46.427570000,1240.000
6.069600000,46.427530000,1240.000
6.069580000,46.427520000,1239.000
6.069330000,46.427340000,1239.000
6.069210000,46.427260000,1238.000
6.069170000,46.427220000,1238.000
6.069120000,46.427190000,1238.000
6.069080000,46.427160000,1237.000
6.068850000,46.427020000,1237.000
6.068620000,46.426870000,1236.000
6.068450000,46.426750000,1236.000
6.068370000,46.426690000,1235.000
6.068280000,46.426620000,1234.000
6.068000000,46.426410000,1234.000
6.067650000,46.426140000,1232.000
6.067570000,46.426090000,1232.000
6.067240000,46.425850000,1231.000
6.066960000,46.425630000,1231.000
6.066750000,46.425470000,1231.000
6.066560000,46.425280000,1232.000
6.066480000,46.425210000,1232.000
6.066370000,46.425110000,1232.000
6.066220000,46.424990000,1233.000
6.066200000,46.424980000,1233.000
6.065980000,46.424810000,1234.000
6.065870000,46.424730000,1235.000
6.065750000,46.424610000,1235.000
6.065620000,46.424430000,1235.000
6.065490000,46.424300000,1234.000
6.065410000,46.424200000,1234.000
6.065400000,46.424200000,1233.000
6.065300000,46.424120000,1233.000
6.065230000,46.424060000,1232.000
6.065180000,46.424020000,1231.000
6.065050000,46.423930000,1231.000
6.064850000,46.423770000,1230.000
6.064510000,46.423520000,1229.000
6.064430000,46.423460000,1228.000
6.064120000,46.423220000,1225.000
6.063900000,46.423060000,1224.000
6.063760000,46.422930000,1223.000
6.063550000,46.422710000,1221.000
6.063470000,46.422610000,1220.000
6.063400000,46.422540000,1218.000
6.063380000,46.422520000,1217.000
6.063260000,46.422380000,1216.000
6.063170000,46.422260000,1215.000
6.063100000,46.422130000,1213.000
6.063030000,46.422040000,1212.000
6.062940000,46.421930000,1211.000
6.062810000,46.421820000,1210.000
6.062660000,46.421710000,1208.000
6.062550000,46.421620000,1207.000
6.062480000,46.421540000,1206.000
6.062430000,46.421460000,1205.000
6.062400000,46.421370000,1205.000
6.062380000,46.421260000,1204.000
6.062360000,46.421180000,1203.000
6.062340000,46.421130000,1203.000
6.062320000,46.421100000,1203.000
6.062250000,46.421000000,1202.000
6.062140000,46.420890000,1202.000
6.062120000,46.420870000,1201.000
6.062010000,46.420750000,1201.000
6.061870000,46.420580000,1201.000
6.061840000,46.420540000,1200.000
6.061720000,46.420430000,1200.000
6.061710000,46.420430000,1199.000
6.061650000,46.420370000,1199.000
6.061480000,46.420240000,1198.000
6.061470000,46.420230000,1198.000
6.061170000,46.419980000,1197.000
6.061030000,46.419870000,1197.000
6.060900000,46.419770000,1196.000
6.060750000,46.419680000,1195.000
6.060660000,46.419630000,1194.000
6.060570000,46.419550000,1193.000
6.060510000,46.419500000,1193.000
6.060450000,46.419450000,1192.000
6.060440000,46.419430000,1191.000
6.060360000,46.419350000,1191.000
6.060310000,46.419300000,1190.000
6.060290000,46.419280000,1190.000
6.060190000,46.419190000,1189.000
6.060180000,46.419180000,1189.000
6.060150000,46.419130000,1188.000
6.060020000,46.418980000,1188.000
6.059930000,46.418900000,1187.000
6.059840000,46.418840000,1186.000
6.059720000,46.418770000,1186.000
6.059530000,46.418670000,1185.000
6.059500000,46.418660000,1184.000
6.059320000,46.418570000,1183.000
6.059300000,46.418550000,1182.000
6.059100000,46.418440000,1182.000
6.059020000,46.418400000,1181.000
6.058910000,46.418340000,1181.000
6.058810000,46.418300000,1180.000
6.058720000,46.418260000,1180.000
6.058520000,46.418180000,1180.000
6.058420000,46.418130000,1179.000
6.058300000,46.418050000,1179.000
6.058210000,46.417970000,1178.000
6.058180000,46.417940000,1178.000
6.057960000,46.417750000,1178.000
6.057910000,46.417700000,1178.000
6.057690000,46.417570000,1177.000
6.057650000,46.417540000,1177.000
6.057330000,46.417360000,1177.000
6.057090000,46.417220000,1176.000
6.056980000,46.417150000,1176.000
6.056940000,46.417130000,1175.000
6.056580000,46.416930000,1174.000
6.056580000,46.416920000,1174.000
6.056480000,46.416880000,1173.000
6.056350000,46.416810000,1172.000
6.056190000,46.416740000,1172.000
6.056050000,46.416690000,1171.000
6.055900000,46.416650000,1171.000
6.055720000,46.416610000,1170.000
6.055550000,46.416580000,1169.000
6.055410000,46.416530000,1168.000
6.055320000,46.416490000,1168.000
6.055190000,46.416440000,1167.000
6.055170000,46.416430000,1166.000
6.055090000,46.416400000,1166.000
6.054970000,46.416350000,1165.000
6.054850000,46.416300000,1165.000
6.054740000,46.416260000,1165.000
6.054520000,46.416170000,1164.000
6.054410000,46.416130000,1164.000
6.054310000,46.416110000,1164.000
6.054220000,46.416100000,1163.000
6.054160000,46.416100000,1163.000
6.054020000,46.416100000,1163.000
6.053820000,46.416080000,1163.000
6.053690000,46.416050000,1163.000
6.053650000,46.416040000,1162.000
6.053520000,46.416010000,1162.000
6.053510000,46.416000000,1162.000
6.053420000,46.415960000,1162.000
6.053410000,46.415960000,1162.000
6.053330000,46.415910000,1162.000
6.053270000,46.415860000,1162.000
6.053200000,46.415770000,1161.000
6.053180000,46.415740000,1161.000
6.053150000,46.415670000,1161.000
6.053150000,46.415660000,1161.000
6.053090000,46.415490000,1161.000
6.053080000,46.415480000,1161.000
6.053030000,46.415320000,1160.000
6.053020000,46.415310000,1160.000
6.052960000,46.415180000,1160.000
6.052910000,46.415060000,1160.000
6.052890000,46.414980000,1159.000
6.052890000,46.414960000,1159.000
6.052880000,46.414840000,1159.000
6.052870000,46.414690000,1158.000
6.052840000,46.414620000,1158.000
6.052810000,46.414560000,1158.000
6.052740000,46.414490000,1157.000
6.052710000,46.414450000,1157.000
6.052640000,46.414400000,1157.000
6.052550000,46.414310000,1156.000
6.052500000,46.414260000,1156.000
6.052400000,46.414160000,1156.000
6.052380000,46.414120000,1155.000
6.052360000,46.414040000,1155.000
6.052350000,46.413990000,1155.000
6.052350000,46.413960000,1155.000
6.052370000,46.413810000,1154.000
6.052370000,46.413800000,1154.000
6.052430000,46.413560000,1154.000
6.052440000,46.413450000,1154.000
6.052440000,46.413420000,1154.000
6.052430000,46.413310000,1154.000
6.052420000,46.413270000,1154.000
6.052400000,46.413210000,1154.000
6.052360000,46.413100000,1154.000
6.052310000,46.412950000,1154.000
6.052300000,46.412920000,1154.000
6.052260000,46.412820000,1154.000
6.052230000,46.412750000,1154.000
6.052200000,46.412680000,1154.000
6.052140000,46.412600000,1154.000
6.052050000,46.412490000,1154.000
6.051980000,46.412440000,1155.000
6.051940000,46.412410000,1155.000
6.051800000,46.412330000,1155.000
6.051660000,46.412250000,1155.000
6.051580000,46.412200000,1156.000
6.051560000,46.412190000,1156.000
6.051480000,46.412110000,1156.000
6.051430000,46.412060000,1156.000
6.051380000,46.412010000,1156.000
6.051310000,46.411940000,1156.000
6.051280000,46.411910000,1156.000
6.051220000,46.411870000,1156.000
6.051110000,46.411800000,1156.000
6.051040000,46.411760000,1156.000
6.050960000,46.411720000,1156.000
6.050900000,46.411660000,1156.000
6.050890000,46.411660000,1157.000
6.050860000,46.411580000,1157.000
6.050860000,46.411490000,1157.000
6.050890000,46.411390000,1157.000
6.050890000,46.411310000,1157.000
6.050900000,46.411290000,1157.000
6.050870000,46.411180000,1157.000
6.050850000,46.411130000,1157.000
6.050820000,46.411030000,1158.000
6.050810000,46.410960000,1158.000
6.050800000,46.410930000,1158.000
6.050800000,46.410780000,1158.000
6.050800000,46.410750000,1158.000
6.050800000,46.410600000,1159.000
6.050800000,46.410510000,1159.000
6.050790000,46.410420000,1159.000
6.050790000,46.410350000,1158.000
6.050760000,46.410180000,1158.000
6.050750000,46.410060000,1157.000
6.050740000,46.409990000,1157.000
6.050700000,46.409880000,1156.000
6.050640000,46.409760000,1156.000
6.050620000,46.409710000,1155.000
6.050570000,46.409620000,1155.000
6.050520000,46.409540000,1154.000
6.050480000,46.409480000,1153.000
6.050410000,46.409380000,1153.000
6.050400000,46.409370000,1152.000
6.050290000,46.409270000,1151.000
6.050250000,46.409240000,1151.000
6.050160000,46.409180000,1150.000
6.050060000,46.409120000,1150.000
6.050050000,46.409110000,1149.000
6.049960000,46.409070000,1149.000
6.049840000,46.409040000,1148.000
6.049830000,46.409040000,1148.000
6.049740000,46.409010000,1147.000
6.049640000,46.408960000,1147.000
6.049620000,46.408940000,1147.000
6.049560000,46.408890000,1146.000
6.049490000,46.408780000,1146.000
6.049410000,46.408630000,1146.000
6.049240000,46.408390000,1145.000
6.049060000,46.408160000,1145.000
6.049010000,46.408110000,1145.000
6.048810000,46.407890000,1144.000
6.048550000,46.407660000,1144.000
6.048310000,46.407420000,1143.000
6.048120000,46.407220000,1142.000
6.048030000,46.407130000,1142.000
6.047780000,46.406890000,1141.000
6.047460000,46.406570000,1140.000
6.047340000,46.406450000,1139.000
6.047290000,46.406410000,1138.000
6.047270000,46.406400000,1137.000
6.047200000,46.406340000,1136.000
6.047060000,46.406260000,1135.000
6.046910000,46.406150000,1134.000
6.046750000,46.406030000,1133.000
6.046750000,46.406020000,1133.000
6.046600000,46.405880000,1132.000
6.046510000,46.405780000,1131.000
6.046470000,46.405720000,1130.000
6.046460000,46.405710000,1130.000
6.046400000,46.405610000,1130.000
6.046360000,46.405560000,1129.000
6.046350000,46.405540000,1129.000
6.046340000,46.405530000,1129.000
6.046250000,46.405460000,1129.000
6.046160000,46.405400000,1128.000
6.046020000,46.405340000,1128.000
6.045980000,46.405320000,1128.000
6.045780000,46.405250000,1128.000
6.045740000,46.405240000,1127.000
6.045720000,46.405240000,1127.000
6.045520000,46.405180000,1127.000
6.045270000,46.405110000,1127.000
6.045100000,46.405050000,1126.000
6.045030000,46.405020000,1126.000
6.044930000,46.404980000,1126.000
6.044740000,46.404880000,1125.000
6.044600000,46.404810000,1125.000
6.044560000,46.404790000,1125.000
6.044340000,46.404660000,1124.000
6.044100000,46.404510000,1124.000
6.043960000,46.404420000,1124.000
6.043810000,46.404350000,1123.000
6.043760000,46.404330000,1122.000
6.043570000,46.404230000,1122.000
6.043460000,46.404170000,1121.000
6.043310000,46.404040000,1120.000
6.043240000,46.403980000,1120.000
6.043140000,46.403900000,1119.000
6.043070000,46.403850000,1118.000
6.043060000,46.403830000,1118.000
6.043010000,46.403800000,1117.000
6.042920000,46.403700000,1117.000
6.042900000,46.403690000,1116.000
6.042800000,46.403590000,1116.000
6.042760000,46.403540000,1116.000
6.042700000,46.403470000,1115.000
6.042650000,46.403400000,1115.000
6.042620000,46.403360000,1114.000
6.042540000,46.403260000,1114.000
6.042520000,46.403240000,1114.000
6.042450000,46.403180000,1113.000
6.042340000,46.403110000,1113.000
6.042180000,46.403020000,1113.000
6.041970000,46.402920000,1112.000
6.041720000,46.402780000,1112.000
6.041700000,46.402770000,1111.000
6.041530000,46.402660000,1111.000
6.041510000,46.402650000,1110.000
6.041470000,46.402620000,1110.000
6.041360000,46.402520000,1110.000
6.041340000,46.402510000,1109.000
6.041280000,46.402460000,1109.000
6.041190000,46.402390000,1108.000
6.041170000,46.402370000,1108.000
6.041110000,46.402320000,1108.000
6.041000000,46.402260000,1108.000
6.040890000,46.402190000,1107.000
6.040810000,46.402140000,1107.000
6.040640000,46.402040000,1107.000
6.040420000,46.401910000,1106.000
6.040390000,46.401900000,1105.000
6.040260000,46.401800000,1105.000
6.040210000,46.401770000,1104.000
6.040100000,46.401670000,1104.000
6.040050000,46.401630000,1103.000
6.039930000,46.401520000,1102.000
6.039760000,46.401350000,1102.000
6.039750000,46.401340000,1101.000
6.039740000,46.401340000,1101.000
6.039480000,46.401110000,1100.000
6.039210000,46.400890000,1099.000
6.039090000,46.400800000,1098.000
6.038990000,46.400720000,1097.000
6.038900000,46.400650000,1096.000
6.038820000,46.400600000,1096.000
6.038600000,46.400400000,1095.000
6.038440000,46.400260000,1094.000
6.038420000,46.400250000,1094.000
6.038270000,46.400130000,1093.000
6.038090000,46.399990000,1092.000
6.038050000,46.399970000,1092.000
6.037930000,46.399890000,1091.000
6.037670000,46.399750000,1091.000
6.037670000,46.399740000,1090.000
6.037490000,46.399630000,1090.000
6.037480000,46.399620000,1089.000
6.037390000,46.399550000,1089.000
6.037330000,46.399480000,1089.000
6.037280000,46.399430000,1088.000
6.037200000,46.399320000,1088.000
6.037190000,46.399310000,1087.000
6.037150000,46.399250000,1087.000
6.037070000,46.399170000,1086.000
6.037050000,46.399150000,1086.000
6.036930000,46.399060000,1086.000
6.036890000,46.399030000,1086.000
6.036880000,46.399020000,1085.000
6.036730000,46.398930000,1085.000
6.036690000,46.398900000,1085.000
6.036500000,46.398770000,1084.000
6.036330000,46.398660000,1084.000
6.036240000,46.398610000,1084.000
6.036010000,46.398490000,1083.000
6.035850000,46.398420000,1082.000
6.035710000,46.398360000,1082.000
6.035660000,46.398350000,1081.000
6.035520000,46.398320000,1081.000
6.035500000,46.398320000,1080.000
6.035310000,46.398290000,1080.000
6.035250000,46.398280000,1079.000
6.035080000,46.398250000,1079.000
6.035000000,46.398230000,1079.000
6.034850000,46.398190000,1078.000
6.034760000,46.398160000,1078.000
6.034530000,46.398080000,1078.000
6.034520000,46.398080000,1078.000
6.034290000,46.398000000,1078.000
6.034240000,46.397990000,1078.000
6.033860000,46.397840000,1078.000
6.033830000,46.397830000,1078.000
6.033750000,46.397790000,1077.000
6.033620000,46.397720000,1077.000
6.033560000,46.397690000,1077.000
6.033540000,46.397680000,1077.000
6.033410000,46.397620000,1077.000
6.033390000,46.397600000,1077.000
6.033280000,46.397530000,1077.000
6.033220000,46.397490000,1077.000
6.033170000,46.397440000,1077.000
6.033160000,46.397440000,1077.000
6.033070000,46.397350000,1077.000
6.032940000,46.397230000,1076.000
6.032910000,46.397200000,1076.000
6.032860000,46.397150000,1076.000
6.032700000,46.397000000,1075.000
6.032560000,46.396850000,1075.000
6.032490000,46.396770000,1075.000
6.032480000,46.396760000,1074.000
6.032390000,46.396640000,1073.000
6.032360000,46.396590000,1073.000
6.032340000,46.396540000,1072.000
6.032340000,46.396530000,1072.000
6.032320000,46.396420000,1072.000
6.032310000,46.396350000,1071.000
6.032310000,46.396240000,1071.000
6.032310000,46.396100000,1070.000
6.032320000,46.396060000,1070.000
6.032330000,46.395990000,1069.000
6.032350000,46.395810000,1069.000
6.032360000,46.395790000,1068.000
6.032410000,46.395510000,1067.000
6.032420000,46.395460000,1067.000
6.032460000,46.395280000,1067.000
6.032490000,46.395170000,1066.000
6.032490000,46.395140000,1066.000
6.032500000,46.395100000,1065.000
6.032530000,46.394930000,1065.000
6.032530000,46.394920000,1065.000
6.032530000,46.394840000,1065.000
6.032520000,46.394810000,1065.000
6.032500000,46.394760000,1064.000
6.032440000,46.394640000,1064.000
6.032300000,46.394480000,1064.000
6.032170000,46.394330000,1064.000
6.032120000,46.394280000,1064.000
6.032010000,46.394170000,1064.000
6.031840000,46.394050000,1063.000
6.031730000,46.394000000,1063.000
6.031560000,46.393930000,1063.000
6.031440000,46.393880000,1063.000
6.031340000,46.393830000,1063.000
6.031250000,46.393760000,1063.000
6.031180000,46.393690000,1062.000
6.031040000,46.393540000,1062.000
6.030900000,46.393410000,1062.000
6.030810000,46.393350000,1062.000
6.030730000,46.393300000,1062.000
6.030610000,46.393240000,1062.000
6.030480000,46.393170000,1062.000
6.030330000,46.393100000,1062.000
6.030150000,46.393020000,1062.000
6.030120000,46.393000000,1062.000
6.029970000,46.392940000,1062.000
6.029900000,46.392900000,1062.000
6.029860000,46.392880000,1062.000
6.029750000,46.392840000,1062.000
6.029630000,46.392780000,1062.000
6.029390000,46.392710000,1062.000
6.029240000,46.392650000,1061.000
6.029240000,46.392650000,1061.000
6.029220000,46.392650000,1061.000
6.029220000,46.392640000,1061.000
6.029100000,46.392600000,1061.000
6.028990000,46.392540000,1060.000
6.028860000,46.392460000,1060.000
6.028800000,46.392430000,1060.000
6.028770000,46.392420000,1059.000
6.028650000,46.392360000,1059.000
6.028540000,46.392320000,1058.000
6.028410000,46.392290000,1058.000
6.028410000,46.392280000,1057.000
6.028340000,46.392270000,1057.000
6.028170000,46.392230000,1057.000
6.028120000,46.392220000,1056.000
6.028090000,46.392210000,1056.000
6.027920000,46.392160000,1055.000
6.027910000,46.392160000,1055.000
6.027690000,46.392080000,1054.000
6.027630000,46.392060000,1054.000
6.027390000,46.391970000,1053.000
6.027230000,46.391910000,1053.000
6.027160000,46.391890000,1052.000
6.027080000,46.391860000,1051.000
6.027000000,46.391820000,1051.000
6.026960000,46.391800000,1050.000
6.026940000,46.391790000,1050.000
6.026870000,46.391740000,1049.000
6.026810000,46.391700000,1049.000
6.026750000,46.391660000,1049.000
6.026660000,46.391590000,1048.000
6.026580000,46.391500000,1048.000
6.026530000,46.391440000,1048.000
6.026510000,46.391410000,1047.000
6.026480000,46.391370000,1047.000
6.026460000,46.391300000,1047.000
6.026440000,46.391240000,1047.000
6.026430000,46.391180000,1046.000
6.026430000,46.391040000,1046.000
6.026430000,46.391000000,1046.000
6.026440000,46.390880000,1045.000
6.026440000,46.390840000,1045.000
6.026440000,46.390680000,1045.000
6.026440000,46.390560000,1044.000
6.026440000,46.390460000,1044.000
6.026430000,46.390430000,1044.000
6.026410000,46.390340000,1043.000
6.026360000,46.390250000,1043.000
6.026300000,46.390180000,1042.000
6.026240000,46.390110000,1042.000
6.026060000,46.389930000,1042.000
6.026040000,46.389920000,1041.000
6.025920000,46.389800000,1041.000
6.025910000,46.389790000,1040.000
6.025900000,46.389780000,1040.000
6.025760000,46.389640000,1039.000
6.025600000,46.389470000,1039.000
6.025440000,46.389280000,1038.000
6.025240000,46.389040000,1037.000
6.025140000,46.388930000,1036.000
6.025030000,46.388850000,1035.000
6.024940000,46.388790000,1034.000
6.024850000,46.388760000,1034.000
6.024660000,46.388710000,1033.000
6.024480000,46.388660000,1032.000
6.024420000,46.388640000,1031.000
6.024350000,46.388610000,1031.000
6.024210000,46.388540000,1031.000
6.024200000,46.388540000,1031.000
6.024080000,46.388460000,1031.000
6.024020000,46.388410000,1031.000
6.023980000,46.388380000,1031.000
6.023860000,46.388260000,1031.000
6.023610000,46.387990000,1031.000
6.023350000,46.387730000,1031.000
6.023230000,46.387590000,1031.000
6.023160000,46.387510000,1031.000
6.023100000,46.387410000,1031.000
6.023020000,46.387290000,1031.000
6.022980000,46.387220000,1031.000
6.022970000,46.387200000,1031.000
6.022890000,46.387100000,1031.000
6.022770000,46.387000000,1030.000
6.022630000,46.386880000,1030.000
6.022490000,46.386780000,1029.000
6.022380000,46.386720000,1028.000
6.022250000,46.386670000,1028.000
6.022100000,46.386620000,1027.000
6.022020000,46.386610000,1026.000
6.021900000,46.386580000,1026.000
6.021770000,46.386550000,1025.000
6.021740000,46.386540000,1024.000
6.021630000,46.386490000,1024.000
6.021550000,46.386450000,1023.000
6.021530000,46.386440000,1022.000
6.021420000,46.386360000,1022.000
6.021370000,46.386320000,1021.000
6.021310000,46.386260000,1021.000
6.021230000,46.386170000,1020.000
6.021200000,46.386130000,1020.000
6.021150000,46.386070000,1019.000
6.021110000,46.386010000,1018.000
6.020980000,46.385620000,1018.000
6.020920000,46.385440000,1017.000
6.020870000,46.385310000,1016.000
6.020860000,46.385270000,1015.000
6.020790000,46.385100000,1015.000
6.020720000,46.384920000,1014.000
6.020680000,46.384830000,1013.000
6.020660000,46.384750000,1012.000
6.020500000,46.384330000,1011.000
6.020460000,46.384230000,1010.000
6.020390000,46.384050000,1009.000
6.020350000,46.383920000,1009.000
6.020330000,46.383880000,1008.000
6.020280000,46.383780000,1008.000
6.020240000,46.383710000,1007.000
6.020220000,46.383680000,1007.000
6.020150000,46.383580000,1007.000
6.020050000,46.383510000,1007.000
6.019850000,46.383400000,1007.000
6.019710000,46.383330000,1007.000
6.019630000,46.383290000,1006.000
6.019490000,46.383220000,1006.000
6.019440000,46.383200000,1006.000
6.019270000,46.383130000,1006.000
6.019220000,46.383120000,1006.000
6.019030000,46.383060000,1006.000
6.018820000,46.382990000,1006.000
6.018800000,46.382980000,1006.000
6.018610000,46.382920000,1005.000
6.018560000,46.382900000,1005.000
6.018460000,46.382850000,1005.000
6.018310000,46.382770000,1005.000
6.018150000,46.382680000,1005.000
6.018130000,46.382670000,1004.000
6.017960000,46.382550000,1004.000
6.017870000,46.382490000,1004.000
6.017600000,46.382300000,1003.000
6.017450000,46.382200000,1003.000
6.017410000,46.382170000,1003.000
6.017190000,46.382020000,1002.000
6.017050000,46.381920000,1002.000
6.016890000,46.381800000,1002.000
6.016870000,46.381780000,1001.000
6.016700000,46.381640000,1001.000
6.016610000,46.381550000,1000.000
6.016570000,46.381490000,1000.000
6.016530000,46.381420000,999.000
6.016450000,46.381260000,999.000
6.016400000,46.381150000,998.000
6.016330000,46.380980000,998.000
6.016280000,46.380870000,997.000
6.016250000,46.380810000,996.000
6.016170000,46.380630000,996.000
6.016100000,46.380470000,995.000
6.016030000,46.380290000,994.000
6.016230000,46.380240000,993.000
6.016510000,46.380150000,992.000
6.016590000,46.380130000,992.000
6.016740000,46.380070000,991.000
6.016790000,46.380060000,991.000
6.016970000,46.379990000,990.000
6.017160000,46.379890000,990.000
6.017480000,46.379700000,990.000
6.017480000,46.379700000,990.000
6.017560000,46.379650000,990.000
6.017660000,46.379590000,990.000
6.017700000,46.379560000,990.000
6.018080000,46.379310000,991.000
6.018110000,46.379280000,991.000
6.018260000,46.379170000,991.000
6.018360000,46.379100000,991.000
6.018430000,46.379040000,992.000
6.018460000,46.379010000,992.000
6.018570000,46.378900000,992.000
6.018580000,46.378890000,992.000
6.018660000,46.378810000,993.000
6.018700000,46.378760000,993.000
6.018730000,46.378730000,994.000
6.018810000,46.378610000,994.000
6.018820000,46.378600000,995.000
6.018860000,46.378520000,996.000
6.018870000,46.378500000,996.000
6.018900000,46.378430000,997.000
6.018930000,46.378350000,998.000
6.018940000,46.378250000,999.000
6.018960000,46.378140000,1000.000
6.018970000,46.378070000,1001.000
6.018990000,46.377910000,1002.000
6.018990000,46.377890000,1003.000
6.019030000,46.377600000,1005.000
6.019040000,46.377440000,1006.000
6.019040000,46.377370000,1008.000
6.019030000,46.377350000,1010.000
6.018960000,46.377260000,1011.000
6.018890000,46.377210000,1013.000
6.018870000,46.377200000,1015.000
6.018670000,46.377100000,1015.000
6.018440000,46.376990000,1016.000
6.018090000,46.376830000,1016.000
6.018020000,46.376800000,1016.000
6.017800000,46.376710000,1016.000
6.017700000,46.376680000,1016.000
6.017580000,46.376620000,1016.000
6.017440000,46.376550000,1016.000
6.017370000,46.376510000,1016.000
6.016950000,46.376300000,1016.000
6.016850000,46.376250000,1016.000
6.016620000,46.376130000,1016.000
6.016470000,46.376040000,1016.000
6.016370000,46.375950000,1015.000
6.016200000,46.375820000,1015.000
6.016170000,46.375800000,1014.000
6.016030000,46.375680000,1014.000
6.015940000,46.375600000,1013.000
6.015870000,46.375540000,1012.000
6.015770000,46.375440000,1012.000
6.015700000,46.375400000,1011.000
6.015630000,46.375350000,1010.000
6.015500000,46.375290000,1010.000
6.015490000,46.375290000,1009.000
6.015290000,46.375210000,1009.000
6.015270000,46.375200000,1008.000
6.015120000,46.375170000,1007.000
6.015020000,46.375150000,1007.000
6.014810000,46.375100000,1006.000
6.014770000,46.375090000,1006.000
6.014460000,46.375040000,1005.000
6.014410000,46.375040000,1004.000
6.014310000,46.375020000,1004.000
6.014180000,46.374970000,1004.000
6.014070000,46.374920000,1004.000
6.013910000,46.374800000,1004.000
6.013870000,46.374770000,1004.000
6.013740000,46.374660000,1005.000
6.013520000,46.374500000,1006.000
6.013510000,46.374490000,1007.000
6.013310000,46.374370000,1008.000
6.013280000,46.374350000,1009.000
6.013090000,46.374260000,1010.000
6.012900000,46.374160000,1011.000
6.012720000,46.374090000,1012.000
6.012650000,46.374060000,1013.000
6.012570000,46.374030000,1014.000
6.012390000,46.373980000,1016.000
6.012250000,46.373940000,1017.000
6.012170000,46.373920000,1018.000
6.012100000,46.373910000,1018.000
6.011960000,46.373900000,1018.000
6.011910000,46.373900000,1018.000
6.011800000,46.373890000,1018.000
6.011650000,46.373880000,1018.000
6.011580000,46.373880000,1018.000
6.011430000,46.373860000,1018.000
6.011400000,46.373850000,1018.000
6.011300000,46.373820000,1017.000
6.011160000,46.373780000,1017.000
6.010990000,46.373700000,1017.000
6.010940000,46.373680000,1016.000
6.010800000,46.373610000,1016.000
6.010730000,46.373570000,1015.000
6.010540000,46.373450000,1015.000
6.010300000,46.373350000,1015.000
6.010080000,46.373240000,1014.000
6.010020000,46.373200000,1013.000
6.009860000,46.373110000,1013.000
6.009830000,46.373080000,1012.000
6.009730000,46.373000000,1012.000
6.009730000,46.372990000,1012.000
6.009680000,46.372930000,1012.000
6.009620000,46.372870000,1012.000
6.009590000,46.372840000,1012.000
6.009540000,46.372790000,1012.000
6.009530000,46.372790000,1012.000
6.009370000,46.372660000,1012.000
6.009360000,46.372650000,1012.000
6.009210000,46.372550000,1012.000
6.009060000,46.372480000,1012.000
6.008850000,46.372400000,1012.000
6.008650000,46.372340000,1012.000
6.008470000,46.372280000,1012.000
6.008360000,46.372240000,1012.000
6.008040000,46.372130000,1012.000
6.007770000,46.372030000,1012.000
6.007550000,46.371950000,1012.000
6.007450000,46.371910000,1012.000
6.007310000,46.371850000,1012.000
6.007170000,46.371760000,1012.000
6.007040000,46.371660000,1012.000
6.007030000,46.371650000,1012.000
6.007000000,46.371620000,1012.000
6.006880000,46.371480000,1012.000
6.006810000,46.371390000,1012.000
6.006740000,46.371300000,1012.000
6.006720000,46.371280000,1012.000
6.006580000,46.371140000,1012.000
6.006440000,46.370990000,1012.000
6.006420000,46.370980000,1012.000
6.006310000,46.370910000,1012.000
6.006220000,46.370870000,1012.000
6.006160000,46.370840000,1011.000
6.005960000,46.370760000,1011.000
6.005680000,46.370650000,1011.000
6.005520000,46.370590000,1010.000
6.005480000,46.370570000,1010.000
6.005440000,46.370560000,1010.000
6.005230000,46.370470000,1009.000
6.004940000,46.370340000,1009.000
6.004570000,46.370170000,1008.000
6.004450000,46.370110000,1007.000
6.004280000,46.370020000,1006.000
6.004160000,46.369940000,1006.000
6.004140000,46.369920000,1005.000
6.004000000,46.369800000,1004.000
6.003980000,46.369790000,1004.000
6.003840000,46.369660000,1003.000
6.003780000,46.369620000,1003.000
6.003700000,46.369590000,1003.000
6.003630000,46.369560000,1002.000
6.003560000,46.369540000,1002.000
6.003390000,46.369500000,1002.000
6.003380000,46.369500000,1002.000
6.003140000,46.369450000,1002.000
6.003130000,46.369450000,1002.000
6.002900000,46.369400000,1002.000
6.002880000,46.369400000,1002.000
6.002640000,46.369330000,1002.000
6.002570000,46.369310000,1001.000
6.002400000,46.369260000,1001.000
6.002350000,46.369250000,1001.000
6.002180000,46.369190000,1001.000
6.002160000,46.369180000,1001.000
6.002120000,46.369170000,1001.000
6.001930000,46.369110000,1001.000
6.001860000,46.369080000,1001.000
6.001630000,46.369010000,1001.000
6.001450000,46.368960000,1001.000
6.001280000,46.368910000,1001.000
6.001210000,46.368890000,1001.000
6.001150000,46.368870000,1001.000
6.001140000,46.368870000,1001.000
6.001090000,46.368860000,1001.000
6.001010000,46.368850000,1001.000
6.000960000,46.368840000,1001.000
6.000840000,46.368830000,1001.000
6.000700000,46.368830000,1001.000
6.000570000,46.368820000,1001.000
6.000440000,46.368810000,1001.000
6.000270000,46.368810000,1001.000
6.000180000,46.368800000,1001.000
6.000120000,46.368790000,1001.000
5.999990000,46.368770000,1001.000
5.999830000,46.368730000,1001.000
5.999690000,46.368700000,1001.000
5.999590000,46.368670000,1001.000
5.999450000,46.368630000,1001.000
5.999320000,46.368590000,1001.000
5.999210000,46.368550000,1001.000
5.998970000,46.368480000,1001.000
5.998850000,46.368440000,1000.000
5.998800000,46.368420000,1000.000
5.998740000,46.368390000,1000.000
5.998660000,46.368350000,1000.000
5.998650000,46.368340000,999.000
5.998610000,46.368300000,999.000
5.998560000,46.368270000,999.000
5.998550000,46.368260000,999.000
5.998450000,46.368160000,999.000
5.998360000,46.368040000,998.000
5.998280000,46.367960000,998.000
5.998240000,46.367920000,998.000
5.998060000,46.367720000,997.000
5.997940000,46.367580000,996.000
5.997900000,46.367540000,996.000
5.997810000,46.367450000,995.000
5.997710000,46.367360000,995.000
5.997660000,46.367330000,994.000
5.997550000,46.367250000,993.000
5.997480000,46.367200000,993.000
5.997300000,46.367060000,992.000
5.997130000,46.366930000,992.000
5.996980000,46.366770000,992.000
5.996980000,46.366770000,992.000
5.996910000,46.366730000,992.000
5.996860000,46.366690000,992.000
5.996630000,46.366510000,992.000
5.996380000,46.366340000,992.000
5.996260000,46.366260000,992.000
5.996260000,46.366260000,992.000
5.996010000,46.366160000,992.000
5.995620000,46.366000000,993.000
5.995500000,46.365950000,993.000
5.995340000,46.365890000,994.000
5.995110000,46.365800000,994.000
5.994970000,46.365740000,994.000
5.994660000,46.365620000,995.000
5.994600000,46.365610000,995.000
5.994550000,46.365600000,995.000
5.994490000,46.365570000,995.000
5.994400000,46.365540000,995.000
5.994200000,46.365450000,995.000
5.994140000,46.365430000,995.000
5.994090000,46.365410000,995.000
5.994030000,46.365380000,995.000
5.994000000,46.365370000,996.000
5.993970000,46.365360000,996.000
5.993910000,46.365320000,996.000
5.993850000,46.365280000,996.000
5.993780000,46.365240000,996.000
5.993700000,46.365200000,996.000
5.993580000,46.365150000,996.000
5.993500000,46.365110000,996.000
5.993390000,46.365070000,996.000
5.993300000,46.365020000,996.000
5.993010000,46.364900000,997.000
5.992750000,46.364800000,997.000
5.992630000,46.364740000,997.000
5.992520000,46.364690000,997.000
5.992220000,46.364540000,996.000
5.992020000,46.364430000,996.000
5.991820000,46.364310000,995.000
5.991640000,46.364190000,995.000
5.991440000,46.364040000,995.000
5.991330000,46.363950000,994.000
5.990970000,46.363640000,993.000
5.990850000,46.363550000,993.000
5.990760000,46.363480000,992.000
5.990720000,46.363450000,992.000
5.990530000,46.363330000,992.000
5.990360000,46.363230000,991.000
5.990160000,46.363120000,991.000
5.990130000,46.363110000,991.000
5.990080000,46.363090000,991.000
5.989900000,46.363010000,991.000
5.989810000,46.362970000,991.000
5.989700000,46.362930000,991.000
5.989630000,46.362890000,991.000
5.989560000,46.362860000,991.000
5.989380000,46.362780000,991.000
5.989230000,46.362700000,991.000
5.989090000,46.362600000,991.000
5.988970000,46.362490000,991.000
5.988830000,46.362350000,991.000
5.988720000,46.362240000,991.000
5.988710000,46.362230000,991.000
5.988630000,46.362160000,991.000
5.988590000,46.362120000,991.000
5.988580000,46.362110000,991.000
5.988440000,46.362020000,991.000
5.988270000,46.361920000,991.000
5.988050000,46.361800000,991.000
5.987990000,46.361750000,992.000
5.987930000,46.361710000,992.000
5.987830000,46.361610000,992.000
5.987690000,46.361480000,993.000
5.987480000,46.361320000,993.000
5.987210000,46.361140000,994.000
5.987190000,46.361120000,994.000
5.987010000,46.360990000,994.000
5.986960000,46.360950000,994.000
5.986920000,46.360930000,994.000
5.986900000,46.360910000,994.000
5.986840000,46.360860000,994.000
5.986800000,46.360840000,994.000
5.986780000,46.360820000,994.000
5.986760000,46.360800000,994.000
5.986710000,46.360770000,994.000
5.986630000,46.360710000,993.000
5.986310000,46.360460000,993.000
5.986290000,46.360450000,992.000
5.986220000,46.360390000,992.000
5.986190000,46.360360000,992.000
5.986140000,46.360330000,991.000
5.986100000,46.360290000,991.000
5.986090000,46.360280000,991.000
5.986020000,46.360230000,991.000
5.985980000,46.360190000,990.000
5.985940000,46.360150000,990.000
5.985710000,46.359950000,990.000
5.985490000,46.359810000,989.000
5.985460000,46.359780000,989.000
5.985420000,46.359760000,988.000
5.985330000,46.359710000,988.000
5.985320000,46.359700000,988.000
5.985130000,46.359610000,987.000
5.984890000,46.359500000,987.000
5.984760000,46.359430000,987.000
5.984590000,46.359330000,986.000
5.984520000,46.359280000,986.000
5.984430000,46.359220000,985.000
5.984310000,46.359110000,985.000
5.984030000,46.358830000,985.000
5.984030000,46.358820000,984.000
5.983910000,46.358690000,984.000
5.983890000,46.358680000,983.000
5.983720000,46.358540000,983.000
5.983530000,46.358410000,983.000
5.983480000,46.358380000,982.000
5.983400000,46.358330000,982.000
5.983380000,46.358320000,981.000
5.983290000,46.358260000,981.000
5.983230000,46.358220000,981.000
5.983150000,46.358170000,980.000
5.983080000,46.358120000,980.000
5.982960000,46.358040000,979.000
5.982910000,46.358010000,979.000
5.982850000,46.357960000,978.000
5.982790000,46.357910000,978.000
5.982730000,46.357860000,977.000
5.982640000,46.357770000,977.000
5.982530000,46.357660000,976.000
5.982520000,46.357650000,975.000
5.982390000,46.357490000,975.000
5.982350000,46.357440000,974.000
5.982230000,46.357230000,973.000
5.982130000,46.357000000,972.000
5.981980000,46.356670000,970.000
5.981980000,46.356660000,969.000
5.981780000,46.356370000,968.000
5.981620000,46.356160000,967.000
5.981560000,46.356070000,966.000
5.981530000,46.356030000,966.000
5.981380000,46.355820000,965.000
5.981300000,46.355700000,965.000
5.981280000,46.355650000,964.000
5.981250000,46.355570000,963.000
5.980940000,46.355080000,963.000
5.980540000,46.354590000,962.000
5.980280000,46.354250000,961.000
5.980200000,46.354120000,961.000
5.980160000,46.354070000,960.000
5.980070000,46.353900000,959.000
5.979980000,46.353690000,959.000
5.979890000,46.353540000,959.000
5.979750000,46.353350000,958.000
5.979610000,46.353220000,958.000
5.979610000,46.353210000,957.000
5.979420000,46.353100000,957.000
5.979310000,46.353030000,957.000
5.979230000,46.352980000,957.000
5.979030000,46.352860000,956.000
5.978860000,46.352710000,956.000
5.978720000,46.352560000,956.000
5.978500000,46.352330000,955.000
5.978440000,46.352260000,955.000
5.978300000,46.352110000,954.000
5.978280000,46.352080000,954.000
5.978060000,46.351850000,954.000
5.977890000,46.351680000,953.000
5.977570000,46.351430000,952.000
5.977260000,46.351170000,952.000
5.976980000,46.350940000,952.000
5.976850000,46.350790000,952.000
5.976810000,46.350750000,952.000
5.976700000,46.350620000,952.000
5.976560000,46.350390000,952.000
5.976330000,46.350080000,953.000
5.976250000,46.349990000,953.000
5.975720000,46.349380000,954.000
5.975650000,46.349300000,955.000
5.975330000,46.348940000,955.000
5.975130000,46.348700000,955.000
5.974970000,46.348520000,954.000
5.974850000,46.348370000,954.000
5.974770000,46.348270000,954.000
5.974620000,46.348050000,953.000
5.974620000,46.348040000,952.000
5.974510000,46.347880000,952.000
5.974360000,46.347660000,951.000
5.974150000,46.347360000,950.000
5.973940000,46.347110000,949.000
5.973890000,46.347050000,948.000
5.973760000,46.346900000,947.000
5.973670000,46.346800000,946.000
5.973330000,46.346430000,945.000
5.973060000,46.346140000,943.000
5.973000000,46.346070000,941.000
5.972910000,46.345990000,940.000
5.972760000,46.345840000,940.000
5.972620000,46.345700000,940.000
5.972360000,46.345470000,940.000
5.972200000,46.345300000,941.000
5.972160000,46.345250000,942.000
5.972020000,46.345100000,943.000
5.971890000,46.344950000,944.000
5.971820000,46.344860000,945.000
5.971650000,46.344650000,946.000
5.971500000,46.344480000,948.000
5.971490000,46.344470000,949.000
5.971240000,46.344240000,950.000
5.971070000,46.344080000,950.000
5.970870000,46.343880000,951.000
5.970720000,46.343710000,951.000
5.970620000,46.343590000,951.000
5.970560000,46.343510000,951.000
5.970470000,46.343410000,950.000
5.970330000,46.343300000,950.000
5.970210000,46.343220000,949.000
5.969780000,46.342970000,949.000
5.969200000,46.342620000,948.000
5.969150000,46.342590000,948.000
5.968710000,46.342320000,948.000
5.968620000,46.342250000,947.000
5.968500000,46.342160000,947.000
5.968450000,46.342120000,947.000
5.968340000,46.342020000,946.000
5.968300000,46.341970000,946.000
5.968240000,46.341920000,946.000
5.968180000,46.341820000,946.000
5.968080000,46.341670000,946.000
5.968010000,46.341480000,946.000
5.967910000,46.341180000,945.000
5.967900000,46.341120000,945.000
5.967790000,46.340740000,945.000
5.967730000,46.340600000,944.000
5.967660000,46.340430000,944.000
5.967490000,46.340030000,944.000
5.967370000,46.339810000,943.000
5.967330000,46.339740000,943.000
5.967220000,46.339580000,942.000
5.966860000,46.339010000,942.000
5.966820000,46.338960000,942.000
5.966590000,46.338640000,941.000
5.966470000,46.338490000,941.000
5.966380000,46.338380000,940.000
5.966230000,46.338250000,940.000
5.966000000,46.338090000,940.000
5.965980000,46.338070000,940.000
5.965810000,46.337950000,940.000
5.965800000,46.337940000,940.000
5.965790000,46.337940000,940.000
5.965590000,46.337750000,940.000
5.965410000,46.337480000,940.000
5.965300000,46.337330000,940.000
5.965300000,46.337320000,940.000
5.965240000,46.337240000,940.000
5.965190000,46.337160000,940.000
5.965180000,46.337150000,940.000
5.965110000,46.337050000,940.000
5.965060000,46.337010000,940.000
5.965050000,46.337000000,940.000
5.964880000,46.336880000,940.000
5.964870000,46.336870000,940.000
5.964750000,46.336790000,940.000
5.964680000,46.336740000,940.000
5.964490000,46.336620000,940.000
5.964450000,46.336600000,940.000
5.964320000,46.336510000,940.000
5.964300000,46.336500000,940.000
5.964270000,46.336470000,940.000
5.964200000,46.336420000,940.000
5.964130000,46.336360000,940.000
5.964100000,46.336330000,940.000
5.963990000,46.336210000,940.000
5.963780000,46.335970000,941.000
5.963670000,46.335890000,941.000
5.963530000,46.335790000,941.000
5.963520000,46.335780000,942.000
5.963490000,46.335760000,942.000
5.963310000,46.335630000,942.000
5.963280000,46.335610000,942.000
5.963100000,46.335430000,943.000
5.962700000,46.335040000,944.000
5.962270000,46.334590000,944.000
5.962230000,46.334550000,944.000
5.962000000,46.334280000,945.000
5.961910000,46.334180000,945.000
5.961730000,46.333980000,946.000
5.961710000,46.333960000,946.000
5.961590000,46.333830000,947.000
5.961580000,46.333820000,947.000
5.961460000,46.333670000,947.000
5.961430000,46.333630000,948.000
5.961320000,46.333510000,948.000
5.961200000,46.333350000,949.000
5.961100000,46.333180000,949.000
5.961000000,46.333030000,950.000
5.961000000,46.333010000,950.000
5.960930000,46.332850000,951.000
5.960820000,46.332590000,951.000
5.960800000,46.332540000,952.000
5.960630000,46.332210000,953.000
5.960630000,46.332200000,954.000
5.960450000,46.331920000,955.000
5.960420000,46.331870000,956.000
5.960360000,46.331750000,957.000
5.960270000,46.331590000,958.000
5.960220000,46.331450000,958.000
5.960200000,46.331410000,958.000
5.960130000,46.331300000,957.000
5.960050000,46.331180000,957.000
5.959880000,46.331010000,956.000
5.959670000,46.330840000,955.000
5.959540000,46.330770000,953.000
5.959440000,46.330720000,952.000
5.959430000,46.330720000,951.000
5.959410000,46.330710000,950.000
5.959260000,46.330640000,949.000
5.959210000,46.330630000,948.000
5.959080000,46.330570000,947.000
5.959040000,46.330550000,946.000
5.959000000,46.330520000,946.000
5.958970000,46.330510000,945.000
5.958850000,46.330440000,944.000
5.958730000,46.330340000,943.000
5.958670000,46.330280000,942.000
5.958610000,46.330190000,942.000
5.958580000,46.330130000,941.000
5.958570000,46.330070000,941.000
5.958570000,46.329970000,941.000
5.958580000,46.329950000,941.000
5.958610000,46.329880000,941.000
5.958680000,46.329790000,941.000
5.958690000,46.329780000,941.000
5.958710000,46.329750000,941.000
5.958830000,46.329630000,941.000
5.958840000,46.329620000,941.000
5.958860000,46.329600000,941.000
5.958870000,46.329590000,941.000
5.958920000,46.329500000,941.000
5.958940000,46.329470000,941.000
5.958950000,46.329440000,941.000
5.958950000,46.329430000,941.000
5.958970000,46.329340000,941.000
5.958960000,46.329260000,941.000
5.958960000,46.329240000,941.000
5.958950000,46.329190000,941.000
5.958910000,46.329120000,941.000
5.958900000,46.329100000,941.000
5.958810000,46.329010000,941.000
5.958760000,46.328970000,941.000
5.958730000,46.328940000,941.000
5.958710000,46.328930000,941.000
5.958700000,46.328930000,941.000
5.958580000,46.328820000,941.000
5.958530000,46.328750000,941.000
5.958480000,46.328670000,941.000
5.958460000,46.328620000,941.000
5.958460000,46.328610000,941.000
5.958450000,46.328530000,941.000
5.958450000,46.328490000,941.000
5.958450000,46.328460000,941.000
5.958440000,46.328340000,940.000
5.958440000,46.328280000,940.000
5.958440000,46.328120000,940.000
5.958430000,46.328100000,939.000
5.958420000,46.327990000,939.000
5.958400000,46.327930000,939.000
5.958380000,46.327870000,938.000
5.958320000,46.327790000,938.000
5.958240000,46.327710000,938.000
5.958130000,46.327630000,937.000
5.958120000,46.327630000,937.000
5.957990000,46.327550000,936.000
5.957960000,46.327530000,936.000
5.957920000,46.327510000,936.000
5.957900000,46.327500000,935.000
5.957740000,46.327410000,935.000
5.957630000,46.327330000,935.000
5.957570000,46.327280000,934.000
5.957540000,46.327260000,934.000
5.957510000,46.327230000,934.000
5.957450000,46.327160000,933.000
5.957430000,46.327140000,933.000
5.957410000,46.327110000,933.000
5.957380000,46.327060000,932.000
5.957350000,46.326970000,932.000
5.957330000,46.326920000,932.000
5.957300000,46.326810000,931.000
5.957300000,46.326760000,931.000
5.957280000,46.326590000,931.000
5.957280000,46.326580000,930.000
5.957270000,46.326490000,930.000
5.957250000,46.326400000,929.000
5.957250000,46.326380000,928.000
5.957200000,46.326260000,928.000
5.957150000,46.326140000,927.000
5.957120000,46.326090000,927.000
5.957090000,46.326030000,926.000
5.957020000,46.325920000,926.000
5.956990000,46.325870000,925.000
5.956960000,46.325820000,925.000
5.956900000,46.325750000,924.000
5.956800000,46.325590000,924.000
5.956630000,46.325360000,922.000
5.956550000,46.325240000,922.000
5.956520000,46.325210000,921.000
5.956380000,46.325020000,920.000
5.956260000,46.324860000,920.000
5.956190000,46.324750000,919.000
5.956150000,46.324680000,919.000
5.956120000,46.324610000,918.000
5.956100000,46.324530000,918.000
5.956090000,46.324460000,917.000
5.956100000,46.324370000,917.000
5.956120000,46.324270000,916.000
5.956130000,46.324240000,916.000
5.956140000,46.324180000,916.000
5.956170000,46.324090000,916.000
5.956200000,46.323940000,915.000
5.956220000,46.323840000,915.000
5.956250000,46.323620000,915.000
5.956260000,46.323610000,914.000
5.956250000,46.323540000,914.000
5.956210000,46.323450000,913.000
5.956130000,46.323340000,913.000
5.955940000,46.323140000,913.000
5.955860000,46.323070000,912.000
5.955800000,46.323000000,912.000
5.955790000,46.322990000,912.000
5.955680000,46.322890000,911.000
5.955630000,46.322850000,911.000
5.955600000,46.322810000,911.000
5.955520000,46.322730000,910.000
5.955450000,46.322650000,910.000
5.955380000,46.322560000,910.000
5.955320000,46.322470000,909.000
5.955270000,46.322390000,909.000
5.955240000,46.322350000,909.000
5.955210000,46.322300000,908.000
5.955140000,46.322190000,908.000
5.955070000,46.322060000,908.000
5.955010000,46.321960000,907.000
5.954930000,46.321820000,907.000
5.954880000,46.321730000,907.000
5.954820000,46.321660000,906.000
5.954750000,46.321580000,906.000
5.954660000,46.321500000,906.000
5.954590000,46.321440000,906.000
5.954520000,46.321390000,906.000
5.954370000,46.321280000,906.000
5.954200000,46.321160000,905.000
5.954180000,46.321130000,905.000
5.954140000,46.321100000,905.000
5.954060000,46.321020000,905.000
5.954020000,46.320990000,905.000
5.953970000,46.320940000,905.000
5.953870000,46.320820000,905.000
5.953760000,46.320710000,904.000
5.953740000,46.320690000,904.000
5.953650000,46.320580000,904.000
5.953500000,46.320400000,904.000
5.953330000,46.320210000,904.000
5.953170000,46.320040000,904.000
5.953130000,46.319990000,904.000
5.953060000,46.319910000,904.000
5.953040000,46.319890000,904.000
5.952630000,46.319460000,904.000
5.952480000,46.319320000,904.000
5.952400000,46.319250000,904.000
5.952290000,46.319160000,904.000
5.952150000,46.319060000,904.000
5.952050000,46.318990000,904.000
5.951920000,46.318880000,904.000
5.951740000,46.318730000,903.000
5.951610000,46.318610000,903.000
5.951470000,46.318460000,903.000
5.951410000,46.318400000,903.000
5.951320000,46.318320000,903.000
5.951280000,46.318270000,903.000
5.951210000,46.318200000,903.000
5.951150000,46.318120000,903.000
5.951100000,46.318040000,903.000
5.951050000,46.317960000,902.000
5.951020000,46.317910000,902.000
5.950950000,46.317800000,902.000
5.950870000,46.317670000,902.000
5.950850000,46.317640000,902.000
5.950820000,46.317590000,902.000
5.950790000,46.317540000,902.000
5.950770000,46.317510000,902.000
5.950710000,46.317400000,902.000
5.950650000,46.317290000,902.000
5.950540000,46.317070000,902.000
5.950480000,46.316940000,902.000
5.950420000,46.316820000,902.000
5.950370000,46.316690000,902.000
5.950310000,46.316550000,902.000
5.950250000,46.316410000,902.000
5.950190000,46.316300000,902.000
5.950140000,46.316220000,902.000
5.950050000,46.316130000,902.000
5.949970000,46.316030000,902.000
5.949950000,46.316000000,902.000
5.949850000,46.315870000,902.000
5.949670000,46.315610000,903.000
5.949560000,46.315450000,903.000
5.949480000,46.315340000,903.000
5.949400000,46.315230000,902.000
5.949340000,46.315130000,902.000
5.949310000,46.315100000,901.000
5.949210000,46.314960000,901.000
5.949130000,46.314850000,901.000
5.948930000,46.314580000,900.000
5.948870000,46.314490000,899.000
5.948830000,46.314450000,899.000
5.948750000,46.314330000,898.000
5.948710000,46.314270000,897.000
5.948590000,46.314110000,897.000
5.948510000,46.314010000,896.000
5.948460000,46.313950000,895.000
5.948390000,46.313850000,895.000
5.948330000,46.313780000,895.000
5.948270000,46.313690000,895.000
5.948250000,46.313680000,895.000
5.948110000,46.313490000,895.000
5.948010000,46.313380000,895.000
5.947950000,46.313280000,896.000
5.947900000,46.313220000,897.000
5.947880000,46.313180000,897.000
5.947830000,46.313100000,898.000
5.947790000,46.313010000,898.000
5.947720000,46.312880000,899.000
5.947670000,46.312780000,900.000
5.947630000,46.312710000,900.000
5.947620000,46.312680000,901.000
5.947540000,46.312540000,902.000
5.947530000,46.312520000,902.000
5.947450000,46.312370000,903.000
5.947440000,46.312360000,904.000
5.947390000,46.312250000,905.000
5.947290000,46.312060000,906.000
5.947220000,46.311940000,906.000
5.947150000,46.311810000,906.000
5.947110000,46.311710000,906.000
5.947100000,46.311700000,906.000
5.947070000,46.311620000,906.000
5.947040000,46.311520000,906.000
5.947040000,46.311510000,906.000
5.947010000,46.311420000,906.000
5.946990000,46.311300000,906.000
5.946980000,46.311230000,906.000
5.946930000,46.311000000,906.000
5.946900000,46.310860000,906.000
5.946850000,46.310770000,905.000
5.946800000,46.310690000,905.000
5.946680000,46.310500000,905.000
5.946620000,46.310410000,905.000
5.946600000,46.310380000,905.000
5.946560000,46.310320000,904.000
5.946460000,46.310150000,904.000
5.946390000,46.310010000,904.000
5.946340000,46.309900000,904.000
5.946260000,46.309740000,903.000
5.946210000,46.309600000,903.000
5.946160000,46.309490000,903.000
5.946100000,46.309290000,903.000
5.946080000,46.309250000,902.000
5.945980000,46.308970000,902.000
5.945960000,46.308930000,902.000
5.945920000,46.308820000,902.000
5.945910000,46.308790000,901.000
5.945810000,46.308500000,901.000
5.945750000,46.308300000,901.000
5.945730000,46.308220000,901.000
5.945710000,46.308170000,900.000
5.945640000,46.307940000,900.000
5.945600000,46.307800000,900.000
5.945510000,46.307550000,900.000
5.945450000,46.307380000,900.000
5.945440000,46.307370000,900.000
5.945360000,46.307230000,899.000
5.945270000,46.307050000,899.000
5.945170000,46.306910000,899.000
5.945100000,46.306810000,899.000
5.944980000,46.306640000,899.000
5.944890000,46.306510000,899.000
5.944810000,46.306410000,899.000
5.944680000,46.306230000,898.000
5.944600000,46.306090000,898.000
5.944530000,46.305980000,898.000
5.944440000,46.305830000,898.000
5.944410000,46.305790000,898.000
5.944390000,46.305750000,898.000
5.944300000,46.305620000,898.000
5.944180000,46.305440000,898.000
5.944130000,46.305350000,898.000
5.944020000,46.305190000,898.000
5.943940000,46.305070000,898.000
5.943930000,46.305050000,898.000
5.943890000,46.305000000,898.000
5.943840000,46.304930000,897.000
5.943750000,46.304860000,897.000
5.943630000,46.304770000,897.000
5.943550000,46.304730000,897.000
5.943480000,46.304690000,897.000
5.943330000,46.304600000,896.000
5.943130000,46.304470000,896.000
5.942980000,46.304360000,896.000
5.942840000,46.304250000,895.000
5.942820000,46.304240000,895.000
5.942610000,46.304090000,895.000
5.942410000,46.303960000,894.000
5.942240000,46.303870000,894.000
5.942220000,46.303860000,894.000
5.941980000,46.303710000,893.000
5.941870000,46.303640000,893.000
5.941850000,46.303630000,893.000
5.941370000,46.303360000,892.000
5.941350000,46.303350000,892.000
5.940990000,46.303110000,892.000
5.940600000,46.302840000,891.000
5.940560000,46.302790000,891.000
5.940450000,46.302590000,891.000
5.940420000,46.302540000,890.000
5.940310000,46.302340000,890.000
5.940310000,46.302330000,890.000
5.940250000,46.302210000,890.000
5.940200000,46.302110000,889.000
5.940160000,46.302030000,889.000
5.940140000,46.301970000,889.000
5.940040000,46.301790000,889.000
5.940020000,46.301750000,888.000
5.939950000,46.301660000,888.000
5.939830000,46.301500000,888.000
5.939740000,46.301410000,888.000
5.939660000,46.301320000,887.000
5.939470000,46.301100000,887.000
5.939390000,46.301010000,887.000
5.939310000,46.300930000,886.000
5.939260000,46.300860000,886.000
5.939190000,46.300750000,886.000
5.939090000,46.300550000,885.000
5.939020000,46.300350000,885.000
5.938970000,46.300170000,885.000
5.938900000,46.299900000,885.000
5.938820000,46.299660000,885.000
5.938730000,46.299490000,886.000
5.938630000,46.299350000,886.000
5.938570000,46.299260000,886.000
5.938510000,46.299180000,887.000
5.938360000,46.299030000,887.000
5.938250000,46.298890000,888.000
5.938160000,46.298800000,889.000
5.938110000,46.298750000,889.000
5.937980000,46.298640000,889.000
5.937870000,46.298540000,889.000
5.937750000,46.298460000,889.000
5.937580000,46.298350000,889.000
5.937330000,46.298220000,889.000
5.937070000,46.298080000,889.000
5.936950000,46.298020000,888.000
5.936860000,46.297950000,888.000
5.936790000,46.297900000,888.000
5.936720000,46.297820000,887.000
5.936580000,46.297680000,887.000
5.936410000,46.297470000,886.000
5.936130000,46.297130000,886.000
5.936010000,46.296980000,886.000
5.935840000,46.296750000,886.000
5.935780000,46.296670000,886.000
5.935480000,46.296280000,886.000
5.935440000,46.296220000,886.000
5.935340000,46.296110000,886.000
5.935300000,46.296070000,886.000
5.935220000,46.295990000,886.000
5.935130000,46.295920000,886.000
5.935030000,46.295860000,886.000
5.934940000,46.295810000,886.000
5.934830000,46.295770000,886.000
5.934660000,46.295710000,886.000
5.934500000,46.295650000,886.000
5.934410000,46.295610000,886.000
5.934330000,46.295560000,887.000
5.934230000,46.295490000,887.000
5.934070000,46.295330000,888.000
5.934030000,46.295280000,889.000
5.933900000,46.295160000,889.000
5.933810000,46.295080000,890.000
5.933690000,46.294990000,891.000
5.933540000,46.294900000,891.000
5.933310000,46.294780000,892.000
5.933150000,46.294700000,893.000
5.933100000,46.294670000,894.000
5.932860000,46.294550000,895.000
5.932690000,46.294440000,896.000
5.932560000,46.294350000,896.000
5.932520000,46.294310000,897.000
5.932470000,46.294270000,897.000
5.932400000,46.294190000,898.000
5.932380000,46.294160000,898.000
5.932320000,46.294070000,898.000
5.932280000,46.293980000,899.000
5.932250000,46.293880000,899.000
5.932220000,46.293770000,899.000
5.932200000,46.293570000,899.000
5.932170000,46.293390000,900.000
5.932150000,46.293280000,900.000
5.932120000,46.293200000,900.000
5.932080000,46.293110000,901.000
5.932020000,46.292990000,901.000
5.931940000,46.292860000,901.000
5.931800000,46.292670000,902.000
5.931670000,46.292520000,902.000
5.931540000,46.292430000,902.000
5.931430000,46.292370000,903.000
5.931320000,46.292310000,903.000
5.931110000,46.292230000,903.000
5.930830000,46.292120000,903.000
5.930700000,46.292070000,903.000
5.930620000,46.292030000,904.000
5.930550000,46.291980000,904.000
5.930470000,46.291910000,904.000
5.930390000,46.291830000,904.000
5.930390000,46.291820000,905.000
5.930340000,46.291760000,905.000
5.930300000,46.291700000,905.000
5.930240000,46.291580000,905.000
5.930220000,46.291490000,905.000
5.930170000,46.291370000,905.000
5.930090000,46.291120000,905.000
5.930080000,46.291100000,905.000
5.930020000,46.290960000,905.000
5.930020000,46.290950000,905.000
5.929960000,46.290840000,905.000
5.929860000,46.290640000,905.000
5.929840000,46.290610000,905.000
5.929790000,46.290490000,905.000
5.929760000,46.290440000,905.000
5.929720000,46.290340000,905.000
5.929680000,46.290270000,905.000
5.929630000,46.290180000,905.000
5.929560000,46.290090000,905.000
5.929470000,46.290000000,905.000
5.929380000,46.289910000,905.000
5.929230000,46.289760000,905.000
5.929220000,46.289750000,905.000
5.929120000,46.289660000,905.000
5.929050000,46.289590000,905.000
5.928980000,46.289520000,906.000
5.928940000,46.289460000,906.000
5.928910000,46.289400000,906.000
5.928890000,46.289340000,907.000
5.928880000,46.289300000,907.000
5.928850000,46.289180000,907.000
5.928830000,46.289080000,908.000
5.928820000,46.288990000,908.000
5.928820000,46.288970000,908.000
5.928820000,46.288920000,909.000
5.928820000,46.288840000,909.000
5.928840000,46.288740000,909.000
5.928850000,46.288640000,910.000
5.928850000,46.288540000,910.000
5.928840000,46.288480000,910.000
5.928820000,46.288420000,911.000
5.928790000,46.288350000,911.000
5.928750000,46.288280000,911.000
5.928690000,46.288200000,911.000
5.928590000,46.288100000,911.000
5.928560000,46.288070000,910.000
5.928470000,46.287990000,910.000
5.928330000,46.287870000,910.000
5.928250000,46.287780000,909.000
5.928180000,46.287690000,908.000
5.928130000,46.287610000,907.000
5.928120000,46.287600000,907.000
5.928080000,46.287500000,906.000
5.928060000,46.287440000,905.000
5.928050000,46.287390000,905.000
5.928010000,46.287280000,904.000
5.927970000,46.287080000,903.000
5.927930000,46.286910000,902.000
5.927910000,46.286830000,901.000
5.927850000,46.286530000,899.000
5.927790000,46.286280000,899.000
5.927760000,46.286200000,898.000
5.927710000,46.285990000,898.000
5.927660000,46.285840000,897.000
5.927650000,46.285780000,897.000
5.927600000,46.285650000,897.000
5.927560000,46.285560000,897.000
5.927530000,46.285500000,897.000
5.927490000,46.285400000,897.000
5.927420000,46.285240000,898.000
5.927390000,46.285150000,898.000
5.927360000,46.285080000,898.000
5.927320000,46.284980000,899.000
5.927270000,46.284820000,899.000
5.927170000,46.284600000,900.000
5.927100000,46.284450000,900.000
5.927020000,46.284290000,900.000
5.926930000,46.284120000,901.000
5.926840000,46.283990000,901.000
5.926750000,46.283890000,901.000
5.926670000,46.283810000,902.000
5.926650000,46.283790000,902.000
5.926530000,46.283680000,902.000
5.926400000,46.283550000,902.000
5.926280000,46.283420000,903.000
5.926210000,46.283320000,903.000
5.926100000,46.283130000,903.000
5.926050000,46.283020000,904.000
5.925980000,46.282880000,904.000
5.925860000,46.282670000,904.000
5.925840000,46.282630000,904.000
5.925770000,46.282520000,904.000
5.925740000,46.282460000,904.000
5.925710000,46.282390000,903.000
5.925670000,46.282290000,903.000
5.925670000,46.282280000,903.000
5.925660000,46.282220000,902.000
5.925650000,46.282110000,902.000
5.925650000,46.282100000,902.000
5.925650000,46.281980000,901.000
5.925640000,46.281930000,901.000
5.925640000,46.281640000,901.000
5.925630000,46.281570000,900.000
5.925620000,46.281400000,899.000
5.925620000,46.281390000,899.000
5.925610000,46.281310000,898.000
5.925590000,46.281220000,898.000
5.925530000,46.281070000,897.000
5.925450000,46.280860000,896.000
5.925440000,46.280770000,896.000
5.925430000,46.280680000,895.000
5.925430000,46.280600000,895.000
5.925450000,46.280500000,894.000
5.925460000,46.280500000,894.000
5.925480000,46.280410000,894.000
5.925510000,46.280320000,893.000
5.925530000,46.280250000,893.000
5.925600000,46.280020000,892.000
5.925610000,46.279970000,892.000
5.925650000,46.279860000,892.000
5.925690000,46.279720000,891.000
5.925720000,46.279600000,891.000
5.925730000,46.279540000,890.000
5.925730000,46.279500000,890.000
5.925730000,46.279400000,889.000
5.925720000,46.279260000,889.000
5.925690000,46.279010000,888.000
5.925690000,46.278960000,887.000
5.925640000,46.278610000,886.000
5.925620000,46.278520000,885.000
5.925580000,46.278420000,884.000
5.925550000,46.278360000,883.000
5.925500000,46.278270000,882.000
5.925260000,46.277990000,881.000
5.925200000,46.277920000,880.000
5.925140000,46.277860000,879.000
5.925010000,46.277740000,878.000
5.924880000,46.277620000,877.000
5.924800000,46.277550000,876.000
5.924620000,46.277340000,875.000
5.924520000,46.277230000,874.000
5.924440000,46.277130000,874.000
5.924420000,46.277100000,874.000
5.924330000,46.276990000,873.000
5.924300000,46.276940000,873.000
5.924220000,46.276830000,873.000
5.924120000,46.276690000,873.000
5.924080000,46.276630000,873.000
5.923950000,46.276460000,873.000
5.923900000,46.276400000,873.000
5.923850000,46.276360000,873.000
5.923770000,46.276300000,874.000
5.923710000,46.276260000,874.000
5.923650000,46.276230000,874.000
5.923580000,46.276200000,874.000
5.923470000,46.276170000,874.000
5.923340000,46.276120000,874.000
5.923230000,46.276100000,875.000
5.923100000,46.276080000,875.000
5.923020000,46.276060000,875.000
5.922880000,46.276050000,875.000
5.922760000,46.276040000,874.000
5.922620000,46.276020000,874.000
5.922350000,46.275980000,873.000
5.922130000,46.275930000,873.000
5.922030000,46.275910000,872.000
5.921910000,46.275880000,871.000
5.921780000,46.275850000,871.000
5.921740000,46.275840000,870.000
5.921620000,46.275800000,869.000
5.921500000,46.275750000,869.000
5.921360000,46.275680000,868.000
5.921220000,46.275590000,868.000
5.921090000,46.275500000,867.000
5.920980000,46.275420000,866.000
5.920870000,46.275320000,865.000
5.920820000,46.275260000,864.000
5.920780000,46.275220000,864.000
5.920680000,46.275120000,863.000
5.920670000,46.275110000,863.000
5.920590000,46.275030000,862.000
5.920490000,46.274930000,862.000
5.920400000,46.274840000,861.000
5.920270000,46.274740000,861.000
5.920150000,46.274640000,861.000
5.920010000,46.274550000,860.000
5.919840000,46.274470000,860.000
5.919710000,46.274400000,859.000
5.919560000,46.274350000,859.000
5.919440000,46.274290000,858.000
5.919380000,46.274250000,858.000
5.919360000,46.274240000,858.000
5.919150000,46.274070000,857.000
5.919050000,46.273980000,857.000
5.918980000,46.273920000,856.000
5.918910000,46.273830000,856.000
5.918890000,46.273800000,855.000
5.918820000,46.273700000,855.000
5.918760000,46.273620000,854.000
5.918700000,46.273560000,853.000
5.918640000,46.273520000,853.000
5.918530000,46.273500000,852.000
5.918300000,46.273470000,852.000
5.918150000,46.273460000,851.000
5.918000000,46.273440000,850.000
5.917920000,46.273420000,849.000
5.917820000,46.273400000,849.000
5.917760000,46.273370000,848.000
5.917730000,46.273360000,847.000
5.917650000,46.273320000,847.000
5.917590000,46.273270000,846.000
5.917520000,46.273210000,846.000
5.917450000,46.273150000,845.000
5.917380000,46.273070000,845.000
5.917300000,46.272990000,844.000
5.917270000,46.272960000,843.000
5.917150000,46.272830000,842.000
5.917000000,46.272650000,842.000
5.916910000,46.272560000,841.000
5.916890000,46.272530000,841.000
5.916780000,46.272400000,840.000
5.916700000,46.272320000,840.000
5.916620000,46.272220000,839.000
5.916530000,46.272120000,839.000
5.916510000,46.272100000,839.000
5.916450000,46.272020000,838.000
5.916360000,46.271880000,838.000
5.916260000,46.271750000,837.000
5.916180000,46.271650000,837.000
5.916150000,46.271620000,837.000
5.916100000,46.271570000,836.000
5.916020000,46.271500000,836.000
5.916000000,46.271480000,836.000
5.915930000,46.271420000,836.000
5.915850000,46.271350000,835.000
5.915830000,46.271340000,835.000
5.915720000,46.271270000,835.000
5.915590000,46.271180000,835.000
5.915370000,46.270980000,834.000
5.915320000,46.270940000,834.000
5.915250000,46.270870000,834.000
5.915170000,46.270790000,833.000
5.915030000,46.270660000,833.000
5.915020000,46.270640000,832.000
5.914870000,46.270500000,832.000
5.914820000,46.270450000,831.000
5.914580000,46.270200000,831.000
5.914570000,46.270200000,830.000
5.914440000,46.270050000,830.000
5.914370000,46.269970000,829.000
5.914320000,46.269900000,829.000
5.914320000,46.269890000,828.000
5.914290000,46.269830000,828.000
5.914260000,46.269750000,827.000
5.914240000,46.269720000,827.000
5.914210000,46.269650000,827.000
5.914180000,46.269580000,827.000
5.914150000,46.269550000,826.000
5.914140000,46.269530000,826.000
5.914100000,46.269500000,826.000
5.914050000,46.269470000,826.000
5.913980000,46.269440000,826.000
5.913950000,46.269440000,826.000
5.913890000,46.269430000,826.000
5.913760000,46.269410000,826.000
5.913620000,46.269390000,825.000
5.913470000,46.269370000,825.000
5.913330000,46.269350000,825.000
5.913200000,46.269320000,825.000
5.913100000,46.269290000,825.000
5.912960000,46.269240000,824.000
5.912870000,46.269220000,824.000
5.912790000,46.269210000,824.000
5.912680000,46.269220000,824.000
5.912590000,46.269230000,824.000
5.912460000,46.269260000,824.000
5.912310000,46.269290000,823.000
5.912200000,46.269310000,823.000
5.912160000,46.269310000,823.000
5.912060000,46.269310000,823.000
5.911940000,46.269290000,823.000
5.911830000,46.269280000,823.000
5.911690000,46.269260000,822.000
5.911670000,46.269250000,822.000
5.911480000,46.269220000,821.000
5.911440000,46.269210000,821.000
5.911290000,46.269170000,821.000
5.911200000,46.269150000,820.000
5.911020000,46.269110000,820.000
5.910950000,46.269090000,819.000
5.910770000,46.269050000,818.000
5.910620000,46.269000000,818.000
5.910480000,46.268950000,817.000
5.910320000,46.268890000,816.000
5.910250000,46.268860000,816.000
5.910210000,46.268840000,815.000
5.910040000,46.268750000,814.000
5.909970000,46.268720000,814.000
5.909880000,46.268660000,813.000
5.909840000,46.268640000,813.000
5.909770000,46.268600000,812.000
5.909650000,46.268520000,811.000
5.909640000,46.268520000,811.000
5.909550000,46.268450000,810.000
5.909460000,46.268400000,810.000
5.909450000,46.268400000,809.000
5.909380000,46.268360000,809.000
5.909160000,46.268260000,808.000
5.909010000,46.268190000,808.000
5.908910000,46.268130000,807.000
5.908820000,46.268080000,806.000
5.908800000,46.268070000,806.000
5.908700000,46.268010000,805.000
5.908630000,46.267960000,804.000
5.908610000,46.267950000,804.000
5.908460000,46.267830000,803.000
5.908330000,46.267730000,803.000
5.908170000,46.267600000,802.000
5.908050000,46.267490000,801.000
5.907960000,46.267410000,800.000
5.907880000,46.267330000,799.000
5.907810000,46.267260000,798.000
5.907770000,46.267210000,798.000
5.907690000,46.267130000,797.000
5.907670000,46.267110000,796.000
5.907540000,46.267010000,796.000
5.907500000,46.266980000,796.000
5.907450000,46.266940000,795.000
5.907350000,46.266890000,795.000
5.907290000,46.266860000,795.000
5.907230000,46.266840000,795.000
5.907080000,46.266760000,795.000
5.906970000,46.266700000,794.000
5.906880000,46.266650000,794.000
5.906860000,46.266640000,794.000
5.906690000,46.266530000,794.000
5.906660000,46.266510000,794.000
5.906490000,46.266400000,794.000
5.906430000,46.266360000,794.000
5.906310000,46.266280000,793.000
5.906130000,46.266150000,793.000
5.905950000,46.266020000,793.000
5.905860000,46.265950000,793.000
5.905780000,46.265880000,793.000
5.905650000,46.265790000,793.000
5.905610000,46.265750000,793.000
5.905520000,46.265660000,793.000
5.905460000,46.265600000,793.000
5.905430000,46.265570000,793.000
5.905370000,46.265480000,794.000
5.905350000,46.265440000,794.000
5.905340000,46.265410000,794.000
5.905320000,46.265320000,794.000
5.905310000,46.265260000,795.000
5.905290000,46.265190000,795.000
5.905280000,46.265090000,795.000
5.905280000,46.265080000,796.000
5.905260000,46.265000000,796.000
5.905240000,46.264910000,796.000
5.905240000,46.264900000,796.000
5.905210000,46.264820000,797.000
5.905170000,46.264700000,797.000
5.905100000,46.264560000,797.000
5.905010000,46.264420000,798.000
5.904910000,46.264290000,799.000
5.904810000,46.264140000,799.000
5.904600000,46.263820000,799.000
5.904540000,46.263760000,800.000
5.904430000,46.263640000,800.000
5.904250000,46.263510000,800.000
5.904100000,46.263380000,800.000
5.903940000,46.263210000,800.000
5.903920000,46.263180000,801.000
5.903800000,46.263020000,801.000
5.903790000,46.263010000,801.000
5.903770000,46.262980000,801.000
5.903650000,46.262800000,801.000
5.903630000,46.262730000,802.000
5.903610000,46.262690000,802.000
5.903600000,46.262620000,802.000
5.903600000,46.262560000,802.000
5.903600000,46.262510000,802.000
5.903600000,46.262500000,802.000
5.903580000,46.262350000,802.000
5.903570000,46.262330000,802.000
5.903550000,46.262300000,803.000
5.903490000,46.262190000,803.000
5.903410000,46.262060000,803.000
5.903330000,46.261960000,803.000
5.903270000,46.261860000,804.000
5.903240000,46.261790000,804.000
5.903210000,46.261690000,804.000
5.903180000,46.261590000,805.000
5.903150000,46.261500000,805.000
5.903110000,46.261430000,805.000
5.903070000,46.261360000,805.000
5.903050000,46.261320000,806.000
5.903010000,46.261250000,806.000
5.902980000,46.261200000,806.000
5.902950000,46.261150000,806.000
5.902810000,46.260930000,807.000
5.902780000,46.260860000,807.000
5.902680000,46.260700000,807.000
5.902620000,46.260600000,807.000
5.902570000,46.260540000,806.000
5.902540000,46.260510000,806.000
5.902530000,46.260490000,806.000
5.902490000,46.260460000,805.000
5.902430000,46.260420000,805.000
5.902390000,46.260400000,805.000
5.902380000,46.260390000,804.000
5.902340000,46.260380000,804.000
5.902290000,46.260360000,804.000
5.902190000,46.260300000,803.000
5.902180000,46.260300000,803.000
5.902070000,46.260240000,803.000
5.901750000,46.260100000,802.000
5.901690000,46.260070000,802.000
5.901470000,46.259970000,801.000
5.901360000,46.259890000,800.000
5.901140000,46.259760000,799.000
5.901090000,46.259730000,798.000
5.900970000,46.259650000,797.000
5.900950000,46.259640000,797.000
5.900910000,46.259600000,796.000
5.900870000,46.259560000,795.000
5.900800000,46.259480000,795.000
5.900770000,46.259450000,795.000
5.900740000,46.259410000,795.000
5.900690000,46.259320000,795.000
5.900620000,46.259170000,795.000
5.900530000,46.258950000,795.000
5.900470000,46.258840000,795.000
5.900440000,46.258790000,796.000
5.900420000,46.258770000,796.000
5.900300000,46.258670000,796.000
5.900280000,46.258650000,796.000
5.900250000,46.258640000,796.000
5.900110000,46.258550000,797.000
5.900050000,46.258520000,797.000
5.899870000,46.258410000,797.000
5.899700000,46.258260000,797.000
5.899590000,46.258170000,798.000
5.899400000,46.258030000,798.000
5.899360000,46.257990000,798.000
5.899230000,46.257890000,798.000
5.899180000,46.257850000,798.000
5.899100000,46.257790000,798.000
5.899050000,46.257760000,798.000
5.898910000,46.257670000,798.000
5.898810000,46.257600000,798.000
5.898750000,46.257570000,798.000
5.898680000,46.257510000,798.000
5.898630000,46.257480000,798.000
5.898560000,46.257420000,798.000
5.898500000,46.257380000,797.000
5.898370000,46.257250000,797.000
5.898320000,46.257210000,797.000
5.898230000,46.257080000,797.000
5.898230000,46.257070000,797.000
5.898200000,46.257030000,796.000
5.898130000,46.256910000,796.000
5.898100000,46.256870000,796.000
5.898100000,46.256860000,796.000
5.898050000,46.256820000,796.000
5.897980000,46.256760000,796.000
5.897960000,46.256750000,796.000
5.897790000,46.256640000,795.000
5.897720000,46.256590000,795.000
5.897610000,46.256510000,794.000
5.897590000,46.256500000,793.000
5.897590000,46.256490000,793.000
5.897580000,46.256490000,792.000
5.897430000,46.256380000,791.000
5.897410000,46.256360000,790.000
5.897400000,46.256360000,790.000
5.897220000,46.256240000,789.000
5.897080000,46.256150000,788.000
5.896940000,46.256060000,787.000
5.896870000,46.256000000,786.000
5.896790000,46.255950000,784.000
5.896750000,46.255910000,783.000
5.896680000,46.255860000,782.000
5.896670000,46.255850000,781.000
5.896510000,46.255720000,780.000
5.896500000,46.255720000,779.000
5.896350000,46.255580000,778.000
5.896330000,46.255560000,777.000
5.896160000,46.255390000,775.000
5.896060000,46.255300000,774.000
5.896050000,46.255280000,773.000
5.895950000,46.255190000,772.000
5.895910000,46.255150000,772.000
5.895780000,46.255010000,771.000
5.895770000,46.255000000,770.000
5.895620000,46.254850000,770.000
5.895610000,46.254840000,770.000
5.895550000,46.254780000,769.000
5.895480000,46.254700000,769.000
5.895460000,46.254690000,769.000
5.895380000,46.254600000,769.000
5.895340000,46.254550000,769.000
5.895330000,46.254540000,769.000
5.895330000,46.254530000,768.000
5.895280000,46.254470000,768.000
5.895230000,46.254390000,768.000
5.895180000,46.254290000,768.000
5.895140000,46.254200000,768.000
5.895060000,46.254050000,768.000
5.895060000,46.254040000,768.000
5.894980000,46.253880000,767.000
5.894970000,46.253860000,767.000
5.894890000,46.253710000,767.000
5.894880000,46.253690000,767.000
5.894860000,46.253650000,767.000
5.894810000,46.253540000,766.000
5.894750000,46.253410000,766.000
5.894710000,46.253350000,766.000
5.894710000,46.253340000,765.000
5.894660000,46.253270000,765.000
5.894600000,46.253210000,764.000
5.894550000,46.253160000,764.000
5.894460000,46.253060000,763.000
5.894450000,46.253040000,763.000
5.894320000,46.252910000,762.000
5.894280000,46.252870000,762.000
5.894210000,46.252790000,761.000
5.894170000,46.252740000,761.000
5.894130000,46.252680000,760.000
5.894100000,46.252630000,760.000
5.894080000,46.252570000,759.000
5.894060000,46.252520000,759.000
5.894020000,46.252400000,759.000
5.893990000,46.252300000,758.000
5.893970000,46.252220000,757.000
5.893960000,46.252190000,757.000
5.893940000,46.252120000,756.000
5.893920000,46.252040000,756.000
5.893890000,46.251960000,756.000
5.893890000,46.251940000,756.000
5.893870000,46.251870000,756.000
5.893840000,46.251770000,756.000
5.893820000,46.251700000,757.000
5.893820000,46.251690000,758.000
5.893790000,46.251530000,760.000
5.893790000,46.251510000,761.000
5.893790000,46.251410000,763.000
5.893780000,46.251330000,764.000
5.893780000,46.251230000,766.000
5.893770000,46.251150000,768.000
5.893770000,46.251110000,770.000
5.893760000,46.251050000,771.000
5.893750000,46.250970000,773.000
5.893740000,46.250930000,775.000
5.893720000,46.250870000,776.000
5.893690000,46.250800000,778.000
5.893650000,46.250700000,780.000
5.893560000,46.250530000,782.000
5.893540000,46.250490000,784.000
5.893410000,46.250270000,789.000
5.893390000,46.250250000,790.000
5.893360000,46.250200000,792.000
5.893300000,46.250090000,793.000
5.893270000,46.250000000,795.000
5.893220000,46.249860000,796.000
5.893210000,46.249830000,797.000
5.893160000,46.249650000,798.000
5.893150000,46.249620000,799.000
5.893110000,46.249470000,800.000
5.893100000,46.249430000,800.000
5.893030000,46.249190000,801.000
5.893020000,46.249120000,802.000
5.893000000,46.249000000,802.000
5.892980000,46.248940000,803.000
5.892940000,46.248760000,804.000
5.892930000,46.248760000,804.000
5.892910000,46.248650000,805.000
5.892900000,46.248590000,806.000
5.892890000,46.248520000,807.000
5.892870000,46.248410000,807.000
5.892850000,46.248290000,807.000
5.892850000,46.248230000,807.000
5.892850000,46.248150000,806.000
5.892860000,46.248060000,806.000
5.892860000,46.248050000,805.000
5.892890000,46.247900000,805.000
5.892920000,46.247850000,804.000
5.892990000,46.247740000,803.000
5.893010000,46.247710000,802.000
5.893120000,46.247580000,801.000
5.893150000,46.247540000,801.000
5.893260000,46.247430000,800.000
5.893410000,46.247280000,799.000
5.893560000,46.247140000,798.000
5.893710000,46.246990000,796.000
5.893820000,46.246880000,794.000
5.893860000,46.246840000,793.000
5.894010000,46.246690000,791.000
5.894160000,46.246550000,789.000
5.894320000,46.246380000,787.000
5.894470000,46.246250000,784.000
5.894480000,46.246240000,781.000
5.894530000,46.246200000,778.000
5.894630000,46.246110000,776.000
5.894730000,46.246040000,773.000
5.894800000,46.245990000,771.000
5.894880000,46.245960000,768.000
5.894960000,46.245930000,766.000
5.895040000,46.245920000,764.000
5.895140000,46.245910000,762.000
5.895200000,46.245910000,761.000
5.895230000,46.245910000,759.000
5.895300000,46.245920000,758.000
5.895450000,46.245960000,757.000
5.895470000,46.245960000,755.000
5.895670000,46.246050000,753.000
5.895790000,46.246120000,750.000
5.895900000,46.246190000,749.000
5.896070000,46.246250000,748.000
5.896090000,46.246250000,747.000
5.896170000,46.246270000,746.000
5.896260000,46.246280000,745.000
5.896380000,46.246280000,744.000
5.896500000,46.246260000,744.000
5.896590000,46.246240000,744.000
5.896670000,46.246220000,744.000
5.896750000,46.246180000,744.000
5.896800000,46.246160000,744.000
5.896840000,46.246130000,744.000
5.896870000,46.246110000,744.000
5.896900000,46.246080000,744.000
5.896990000,46.245970000,744.000
5.897020000,46.245900000,744.000
5.897040000,46.245840000,744.000
5.897040000,46.245830000,744.000
5.897050000,46.245750000,744.000
5.897020000,46.245270000,744.000
5.897020000,46.245170000,744.000
5.897020000,46.245110000,743.000
5.897040000,46.245060000,743.000
5.897120000,46.244760000,742.000
5.897200000,46.244540000,741.000
5.897270000,46.244300000,740.000
5.897340000,46.244020000,738.000
5.897350000,46.243920000,736.000
5.897340000,46.243880000,734.000
5.897340000,46.243870000,733.000
5.897320000,46.243810000,731.000
5.897250000,46.243660000,730.000
5.897170000,46.243520000,728.000
5.897020000,46.243330000,726.000
5.897010000,46.243320000,725.000
5.896780000,46.243050000,724.000
5.896650000,46.242870000,722.000
5.896610000,46.242780000,721.000
5.896570000,46.242690000,720.000
5.896490000,46.242470000,719.000
5.896440000,46.242300000,718.000
5.896430000,46.242220000,717.000
5.896420000,46.242140000,717.000
5.896410000,46.241930000,716.000
5.896410000,46.241890000,715.000
5.896410000,46.241790000,715.000
5.896420000,46.241510000,714.000
5.896430000,46.241430000,713.000
5.896390000,46.241350000,713.000
5.896330000,46.241250000,712.000
5.896250000,46.241150000,712.000
5.896060000,46.241010000,712.000
5.895820000,46.240840000,712.000
5.895790000,46.240820000,712.000
5.895710000,46.240740000,712.000
5.895650000,46.240690000,712.000
5.895480000,46.240480000,712.000
5.895400000,46.240370000,712.000
5.895130000,46.240050000,713.000
5.895040000,46.239940000,713.000
5.894940000,46.239830000,713.000
5.894740000,46.239600000,713.000
5.894550000,46.239400000,713.000
5.894430000,46.239280000,714.000
5.894390000,46.239240000,714.000
5.894350000,46.239210000,714.000
5.894300000,46.239150000,714.000
5.894140000,46.238980000,714.000
5.894000000,46.238820000,714.000
5.893900000,46.238670000,714.000
5.893760000,46.238470000,714.000
5.893650000,46.238320000,715.000
5.893640000,46.238310000,715.000
5.893530000,46.238200000,715.000
5.893520000,46.238190000,715.000
5.893490000,46.238160000,716.000
5.893350000,46.238030000,716.000
5.893330000,46.238020000,716.000
5.893190000,46.237930000,717.000
5.892920000,46.237800000,718.000
5.892560000,46.237640000,719.000
5.892040000,46.237370000,720.000
5.891890000,46.237310000,722.000
5.891690000,46.237210000,724.000
5.891460000,46.237130000,727.000
5.891430000,46.237120000,728.000
5.891270000,46.237090000,729.000
5.891220000,46.237070000,729.000
5.891120000,46.237040000,730.000
5.890990000,46.236980000,730.000
5.890970000,46.236980000,730.000
5.890890000,46.236930000,730.000
5.890860000,46.236890000,729.000
5.890830000,46.236850000,729.000
5.890800000,46.236790000,729.000
5.890770000,46.236630000,728.000
5.890750000,46.236550000,728.000
5.890740000,46.236480000,727.000
5.890710000,46.236380000,727.000
5.890630000,46.236240000,726.000
5.890520000,46.236120000,725.000
5.890420000,46.236000000,724.000
5.890330000,46.235910000,723.000
5.890250000,46.235830000,722.000
5.890240000,46.235810000,722.000
5.890210000,46.235770000,721.000
5.890180000,46.235690000,720.000
5.890180000,46.235640000,720.000
5.890150000,46.235460000,719.000
5.890140000,46.235430000,719.000
5.890110000,46.235300000,718.000
5.890110000,46.235280000,718.000
5.890090000,46.235220000,717.000
5.890050000,46.235140000,717.000
5.890040000,46.235110000,717.000
5.889950000,46.234990000,716.000
5.889790000,46.234800000,716.000
5.889710000,46.234710000,715.000
5.889650000,46.234640000,715.000
5.889520000,46.234490000,714.000
5.889440000,46.234400000,714.000
5.889280000,46.234230000,713.000
5.889180000,46.234120000,712.000
5.888870000,46.233770000,711.000
5.888710000,46.233600000,711.000
5.888670000,46.233560000,710.000
5.888590000,46.233470000,709.000
5.888510000,46.233410000,709.000
5.888490000,46.233390000,708.000
5.888400000,46.233320000,707.000
5.888270000,46.233230000,707.000
5.888110000,46.233160000,706.000
5.888030000,46.233140000,706.000
5.887810000,46.233050000,705.000
5.887690000,46.233000000,705.000
5.887520000,46.232920000,704.000
5.887410000,46.232830000,703.000
5.887340000,46.232740000,703.000
5.887170000,46.232500000,702.000
5.887120000,46.232410000,701.000
5.887020000,46.232300000,701.000
5.886980000,46.232250000,700.000
5.886750000,46.232030000,699.000
5.886510000,46.231850000,698.000
5.886350000,46.231750000,697.000
5.886180000,46.231650000,696.000
5.886070000,46.231600000,695.000
5.885930000,46.231540000,694.000
5.885760000,46.231490000,693.000
5.885680000,46.231480000,692.000
5.885600000,46.231460000,691.000
5.885410000,46.231430000,690.000
5.885120000,46.231380000,689.000
5.884920000,46.231360000,687.000
5.884700000,46.231350000,686.000
5.884250000,46.231280000,685.000
5.883930000,46.231170000,683.000
5.883730000,46.231060000,682.000
5.883730000,46.231050000,681.000
5.883660000,46.231010000,680.000
5.883530000,46.230940000,679.000
5.883400000,46.230850000,678.000
5.883330000,46.230790000,677.000
5.883240000,46.230720000,676.000
5.883170000,46.230650000,675.000
5.883150000,46.230630000,674.000
5.883100000,46.230570000,673.000
5.883000000,46.230430000,672.000
5.882900000,46.230290000,671.000
5.882820000,46.230200000,670.000
5.882770000,46.230160000,670.000
5.882750000,46.230140000,669.000
5.882630000,46.230060000,668.000
5.882420000,46.229950000,667.000
5.881950000,46.229710000,666.000
5.881500000,46.229450000,664.000
5.881430000,46.229390000,662.000
5.881380000,46.229350000,661.000
5.881360000,46.229320000,659.000
5.881300000,46.229240000,657.000
5.881270000,46.229190000,656.000
5.881260000,46.229180000,655.000
5.881220000,46.229070000,654.000
5.881200000,46.229020000,653.000
5.881180000,46.228980000,652.000
5.881150000,46.228890000,652.000
5.881100000,46.228720000,651.000
5.881040000,46.228540000,651.000
5.881040000,46.228520000,650.000
5.881030000,46.228490000,649.000
5.880990000,46.228370000,649.000
5.880970000,46.228310000,648.000
5.880970000,46.228300000,648.000
5.880920000,46.228220000,648.000
5.880860000,46.228130000,647.000
5.880720000,46.227980000,647.000
5.880680000,46.227940000,646.000
5.880580000,46.227870000,646.000
5.880360000,46.227740000,645.000
5.880110000,46.227640000,645.000
5.879910000,46.227560000,644.000
5.879820000,46.227530000,643.000
5.879560000,46.227420000,643.000
5.879320000,46.227310000,642.000
5.879100000,46.227160000,641.000
5.878890000,46.227000000,640.000
5.878720000,46.226880000,639.000
5.878700000,46.226860000,639.000
5.878550000,46.226750000,638.000
5.878360000,46.226650000,637.000
5.878290000,46.226620000,636.000
5.877890000,46.226460000,635.000
5.877620000,46.226370000,634.000
5.877570000,46.226350000,634.000
5.877540000,46.226340000,633.000
5.877260000,46.226250000,632.000
5.877180000,46.226230000,631.000
5.877020000,46.226200000,630.000
5.876780000,46.226160000,629.000
5.876520000,46.226140000,628.000
5.876240000,46.226090000,627.000
5.876010000,46.226050000,626.000
5.875760000,46.225970000,624.000
5.875680000,46.225960000,623.000
5.875600000,46.225930000,622.000
5.875410000,46.225890000,621.000
5.875260000,46.225840000,620.000
5.875100000,46.225770000,618.000
5.875000000,46.225720000,617.000
5.874900000,46.225620000,616.000
5.874830000,46.225520000,616.000
5.874780000,46.225400000,615.000
5.874750000,46.225340000,615.000
5.874680000,46.225250000,614.000
5.874620000,46.225180000,614.000
5.874610000,46.225180000,614.000
5.874480000,46.225110000,614.000
5.874250000,46.225020000,614.000
5.873930000,46.224940000,614.000
5.873700000,46.224900000,613.000
5.873530000,46.224890000,613.000
5.873320000,46.224870000,613.000
5.873060000,46.224840000,613.000
5.872860000,46.224820000,612.000
5.872630000,46.224790000,612.000
5.872590000,46.224790000,611.000
5.872360000,46.224760000,611.000
5.872170000,46.224730000,610.000
5.872130000,46.224710000,609.000
5.872020000,46.224670000,608.000
5.871930000,46.224610000,607.000
5.871920000,46.224610000,607.000
5.871830000,46.224540000,606.000
5.871740000,46.224460000,605.000
5.871740000,46.224450000,605.000
5.871660000,46.224390000,604.000
5.871560000,46.224320000,603.000
5.871460000,46.224260000,602.000
5.871360000,46.224210000,602.000
5.871250000,46.224170000,601.000
5.871130000,46.224130000,600.000
5.871040000,46.224100000,599.000
5.870880000,46.224070000,598.000
5.870710000,46.224050000,597.000
5.870660000,46.224040000,597.000
5.870560000,46.224050000,596.000
5.870410000,46.224040000,595.000
5.870390000,46.224030000,595.000
5.870220000,46.224000000,594.000
5.870030000,46.223960000,594.000
5.869880000,46.223940000,594.000
5.869860000,46.223970000,593.000
5.869840000,46.223990000,593.000
5.869820000,46.224000000,592.000
5.869770000,46.224010000,592.000
5.869730000,46.224010000,592.000
5.869700000,46.224010000,592.000
5.869670000,46.224000000,592.000
5.869610000,46.223980000,592.000
5.869600000,46.223970000,592.000
5.869590000,46.223950000,592.000
5.869570000,46.223930000,591.000
5.869560000,46.223900000,591.000
5.869560000,46.223880000,591.000
5.869250000,46.223730000,591.000
5.869160000,46.223700000,590.000
5.868910000,46.223620000,590.000
5.868690000,46.223520000,590.000
5.868610000,46.223460000,589.000
5.868590000,46.223450000,589.000
5.868440000,46.223350000,588.000
5.868290000,46.223250000,588.000
5.868150000,46.223150000,588.000
5.867910000,46.223000000,587.000
5.867790000,46.222910000,587.000
5.867590000,46.222780000,587.000
5.867490000,46.222710000,586.000
5.867380000,46.222630000,586.000
5.867110000,46.222480000,585.000
5.867070000,46.222460000,585.000
5.866900000,46.222380000,585.000
5.866720000,46.222280000,584.000
5.866600000,46.222220000,584.000
5.866480000,46.222160000,583.000
5.866280000,46.222050000,583.000
5.866200000,46.222000000,583.000
5.865980000,46.221870000,583.000
5.865980000,46.221870000,583.000
5.866080000,46.221620000,583.000
5.866260000,46.221190000,583.000
5.866490000,46.220510000,583.000
5.866510000,46.220450000,583.000
5.866540000,46.220310000,583.000
5.866550000,46.220220000,583.000
5.866550000,46.220190000,583.000
5.866530000,46.220120000,583.000
5.866480000,46.220030000,582.000
5.866340000,46.219830000,582.000
5.866150000,46.219640000,581.000
5.865900000,46.219430000,581.000
5.865730000,46.219320000,581.000
5.865470000,46.219190000,580.000
5.865270000,46.219110000,580.000
5.865170000,46.219060000,579.000
5.865060000,46.219010000,578.000
5.864980000,46.218970000,578.000
5.864890000,46.218920000,578.000
5.864820000,46.218870000,577.000
5.864750000,46.218820000,577.000
5.864690000,46.218760000,577.000
5.864630000,46.218680000,577.000
5.864590000,46.218610000,577.000
5.864500000,46.218400000,577.000
5.864450000,46.218240000,577.000
5.864410000,46.218140000,577.000
5.864320000,46.217820000,576.000
5.864270000,46.217640000,576.000
5.864250000,46.217540000,576.000
5.864230000,46.217410000,576.000
5.864210000,46.217300000,576.000
5.864180000,46.217100000,576.000
5.864150000,46.216870000,576.000
5.864110000,46.216640000,576.000
5.864090000,46.216470000,576.000
5.864040000,46.216200000,576.000
5.863990000,46.215840000,576.000
5.863980000,46.215800000,576.000
5.863970000,46.215740000,576.000
5.863950000,46.215590000,576.000
5.863910000,46.215350000,575.000
5.863870000,46.215130000,575.000
5.863860000,46.215090000,574.000
5.863820000,46.214860000,574.000
5.863760000,46.214550000,574.000
5.863730000,46.214380000,573.000
5.863710000,46.214310000,572.000
5.863700000,46.214200000,572.000
5.863690000,46.214130000,571.000
5.863670000,46.214050000,571.000
5.863670000,46.214010000,571.000
5.863640000,46.213870000,570.000
5.863600000,46.213680000,570.000
5.863590000,46.213570000,569.000
5.863580000,46.213460000,569.000
5.863590000,46.213250000,569.000
5.863610000,46.213120000,569.000
5.863620000,46.213060000,569.000
5.863640000,46.212960000,569.000
5.863670000,46.212880000,569.000
5.863770000,46.212600000,569.000
5.863770000,46.212590000,569.000
5.863800000,46.212530000,569.000
5.863800000,46.212510000,569.000
5.863860000,46.212380000,569.000
5.863870000,46.212360000,569.000
5.863910000,46.212250000,569.000
5.863920000,46.212220000,569.000
5.864050000,46.211910000,570.000
5.864090000,46.211790000,570.000
5.864120000,46.211680000,570.000
5.864130000,46.211570000,570.000
5.864130000,46.211450000,571.000
5.864120000,46.211430000,571.000
5.864090000,46.211290000,571.000
5.864080000,46.211250000,572.000
5.864040000,46.211110000,572.000
5.864030000,46.211030000,572.000
5.863980000,46.210910000,573.000
5.863960000,46.210870000,573.000
5.863940000,46.210820000,573.000
5.863900000,46.210690000,574.000
5.863900000,46.210680000,574.000
5.863890000,46.210670000,574.000
5.863880000,46.210620000,575.000
5.863850000,46.210540000,575.000
5.863840000,46.210520000,575.000
5.863810000,46.210440000,575.000
5.863770000,46.210370000,575.000
5.863760000,46.210350000,576.000
5.863680000,46.210180000,576.000
5.863610000,46.210030000,577.000
5.863600000,46.210010000,577.000
5.863590000,46.209990000,577.000
5.863560000,46.209930000,578.000
5.863530000,46.209870000,578.000
5.863510000,46.209820000,578.000
5.863490000,46.209780000,579.000
5.863480000,46.209760000,579.000
5.863440000,46.209660000,579.000
5.863420000,46.209630000,580.000
5.863380000,46.209520000,580.000
5.863360000,46.209440000,580.000
5.863350000,46.209370000,581.000
5.863360000,46.209280000,581.000
5.863360000,46.209180000,582.000
5.863350000,46.209100000,582.000
5.863350000,46.209050000,583.000
5.863340000,46.209010000,583.000
5.863320000,46.208950000,584.000
5.863320000,46.208940000,584.000
5.863300000,46.208900000,584.000
5.863300000,46.208880000,585.000
5.863260000,46.208760000,585.000
5.863210000,46.208650000,586.000
5.863170000,46.208570000,586.000
5.863110000,46.208430000,587.000
5.863060000,46.208290000,587.000
5.863010000,46.208160000,589.000
5.862980000,46.208030000,589.000
5.862980000,46.208010000,590.000
5.862950000,46.207910000,590.000
5.862950000,46.207890000,591.000
5.862900000,46.207740000,591.000
5.862890000,46.207730000,592.000
5.862890000,46.207720000,592.000
5.862860000,46.207600000,592.000
5.862850000,46.207550000,593.000
5.862810000,46.207420000,593.000
5.862760000,46.207280000,594.000
5.862710000,46.207130000,594.000
5.862650000,46.207010000,594.000
5.862600000,46.206900000,595.000
5.862570000,46.206810000,596.000
5.862520000,46.206710000,596.000
5.862470000,46.206630000,597.000
5.862430000,46.206580000,597.000
5.862410000,46.206560000,598.000
5.862350000,46.206480000,598.000
5.862280000,46.206400000,599.000
5.862270000,46.206390000,599.000
5.862160000,46.206290000,599.000
5.862090000,46.206220000,599.000
5.862030000,46.206160000,600.000
5.862010000,46.206100000,600.000
5.861990000,46.206070000,600.000
5.861960000,46.205980000,600.000
5.861940000,46.205930000,600.000
5.861920000,46.205860000,600.000
5.861880000,46.205770000,600.000
5.861810000,46.205680000,601.000
5.861720000,46.205610000,601.000
5.861640000,46.205530000,601.000
5.861450000,46.205360000,601.000
5.861410000,46.205320000,601.000
5.861290000,46.205220000,601.000
5.861230000,46.205190000,602.000
5.861160000,46.205130000,602.000
5.861060000,46.205050000,602.000
5.861030000,46.205030000,602.000
5.860970000,46.204960000,602.000
5.860920000,46.204900000,603.000
5.860890000,46.204860000,603.000
5.860860000,46.204810000,603.000
5.860840000,46.204730000,603.000
5.860800000,46.204610000,603.000
5.860790000,46.204560000,603.000
5.860760000,46.204460000,604.000
5.860730000,46.204380000,604.000
5.860720000,46.204330000,604.000
5.860680000,46.204260000,605.000
5.860650000,46.204210000,605.000
5.860610000,46.204160000,605.000
5.860570000,46.204120000,606.000
5.860530000,46.204080000,606.000
5.860430000,46.204030000,606.000
5.860350000,46.203990000,606.000
5.860310000,46.203980000,607.000
5.860200000,46.203930000,607.000
5.860110000,46.203880000,607.000
5.860100000,46.203880000,607.000
5.860090000,46.203870000,607.000
5.860060000,46.203850000,608.000
5.860000000,46.203810000,608.000
5.859920000,46.203750000,608.000
5.859870000,46.203710000,608.000
5.859740000,46.203630000,609.000
5.859730000,46.203620000,609.000
5.859680000,46.203600000,609.000
5.859660000,46.203590000,609.000
5.859590000,46.203550000,609.000
5.859510000,46.203530000,610.000
5.859380000,46.203490000,610.000
5.859350000,46.203480000,610.000
5.859130000,46.203420000,610.000
5.858830000,46.203350000,610.000
5.858700000,46.203310000,610.000
5.858610000,46.203290000,610.000
5.858580000,46.203280000,610.000
5.858450000,46.203240000,610.000
5.858370000,46.203210000,609.000
5.858340000,46.203200000,609.000
5.858340000,46.203190000,609.000
5.858280000,46.203160000,609.000
5.858260000,46.203160000,609.000
5.858240000,46.203150000,609.000
5.858120000,46.203100000,609.000
5.858010000,46.203050000,608.000
5.857900000,46.203010000,608.000
5.857890000,46.203010000,608.000
5.857860000,46.203000000,608.000
5.857740000,46.202970000,608.000
5.857650000,46.202960000,608.000
5.857580000,46.202960000,607.000
5.857390000,46.202950000,607.000
5.857380000,46.202950000,607.000
5.857290000,46.202960000,607.000
5.857130000,46.202970000,606.000
5.857120000,46.202970000,606.000
5.857010000,46.202980000,606.000
5.856930000,46.202990000,606.000
5.856870000,46.202990000,606.000
5.856710000,46.202990000,606.000
5.856610000,46.202990000,606.000
5.856510000,46.202980000,606.000
5.856490000,46.202980000,606.000
5.856350000,46.202960000,606.000
5.856340000,46.202960000,606.000
5.856260000,46.202930000,606.000
5.856240000,46.202930000,606.000
5.856210000,46.202910000,606.000
5.856120000,46.202880000,606.000
5.856060000,46.202850000,606.000
5.856020000,46.202830000,607.000
5.855910000,46.202770000,607.000
5.855910000,46.202760000,607.000
5.855900000,46.202760000,607.000
5.855840000,46.202720000,607.000
5.855820000,46.202710000,607.000
5.855720000,46.202650000,607.000
5.855640000,46.202600000,608.000
5.855530000,46.202520000,608.000
5.855460000,46.202470000,608.000
5.855450000,46.202470000,608.000
5.855350000,46.202410000,609.000
5.855340000,46.202400000,609.000
5.855340000,46.202390000,609.000
5.855220000,46.202290000,609.000
5.855180000,46.202250000,609.000
5.855140000,46.202200000,610.000
5.855130000,46.202180000,610.000
5.855070000,46.202090000,610.000
5.855030000,46.202030000,610.000
5.855020000,46.202020000,610.000
5.854900000,46.201800000,611.000
5.854790000,46.201680000,611.000
5.854720000,46.201610000,612.000
5.854650000,46.201530000,612.000
5.854580000,46.201460000,613.000
5.854570000,46.201450000,614.000
5.854530000,46.201420000,614.000
5.854520000,46.201400000,615.000
5.854460000,46.201330000,615.000
5.854440000,46.201300000,616.000
5.854350000,46.201190000,616.000
5.854320000,46.201140000,617.000
5.854260000,46.201050000,618.000
5.854190000,46.200900000,619.000
5.854130000,46.200800000,620.000
5.854070000,46.200690000,621.000
5.853970000,46.200520000,622.000
5.853930000,46.200450000,623.000
5.853900000,46.200410000,624.000
5.853860000,46.200360000,625.000
5.853820000,46.200290000,626.000
5.853750000,46.200200000,626.000
5.853730000,46.200170000,628.000
5.853650000,46.200030000,628.000
5.853590000,46.199900000,628.000
5.853580000,46.199860000,628.000
5.853560000,46.199810000,628.000
5.853520000,46.199690000,628.000
5.853520000,46.199680000,628.000
5.853490000,46.199550000,628.000
5.853480000,46.199500000,628.000
5.853460000,46.199370000,627.000
5.853440000,46.199330000,627.000
5.853430000,46.199260000,627.000
5.853410000,46.199150000,626.000
5.853400000,46.199040000,626.000
5.853390000,46.198970000,625.000
5.853380000,46.198930000,625.000
5.853360000,46.198800000,625.000
5.853310000,46.198660000,624.000
5.853280000,46.198620000,623.000
5.853240000,46.198510000,623.000
5.853200000,46.198450000,623.000
5.853150000,46.198330000,622.000
5.853060000,46.198160000,622.000
5.853010000,46.198080000,622.000
5.852960000,46.198020000,622.000
5.852890000,46.197960000,623.000
5.852780000,46.197850000,624.000
5.852730000,46.197810000,625.000
5.852630000,46.197720000,626.000
5.852570000,46.197670000,627.000
5.852460000,46.197580000,629.000
5.852410000,46.197530000,630.000
5.852320000,46.197450000,632.000
5.852250000,46.197390000,633.000
5.852160000,46.197320000,634.000
5.852020000,46.197200000,636.000
5.851870000,46.197080000,637.000
5.851740000,46.196980000,639.000
5.851680000,46.196940000,641.000
5.851550000,46.196860000,644.000
5.851520000,46.196830000,645.000
5.851360000,46.196740000,646.000
5.851340000,46.196730000,647.000
5.851170000,46.196620000,648.000
5.851160000,46.196620000,649.000
5.850970000,46.196510000,650.000
5.850960000,46.196510000,650.000
5.850870000,46.196470000,651.000
5.850760000,46.196450000,651.000
5.850720000,46.196450000,652.000
5.850670000,46.196450000,652.000
5.850600000,46.196460000,652.000
5.850500000,46.196480000,653.000
5.850460000,46.196490000,653.000
5.850420000,46.196500000,653.000
5.850220000,46.196530000,654.000
5.850080000,46.196550000,654.000
5.849960000,46.196540000,654.000
5.849950000,46.196540000,655.000
5.849820000,46.196520000,655.000
5.849710000,46.196490000,655.000
5.849690000,46.196480000,655.000
5.849550000,46.196420000,656.000
5.849500000,46.196390000,656.000
5.849360000,46.196310000,656.000
5.849290000,46.196280000,657.000
5.849240000,46.196240000,657.000
5.849080000,46.196170000,658.000
5.849040000,46.196150000,658.000
5.848920000,46.196120000,659.000
5.848850000,46.196100000,659.000
5.848810000,46.196090000,660.000
5.848710000,46.196040000,661.000
5.848650000,46.195990000,662.000
5.848610000,46.195950000,663.000
5.848540000,46.195880000,663.000
5.848410000,46.195810000,664.000
5.848300000,46.195720000,665.000
5.848130000,46.195620000,666.000
5.848110000,46.195600000,667.000
5.848020000,46.195540000,668.000
5.847920000,46.195500000,669.000
5.847900000,46.195500000,670.000
5.847750000,46.195480000,671.000
5.847640000,46.195480000,672.000
5.847580000,46.195480000,673.000
5.847420000,46.195480000,674.000
5.847380000,46.195490000,675.000
5.847260000,46.195500000,676.000
5.847140000,46.195540000,678.000
5.847030000,46.195610000,679.000
5.846950000,46.195660000,679.000
5.846940000,46.195670000,679.000
5.846880000,46.195690000,680.000
5.846790000,46.195700000,680.000
5.846700000,46.195700000,680.000
5.846560000,46.195690000,680.000
5.846440000,46.195670000,680.000
5.846310000,46.195640000,680.000
5.846200000,46.195610000,679.000
5.846170000,46.195610000,679.000
5.845980000,46.195510000,679.000
5.845970000,46.195500000,679.000
5.845850000,46.195430000,678.000
5.845790000,46.195390000,678.000
5.845730000,46.195360000,678.000
5.845620000,46.195310000,678.000
5.845570000,46.195290000,677.000
5.845490000,46.195260000,677.000
5.845340000,46.195220000,677.000
5.845130000,46.195140000,676.000
5.845110000,46.195130000,676.000
5.845010000,46.195070000,676.000
5.844810000,46.194950000,675.000
5.844720000,46.194890000,675.000
5.844580000,46.194790000,675.000
5.844360000,46.194640000,675.000
5.844300000,46.194600000,676.000
5.844170000,46.194510000,676.000
5.844110000,46.194460000,676.000
5.844010000,46.194370000,677.000
5.843990000,46.194350000,678.000
5.843900000,46.194250000,678.000
5.843890000,46.194210000,679.000
5.843860000,46.194170000,679.000
5.843830000,46.194100000,680.000
5.843770000,46.193940000,680.000
5.843740000,46.193870000,681.000
5.843710000,46.193800000,682.000
5.843640000,46.193700000,682.000
5.843630000,46.193690000,683.000
5.843490000,46.193570000,683.000
5.843480000,46.193560000,684.000
5.843330000,46.193440000,685.000
5.843310000,46.193420000,685.000
5.843130000,46.193290000,686.000
5.843090000,46.193260000,687.000
5.842950000,46.193170000,687.000
5.842770000,46.193040000,688.000
5.842660000,46.192960000,689.000
5.842590000,46.192910000,690.000
5.842420000,46.192780000,691.000
5.842410000,46.192770000,692.000
5.842230000,46.192650000,693.000
5.842160000,46.192600000,694.000
5.842030000,46.192530000,695.000
5.841930000,46.192470000,696.000
5.841650000,46.192320000,697.000
5.841630000,46.192300000,698.000
5.841490000,46.192190000,699.000
5.841460000,46.192170000,701.000
5.841320000,46.192060000,702.000
5.841110000,46.191960000,702.000
5.840940000,46.191900000,703.000
5.840820000,46.191870000,703.000
5.840690000,46.191840000,704.000
5.840580000,46.191810000,704.000
5.840330000,46.191760000,705.000
5.840290000,46.191750000,705.000
5.840090000,46.191690000,705.000
5.839980000,46.191650000,706.000
5.839870000,46.191590000,706.000
5.839860000,46.191590000,706.000
5.839670000,46.191480000,706.000
5.839460000,46.191370000,707.000
5.839430000,46.191350000,707.000
5.839290000,46.191230000,707.000
5.839270000,46.191210000,707.000
5.839110000,46.191110000,708.000
5.839000000,46.191030000,708.000
5.838910000,46.191000000,709.000
5.838810000,46.190950000,709.000
5.838680000,46.190910000,709.000
5.838620000,46.190890000,710.000
5.838440000,46.190840000,710.000
5.838430000,46.190830000,711.000
5.838300000,46.190770000,711.000
5.838230000,46.190740000,712.000
5.838130000,46.190690000,712.000
5.838030000,46.190660000,713.000
5.838000000,46.190650000,714.000
5.837930000,46.190630000,714.000
5.837850000,46.190600000,714.000
5.837790000,46.190580000,715.000
5.837740000,46.190540000,715.000
5.837650000,46.190490000,716.000
5.837440000,46.190290000,716.000
5.837410000,46.190270000,717.000
5.837290000,46.190140000,718.000
5.837270000,46.190130000,718.000
5.837160000,46.190040000,719.000
5.837120000,46.190010000,719.000
5.837080000,46.189970000,719.000
5.836970000,46.189930000,719.000
5.836910000,46.189920000,720.000
5.836830000,46.189910000,720.000
5.836710000,46.189920000,720.000
5.836650000,46.189940000,720.000
5.836600000,46.189960000,720.000
5.836520000,46.190000000,720.000
5.836430000,46.190090000,720.000
5.836320000,46.190170000,720.000
5.836290000,46.190190000,720.000
5.836170000,46.190250000,720.000
5.836090000,46.190300000,720.000
5.836040000,46.190320000,720.000
5.835870000,46.190380000,721.000
5.835860000,46.190380000,721.000
5.835690000,46.190430000,721.000
5.835610000,46.190440000,721.000
5.835560000,46.190440000,721.000
5.835450000,46.190440000,721.000
5.835360000,46.190410000,721.000
5.835320000,46.190410000,721.000
5.835120000,46.190370000,721.000
5.834870000,46.190330000,722.000
5.834850000,46.190330000,722.000
5.834600000,46.190300000,722.000
5.834340000,46.190280000,721.000
5.834310000,46.190280000,721.000
5.834080000,46.190270000,721.000
5.834030000,46.190270000,720.000
5.833820000,46.190270000,719.000
5.833810000,46.190270000,719.000
5.833580000,46.190270000,718.000
5.833560000,46.190270000,717.000
5.833400000,46.190260000,717.000
5.833300000,46.190250000,716.000
5.833170000,46.190240000,716.000
5.833050000,46.190210000,715.000
5.832920000,46.190190000,714.000
5.832800000,46.190160000,714.000
5.832710000,46.190140000,713.000
5.832550000,46.190100000,712.000
5.832400000,46.190060000,712.000
5.832320000,46.190020000,711.000
5.832210000,46.189980000,710.000
5.832160000,46.189910000,709.000
5.832120000,46.189840000,709.000
5.832120000,46.189780000,709.000
5.832150000,46.189730000,709.000
5.832190000,46.189670000,709.000
5.832280000,46.189570000,709.000
5.832290000,46.189550000,709.000
5.832610000,46.189210000,709.000
5.832740000,46.189080000,709.000
5.832800000,46.188960000,710.000
5.832800000,46.188950000,710.000
5.832790000,46.188820000,710.000
5.832780000,46.188770000,710.000
5.832760000,46.188680000,710.000
5.832690000,46.188590000,711.000
5.832640000,46.188500000,711.000
5.832590000,46.188400000,711.000
5.832560000,46.188320000,711.000
5.832550000,46.188260000,711.000
5.832550000,46.188230000,711.000
5.832520000,46.188080000,711.000
5.832460000,46.187970000,711.000
5.832450000,46.187960000,711.000
5.832360000,46.187920000,711.000
5.832250000,46.187900000,711.000
5.832140000,46.187910000,710.000
5.832040000,46.187910000,710.000
5.831880000,46.187900000,710.000
5.831820000,46.187900000,709.000
5.831650000,46.187840000,709.000
5.831640000,46.187840000,709.000
5.831500000,46.187770000,708.000
5.831370000,46.187650000,708.000
5.831320000,46.187570000,708.000
5.831290000,46.187530000,707.000
5.831190000,46.187410000,707.000
5.831170000,46.187390000,706.000
5.831110000,46.187240000,706.000
5.831110000,46.187230000,706.000
5.831090000,46.187110000,705.000
5.831100000,46.187060000,705.000
5.831110000,46.186990000,705.000
5.831110000,46.186880000,704.000
5.831110000,46.186800000,704.000
5.831100000,46.186700000,704.000
5.831080000,46.186560000,703.000
5.831090000,46.186520000,703.000
5.831090000,46.186460000,703.000
5.831100000,46.186340000,703.000
5.831100000,46.186250000,702.000
5.831080000,46.186170000,702.000
5.831080000,46.186130000,702.000
5.831050000,46.186030000,701.000
5.831030000,46.185990000,701.000
5.830980000,46.185910000,701.000
5.830910000,46.185830000,701.000
5.830820000,46.185710000,700.000
5.830800000,46.185670000,700.000
5.830780000,46.185620000,700.000
5.830740000,46.185520000,700.000
5.830730000,46.185380000,699.000
5.830710000,46.185320000,699.000
5.830700000,46.185270000,699.000
5.830640000,46.185140000,698.000
5.830630000,46.185110000,698.000
5.830560000,46.184970000,698.000
5.830520000,46.184840000,697.000
5.830450000,46.184700000,696.000
5.830370000,46.184470000,695.000
5.830360000,46.184450000,695.000
5.830250000,46.184300000,694.000
5.830240000,46.184290000,693.000
5.830100000,46.184140000,692.000
5.830090000,46.184130000,692.000
5.829830000,46.183930000,691.000
5.829740000,46.183880000,690.000
5.829570000,46.183790000,689.000
5.829540000,46.183760000,688.000
5.829370000,46.183640000,687.000
5.829370000,46.183630000,687.000
5.829290000,46.183550000,686.000
5.829240000,46.183480000,686.000
5.829200000,46.183400000,686.000
5.829170000,46.183310000,686.000
5.829170000,46.183300000,686.000
5.829160000,46.183230000,686.000
5.829140000,46.183120000,686.000
5.829120000,46.182990000,686.000
5.829100000,46.182950000,687.000
5.829070000,46.182890000,687.000
5.829000000,46.182800000,687.000
5.828990000,46.182780000,687.000
5.828940000,46.182730000,687.000
5.828830000,46.182660000,688.000
5.828810000,46.182660000,688.000
5.828610000,46.182540000,688.000
5.828590000,46.182530000,688.000
5.828390000,46.182440000,688.000
5.828170000,46.182350000,689.000
5.828110000,46.182320000,689.000
5.827960000,46.182250000,689.000
5.827740000,46.182150000,689.000
5.827730000,46.182140000,689.000
5.827530000,46.182050000,688.000
5.827310000,46.181950000,688.000
5.827090000,46.181850000,687.000
5.826880000,46.181750000,686.000
5.826840000,46.181730000,686.000
5.826660000,46.181650000,685.000
5.826440000,46.181560000,684.000
5.826240000,46.181470000,683.000
5.826220000,46.181460000,682.000
5.826000000,46.181360000,681.000
5.825900000,46.181320000,681.000
5.825780000,46.181260000,680.000
5.825570000,46.181160000,679.000
5.825560000,46.181160000,679.000
5.825440000,46.181090000,679.000
5.825370000,46.181050000,679.000
5.825250000,46.180970000,679.000
5.825170000,46.180930000,679.000
5.825090000,46.180880000,679.000
5.824980000,46.180810000,679.000
5.824970000,46.180800000,679.000
5.824820000,46.180690000,679.000
5.824800000,46.180680000,679.000
5.824690000,46.180590000,679.000
5.824630000,46.180540000,679.000
5.824510000,46.180440000,680.000
5.824470000,46.180400000,680.000
5.824410000,46.180340000,680.000
5.824340000,46.180250000,680.000
5.824330000,46.180220000,680.000
5.824260000,46.180080000,680.000
5.824260000,46.180070000,681.000
5.824230000,46.179930000,681.000
5.824220000,46.179900000,681.000
5.824210000,46.179780000,681.000
5.824210000,46.179720000,681.000
5.824210000,46.179570000,681.000
5.824200000,46.179540000,681.000
5.824160000,46.179360000,681.000
5.824160000,46.179330000,681.000
5.824140000,46.179180000,681.000
5.824140000,46.179150000,681.000
5.824140000,46.179000000,681.000
5.824150000,46.178890000,681.000
5.824140000,46.178820000,681.000
5.824120000,46.178720000,681.000
5.824090000,46.178650000,681.000
5.824090000,46.178630000,681.000
5.824010000,46.178450000,681.000
5.823950000,46.178320000,681.000
5.823950000,46.178300000,681.000
5.823890000,46.178120000,681.000
5.823860000,46.178040000,681.000
5.823830000,46.177950000,680.000
5.823810000,46.177910000,680.000
5.823750000,46.177780000,680.000
5.823710000,46.177700000,680.000
5.823670000,46.177620000,680.000
5.823660000,46.177610000,680.000
5.823630000,46.177550000,680.000
5.823600000,46.177460000,680.000
5.823600000,46.177440000,680.000
5.823600000,46.177410000,680.000
5.823620000,46.177330000,680.000
5.823660000,46.177260000,680.000
5.823680000,46.177240000,680.000
5.823790000,46.177160000,680.000
5.823840000,46.177130000,679.000
5.824010000,46.177040000,679.000
5.824030000,46.177010000,679.000
5.824040000,46.177000000,679.000
5.824080000,46.176960000,679.000
5.824100000,46.176900000,679.000
5.824110000,46.176830000,679.000
5.824090000,46.176740000,679.000
5.824050000,46.176670000,679.000
5.824010000,46.176600000,679.000
5.823930000,46.176510000,679.000
5.823870000,46.176430000,678.000
5.823790000,46.176360000,678.000
5.823660000,46.176250000,677.000
5.823620000,46.176230000,677.000
5.823510000,46.176140000,676.000
5.823430000,46.176080000,676.000
5.823320000,46.176030000,675.000
5.823230000,46.176000000,674.000
5.823210000,46.175990000,673.000
5.823120000,46.175960000,673.000
5.823040000,46.175940000,672.000
5.822990000,46.175920000,671.000
5.822960000,46.175910000,671.000
5.822880000,46.175880000,670.000
5.822810000,46.175850000,670.000
5.822720000,46.175820000,669.000
5.822640000,46.175780000,669.000
5.822560000,46.175740000,668.000
5.822550000,46.175740000,667.000
5.822490000,46.175700000,667.000
5.822410000,46.175660000,666.000
5.822350000,46.175620000,666.000
5.822330000,46.175620000,665.000
5.822260000,46.175570000,665.000
5.822190000,46.175520000,664.000
5.822160000,46.175500000,664.000
5.822110000,46.175470000,663.000
5.822050000,46.175420000,663.000
5.821970000,46.175370000,662.000
5.821900000,46.175320000,661.000
5.821820000,46.175270000,661.000
5.821750000,46.175230000,661.000
5.821680000,46.175180000,660.000
5.821610000,46.175130000,659.000
5.821600000,46.175120000,659.000
5.821540000,46.175090000,659.000
5.821470000,46.175040000,658.000
5.821410000,46.174990000,658.000
5.821380000,46.174960000,657.000
5.821350000,46.174930000,657.000
5.821300000,46.174880000,656.000
5.821270000,46.174850000,656.000
5.821250000,46.174820000,656.000
5.821200000,46.174750000,655.000
5.821160000,46.174690000,655.000
5.821110000,46.174620000,654.000
5.821070000,46.174550000,654.000
5.821040000,46.174520000,653.000
5.821020000,46.174480000,653.000
5.820970000,46.174410000,653.000
5.820930000,46.174360000,652.000
5.820920000,46.174340000,652.000
5.820870000,46.174270000,651.000
5.820820000,46.174200000,651.000
5.820780000,46.174130000,650.000
5.820730000,46.174060000,650.000
5.820710000,46.174040000,649.000
5.820680000,46.173990000,649.000
5.820630000,46.173920000,648.000
5.820600000,46.173870000,648.000
5.820580000,46.173840000,647.000
5.820540000,46.173780000,647.000
5.820490000,46.173700000,647.000
5.820460000,46.173630000,646.000
5.820430000,46.173560000,646.000
5.820400000,46.173480000,645.000
5.820370000,46.173400000,645.000
5.820360000,46.173360000,645.000
5.820340000,46.173330000,644.000
5.820310000,46.173260000,644.000
5.820270000,46.173190000,643.000
5.820270000,46.173180000,643.000
5.820250000,46.173150000,643.000
5.820220000,46.173120000,643.000
5.820170000,46.173050000,642.000
5.820150000,46.173030000,642.000
5.820130000,46.173000000,642.000
5.820110000,46.172990000,642.000
5.820040000,46.172930000,641.000
5.819980000,46.172870000,641.000
5.819910000,46.172810000,641.000
5.819830000,46.172750000,640.000
5.819760000,46.172700000,640.000
5.819660000,46.172620000,640.000
5.819650000,46.172620000,639.000
5.819620000,46.172590000,639.000
5.819550000,46.172530000,639.000
5.819490000,46.172480000,638.000
5.819480000,46.172470000,638.000
5.819420000,46.172410000,638.000
5.819360000,46.172350000,638.000
5.819300000,46.172290000,637.000
5.819250000,46.172220000,637.000
5.819220000,46.172170000,637.000
5.819200000,46.172150000,636.000
5.819160000,46.172080000,636.000
5.819110000,46.172010000,635.000
5.819060000,46.171940000,635.000
5.819020000,46.171860000,635.000
5.819010000,46.171850000,634.000
5.818970000,46.171800000,634.000
5.818930000,46.171730000,633.000
5.818890000,46.171660000,633.000
5.818860000,46.171590000,632.000
5.818830000,46.171530000,632.000
5.818800000,46.171450000,631.000
5.818790000,46.171400000,631.000
5.818780000,46.171330000,630.000
5.818770000,46.171300000,630.000
5.818750000,46.171220000,629.000
5.818740000,46.171150000,629.000
5.818730000,46.171070000,628.000
5.818730000,46.170990000,628.000
5.818730000,46.170970000,627.000
5.818730000,46.170920000,627.000
5.818730000,46.170840000,626.000
5.818740000,46.170770000,626.000
5.818740000,46.170690000,625.000
5.818740000,46.170610000,625.000
5.818730000,46.170540000,624.000
5.818720000,46.170480000,623.000
5.818710000,46.170400000,623.000
5.818690000,46.170320000,622.000
5.818670000,46.170260000,622.000
5.818650000,46.170190000,621.000
5.818640000,46.170130000,621.000
5.818630000,46.170090000,620.000
5.818620000,46.170010000,619.000
5.818630000,46.169950000,619.000
5.818640000,46.169900000,618.000
5.818640000,46.169880000,617.000
5.818660000,46.169820000,617.000
5.818690000,46.169750000,616.000
5.818730000,46.169690000,616.000
5.818740000,46.169670000,615.000
5.818780000,46.169610000,615.000
5.818880000,46.169490000,614.000
5.818950000,46.169410000,613.000
5.819000000,46.169350000,613.000
5.819070000,46.169250000,612.000
5.819100000,46.169190000,611.000
5.819110000,46.169170000,610.000
5.819120000,46.169150000,610.000
5.819130000,46.169120000,609.000
5.819140000,46.169090000,608.000
5.819140000,46.169060000,608.000
5.819140000,46.169030000,608.000
5.819140000,46.169000000,607.000
5.819140000,46.168970000,607.000
5.819120000,46.168910000,606.000
5.819120000,46.168900000,606.000
5.819100000,46.168850000,606.000
5.819080000,46.168810000,605.000
5.819040000,46.168740000,605.000
5.819040000,46.168730000,605.000
5.819010000,46.168680000,605.000
5.818990000,46.168630000,605.000
5.818980000,46.168590000,604.000
5.818980000,46.168560000,604.000
5.818980000,46.168540000,604.000
5.818980000,46.168510000,604.000
5.818980000,46.168510000,604.000
5.818990000,46.168470000,604.000
5.819020000,46.168420000,604.000
5.819030000,46.168400000,604.000
5.819090000,46.168320000,604.000
5.819130000,46.168260000,604.000
5.819180000,46.168210000,604.000
5.819220000,46.168160000,604.000
5.819240000,46.168120000,604.000
5.819250000,46.168090000,604.000
5.819260000,46.168080000,604.000
5.819280000,46.168050000,604.000
5.819280000,46.168040000,604.000
5.819290000,46.168020000,604.000
5.819290000,46.168000000,604.000
5.819290000,46.167990000,604.000
5.819300000,46.167960000,604.000
5.819300000,46.167920000,604.000
5.819300000,46.167880000,603.000
5.819300000,46.167860000,603.000
5.819280000,46.167800000,603.000
5.819270000,46.167780000,603.000
5.819250000,46.167750000,603.000
5.819240000,46.167730000,603.000
5.819220000,46.167690000,603.000
5.819180000,46.167630000,603.000
5.819170000,46.167620000,603.000
5.819140000,46.167580000,603.000
5.819130000,46.167570000,603.000
5.819110000,46.167530000,603.000
5.819100000,46.167520000,603.000
5.819070000,46.167480000,603.000
5.819060000,46.167460000,603.000
5.819040000,46.167420000,603.000
5.819030000,46.167400000,603.000
5.819020000,46.167380000,603.000
5.819010000,46.167370000,603.000
5.818980000,46.167320000,603.000
5.818970000,46.167290000,603.000
5.818970000,46.167260000,603.000
5.818950000,46.167210000,603.000
5.818950000,46.167160000,603.000
5.818950000,46.167110000,603.000
5.818950000,46.167060000,603.000
5.818950000,46.167050000,602.000
5.818950000,46.167030000,602.000
5.818950000,46.167020000,602.000
5.818950000,46.167010000,602.000
5.818950000,46.166970000,602.000
5.818960000,46.166930000,602.000
5.818960000,46.166920000,602.000
5.818980000,46.166870000,602.000
5.818990000,46.166820000,602.000
5.819010000,46.166780000,602.000
5.819020000,46.166730000,602.000
5.819040000,46.166700000,602.000
5.819040000,46.166680000,602.000
5.819080000,46.166600000,602.000
5.819100000,46.166550000,601.000
5.819130000,46.166470000,601.000
5.819150000,46.166410000,601.000
5.819170000,46.166350000,601.000
5.819190000,46.166300000,601.000
5.819240000,46.166210000,601.000
5.819280000,46.166110000,601.000
5.819320000,46.166010000,600.000
5.819330000,46.165960000,600.000
5.819360000,46.165900000,600.000
5.819360000,46.165880000,600.000
5.819380000,46.165830000,600.000
5.819380000,46.165810000,600.000
5.819390000,46.165780000,600.000
5.819400000,46.165750000,600.000
5.819390000,46.165710000,599.000
5.819380000,46.165670000,599.000
5.819370000,46.165660000,599.000
5.819360000,46.165640000,599.000
5.819330000,46.165600000,599.000
5.819290000,46.165570000,599.000
5.819240000,46.165540000,599.000
5.819190000,46.165520000,599.000
5.819140000,46.165510000,599.000
5.819130000,46.165500000,599.000
5.819070000,46.165490000,599.000
5.819030000,46.165480000,599.000
5.818920000,46.165460000,598.000
5.818710000,46.165410000,598.000
5.818630000,46.165390000,597.000
5.818610000,46.165390000,597.000
5.818560000,46.165370000,597.000
5.818500000,46.165350000,596.000
5.818460000,46.165340000,596.000
5.818400000,46.165310000,595.000
5.818360000,46.165290000,595.000
5.818300000,46.165250000,595.000
5.818260000,46.165220000,594.000
5.818240000,46.165200000,594.000
5.818210000,46.165180000,594.000
5.818180000,46.165140000,593.000
5.818170000,46.165120000,593.000
5.818090000,46.165000000,593.000
5.817960000,46.164770000,592.000
5.817920000,46.164700000,592.000
5.817900000,46.164650000,591.000
5.817850000,46.164570000,590.000
5.817730000,46.164360000,589.000
5.817650000,46.164230000,588.000
5.817640000,46.164200000,587.000
5.817580000,46.164100000,586.000
5.817540000,46.164030000,586.000
5.817510000,46.163970000,585.000
5.817470000,46.163900000,584.000
5.817450000,46.163830000,584.000
5.817440000,46.163770000,583.000
5.817430000,46.163740000,582.000
5.817430000,46.163700000,582.000
5.817430000,46.163690000,582.000
5.817430000,46.163640000,581.000
5.817430000,46.163570000,581.000
5.817440000,46.163500000,581.000
5.817460000,46.163440000,580.000
5.817460000,46.163390000,580.000
5.817460000,46.163380000,580.000
5.817460000,46.163320000,580.000
5.817450000,46.163260000,579.000
5.817450000,46.163240000,579.000
5.817440000,46.163200000,579.000
5.817430000,46.163150000,579.000
5.817420000,46.163110000,578.000
5.817400000,46.163040000,578.000
5.817370000,46.162970000,578.000
5.817330000,46.162900000,577.000
5.817310000,46.162850000,577.000
5.817280000,46.162800000,577.000
5.817250000,46.162750000,577.000
5.817220000,46.162710000,576.000
5.817160000,46.162610000,576.000
5.817120000,46.162560000,576.000
5.817080000,46.162510000,575.000
5.817060000,46.162480000,575.000
5.817050000,46.162460000,575.000
5.817020000,46.162400000,574.000
5.816980000,46.162350000,574.000
5.816960000,46.162310000,574.000
5.816950000,46.162300000,574.000
5.816880000,46.162200000,574.000
5.816850000,46.162150000,573.000
5.816850000,46.162140000,573.000
5.816820000,46.162090000,573.000
5.816790000,46.162030000,573.000
5.816760000,46.161990000,573.000
5.816740000,46.161940000,573.000
5.816710000,46.161900000,573.000
5.816690000,46.161850000,573.000
5.816670000,46.161810000,573.000
5.816650000,46.161770000,573.000
5.816630000,46.161740000,573.000
5.816610000,46.161700000,572.000
5.816600000,46.161660000,572.000
5.816590000,46.161650000,572.000
5.816540000,46.161530000,572.000
5.816510000,46.161480000,572.000
5.816510000,46.161470000,572.000
5.816490000,46.161440000,572.000
5.816480000,46.161400000,572.000
5.816460000,46.161370000,572.000
5.816450000,46.161360000,572.000
5.816440000,46.161330000,572.000
5.816420000,46.161290000,572.000
5.816400000,46.161260000,572.000
5.816380000,46.161220000,572.000
5.816360000,46.161180000,572.000
5.816350000,46.161150000,571.000
5.816330000,46.161120000,571.000
5.816310000,46.161080000,571.000
5.816290000,46.161050000,571.000
5.816280000,46.161020000,571.000
5.816260000,46.160980000,571.000
5.816240000,46.160940000,571.000
5.816230000,46.160910000,571.000
5.816210000,46.160870000,571.000
5.816190000,46.160840000,571.000
5.816180000,46.160810000,571.000
5.816150000,46.160770000,571.000
5.816130000,46.160710000,571.000
5.816110000,46.160680000,571.000
5.816100000,46.160660000,569.000
5.816080000,46.160630000,569.000
5.816060000,46.160590000,569.000
5.816040000,46.160550000,569.000
5.816030000,46.160550000,569.000
5.816010000,46.160520000,569.000
5.816010000,46.160510000,569.000
5.815990000,46.160480000,569.000
5.815970000,46.160440000,569.000
5.815940000,46.160400000,568.000
5.815910000,46.160370000,568.000
5.815900000,46.160350000,568.000
5.815850000,46.160290000,567.000
5.815830000,46.160250000,567.000
5.815790000,46.160210000,567.000
5.815760000,46.160160000,566.000
5.815740000,46.160130000,566.000
5.815700000,46.160080000,565.000
5.815670000,46.160040000,565.000
5.815670000,46.160030000,564.000
5.815650000,46.160000000,564.000
5.815620000,46.159970000,564.000
5.815600000,46.159930000,563.000
5.815570000,46.159890000,563.000
5.815550000,46.159860000,562.000
5.815530000,46.159820000,562.000
5.815510000,46.159790000,561.000
5.815480000,46.159760000,561.000
5.815470000,46.159740000,561.000
5.815460000,46.159720000,560.000
5.815450000,46.159700000,560.000
5.815440000,46.159700000,560.000
5.815430000,46.159670000,559.000
5.815420000,46.159640000,559.000
5.815400000,46.159620000,559.000
5.815390000,46.159600000,559.000
5.815380000,46.159590000,558.000
5.815380000,46.159570000,558.000
5.815370000,46.159500000,558.000
5.815370000,46.159430000,557.000
5.815380000,46.159390000,557.000
5.815390000,46.159340000,557.000
5.815400000,46.159330000,556.000
5.815410000,46.159280000,556.000
5.815440000,46.159230000,555.000
5.815460000,46.159180000,555.000
5.815520000,46.159080000,555.000
5.815560000,46.158980000,556.000
5.815570000,46.158940000,555.000
5.815590000,46.158900000,554.000
5.815600000,46.158850000,553.000
5.815620000,46.158810000,552.000
5.815640000,46.158780000,552.000
5.815660000,46.158720000,552.000
5.815680000,46.158670000,552.000
5.815690000,46.158630000,552.000
5.815700000,46.158610000,552.000
5.815720000,46.158550000,552.000
5.815730000,46.158500000,552.000
5.815750000,46.158430000,552.000
5.815750000,46.158370000,552.000
5.815760000,46.158300000,552.000
5.815770000,46.158250000,552.000
5.815780000,46.158170000,552.000
5.815790000,46.158120000,552.000
5.815800000,46.158070000,552.000
5.815820000,46.157990000,552.000
5.815840000,46.157950000,552.000
5.815860000,46.157910000,552.000
5.815880000,46.157880000,552.000
5.815910000,46.157850000,552.000
5.815930000,46.157820000,552.000
5.815980000,46.157770000,552.000
5.816040000,46.157730000,552.000
5.816100000,46.157680000,552.000
5.816140000,46.157650000,552.000
5.816190000,46.157600000,552.000
5.816220000,46.157580000,552.000
5.816250000,46.157550000,552.000
5.816270000,46.157530000,552.000
5.816320000,46.157470000,552.000
5.816370000,46.157380000,552.000
5.816390000,46.157340000,552.000
5.816410000,46.157280000,556.000
5.816430000,46.157210000,555.000
5.816430000,46.157170000,554.000
5.816440000,46.157140000,553.000
5.816440000,46.157070000,552.000
5.816450000,46.156990000,552.000
5.816450000,46.156960000,552.000
5.816460000,46.156850000,552.000
5.816460000,46.156770000,552.000
5.816460000,46.156710000,552.000
5.816470000,46.156630000,552.000
5.816470000,46.156620000,552.000
5.816470000,46.156560000,552.000
5.816470000,46.156470000,552.000
5.816470000,46.156450000,553.000
5.816470000,46.156400000,553.000
5.816470000,46.156320000,553.000
5.816470000,46.156270000,553.000
5.816470000,46.156260000,553.000
5.816460000,46.156160000,553.000
5.816450000,46.156090000,553.000
5.816440000,46.156060000,554.000
5.816430000,46.155990000,554.000
5.816410000,46.155910000,554.000
5.816400000,46.155820000,554.000
5.816380000,46.155730000,554.000
5.816360000,46.155660000,555.000
5.816340000,46.155560000,555.000
5.816340000,46.155540000,555.000
5.816320000,46.155470000,557.000
5.816300000,46.155350000,556.000
5.816260000,46.155150000,556.000
5.816240000,46.155060000,555.000
5.816200000,46.154910000,555.000
5.816180000,46.154800000,554.000
5.816170000,46.154780000,553.000
5.816160000,46.154700000,552.000
5.816140000,46.154610000,552.000
5.816140000,46.154520000,551.000
5.816130000,46.154440000,550.000
5.816130000,46.154420000,550.000
5.816130000,46.154360000,549.000
5.816140000,46.154300000,548.000
5.816140000,46.154260000,548.000
5.816140000,46.154240000,547.000
5.816150000,46.154190000,547.000
5.816170000,46.154120000,546.000
5.816190000,46.154060000,546.000
5.816190000,46.154030000,545.000
5.816230000,46.153940000,545.000
5.816260000,46.153880000,544.000
5.816280000,46.153840000,544.000
5.816310000,46.153790000,543.000
5.816360000,46.153720000,543.000
5.816420000,46.153640000,545.000
5.816470000,46.153600000,543.000
5.816500000,46.153570000,542.000
5.816570000,46.153490000,542.000
5.816640000,46.153430000,541.000
5.816670000,46.153400000,541.000
5.816730000,46.153350000,541.000
5.816790000,46.153290000,541.000
5.816840000,46.153250000,541.000
5.816950000,46.153150000,541.000
5.817050000,46.153070000,541.000
5.817130000,46.153000000,541.000
5.817150000,46.152980000,541.000
5.817200000,46.152940000,541.000
5.817310000,46.152840000,541.000
5.817490000,46.152700000,541.000
5.817500000,46.152690000,541.000
5.817610000,46.152600000,541.000
5.817620000,46.152600000,541.000
5.817660000,46.152560000,541.000
5.817710000,46.152520000,541.000
5.817730000,46.152500000,541.000
5.817760000,46.152480000,541.000
5.817800000,46.152460000,541.000
5.817830000,46.152430000,541.000
5.817860000,46.152420000,541.000
5.817900000,46.152400000,541.000
5.817950000,46.152370000,541.000
5.817980000,46.152360000,541.000
5.818020000,46.152340000,541.000
5.818050000,46.152340000,541.000
5.818100000,46.152320000,541.000
5.818170000,46.152310000,544.000
5.818280000,46.152300000,543.000
5.818330000,46.152300000,543.000
5.818400000,46.152290000,542.000
5.818500000,46.152280000,542.000
5.818760000,46.152260000,542.000
5.818900000,46.152250000,542.000
5.819020000,46.152240000,543.000
5.819100000,46.152220000,543.000
5.819180000,46.152210000,543.000
5.819240000,46.152180000,544.000
5.819290000,46.152150000,544.000
5.819450000,46.152050000,545.000
5.819600000,46.151940000,545.000
5.819630000,46.151920000,546.000
5.819740000,46.151840000,546.000
5.819760000,46.151820000,547.000
5.819860000,46.151750000,547.000
5.819930000,46.151690000,548.000
5.819990000,46.151630000,548.000
5.820090000,46.151550000,549.000
5.820150000,46.151510000,549.000
5.820230000,46.151440000,550.000
5.820270000,46.151400000,551.000
5.820370000,46.151370000,551.000
5.820410000,46.151360000,551.000
5.820460000,46.151360000,551.000
5.820550000,46.151350000,551.000
5.820610000,46.151350000,551.000
5.820670000,46.151350000,551.000
5.820710000,46.151350000,551.000
5.820920000,46.151370000,551.000
5.821200000,46.151390000,551.000
5.821370000,46.151400000,551.000
5.821460000,46.151410000,551.000
5.821500000,46.151410000,551.000
5.821620000,46.151420000,551.000
5.821720000,46.151420000,551.000
5.821830000,46.151410000,550.000
5.821970000,46.151400000,550.000
5.822010000,46.151400000,550.000
5.822200000,46.151360000,550.000
5.822220000,46.151350000,550.000
5.822360000,46.151310000,550.000
5.822420000,46.151280000,549.000
5.822470000,46.151260000,549.000
5.822520000,46.151230000,549.000
5.822570000,46.151200000,549.000
5.822650000,46.151110000,549.000
5.822690000,46.151080000,550.000
5.822690000,46.151080000,551.000
5.822670000,46.151060000,550.000
5.822670000,46.151050000,550.000
5.822660000,46.151040000,549.000
5.822670000,46.151030000,549.000
5.822670000,46.151020000,549.000
5.822680000,46.151010000,549.000
5.822700000,46.151000000,549.000
5.822710000,46.150990000,549.000
5.822720000,46.150990000,549.000
5.822740000,46.150980000,549.000
5.822690000,46.150840000,549.000
5.822690000,46.150690000,549.000
5.822700000,46.150630000,550.000
5.822690000,46.150560000,550.000
5.822670000,46.150480000,550.000
5.822650000,46.150430000,551.000
5.822620000,46.150370000,551.000
5.822570000,46.150260000,552.000
5.822530000,46.150180000,552.000
5.822520000,46.150110000,553.000
5.822510000,46.150050000,553.000
5.822520000,46.149970000,554.000
5.822530000,46.149880000,554.000
5.822590000,46.149730000,555.000
5.822660000,46.149540000,555.000
5.822660000,46.149530000,556.000
5.822710000,46.149420000,557.000
5.822750000,46.149340000,557.000
5.822790000,46.149260000,558.000
5.822800000,46.149200000,558.000
5.822820000,46.149120000,559.000
5.822870000,46.148990000,559.000
5.822910000,46.148900000,559.000
5.822930000,46.148800000,559.000
5.822940000,46.148730000,559.000
5.822960000,46.148660000,559.000
5.822980000,46.148640000,559.000
5.823000000,46.148600000,559.000
5.823030000,46.148510000,559.000
5.823060000,46.148470000,559.000
5.823090000,46.148430000,559.000
5.823140000,46.148340000,559.000
5.823200000,46.148250000,558.000
5.823270000,46.148180000,558.000
5.823310000,46.148140000,558.000
5.823400000,46.148040000,558.000
5.823510000,46.147950000,558.000
5.823620000,46.147830000,557.000
5.823660000,46.147780000,557.000
5.823700000,46.147740000,557.000
5.823710000,46.147730000,557.000
5.823760000,46.147660000,559.000
5.823820000,46.147570000,558.000
5.823830000,46.147550000,558.000
5.823840000,46.147540000,557.000
5.823910000,46.147380000,557.000
5.823990000,46.147220000,557.000
5.824080000,46.147100000,557.000
5.824110000,46.147050000,557.000
5.824230000,46.146900000,557.000
5.824240000,46.146890000,557.000
5.824280000,46.146850000,557.000
5.824330000,46.146800000,557.000
5.824450000,46.146690000,557.000
5.824570000,46.146560000,557.000
5.824680000,46.146470000,557.000
5.824740000,46.146400000,557.000
5.824880000,46.146240000,557.000
5.825000000,46.146110000,557.000
5.825010000,46.146100000,560.000
5.825120000,46.145970000,559.000
5.825210000,46.145850000,559.000
5.825270000,46.145730000,558.000
5.825350000,46.145590000,558.000
5.825410000,46.145480000,558.000
5.825470000,46.145340000,558.000
5.825490000,46.145300000,558.000
5.825560000,46.145140000,558.000
5.825610000,46.145050000,558.000
5.825720000,46.144880000,558.000
5.825740000,46.144850000,558.000
5.825830000,46.144660000,558.000
5.825820000,46.144640000,558.000
5.825810000,46.144620000,558.000
5.825810000,46.144600000,558.000
5.825820000,46.144580000,558.000
5.825840000,46.144560000,558.000
5.825860000,46.144550000,558.000
5.825900000,46.144530000,558.000
5.825920000,46.144480000,558.000
5.825940000,46.144390000,561.000
5.825950000,46.144300000,560.000
5.825970000,46.144230000,560.000
5.825990000,46.144100000,559.000
5.826000000,46.144060000,559.000
5.826050000,46.143970000,559.000
5.826060000,46.143950000,559.000
5.826100000,46.143880000,559.000
5.826220000,46.143670000,559.000
5.826350000,46.143480000,559.000
5.826450000,46.143340000,559.000
5.826550000,46.143140000,559.000
5.826650000,46.142980000,559.000
5.826720000,46.142870000,560.000
5.826750000,46.142810000,560.000
5.826840000,46.142680000,562.000
5.826950000,46.142500000,562.000
5.827090000,46.142270000,561.000
5.827220000,46.142080000,561.000
5.827270000,46.141990000,560.000
5.827280000,46.141960000,560.000
5.827340000,46.141820000,560.000
5.827400000,46.141680000,560.000
5.827410000,46.141640000,560.000
5.827440000,46.141540000,559.000
5.827490000,46.141410000,559.000
5.827540000,46.141300000,559.000
5.827540000,46.141290000,559.000
5.827600000,46.141160000,558.000
5.827620000,46.141120000,558.000
5.827660000,46.141030000,558.000
5.827710000,46.140900000,561.000
5.827770000,46.140740000,560.000
5.827820000,46.140580000,559.000
5.827840000,46.140490000,559.000
5.827870000,46.140370000,558.000
5.827910000,46.140220000,558.000
5.827920000,46.140200000,558.000
5.827970000,46.140050000,558.000
5.828010000,46.139910000,558.000
5.828050000,46.139700000,558.000
5.828070000,46.139540000,558.000
5.828080000,46.139380000,558.000
5.828070000,46.139260000,559.000
5.828060000,46.139150000,559.000
5.828060000,46.139140000,559.000
5.828030000,46.138990000,560.000
5.828000000,46.138860000,560.000
5.827990000,46.138760000,560.000
5.827950000,46.138480000,559.000
5.827920000,46.138280000,558.000
5.827900000,46.138110000,557.000
5.827880000,46.137970000,556.000
5.827880000,46.137890000,555.000
5.827860000,46.137790000,554.000
5.827850000,46.137700000,553.000
5.827840000,46.137610000,552.000
5.827800000,46.137280000,551.000
5.827760000,46.137110000,553.000
5.827760000,46.137070000,551.000
5.827740000,46.136980000,549.000
5.827740000,46.136960000,548.000
5.827740000,46.136950000,547.000
5.827730000,46.136910000,547.000
5.827730000,46.136850000,546.000
5.827740000,46.136740000,546.000
5.827750000,46.136650000,546.000
5.827780000,46.136580000,546.000
5.827800000,46.136510000,546.000
5.827890000,46.136390000,546.000
5.827930000,46.136330000,546.000
5.828020000,46.136260000,546.000
5.828130000,46.136170000,546.000
5.828150000,46.136160000,546.000
5.828320000,46.136030000,546.000
5.828420000,46.135950000,546.000
5.828510000,46.135890000,546.000
5.828590000,46.135830000,547.000
5.828660000,46.135780000,547.000
5.828680000,46.135760000,547.000
5.828940000,46.135540000,549.000
5.829140000,46.135350000,548.000
5.829150000,46.135340000,548.000
5.829260000,46.135230000,548.000
5.829340000,46.135160000,547.000
5.829450000,46.135040000,547.000
5.829530000,46.134940000,547.000
5.829550000,46.134900000,547.000
5.829580000,46.134850000,546.000
5.829610000,46.134720000,546.000
5.829620000,46.134710000,546.000
5.829650000,46.134580000,546.000
5.829710000,46.134390000,545.000
5.829710000,46.134370000,545.000
5.829740000,46.134290000,545.000
5.829790000,46.134200000,544.000
5.829820000,46.134160000,544.000
5.829890000,46.134030000,544.000
5.829900000,46.134020000,543.000
5.829990000,46.133870000,544.000
5.830020000,46.133780000,544.000
5.830020000,46.133760000,543.000
5.830020000,46.133740000,543.000
5.830030000,46.133630000,542.000
5.830010000,46.133530000,541.000
5.829960000,46.133400000,540.000
5.829900000,46.133290000,539.000
5.829850000,46.133180000,538.000
5.829830000,46.133060000,537.000
5.829790000,46.132860000,536.000
5.829780000,46.132780000,535.000
5.829750000,46.132500000,533.000
5.829750000,46.132430000,532.000
5.829740000,46.132330000,530.000
5.829720000,46.132200000,529.000
5.829690000,46.132090000,531.000
5.829680000,46.132070000,528.000
5.829670000,46.132020000,526.000
5.829640000,46.131960000,525.000
5.829630000,46.131950000,524.000
5.829560000,46.131850000,523.000
5.829430000,46.131660000,522.000
5.829330000,46.131520000,521.000
5.829290000,46.131430000,520.000
5.829260000,46.131370000,519.000
5.829250000,46.131290000,518.000
5.829210000,46.131100000,517.000
5.829140000,46.130790000,516.000
5.829140000,46.130780000,515.000
5.829130000,46.130720000,514.000
5.829120000,46.130630000,513.000
5.829110000,46.130450000,512.000
5.829110000,46.130380000,511.000
5.829140000,46.130280000,514.000
5.829180000,46.130160000,512.000
5.829240000,46.129980000,510.000
5.829290000,46.129830000,509.000
5.829310000,46.129770000,508.000
5.829340000,46.129660000,508.000
5.829350000,46.129630000,507.000
5.829360000,46.129560000,507.000
5.829360000,46.129510000,507.000
5.829360000,46.129480000,507.000
5.829370000,46.129380000,507.000
5.829370000,46.129360000,507.000
5.829350000,46.129050000,507.000
5.829350000,46.128840000,507.000
5.829340000,46.128720000,507.000
5.829340000,46.128660000,507.000
5.829330000,46.128420000,509.000
5.829310000,46.128270000,508.000
5.829290000,46.128200000,507.000
5.829240000,46.128090000,507.000
5.829190000,46.127980000,506.000
5.829180000,46.127960000,506.000
5.829140000,46.127880000,505.000
5.829100000,46.127790000,504.000
5.829040000,46.127670000,504.000
5.828960000,46.127510000,503.000
5.828930000,46.127420000,502.000
5.828910000,46.127360000,501.000
5.828870000,46.127150000,500.000
5.828820000,46.126910000,499.000
5.828800000,46.126840000,498.000
5.828750000,46.126580000,499.000
5.828740000,46.126550000,497.000
5.828670000,46.126410000,496.000
5.828650000,46.126390000,495.000
5.828530000,46.126240000,494.000
5.828510000,46.126240000,493.000
5.828500000,46.126240000,493.000
5.828490000,46.126230000,492.000
5.828480000,46.126230000,492.000
5.828470000,46.126230000,492.000
5.828470000,46.126220000,491.000
5.828460000,46.126220000,491.000
5.828450000,46.126220000,491.000
5.828440000,46.126210000,491.000
5.828430000,46.126200000,491.000
5.828420000,46.126200000,491.000
5.828420000,46.126190000,491.000
5.828410000,46.126180000,491.000
5.828400000,46.126170000,491.000
5.828390000,46.126160000,491.000
5.828390000,46.126150000,491.000
5.828390000,46.126140000,491.000
5.828390000,46.126130000,491.000
5.828380000,46.126130000,491.000
5.828380000,46.126120000,491.000
5.828380000,46.126110000,491.000
5.828390000,46.126100000,491.000
5.828390000,46.126090000,491.000
5.828390000,46.126080000,491.000
5.828400000,46.126070000,491.000
5.828400000,46.126060000,491.000
5.828410000,46.126060000,491.000
5.828410000,46.126010000,491.000
5.828420000,46.125910000,491.000
5.828430000,46.125830000,490.000
5.828450000,46.125760000,490.000
5.828500000,46.125670000,490.000
5.828610000,46.125560000,490.000
5.828670000,46.125510000,490.000
5.828770000,46.125450000,489.000
5.828890000,46.125410000,489.000
5.829020000,46.125360000,489.000
5.829130000,46.125340000,489.000
5.829270000,46.125330000,488.000
5.829380000,46.125340000,488.000
5.829440000,46.125340000,488.000
5.829500000,46.125350000,488.000
5.829630000,46.125380000,487.000
5.829690000,46.125390000,487.000
5.829790000,46.125440000,487.000
5.829850000,46.125460000,487.000
5.829980000,46.125490000,486.000
5.830080000,46.125500000,486.000
5.830160000,46.125500000,486.000
5.830270000,46.125500000,485.000
5.830440000,46.125450000,485.000
5.830670000,46.125370000,485.000
5.830870000,46.125300000,484.000
5.830950000,46.125280000,484.000
5.831010000,46.125270000,483.000
5.831100000,46.125260000,483.000
5.831250000,46.125260000,482.000
5.831460000,46.125260000,482.000
5.831720000,46.125270000,482.000
5.831860000,46.125280000,481.000
5.832100000,46.125320000,480.000
5.832290000,46.125360000,479.000
5.832460000,46.125370000,479.000
5.832500000,46.125370000,479.000
5.832570000,46.125370000,479.000
5.832650000,46.125350000,479.000
5.832720000,46.125320000,479.000
5.832740000,46.125310000,479.000
5.832810000,46.125260000,479.000
5.832920000,46.125190000,479.000
5.832940000,46.125170000,479.000
5.833150000,46.125050000,479.000
5.833340000,46.124970000,479.000
5.833710000,46.124860000,480.000
5.833770000,46.124850000,480.000
5.833850000,46.124830000,480.000
5.833950000,46.124820000,480.000
5.834000000,46.124810000,480.000
5.834120000,46.124810000,481.000
5.834360000,46.124800000,481.000
5.834540000,46.124790000,481.000
5.834660000,46.124790000,481.000
5.834760000,46.124770000,481.000
5.834830000,46.124750000,481.000
5.834830000,46.124750000,481.000
5.834830000,46.124730000,481.000
5.834830000,46.124720000,481.000
5.834840000,46.124710000,481.000
5.834850000,46.124700000,481.000
5.834860000,46.124700000,481.000
5.834900000,46.124680000,481.000
5.834890000,46.124620000,481.000
5.834880000,46.124550000,481.000
5.834860000,46.124500000,481.000
5.834800000,46.124390000,481.000
5.834730000,46.124270000,481.000
5.834640000,46.124190000,481.000
5.834570000,46.124150000,481.000
5.834420000,46.124130000,480.000
5.834390000,46.124130000,480.000
5.834300000,46.124120000,480.000
5.834130000,46.124110000,480.000
5.834080000,46.124110000,480.000
5.833800000,46.124070000,479.000
5.833790000,46.124070000,479.000
5.833620000,46.124050000,479.000
5.833520000,46.124030000,479.000
5.833500000,46.124030000,479.000
5.833310000,46.123990000,478.000
5.833130000,46.123950000,478.000
5.832820000,46.123860000,478.000
5.832540000,46.123770000,477.000
5.832130000,46.123640000,476.000
5.831920000,46.123580000,475.000
5.831630000,46.123490000,474.000
5.831500000,46.123450000,473.000
5.831440000,46.123430000,472.000
5.831310000,46.123400000,471.000
5.831070000,46.123360000,470.000
5.830830000,46.123330000,469.000
5.830690000,46.123320000,464.000
5.830330000,46.123290000,464.000
5.830080000,46.123270000,464.000
5.829780000,46.123240000,463.000
5.829500000,46.123190000,461.000
5.829250000,46.123140000,459.000
5.829130000,46.123090000,457.000
5.829020000,46.123040000,455.000
5.829010000,46.123040000,454.000
5.828900000,46.122970000,452.000
5.828790000,46.122880000,451.000
5.828690000,46.122800000,450.000
5.828630000,46.122730000,448.000
5.828560000,46.122640000,447.000
5.828520000,46.122520000,445.000
5.828470000,46.122360000,444.000
5.828450000,46.122250000,443.000
5.828430000,46.122130000,441.000
5.828400000,46.121980000,440.000
5.828390000,46.121790000,438.000
5.828400000,46.121650000,437.000
5.828410000,46.121380000,436.000
5.828400000,46.121210000,434.000
5.828400000,46.121170000,432.000
5.828380000,46.121030000,431.000
5.828350000,46.120760000,429.000
5.828300000,46.120400000,429.000
5.828240000,46.120140000,426.000
5.828200000,46.119960000,424.000
5.828200000,46.119920000,422.000
5.828170000,46.119740000,421.000
5.828160000,46.119600000,419.000
5.828160000,46.119570000,418.000
5.828160000,46.119400000,417.000
5.828170000,46.119240000,416.000
5.828180000,46.119200000,416.000
5.828230000,46.119060000,415.000
5.828320000,46.118890000,414.000
5.828330000,46.118850000,414.000
5.828360000,46.118820000,413.000
5.828420000,46.118790000,413.000
5.828560000,46.118740000,413.000
5.828610000,46.118710000,414.000
5.828760000,46.118660000,413.000
5.828880000,46.118600000,413.000
5.828960000,46.118540000,412.000
5.829000000,46.118490000,412.000
5.829050000,46.118410000,412.000
5.829090000,46.118240000,412.000
5.829090000,46.118230000,412.000
5.829080000,46.118140000,412.000
5.829050000,46.118050000,412.000
5.829030000,46.118010000,412.000
5.829010000,46.117980000,412.000
5.828980000,46.117960000,412.000
5.828910000,46.117920000,412.000
5.828850000,46.117890000,412.000
5.828740000,46.117850000,412.000
5.828570000,46.117810000,412.000
5.828360000,46.117790000,412.000
5.828330000,46.117790000,412.000
5.828080000,46.117800000,412.000
5.827900000,46.117810000,412.000
5.827880000,46.117810000,412.000
5.827750000,46.117820000,414.000
5.827690000,46.117820000,413.000
5.827660000,46.117820000,413.000
5.827530000,46.117820000,413.000
5.827330000,46.117810000,413.000
5.827190000,46.117810000,412.000
5.827060000,46.117790000,412.000
5.826970000,46.117770000,412.000
5.826860000,46.117740000,411.000
5.826690000,46.117670000,411.000
5.826540000,46.117600000,410.000
5.826450000,46.117540000,409.000
5.826350000,46.117480000,409.000
5.826120000,46.117340000,408.000
5.825960000,46.117240000,408.000
5.825840000,46.117140000,407.000
5.825820000,46.117130000,406.000
5.825730000,46.117040000,406.000
5.825700000,46.116990000,405.000
5.825680000,46.116970000,404.000
5.825630000,46.116890000,401.000
5.825520000,46.116670000,401.000
5.825490000,46.116600000,401.000
5.825460000,46.116530000,400.000
5.825450000,46.116430000,399.000
5.825460000,46.116340000,397.000
5.825480000,46.116260000,396.000
5.825520000,46.116180000,394.000
5.825560000,46.116090000,393.000
5.825740000,46.115760000,391.000
5.825790000,46.115670000,388.000
5.825790000,46.115620000,386.000
5.825790000,46.115570000,384.000
5.825790000,46.115510000,382.000
5.825790000,46.115490000,380.000
5.825780000,46.115470000,378.000
5.825760000,46.115430000,377.000
5.825740000,46.115410000,376.000
5.825740000,46.115400000,375.000
5.825700000,46.115360000,374.000
5.825680000,46.115320000,374.000
5.825630000,46.115280000,373.000
5.825560000,46.115220000,372.000
5.825400000,46.115100000,369.000
5.825240000,46.114970000,369.000
5.824950000,46.114690000,368.000
5.824820000,46.114570000,368.000
5.824780000,46.114530000,368.000
5.824640000,46.114390000,368.000
5.824600000,46.114350000,369.000
5.824580000,46.114330000,369.000
5.824560000,46.114290000,369.000
5.824540000,46.114250000,370.000
5.824520000,46.114210000,370.000
5.824520000,46.114180000,370.000
5.824520000,46.114140000,370.000
5.824510000,46.114090000,371.000
5.824500000,46.114030000,371.000
5.824480000,46.114000000,371.000
5.824440000,46.113940000,371.000
5.824440000,46.113940000,372.000
5.824530000,46.113890000,372.000
5.824630000,46.113830000,372.000
5.824810000,46.113700000,373.000
5.824860000,46.113670000,373.000
5.824930000,46.113620000,376.000
5.824960000,46.113590000,375.000
5.825000000,46.113550000,375.000
5.825030000,46.113520000,375.000
5.825070000,46.113480000,375.000
5.825180000,46.113340000,375.000
5.825260000,46.113240000,375.000
5.825320000,46.113170000,374.000
5.825390000,46.113100000,374.000
5.825400000,46.113090000,374.000
5.825430000,46.113050000,374.000
5.825480000,46.113000000,374.000
5.825540000,46.112950000,374.000
5.825620000,46.112890000,373.000
5.825680000,46.112840000,373.000
5.825780000,46.112770000,373.000
5.825830000,46.112750000,373.000
5.825870000,46.112720000,373.000
5.825920000,46.112690000,373.000
5.826050000,46.112630000,372.000
5.826140000,46.112590000,372.000
5.826250000,46.112550000,372.000
5.826290000,46.112530000,372.000
5.826330000,46.112510000,372.000
5.826360000,46.112490000,372.000
5.826400000,46.112470000,371.000
5.826420000,46.112460000,371.000
5.826450000,46.112430000,371.000
5.826500000,46.112400000,371.000
5.826650000,46.112270000,372.000
5.826790000,46.112150000,371.000
5.826810000,46.112130000,371.000
5.827030000,46.111940000,370.000
5.827180000,46.111810000,370.000
5.827220000,46.111780000,369.000
5.827210000,46.111770000,369.000
5.827200000,46.111760000,368.000
5.827200000,46.111750000,368.000
5.827190000,46.111750000,368.000
5.827190000,46.111740000,368.000
5.827180000,46.111730000,368.000
5.827180000,46.111720000,368.000
5.827180000,46.111710000,368.000
5.827190000,46.111700000,368.000
5.827190000,46.111690000,367.000
5.827200000,46.111690000,367.000
5.827200000,46.111680000,367.000
5.827210000,46.111680000,367.000
5.827210000,46.111670000,367.000
5.827220000,46.111670000,367.000
5.827220000,46.111660000,367.000
5.827230000,46.111660000,367.000
5.827240000,46.111660000,367.000
5.827250000,46.111660000,367.000
5.827250000,46.111650000,367.000
5.827260000,46.111650000,367.000
5.827270000,46.111650000,367.000
5.827280000,46.111650000,367.000
5.827290000,46.111650000,367.000
5.827300000,46.111650000,367.000
5.827310000,46.111650000,367.000
5.827320000,46.111650000,367.000
5.827320000,46.111660000,367.000
5.827330000,46.111660000,367.000
5.827340000,46.111660000,367.000
5.827340000,46.111670000,367.000
5.827350000,46.111670000,367.000
5.827590000,46.111520000,366.000
5.827670000,46.111440000,366.000
5.827740000,46.111370000,366.000
5.827930000,46.111160000,365.000
5.828180000,46.110890000,365.000
5.828230000,46.110800000,365.000
5.828290000,46.110710000,364.000
5.828330000,46.110630000,363.000
5.828350000,46.110580000,363.000
5.828360000,46.110550000,362.000
5.828360000,46.110540000,362.000
5.828370000,46.110510000,362.000
5.828370000,46.110470000,362.000
5.828370000,46.110440000,361.000
5.828370000,46.110390000,361.000
5.828360000,46.110350000,361.000
5.828340000,46.110300000,361.000
5.828210000,46.110090000,361.000
5.827990000,46.109970000,360.000
5.827990000,46.109970000,360.000
5.827980000,46.109970000,360.000
5.827970000,46.109970000,360.000
5.827970000,46.109960000,360.000
5.827960000,46.109960000,360.000
5.827950000,46.109960000,360.000
5.827940000,46.109960000,360.000
5.827930000,46.109960000,360.000
5.827930000,46.109950000,360.000
5.827920000,46.109950000,360.000
5.827910000,46.109950000,360.000
5.827910000,46.109940000,359.000
5.827900000,46.109940000,359.000
5.827890000,46.109930000,359.000
5.827880000,46.109930000,359.000
5.827880000,46.109920000,359.000
5.827870000,46.109910000,359.000
5.827870000,46.109900000,359.000
5.827860000,46.109900000,359.000
5.827860000,46.109890000,359.000
5.827860000,46.109880000,359.000
5.827860000,46.109870000,359.000
5.827860000,46.109860000,359.000
5.827860000,46.109850000,359.000
5.827870000,46.109840000,359.000
5.827870000,46.109830000,359.000
5.827880000,46.109820000,359.000
5.827890000,46.109810000,359.000
5.827900000,46.109800000,359.000
5.827950000,46.109730000,359.000
5.827990000,46.109670000,359.000
5.828020000,46.109640000,359.000
5.828090000,46.109600000,359.000
5.828160000,46.109510000,358.000
5.828320000,46.109350000,357.000
5.828640000,46.109040000,357.000
5.828840000,46.108850000,356.000
5.828990000,46.108690000,355.000
5.829090000,46.108590000,354.000
5.829130000,46.108560000,353.000
5.829160000,46.108530000,352.000
5.829200000,46.108510000,351.000
5.829210000,46.108500000,350.000
5.829260000,46.108460000,349.000
5.829260000,46.108460000,349.000
5.829260000,46.108450000,348.000
5.829250000,46.108440000,348.000
5.829250000,46.108420000,347.000
5.829250000,46.108410000,347.000
5.829260000,46.108390000,347.000
5.829270000,46.108380000,347.000
5.829280000,46.108370000,347.000
5.829300000,46.108360000,346.000
5.829320000,46.108350000,346.000
5.829330000,46.108350000,346.000
5.829350000,46.108350000,346.000
5.829370000,46.108350000,346.000
5.829390000,46.108360000,346.000
5.829410000,46.108370000,346.000
5.829430000,46.108380000,345.000
5.829440000,46.108390000,345.000
5.829500000,46.108400000,345.000
5.829550000,46.108410000,345.000
5.829590000,46.108410000,345.000
5.829680000,46.108390000,344.000
5.829760000,46.108380000,344.000
5.829900000,46.108360000,344.000
5.830130000,46.108330000,343.000
5.830350000,46.108300000,343.000
5.830480000,46.108280000,342.000
5.830720000,46.108240000,342.000
5.830870000,46.108220000,342.000
5.830940000,46.108200000,342.000
5.831050000,46.108170000,342.000
5.831140000,46.108140000,342.000
5.831210000,46.108110000,343.000
5.831280000,46.108080000,343.000
5.831380000,46.108010000,343.000
5.831590000,46.107890000,344.000
5.831700000,46.107810000,344.000
5.831760000,46.107770000,345.000
5.831950000,46.107640000,345.000
5.832030000,46.107590000,346.000
5.832340000,46.107440000,349.000
5.832400000,46.107410000,349.000
5.832420000,46.107400000,349.000
5.832760000,46.107260000,349.000
5.833160000,46.107090000,349.000
5.833220000,46.107070000,349.000
5.833310000,46.107020000,350.000
5.833410000,46.106960000,350.000
5.833420000,46.106960000,351.000
5.833620000,46.106810000,351.000
5.833680000,46.106740000,351.000
5.833830000,46.106590000,352.000
5.833890000,46.106510000,352.000
5.833980000,46.106440000,353.000
5.834070000,46.106390000,353.000
5.834130000,46.106360000,353.000
5.834350000,46.106280000,356.000
5.834500000,46.106220000,355.000
5.834660000,46.106160000,355.000
5.834780000,46.106090000,355.000
5.834810000,46.106070000,355.000
5.834830000,46.106060000,356.000
5.834870000,46.106030000,356.000
5.834880000,46.106020000,356.000
5.834910000,46.106010000,356.000
5.834910000,46.106000000,356.000
5.835000000,46.105940000,357.000
5.835130000,46.105850000,357.000
5.835300000,46.105720000,357.000
5.835370000,46.105670000,358.000
5.835390000,46.105650000,358.000
5.835420000,46.105630000,358.000
5.835450000,46.105620000,359.000
5.835530000,46.105560000,359.000
5.835540000,46.105560000,359.000
5.835560000,46.105540000,359.000
5.835610000,46.105510000,359.000
5.835640000,46.105500000,360.000
5.835680000,46.105480000,360.000
5.835730000,46.105440000,360.000
5.835760000,46.105430000,360.000
5.835810000,46.105400000,360.000
5.835860000,46.105370000,360.000
5.835960000,46.105320000,361.000
5.836020000,46.105290000,361.000
5.836090000,46.105250000,361.000
5.836170000,46.105230000,361.000
5.836240000,46.105210000,362.000
5.836280000,46.105200000,362.000
5.836360000,46.105180000,365.000
5.836440000,46.105160000,364.000
5.836490000,46.105150000,364.000
5.836510000,46.105150000,364.000
5.836590000,46.105140000,364.000
5.836670000,46.105130000,364.000
5.836740000,46.105120000,364.000
5.836780000,46.105120000,365.000
5.836840000,46.105100000,365.000
5.836910000,46.105080000,365.000
5.837050000,46.105030000,366.000
5.837160000,46.104990000,366.000
5.837250000,46.104960000,367.000
5.837350000,46.104940000,368.000
5.837460000,46.104920000,368.000
5.837510000,46.104910000,369.000
5.837600000,46.104900000,370.000
5.837720000,46.104880000,371.000
5.837850000,46.104860000,371.000
5.838030000,46.104830000,372.000
5.838180000,46.104800000,373.000
5.838330000,46.104770000,374.000
5.838470000,46.104730000,375.000
5.838590000,46.104700000,376.000
5.838730000,46.104650000,377.000
5.838820000,46.104620000,381.000
5.838840000,46.104610000,381.000
5.838880000,46.104590000,381.000
5.838930000,46.104570000,381.000
5.839050000,46.104520000,382.000
5.839130000,46.104470000,382.000
5.839150000,46.104460000,383.000
5.839270000,46.104390000,384.000
5.839390000,46.104310000,385.000
5.839470000,46.104260000,386.000
5.839520000,46.104240000,387.000
5.839570000,46.104220000,388.000
5.839630000,46.104200000,389.000
5.839700000,46.104190000,389.000
5.839750000,46.104190000,390.000
5.839810000,46.104190000,391.000
5.839900000,46.104200000,391.000
5.840020000,46.104220000,392.000
5.840150000,46.104240000,393.000
5.840220000,46.104250000,394.000
5.840340000,46.104270000,395.000
5.840510000,46.104280000,396.000
5.840690000,46.104280000,397.000
5.840910000,46.104290000,398.000
5.841000000,46.104290000,399.000
5.841010000,46.104290000,400.000
5.841140000,46.104290000,401.000
5.841250000,46.104290000,402.000
5.841320000,46.104280000,403.000
5.841390000,46.104280000,404.000
5.841460000,46.104260000,404.000
5.841530000,46.104240000,405.000
5.841550000,46.104230000,405.000
5.841590000,46.104210000,405.000
5.841620000,46.104180000,405.000
5.841660000,46.104140000,405.000
5.841680000,46.104080000,405.000
5.841700000,46.104020000,405.000
5.841700000,46.103950000,405.000
5.841700000,46.103870000,405.000
5.841690000,46.103810000,404.000
5.841680000,46.103750000,404.000
5.841670000,46.103660000,404.000
5.841650000,46.103570000,403.000
5.841640000,46.103500000,403.000
5.841640000,46.103430000,402.000
5.841640000,46.103370000,402.000
5.841650000,46.103330000,402.000
5.841660000,46.103280000,401.000
5.841680000,46.103230000,401.000
5.841700000,46.103190000,400.000
5.841730000,46.103110000,400.000
5.841780000,46.103040000,400.000
5.841840000,46.102970000,399.000
5.841930000,46.102880000,399.000
5.842030000,46.102790000,399.000
5.842120000,46.102720000,399.000
5.842190000,46.102660000,398.000
5.842280000,46.102570000,398.000
5.842300000,46.102530000,397.000
5.842320000,46.102500000,397.000
5.842330000,46.102480000,397.000
5.842350000,46.102440000,396.000
5.842380000,46.102350000,396.000
5.842410000,46.102250000,396.000
5.842430000,46.102180000,396.000
5.842450000,46.102090000,396.000
5.842470000,46.102040000,396.000
5.842490000,46.102000000,396.000
5.842520000,46.101950000,396.000
5.842560000,46.101900000,396.000
5.842580000,46.101880000,396.000
5.842620000,46.101830000,396.000
5.842660000,46.101780000,395.000
5.842740000,46.101700000,395.000
5.842790000,46.101650000,395.000
5.842840000,46.101580000,395.000
5.842870000,46.101530000,395.000
5.842900000,46.101470000,395.000
5.842930000,46.101400000,395.000
5.842940000,46.101330000,395.000
5.842960000,46.101280000,395.000
5.842970000,46.101250000,395.000
5.842980000,46.101230000,395.000
5.843000000,46.101210000,395.000
5.843010000,46.101190000,395.000
5.843030000,46.101170000,395.000
5.843050000,46.101160000,395.000
5.843070000,46.101150000,395.000
5.843100000,46.101140000,395.000
5.843170000,46.101110000,399.000
5.843260000,46.101090000,397.000
5.843410000,46.101050000,396.000
5.843540000,46.101020000,396.000
5.843690000,46.100990000,396.000
5.843790000,46.100950000,397.000
5.843880000,46.100920000,397.000
5.843970000,46.100880000,398.000
5.844030000,46.100840000,399.000
5.844100000,46.100770000,399.000
5.844170000,46.100700000,400.000
5.844240000,46.100620000,401.000
5.844340000,46.100490000,402.000
5.844410000,46.100390000,403.000
5.844580000,46.100180000,404.000
5.844650000,46.100100000,405.000
5.844710000,46.100030000,407.000
5.844750000,46.099960000,408.000
5.844800000,46.099870000,409.000
5.844810000,46.099840000,412.000
5.844810000,46.099810000,412.000
5.844820000,46.099810000,413.000
5.844820000,46.099740000,413.000
5.844820000,46.099700000,413.000
5.844820000,46.099680000,414.000
5.844810000,46.099660000,414.000
5.844780000,46.099500000,414.000
5.844770000,46.099410000,415.000
5.844750000,46.099320000,415.000
5.844750000,46.099250000,415.000
5.844770000,46.099180000,416.000
5.844780000,46.099130000,416.000
5.844800000,46.099090000,416.000
5.844860000,46.098980000,417.000
5.844920000,46.098870000,417.000
5.845000000,46.098760000,417.000
5.845040000,46.098700000,418.000
5.845090000,46.098630000,418.000
5.845190000,46.098510000,419.000
5.845280000,46.098400000,419.000
5.845470000,46.098180000,420.000
5.845580000,46.098050000,423.000
5.845710000,46.097900000,423.000
5.845900000,46.097680000,423.000
5.846020000,46.097530000,423.000
5.846080000,46.097460000,423.000
5.846160000,46.097380000,423.000
5.846250000,46.097300000,423.000
5.846330000,46.097230000,424.000
5.846420000,46.097160000,424.000
5.846530000,46.097080000,424.000
5.846690000,46.096980000,424.000
5.846820000,46.096910000,424.000
5.846940000,46.096850000,425.000
5.847060000,46.096800000,425.000
5.847220000,46.096740000,425.000
5.847300000,46.096710000,427.000
5.847400000,46.096690000,427.000
5.847580000,46.096650000,427.000
5.847740000,46.096620000,427.000
5.848000000,46.096590000,427.000
5.848210000,46.096570000,428.000
5.848470000,46.096560000,429.000
5.848730000,46.096550000,430.000
5.848740000,46.096550000,431.000
5.848890000,46.096550000,432.000
5.849000000,46.096540000,433.000
5.849030000,46.096540000,434.000
5.849160000,46.096530000,435.000
5.849270000,46.096520000,435.000
5.849330000,46.096510000,436.000
5.849390000,46.096490000,437.000
5.849440000,46.096480000,437.000
5.849490000,46.096460000,438.000
5.849570000,46.096430000,438.000
5.849670000,46.096390000,439.000
5.849800000,46.096320000,441.000
5.849950000,46.096250000,441.000
5.850120000,46.096170000,441.000
5.850150000,46.096160000,441.000
5.850230000,46.096120000,442.000
5.850360000,46.096080000,442.000
5.850530000,46.096030000,442.000
5.850620000,46.096010000,442.000
5.850740000,46.096000000,442.000
5.850840000,46.095990000,443.000
5.850930000,46.095990000,443.000
5.851050000,46.095990000,443.000
5.851190000,46.096000000,443.000
5.851340000,46.096020000,443.000
5.851540000,46.096040000,443.000
5.851700000,46.096050000,443.000
5.851910000,46.096070000,444.000
5.851930000,46.096070000,444.000
5.852160000,46.096090000,444.000
5.852270000,46.096090000,445.000
5.852360000,46.096090000,445.000
5.852460000,46.096080000,445.000
5.852520000,46.096060000,445.000
5.852940000,46.095930000,445.000
5.853340000,46.095780000,445.000
5.853900000,46.095570000,446.000
5.854050000,46.095520000,446.000
5.854220000,46.095440000,446.000
5.854380000,46.095360000,447.000
5.854480000,46.095310000,447.000
5.854540000,46.095280000,447.000
5.854600000,46.095240000,451.000
5.854700000,46.095140000,450.000
5.854800000,46.095030000,449.000
5.854830000,46.094990000,448.000
5.854890000,46.094920000,448.000
5.854940000,46.094820000,448.000
5.854990000,46.094720000,448.000
5.855060000,46.094550000,448.000
5.855090000,46.094460000,448.000
5.855120000,46.094300000,448.000
5.855120000,46.094080000,448.000
5.855150000,46.093750000,448.000
5.855160000,46.093680000,448.000
5.855170000,46.093610000,448.000
5.855190000,46.093530000,448.000
5.855220000,46.093450000,453.000
5.855300000,46.093290000,451.000
5.855340000,46.093230000,450.000
5.855370000,46.093200000,450.000
5.855400000,46.093160000,449.000
5.855440000,46.093100000,449.000
5.855500000,46.093040000,449.000
5.855520000,46.093020000,449.000
5.855630000,46.092900000,450.000
5.855700000,46.092840000,450.000
5.855760000,46.092790000,451.000
5.855840000,46.092730000,451.000
5.855920000,46.092670000,452.000
5.856010000,46.092620000,452.000
5.856100000,46.092570000,453.000
5.856190000,46.092520000,454.000
5.856280000,46.092470000,454.000
5.856410000,46.092420000,455.000
5.856520000,46.092370000,455.000
5.856970000,46.092180000,459.000
5.857240000,46.092070000,459.000
5.857940000,46.091770000,460.000
5.857960000,46.091760000,460.000
5.858200000,46.091650000,461.000
5.858300000,46.091610000,462.000
5.858440000,46.091550000,462.000
5.858710000,46.091450000,463.000
5.859210000,46.091280000,468.000
5.859600000,46.091170000,467.000
5.859710000,46.091140000,468.000
5.859800000,46.091120000,468.000
5.859860000,46.091110000,469.000
5.859980000,46.091100000,470.000
5.860100000,46.091100000,470.000
5.860180000,46.091100000,471.000
5.860210000,46.091100000,471.000
5.860300000,46.091110000,472.000
5.860370000,46.091120000,473.000
5.860430000,46.091130000,473.000
5.860510000,46.091150000,474.000
5.860640000,46.091190000,475.000
5.860780000,46.091250000,475.000
5.861290000,46.091490000,476.000
5.861420000,46.091550000,478.000
5.861540000,46.091600000,479.000
5.861740000,46.091670000,481.000
5.862120000,46.091760000,482.000
5.862320000,46.091800000,484.000
5.862370000,46.091800000,485.000
5.862860000,46.091880000,486.000
5.863440000,46.091970000,488.000
5.863860000,46.092040000,489.000
5.863890000,46.092040000,491.000
5.864100000,46.092060000,492.000
5.864140000,46.092070000,494.000
5.864230000,46.092070000,495.000
5.864370000,46.092060000,496.000
5.864400000,46.092060000,497.000
5.864620000,46.092060000,497.000
5.864660000,46.092060000,498.000
5.864860000,46.092080000,498.000
5.864920000,46.092080000,498.000
5.865030000,46.092100000,498.000
5.865100000,46.092120000,498.000
5.865190000,46.092140000,498.000
5.865410000,46.092210000,498.000
5.865500000,46.092240000,498.000
5.865700000,46.092310000,498.000
5.865880000,46.092350000,498.000
5.865960000,46.092360000,497.000
5.865990000,46.092360000,497.000
5.866050000,46.092360000,497.000
5.866120000,46.092360000,497.000
5.866210000,46.092360000,497.000
5.866400000,46.092340000,497.000
5.866540000,46.092320000,497.000
5.866670000,46.092300000,496.000
5.866830000,46.092260000,496.000
5.866980000,46.092210000,498.000
5.867160000,46.092150000,497.000
5.867320000,46.092090000,497.000
5.867450000,46.092030000,497.000
5.867500000,46.092010000,497.000
5.867550000,46.091990000,497.000
5.867580000,46.091970000,497.000
5.867720000,46.091910000,498.000
5.867860000,46.091850000,498.000
5.868020000,46.091790000,498.000
5.868140000,46.091750000,499.000
5.868260000,46.091720000,500.000
5.868400000,46.091700000,500.000
5.868630000,46.091670000,501.000
5.868740000,46.091660000,502.000
5.868850000,46.091670000,502.000
5.868990000,46.091670000,503.000
5.869130000,46.091680000,504.000
5.869590000,46.091750000,505.000
5.869700000,46.091760000,506.000
5.869830000,46.091780000,507.000
5.869950000,46.091790000,508.000
5.869960000,46.091790000,508.000
5.870210000,46.091810000,509.000
5.870390000,46.091820000,509.000
5.870470000,46.091820000,510.000
5.870710000,46.091840000,511.000
5.870900000,46.091850000,511.000
5.871040000,46.091870000,512.000
5.871180000,46.091900000,513.000
5.871320000,46.091940000,513.000
5.871460000,46.091990000,514.000
5.871470000,46.091990000,515.000
5.871570000,46.092040000,515.000
5.871660000,46.092090000,516.000
5.871680000,46.092100000,516.000
5.871740000,46.092140000,517.000
5.871800000,46.092170000,517.000
5.871870000,46.092220000,517.000
5.871960000,46.092260000,518.000
5.871980000,46.092270000,518.000
5.872110000,46.092360000,518.000
5.872220000,46.092460000,518.000
5.872390000,46.092630000,519.000
5.872450000,46.092700000,519.000
5.872520000,46.092790000,520.000
5.872790000,46.093100000,520.000
5.873000000,46.093320000,521.000
5.873070000,46.093380000,522.000
5.873140000,46.093450000,522.000
5.873240000,46.093530000,523.000
5.873370000,46.093620000,523.000
5.873510000,46.093710000,523.000
5.873630000,46.093790000,524.000
5.873780000,46.093870000,520.000
5.874020000,46.094010000,522.000
5.874450000,46.094220000,523.000
5.874730000,46.094360000,523.000
5.874800000,46.094390000,523.000
5.874970000,46.094480000,522.000
5.875310000,46.094640000,522.000
5.875350000,46.094680000,521.000
5.875440000,46.094720000,520.000
5.876200000,46.095100000,518.000
5.876700000,46.095350000,517.000
5.876980000,46.095490000,517.000
5.877410000,46.095710000,516.000
5.877650000,46.095840000,516.000
5.877710000,46.095860000,516.000
5.877740000,46.095880000,516.000
5.877750000,46.095880000,516.000
5.877860000,46.095930000,516.000
5.877870000,46.095940000,516.000
5.877920000,46.095970000,516.000
5.877960000,46.095980000,516.000
5.878030000,46.096020000,516.000
5.878090000,46.096050000,516.000
5.878300000,46.096150000,514.000
5.878340000,46.096170000,514.000
5.878380000,46.096190000,515.000
5.878430000,46.096220000,515.000
5.878490000,46.096240000,516.000
5.878520000,46.096260000,516.000
5.878560000,46.096280000,516.000
5.878610000,46.096300000,517.000
5.878690000,46.096330000,517.000
5.878980000,46.096450000,517.000
5.879100000,46.096490000,518.000
5.879170000,46.096520000,518.000
5.879220000,46.096550000,519.000
5.879250000,46.096560000,519.000
5.879360000,46.096610000,519.000
5.879430000,46.096650000,520.000
5.879510000,46.096690000,520.000
5.879570000,46.096730000,521.000
5.879640000,46.096780000,521.000
5.879700000,46.096830000,522.000
5.879790000,46.096930000,522.000
5.879860000,46.097000000,522.000
5.879910000,46.097060000,523.000
5.879950000,46.097130000,523.000
5.880010000,46.097210000,524.000
5.880070000,46.097300000,524.000
5.880150000,46.097420000,521.000
5.880240000,46.097550000,522.000
5.880280000,46.097620000,523.000
5.880350000,46.097730000,524.000
5.880400000,46.097810000,524.000
5.880450000,46.097900000,524.000
5.880450000,46.097910000,523.000
5.880550000,46.098080000,523.000
5.880630000,46.098240000,522.000
5.880710000,46.098420000,521.000
5.880740000,46.098490000,520.000
5.880770000,46.098580000,519.000
5.880790000,46.098740000,518.000
5.880800000,46.098910000,517.000
5.880790000,46.099060000,515.000
5.880780000,46.099160000,516.000
5.880760000,46.099260000,514.000
5.880730000,46.099340000,513.000
5.880690000,46.099450000,512.000
5.880640000,46.099540000,512.000
5.880580000,46.099650000,511.000
5.880520000,46.099750000,511.000
5.880430000,46.099870000,511.000
5.880220000,46.100140000,512.000
5.880060000,46.100320000,512.000
5.880040000,46.100340000,513.000
5.879980000,46.100420000,513.000
5.879900000,46.100520000,513.000
5.879710000,46.100740000,514.000
5.879620000,46.100850000,517.000
5.879490000,46.101000000,517.000
5.879430000,46.101070000,517.000
5.879330000,46.101140000,517.000
5.879270000,46.101220000,517.000
5.879180000,46.101300000,517.000
5.879060000,46.101400000,517.000
5.878970000,46.101480000,517.000
5.878830000,46.101570000,518.000
5.878730000,46.101630000,518.000
5.878630000,46.101690000,518.000
5.878490000,46.101740000,518.000
5.878430000,46.101760000,518.000
5.878300000,46.101810000,518.000
5.878190000,46.101830000,519.000
5.878150000,46.101840000,519.000
5.877960000,46.101880000,519.000
5.877940000,46.101880000,519.000
5.877770000,46.101900000,519.000
5.877680000,46.101910000,519.000
5.877580000,46.101920000,520.000
5.876740000,46.101980000,520.000
5.876380000,46.102010000,520.000
5.876100000,46.102040000,519.000
5.875880000,46.102080000,518.000
5.875870000,46.102080000,518.000
5.875590000,46.102130000,517.000
5.875390000,46.102190000,517.000
5.875300000,46.102220000,516.000
5.875240000,46.102240000,516.000
5.875190000,46.102250000,516.000
5.875180000,46.102260000,515.000
5.874990000,46.102330000,518.000
5.874830000,46.102400000,517.000
5.874600000,46.102510000,516.000
5.874390000,46.102620000,515.000
5.874340000,46.102660000,515.000
5.874310000,46.102680000,515.000
5.874290000,46.102700000,515.000
5.874230000,46.102760000,515.000
5.874170000,46.102860000,515.000
5.874140000,46.102920000,515.000
5.874140000,46.102980000,515.000
5.874140000,46.103000000,515.000
5.874140000,46.103060000,515.000
5.874150000,46.103130000,515.000
5.874180000,46.103210000,515.000
5.874230000,46.103290000,515.000
5.874260000,46.103320000,515.000
5.874290000,46.103350000,515.000
5.874350000,46.103400000,515.000
5.874410000,46.103450000,515.000
5.874510000,46.103500000,515.000
5.874630000,46.103560000,515.000
5.874740000,46.103600000,515.000
5.875060000,46.103710000,513.000
5.875110000,46.103730000,513.000
5.875170000,46.103750000,514.000
5.875230000,46.103770000,514.000
5.875280000,46.103790000,514.000
5.875370000,46.103830000,515.000
5.875600000,46.103910000,515.000
5.875630000,46.103920000,515.000
5.875770000,46.103970000,515.000
5.875830000,46.103990000,515.000
5.876090000,46.104090000,515.000
5.876120000,46.104100000,515.000
5.876220000,46.104140000,515.000
5.876280000,46.104170000,515.000
5.876480000,46.104240000,515.000
5.876760000,46.104360000,515.000
5.876930000,46.104440000,515.000
5.877030000,46.104490000,515.000
5.877120000,46.104550000,515.000
5.877210000,46.104620000,515.000
5.877310000,46.104700000,514.000
5.877320000,46.104710000,515.000
5.877330000,46.104720000,515.000
5.877390000,46.104800000,515.000
5.877410000,46.104820000,515.000
5.877440000,46.104860000,515.000
5.877450000,46.104880000,515.000
5.877460000,46.104900000,515.000
5.877510000,46.104990000,515.000
5.877530000,46.105030000,515.000
5.877540000,46.105050000,515.000
5.877550000,46.105090000,515.000
5.877570000,46.105160000,514.000
5.877580000,46.105200000,514.000
5.877580000,46.105230000,514.000
5.877590000,46.105320000,513.000
5.877590000,46.105380000,513.000
5.877590000,46.105410000,513.000
5.877590000,46.105430000,513.000
5.877570000,46.105530000,512.000
5.877530000,46.105650000,512.000
5.877480000,46.105760000,512.000
5.877410000,46.105850000,511.000
5.877260000,46.106030000,511.000
5.877130000,46.106160000,510.000
5.877000000,46.106300000,509.000
5.876700000,46.106610000,511.000
5.876660000,46.106640000,509.000
5.876640000,46.106670000,508.000
5.876620000,46.106680000,507.000
5.876270000,46.107020000,506.000
5.875980000,46.107300000,506.000
5.875680000,46.107560000,506.000
5.875360000,46.107820000,506.000
5.875210000,46.107950000,506.000
5.875120000,46.108030000,506.000
5.875070000,46.108070000,509.000
5.875050000,46.108090000,508.000
5.875010000,46.108120000,508.000
5.874890000,46.108250000,507.000
5.874780000,46.108370000,507.000
5.874770000,46.108390000,507.000
5.874720000,46.108490000,506.000
5.874710000,46.108560000,506.000
5.874690000,46.108620000,506.000
5.874690000,46.108670000,506.000
5.874680000,46.108740000,506.000
5.874690000,46.108740000,505.000
5.874700000,46.108850000,505.000
5.874700000,46.108860000,505.000
5.874720000,46.108920000,505.000
5.874740000,46.108970000,505.000
5.874770000,46.109050000,505.000
5.874780000,46.109070000,504.000
5.874800000,46.109090000,504.000
5.874810000,46.109100000,504.000
5.874860000,46.109180000,504.000
5.874870000,46.109190000,504.000
5.874900000,46.109230000,504.000
5.874920000,46.109250000,504.000
5.875030000,46.109340000,504.000
5.875100000,46.109390000,503.000
5.875160000,46.109430000,503.000
5.875220000,46.109450000,503.000
5.875270000,46.109480000,503.000
5.875300000,46.109490000,503.000
5.875320000,46.109500000,503.000
5.875430000,46.109550000,502.000
5.875470000,46.109570000,502.000
5.875640000,46.109640000,502.000
5.875780000,46.109690000,502.000
5.876140000,46.109820000,502.000
5.876340000,46.109890000,502.000
5.876490000,46.109940000,502.000
5.876650000,46.109980000,502.000
5.876790000,46.110000000,502.000
5.876950000,46.110030000,502.000
5.877080000,46.110040000,502.000
5.877090000,46.110040000,502.000
5.877190000,46.110050000,502.000
5.877210000,46.110050000,502.000
5.877350000,46.110060000,502.000
5.877450000,46.110060000,502.000
5.877470000,46.110070000,502.000
5.877570000,46.110080000,502.000
5.877600000,46.110080000,502.000
5.877670000,46.110090000,502.000
5.877690000,46.110100000,502.000
5.877700000,46.110100000,502.000
5.877820000,46.110120000,502.000
5.877850000,46.110130000,502.000
5.877890000,46.110150000,502.000
5.877940000,46.110170000,502.000
5.877970000,46.110180000,502.000
5.878070000,46.110220000,499.000
5.878160000,46.110260000,500.000
5.878230000,46.110300000,500.000
5.878300000,46.110350000,501.000
5.878380000,46.110420000,501.000
5.878450000,46.110490000,501.000
5.878510000,46.110560000,501.000
5.878550000,46.110620000,501.000
5.878590000,46.110690000,501.000
5.878620000,46.110780000,501.000
5.878660000,46.110890000,501.000
5.878690000,46.110990000,501.000
5.878730000,46.111110000,501.000
5.878760000,46.111210000,501.000
5.878820000,46.111320000,501.000
5.878920000,46.111500000,501.000
5.879090000,46.111700000,501.000
5.879180000,46.111810000,497.000
5.879310000,46.111960000,498.000
5.879390000,46.112060000,499.000
5.879430000,46.112120000,499.000
5.879460000,46.112170000,499.000
5.879510000,46.112280000,498.000
5.879520000,46.112290000,498.000
5.879550000,46.112380000,497.000
5.879550000,46.112380000,497.000
5.879560000,46.112400000,496.000
5.879610000,46.112510000,496.000
5.879660000,46.112650000,495.000
5.879740000,46.112790000,494.000
5.879800000,46.112870000,493.000
5.879860000,46.112940000,492.000
5.879880000,46.112960000,491.000
5.879920000,46.113000000,491.000
5.880000000,46.113060000,490.000
5.880050000,46.113100000,489.000
5.880080000,46.113120000,489.000
5.880160000,46.113160000,488.000
5.880260000,46.113200000,487.000
5.880350000,46.113240000,487.000
5.880490000,46.113280000,486.000
5.880630000,46.113320000,484.000
5.880730000,46.113350000,484.000
5.880880000,46.113390000,483.000
5.881100000,46.113450000,483.000
5.881270000,46.113510000,483.000
5.881400000,46.113570000,483.000
5.881510000,46.113630000,483.000
5.881620000,46.113700000,483.000
5.881710000,46.113770000,483.000
5.881810000,46.113840000,483.000
5.881930000,46.113960000,483.000
5.882000000,46.114030000,483.000
5.882120000,46.114150000,483.000
5.882130000,46.114150000,483.000
5.882170000,46.114200000,483.000
5.882270000,46.114300000,483.000
5.882330000,46.114410000,483.000
5.882420000,46.114560000,480.000
5.882490000,46.114690000,481.000
5.882560000,46.114800000,481.000
5.882690000,46.114930000,481.000
5.882840000,46.115080000,481.000
5.883000000,46.115240000,481.000
5.883030000,46.115270000,480.000
5.883150000,46.115390000,480.000
5.883710000,46.115990000,479.000
5.884000000,46.116310000,475.000
5.884260000,46.116580000,474.000
5.884350000,46.116670000,473.000
5.884430000,46.116720000,471.000
5.884560000,46.116840000,470.000
5.884780000,46.117050000,468.000
5.884920000,46.117180000,467.000
5.884960000,46.117230000,466.000
5.884990000,46.117270000,465.000
5.885060000,46.117340000,464.000
5.885190000,46.117500000,463.000
5.885300000,46.117640000,462.000
5.885370000,46.117780000,461.000
5.885410000,46.117920000,460.000
5.885420000,46.118060000,459.000
5.885420000,46.118190000,458.000
5.885420000,46.118320000,457.000
5.885420000,46.118450000,456.000
5.885450000,46.118570000,456.000
5.885500000,46.118700000,455.000
5.885570000,46.118810000,455.000
5.885710000,46.118930000,455.000
5.885830000,46.119010000,455.000
5.885910000,46.119040000,454.000
5.886030000,46.119090000,454.000
5.886140000,46.119120000,454.000
5.886240000,46.119140000,454.000
5.886380000,46.119160000,454.000
5.886550000,46.119180000,454.000
5.886730000,46.119190000,453.000
5.887020000,46.119180000,453.000
5.887050000,46.119170000,453.000
5.887240000,46.119150000,453.000
5.887560000,46.119120000,453.000
5.887780000,46.119100000,453.000
5.888220000,46.119060000,453.000
5.888590000,46.119050000,453.000
5.888850000,46.119090000,452.000
5.889000000,46.119120000,452.000
5.889050000,46.119130000,452.000
5.889090000,46.119150000,452.000
5.889210000,46.119220000,452.000
5.889350000,46.119310000,448.000
5.889480000,46.119420000,449.000
5.889560000,46.119530000,450.000
5.889580000,46.119560000,451.000
5.889680000,46.119720000,451.000
5.889710000,46.119780000,452.000
5.889820000,46.119960000,453.000
5.889910000,46.120060000,453.000
5.889970000,46.120100000,454.000
5.890050000,46.120160000,454.000
5.890180000,46.120210000,455.000
5.890200000,46.120220000,456.000
5.890280000,46.120250000,456.000
5.890370000,46.120280000,457.000
5.890420000,46.120300000,457.000
5.890550000,46.120350000,457.000
5.891160000,46.120570000,461.000
5.892030000,46.120870000,460.000
5.892460000,46.121000000,460.000
5.892580000,46.121030000,460.000
5.892600000,46.121040000,460.000
5.892840000,46.121100000,460.000
5.892870000,46.121110000,459.000
5.893080000,46.121180000,459.000
5.893340000,46.121260000,459.000
5.893550000,46.121330000,457.000
5.893980000,46.121470000,457.000
5.894350000,46.121570000,456.000
5.894470000,46.121590000,455.000
5.894590000,46.121620000,454.000
5.894800000,46.121670000,453.000
5.895000000,46.121710000,452.000
5.895140000,46.121750000,451.000
5.895280000,46.121790000,450.000
5.895380000,46.121830000,449.000
5.895490000,46.121840000,448.000
5.895610000,46.121870000,447.000
5.895710000,46.121920000,447.000
5.895820000,46.121970000,446.000
5.895970000,46.122030000,444.000
5.896040000,46.122060000,444.000
5.896100000,46.122100000,443.000
5.896600000,46.122250000,443.000
5.896780000,46.122290000,442.000
5.896950000,46.122320000,441.000
5.897100000,46.122340000,440.000
5.897240000,46.122350000,439.000
5.897440000,46.122350000,438.000
5.897680000,46.122340000,437.000
5.897850000,46.122330000,436.000
5.897910000,46.122320000,435.000
5.897960000,46.122320000,434.000
5.898170000,46.122300000,433.000
5.898330000,46.122280000,432.000
5.898550000,46.122260000,430.000
5.898650000,46.122250000,430.000
5.898940000,46.122230000,429.000
5.899080000,46.122210000,429.000
5.899200000,46.122200000,429.000
5.899320000,46.122200000,429.000
5.899440000,46.122190000,429.000
5.899520000,46.122190000,429.000
5.899640000,46.122170000,429.000
5.899750000,46.122150000,429.000
5.899860000,46.122120000,429.000
5.899920000,46.122110000,429.000
5.899960000,46.122100000,429.000
5.900030000,46.122090000,429.000
5.900070000,46.122090000,429.000
5.900100000,46.122090000,429.000
5.900150000,46.122090000,429.000
5.900210000,46.122090000,429.000
5.900270000,46.122100000,429.000
5.900320000,46.122110000,429.000
5.900400000,46.122140000,429.000
5.900480000,46.122180000,429.000
5.900550000,46.122240000,429.000
5.900640000,46.122350000,429.000
5.900690000,46.122420000,429.000
5.900740000,46.122500000,429.000
5.900780000,46.122550000,426.000
5.900840000,46.122610000,426.000
5.900930000,46.122680000,427.000
5.901010000,46.122730000,427.000
5.901140000,46.122820000,427.000
5.901240000,46.122890000,427.000
5.901310000,46.122930000,427.000
5.901410000,46.123010000,427.000
5.901520000,46.123110000,427.000
5.901580000,46.123190000,426.000
5.901650000,46.123270000,426.000
5.901810000,46.123490000,426.000
5.902350000,46.124130000,420.000
5.902540000,46.124340000,421.000
5.902620000,46.124410000,421.000
5.902690000,46.124480000,421.000
5.902790000,46.124550000,420.000
5.902900000,46.124610000,419.000
5.903010000,46.124680000,418.000
5.903310000,46.124830000,417.000
5.903610000,46.124960000,416.000
5.903920000,46.125110000,415.000
5.904360000,46.125320000,409.000
5.904610000,46.125430000,408.000
5.904700000,46.125480000,407.000
5.904870000,46.125570000,406.000
5.904930000,46.125600000,405.000
5.904990000,46.125640000,404.000
5.905130000,46.125730000,403.000
5.905300000,46.125850000,402.000
5.905470000,46.125990000,402.000
5.905590000,46.126090000,401.000
5.905840000,46.126320000,400.000
5.906070000,46.126540000,400.000
5.906080000,46.126550000,399.000
5.906090000,46.126560000,398.000
5.906400000,46.126830000,393.000
5.906580000,46.126990000,394.000
5.906730000,46.127110000,394.000
5.906740000,46.127120000,393.000
5.906860000,46.127210000,393.000
5.906900000,46.127240000,392.000
5.906970000,46.127290000,391.000
5.907090000,46.127360000,390.000
5.907100000,46.127370000,390.000
5.907270000,46.127470000,389.000
5.907290000,46.127480000,388.000
5.907300000,46.127490000,387.000
5.907470000,46.127580000,387.000
5.907500000,46.127590000,386.000
5.907510000,46.127600000,385.000
5.907590000,46.127640000,385.000
5.907820000,46.127760000,384.000
5.908050000,46.127880000,383.000
5.908200000,46.127950000,382.000
5.908250000,46.127980000,381.000
5.908340000,46.128010000,378.000
5.908410000,46.128040000,378.000
5.908470000,46.128060000,377.000
5.908540000,46.128080000,376.000
5.908580000,46.128090000,376.000
5.908640000,46.128100000,375.000
5.908670000,46.128110000,375.000
5.908750000,46.128130000,374.000
5.908830000,46.128140000,374.000
5.908920000,46.128160000,373.000
5.909040000,46.128170000,373.000
5.909100000,46.128170000,373.000
5.909170000,46.128180000,372.000
5.909280000,46.128180000,372.000
5.909290000,46.128180000,371.000
5.909450000,46.128180000,371.000
5.909660000,46.128180000,370.000
5.909710000,46.128180000,370.000
5.909760000,46.128180000,369.000
5.909810000,46.128180000,369.000
5.909820000,46.128180000,368.000
5.909880000,46.128190000,368.000
5.909990000,46.128200000,368.000
5.910050000,46.128220000,367.000
5.910070000,46.128220000,367.000
5.910130000,46.128240000,366.000
5.910270000,46.128280000,366.000
5.910510000,46.128370000,366.000
5.910570000,46.128390000,365.000
5.910610000,46.128400000,364.000
5.910630000,46.128400000,364.000
5.910660000,46.128400000,363.000
5.910710000,46.128400000,363.000
5.910750000,46.128400000,363.000
5.910780000,46.128390000,362.000
5.910830000,46.128380000,362.000
5.910870000,46.128360000,362.000
5.910910000,46.128340000,362.000
5.910940000,46.128320000,362.000
5.910960000,46.128310000,362.000
5.910980000,46.128290000,361.000
5.911000000,46.128270000,361.000
5.911020000,46.128260000,361.000
5.911040000,46.128230000,361.000
5.911070000,46.128190000,361.000
5.911090000,46.128160000,361.000
5.911110000,46.128110000,361.000
5.911120000,46.128080000,361.000
5.911120000,46.128060000,361.000
5.911130000,46.128030000,361.000
5.911130000,46.127990000,361.000
5.911130000,46.127960000,361.000
5.911120000,46.127940000,361.000
5.911110000,46.127920000,361.000
5.911110000,46.127890000,361.000
5.911100000,46.127870000,361.000
5.911090000,46.127860000,361.000
5.911080000,46.127840000,361.000
5.911060000,46.127830000,361.000
5.911040000,46.127810000,361.000
5.911010000,46.127790000,361.000
5.910980000,46.127770000,361.000
5.910940000,46.127750000,361.000
5.910910000,46.127730000,361.000
5.910870000,46.127720000,361.000
5.910820000,46.127700000,361.000
5.910790000,46.127700000,361.000
5.910700000,46.127680000,361.000
5.910590000,46.127660000,361.000
5.910540000,46.127650000,360.000
5.910540000,46.127640000,360.000
5.910290000,46.127590000,360.000
5.910130000,46.127560000,360.000
5.910050000,46.127530000,360.000
5.910030000,46.127530000,360.000
5.909950000,46.127500000,360.000
5.909920000,46.127490000,360.000
5.909870000,46.127480000,360.000
5.909810000,46.127450000,360.000
5.909800000,46.127450000,360.000
5.909710000,46.127410000,360.000
5.909700000,46.127410000,360.000
5.909650000,46.127380000,360.000
5.909610000,46.127360000,360.000
5.909600000,46.127350000,360.000
5.909550000,46.127330000,359.000
5.909470000,46.127280000,359.000
5.909350000,46.127200000,359.000
5.909210000,46.127110000,359.000
5.909180000,46.127090000,360.000
5.909130000,46.127050000,360.000
5.908930000,46.126910000,360.000
5.908890000,46.126880000,361.000
5.908850000,46.126840000,361.000
5.908750000,46.126740000,362.000
5.908720000,46.126700000,362.000
5.908650000,46.126610000,363.000
5.908620000,46.126570000,363.000
5.908590000,46.126540000,364.000
5.908190000,46.126010000,365.000
5.907960000,46.125700000,362.000
5.907870000,46.125590000,364.000
5.907860000,46.125570000,365.000
5.907740000,46.125430000,366.000
5.907710000,46.125390000,367.000
5.907670000,46.125350000,368.000
5.907660000,46.125340000,368.000
5.907600000,46.125280000,368.000
5.907590000,46.125270000,368.000
5.907530000,46.125220000,368.000
5.907470000,46.125170000,368.000
5.907430000,46.125140000,367.000
5.907400000,46.125120000,367.000
5.907270000,46.125040000,367.000
5.907180000,46.124990000,366.000
5.907060000,46.124930000,366.000
5.906770000,46.124790000,366.000
5.906490000,46.124660000,365.000
5.906230000,46.124530000,364.000
5.906030000,46.124430000,361.000
5.905970000,46.124400000,361.000
5.905860000,46.124340000,360.000
5.905810000,46.124320000,360.000
5.905760000,46.124290000,360.000
5.905720000,46.124260000,360.000
5.905630000,46.124210000,360.000
5.905570000,46.124170000,360.000
5.905460000,46.124090000,360.000
5.905370000,46.124020000,360.000
5.905250000,46.123920000,360.000
5.905220000,46.123900000,361.000
5.905150000,46.123840000,361.000
5.905020000,46.123730000,361.000
5.904830000,46.123540000,362.000
5.904790000,46.123500000,362.000
5.904630000,46.123330000,363.000
5.904550000,46.123230000,363.000
5.904410000,46.123080000,364.000
5.904370000,46.123030000,360.000
5.904350000,46.123010000,362.000
5.904210000,46.122860000,363.000
5.904210000,46.122850000,364.000
5.904140000,46.122780000,365.000
5.904070000,46.122710000,365.000
5.904060000,46.122690000,365.000
5.904000000,46.122620000,364.000
5.903940000,46.122550000,364.000
5.903850000,46.122450000,363.000
5.903810000,46.122390000,363.000
5.903810000,46.122380000,363.000
5.903760000,46.122320000,362.000
5.903700000,46.122230000,362.000
5.903650000,46.122150000,361.000
5.903640000,46.122140000,360.000
5.903600000,46.122070000,360.000
5.903600000,46.122060000,359.000
5.903560000,46.121980000,359.000
5.903520000,46.121890000,359.000
5.903500000,46.121830000,358.000
5.903460000,46.121720000,357.000
5.903420000,46.121590000,357.000
5.903400000,46.121540000,356.000
5.903380000,46.121480000,356.000
5.903340000,46.121370000,354.000
5.903320000,46.121300000,354.000
5.903310000,46.121280000,353.000
5.903290000,46.121200000,353.000
5.903290000,46.121190000,352.000
5.903280000,46.121150000,352.000
5.903270000,46.121110000,352.000
5.903270000,46.121100000,351.000
5.903270000,46.121070000,351.000
5.903270000,46.121030000,351.000
5.903270000,46.120980000,351.000
5.903280000,46.120940000,351.000
5.903290000,46.120900000,350.000
5.903300000,46.120880000,350.000
5.903310000,46.120850000,350.000
5.903320000,46.120830000,350.000
5.903350000,46.120800000,350.000
5.903380000,46.120770000,349.000
5.903410000,46.120740000,349.000
5.903460000,46.120700000,349.000
5.903470000,46.120700000,349.000
5.903500000,46.120680000,349.000
5.903530000,46.120660000,349.000
5.903570000,46.120640000,348.000
5.903600000,46.120620000,348.000
5.903650000,46.120600000,348.000
5.903690000,46.120590000,348.000
5.903920000,46.120510000,347.000
5.904020000,46.120480000,347.000
5.904160000,46.120440000,347.000
5.904360000,46.120370000,346.000
5.904440000,46.120350000,346.000
5.904600000,46.120300000,345.000
5.904840000,46.120240000,345.000
5.904870000,46.120230000,344.000
5.904970000,46.120200000,344.000
5.905070000,46.120180000,343.000
5.905170000,46.120150000,343.000
5.905220000,46.120140000,343.000
5.905280000,46.120130000,343.000
5.905320000,46.120120000,344.000
5.905360000,46.120120000,344.000
5.905410000,46.120110000,344.000
5.905470000,46.120110000,344.000
5.905540000,46.120110000,345.000
5.905590000,46.120110000,345.000
5.905700000,46.120110000,345.000
5.905790000,46.120120000,346.000
5.905880000,46.120140000,346.000
5.905970000,46.120160000,346.000
5.906050000,46.120190000,347.000
5.906160000,46.120230000,347.000
5.906350000,46.120290000,348.000
5.906380000,46.120310000,348.000
5.906520000,46.120350000,349.000
5.906580000,46.120370000,350.000
5.906640000,46.120380000,350.000
5.906720000,46.120400000,351.000
5.906820000,46.120430000,351.000
5.906830000,46.120430000,352.000
5.906910000,46.120440000,352.000
5.907000000,46.120450000,352.000
5.907080000,46.120460000,353.000
5.907180000,46.120470000,353.000
5.907340000,46.120490000,356.000
5.907420000,46.120500000,356.000
5.907590000,46.120530000,356.000
5.907670000,46.120550000,356.000
5.907750000,46.120570000,357.000
5.907830000,46.120590000,357.000
5.907940000,46.120630000,358.000
5.907950000,46.120630000,358.000
5.908140000,46.120700000,359.000
5.908170000,46.120710000,359.000
5.908250000,46.120730000,360.000
5.908380000,46.120780000,361.000
5.908400000,46.120790000,361.000
5.908430000,46.120800000,362.000
5.908630000,46.120880000,362.000
5.908850000,46.120970000,363.000
5.908910000,46.120990000,364.000
5.909060000,46.121040000,365.000
5.909080000,46.121050000,366.000
5.909140000,46.121060000,366.000
5.909300000,46.121100000,367.000
5.909320000,46.121110000,368.000
5.909380000,46.121120000,368.000
5.909460000,46.121140000,369.000
5.909530000,46.121160000,369.000
5.909620000,46.121170000,370.000
5.909710000,46.121180000,370.000
5.909770000,46.121190000,370.000
5.909830000,46.121190000,371.000
5.909890000,46.121200000,372.000
5.909950000,46.121200000,372.000
5.910040000,46.121200000,372.000
5.910140000,46.121200000,373.000
5.910350000,46.121190000,373.000
5.910470000,46.121190000,373.000
5.910840000,46.121180000,373.000
5.911260000,46.121170000,374.000
5.911430000,46.121160000,374.000
5.911570000,46.121160000,374.000
5.911670000,46.121160000,375.000
5.911810000,46.121170000,375.000
5.912090000,46.121200000,375.000
5.912400000,46.121250000,375.000
5.912440000,46.121260000,375.000
5.912470000,46.121260000,376.000
5.912550000,46.121270000,376.000
5.912650000,46.121280000,377.000
5.912800000,46.121290000,377.000
5.913290000,46.121310000,377.000
5.913430000,46.121310000,378.000
5.913490000,46.121310000,378.000
5.913600000,46.121310000,378.000
5.913720000,46.121300000,379.000
5.913940000,46.121260000,379.000
5.914000000,46.121250000,380.000
5.914060000,46.121240000,380.000
5.914120000,46.121240000,380.000
5.914170000,46.121230000,380.000
5.914210000,46.121230000,380.000
5.914240000,46.121240000,380.000
5.914250000,46.121240000,381.000
5.914300000,46.121240000,381.000
5.914410000,46.121260000,381.000
5.914480000,46.121280000,381.000
5.914580000,46.121310000,381.000
5.914620000,46.121330000,381.000
5.914640000,46.121340000,381.000
5.914700000,46.121370000,382.000
5.914830000,46.121450000,382.000
5.914910000,46.121510000,383.000
5.914960000,46.121540000,383.000
5.915010000,46.121570000,383.000
5.915070000,46.121600000,383.000
5.915140000,46.121630000,383.000
5.915260000,46.121680000,383.000
5.915390000,46.121730000,384.000
5.915610000,46.121790000,384.000
5.915780000,46.121830000,384.000
5.915910000,46.121860000,385.000
5.916020000,46.121880000,385.000
5.916200000,46.121920000,385.000
5.916280000,46.121930000,386.000
5.916340000,46.121940000,386.000
5.916410000,46.121940000,387.000
5.916490000,46.121950000,387.000
5.916610000,46.121960000,387.000
5.916790000,46.121960000,388.000
5.916820000,46.121960000,388.000
5.917240000,46.121960000,388.000
5.917340000,46.121960000,389.000
5.917500000,46.121950000,390.000
5.917570000,46.121950000,390.000
5.917600000,46.121950000,390.000
5.917700000,46.121950000,391.000
5.917810000,46.121950000,391.000
5.917830000,46.121950000,391.000
5.917870000,46.121940000,391.000
5.917910000,46.121940000,392.000
5.917960000,46.121940000,392.000
5.918030000,46.121930000,392.000
5.918080000,46.121920000,392.000
5.918110000,46.121910000,393.000
5.918190000,46.121900000,393.000
5.918270000,46.121870000,393.000
5.918360000,46.121850000,393.000
5.918390000,46.121830000,394.000
5.918440000,46.121820000,394.000
5.918440000,46.121810000,394.000
5.918500000,46.121790000,394.000
5.918570000,46.121750000,395.000
5.918630000,46.121720000,395.000
5.918670000,46.121690000,395.000
5.918720000,46.121650000,395.000
5.918730000,46.121640000,396.000
5.918760000,46.121620000,396.000
5.918800000,46.121580000,396.000
5.918810000,46.121570000,396.000
5.918830000,46.121540000,396.000
5.918860000,46.121500000,396.000
5.918870000,46.121490000,397.000
5.918880000,46.121480000,397.000
5.918900000,46.121440000,397.000
5.918910000,46.121420000,397.000
5.918940000,46.121370000,397.000
5.918960000,46.121310000,398.000
5.918980000,46.121230000,398.000
5.919000000,46.121180000,398.000
5.919000000,46.121120000,398.000
5.919000000,46.121070000,399.000
5.919000000,46.121050000,399.000
5.919000000,46.120960000,399.000
5.918990000,46.120700000,400.000
5.918980000,46.120570000,401.000
5.918990000,46.120160000,401.000
5.918980000,46.119960000,402.000
5.918970000,46.119830000,403.000
5.918960000,46.119700000,404.000
5.918930000,46.119550000,406.000
5.918910000,46.119450000,407.000
5.918910000,46.119440000,408.000
5.918880000,46.119330000,409.000
5.918850000,46.119200000,410.000
5.918810000,46.119090000,411.000
5.918760000,46.118910000,412.000
5.918760000,46.118900000,413.000
5.918650000,46.118560000,413.000
5.918600000,46.118380000,414.000
5.918580000,46.118330000,415.000
5.918550000,46.118200000,415.000
5.918470000,46.117920000,416.000
5.918420000,46.117670000,416.000
5.918410000,46.117550000,417.000
5.918400000,46.117450000,417.000
5.918400000,46.117360000,418.000
5.918400000,46.117270000,419.000
5.918400000,46.117160000,419.000
5.918410000,46.117090000,420.000
5.918410000,46.117060000,420.000
5.918430000,46.116960000,420.000
5.918440000,46.116910000,421.000
5.918450000,46.116830000,421.000
5.918470000,46.116720000,421.000
5.918500000,46.116560000,422.000
5.918550000,46.116240000,422.000
5.918560000,46.116200000,422.000
5.918580000,46.116110000,423.000
5.918590000,46.116020000,424.000
5.918620000,46.115890000,424.000
5.918630000,46.115850000,424.000
5.918650000,46.115700000,425.000
5.918690000,46.115490000,425.000
5.918710000,46.115350000,426.000
5.918720000,46.115310000,426.000
5.918790000,46.114880000,428.000
5.918850000,46.114600000,428.000
5.918880000,46.114460000,429.000
5.918980000,46.114170000,429.000
5.918990000,46.114070000,430.000
5.919060000,46.113920000,431.000
5.919110000,46.113840000,431.000
5.919170000,46.113730000,432.000
5.919310000,46.113540000,432.000
5.919410000,46.113410000,433.000
5.919540000,46.113260000,433.000
5.919670000,46.113100000,434.000
5.919770000,46.112990000,435.000
5.919810000,46.112950000,435.000
5.919850000,46.112900000,435.000
5.920230000,46.112480000,436.000
5.920450000,46.112240000,437.000
5.920580000,46.112090000,437.000
5.920750000,46.111910000,438.000
5.920890000,46.111760000,439.000
5.921110000,46.111530000,440.000
5.921270000,46.111360000,441.000
5.921330000,46.111320000,441.000
5.921540000,46.111090000,442.000
5.921930000,46.110660000,443.000
5.922240000,46.110310000,443.000
5.922490000,46.110040000,444.000
5.922860000,46.109630000,445.000
5.923100000,46.109360000,446.000
5.923130000,46.109320000,447.000
5.923240000,46.109210000,447.000
5.923320000,46.109120000,448.000
5.923580000,46.108830000,448.000
5.923730000,46.108660000,448.000
5.923870000,46.108510000,449.000
5.924030000,46.108340000,449.000
5.924200000,46.108140000,450.000
5.924400000,46.107910000,451.000
5.924500000,46.107810000,451.000
5.924590000,46.107710000,451.000
5.924690000,46.107620000,452.000
5.924790000,46.107510000,452.000
5.924840000,46.107470000,452.000
5.924890000,46.107430000,452.000
5.925000000,46.107340000,453.000
5.925110000,46.107260000,453.000
5.925350000,46.107100000,453.000
5.925880000,46.106760000,454.000
5.926590000,46.106290000,455.000
5.927210000,46.105890000,455.000
5.927260000,46.105860000,456.000
5.927660000,46.105590000,457.000
5.927730000,46.105540000,458.000
5.927830000,46.105480000,459.000
5.927930000,46.105390000,460.000
5.927970000,46.105360000,461.000
5.928040000,46.105310000,462.000
5.928080000,46.105270000,462.000
5.928110000,46.105240000,463.000
5.928260000,46.105090000,463.000
5.928370000,46.104980000,464.000
5.928630000,46.104700000,465.000
5.928980000,46.104310000,465.000
5.929120000,46.104160000,466.000
5.929740000,46.103490000,467.000
5.930110000,46.103090000,469.000
5.930240000,46.102950000,469.000
5.930370000,46.102810000,470.000
5.930400000,46.102740000,471.000
5.930460000,46.102680000,471.000
5.930580000,46.102590000,472.000
5.930690000,46.102510000,472.000
5.930840000,46.102430000,472.000
5.930960000,46.102370000,473.000
5.931050000,46.102330000,473.000
5.931240000,46.102250000,473.000
5.931250000,46.102240000,473.000
5.931250000,46.102230000,473.000
5.931250000,46.102220000,473.000
5.931260000,46.102210000,473.000
5.931270000,46.102200000,473.000
5.931280000,46.102190000,473.000
5.931280000,46.102180000,474.000
5.931290000,46.102180000,474.000
5.931290000,46.102170000,474.000
5.931300000,46.102170000,474.000
5.931310000,46.102170000,474.000
5.931310000,46.102160000,474.000
5.931320000,46.102160000,474.000
5.931330000,46.102160000,474.000
5.931340000,46.102150000,474.000
5.931380000,46.102150000,474.000
5.931410000,46.102160000,474.000
5.931430000,46.102160000,474.000
5.931450000,46.102160000,474.000
5.931470000,46.102170000,474.000
5.931740000,46.102130000,474.000
5.932030000,46.102100000,475.000
5.932310000,46.102080000,475.000
5.932440000,46.102080000,475.000
5.932870000,46.102040000,475.000
5.932950000,46.102040000,476.000
5.933150000,46.102030000,476.000
5.933240000,46.102020000,476.000
5.933510000,46.102000000,477.000
5.933770000,46.101980000,477.000
5.933990000,46.101960000,478.000
5.934610000,46.101920000,479.000
5.934880000,46.101900000,479.000
5.935050000,46.101890000,480.000
5.935060000,46.101890000,480.000
5.935310000,46.101870000,481.000
5.935440000,46.101870000,481.000
5.935680000,46.101840000,481.000
5.935880000,46.101820000,482.000
5.936080000,46.101810000,482.000
5.936200000,46.101790000,482.000
5.936360000,46.101780000,483.000
5.936510000,46.101760000,483.000
5.936610000,46.101750000,483.000
5.936730000,46.101740000,483.000
5.936760000,46.101740000,483.000
5.936960000,46.101750000,483.000
5.937050000,46.101750000,484.000
5.937130000,46.101760000,484.000
5.937400000,46.101790000,485.000
5.937630000,46.101820000,485.000
5.937700000,46.101830000,485.000
5.937960000,46.101850000,485.000
5.938140000,46.101880000,485.000
5.938240000,46.101880000,485.000
5.938380000,46.101910000,485.000
5.938580000,46.101940000,485.000
5.939070000,46.102030000,485.000
5.939220000,46.102060000,484.000
5.939370000,46.102090000,484.000
5.939510000,46.102120000,484.000
5.939680000,46.102150000,484.000
5.940050000,46.102220000,484.000
5.940190000,46.102250000,484.000
5.940290000,46.102270000,484.000
5.940360000,46.102280000,484.000
5.940470000,46.102300000,484.000
5.940520000,46.102300000,484.000
5.940570000,46.102300000,484.000
5.940750000,46.102320000,484.000
5.940900000,46.102340000,485.000
5.940950000,46.102340000,485.000
5.941040000,46.102350000,485.000
5.941100000,46.102350000,486.000
5.941150000,46.102350000,486.000
5.941210000,46.102350000,486.000
5.941380000,46.102350000,487.000
5.941960000,46.102320000,487.000
5.942580000,46.102280000,488.000
5.942770000,46.102260000,490.000
5.942950000,46.102250000,490.000
5.943340000,46.102220000,491.000
5.943510000,46.102200000,492.000
5.944120000,46.102160000,492.000
5.944460000,46.102130000,493.000
5.945130000,46.102070000,493.000
5.945330000,46.102050000,494.000
5.945750000,46.102030000,495.000
5.945850000,46.102020000,496.000
5.946010000,46.102020000,496.000
5.946060000,46.102020000,496.000
5.946120000,46.102020000,496.000
5.946270000,46.102020000,496.000
5.946320000,46.102020000,496.000
5.946530000,46.102030000,496.000
5.946600000,46.102040000,496.000
5.946790000,46.102060000,496.000
5.947050000,46.102080000,496.000
5.947120000,46.102090000,496.000
5.947300000,46.102110000,496.000
5.947470000,46.102130000,496.000
5.947550000,46.102140000,495.000
5.947810000,46.102180000,495.000
5.948060000,46.102240000,495.000
5.948180000,46.102260000,495.000
5.949260000,46.102530000,494.000
5.949990000,46.102700000,494.000
5.950230000,46.102750000,493.000
5.950460000,46.102790000,493.000
5.950700000,46.102820000,493.000
5.950950000,46.102840000,493.000
5.951190000,46.102850000,493.000
5.951600000,46.102840000,493.000
5.952050000,46.102820000,494.000
5.952270000,46.102820000,494.000
5.952430000,46.102830000,494.000
5.952460000,46.102830000,494.000
5.952690000,46.102850000,494.000
5.952870000,46.102870000,493.000
5.953010000,46.102890000,493.000
5.953090000,46.102900000,493.000
5.953170000,46.102920000,493.000
5.953270000,46.102940000,493.000
5.953360000,46.102960000,492.000
5.953450000,46.102980000,492.000
5.953640000,46.103020000,492.000
5.953920000,46.103110000,492.000
5.954420000,46.103260000,491.000
5.954460000,46.103280000,491.000
5.954520000,46.103300000,490.000
5.954610000,46.103320000,490.000
5.955080000,46.103470000,490.000
5.955580000,46.103630000,489.000
5.955740000,46.103680000,489.000
5.955770000,46.103690000,489.000
5.956040000,46.103780000,488.000
5.956240000,46.103840000,488.000
5.956340000,46.103860000,488.000
5.956470000,46.103900000,487.000
5.956650000,46.103950000,487.000
5.956900000,46.104020000,487.000
5.956940000,46.104030000,487.000
5.957280000,46.104140000,487.000
5.957830000,46.104320000,486.000
5.957980000,46.104360000,486.000
5.958320000,46.104460000,486.000
5.958330000,46.104460000,485.000
5.958360000,46.104430000,485.000
5.958400000,46.104420000,485.000
5.958440000,46.104410000,485.000
5.958480000,46.104400000,485.000
5.958530000,46.104410000,485.000
5.958570000,46.104420000,485.000
5.958610000,46.104430000,485.000
5.958640000,46.104460000,485.000
5.958660000,46.104480000,484.000
5.958680000,46.104510000,484.000
5.958690000,46.104540000,484.000
5.958680000,46.104560000,484.000
5.959110000,46.104710000,484.000
5.959280000,46.104750000,484.000
5.959570000,46.104830000,484.000
5.959600000,46.104860000,484.000
5.959870000,46.104940000,484.000
5.959930000,46.104960000,484.000
5.960120000,46.105020000,484.000
5.960360000,46.105100000,484.000
5.960540000,46.105150000,484.000
5.960660000,46.105190000,484.000
5.960970000,46.105270000,484.000
5.961400000,46.105400000,484.000
5.961870000,46.105560000,484.000
5.962280000,46.105680000,484.000
5.963100000,46.105940000,484.000
5.963150000,46.105950000,484.000
5.963590000,46.106090000,484.000
5.963860000,46.106180000,484.000
5.963900000,46.106190000,484.000
5.964070000,46.106210000,484.000
5.964190000,46.106230000,484.000
5.964200000,46.106240000,484.000
5.964240000,46.106250000,484.000
5.964430000,46.106300000,484.000
5.964580000,46.106350000,483.000
5.964740000,46.106400000,483.000
5.964950000,46.106460000,483.000
5.965150000,46.106530000,483.000
5.965200000,46.106550000,483.000
5.965290000,46.106590000,483.000
5.965370000,46.106620000,482.000
5.965510000,46.106690000,482.000
5.965720000,46.106800000,482.000
5.965990000,46.106960000,482.000
5.966160000,46.107040000,481.000
5.966220000,46.107070000,481.000
5.966250000,46.107100000,481.000
5.967080000,46.107430000,480.000
5.967300000,46.107540000,480.000
5.967350000,46.107570000,480.000
5.967550000,46.107670000,480.000
5.967850000,46.107820000,480.000
5.967960000,46.107870000,479.000
5.968100000,46.107920000,479.000
5.968470000,46.108080000,479.000
5.968840000,46.108250000,479.000
5.968880000,46.108270000,479.000
5.968930000,46.108290000,479.000
5.968970000,46.108310000,479.000
5.969180000,46.108400000,479.000
5.969380000,46.108480000,479.000
5.969600000,46.108560000,479.000
5.970060000,46.108720000,478.000
5.970330000,46.108800000,478.000
5.970490000,46.108840000,478.000
5.970670000,46.108900000,478.000
5.970950000,46.108970000,478.000
5.971080000,46.108990000,477.000
5.971320000,46.109040000,477.000
5.971730000,46.109110000,477.000
5.971930000,46.109140000,477.000
5.972020000,46.109150000,477.000
5.972210000,46.109170000,477.000
5.972330000,46.109190000,476.000
5.972760000,46.109240000,476.000
5.972830000,46.109220000,476.000
5.972840000,46.109220000,476.000
5.972900000,46.109230000,475.000
5.972950000,46.109230000,475.000
5.973050000,46.109240000,475.000
5.973330000,46.109270000,475.000
5.974040000,46.109370000,475.000
5.974930000,46.109480000,474.000
5.975110000,46.109490000,473.000
5.975240000,46.109500000,473.000
5.975430000,46.109520000,473.000
5.976160000,46.109610000,472.000
5.976280000,46.109620000,472.000
5.976670000,46.109670000,472.000
5.976920000,46.109700000,471.000
5.977060000,46.109720000,471.000
5.977750000,46.109810000,470.000
5.977830000,46.109820000,470.000
5.978110000,46.109870000,470.000
5.978140000,46.109850000,470.000
5.978180000,46.109840000,469.000
5.978220000,46.109840000,469.000
5.978260000,46.109840000,469.000
5.978290000,46.109850000,469.000
5.978330000,46.109870000,469.000
5.978350000,46.109890000,469.000
5.978360000,46.109900000,469.000
5.978510000,46.109930000,469.000
5.978640000,46.109940000,469.000
5.978650000,46.109940000,469.000
5.978850000,46.109960000,468.000
5.978920000,46.109970000,468.000
5.978960000,46.109980000,468.000
5.979030000,46.110010000,468.000
5.979190000,46.110020000,468.000
5.979570000,46.110080000,468.000
5.980130000,46.110150000,467.000
5.980370000,46.110180000,467.000
5.980460000,46.110190000,467.000
5.980680000,46.110210000,467.000
5.980760000,46.110220000,467.000
5.980950000,46.110250000,467.000
5.981540000,46.110320000,467.000
5.982350000,46.110420000,467.000
5.982740000,46.110470000,467.000
5.982920000,46.110490000,468.000
5.983360000,46.110540000,469.000
5.983500000,46.110560000,469.000
5.983870000,46.110600000,469.000
5.984560000,46.110690000,470.000
5.985260000,46.110770000,470.000
5.985800000,46.110830000,470.000
5.985830000,46.110830000,471.000
5.986380000,46.110900000,472.000
5.986430000,46.110910000,472.000
5.986710000,46.110940000,472.000
5.986820000,46.110930000,472.000
5.986900000,46.110930000,473.000
5.987030000,46.110940000,473.000
5.987110000,46.110950000,473.000
5.987520000,46.110990000,473.000
5.988200000,46.111070000,473.000
5.988820000,46.111140000,474.000
5.989360000,46.111190000,474.000
5.989580000,46.111210000,474.000
5.989760000,46.111230000,474.000
5.990010000,46.111260000,474.000
5.990270000,46.111290000,474.000
5.990880000,46.111360000,474.000
5.991310000,46.111420000,474.000
5.991770000,46.111480000,474.000
5.992020000,46.111520000,474.000
5.992280000,46.111550000,474.000
5.992460000,46.111600000,474.000
5.992970000,46.111660000,475.000
5.992980000,46.111670000,475.000
5.993130000,46.111680000,476.000
5.993840000,46.111770000,476.000
5.994390000,46.111840000,477.000
5.994880000,46.111900000,479.000
5.995160000,46.111930000,480.000
5.995480000,46.111970000,480.000
5.996160000,46.112050000,481.000
5.996430000,46.112090000,482.000
5.996970000,46.112150000,482.000
5.997670000,46.112240000,482.000
5.998660000,46.112370000,483.000
5.998840000,46.112390000,483.000
5.999170000,46.112430000,484.000
5.999200000,46.112430000,485.000
5.999430000,46.112460000,485.000
5.999450000,46.112460000,486.000
5.999650000,46.112480000,486.000
5.999940000,46.112520000,486.000
6.000260000,46.112560000,487.000
6.000530000,46.112590000,488.000
6.000850000,46.112630000,488.000
6.001210000,46.112680000,488.000
6.001460000,46.112710000,489.000
6.002000000,46.112790000,489.000
6.002010000,46.112790000,489.000
6.002230000,46.112810000,489.000
6.002260000,46.112820000,489.000
6.002480000,46.112850000,489.000
6.002880000,46.112900000,490.000
6.003250000,46.112940000,490.000
6.003670000,46.112990000,490.000
6.003700000,46.112990000,490.000
6.003770000,46.113000000,490.000
6.003830000,46.113010000,490.000
6.004530000,46.113100000,490.000
6.005010000,46.113160000,489.000
6.005650000,46.113240000,489.000
6.005920000,46.113280000,489.000
6.006370000,46.113330000,489.000
6.007400000,46.113460000,489.000
6.007920000,46.113530000,489.000
6.008170000,46.113560000,489.000
6.008560000,46.113600000,489.000
6.008710000,46.113610000,489.000
6.009160000,46.113670000,489.000
6.009700000,46.113740000,489.000
6.010350000,46.113820000,489.000
6.010860000,46.113880000,489.000
6.011110000,46.113910000,489.000
6.011640000,46.113970000,490.000
6.011670000,46.113980000,490.000
6.012390000,46.114070000,490.000
6.013070000,46.114150000,490.000
6.013670000,46.114220000,490.000
6.014220000,46.114290000,491.000
6.015200000,46.114410000,491.000
6.015460000,46.114440000,492.000
6.015620000,46.114460000,492.000
6.015960000,46.114500000,492.000
6.016420000,46.114560000,493.000
6.016990000,46.114620000,494.000
6.017070000,46.114620000,494.000
6.017310000,46.114640000,494.000
6.017510000,46.114660000,494.000
6.017870000,46.114710000,494.000
6.018490000,46.114790000,494.000
6.018960000,46.114850000,494.000
6.019180000,46.114890000,494.000
6.019360000,46.114910000,494.000
6.019940000,46.114990000,493.000
6.020540000,46.115070000,493.000
6.020870000,46.115120000,493.000
6.021110000,46.115150000,493.000
6.021590000,46.115240000,493.000
6.021970000,46.115300000,493.000
6.022220000,46.115350000,493.000
6.022300000,46.115380000,493.000
6.023220000,46.115540000,493.000
6.023410000,46.115570000,493.000
6.023970000,46.115670000,493.000
6.024830000,46.115820000,493.000
6.025070000,46.115860000,493.000
6.025470000,46.115940000,493.000
6.026140000,46.116060000,493.000
6.027150000,46.116220000,493.000
6.027180000,46.116230000,493.000
6.029620000,46.116640000,493.000
6.030420000,46.116780000,493.000
6.030420000,46.116780000,494.000
6.032480000,46.117120000,497.000
6.033510000,46.117290000,497.000
6.033570000,46.117300000,498.000
6.033680000,46.117320000,498.000
6.033890000,46.117330000,499.000
6.034160000,46.117370000,500.000
6.034570000,46.117430000,500.000
6.035110000,46.117520000,500.000
6.035520000,46.117600000,500.000
6.035930000,46.117680000,500.000
6.035950000,46.117680000,501.000
6.036120000,46.117710000,501.000
6.036390000,46.117760000,501.000
6.036770000,46.117830000,502.000
6.036990000,46.117880000,502.000
6.037160000,46.117920000,502.000
6.037430000,46.117980000,503.000
6.037490000,46.117990000,503.000
6.037580000,46.118010000,504.000
6.037690000,46.118030000,504.000
6.037880000,46.118060000,504.000
6.038130000,46.118100000,504.000
6.038240000,46.118120000,504.000
6.038380000,46.118140000,504.000
6.038380000,46.118140000,504.000
6.038390000,46.118140000,504.000
6.038390000,46.118130000,504.000
6.038400000,46.118130000,504.000
6.038410000,46.118120000,504.000
6.038420000,46.118120000,504.000
6.038430000,46.118110000,504.000
6.038440000,46.118110000,504.000
6.038450000,46.118100000,504.000
6.038460000,46.118100000,504.000
6.038470000,46.118100000,504.000
6.038480000,46.118100000,504.000
6.038490000,46.118100000,504.000
6.038600000,46.118010000,504.000
6.038650000,46.117980000,504.000
6.038690000,46.117960000,504.000
6.038710000,46.117950000,504.000
6.038730000,46.117940000,504.000
6.038750000,46.117930000,504.000
6.038780000,46.117920000,504.000
6.038800000,46.117920000,504.000
6.039080000,46.117810000,504.000
6.039200000,46.117770000,504.000
6.039230000,46.117760000,504.000
6.039290000,46.117730000,504.000
6.039330000,46.117700000,504.000
6.039460000,46.117590000,504.000
6.039470000,46.117580000,504.000
6.039500000,46.117560000,504.000
6.039510000,46.117540000,504.000
6.039620000,46.117430000,504.000
6.039870000,46.117170000,504.000
6.039910000,46.117130000,504.000
6.039930000,46.117110000,504.000
6.039960000,46.117080000,504.000
6.039990000,46.117020000,504.000
6.040000000,46.116950000,504.000
6.040000000,46.116940000,504.000
6.040000000,46.116860000,504.000
6.039990000,46.116830000,504.000
6.039970000,46.116800000,505.000
6.039940000,46.116770000,505.000
6.039900000,46.116750000,505.000
6.039860000,46.116710000,505.000
6.039810000,46.116690000,506.000
6.039750000,46.116660000,506.000
6.039660000,46.116650000,506.000
6.039610000,46.116640000,507.000
6.039550000,46.116640000,507.000
6.039470000,46.116640000,507.000
6.039360000,46.116660000,508.000
6.039310000,46.116670000,508.000
6.039280000,46.116680000,508.000
6.039250000,46.116680000,508.000
6.039230000,46.116690000,509.000
6.039210000,46.116700000,509.000
6.039200000,46.116710000,509.000
6.039150000,46.116730000,509.000
6.039100000,46.116750000,509.000
6.039060000,46.116760000,509.000
6.039030000,46.116760000,510.000
6.039020000,46.116760000,510.000
6.038920000,46.116760000,510.000
6.038860000,46.116750000,510.000
6.038800000,46.116740000,511.000
6.038740000,46.116700000,511.000
6.038630000,46.116640000,511.000
6.038570000,46.116590000,512.000
6.038510000,46.116540000,512.000
6.038500000,46.116540000,512.000
6.038430000,46.116470000,513.000
6.038380000,46.116420000,513.000
6.038300000,46.116360000,514.000
6.038270000,46.116300000,514.000
6.038250000,46.116230000,514.000
6.038440000,46.116120000,515.000
6.038610000,46.116010000,515.000
6.038940000,46.115820000,516.000
6.039270000,46.115640000,517.000
6.039410000,46.115550000,518.000
6.039500000,46.115470000,519.000
6.039650000,46.115390000,520.000
6.039740000,46.115310000,520.000
6.039740000,46.115310000,521.000
6.039780000,46.115280000,521.000
6.039820000,46.115220000,522.000
6.039910000,46.115220000,523.000
6.040070000,46.115150000,524.000
6.040140000,46.115130000,524.000
6.040680000,46.114790000,524.000
6.040730000,46.114760000,524.000
6.040920000,46.114640000,524.000
6.041110000,46.114520000,524.000
6.041430000,46.114310000,524.000
6.041590000,46.114220000,524.000
6.041700000,46.114170000,523.000
6.041820000,46.114080000,523.000
6.041850000,46.114040000,523.000
6.041880000,46.114010000,523.000
6.041880000,46.114010000,523.000
6.041960000,46.114030000,523.000
6.042010000,46.114040000,523.000
6.042040000,46.114050000,523.000
6.042080000,46.114060000,522.000
6.042290000,46.114060000,522.000
6.042340000,46.114060000,522.000
6.042360000,46.114060000,522.000
6.042950000,46.114040000,521.000
6.043300000,46.114020000,520.000
6.043380000,46.114020000,520.000
6.043640000,46.114010000,519.000
6.043920000,46.114000000,518.000
6.044260000,46.113990000,517.000
6.044560000,46.113980000,516.000
6.044710000,46.113980000,515.000
6.044820000,46.113980000,514.000
6.044860000,46.113980000,513.000
6.045190000,46.113970000,513.000
6.045340000,46.113960000,512.000
6.045440000,46.113950000,512.000
6.045710000,46.113940000,512.000
6.045750000,46.113930000,512.000
6.045890000,46.113920000,512.000
6.046250000,46.113880000,512.000
6.046410000,46.113870000,512.000
6.046630000,46.113850000,512.000
6.046790000,46.113840000,512.000
6.047150000,46.113820000,513.000
6.047330000,46.113810000,513.000
6.047500000,46.113790000,513.000
6.047630000,46.113760000,514.000
6.047640000,46.113760000,514.000
6.047760000,46.113710000,515.000
6.047920000,46.113630000,515.000
6.048360000,46.113370000,516.000
6.048840000,46.113090000,517.000
6.048990000,46.112990000,519.000
6.049240000,46.112830000,520.000
6.049450000,46.112700000,523.000
6.049510000,46.112670000,524.000
6.049650000,46.112610000,525.000
6.049790000,46.112560000,526.000
6.049980000,46.112480000,527.000
6.050020000,46.112470000,528.000
6.050490000,46.112320000,529.000
6.050840000,46.112190000,530.000
6.051060000,46.112110000,531.000
6.051090000,46.112090000,532.000
6.051200000,46.112050000,533.000
6.051250000,46.112050000,534.000
6.051310000,46.112050000,535.000
6.051310000,46.112050000,536.000
6.051330000,46.112010000,536.000
6.051340000,46.112000000,537.000
6.051350000,46.111980000,537.000
6.051380000,46.111940000,537.000
6.051430000,46.111910000,538.000
6.051550000,46.111820000,538.000
6.051630000,46.111770000,539.000
6.051740000,46.111700000,539.000
6.051820000,46.111650000,539.000
6.051970000,46.111560000,539.000
6.052210000,46.111380000,540.000
6.052310000,46.111290000,540.000
6.052550000,46.111040000,540.000
6.052770000,46.110790000,541.000
6.052780000,46.110770000,541.000
6.053020000,46.110470000,541.000
6.053030000,46.110470000,542.000
6.053270000,46.110160000,542.000
6.053290000,46.110140000,542.000
6.053540000,46.109840000,543.000
6.053590000,46.109780000,543.000
6.053590000,46.109770000,543.000
6.053860000,46.109410000,544.000
6.054030000,46.109100000,544.000
6.054040000,46.109090000,544.000
6.054260000,46.108730000,545.000
6.054570000,46.108270000,546.000
6.054620000,46.108190000,547.000
6.054860000,46.107840000,547.000
6.055050000,46.107580000,547.000
6.055240000,46.107340000,548.000
6.055470000,46.107080000,549.000
6.055490000,46.107060000,549.000
6.055610000,46.106920000,550.000
6.055700000,46.106820000,551.000
6.055730000,46.106790000,551.000
6.055750000,46.106770000,551.000
6.055750000,46.106760000,552.000
6.055880000,46.106620000,552.000
6.055910000,46.106580000,552.000
6.056070000,46.106420000,553.000
6.056120000,46.106370000,553.000
6.056160000,46.106330000,553.000
6.056320000,46.106180000,554.000
6.056330000,46.106180000,554.000
6.056480000,46.106030000,554.000
6.056560000,46.105960000,555.000
6.056640000,46.105880000,555.000
6.056780000,46.105750000,555.000
6.056920000,46.105620000,556.000
6.056950000,46.105550000,556.000
6.057030000,46.105490000,557.000
6.057120000,46.105440000,557.000
6.057130000,46.105430000,557.000
6.057220000,46.105400000,558.000
6.057450000,46.105300000,558.000
6.057480000,46.105290000,558.000
6.057680000,46.105200000,559.000
6.057890000,46.105120000,559.000
6.058100000,46.105050000,560.000
6.058230000,46.104990000,560.000
6.058240000,46.104990000,560.000
6.058730000,46.104790000,561.000
6.058750000,46.104780000,561.000
6.058780000,46.104770000,561.000
6.059410000,46.104490000,562.000
6.060090000,46.104200000,563.000
6.060540000,46.104010000,563.000
6.060730000,46.103930000,564.000
6.060760000,46.103910000,565.000
6.060980000,46.103820000,565.000
6.061400000,46.103640000,566.000
6.061980000,46.103390000,567.000
6.062090000,46.103350000,568.000
6.062150000,46.103300000,569.000
6.062560000,46.103110000,571.000
6.062670000,46.103060000,572.000
6.062760000,46.103030000,573.000
6.062880000,46.102980000,573.000
6.063450000,46.102730000,574.000
6.063800000,46.102590000,575.000
6.063990000,46.102510000,575.000
6.064150000,46.102440000,576.000
6.064570000,46.102270000,576.000
6.064740000,46.102190000,576.000
6.064830000,46.102130000,577.000
6.064970000,46.102030000,577.000
6.065090000,46.101950000,578.000
6.065170000,46.101900000,578.000
6.065270000,46.101870000,578.000
6.065340000,46.101850000,578.000
6.065430000,46.101830000,578.000
6.065620000,46.101800000,579.000
6.065710000,46.101800000,579.000
6.065760000,46.101790000,579.000
6.065920000,46.101720000,579.000
6.066000000,46.101680000,579.000
6.066030000,46.101670000,580.000
6.066320000,46.101540000,580.000
6.066370000,46.101520000,580.000
6.066470000,46.101470000,580.000
6.066560000,46.101430000,580.000
6.066910000,46.101280000,581.000
6.067440000,46.101060000,582.000
6.067620000,46.100980000,582.000
6.067830000,46.100890000,582.000
6.067870000,46.100870000,583.000
6.067970000,46.100830000,583.000
6.068110000,46.100800000,583.000
6.068230000,46.100780000,583.000
6.068360000,46.100770000,583.000
6.068510000,46.100770000,583.000
6.068740000,46.100780000,584.000
6.068890000,46.100800000,584.000
6.069170000,46.100830000,584.000
6.069390000,46.100810000,584.000
6.069510000,46.100810000,585.000
6.069560000,46.100810000,585.000
6.069620000,46.100820000,585.000
6.069760000,46.100830000,585.000
6.069860000,46.100830000,585.000
6.069900000,46.100830000,585.000
6.069960000,46.100820000,586.000
6.070080000,46.100820000,586.000
6.070170000,46.100820000,586.000
6.070270000,46.100840000,586.000
6.070330000,46.100850000,586.000
6.070330000,46.100850000,586.000
6.070320000,46.100910000,586.000
6.070270000,46.101010000,586.000
6.070220000,46.101110000,586.000
6.070210000,46.101130000,586.000
6.070210000,46.101130000,586.000
6.070550000,46.101270000,586.000
6.070710000,46.101230000,587.000
6.070710000,46.101230000,587.000
6.070550000,46.101270000,587.000
6.070210000,46.101130000,587.000
6.070210000,46.101130000,587.000
6.070220000,46.101110000,587.000
6.070270000,46.101010000,588.000
6.070320000,46.100910000,588.000
6.070320000,46.100910000,588.000
6.070330000,46.100850000,588.000
6.070420000,46.100870000,588.000
6.070580000,46.100910000,589.000
6.070650000,46.100930000,589.000
6.070810000,46.100970000,589.000
6.070920000,46.100970000,589.000
6.071370000,46.101010000,590.000
6.071950000,46.101060000,591.000
6.072010000,46.101070000,592.000
6.072460000,46.101100000,593.000
6.073300000,46.101180000,596.000
6.073420000,46.101190000,597.000
6.073550000,46.101200000,598.000
6.073660000,46.101210000,599.000
6.074190000,46.101260000,600.000
6.074330000,46.101270000,600.000
6.074450000,46.101280000,601.000
6.074580000,46.101300000,601.000
6.074660000,46.101300000,602.000
6.075270000,46.101350000,603.000
6.075350000,46.101360000,603.000
6.075610000,46.101390000,604.000
6.075870000,46.101410000,605.000
6.076410000,46.101460000,606.000
6.077290000,46.101530000,606.000
6.077430000,46.101550000,607.000
6.077810000,46.101580000,608.000
6.078520000,46.101640000,610.000
6.078570000,46.101650000,610.000
6.078660000,46.101660000,611.000
6.078810000,46.101670000,612.000
6.078850000,46.101670000,612.000
6.078900000,46.101680000,613.000
6.079060000,46.101690000,613.000
6.079340000,46.101710000,614.000
6.079550000,46.101730000,615.000
6.079980000,46.101770000,616.000
6.080110000,46.101770000,617.000
6.080200000,46.101760000,618.000
6.080240000,46.101760000,619.000
6.080390000,46.101740000,619.000
6.080520000,46.101710000,620.000
6.080680000,46.101650000,621.000
6.080690000,46.101650000,621.000
6.080790000,46.101600000,622.000
6.080810000,46.101590000,623.000
6.080960000,46.101480000,623.000
6.081170000,46.101320000,625.000
6.081240000,46.101270000,625.000
6.081380000,46.101160000,625.000
6.081630000,46.100960000,626.000
6.082020000,46.100650000,627.000
6.082100000,46.100580000,628.000
6.082160000,46.100540000,629.000
6.082190000,46.100520000,629.000
6.082240000,46.100490000,630.000
6.082440000,46.100330000,631.000
6.082790000,46.100040000,631.000
6.083140000,46.099740000,633.000
6.083360000,46.099550000,633.000
6.083660000,46.099290000,634.000
6.083670000,46.099280000,635.000
6.083790000,46.099190000,636.000
6.084160000,46.098880000,637.000
6.084530000,46.098580000,638.000
6.084770000,46.098380000,639.000
6.085030000,46.098160000,641.000
6.085330000,46.097900000,642.000
6.085510000,46.097730000,643.000
6.085560000,46.097670000,644.000
6.085590000,46.097640000,644.000
6.085620000,46.097610000,645.000
6.085690000,46.097520000,646.000
6.085800000,46.097360000,646.000
6.085970000,46.097120000,647.000
6.086170000,46.096830000,647.000
6.086240000,46.096730000,648.000
6.086280000,46.096670000,649.000
6.086400000,46.096510000,650.000
6.086490000,46.096390000,650.000
6.086500000,46.096370000,650.000
6.086630000,46.096190000,650.000
6.086740000,46.096020000,650.000
6.086760000,46.095990000,650.000
6.086960000,46.095700000,649.000
6.086970000,46.095680000,649.000
6.087160000,46.095420000,649.000
6.087180000,46.095390000,648.000
6.087190000,46.095380000,648.000
6.087280000,46.095260000,647.000
6.087310000,46.095210000,647.000
6.087350000,46.095160000,647.000
6.087390000,46.095090000,646.000
6.087420000,46.095050000,646.000
6.087620000,46.094770000,646.000
6.087660000,46.094640000,645.000
6.087690000,46.094540000,645.000
6.087730000,46.094410000,644.000
6.087770000,46.094270000,644.000
6.087810000,46.094120000,644.000
6.087860000,46.093980000,643.000
6.087890000,46.093890000,642.000
6.087910000,46.093850000,642.000
6.088010000,46.093730000,642.000
6.088150000,46.093620000,641.000
6.088230000,46.093580000,641.000
6.088410000,46.093500000,640.000
6.088600000,46.093460000,640.000
6.088710000,46.093450000,639.000
6.088780000,46.093440000,639.000
6.088790000,46.093440000,639.000
6.088930000,46.093420000,638.000
6.088960000,46.093420000,638.000
6.089060000,46.093410000,638.000
6.089220000,46.093390000,638.000
6.089230000,46.093380000,638.000
6.089390000,46.093360000,638.000
6.089520000,46.093350000,638.000
6.089620000,46.093340000,638.000
6.089790000,46.093310000,638.000
6.089950000,46.093300000,638.000
6.090060000,46.093290000,638.000
6.090200000,46.093290000,638.000
6.090420000,46.093300000,639.000
6.090520000,46.093300000,639.000
6.090650000,46.093310000,639.000
6.090830000,46.093320000,639.000
6.091670000,46.093350000,640.000
6.091940000,46.093360000,641.000
6.092050000,46.093360000,641.000
6.092340000,46.093370000,641.000
6.092530000,46.093380000,642.000
6.093120000,46.093400000,642.000
6.093760000,46.093430000,642.000
6.094210000,46.093450000,643.000
6.094270000,46.093460000,643.000
6.094540000,46.093470000,643.000
6.094710000,46.093470000,644.000
6.095300000,46.093500000,644.000
6.095560000,46.093510000,645.000
6.095830000,46.093520000,646.000
6.095970000,46.093530000,646.000
6.096590000,46.093560000,647.000
6.096850000,46.093570000,648.000
6.097010000,46.093580000,649.000
6.097250000,46.093590000,650.000
6.097840000,46.093620000,651.000
6.097940000,46.093630000,652.000
6.098150000,46.093640000,653.000
6.098270000,46.093640000,653.000
6.098510000,46.093650000,654.000
6.098880000,46.093670000,655.000
6.099670000,46.093700000,657.000
6.099700000,46.093700000,658.000
6.100250000,46.093730000,658.000
6.100640000,46.093740000,659.000
6.100770000,46.093750000,660.000
6.101110000,46.093760000,660.000
6.101340000,46.093770000,661.000
6.101640000,46.093780000,662.000
6.102060000,46.093800000,662.000
6.102060000,46.093800000,663.000
6.102370000,46.093820000,664.000
6.102420000,46.093820000,664.000
6.102790000,46.093830000,664.000
6.102840000,46.093830000,665.000
6.103230000,46.093850000,665.000
6.103410000,46.093860000,665.000
6.103520000,46.093840000,665.000
6.103630000,46.093840000,666.000
6.103680000,46.093840000,666.000
6.103760000,46.093830000,666.000
6.103820000,46.093830000,666.000
6.103910000,46.093830000,666.000
6.103910000,46.093830000,666.000
6.104010000,46.093830000,666.000
6.104020000,46.093920000,666.000
6.104030000,46.094050000,666.000
6.104040000,46.094200000,667.000
6.104050000,46.094360000,667.000
6.104050000,46.094510000,668.000
6.104050000,46.094620000,668.000
6.104050000,46.094720000,668.000
6.104040000,46.094950000,667.000
6.104040000,46.095110000,667.000
6.104010000,46.095490000,666.000
6.104000000,46.095850000,665.000
6.103980000,46.096100000,663.000
6.103950000,46.096170000,662.000
6.103940000,46.096350000,660.000
6.103920000,46.096720000,659.000
6.103920000,46.096890000,658.000
6.103900000,46.097250000,657.000
6.103890000,46.097440000,656.000
6.103890000,46.097490000,655.000
6.103870000,46.097760000,654.000
6.103840000,46.098490000,653.000
6.103820000,46.098750000,652.000
6.103840000,46.098810000,651.000
6.103890000,46.099140000,650.000
6.103900000,46.099290000,650.000
6.103900000,46.099290000,649.000
6.103930000,46.099330000,649.000
6.103950000,46.099350000,648.000
6.103970000,46.099380000,648.000
6.103980000,46.099430000,648.000
6.103970000,46.099460000,648.000
6.103970000,46.099480000,648.000
6.103950000,46.099510000,648.000
6.103940000,46.099530000,647.000
6.103920000,46.099560000,647.000
6.103890000,46.099580000,647.000
6.103880000,46.099590000,647.000
6.103880000,46.099620000,647.000
6.103880000,46.099650000,647.000
6.103880000,46.099700000,647.000
6.103900000,46.099760000,647.000
6.103940000,46.099830000,647.000
6.104110000,46.100160000,647.000
6.104190000,46.100380000,646.000
6.104180000,46.100440000,646.000
6.104210000,46.100550000,646.000
6.104370000,46.101040000,646.000
6.104440000,46.101370000,646.000
6.104480000,46.101410000,646.000
6.104480000,46.101420000,646.000
6.104540000,46.101660000,646.000
6.104610000,46.101970000,646.000
6.104640000,46.102090000,646.000
6.104710000,46.102370000,646.000
6.104830000,46.102870000,645.000
6.104880000,46.103120000,645.000
6.104900000,46.103170000,645.000
6.104950000,46.103390000,645.000
6.105010000,46.103630000,645.000
6.105120000,46.104040000,644.000
6.105160000,46.104180000,644.000
6.105200000,46.104300000,644.000
6.105320000,46.104650000,644.000
6.105320000,46.104660000,644.000
6.105320000,46.104700000,644.000
6.105350000,46.104770000,644.000
6.105410000,46.104890000,644.000
6.105470000,46.105000000,644.000
6.105530000,46.105110000,644.000
6.105630000,46.105260000,644.000
6.105710000,46.105370000,644.000
6.105720000,46.105390000,644.000
6.105820000,46.105520000,644.000
6.105910000,46.105630000,644.000
6.105960000,46.105680000,644.000
6.106070000,46.105810000,644.000
6.106180000,46.105920000,644.000
6.106390000,46.106130000,643.000
6.106540000,46.106280000,643.000
6.106580000,46.106310000,643.000
6.106690000,46.106420000,642.000
6.106740000,46.106480000,642.000
6.106850000,46.106590000,642.000
6.106970000,46.106730000,642.000
6.107080000,46.106870000,641.000
6.107090000,46.106890000,641.000
6.107170000,46.106990000,641.000
6.107210000,46.107050000,640.000
6.107240000,46.107100000,640.000
6.107310000,46.107210000,640.000
6.107330000,46.107240000,640.000
6.107410000,46.107390000,639.000
6.107490000,46.107530000,639.000
6.107520000,46.107600000,639.000
6.107560000,46.107680000,638.000
6.107580000,46.107730000,638.000
6.107610000,46.107780000,638.000
6.107640000,46.107860000,637.000
6.107690000,46.108010000,637.000
6.107720000,46.108120000,636.000
6.107740000,46.108220000,635.000
6.107770000,46.108330000,635.000
6.107810000,46.108580000,634.000
6.107830000,46.108720000,633.000
6.107850000,46.108910000,632.000
6.107870000,46.109110000,631.000
6.107890000,46.109440000,628.000
6.107920000,46.109930000,627.000
6.107950000,46.110520000,625.000
6.107970000,46.110940000,622.000
6.108020000,46.111820000,616.000
6.108040000,46.112270000,614.000
6.108050000,46.113010000,610.000
6.108080000,46.113710000,603.000
6.108080000,46.113760000,600.000
6.108080000,46.113870000,598.000
6.108110000,46.113920000,595.000
6.108130000,46.114450000,593.000
6.108130000,46.114490000,591.000
6.108140000,46.114680000,589.000
6.108140000,46.114890000,588.000
6.108140000,46.115040000,586.000
6.108140000,46.115130000,584.000
6.108160000,46.115300000,583.000
6.108150000,46.115340000,582.000
6.108160000,46.115430000,581.000
6.108180000,46.115510000,580.000
6.108200000,46.115580000,580.000
6.108220000,46.115640000,579.000
6.108290000,46.115810000,579.000
6.108410000,46.116050000,579.000
6.108550000,46.116290000,578.000
6.108570000,46.116320000,578.000
6.108590000,46.116360000,577.000
6.108780000,46.116630000,577.000
6.108970000,46.116890000,577.000
6.108980000,46.116900000,577.000
6.109060000,46.117000000,576.000
6.109210000,46.117180000,576.000
6.109670000,46.117770000,576.000
6.109850000,46.117990000,575.000
6.109970000,46.118140000,575.000
6.110090000,46.118290000,574.000
6.110220000,46.118420000,574.000
6.110310000,46.118500000,573.000
6.110320000,46.118510000,573.000
6.110380000,46.118570000,573.000
6.110430000,46.118620000,572.000
6.110520000,46.118720000,572.000
6.110590000,46.118810000,572.000
6.110770000,46.119060000,572.000
6.111050000,46.119440000,571.000
6.111270000,46.119750000,571.000
6.111490000,46.120060000,570.000
6.111690000,46.120360000,569.000
6.111770000,46.120490000,568.000
6.111840000,46.120590000,568.000
6.111930000,46.120730000,567.000
6.112030000,46.120870000,567.000
6.112060000,46.120910000,566.000
6.112140000,46.121040000,566.000
6.112250000,46.121200000,565.000
6.112250000,46.121210000,564.000
6.112360000,46.121370000,564.000
6.112380000,46.121400000,563.000
6.112670000,46.121860000,562.000
6.112720000,46.121940000,561.000
6.112930000,46.122260000,560.000
6.113050000,46.122460000,559.000
6.113180000,46.122670000,558.000
6.113350000,46.122950000,557.000
6.113440000,46.123100000,555.000
6.113590000,46.123330000,554.000
6.113690000,46.123460000,552.000
6.113830000,46.123640000,551.000
6.114040000,46.123850000,550.000
6.114220000,46.124030000,549.000
6.114410000,46.124170000,547.000
6.114430000,46.124190000,546.000
6.114590000,46.124300000,545.000
6.114740000,46.124390000,544.000
6.114790000,46.124430000,544.000
6.114970000,46.124530000,543.000
6.115140000,46.124630000,543.000
6.115350000,46.124730000,542.000
6.115390000,46.124760000,542.000
6.115740000,46.124930000,542.000
6.116060000,46.125090000,542.000
6.116330000,46.125240000,542.000
6.116530000,46.125350000,541.000
6.116650000,46.125430000,541.000
6.116760000,46.125510000,541.000
6.116880000,46.125630000,540.000
6.116920000,46.125660000,540.000
6.117110000,46.125840000,540.000
6.117270000,46.126030000,539.000
6.117450000,46.126210000,539.000
6.117500000,46.126250000,539.000
6.117570000,46.126330000,538.000
6.117690000,46.126440000,538.000
6.117850000,46.126590000,537.000
6.117950000,46.126660000,538.000
6.118110000,46.126770000,537.000
6.118230000,46.126860000,536.000
6.118260000,46.126870000,536.000
6.118490000,46.127010000,535.000
6.118800000,46.127190000,535.000
6.119070000,46.127360000,534.000
6.119280000,46.127480000,534.000
6.119340000,46.127520000,533.000
6.119580000,46.127660000,533.000
6.119640000,46.127700000,532.000
6.119790000,46.127810000,532.000
6.119950000,46.127940000,531.000
6.120090000,46.128070000,531.000
6.120150000,46.128120000,530.000
6.120180000,46.128160000,530.000
6.120240000,46.128220000,530.000
6.120310000,46.128290000,530.000
6.120380000,46.128380000,529.000
6.120460000,46.128490000,529.000
6.120510000,46.128590000,529.000
6.120550000,46.128640000,528.000
6.120600000,46.128760000,528.000
6.120630000,46.128830000,527.000
6.120670000,46.128920000,527.000
6.120770000,46.129160000,527.000
6.120880000,46.129450000,526.000
6.120970000,46.129650000,526.000
6.121040000,46.129780000,525.000
6.121070000,46.129830000,525.000
6.121090000,46.129880000,524.000
6.121100000,46.129890000,524.000
6.121130000,46.129940000,523.000
6.121190000,46.130050000,523.000
6.121350000,46.130280000,523.000
6.121460000,46.130420000,522.000
6.121640000,46.130660000,522.000
6.121840000,46.130870000,521.000
6.122050000,46.131090000,521.000
6.122250000,46.131280000,521.000
6.122290000,46.131320000,520.000
6.122560000,46.131560000,519.000
6.122810000,46.131790000,519.000
6.122850000,46.131830000,518.000
6.123090000,46.132040000,518.000
6.123150000,46.132090000,517.000
6.123260000,46.132180000,517.000
6.123420000,46.132320000,517.000
6.123450000,46.132350000,516.000
6.123730000,46.132600000,516.000
6.123740000,46.132600000,515.000
6.123910000,46.132760000,515.000
6.123980000,46.132820000,515.000
6.124090000,46.132950000,515.000
6.124150000,46.133060000,515.000
6.124230000,46.133200000,515.000
6.124290000,46.133250000,515.000
6.124340000,46.133310000,515.000
6.124420000,46.133380000,515.000
6.124450000,46.133400000,515.000
6.124480000,46.133400000,515.000
6.124530000,46.133410000,515.000
6.124530000,46.133410000,515.000
6.124560000,46.133410000,515.000
6.124590000,46.133410000,515.000
6.124610000,46.133420000,515.000
6.124620000,46.133420000,515.000
6.124650000,46.133430000,515.000
6.124680000,46.133440000,515.000
6.124690000,46.133450000,515.000
6.124720000,46.133470000,515.000
6.124730000,46.133480000,515.000
6.124740000,46.133510000,515.000
6.124750000,46.133530000,515.000
6.124750000,46.133560000,515.000
6.124760000,46.133570000,515.000
6.124770000,46.133640000,515.000
6.124810000,46.133710000,515.000
6.124840000,46.133740000,515.000
6.124900000,46.133780000,515.000
6.124940000,46.133810000,515.000
6.125020000,46.133860000,515.000
6.125160000,46.133940000,515.000
6.125260000,46.134000000,515.000
6.125400000,46.134080000,515.000
6.125550000,46.134210000,514.000
6.125810000,46.134460000,514.000
6.126070000,46.134690000,514.000
6.126100000,46.134710000,514.000
6.126310000,46.134920000,514.000
6.126550000,46.135150000,513.000
6.126580000,46.135180000,513.000
6.126610000,46.135220000,513.000
6.126690000,46.135350000,513.000
6.126740000,46.135440000,512.000
6.126820000,46.135600000,512.000
6.126850000,46.135650000,512.000
6.126880000,46.135700000,512.000
6.126900000,46.135740000,511.000
6.126960000,46.135830000,511.000
6.126960000,46.135840000,511.000
6.126980000,46.135870000,511.000
6.127070000,46.136040000,510.000
6.127110000,46.136120000,510.000
6.127160000,46.136210000,510.000
6.127240000,46.136380000,509.000
6.127270000,46.136440000,508.000
6.127460000,46.136860000,507.000
6.127550000,46.137070000,506.000
6.127550000,46.137080000,505.000
6.127660000,46.137330000,504.000
6.127770000,46.137550000,502.000
6.127780000,46.137580000,501.000
6.127940000,46.137930000,501.000
6.127940000,46.137930000,500.000
6.128030000,46.137930000,500.000
6.128110000,46.137930000,500.000
6.128190000,46.137940000,500.000
6.128240000,46.137940000,500.000
6.128280000,46.137950000,500.000
6.128430000,46.137970000,500.000
6.128450000,46.137970000,500.000
6.128530000,46.137990000,500.000
6.128610000,46.138010000,500.000
6.128700000,46.138020000,500.000
6.128830000,46.138050000,500.000
6.128950000,46.138070000,501.000
6.128980000,46.138070000,501.000
6.129040000,46.138080000,501.000
6.129150000,46.138090000,501.000
6.129210000,46.138090000,501.000
6.129280000,46.138090000,501.000
6.129300000,46.138090000,502.000
6.129420000,46.138070000,502.000
6.129460000,46.138060000,502.000
6.129540000,46.138030000,502.000
6.129580000,46.138020000,502.000
6.129740000,46.137950000,502.000
6.129850000,46.137900000,503.000
6.129950000,46.137860000,503.000
6.130050000,46.137820000,503.000
6.130080000,46.137810000,504.000
6.130100000,46.137800000,504.000
6.130310000,46.137730000,505.000
6.130450000,46.137690000,505.000
6.130460000,46.137680000,505.000
6.130690000,46.137610000,506.000
6.130810000,46.137580000,507.000
6.130900000,46.137550000,507.000
6.131010000,46.137510000,508.000
6.131250000,46.137430000,509.000
6.131300000,46.137420000,510.000
6.131640000,46.137300000,511.000
6.131780000,46.137250000,512.000
6.131920000,46.137210000,513.000
6.131960000,46.137190000,514.000
6.132020000,46.137170000,514.000
6.132040000,46.137160000,515.000
6.132100000,46.137140000,515.000
6.132310000,46.137050000,518.000
6.132800000,46.136840000,518.000
6.132860000,46.136810000,519.000
6.133080000,46.136720000,519.000
6.133170000,46.136680000,520.000
6.133250000,46.136650000,521.000
6.133260000,46.136650000,521.000
6.133400000,46.136600000,522.000
6.133620000,46.136520000,522.000
6.133760000,46.136460000,523.000
6.133810000,46.136420000,523.000
6.133820000,46.136400000,524.000
6.133840000,46.136360000,524.000
6.133840000,46.136300000,524.000
6.133820000,46.136200000,525.000
6.133730000,46.136000000,525.000
6.133720000,46.135970000,526.000
6.133680000,46.135860000,526.000
6.133630000,46.135790000,527.000
6.133560000,46.135720000,527.000
6.133460000,46.135630000,527.000
6.133380000,46.135570000,528.000
6.133340000,46.135500000,528.000
6.133330000,46.135500000,529.000
6.133310000,46.135450000,529.000
6.133310000,46.135450000,530.000
6.133300000,46.135370000,530.000
6.133320000,46.135270000,530.000
6.133340000,46.135210000,530.000
6.133340000,46.135200000,531.000
6.133360000,46.135120000,531.000
6.133390000,46.135070000,531.000
6.133410000,46.135020000,532.000
6.133450000,46.134950000,532.000
6.133520000,46.134880000,532.000
6.133580000,46.134830000,533.000
6.133630000,46.134810000,533.000
6.133690000,46.134780000,533.000
6.133720000,46.134770000,533.000
6.133810000,46.134750000,534.000
6.133960000,46.134710000,534.000
6.134000000,46.134700000,534.000
6.134180000,46.134680000,535.000
6.134220000,46.134680000,535.000
6.134350000,46.134680000,535.000
6.134480000,46.134680000,536.000
6.134560000,46.134680000,536.000
6.134660000,46.134680000,536.000
6.134740000,46.134680000,537.000
6.134800000,46.134680000,537.000
6.134860000,46.134680000,537.000
6.134920000,46.134670000,538.000
6.135090000,46.134640000,538.000
6.135570000,46.134590000,538.000
6.135620000,46.134580000,539.000
6.135680000,46.134570000,540.000
6.135970000,46.134540000,540.000
6.136190000,46.134510000,541.000
6.136200000,46.134500000,541.000
6.136390000,46.134440000,542.000
6.136640000,46.134310000,543.000
6.136750000,46.134250000,543.000
6.136830000,46.134210000,544.000
6.137190000,46.134020000,546.000
6.137210000,46.134010000,546.000
6.137690000,46.133740000,547.000
6.137870000,46.133640000,547.000
6.138080000,46.133520000,547.000
6.138090000,46.133520000,548.000
6.138260000,46.133420000,548.000
6.138280000,46.133410000,548.000
6.138300000,46.133400000,548.000
6.138650000,46.133210000,548.000
6.138660000,46.133220000,548.000
6.138830000,46.133120000,548.000
6.139230000,46.132900000,549.000
6.139590000,46.132700000,549.000
6.139900000,46.132540000,550.000
6.140060000,46.132450000,550.000
6.140150000,46.132400000,551.000
6.140270000,46.132350000,551.000
6.140300000,46.132340000,552.000
6.140420000,46.132300000,553.000
6.140540000,46.132280000,553.000
6.140660000,46.132270000,554.000
6.140870000,46.132280000,554.000
6.140870000,46.132280000,555.000
6.140980000,46.132240000,555.000
6.141040000,46.132200000,556.000
6.141110000,46.132150000,556.000
6.141150000,46.132120000,556.000
6.141300000,46.132000000,557.000
6.141350000,46.131950000,559.000
6.141390000,46.131920000,559.000
6.141500000,46.131860000,559.000
6.141550000,46.131840000,559.000
6.141740000,46.131770000,560.000
6.141840000,46.131740000,560.000
6.141960000,46.131710000,561.000
6.142000000,46.131700000,562.000
6.142160000,46.131660000,563.000
6.142290000,46.131620000,564.000
6.142370000,46.131560000,565.000
6.142410000,46.131530000,566.000
6.142480000,46.131460000,567.000
6.142520000,46.131420000,567.000
6.142520000,46.131410000,568.000
6.142610000,46.131310000,569.000
6.142640000,46.131270000,570.000
6.142650000,46.131260000,570.000
6.142730000,46.131150000,571.000
6.142760000,46.131090000,572.000
6.142810000,46.131020000,573.000
6.142880000,46.130930000,574.000
6.142950000,46.130850000,575.000
6.142980000,46.130830000,575.000
6.143040000,46.130790000,576.000
6.143120000,46.130730000,579.000
6.143160000,46.130700000,579.000
6.143220000,46.130670000,579.000
6.143280000,46.130630000,580.000
6.143370000,46.130580000,580.000
6.143370000,46.130580000,581.000
6.143370000,46.130550000,581.000
6.143370000,46.130470000,582.000
6.143390000,46.130390000,582.000
6.143410000,46.130360000,583.000
6.143450000,46.130290000,584.000
6.143540000,46.130200000,584.000
6.143550000,46.130190000,585.000
6.143660000,46.130120000,586.000
6.143780000,46.130070000,586.000
6.143870000,46.130050000,587.000
6.144090000,46.130010000,588.000
6.144150000,46.130000000,589.000
6.144340000,46.129980000,590.000
6.144630000,46.129950000,591.000
6.144640000,46.129950000,592.000
6.144720000,46.129940000,593.000
6.144870000,46.129920000,594.000
6.145010000,46.129880000,595.000
6.145080000,46.129860000,596.000
6.145130000,46.129840000,598.000
6.145240000,46.129770000,599.000
6.145320000,46.129700000,600.000
6.145410000,46.129610000,600.000
6.145420000,46.129590000,601.000
6.145480000,46.129510000,601.000
6.145530000,46.129460000,602.000
6.145630000,46.129330000,602.000
6.145730000,46.129210000,603.000
6.145770000,46.129160000,604.000
6.145780000,46.129140000,604.000
6.145830000,46.129080000,604.000
6.145870000,46.129030000,605.000
6.145990000,46.128870000,605.000
6.146000000,46.128870000,606.000
6.146030000,46.128830000,606.000
6.146060000,46.128780000,607.000
6.146100000,46.128730000,607.000
6.146190000,46.128620000,607.000
6.146230000,46.128580000,608.000
6.146370000,46.128410000,608.000
6.146530000,46.128180000,611.000
6.146610000,46.128080000,611.000
6.146830000,46.127790000,612.000
6.146870000,46.127740000,612.000
6.147080000,46.127470000,613.000
6.147220000,46.127290000,614.000
6.147240000,46.127260000,615.000
6.147330000,46.127150000,616.000
6.147380000,46.127110000,617.000
6.147380000,46.127110000,618.000
6.147430000,46.127150000,618.000
6.147490000,46.127170000,619.000
6.147720000,46.127240000,619.000
6.148110000,46.127370000,620.000
6.148330000,46.127440000,623.000
6.148610000,46.127540000,623.000
6.148870000,46.127620000,623.000
6.148920000,46.127630000,624.000
6.148990000,46.127660000,625.000
6.149140000,46.127720000,625.000
6.149200000,46.127750000,626.000
6.149260000,46.127780000,627.000
6.149280000,46.127790000,627.000
6.149340000,46.127840000,627.000
6.149520000,46.128000000,628.000
6.149590000,46.128060000,628.000
6.149700000,46.128160000,628.000
6.149810000,46.128260000,629.000
6.149890000,46.128300000,629.000
6.149980000,46.128330000,630.000
6.150070000,46.128340000,630.000
6.150210000,46.128340000,631.000
6.150240000,46.128350000,631.000
6.150280000,46.128360000,631.000
6.150330000,46.128390000,632.000
6.150410000,46.128480000,632.000
6.150530000,46.128640000,632.000
6.150570000,46.128680000,632.000
6.150670000,46.128800000,633.000
6.150710000,46.128830000,633.000
6.150770000,46.128880000,633.000
6.150890000,46.128960000,633.000
6.150930000,46.128980000,634.000
6.151020000,46.129040000,634.000
6.151070000,46.129080000,634.000
6.151100000,46.129100000,634.000
6.151140000,46.129120000,634.000
6.151200000,46.129170000,634.000
6.151400000,46.129310000,634.000
6.151590000,46.129470000,635.000
6.151730000,46.129570000,635.000
6.151760000,46.129580000,635.000
6.151900000,46.129660000,636.000
6.152000000,46.129700000,636.000
6.152080000,46.129740000,636.000
6.152170000,46.129760000,637.000
6.152320000,46.129800000,637.000
6.152460000,46.129860000,637.000
6.152590000,46.129950000,637.000
6.152630000,46.130000000,637.000
6.152670000,46.130050000,637.000
6.152710000,46.130140000,637.000
6.152710000,46.130190000,637.000
6.152730000,46.130320000,638.000
6.152740000,46.130380000,638.000
6.152800000,46.130450000,638.000
6.152800000,46.130470000,638.000
6.152850000,46.130580000,638.000
6.152910000,46.130710000,638.000
6.152970000,46.130810000,639.000
6.153020000,46.130880000,639.000
6.153180000,46.131070000,639.000
6.153180000,46.131080000,639.000
6.153300000,46.131230000,640.000
6.153330000,46.131270000,640.000
6.153420000,46.131410000,640.000
6.153490000,46.131500000,640.000
6.153540000,46.131510000,641.000
6.153590000,46.131530000,641.000
6.153670000,46.131570000,641.000
6.153700000,46.131590000,641.000
6.153730000,46.131620000,642.000
6.153750000,46.131650000,642.000
6.153810000,46.131720000,642.000
6.153870000,46.131780000,642.000
6.153940000,46.131820000,643.000
6.154040000,46.131870000,643.000
6.154170000,46.131920000,643.000
6.154270000,46.131950000,644.000
6.154360000,46.131970000,644.000
6.154600000,46.132030000,644.000
6.154720000,46.132060000,645.000
6.154780000,46.132070000,645.000
6.154920000,46.132100000,646.000
6.155090000,46.132140000,646.000
6.155130000,46.132150000,647.000
6.155400000,46.132210000,647.000
6.155510000,46.132220000,647.000
6.155650000,46.132200000,649.000
6.155810000,46.132180000,649.000
6.155880000,46.132180000,650.000
6.155880000,46.132180000,650.000
6.155950000,46.132150000,651.000
6.155990000,46.132140000,651.000
6.156020000,46.132140000,652.000
6.156040000,46.132130000,652.000
6.156140000,46.132120000,653.000
6.156180000,46.132120000,653.000
6.156270000,46.132120000,654.000
6.156350000,46.132130000,654.000
6.156420000,46.132140000,655.000
6.156480000,46.132150000,656.000
6.156630000,46.132200000,656.000
6.156670000,46.132210000,657.000
6.156780000,46.132250000,658.000
6.156900000,46.132280000,659.000
6.156920000,46.132290000,659.000
6.157070000,46.132320000,660.000
6.157100000,46.132360000,661.000
6.157100000,46.132360000,662.000
6.157270000,46.132230000,663.000
6.157280000,46.132220000,664.000
6.157320000,46.132200000,664.000
6.157410000,46.132130000,665.000
6.157480000,46.132080000,666.000
6.157540000,46.132030000,667.000
6.157600000,46.131960000,668.000
6.157610000,46.131950000,669.000
6.157620000,46.131940000,669.000
6.157640000,46.131920000,670.000
6.157690000,46.131850000,670.000
6.157720000,46.131800000,671.000
6.157730000,46.131790000,673.000
6.157730000,46.131780000,673.000
6.157760000,46.131720000,673.000
6.157780000,46.131670000,674.000
6.157790000,46.131630000,674.000
6.157790000,46.131600000,674.000
6.157790000,46.131590000,674.000
6.157790000,46.131500000,674.000
6.157790000,46.131440000,675.000
6.157780000,46.131300000,675.000
6.157780000,46.131200000,675.000
6.157760000,46.131060000,676.000
6.157750000,46.130990000,676.000
6.157750000,46.130940000,677.000
6.157740000,46.130900000,677.000
6.157740000,46.130880000,678.000
6.157740000,46.130870000,678.000
6.157730000,46.130820000,678.000
6.157700000,46.130740000,678.000
6.157680000,46.130690000,679.000
6.157640000,46.130640000,679.000
6.157550000,46.130540000,679.000
6.157540000,46.130530000,679.000
6.157510000,46.130500000,680.000
6.157410000,46.130390000,680.000
6.157410000,46.130380000,680.000
6.157360000,46.130320000,681.000
6.157320000,46.130240000,681.000
6.157310000,46.130230000,681.000
6.157310000,46.130220000,681.000
6.157290000,46.130170000,682.000
6.157270000,46.130130000,682.000
6.157260000,46.130070000,684.000
6.157260000,46.130060000,684.000
6.157260000,46.130050000,683.000
6.157260000,46.130040000,683.000
6.157260000,46.130020000,683.000
6.157270000,46.129980000,683.000
6.157270000,46.129970000,683.000
6.157310000,46.129950000,684.000
6.157330000,46.129950000,684.000
6.157340000,46.129940000,684.000
6.157380000,46.129940000,685.000
6.157440000,46.129960000,685.000
6.157470000,46.129970000,685.000
6.157500000,46.129980000,686.000
6.157570000,46.129990000,686.000
6.157690000,46.130040000,687.000
6.157870000,46.130130000,688.000
6.157960000,46.130170000,689.000
6.157990000,46.130180000,690.000
6.158000000,46.130180000,691.000
6.158030000,46.130190000,692.000
6.158080000,46.130190000,692.000
6.158140000,46.130170000,693.000
6.158170000,46.130160000,693.000
6.158190000,46.130130000,694.000
6.158210000,46.130090000,695.000
6.158200000,46.130060000,695.000
6.158200000,46.130050000,696.000
6.158200000,46.130040000,696.000
6.158150000,46.129940000,697.000
6.158120000,46.129880000,697.000
6.158110000,46.129880000,698.000
6.158110000,46.129870000,699.000
6.158030000,46.129770000,699.000
6.157990000,46.129710000,700.000
6.157990000,46.129700000,701.000
6.157930000,46.129650000,702.000
6.157860000,46.129580000,703.000
6.157850000,46.129570000,703.000
6.157840000,46.129560000,704.000
6.157790000,46.129510000,705.000
6.157760000,46.129470000,705.000
6.157730000,46.129420000,706.000
6.157730000,46.129410000,707.000
6.157720000,46.129390000,707.000
6.157710000,46.129340000,708.000
6.157680000,46.129240000,711.000
6.157680000,46.129230000,711.000
6.157670000,46.129210000,711.000
6.157630000,46.129130000,711.000
6.157590000,46.129070000,712.000
6.157590000,46.129060000,712.000
6.157580000,46.129050000,713.000
6.157560000,46.129030000,713.000
6.157500000,46.128970000,713.000
6.157440000,46.128920000,714.000
6.157430000,46.128910000,714.000
6.157420000,46.128910000,715.000
6.157370000,46.128870000,715.000
6.157320000,46.128830000,715.000
6.157280000,46.128790000,716.000
6.157280000,46.128780000,716.000
6.157270000,46.128770000,717.000
6.157240000,46.128740000,717.000
6.157210000,46.128700000,718.000
6.157170000,46.128660000,718.000
6.157160000,46.128620000,718.000
6.157140000,46.128590000,719.000
6.157120000,46.128540000,719.000
6.157090000,46.128480000,719.000
6.157090000,46.128460000,720.000
6.157080000,46.128450000,720.000
6.157060000,46.128390000,721.000
6.157040000,46.128310000,721.000
6.157040000,46.128290000,721.000
6.157030000,46.128270000,722.000
6.157020000,46.128190000,722.000
6.157020000,46.128110000,723.000
6.157020000,46.128100000,723.000
6.157010000,46.127980000,724.000
6.157000000,46.127930000,725.000
6.156990000,46.127920000,725.000
6.156990000,46.127900000,726.000
6.156980000,46.127860000,726.000
6.156960000,46.127820000,727.000
6.156920000,46.127750000,727.000
6.156910000,46.127740000,728.000
6.156870000,46.127680000,728.000
6.156810000,46.127590000,729.000
6.156800000,46.127570000,729.000
6.156760000,46.127500000,730.000
6.156740000,46.127450000,730.000
6.156720000,46.127420000,731.000
6.156720000,46.127410000,731.000
6.156690000,46.127330000,732.000
6.156660000,46.127250000,732.000
6.156650000,46.127240000,733.000
6.156620000,46.127140000,733.000
6.156580000,46.127040000,734.000
6.156550000,46.126980000,734.000
6.156520000,46.126890000,735.000
6.156500000,46.126850000,736.000
6.156450000,46.126760000,736.000
6.156370000,46.126600000,737.000
6.156320000,46.126490000,738.000
6.156300000,46.126420000,739.000
6.156290000,46.126380000,740.000
6.156280000,46.126340000,740.000
6.156290000,46.126330000,741.000
6.156300000,46.126270000,742.000
6.156340000,46.126250000,742.000
6.156360000,46.126240000,743.000
6.156380000,46.126240000,743.000
6.156410000,46.126240000,743.000
6.156430000,46.126240000,744.000
6.156470000,46.126270000,744.000
6.156600000,46.126350000,745.000
6.156650000,46.126380000,745.000
6.156740000,46.126420000,745.000
6.156810000,46.126450000,747.000
6.156920000,46.126490000,747.000
6.157030000,46.126520000,748.000
6.157060000,46.126530000,748.000
6.157120000,46.126540000,749.000
6.157220000,46.126550000,750.000
6.157270000,46.126540000,751.000
6.157310000,46.126530000,752.000
6.157330000,46.126510000,752.000
6.157340000,46.126510000,753.000
6.157370000,46.126480000,754.000
6.157380000,46.126430000,754.000
6.157370000,46.126390000,755.000
6.157360000,46.126310000,756.000
6.157360000,46.126280000,757.000
6.157420000,46.126080000,758.000
6.157450000,46.125970000,759.000
6.157460000,46.125920000,760.000
6.157470000,46.125880000,762.000
6.157470000,46.125780000,763.000
6.157480000,46.125740000,765.000
6.157490000,46.125710000,766.000
6.157510000,46.125700000,767.000
6.157540000,46.125690000,768.000
6.157560000,46.125690000,769.000
6.157620000,46.125710000,769.000
6.157700000,46.125750000,770.000
6.157780000,46.125780000,771.000
6.157830000,46.125790000,772.000
6.157880000,46.125790000,773.000
6.157920000,46.125790000,773.000
6.157980000,46.125760000,774.000
6.158000000,46.125750000,775.000
6.158050000,46.125700000,776.000
6.158050000,46.125620000,777.000
6.158030000,46.125590000,778.000
6.157990000,46.125530000,780.000
6.157960000,46.125510000,780.000
6.157930000,46.125480000,781.000
6.157880000,46.125420000,781.000
6.157810000,46.125360000,782.000
6.157740000,46.125310000,783.000
6.157720000,46.125270000,783.000
6.157710000,46.125260000,784.000
6.157710000,46.125240000,785.000
6.157740000,46.125220000,785.000
6.157780000,46.125200000,786.000
6.157830000,46.125190000,787.000
6.157890000,46.125190000,787.000
6.157900000,46.125190000,788.000
6.157990000,46.125200000,788.000
6.158060000,46.125220000,788.000
6.158100000,46.125240000,789.000
6.158120000,46.125250000,790.000
6.158180000,46.125300000,790.000
6.158240000,46.125390000,791.000
6.158250000,46.125400000,791.000
6.158370000,46.125560000,792.000
6.158380000,46.125580000,793.000
6.158500000,46.125710000,794.000
6.158570000,46.125800000,795.000
6.158610000,46.125870000,797.000
6.158650000,46.125920000,798.000
6.158690000,46.126040000,799.000
6.158710000,46.126100000,800.000
6.158750000,46.126210000,802.000
6.158760000,46.126230000,803.000
6.158820000,46.126360000,802.000
6.158840000,46.126380000,804.000
6.158870000,46.126440000,805.000
6.158910000,46.126510000,807.000
6.158940000,46.126550000,808.000
6.159000000,46.126630000,809.000
6.159060000,46.126680000,810.000
6.159090000,46.126710000,811.000
6.159140000,46.126750000,812.000
6.159210000,46.126800000,813.000
6.159280000,46.126840000,814.000
6.159350000,46.126870000,814.000
6.159490000,46.126950000,815.000
6.159500000,46.126950000,816.000
6.159660000,46.127050000,817.000
6.159670000,46.127060000,818.000
6.159850000,46.127200000,819.000
6.159920000,46.127260000,820.000
6.160030000,46.127330000,821.000
6.160170000,46.127430000,823.000
6.160210000,46.127460000,824.000
6.160310000,46.127530000,825.000
6.160390000,46.127590000,826.000
6.160400000,46.127600000,827.000
6.160460000,46.127630000,828.000
6.160530000,46.127650000,829.000
6.160590000,46.127650000,829.000
6.160630000,46.127640000,830.000
6.160660000,46.127610000,831.000
6.160670000,46.127600000,832.000
6.160670000,46.127580000,832.000
6.160670000,46.127550000,833.000
6.160650000,46.127520000,833.000
6.160590000,46.127470000,833.000
6.160540000,46.127430000,834.000
6.160530000,46.127420000,834.000
6.160500000,46.127390000,835.000
6.160450000,46.127270000,835.000
6.160440000,46.127210000,836.000
6.160420000,46.127130000,836.000
6.160410000,46.127090000,837.000
6.160380000,46.127040000,837.000
6.160340000,46.126970000,838.000
6.160300000,46.126920000,838.000
6.160210000,46.126830000,839.000
6.160180000,46.126770000,840.000
6.160140000,46.126680000,840.000
6.160130000,46.126620000,841.000
6.160130000,46.126610000,841.000
6.160130000,46.126570000,842.000
6.160130000,46.126550000,843.000
6.160160000,46.126480000,843.000
6.160190000,46.126450000,844.000
6.160230000,46.126380000,844.000
6.160280000,46.126300000,845.000
6.160300000,46.126290000,845.000
6.160300000,46.126280000,846.000
6.160330000,46.126250000,846.000
6.160360000,46.126250000,846.000
6.160380000,46.126240000,847.000
6.160400000,46.126250000,847.000
6.160430000,46.126250000,847.000
6.160460000,46.126270000,848.000
6.160480000,46.126280000,848.000
6.160530000,46.126300000,848.000
6.160570000,46.126330000,848.000
6.160640000,46.126370000,849.000
6.160650000,46.126380000,849.000
6.160730000,46.126430000,849.000
6.160790000,46.126470000,850.000
6.160830000,46.126500000,850.000
6.160880000,46.126570000,851.000
6.160920000,46.126660000,851.000
6.160950000,46.126720000,852.000
6.161000000,46.126830000,853.000
6.161040000,46.126910000,854.000
6.161070000,46.126960000,855.000
6.161080000,46.127000000,856.000
6.161100000,46.127060000,856.000
6.161120000,46.127120000,857.000
6.161130000,46.127170000,858.000
6.161140000,46.127200000,858.000
6.161170000,46.127250000,859.000
6.161230000,46.127310000,860.000
6.161270000,46.127340000,860.000
6.161350000,46.127410000,861.000
6.161440000,46.127480000,862.000
6.161500000,46.127530000,863.000
6.161520000,46.127540000,864.000
6.161540000,46.127550000,864.000
6.161580000,46.127570000,865.000
6.161630000,46.127590000,866.000
6.161670000,46.127590000,866.000
6.161710000,46.127590000,866.000
6.161770000,46.127550000,867.000
6.161770000,46.127490000,867.000
6.161740000,46.127440000,868.000
6.161700000,46.127400000,868.000
6.161680000,46.127380000,869.000
6.161630000,46.127310000,872.000
6.161590000,46.127240000,872.000
6.161560000,46.127150000,872.000
6.161540000,46.127070000,872.000
6.161550000,46.126950000,873.000
6.161560000,46.126900000,873.000
6.161570000,46.126860000,874.000
6.161600000,46.126770000,874.000
6.161610000,46.126730000,875.000
6.161610000,46.126660000,875.000
6.161590000,46.126540000,876.000
6.161580000,46.126490000,877.000
6.161550000,46.126360000,877.000
6.161530000,46.126300000,878.000
6.161480000,46.126190000,878.000
6.161470000,46.126180000,879.000
6.161370000,46.126020000,880.000
6.161320000,46.125960000,881.000
6.161320000,46.125960000,881.000
6.161240000,46.125860000,882.000
6.161230000,46.125850000,883.000
6.161120000,46.125730000,883.000
6.161110000,46.125710000,884.000
6.161070000,46.125630000,884.000
6.161060000,46.125590000,886.000
6.161060000,46.125550000,886.000
6.161060000,46.125520000,887.000
6.161070000,46.125460000,887.000
6.161090000,46.125380000,888.000
6.161090000,46.125370000,889.000
6.161130000,46.125200000,890.000
6.161130000,46.125190000,891.000
6.161150000,46.125110000,893.000
6.161150000,46.125010000,894.000
6.161150000,46.124920000,895.000
6.161150000,46.124830000,897.000
6.161160000,46.124740000,899.000
6.161160000,46.124650000,901.000
6.161160000,46.124620000,903.000
6.161180000,46.124490000,905.000
6.161180000,46.124470000,906.000
6.161190000,46.124410000,908.000
6.161220000,46.124330000,910.000
6.161240000,46.124310000,911.000
6.161270000,46.124280000,912.000
6.161300000,46.124250000,914.000
6.161350000,46.124220000,915.000
6.161390000,46.124210000,916.000
6.161400000,46.124210000,917.000
6.161430000,46.124210000,918.000
6.161490000,46.124210000,918.000
6.161520000,46.124210000,919.000
6.161590000,46.124230000,920.000
6.161610000,46.124250000,921.000
6.161700000,46.124280000,922.000
6.161790000,46.124340000,923.000
6.161830000,46.124350000,924.000
6.161900000,46.124370000,926.000
6.161970000,46.124390000,926.000
6.162030000,46.124400000,927.000
6.162080000,46.124400000,928.000
6.162110000,46.124390000,929.000
6.162160000,46.124380000,930.000
6.162270000,46.124350000,931.000
6.162350000,46.124310000,932.000
6.162550000,46.124190000,933.000
6.162590000,46.124170000,934.000
6.162630000,46.124120000,936.000
6.162650000,46.124090000,937.000
6.162660000,46.124060000,938.000
6.162660000,46.124030000,939.000
6.162650000,46.124010000,940.000
6.162640000,46.123970000,941.000
6.162630000,46.123940000,942.000
6.162580000,46.123890000,943.000
6.162560000,46.123860000,943.000
6.162540000,46.123840000,944.000
6.162520000,46.123810000,945.000
6.162490000,46.123770000,945.000
6.162470000,46.123720000,946.000
6.162460000,46.123680000,947.000
6.162460000,46.123670000,948.000
6.162450000,46.123610000,948.000
6.162460000,46.123570000,949.000
6.162470000,46.123560000,950.000
6.162480000,46.123540000,950.000
6.162490000,46.123540000,951.000
6.162540000,46.123510000,952.000
6.162590000,46.123490000,952.000
6.162700000,46.123450000,953.000
6.162710000,46.123440000,954.000
6.162750000,46.123420000,954.000
6.162800000,46.123400000,955.000
6.162880000,46.123330000,956.000
6.162900000,46.123310000,957.000
6.162910000,46.123300000,958.000
6.162940000,46.123250000,959.000
6.162970000,46.123190000,959.000
6.162980000,46.123130000,960.000
6.162990000,46.123100000,961.000
6.163000000,46.123070000,962.000
6.163030000,46.123050000,962.000
6.163040000,46.123040000,963.000
6.163050000,46.123040000,963.000
6.163060000,46.123040000,964.000
6.163070000,46.123040000,964.000
6.163080000,46.123050000,964.000
6.163090000,46.123080000,965.000
6.163090000,46.123100000,965.000
6.163080000,46.123170000,965.000
6.163070000,46.123190000,966.000
6.163060000,46.123220000,966.000
6.163020000,46.123360000,966.000
6.163000000,46.123440000,967.000
6.162990000,46.123500000,967.000
6.162990000,46.123550000,968.000
6.162980000,46.123580000,968.000
6.163000000,46.123650000,969.000
6.163020000,46.123700000,969.000
6.163040000,46.123730000,970.000
6.163050000,46.123770000,970.000
6.163060000,46.123790000,971.000
6.163120000,46.123880000,971.000
6.163140000,46.123900000,972.000
6.163160000,46.123930000,972.000
6.163180000,46.123960000,973.000
6.163260000,46.124050000,973.000
6.163270000,46.124060000,974.000
6.163300000,46.124090000,974.000
6.163380000,46.124140000,974.000
6.163470000,46.124190000,975.000
6.163500000,46.124210000,975.000
6.163620000,46.124280000,976.000
6.163670000,46.124300000,977.000
6.163690000,46.124320000,977.000
6.163700000,46.124320000,978.000
6.163720000,46.124350000,978.000
6.163750000,46.124380000,978.000
6.163760000,46.124400000,979.000
6.163750000,46.124410000,979.000
6.163750000,46.124430000,979.000
6.163750000,46.124440000,979.000
6.163730000,46.124450000,980.000
6.163700000,46.124470000,980.000
6.163660000,46.124480000,981.000
6.163570000,46.124480000,981.000
6.163530000,46.124470000,981.000
6.163510000,46.124470000,981.000
6.163450000,46.124470000,981.000
6.163380000,46.124470000,982.000
6.163340000,46.124480000,982.000
6.163290000,46.124500000,982.000
6.163270000,46.124530000,983.000
6.163260000,46.124550000,983.000
6.163260000,46.124560000,983.000
6.163260000,46.124590000,984.000
6.163280000,46.124630000,984.000
6.163330000,46.124640000,984.000
6.163380000,46.124650000,985.000
6.163430000,46.124650000,985.000
6.163480000,46.124660000,985.000
6.163500000,46.124670000,986.000
6.163580000,46.124690000,986.000
6.163660000,46.124720000,987.000
6.163670000,46.124720000,987.000
6.163700000,46.124730000,987.000
6.163790000,46.124770000,988.000
6.163890000,46.124800000,988.000
6.163940000,46.124810000,988.000
6.164040000,46.124830000,989.000
6.164150000,46.124850000,990.000
6.164290000,46.124880000,990.000
6.164370000,46.124890000,991.000
6.164410000,46.124890000,991.000
6.164460000,46.124900000,992.000
6.164480000,46.124900000,993.000
6.164530000,46.124880000,993.000
6.164580000,46.124860000,994.000
6.164620000,46.124810000,994.000
6.164620000,46.124770000,995.000
6.164610000,46.124730000,995.000
6.164610000,46.124720000,995.000
6.164560000,46.124590000,996.000
6.164560000,46.124580000,996.000
6.164540000,46.124550000,997.000
6.164520000,46.124500000,997.000
6.164500000,46.124440000,998.000
6.164490000,46.124420000,999.000
6.164480000,46.124380000,999.000
6.164470000,46.124370000,1000.000
6.164460000,46.124300000,1000.000
6.164440000,46.124240000,1000.000
6.164440000,46.124210000,1001.000
6.164450000,46.124160000,1001.000
6.164480000,46.124090000,1001.000
6.164480000,46.124080000,1002.000
6.164500000,46.124020000,1002.000
6.164540000,46.123930000,1002.000
6.164530000,46.123880000,1003.000
6.164530000,46.123860000,1003.000
6.164520000,46.123820000,1004.000
6.164490000,46.123750000,1004.000
6.164470000,46.123710000,1004.000
6.164460000,46.123690000,1005.000
6.164450000,46.123680000,1005.000
6.164420000,46.123630000,1005.000
6.164410000,46.123580000,1006.000
6.164410000,46.123560000,1006.000
6.164430000,46.123540000,1006.000
6.164440000,46.123540000,1006.000
6.164460000,46.123540000,1007.000
6.164470000,46.123540000,1007.000
6.164480000,46.123550000,1007.000
6.164490000,46.123560000,1007.000
6.164500000,46.123570000,1007.000
6.164520000,46.123590000,1007.000
6.164530000,46.123620000,1007.000
6.164550000,46.123640000,1007.000
6.164600000,46.123730000,1008.000
6.164630000,46.123760000,1008.000
6.164650000,46.123790000,1008.000
6.164720000,46.123880000,1009.000
6.164740000,46.123910000,1009.000
6.164760000,46.123950000,1009.000
6.164800000,46.124020000,1010.000
6.164840000,46.124080000,1010.000
6.164850000,46.124100000,1011.000
6.164890000,46.124150000,1011.000
6.164950000,46.124220000,1011.000
6.164970000,46.124240000,1012.000
6.165030000,46.124290000,1015.000
6.165100000,46.124330000,1015.000
6.165160000,46.124370000,1015.000
6.165200000,46.124400000,1015.000
6.165240000,46.124420000,1015.000
6.165280000,46.124450000,1016.000
6.165330000,46.124500000,1017.000
6.165390000,46.124550000,1017.000
6.165420000,46.124590000,1018.000
6.165440000,46.124620000,1019.000
6.165450000,46.124650000,1020.000
6.165470000,46.124680000,1021.000
6.165550000,46.124830000,1022.000
6.165600000,46.124910000,1023.000
6.165680000,46.124990000,1024.000
6.165720000,46.125030000,1026.000
6.165770000,46.125060000,1027.000
6.165790000,46.125070000,1028.000
6.165860000,46.125100000,1029.000
6.165950000,46.125140000,1030.000
6.166000000,46.125160000,1031.000
6.166030000,46.125170000,1032.000
6.166070000,46.125180000,1033.000
6.166100000,46.125200000,1034.000
6.166120000,46.125220000,1035.000
6.166150000,46.125250000,1036.000
6.166160000,46.125260000,1036.000
6.166170000,46.125280000,1037.000
6.166170000,46.125310000,1038.000
6.166170000,46.125430000,1039.000
6.166170000,46.125440000,1039.000
6.166180000,46.125530000,1040.000
6.166190000,46.125580000,1041.000
6.166200000,46.125610000,1042.000
6.166200000,46.125620000,1043.000
6.166210000,46.125650000,1044.000
6.166200000,46.125680000,1044.000
6.166190000,46.125720000,1045.000
6.166170000,46.125750000,1046.000
6.166150000,46.125760000,1047.000
6.166140000,46.125760000,1048.000
6.166110000,46.125780000,1048.000
6.166040000,46.125800000,1048.000
6.165950000,46.125840000,1049.000
6.165940000,46.125840000,1049.000
6.165760000,46.125910000,1050.000
6.165710000,46.125940000,1050.000
6.165660000,46.125960000,1051.000
6.165580000,46.126010000,1052.000
6.165510000,46.126050000,1052.000
6.165450000,46.126080000,1053.000
6.165370000,46.126110000,1054.000
6.165290000,46.126140000,1054.000
6.165290000,46.126150000,1055.000
6.165160000,46.126190000,1056.000
6.165060000,46.126220000,1056.000
6.165040000,46.126230000,1057.000
6.164990000,46.126250000,1058.000
6.164970000,46.126260000,1058.000
6.164950000,46.126300000,1059.000
6.164930000,46.126320000,1059.000
6.164920000,46.126350000,1060.000
6.164930000,46.126380000,1060.000
6.164940000,46.126400000,1061.000
6.164950000,46.126410000,1061.000
6.164990000,46.126430000,1061.000
6.165030000,46.126440000,1062.000
6.165060000,46.126440000,1062.000
6.165150000,46.126430000,1063.000
6.165230000,46.126410000,1063.000
6.165280000,46.126410000,1063.000
6.165430000,46.126390000,1064.000
6.165480000,46.126390000,1064.000
6.165540000,46.126390000,1065.000
6.165740000,46.126380000,1066.000
6.165800000,46.126380000,1066.000
6.166000000,46.126380000,1066.000
6.166260000,46.126380000,1068.000
6.166270000,46.126380000,1069.000
6.166510000,46.126370000,1070.000
6.166520000,46.126370000,1071.000
6.166630000,46.126360000,1072.000
6.166760000,46.126330000,1073.000
6.166790000,46.126320000,1074.000
6.166840000,46.126300000,1075.000
6.166900000,46.126260000,1076.000
6.166950000,46.126200000,1077.000
6.166960000,46.126170000,1077.000
6.167050000,46.126000000,1078.000
6.167070000,46.125970000,1079.000
6.167150000,46.125840000,1080.000
6.167170000,46.125810000,1081.000
6.167220000,46.125740000,1082.000
6.167280000,46.125690000,1083.000
6.167340000,46.125640000,1084.000
6.167450000,46.125560000,1085.000
6.167520000,46.125500000,1086.000
6.167600000,46.125430000,1087.000
6.167610000,46.125410000,1088.000
6.167650000,46.125370000,1089.000
6.167660000,46.125300000,1089.000
6.167670000,46.125250000,1091.000
6.167670000,46.125090000,1091.000
6.167660000,46.125040000,1092.000
6.167660000,46.125030000,1093.000
6.167650000,46.124860000,1093.000
6.167650000,46.124840000,1094.000
6.167630000,46.124680000,1094.000
6.167610000,46.124500000,1095.000
6.167600000,46.124390000,1096.000
6.167570000,46.124290000,1096.000
6.167530000,46.124150000,1097.000
6.167480000,46.123970000,1098.000
6.167410000,46.123760000,1099.000
6.167300000,46.123470000,1104.000
6.167280000,46.123410000,1104.000
6.167230000,46.123230000,1104.000
6.167180000,46.123060000,1105.000
6.167170000,46.122970000,1107.000
6.167170000,46.122890000,1108.000
6.167190000,46.122790000,1110.000
6.167210000,46.122710000,1112.000
6.167230000,46.122680000,1113.000
6.167250000,46.122600000,1115.000
6.167290000,46.122540000,1116.000
6.167320000,46.122490000,1117.000
6.167380000,46.122420000,1119.000
6.167410000,46.122400000,1120.000
6.167520000,46.122310000,1121.000
6.167580000,46.122260000,1122.000
6.167620000,46.122230000,1123.000
6.167730000,46.122120000,1125.000
6.167740000,46.122120000,1126.000
6.167840000,46.122020000,1127.000
6.167950000,46.121890000,1129.000
6.168050000,46.121780000,1132.000
6.168080000,46.121740000,1133.000
6.168090000,46.121730000,1134.000
6.168180000,46.121610000,1135.000
6.168200000,46.121580000,1136.000
6.168210000,46.121580000,1137.000
6.168220000,46.121560000,1137.000
6.168250000,46.121530000,1138.000
6.168330000,46.121460000,1138.000
6.168360000,46.121440000,1139.000
6.168430000,46.121380000,1140.000
6.168500000,46.121320000,1140.000
6.168530000,46.121300000,1141.000
6.168550000,46.121290000,1141.000
6.168690000,46.121160000,1142.000
6.168710000,46.121150000,1143.000
6.168710000,46.121140000,1143.000
6.168830000,46.121000000,1144.000
6.168840000,46.120990000,1144.000
6.168860000,46.120970000,1145.000
6.168930000,46.120830000,1146.000
6.168940000,46.120820000,1146.000
6.168940000,46.120800000,1147.000
6.168970000,46.120740000,1148.000
6.169020000,46.120670000,1148.000
6.169030000,46.120650000,1149.000
6.169050000,46.120630000,1149.000
6.169090000,46.120600000,1150.000
6.169130000,46.120570000,1150.000
6.169180000,46.120550000,1151.000
6.169200000,46.120540000,1151.000
6.169230000,46.120530000,1151.000
6.169330000,46.120490000,1152.000
6.169400000,46.120470000,1152.000
6.169420000,46.120460000,1153.000
6.169470000,46.120440000,1153.000
6.169640000,46.120400000,1154.000
6.169650000,46.120400000,1155.000
6.169800000,46.120360000,1155.000
6.169910000,46.120330000,1155.000
6.170060000,46.120290000,1156.000
6.170120000,46.120270000,1157.000
6.170150000,46.120270000,1157.000
6.170280000,46.120230000,1158.000
6.170360000,46.120200000,1158.000
6.170390000,46.120200000,1159.000
6.170440000,46.120180000,1159.000
6.170600000,46.120120000,1160.000
6.170730000,46.120080000,1160.000
6.170850000,46.120020000,1161.000
6.170870000,46.120020000,1162.000
6.170930000,46.119990000,1162.000
6.171000000,46.119950000,1163.000
6.171060000,46.119910000,1163.000
6.171070000,46.119910000,1164.000
6.171120000,46.119870000,1164.000
6.171230000,46.119810000,1165.000
6.171250000,46.119790000,1165.000
6.171340000,46.119730000,1165.000
6.171450000,46.119650000,1166.000
6.171600000,46.119540000,1167.000
6.171600000,46.119540000,1167.000
6.171630000,46.119560000,1168.000
6.171660000,46.119570000,1168.000
6.171670000,46.119580000,1169.000
6.171700000,46.119600000,1169.000
6.171730000,46.119620000,1170.000
6.171760000,46.119650000,1171.000
6.171760000,46.119660000,1171.000
6.171760000,46.119660000,1171.000
6.171840000,46.119640000,1171.000
6.171970000,46.119610000,1170.000
6.172040000,46.119600000,1170.000
6.172040000,46.119600000,1169.000
6.171980000,46.119540000,1169.000
6.171900000,46.119460000,1168.000
6.171870000,46.119430000,1168.000
6.171850000,46.119380000,1167.000
6.171870000,46.119320000,1166.000
6.171890000,46.119300000,1165.000
6.171940000,46.119240000,1164.000
6.172010000,46.119140000,1163.000
6.172040000,46.119100000,1162.000
6.172160000,46.118990000,1161.000
6.172170000,46.118980000,1160.000
6.172300000,46.118900000,1159.000
6.172360000,46.118880000,1158.000
6.172480000,46.118820000,1157.000
6.172580000,46.118790000,1156.000
6.172710000,46.118740000,1155.000
6.172820000,46.118710000,1153.000
6.173040000,46.118660000,1152.000
6.173060000,46.118650000,1151.000
6.173160000,46.118620000,1149.000
6.173320000,46.118540000,1148.000
6.173460000,46.118480000,1146.000
6.173500000,46.118470000,1145.000
6.173600000,46.118450000,1144.000
6.173760000,46.118440000,1143.000
6.173840000,46.118440000,1142.000
6.173980000,46.118430000,1141.000
6.174050000,46.118420000,1140.000
6.174050000,46.118420000,1139.000
6.174050000,46.118390000,1138.000
6.174060000,46.118350000,1138.000
6.174100000,46.118340000,1137.000
6.174110000,46.118330000,1136.000
6.174180000,46.118330000,1136.000
6.174240000,46.118360000,1135.000
6.174300000,46.118400000,1135.000
6.174310000,46.118410000,1134.000
6.174400000,46.118470000,1134.000
6.174500000,46.118500000,1133.000
6.174530000,46.118510000,1133.000
6.174690000,46.118540000,1132.000
6.174780000,46.118550000,1131.000
6.174900000,46.118570000,1131.000
6.175020000,46.118610000,1130.000
6.175240000,46.118660000,1129.000
6.175270000,46.118670000,1128.000
6.175600000,46.118750000,1127.000
6.175760000,46.118780000,1124.000
6.175970000,46.118840000,1123.000
6.176000000,46.118850000,1122.000
6.176240000,46.118910000,1121.000
6.176400000,46.118970000,1120.000
6.176450000,46.119000000,1119.000
6.176560000,46.119070000,1118.000
6.176580000,46.119090000,1117.000
6.176660000,46.119160000,1116.000
6.176760000,46.119220000,1115.000
6.176770000,46.119230000,1114.000
6.176910000,46.119270000,1114.000
6.177010000,46.119300000,1113.000
6.177100000,46.119320000,1112.000
6.177220000,46.119370000,1111.000
6.177300000,46.119430000,1110.000
6.177370000,46.119510000,1110.000
6.177440000,46.119590000,1109.000
6.177520000,46.119660000,1108.000
6.177560000,46.119700000,1107.000
6.177700000,46.119800000,1106.000
6.177750000,46.119840000,1105.000
6.177880000,46.119930000,1107.000
6.178060000,46.120060000,1105.000
6.178100000,46.120080000,1104.000
6.178250000,46.120180000,1102.000
6.178300000,46.120210000,1101.000
6.178470000,46.120280000,1100.000
6.178480000,46.120280000,1099.000
6.178710000,46.120360000,1098.000
6.178730000,46.120370000,1097.000
6.178940000,46.120450000,1096.000
6.179050000,46.120470000,1095.000
6.179180000,46.120460000,1094.000
6.179220000,46.120450000,1094.000
6.179280000,46.120420000,1093.000
6.179350000,46.120350000,1092.000
6.179370000,46.120290000,1092.000
6.179380000,46.120280000,1091.000
6.179340000,46.120200000,1090.000
6.179240000,46.120110000,1090.000
6.179060000,46.120010000,1089.000
6.179030000,46.120000000,1088.000
6.178840000,46.119910000,1086.000
6.178830000,46.119900000,1086.000
6.178700000,46.119800000,1085.000
6.178660000,46.119760000,1085.000
6.178570000,46.119670000,1084.000
6.178540000,46.119610000,1083.000
6.178480000,46.119500000,1082.000
6.178460000,46.119440000,1081.000
6.178380000,46.119270000,1080.000
6.178330000,46.119170000,1079.000
6.178300000,46.119100000,1078.000
6.178230000,46.118930000,1077.000
6.178220000,46.118900000,1076.000
6.178170000,46.118760000,1075.000
6.178160000,46.118640000,1073.000
6.178180000,46.118590000,1072.000
6.178190000,46.118530000,1071.000
6.178250000,46.118420000,1070.000
6.178280000,46.118380000,1069.000
6.178360000,46.118270000,1068.000
6.178520000,46.118150000,1066.000
6.178540000,46.118140000,1065.000
6.178680000,46.118050000,1064.000
6.178730000,46.118010000,1064.000
6.178810000,46.117930000,1063.000
6.178820000,46.117890000,1062.000
6.178850000,46.117810000,1062.000
6.178860000,46.117710000,1061.000
6.178870000,46.117690000,1060.000
6.178830000,46.117540000,1060.000
6.178830000,46.117530000,1059.000
6.178820000,46.117480000,1059.000
6.178850000,46.117430000,1058.000
6.178900000,46.117400000,1058.000
6.178960000,46.117400000,1058.000
6.179020000,46.117420000,1057.000
6.179070000,46.117460000,1057.000
6.179070000,46.117470000,1057.000
6.179150000,46.117620000,1056.000
6.179160000,46.117630000,1056.000
6.179210000,46.117730000,1056.000
6.179210000,46.117790000,1055.000
6.179210000,46.117850000,1055.000
6.179180000,46.117960000,1054.000
6.179180000,46.117970000,1054.000
6.179090000,46.118130000,1054.000
6.179070000,46.118170000,1053.000
6.179020000,46.118310000,1053.000
6.179020000,46.118330000,1052.000
6.179010000,46.118470000,1051.000
6.179020000,46.118490000,1051.000
6.179040000,46.118590000,1050.000
6.179080000,46.118670000,1049.000
6.179090000,46.118680000,1048.000
6.179160000,46.118750000,1047.000
6.179280000,46.118810000,1046.000
6.179330000,46.118830000,1046.000
6.179510000,46.118890000,1045.000
6.179560000,46.118910000,1044.000
6.179820000,46.118970000,1043.000
6.180010000,46.119010000,1042.000
6.180200000,46.119050000,1040.000
6.180260000,46.119060000,1039.000
6.180520000,46.119100000,1037.000
6.180590000,46.119110000,1036.000
6.180770000,46.119140000,1035.000
6.180930000,46.119170000,1033.000
6.181010000,46.119190000,1031.000
6.181090000,46.119210000,1030.000
6.181200000,46.119270000,1029.000
6.181220000,46.119280000,1028.000
6.181360000,46.119370000,1027.000
6.181500000,46.119490000,1026.000
6.181550000,46.119550000,1025.000
6.181620000,46.119620000,1025.000
6.181680000,46.119700000,1024.000
6.181730000,46.119780000,1023.000
6.181770000,46.119860000,1022.000
6.181830000,46.120010000,1021.000
6.181840000,46.120040000,1020.000
6.181900000,46.120150000,1019.000
6.181930000,46.120210000,1018.000
6.181990000,46.120300000,1018.000
6.182040000,46.120370000,1017.000
6.182160000,46.120530000,1016.000
6.182230000,46.120660000,1015.000
6.182240000,46.120700000,1014.000
6.182280000,46.120840000,1013.000
6.182280000,46.120870000,1012.000
6.182290000,46.120990000,1011.000
6.182280000,46.121050000,1010.000
6.182280000,46.121110000,1009.000
6.182270000,46.121210000,1008.000
6.182270000,46.121230000,1008.000
6.182290000,46.121270000,1007.000
6.182380000,46.121310000,1006.000
6.182440000,46.121310000,1006.000
6.182520000,46.121270000,1005.000
6.182560000,46.121260000,1004.000
6.182600000,46.121190000,1004.000
6.182620000,46.121100000,1003.000
6.182630000,46.121060000,1002.000
6.182650000,46.120920000,1001.000
6.182660000,46.120820000,1000.000
6.182670000,46.120740000,999.000
6.182700000,46.120560000,998.000
6.182710000,46.120510000,997.000
6.182730000,46.120380000,996.000
6.182730000,46.120350000,995.000
6.182730000,46.120200000,994.000
6.182730000,46.120110000,994.000
6.182740000,46.120020000,993.000
6.182750000,46.119930000,991.000
6.182760000,46.119840000,990.000
6.182790000,46.119710000,988.000
6.182800000,46.119660000,987.000
6.182850000,46.119490000,986.000
6.182870000,46.119430000,984.000
6.182970000,46.119140000,982.000
6.182980000,46.119120000,980.000
6.183040000,46.118960000,978.000
6.183090000,46.118820000,976.000
6.183100000,46.118790000,974.000
6.183180000,46.118620000,972.000
6.183210000,46.118540000,971.000
6.183250000,46.118450000,969.000
6.183300000,46.118330000,971.000
6.183320000,46.118270000,968.000
6.183390000,46.118100000,966.000
6.183440000,46.117980000,964.000
6.183460000,46.117930000,963.000
6.183520000,46.117750000,962.000
6.183550000,46.117670000,962.000
6.183570000,46.117570000,961.000
6.183580000,46.117490000,960.000
6.183580000,46.117390000,960.000
6.183580000,46.117380000,960.000
6.183520000,46.117200000,960.000
6.183440000,46.117040000,960.000
6.183380000,46.116930000,960.000
6.183340000,46.116870000,960.000
6.183270000,46.116780000,960.000
6.183200000,46.116720000,960.000
6.183110000,46.116630000,959.000
6.182990000,46.116550000,959.000
6.182960000,46.116490000,959.000
6.182950000,46.116430000,958.000
6.182980000,46.116290000,958.000
6.183000000,46.116220000,958.000
6.183030000,46.116070000,957.000
6.183010000,46.115920000,956.000
6.182990000,46.115770000,955.000
6.182990000,46.115710000,954.000
6.183020000,46.115670000,953.000
6.183050000,46.115650000,953.000
6.183080000,46.115630000,952.000
6.183170000,46.115600000,952.000
6.183240000,46.115610000,951.000
6.183340000,46.115650000,950.000
6.183430000,46.115700000,950.000
6.183460000,46.115890000,949.000
6.183480000,46.116000000,948.000
6.183520000,46.116060000,947.000
6.183550000,46.116110000,947.000
6.183630000,46.116190000,944.000
6.183750000,46.116270000,944.000
6.183900000,46.116310000,944.000
6.184080000,46.116330000,943.000
6.184090000,46.116330000,942.000
6.184180000,46.116320000,942.000
6.184270000,46.116320000,941.000
6.184350000,46.116310000,941.000
6.184440000,46.116300000,940.000
6.184610000,46.116280000,939.000
6.184690000,46.116270000,939.000
6.184740000,46.116260000,938.000
6.184860000,46.116250000,938.000
6.185130000,46.116230000,937.000
6.185310000,46.116240000,936.000
6.185360000,46.116250000,935.000
6.185460000,46.116270000,934.000
6.185540000,46.116300000,934.000
6.185630000,46.116330000,933.000
6.185790000,46.116420000,932.000
6.186070000,46.116580000,930.000
6.186200000,46.116650000,930.000
6.186320000,46.116710000,929.000
6.186410000,46.116750000,928.000
6.186490000,46.116790000,927.000
6.186690000,46.116850000,926.000
6.186810000,46.116870000,925.000
6.186910000,46.116870000,924.000
6.187070000,46.116880000,923.000
6.187180000,46.116880000,922.000
6.187230000,46.116880000,921.000
6.187320000,46.116870000,921.000
6.187650000,46.116850000,920.000
6.187700000,46.116850000,919.000
6.187750000,46.116840000,918.000
6.187870000,46.116830000,917.000
6.187960000,46.116810000,917.000
6.188140000,46.116770000,916.000
6.188320000,46.116700000,915.000
6.188460000,46.116620000,916.000
6.188480000,46.116610000,915.000
6.188760000,46.116420000,913.000
6.189420000,46.115950000,911.000
6.189800000,46.115680000,909.000
6.190060000,46.115490000,907.000
6.190130000,46.115420000,905.000
6.190290000,46.115280000,904.000
6.190380000,46.115200000,902.000
6.190440000,46.115140000,900.000
6.190570000,46.115020000,898.000
6.190760000,46.114840000,897.000
6.190830000,46.114770000,896.000
6.190880000,46.114720000,895.000
6.190940000,46.114660000,894.000
6.191050000,46.114560000,893.000
6.191060000,46.114540000,892.000
6.191140000,46.114410000,892.000
6.191170000,46.114370000,891.000
6.191250000,46.114210000,890.000
6.191250000,46.114200000,890.000
6.191340000,46.114030000,889.000
6.191420000,46.113860000,889.000
6.191430000,46.113850000,888.000
6.191500000,46.113690000,889.000
6.191570000,46.113560000,888.000
6.191590000,46.113520000,887.000
6.191660000,46.113390000,886.000
6.191690000,46.113360000,886.000
6.191740000,46.113300000,885.000
6.191830000,46.113240000,885.000
6.191960000,46.113210000,885.000
6.192110000,46.113200000,884.000
6.192140000,46.113210000,884.000
6.192150000,46.113210000,884.000
6.192250000,46.113240000,884.000
6.192350000,46.113300000,884.000
6.192370000,46.113310000,884.000
6.192420000,46.113380000,884.000
6.192450000,46.113450000,883.000
6.192460000,46.113530000,883.000
6.192420000,46.113600000,883.000
6.192300000,46.113740000,883.000
6.192290000,46.113750000,883.000
6.192130000,46.113920000,883.000
6.192070000,46.114040000,882.000
6.192040000,46.114180000,883.000
6.192020000,46.114390000,882.000
6.192020000,46.114540000,881.000
6.192040000,46.114630000,881.000
6.192050000,46.114670000,880.000
6.192090000,46.114810000,880.000
6.192100000,46.114810000,879.000
6.192130000,46.114900000,878.000
6.192210000,46.115140000,878.000
6.192250000,46.115300000,877.000
6.192260000,46.115440000,876.000
6.192260000,46.115510000,875.000
6.192260000,46.115630000,874.000
6.192280000,46.115690000,874.000
6.192280000,46.115710000,873.000
6.192330000,46.115780000,872.000
6.192410000,46.115820000,872.000
6.192480000,46.115830000,871.000
6.192520000,46.115840000,871.000
6.192620000,46.115840000,871.000
6.192730000,46.115800000,870.000
6.192750000,46.115780000,870.000
6.192810000,46.115730000,870.000
6.192830000,46.115660000,869.000
6.192790000,46.115490000,869.000
6.192750000,46.115330000,868.000
6.192750000,46.115240000,868.000
6.192750000,46.115230000,867.000
6.192780000,46.115140000,867.000
6.192820000,46.115090000,866.000
6.192880000,46.115020000,866.000
6.193140000,46.114750000,865.000
6.193240000,46.114630000,865.000
6.193310000,46.114540000,864.000
6.193390000,46.114370000,863.000
6.193420000,46.114290000,862.000
6.193460000,46.114190000,862.000
6.193510000,46.114140000,861.000
6.193600000,46.114100000,860.000
6.193670000,46.114100000,860.000
6.193730000,46.114120000,859.000
6.193780000,46.114180000,858.000
6.193800000,46.114230000,858.000
6.193760000,46.114310000,857.000
6.193710000,46.114400000,857.000
6.193660000,46.114470000,856.000
6.193610000,46.114570000,855.000
6.193570000,46.114630000,854.000
6.193550000,46.114750000,853.000
6.193550000,46.114760000,853.000
6.193560000,46.114860000,852.000
6.193580000,46.114940000,851.000
6.193590000,46.114980000,850.000
6.193650000,46.115110000,849.000
6.193720000,46.115260000,848.000
6.193750000,46.115310000,847.000
6.193750000,46.115320000,847.000
6.193810000,46.115430000,846.000
6.193890000,46.115600000,845.000
6.193940000,46.115680000,844.000
6.193980000,46.115760000,843.000
6.194060000,46.115890000,842.000
6.194090000,46.115930000,841.000
6.194120000,46.115980000,840.000
6.194250000,46.116080000,839.000
6.194380000,46.116200000,838.000
6.194420000,46.116220000,837.000
6.194840000,46.116520000,836.000
6.194960000,46.116610000,835.000
6.195140000,46.116740000,834.000
6.195200000,46.116780000,832.000
6.195300000,46.116870000,831.000
6.195340000,46.116900000,830.000
6.195380000,46.116950000,829.000
6.195410000,46.117000000,828.000
6.195440000,46.117050000,827.000
6.195470000,46.117100000,826.000
6.195570000,46.117350000,825.000
6.195660000,46.117560000,824.000
6.195710000,46.117580000,823.000
6.195790000,46.117770000,822.000
6.195800000,46.117780000,821.000
6.195870000,46.117950000,820.000
6.195950000,46.118120000,819.000
6.196020000,46.118290000,818.000
6.196040000,46.118330000,817.000
6.196100000,46.118510000,816.000
6.196100000,46.118640000,815.000
6.196100000,46.118650000,814.000
6.196080000,46.118750000,814.000
6.196040000,46.118820000,814.000
6.196020000,46.118850000,813.000
6.195930000,46.118940000,812.000
6.195890000,46.118970000,811.000
6.195720000,46.119070000,811.000
6.195500000,46.119210000,810.000
6.195350000,46.119300000,810.000
6.195310000,46.119320000,809.000
6.195110000,46.119440000,808.000
6.194970000,46.119530000,808.000
6.194920000,46.119560000,807.000
6.194830000,46.119630000,807.000
6.194720000,46.119750000,806.000
6.194680000,46.119840000,806.000
6.194660000,46.119870000,806.000
6.194660000,46.119980000,805.000
6.194660000,46.119990000,805.000
6.194680000,46.120080000,804.000
6.194720000,46.120150000,804.000
6.194720000,46.120160000,804.000
6.194850000,46.120330000,804.000
6.194950000,46.120460000,804.000
6.194960000,46.120480000,803.000
6.195020000,46.120600000,803.000
6.195040000,46.120650000,802.000
6.195100000,46.120800000,802.000
6.195110000,46.120830000,802.000
6.195170000,46.121000000,801.000
6.195190000,46.121040000,801.000
6.195190000,46.121050000,801.000
6.195200000,46.121140000,801.000
6.195190000,46.121200000,800.000
6.195180000,46.121210000,800.000
6.195130000,46.121270000,800.000
6.195050000,46.121320000,800.000
6.195000000,46.121340000,800.000
6.194960000,46.121350000,800.000
6.194820000,46.121380000,799.000
6.194750000,46.121380000,799.000
6.194570000,46.121390000,799.000
6.194490000,46.121390000,799.000
6.194230000,46.121400000,799.000
6.194110000,46.121410000,798.000
6.193980000,46.121410000,799.000
6.193770000,46.121420000,798.000
6.193720000,46.121430000,798.000
6.193570000,46.121440000,797.000
6.193490000,46.121460000,797.000
6.193470000,46.121470000,796.000
6.193410000,46.121510000,795.000
6.193360000,46.121570000,795.000
6.193350000,46.121630000,794.000
6.193360000,46.121730000,794.000
6.193370000,46.121800000,793.000
6.193380000,46.121860000,792.000
6.193370000,46.121940000,792.000
6.193350000,46.121980000,791.000
6.193340000,46.122010000,791.000
6.193200000,46.122130000,790.000
6.193190000,46.122130000,790.000
6.193030000,46.122260000,789.000
6.192890000,46.122370000,788.000
6.192860000,46.122400000,787.000
6.192680000,46.122530000,786.000
6.192560000,46.122620000,785.000
6.192510000,46.122660000,788.000
6.192340000,46.122800000,786.000
6.192210000,46.122910000,784.000
6.192180000,46.122940000,782.000
6.192150000,46.122990000,781.000
6.192110000,46.123080000,780.000
6.192110000,46.123110000,780.000
6.192110000,46.123170000,779.000
6.192130000,46.123250000,779.000
6.192160000,46.123290000,778.000
6.192200000,46.123340000,777.000
6.192280000,46.123380000,777.000
6.192340000,46.123410000,776.000
6.192380000,46.123420000,776.000
6.192520000,46.123440000,775.000
6.192540000,46.123450000,775.000
6.192760000,46.123470000,775.000
6.192780000,46.123480000,774.000
6.192880000,46.123520000,774.000
6.192960000,46.123590000,773.000
6.192970000,46.123600000,772.000
6.193000000,46.123640000,772.000
6.193070000,46.123730000,772.000
6.193090000,46.123760000,771.000
6.193130000,46.123800000,771.000
6.193150000,46.123820000,770.000
6.193270000,46.123900000,770.000
6.193450000,46.123980000,771.000
6.193470000,46.123990000,770.000
6.193540000,46.124010000,769.000
6.193700000,46.124080000,768.000
6.193770000,46.124110000,768.000
6.193960000,46.124220000,767.000
6.193970000,46.124220000,766.000
6.194100000,46.124310000,766.000
6.194140000,46.124330000,765.000
6.194150000,46.124340000,764.000
6.194280000,46.124410000,764.000
6.194300000,46.124420000,763.000
6.194370000,46.124430000,763.000
6.194410000,46.124440000,762.000
6.194520000,46.124440000,762.000
6.194600000,46.124400000,761.000
6.194610000,46.124400000,761.000
6.194670000,46.124340000,761.000
6.194680000,46.124280000,760.000
6.194680000,46.124270000,760.000
6.194670000,46.124240000,759.000
6.194660000,46.124210000,759.000
6.194550000,46.124130000,759.000
6.194510000,46.124100000,758.000
6.194500000,46.124090000,758.000
6.194390000,46.123990000,758.000
6.194350000,46.123960000,757.000
6.194310000,46.123870000,757.000
6.194320000,46.123830000,756.000
6.194330000,46.123790000,756.000
6.194340000,46.123780000,755.000
6.194380000,46.123730000,755.000
6.194470000,46.123700000,755.000
6.194480000,46.123700000,755.000
6.194550000,46.123690000,754.000
6.194560000,46.123680000,754.000
6.194650000,46.123690000,753.000
6.194730000,46.123710000,753.000
6.194750000,46.123720000,753.000
6.194780000,46.123750000,752.000
6.194820000,46.123790000,752.000
6.194870000,46.123860000,752.000
6.194890000,46.123900000,751.000
6.194900000,46.123910000,751.000
6.194960000,46.124030000,751.000
6.195040000,46.124190000,750.000
6.195050000,46.124200000,750.000
6.195140000,46.124370000,750.000
6.195150000,46.124370000,749.000
6.195180000,46.124410000,748.000
6.195260000,46.124510000,748.000
6.195270000,46.124520000,747.000
6.195310000,46.124560000,747.000
6.195380000,46.124630000,747.000
6.195430000,46.124670000,746.000
6.195470000,46.124700000,746.000
6.195500000,46.124720000,745.000
6.195600000,46.124770000,745.000
6.195630000,46.124780000,745.000
6.195690000,46.124800000,744.000
6.195860000,46.124850000,744.000
6.195870000,46.124850000,744.000
6.195930000,46.124870000,743.000
6.196110000,46.124920000,744.000
6.196170000,46.124930000,743.000
6.196220000,46.124940000,743.000
6.196410000,46.125010000,742.000
6.196430000,46.125020000,742.000
6.196610000,46.125120000,741.000
6.196750000,46.125210000,740.000
6.196800000,46.125240000,739.000
6.196860000,46.125280000,739.000
6.196930000,46.125340000,738.000
6.196980000,46.125370000,737.000
6.197110000,46.125470000,737.000
6.197160000,46.125500000,736.000
6.197270000,46.125610000,736.000
6.197310000,46.125650000,735.000
6.197360000,46.125680000,734.000
6.197490000,46.125860000,734.000
6.197640000,46.126060000,733.000
6.197650000,46.126080000,732.000
6.197690000,46.126120000,731.000
6.197730000,46.126160000,730.000
6.197820000,46.126210000,731.000
6.197830000,46.126220000,730.000
6.197880000,46.126230000,729.000
6.197930000,46.126250000,728.000
6.198030000,46.126260000,728.000
6.198060000,46.126260000,727.000
6.198130000,46.126250000,726.000
6.198280000,46.126240000,726.000
6.198320000,46.126230000,725.000
6.198820000,46.126150000,724.000
6.198950000,46.126130000,723.000
6.199020000,46.126120000,722.000
6.199080000,46.126110000,721.000
6.199330000,46.126080000,720.000
6.199460000,46.126030000,718.000
6.199540000,46.125980000,717.000
6.199570000,46.125920000,716.000
6.199560000,46.125840000,715.000
6.199540000,46.125800000,714.000
6.199520000,46.125740000,713.000
6.199520000,46.125680000,712.000
6.199520000,46.125640000,711.000
6.199530000,46.125620000,711.000
6.199540000,46.125610000,710.000
6.199550000,46.125600000,709.000
6.199610000,46.125560000,709.000
6.199770000,46.125530000,710.000
6.199960000,46.125480000,709.000
6.200010000,46.125470000,708.000
6.200110000,46.125450000,707.000
6.200320000,46.125400000,706.000
6.200460000,46.125400000,705.000
6.200480000,46.125400000,705.000
6.200620000,46.125410000,704.000
6.200760000,46.125460000,703.000
6.201040000,46.125610000,702.000
6.201300000,46.125760000,701.000
6.201370000,46.125800000,700.000
6.201580000,46.125910000,699.000
6.201680000,46.126000000,698.000
6.201750000,46.126090000,697.000
6.201770000,46.126120000,696.000
6.201810000,46.126190000,695.000
6.201830000,46.126260000,697.000
6.201860000,46.126330000,695.000
6.201880000,46.126360000,694.000
6.201920000,46.126390000,693.000
6.201950000,46.126420000,693.000
6.202000000,46.126440000,692.000
6.202060000,46.126460000,692.000
6.202080000,46.126470000,691.000
6.202190000,46.126480000,691.000
6.202210000,46.126470000,690.000
6.202240000,46.126460000,690.000
6.202290000,46.126440000,689.000
6.202370000,46.126370000,689.000
6.202440000,46.126270000,689.000
6.202490000,46.126200000,688.000
6.202620000,46.125960000,687.000
6.202670000,46.125790000,686.000
6.202660000,46.125660000,685.000
6.202620000,46.125560000,684.000
6.202550000,46.125460000,683.000
6.202330000,46.125270000,682.000
6.202250000,46.125210000,682.000
6.202080000,46.125080000,681.000
6.201950000,46.124980000,679.000
6.201740000,46.124820000,678.000
6.201580000,46.124740000,677.000
6.201400000,46.124670000,677.000
6.201100000,46.124570000,676.000
6.201050000,46.124550000,676.000
6.200870000,46.124490000,675.000
6.200750000,46.124410000,675.000
6.200620000,46.124270000,674.000
6.200570000,46.124170000,674.000
6.200560000,46.124150000,673.000
6.200560000,46.124130000,673.000
6.200560000,46.124090000,673.000
6.200560000,46.124080000,673.000
6.200570000,46.124050000,673.000
6.200580000,46.124020000,673.000
6.200670000,46.123940000,672.000
6.200840000,46.123850000,672.000
6.201030000,46.123800000,672.000
6.201100000,46.123780000,671.000
6.201230000,46.123770000,671.000
6.201270000,46.123770000,670.000
6.201340000,46.123780000,669.000
6.201430000,46.123830000,669.000
6.201510000,46.123890000,668.000
6.201580000,46.123950000,668.000
6.201690000,46.124010000,667.000
6.201840000,46.124040000,666.000
6.201960000,46.124040000,665.000
6.202100000,46.124040000,664.000
6.202440000,46.124020000,663.000
6.202660000,46.123990000,662.000
6.202670000,46.123990000,661.000
6.202720000,46.123970000,660.000
6.202820000,46.123940000,659.000
6.202880000,46.123900000,658.000
6.203070000,46.123800000,657.000
6.203080000,46.123790000,657.000
6.203280000,46.123670000,656.000
6.203310000,46.123650000,655.000
6.203500000,46.123540000,654.000
6.203510000,46.123530000,654.000
6.203710000,46.123430000,653.000
6.203880000,46.123330000,652.000
6.203920000,46.123320000,652.000
6.203960000,46.123300000,651.000
6.204040000,46.123280000,650.000
6.204280000,46.123220000,650.000
6.204310000,46.123220000,649.000
6.204410000,46.123200000,649.000
6.204570000,46.123180000,648.000
6.204660000,46.123170000,647.000
6.204820000,46.123140000,647.000
6.204890000,46.123130000,646.000
6.204920000,46.123130000,646.000
6.205080000,46.123120000,645.000
6.205170000,46.123110000,645.000
6.205300000,46.123100000,644.000
6.205340000,46.123100000,644.000
6.205540000,46.123100000,645.000
6.205660000,46.123110000,644.000
6.205680000,46.123120000,643.000
6.205690000,46.123120000,643.000
6.205800000,46.123150000,642.000
6.205920000,46.123200000,642.000
6.205920000,46.123200000,641.000
6.206000000,46.122970000,641.000
6.206010000,46.122930000,641.000
6.206050000,46.122850000,641.000
6.206080000,46.122720000,640.000
6.206070000,46.122630000,640.000
6.206070000,46.122570000,640.000
6.206040000,46.122380000,640.000
6.206030000,46.122350000,639.000
6.205990000,46.122250000,639.000
6.205990000,46.122250000,639.000
6.206020000,46.122230000,639.000
6.206040000,46.122230000,639.000
6.206060000,46.122220000,639.000
6.206070000,46.122210000,639.000
6.206080000,46.122200000,639.000
6.206090000,46.122190000,639.000
6.206090000,46.122170000,639.000
6.206100000,46.122150000,639.000
6.206110000,46.122130000,639.000
6.206140000,46.121990000,638.000
6.206160000,46.121900000,638.000
6.206190000,46.121820000,638.000
6.206200000,46.121760000,638.000
6.206220000,46.121640000,639.000
6.206250000,46.121460000,638.000
6.206280000,46.121280000,638.000
6.206300000,46.121140000,638.000
6.206310000,46.121100000,637.000
6.206350000,46.120920000,637.000
6.206350000,46.120920000,637.000
6.206380000,46.120810000,637.000
6.206380000,46.120790000,637.000
6.206400000,46.120730000,637.000
6.206430000,46.120630000,637.000
6.206450000,46.120570000,637.000
6.206480000,46.120480000,637.000
6.206490000,46.120460000,637.000
6.206510000,46.120410000,637.000
6.206520000,46.120380000,637.000
6.206540000,46.120320000,637.000
6.206550000,46.120280000,637.000
6.206570000,46.120240000,637.000
6.206610000,46.120110000,637.000
6.206620000,46.120060000,637.000
6.206640000,46.119970000,637.000
6.206650000,46.119930000,637.000
6.206640000,46.119750000,638.000
6.206640000,46.119670000,638.000
6.206610000,46.119390000,638.000
6.206600000,46.119290000,638.000
6.206590000,46.119210000,638.000
6.206590000,46.119200000,639.000
6.206540000,46.119030000,640.000
6.206400000,46.118800000,641.000
6.206170000,46.118480000,643.000
6.206060000,46.118310000,645.000
6.206050000,46.118230000,647.000
6.206090000,46.118160000,648.000
6.206140000,46.118120000,650.000
6.206220000,46.118080000,651.000
6.206330000,46.118090000,654.000
6.206520000,46.118120000,655.000
6.206870000,46.118210000,656.000
6.206910000,46.118220000,657.000
6.206970000,46.118230000,657.000
6.207050000,46.118240000,658.000
6.207120000,46.118260000,659.000
6.207160000,46.118260000,659.000
6.207230000,46.118260000,660.000
6.207260000,46.118260000,660.000
6.207390000,46.118240000,661.000
6.207480000,46.118190000,661.000
6.207550000,46.118120000,662.000
6.207580000,46.118040000,662.000
6.207590000,46.118020000,663.000
6.207610000,46.117940000,663.000
6.207610000,46.117910000,664.000
6.207620000,46.117810000,664.000
6.207610000,46.117690000,664.000
6.207580000,46.117560000,665.000
6.207500000,46.117410000,666.000
6.207460000,46.117340000,666.000
6.207420000,46.117280000,670.000
6.207350000,46.117180000,670.000
6.207290000,46.117090000,670.000
6.207290000,46.117080000,670.000
6.207240000,46.117020000,671.000
6.207150000,46.116880000,671.000
6.207130000,46.116850000,672.000
6.207090000,46.116770000,672.000
6.207080000,46.116760000,673.000
6.207070000,46.116680000,674.000
6.207090000,46.116610000,674.000
6.207170000,46.116520000,675.000
6.207220000,46.116480000,675.000
6.207240000,46.116460000,676.000
6.207320000,46.116420000,676.000
6.207390000,46.116380000,677.000
6.207480000,46.116350000,678.000
6.207540000,46.116340000,678.000
6.207670000,46.116340000,679.000
6.207800000,46.116370000,679.000
6.207940000,46.116440000,680.000
6.208060000,46.116490000,681.000
6.208080000,46.116500000,681.000
6.208150000,46.116540000,682.000
6.208190000,46.116570000,683.000
6.208350000,46.116650000,687.000
6.208500000,46.116750000,686.000
6.208590000,46.116830000,686.000
6.208610000,46.116840000,687.000
6.208690000,46.116930000,687.000
6.208820000,46.117080000,688.000
6.209060000,46.117370000,689.000
6.209250000,46.117580000,691.000
6.209360000,46.117710000,692.000
6.209380000,46.117740000,694.000
6.209540000,46.117910000,696.000
6.209610000,46.117980000,697.000
6.209670000,46.117990000,699.000
6.209710000,46.118000000,700.000
6.209760000,46.117980000,701.000
6.209790000,46.117940000,702.000
6.209790000,46.117890000,708.000
6.209770000,46.117840000,707.000
6.209750000,46.117780000,707.000
6.209680000,46.117590000,707.000
6.209650000,46.117490000,707.000
6.209630000,46.117410000,707.000
6.209600000,46.117260000,708.000
6.209580000,46.117090000,709.000
6.209560000,46.116930000,710.000
6.209550000,46.116780000,711.000
6.209540000,46.116710000,712.000
6.209520000,46.116500000,714.000
6.209510000,46.116380000,715.000
6.209490000,46.116200000,716.000
6.209440000,46.115960000,720.000
6.209410000,46.115800000,721.000
6.209390000,46.115670000,722.000
6.209380000,46.115600000,723.000
6.209340000,46.115400000,725.000
6.209310000,46.115200000,726.000
6.209310000,46.115180000,728.000
6.209310000,46.115180000,730.000
6.209280000,46.115000000,731.000
6.209280000,46.114980000,732.000
6.209270000,46.114960000,733.000
6.209250000,46.114830000,734.000
6.209230000,46.114660000,735.000
6.209240000,46.114520000,737.000
6.209270000,46.114220000,738.000
6.209290000,46.114000000,743.000
6.209320000,46.113770000,744.000
6.209330000,46.113630000,745.000
6.209250000,46.113190000,747.000
6.209240000,46.113070000,748.000
6.209260000,46.113010000,749.000
6.209280000,46.112930000,750.000
6.209320000,46.112880000,751.000
6.209380000,46.112830000,752.000
6.209390000,46.112820000,752.000
6.209470000,46.112790000,753.000
6.209470000,46.112780000,753.000
6.209560000,46.112770000,754.000
6.209670000,46.112770000,754.000
6.209740000,46.112780000,754.000
6.209850000,46.112830000,755.000
6.209920000,46.112880000,755.000
6.209970000,46.112950000,755.000
6.210020000,46.113060000,759.000
6.210070000,46.113200000,758.000
6.210120000,46.113300000,758.000
6.210220000,46.113410000,758.000
6.210310000,46.113510000,759.000
6.210350000,46.113540000,759.000
6.210400000,46.113590000,759.000
6.210440000,46.113620000,760.000
6.210520000,46.113680000,760.000
6.210600000,46.113730000,761.000
6.210700000,46.113800000,762.000
6.210800000,46.113880000,762.000
6.210870000,46.113930000,763.000
6.210980000,46.114010000,763.000
6.211060000,46.114060000,764.000
6.211130000,46.114110000,765.000
6.211140000,46.114110000,765.000
6.211160000,46.114120000,766.000
6.211170000,46.114120000,766.000
6.211180000,46.114120000,767.000
6.211200000,46.114130000,767.000
6.211220000,46.114130000,767.000
6.211240000,46.114120000,767.000
6.211270000,46.114120000,767.000
6.211280000,46.114120000,767.000
6.211300000,46.114110000,768.000
6.211320000,46.114100000,768.000
6.211330000,46.114090000,768.000
6.211340000,46.114080000,768.000
6.211350000,46.114060000,768.000
6.211360000,46.114050000,768.000
6.211360000,46.114040000,768.000
6.211370000,46.114030000,768.000
6.211380000,46.113980000,769.000
6.211380000,46.113960000,769.000
6.211410000,46.113860000,769.000
6.211420000,46.113850000,769.000
6.211440000,46.113790000,772.000
6.211490000,46.113600000,772.000
6.211590000,46.113320000,772.000
6.211680000,46.113080000,773.000
6.211710000,46.112990000,774.000
6.211740000,46.112900000,775.000
6.211790000,46.112770000,777.000
6.211810000,46.112730000,778.000
6.211810000,46.112730000,779.000
6.211870000,46.112580000,780.000
6.211870000,46.112560000,781.000
6.211910000,46.112450000,782.000
6.211910000,46.112410000,783.000
6.211920000,46.112380000,784.000
6.211920000,46.112290000,785.000
6.211920000,46.112130000,786.000
6.211910000,46.112050000,787.000
6.211900000,46.111690000,791.000
6.211870000,46.111210000,791.000
6.211860000,46.110970000,792.000
6.211850000,46.110850000,794.000
6.211850000,46.110790000,795.000
6.211830000,46.110610000,797.000
6.211820000,46.110460000,798.000
6.211800000,46.110180000,799.000
6.211810000,46.110110000,801.000
6.211840000,46.110040000,802.000
6.211890000,46.109980000,803.000
6.211960000,46.109920000,807.000
6.212000000,46.109890000,807.000
6.212220000,46.109730000,807.000
6.212400000,46.109600000,808.000
6.212430000,46.109570000,808.000
6.212560000,46.109460000,809.000
6.212610000,46.109430000,810.000
6.212720000,46.109320000,810.000
6.212770000,46.109260000,811.000
6.212860000,46.109160000,811.000
6.212900000,46.109110000,812.000
6.213010000,46.108960000,812.000
6.213100000,46.108820000,813.000
6.213170000,46.108670000,814.000
6.213260000,46.108500000,815.000
6.213260000,46.108490000,815.000
6.213330000,46.108330000,818.000
6.213380000,46.108230000,818.000
6.213500000,46.107930000,818.000
6.213560000,46.107720000,819.000
6.213600000,46.107560000,819.000
6.213630000,46.107350000,820.000
6.213640000,46.107330000,820.000
6.213640000,46.107290000,821.000
6.213660000,46.107170000,821.000
6.213690000,46.106930000,821.000
6.213710000,46.106810000,822.000
6.213720000,46.106750000,822.000
6.213740000,46.106630000,823.000
6.213750000,46.106570000,823.000
6.213770000,46.106390000,824.000
6.213790000,46.106280000,824.000
6.213790000,46.106270000,824.000
6.213800000,46.106220000,825.000
6.213820000,46.106100000,825.000
6.213830000,46.106040000,825.000
6.213850000,46.105920000,826.000
6.213850000,46.105860000,826.000
6.213890000,46.105570000,826.000
6.213900000,46.105500000,827.000
6.213900000,46.105480000,828.000
6.213920000,46.105410000,828.000
6.214010000,46.105270000,828.000
6.214030000,46.105240000,829.000
6.214160000,46.105060000,829.000
6.214200000,46.105000000,830.000
6.214240000,46.104960000,830.000
6.214420000,46.104730000,831.000
6.214510000,46.104620000,835.000
6.214570000,46.104530000,834.000
6.214580000,46.104520000,834.000
6.214650000,46.104430000,834.000
6.214650000,46.104420000,834.000
6.214690000,46.104370000,835.000
6.214720000,46.104330000,835.000
6.214750000,46.104270000,835.000
6.214760000,46.104260000,836.000
6.214790000,46.104200000,836.000
6.214800000,46.104200000,837.000
6.214820000,46.104150000,837.000
6.214830000,46.104100000,837.000
6.214830000,46.104090000,838.000
6.214850000,46.104040000,838.000
6.214850000,46.104030000,838.000
6.214850000,46.104000000,838.000
6.214860000,46.103850000,839.000
6.214860000,46.103850000,839.000
6.214860000,46.103720000,839.000
6.214850000,46.103710000,840.000
6.214840000,46.103550000,840.000
6.214840000,46.103530000,841.000
6.214830000,46.103350000,842.000
6.214830000,46.103260000,842.000
6.214830000,46.103170000,843.000
6.214830000,46.102970000,844.000
6.214840000,46.102820000,845.000
6.214840000,46.102610000,846.000
6.214850000,46.102530000,847.000
6.214860000,46.102350000,847.000
6.214860000,46.102260000,847.000
6.214860000,46.102170000,847.000
6.214850000,46.102010000,847.000
6.214850000,46.101990000,847.000
6.214830000,46.101700000,847.000
6.214830000,46.101540000,846.000
6.214830000,46.101500000,846.000
6.214850000,46.101450000,846.000
6.214860000,46.101410000,845.000
6.214960000,46.101210000,845.000
6.215090000,46.100980000,847.000
6.215190000,46.100820000,846.000
6.215220000,46.100770000,846.000
6.215370000,46.100460000,846.000
6.215430000,46.100310000,846.000
6.215460000,46.100170000,846.000
6.215460000,46.100120000,847.000
6.215500000,46.099910000,848.000
6.215510000,46.099750000,849.000
6.215530000,46.099630000,850.000
6.215540000,46.099580000,851.000
6.215560000,46.099410000,852.000
6.215630000,46.099330000,853.000
6.215710000,46.099230000,854.000
6.215740000,46.099210000,855.000
6.215940000,46.099070000,855.000
6.216140000,46.098950000,855.000
6.216240000,46.098890000,855.000
6.216530000,46.098700000,855.000
6.216780000,46.098510000,855.000
6.216860000,46.098430000,855.000
6.217020000,46.098290000,854.000
6.217180000,46.098150000,854.000
6.217200000,46.098130000,854.000
6.217340000,46.098010000,853.000
6.217570000,46.097790000,853.000
6.217750000,46.097610000,852.000
6.217780000,46.097560000,852.000
6.217910000,46.097410000,851.000
6.217940000,46.097360000,850.000
6.217990000,46.097310000,849.000
6.218120000,46.097150000,848.000
6.218160000,46.097090000,847.000
6.218170000,46.097090000,847.000
6.218200000,46.097050000,846.000
6.218250000,46.097000000,846.000
6.218300000,46.096940000,845.000
6.218330000,46.096900000,844.000
6.218440000,46.096790000,844.000
6.218590000,46.096630000,843.000
6.218630000,46.096600000,843.000
6.218630000,46.096590000,842.000
6.218810000,46.096390000,841.000
6.218950000,46.096240000,840.000
6.219040000,46.096140000,839.000
6.219090000,46.096090000,838.000
6.219230000,46.095940000,837.000
6.219280000,46.095890000,837.000
6.219330000,46.095820000,836.000
6.219400000,46.095730000,835.000
6.219470000,46.095620000,835.000
6.219520000,46.095520000,834.000
6.219550000,46.095390000,834.000
6.219550000,46.095270000,833.000
6.219520000,46.095170000,832.000
6.219510000,46.095130000,832.000
6.219490000,46.095080000,832.000
6.219410000,46.094920000,831.000
6.219360000,46.094830000,831.000
6.219240000,46.094620000,830.000
6.219070000,46.094310000,829.000
6.218930000,46.094110000,828.000
6.218830000,46.093980000,828.000
6.218780000,46.093920000,828.000
6.218720000,46.093860000,827.000
6.218520000,46.093700000,827.000
6.218360000,46.093540000,827.000
6.218340000,46.093520000,827.000
6.218320000,46.093500000,827.000
6.218310000,46.093490000,827.000
6.218310000,46.093490000,827.000
6.218270000,46.093430000,827.000
6.218250000,46.093390000,827.000
6.218230000,46.093350000,827.000
6.218230000,46.093320000,827.000
6.218220000,46.093310000,827.000
6.218220000,46.093260000,827.000
6.218220000,46.093250000,827.000
6.218210000,46.093210000,827.000
6.218210000,46.093160000,827.000
6.218210000,46.093110000,827.000
6.218200000,46.093060000,827.000
6.218200000,46.093020000,827.000
6.218190000,46.092900000,827.000
6.218180000,46.092780000,827.000
6.218180000,46.092750000,827.000
6.218180000,46.092710000,827.000
6.218180000,46.092690000,827.000
6.218190000,46.092670000,828.000
6.218210000,46.092630000,828.000
6.218210000,46.092630000,828.000
6.218560000,46.092430000,828.000
6.218600000,46.092430000,828.000
6.218650000,46.092430000,828.000
6.218910000,46.092250000,828.000
6.218980000,46.092200000,828.000
6.219010000,46.092170000,828.000
6.219030000,46.092140000,828.000
6.219040000,46.092120000,828.000
6.219040000,46.092090000,828.000
6.219040000,46.092060000,828.000
6.219030000,46.092010000,828.000
6.218980000,46.091950000,828.000
6.218890000,46.091870000,828.000
6.218830000,46.091840000,828.000
6.218700000,46.091730000,828.000
6.218520000,46.091600000,828.000
6.218520000,46.091600000,828.000
6.218610000,46.091540000,828.000
6.218680000,46.091460000,828.000
6.218730000,46.091390000,828.000
6.218770000,46.091330000,828.000
6.218790000,46.091280000,828.000
6.218800000,46.091250000,828.000
6.218800000,46.091230000,828.000
6.218800000,46.091170000,828.000
6.218790000,46.091130000,828.000
6.218760000,46.091030000,828.000
6.218700000,46.090910000,827.000
6.218510000,46.090660000,827.000
6.218220000,46.090290000,826.000
6.218020000,46.090000000,826.000
6.217960000,46.089870000,825.000
6.217920000,46.089770000,824.000
6.217880000,46.089680000,823.000
6.217860000,46.089590000,822.000
6.217850000,46.089550000,822.000
6.217840000,46.089350000,821.000
6.217830000,46.089230000,821.000
6.217830000,46.089220000,820.000
6.217810000,46.089030000,819.000
6.217770000,46.088690000,819.000
6.217730000,46.088500000,818.000
6.217680000,46.088380000,817.000
6.217680000,46.088360000,816.000
6.217590000,46.088220000,816.000
6.217560000,46.088160000,815.000
6.217510000,46.088100000,814.000
6.217470000,46.088060000,814.000
6.217330000,46.087930000,813.000
6.217320000,46.087910000,813.000
6.217160000,46.087770000,812.000
6.217130000,46.087750000,812.000
6.216980000,46.087610000,811.000
6.216950000,46.087590000,811.000
6.216880000,46.087470000,810.000
6.216870000,46.087410000,809.000
6.216870000,46.087390000,809.000
6.216880000,46.087360000,809.000
6.216890000,46.087340000,808.000
6.216900000,46.087320000,808.000
6.216940000,46.087270000,808.000
6.216970000,46.087240000,807.000
6.216990000,46.087220000,807.000
6.217020000,46.087200000,807.000
6.217070000,46.087170000,807.000
6.217340000,46.087020000,806.000
6.217720000,46.086800000,806.000
6.217750000,46.086770000,805.000
6.217800000,46.086740000,804.000
6.217910000,46.086650000,804.000
6.217920000,46.086640000,803.000
6.218040000,46.086520000,802.000
6.218260000,46.086250000,801.000
6.218310000,46.086170000,801.000
6.218400000,46.086050000,800.000
6.218440000,46.086020000,799.000
6.218500000,46.085960000,799.000
6.218600000,46.085870000,798.000
6.218710000,46.085810000,798.000
6.218810000,46.085770000,798.000
6.218870000,46.085740000,797.000
6.219110000,46.085680000,797.000
6.219490000,46.085600000,797.000
6.219790000,46.085530000,796.000
6.219900000,46.085510000,796.000
6.220130000,46.085450000,796.000
6.220390000,46.085360000,795.000
6.220680000,46.085260000,795.000
6.220760000,46.085230000,795.000
6.220840000,46.085190000,795.000
6.220980000,46.085130000,795.000
6.221050000,46.085100000,795.000
6.221060000,46.085090000,795.000
6.221100000,46.085080000,795.000
6.221160000,46.085050000,795.000
6.221210000,46.085050000,795.000
6.221240000,46.085040000,795.000
6.221320000,46.085030000,795.000
6.221360000,46.085030000,796.000
6.221460000,46.085020000,796.000
6.221550000,46.085030000,796.000
6.221690000,46.085040000,796.000
6.221880000,46.085070000,796.000
6.221970000,46.085090000,797.000
6.222070000,46.085100000,797.000
6.222090000,46.085100000,797.000
6.222180000,46.085110000,797.000
6.222230000,46.085110000,797.000
6.222250000,46.085110000,797.000
6.222320000,46.085110000,798.000
6.222380000,46.085100000,798.000
6.222450000,46.085100000,798.000
6.222480000,46.085090000,798.000
6.222580000,46.085070000,798.000
6.222740000,46.085050000,798.000
6.222770000,46.085040000,798.000
6.223080000,46.084980000,799.000
6.223120000,46.084970000,799.000
6.223240000,46.084950000,799.000
6.223730000,46.084860000,800.000
6.223770000,46.084860000,800.000
6.223900000,46.084820000,800.000
6.224000000,46.084790000,801.000
6.224160000,46.084720000,801.000
6.224200000,46.084690000,801.000
6.224350000,46.084600000,802.000
6.224450000,46.084530000,802.000
6.224570000,46.084440000,802.000
6.224620000,46.084410000,802.000
6.224870000,46.084210000,803.000
6.225130000,46.083980000,804.000
6.225260000,46.083860000,804.000
6.225350000,46.083820000,804.000
6.225440000,46.083790000,804.000
6.225510000,46.083790000,804.000
6.225640000,46.083790000,804.000
6.225690000,46.083790000,804.000
6.225780000,46.083800000,804.000
6.226160000,46.083890000,804.000
6.226380000,46.083940000,804.000
6.226490000,46.083960000,804.000
6.226570000,46.083960000,804.000
6.226640000,46.083970000,804.000
6.226780000,46.083950000,804.000
6.226930000,46.083920000,804.000
6.227050000,46.083870000,804.000
6.227270000,46.083780000,804.000
6.227280000,46.083780000,804.000
6.227660000,46.083610000,804.000
6.227720000,46.083600000,804.000
6.228060000,46.083480000,804.000
6.228200000,46.083440000,804.000
6.228220000,46.083430000,804.000
6.228480000,46.083370000,804.000
6.228680000,46.083340000,804.000
6.228700000,46.083340000,804.000
6.228800000,46.083340000,804.000
6.228850000,46.083340000,804.000
6.228880000,46.083350000,804.000
6.228940000,46.083360000,804.000
6.229000000,46.083370000,804.000
6.229040000,46.083380000,804.000
6.229070000,46.083400000,804.000
6.229130000,46.083430000,804.000
6.229270000,46.083510000,804.000
6.229330000,46.083550000,804.000
6.229380000,46.083580000,804.000
6.229420000,46.083610000,804.000
6.229460000,46.083650000,804.000
6.229470000,46.083660000,804.000
6.229490000,46.083680000,804.000
6.229520000,46.083760000,804.000
6.229530000,46.083830000,804.000
6.229530000,46.083850000,804.000
6.229520000,46.084010000,804.000
6.229460000,46.084270000,805.000
6.229380000,46.084550000,805.000
6.229300000,46.084710000,804.000
6.229240000,46.084800000,804.000
6.229160000,46.084880000,804.000
6.229130000,46.084930000,803.000
6.229000000,46.085060000,803.000
6.228950000,46.085120000,803.000
6.228890000,46.085180000,802.000
6.228860000,46.085220000,802.000
6.228810000,46.085280000,801.000
6.228700000,46.085400000,801.000
6.228680000,46.085440000,801.000
6.228640000,46.085510000,800.000
6.228630000,46.085530000,800.000
6.228610000,46.085590000,800.000
6.228600000,46.085600000,799.000
6.228590000,46.085660000,799.000
6.228580000,46.085730000,799.000
6.228570000,46.085790000,799.000
6.228580000,46.085860000,798.000
6.228590000,46.085960000,798.000
6.228620000,46.086070000,798.000
6.228640000,46.086110000,798.000
6.228690000,46.086240000,798.000
6.228720000,46.086310000,797.000
6.228740000,46.086360000,797.000
6.228760000,46.086470000,797.000
6.228750000,46.086490000,797.000
6.228750000,46.086580000,797.000
6.228750000,46.086600000,797.000
6.228740000,46.086670000,797.000
6.228730000,46.086730000,797.000
6.228710000,46.086850000,797.000
6.228700000,46.086950000,797.000
6.228700000,46.087010000,796.000
6.228710000,46.087130000,796.000
6.228710000,46.087150000,796.000
6.228740000,46.087280000,796.000
6.228750000,46.087310000,796.000
6.228780000,46.087380000,796.000
6.228790000,46.087410000,796.000
6.228870000,46.087550000,796.000
6.228900000,46.087590000,796.000
6.228980000,46.087710000,796.000
6.229090000,46.087850000,796.000
6.229290000,46.088130000,796.000
6.229350000,46.088210000,796.000
6.229510000,46.088430000,797.000
6.229530000,46.088440000,797.000
6.229620000,46.088550000,798.000
6.229700000,46.088600000,799.000
6.229750000,46.088640000,799.000
6.229770000,46.088650000,800.000
6.229910000,46.088730000,800.000
6.229960000,46.088750000,801.000
6.230080000,46.088820000,801.000
6.230130000,46.088840000,802.000
6.230160000,46.088860000,802.000
6.230250000,46.088920000,803.000
6.230270000,46.088940000,803.000
6.230310000,46.088970000,803.000
6.230330000,46.089000000,804.000
6.230350000,46.089020000,804.000
6.230400000,46.089080000,804.000
6.230440000,46.089160000,805.000
6.230450000,46.089220000,805.000
6.230450000,46.089270000,805.000
6.230460000,46.089290000,805.000
6.230440000,46.089360000,805.000
6.230420000,46.089450000,804.000
6.230410000,46.089500000,804.000
6.230400000,46.089520000,804.000
6.230370000,46.089620000,803.000
6.230350000,46.089670000,802.000
6.230310000,46.089800000,802.000
6.230260000,46.089950000,801.000
6.230260000,46.089970000,800.000
6.230240000,46.090090000,799.000
6.230220000,46.090220000,798.000
6.230230000,46.090340000,797.000
6.230250000,46.090450000,795.000
6.230300000,46.090570000,794.000
6.230320000,46.090610000,793.000
6.230340000,46.090660000,792.000
6.230410000,46.090750000,791.000
6.230430000,46.090770000,790.000
6.230500000,46.090840000,789.000
6.230670000,46.090970000,787.000
6.230940000,46.091170000,786.000
6.230950000,46.091180000,786.000
6.231130000,46.091310000,785.000
6.231300000,46.091440000,785.000
6.231310000,46.091440000,784.000
6.231680000,46.091710000,784.000
6.232010000,46.091930000,784.000
6.232140000,46.092030000,784.000
6.232210000,46.092080000,784.000
6.232230000,46.092120000,784.000
6.232320000,46.092280000,784.000
6.232330000,46.092310000,784.000
6.232410000,46.092480000,785.000
6.232510000,46.092640000,785.000
6.232610000,46.092790000,785.000
6.232740000,46.092920000,785.000
6.232770000,46.092960000,785.000
6.232870000,46.093050000,785.000
6.232890000,46.093070000,785.000
6.232910000,46.093090000,785.000
6.232950000,46.093130000,784.000
6.232970000,46.093140000,784.000
6.233240000,46.093410000,784.000
6.233340000,46.093510000,784.000
6.233490000,46.093650000,784.000
6.233500000,46.093660000,784.000
6.233630000,46.093800000,783.000
6.233660000,46.093830000,783.000
6.233670000,46.093850000,783.000
6.233870000,46.094080000,783.000
6.234080000,46.094330000,783.000
6.234200000,46.094450000,782.000
6.234320000,46.094560000,782.000
6.234420000,46.094640000,782.000
6.234500000,46.094690000,782.000
6.234680000,46.094820000,781.000
6.235020000,46.095050000,781.000
6.235430000,46.095320000,781.000
6.235490000,46.095360000,780.000
6.235620000,46.095440000,780.000
6.235640000,46.095450000,780.000
6.235830000,46.095600000,779.000
6.235880000,46.095630000,779.000
6.236000000,46.095720000,779.000
6.236020000,46.095750000,778.000
6.236040000,46.095770000,778.000
6.236120000,46.095860000,778.000
6.236170000,46.095950000,778.000
6.236210000,46.096060000,777.000
6.236220000,46.096190000,777.000
6.236230000,46.096420000,777.000
6.236220000,46.096870000,776.000
6.236220000,46.096910000,775.000
6.236220000,46.097150000,774.000
6.236260000,46.097340000,774.000
6.236290000,46.097470000,773.000
6.236310000,46.097520000,773.000
6.236380000,46.097670000,772.000
6.236470000,46.097810000,772.000
6.236480000,46.097840000,771.000
6.236590000,46.097970000,771.000
6.236650000,46.098040000,771.000
6.236900000,46.098340000,770.000
6.237110000,46.098590000,770.000
6.237230000,46.098720000,769.000
6.237250000,46.098740000,769.000
6.237290000,46.098790000,768.000
6.237420000,46.098930000,768.000
6.237520000,46.099020000,768.000
6.237540000,46.099040000,768.000
6.237570000,46.099070000,768.000
6.237670000,46.099160000,768.000
6.237780000,46.099260000,768.000
6.237830000,46.099300000,768.000
6.237990000,46.099440000,768.000
6.238130000,46.099580000,768.000
6.238250000,46.099750000,768.000
6.238350000,46.099900000,769.000
6.238360000,46.099920000,769.000
6.238440000,46.100080000,769.000
6.238440000,46.100090000,769.000
6.238450000,46.100120000,770.000
6.238530000,46.100290000,770.000
6.238610000,46.100430000,770.000
6.238690000,46.100560000,770.000
6.238740000,46.100620000,770.000
6.238770000,46.100650000,770.000
6.238880000,46.100770000,770.000
6.238900000,46.100800000,769.000
6.239000000,46.100890000,769.000
6.239090000,46.100980000,769.000
6.239150000,46.101040000,768.000
6.239300000,46.101190000,768.000
6.239330000,46.101210000,767.000
6.239400000,46.101280000,766.000
6.239450000,46.101340000,766.000
6.239470000,46.101360000,765.000
6.239520000,46.101420000,765.000
6.239570000,46.101490000,765.000
6.239590000,46.101520000,764.000
6.239660000,46.101600000,764.000
6.239820000,46.101840000,763.000
6.239920000,46.101980000,762.000
6.240170000,46.102330000,761.000
6.240230000,46.102420000,761.000
6.240400000,46.102650000,760.000
6.240510000,46.102810000,759.000
6.240520000,46.102820000,759.000
6.240600000,46.102950000,758.000
6.240730000,46.103140000,757.000
6.240810000,46.103290000,757.000
6.240830000,46.103310000,756.000
6.240900000,46.103480000,756.000
6.240950000,46.103630000,756.000
6.240960000,46.103650000,755.000
6.241020000,46.103870000,755.000
6.241100000,46.104180000,754.000
6.241140000,46.104340000,754.000
6.241180000,46.104480000,753.000
6.241250000,46.104610000,752.000
6.241330000,46.104740000,752.000
6.241390000,46.104840000,751.000
6.241470000,46.104960000,751.000
6.241500000,46.105010000,750.000
6.241540000,46.105090000,749.000
6.241600000,46.105180000,749.000
6.241650000,46.105290000,748.000
6.241690000,46.105390000,748.000
6.241710000,46.105480000,747.000
6.241750000,46.105600000,747.000
6.241780000,46.105700000,746.000
6.241820000,46.105880000,746.000
6.241840000,46.105940000,745.000
6.241870000,46.106050000,745.000
6.241950000,46.106340000,744.000
6.242030000,46.106670000,743.000
6.242110000,46.106940000,742.000
6.242160000,46.107050000,741.000
6.242190000,46.107110000,740.000
6.242230000,46.107170000,739.000
6.242320000,46.107280000,738.000
6.242440000,46.107420000,737.000
6.242600000,46.107540000,737.000
6.242620000,46.107550000,736.000
6.242770000,46.107660000,735.000
6.242960000,46.107770000,735.000
6.243170000,46.107870000,734.000
6.243450000,46.107970000,733.000
6.243680000,46.108050000,732.000
6.243790000,46.108080000,731.000
6.243940000,46.108120000,731.000
6.244170000,46.108160000,730.000
6.244410000,46.108200000,729.000
6.244610000,46.108220000,728.000
6.244850000,46.108230000,728.000
6.245180000,46.108230000,727.000
6.245310000,46.108230000,726.000
6.245660000,46.108210000,726.000
6.246320000,46.108190000,725.000
6.246350000,46.108190000,725.000
6.246610000,46.108170000,724.000
6.246820000,46.108150000,723.000
6.246870000,46.108140000,723.000
6.246940000,46.108140000,722.000
6.247000000,46.108130000,722.000
6.247070000,46.108120000,722.000
6.247120000,46.108110000,721.000
6.247270000,46.108100000,721.000
6.247630000,46.108050000,721.000
6.247640000,46.108050000,720.000
6.247840000,46.108030000,720.000
6.247890000,46.108030000,719.000
6.247910000,46.108020000,718.000
6.248100000,46.108010000,718.000
6.248240000,46.108010000,718.000
6.248380000,46.108020000,717.000
6.248570000,46.108050000,716.000
6.248640000,46.108050000,716.000
6.248760000,46.108080000,715.000
6.248970000,46.108110000,715.000
6.249250000,46.108160000,714.000
6.249330000,46.108170000,713.000
6.249430000,46.108190000,713.000
6.249600000,46.108210000,712.000
6.249780000,46.108230000,711.000
6.249920000,46.108230000,710.000
6.250210000,46.108230000,710.000
6.250560000,46.108230000,709.000
6.250690000,46.108230000,708.000
6.250900000,46.108220000,708.000
6.251190000,46.108220000,707.000
6.251390000,46.108220000,706.000
6.251470000,46.108230000,706.000
6.251570000,46.108240000,705.000
6.251640000,46.108250000,704.000
6.251720000,46.108260000,704.000
6.251730000,46.108260000,703.000
6.251880000,46.108290000,703.000
6.252080000,46.108340000,703.000
6.252340000,46.108420000,702.000
6.252580000,46.108490000,701.000
6.252770000,46.108530000,701.000
6.252860000,46.108540000,700.000
6.252930000,46.108550000,700.000
6.252950000,46.108550000,699.000
6.253110000,46.108560000,699.000
6.253210000,46.108560000,698.000
6.253280000,46.108550000,698.000
6.253460000,46.108530000,698.000
6.253720000,46.108490000,697.000
6.253930000,46.108460000,697.000
6.254140000,46.108410000,696.000
6.254200000,46.108400000,695.000
6.254260000,46.108390000,695.000
6.254280000,46.108380000,694.000
6.254480000,46.108360000,694.000
6.254790000,46.108320000,693.000
6.255010000,46.108300000,692.000
6.255150000,46.108280000,692.000
6.255210000,46.108280000,691.000
6.255370000,46.108260000,691.000
6.255410000,46.108260000,690.000
6.255570000,46.108240000,690.000
6.255670000,46.108230000,689.000
6.255830000,46.108200000,689.000
6.255880000,46.108190000,689.000
6.256010000,46.108160000,688.000
6.256320000,46.108060000,688.000
6.256340000,46.108050000,687.000
6.256390000,46.108040000,687.000
6.256780000,46.107910000,686.000
6.257140000,46.107790000,686.000
6.257440000,46.107690000,684.000
6.257490000,46.107670000,684.000
6.257560000,46.107650000,683.000
6.257670000,46.107610000,683.000
6.257720000,46.107600000,682.000
6.257830000,46.107570000,682.000
6.257900000,46.107550000,682.000
6.258150000,46.107500000,682.000
6.258230000,46.107480000,682.000
6.258400000,46.107440000,682.000
6.258480000,46.107420000,682.000
6.258650000,46.107400000,682.000
6.258790000,46.107380000,683.000
6.258900000,46.107370000,683.000
6.259120000,46.107340000,683.000
6.259160000,46.107330000,683.000
6.259360000,46.107300000,684.000
6.259510000,46.107270000,684.000
6.259630000,46.107250000,684.000
6.259740000,46.107210000,685.000
6.259840000,46.107160000,685.000
6.259880000,46.107140000,685.000
6.259920000,46.107120000,686.000
6.260070000,46.107020000,686.000
6.260250000,46.106900000,685.000
6.260360000,46.106830000,685.000
6.260610000,46.106650000,684.000
6.260620000,46.106640000,683.000
6.260800000,46.106510000,682.000
6.260840000,46.106480000,681.000
6.261020000,46.106330000,680.000
6.261130000,46.106230000,679.000
6.261210000,46.106160000,677.000
6.261300000,46.106090000,676.000
6.261380000,46.106040000,675.000
6.261500000,46.105990000,674.000
6.261680000,46.105930000,673.000
6.261740000,46.105920000,672.000
6.261980000,46.105870000,670.000
6.261990000,46.105870000,669.000
6.262130000,46.105830000,668.000
6.262250000,46.105790000,668.000
6.262330000,46.105750000,667.000
6.262430000,46.105680000,666.000
6.262520000,46.105600000,666.000
6.262690000,46.105420000,665.000
6.262890000,46.105230000,664.000
6.263010000,46.105090000,663.000
6.263090000,46.105010000,663.000
6.263150000,46.104940000,662.000
6.263230000,46.104860000,661.000
6.263300000,46.104790000,661.000
6.263330000,46.104770000,660.000
6.263420000,46.104700000,659.000
6.263470000,46.104660000,659.000
6.263530000,46.104620000,658.000
6.263670000,46.104540000,658.000
6.263840000,46.104450000,657.000
6.263880000,46.104430000,657.000
6.264030000,46.104350000,656.000
6.264200000,46.104250000,655.000
6.264330000,46.104170000,655.000
6.264420000,46.104100000,654.000
6.264480000,46.104030000,653.000
6.264520000,46.103960000,652.000
6.264570000,46.103850000,651.000
6.264600000,46.103760000,651.000
6.264650000,46.103660000,650.000
6.264670000,46.103630000,649.000
6.264710000,46.103590000,649.000
6.264820000,46.103490000,648.000
6.264910000,46.103420000,647.000
6.264970000,46.103390000,647.000
6.265020000,46.103370000,646.000
6.265140000,46.103310000,645.000
6.265250000,46.103270000,645.000
6.265320000,46.103250000,644.000
6.265410000,46.103210000,643.000
6.265490000,46.103190000,643.000
6.265550000,46.103180000,642.000
6.265610000,46.103180000,642.000
6.265670000,46.103180000,641.000
6.265820000,46.103040000,641.000
6.265890000,46.103020000,641.000
6.266010000,46.102950000,640.000
6.266240000,46.102800000,640.000
6.266430000,46.102680000,639.000
6.266540000,46.102610000,638.000
6.266810000,46.102440000,638.000
6.266880000,46.102400000,637.000
6.267000000,46.102320000,637.000
6.267120000,46.102240000,636.000
6.267180000,46.102190000,635.000
6.267320000,46.102080000,635.000
6.267350000,46.102040000,634.000
6.267500000,46.101900000,633.000
6.267520000,46.101880000,633.000
6.267650000,46.101750000,633.000
6.267800000,46.101600000,632.000
6.267830000,46.101570000,632.000
6.267950000,46.101450000,631.000
6.268100000,46.101310000,631.000
6.268120000,46.101280000,631.000
6.268470000,46.100960000,630.000
6.268700000,46.100720000,630.000
6.268850000,46.100570000,630.000
6.268920000,46.100470000,629.000
6.268940000,46.100410000,629.000
6.268950000,46.100360000,629.000
6.268940000,46.100270000,628.000
6.268920000,46.100230000,628.000
6.268900000,46.100170000,628.000
6.268760000,46.099940000,628.000
6.268710000,46.099790000,628.000
6.268700000,46.099690000,628.000
6.268710000,46.099600000,628.000
6.268750000,46.099540000,628.000
6.268760000,46.099530000,627.000
6.268790000,46.099490000,627.000
6.268870000,46.099420000,627.000
6.268900000,46.099400000,627.000
6.269000000,46.099330000,627.000
6.269090000,46.099300000,627.000
6.269110000,46.099300000,627.000
6.269190000,46.099280000,627.000
6.269300000,46.099280000,627.000
6.269370000,46.099290000,627.000
6.269430000,46.099290000,627.000
6.269580000,46.099300000,627.000
6.269630000,46.099300000,627.000
6.269760000,46.099290000,626.000
6.269950000,46.099260000,626.000
6.270120000,46.099200000,625.000
6.270200000,46.099180000,625.000
6.270550000,46.099090000,624.000
6.270960000,46.098970000,623.000
6.271080000,46.098930000,621.000
6.271130000,46.098900000,620.000
6.271260000,46.098800000,619.000
6.271350000,46.098710000,618.000
6.271460000,46.098590000,617.000
6.271640000,46.098410000,615.000
6.271800000,46.098230000,613.000
6.271970000,46.098060000,612.000
6.272090000,46.097960000,611.000
6.272220000,46.097880000,610.000
6.272330000,46.097830000,609.000
6.272470000,46.097790000,608.000
6.272660000,46.097760000,607.000
6.272980000,46.097750000,606.000
6.273160000,46.097740000,605.000
6.273450000,46.097730000,604.000
6.273510000,46.097720000,604.000
6.273830000,46.097710000,603.000
6.274080000,46.097690000,602.000
6.274360000,46.097660000,601.000
6.274640000,46.097580000,600.000
6.274710000,46.097560000,600.000
6.274880000,46.097500000,599.000
6.275040000,46.097430000,598.000
6.275210000,46.097350000,598.000
6.275390000,46.097250000,597.000
6.275560000,46.097120000,597.000
6.275700000,46.097000000,596.000
6.275810000,46.096900000,596.000
6.276160000,46.096590000,595.000
6.276530000,46.096250000,594.000
6.276810000,46.096000000,593.000
6.276830000,46.095990000,592.000
6.277030000,46.095780000,591.000
6.277100000,46.095700000,591.000
6.277130000,46.095670000,590.000
6.277180000,46.095580000,589.000
6.277200000,46.095540000,589.000
6.277240000,46.095430000,588.000
6.277250000,46.095360000,587.000
6.277300000,46.095180000,587.000
6.277330000,46.095100000,586.000
6.277420000,46.094820000,586.000
6.277490000,46.094680000,585.000
6.277580000,46.094510000,584.000
6.277700000,46.094320000,583.000
6.277890000,46.094080000,583.000
6.278110000,46.093810000,582.000
6.278210000,46.093620000,581.000
6.278380000,46.093290000,580.000
6.278450000,46.093200000,579.000
6.278580000,46.093140000,579.000
6.278690000,46.093110000,578.000
6.278760000,46.093090000,577.000
6.279090000,46.093060000,577.000
6.279260000,46.093040000,576.000
6.279460000,46.093000000,576.000
6.279670000,46.092960000,576.000
6.279790000,46.092910000,575.000
6.279930000,46.092850000,575.000
6.280180000,46.092690000,575.000
6.280340000,46.092580000,575.000
6.280520000,46.092450000,575.000
6.280900000,46.092200000,575.000
6.281660000,46.091660000,574.000
6.282040000,46.091410000,574.000
6.282150000,46.091350000,573.000
6.282330000,46.091290000,573.000
6.282400000,46.091280000,573.000
6.282500000,46.091300000,573.000
6.282600000,46.091320000,573.000
6.282720000,46.091340000,572.000
6.282840000,46.091360000,572.000
6.282890000,46.091360000,572.000
6.282900000,46.091360000,572.000
6.283010000,46.091360000,572.000
6.283150000,46.091340000,572.000
6.283250000,46.091320000,572.000
6.283360000,46.091280000,572.000
6.283440000,46.091230000,571.000
6.283520000,46.091180000,571.000
6.283620000,46.091110000,571.000
6.283830000,46.090950000,571.000
6.284020000,46.090790000,571.000
6.284070000,46.090760000,570.000
6.284160000,46.090720000,570.000
6.284240000,46.090700000,570.000
6.284350000,46.090680000,570.000
6.284350000,46.090680000,570.000
6.284880000,46.090820000,569.000
6.284930000,46.090840000,569.000
6.284980000,46.090850000,569.000
6.284980000,46.090850000,569.000
6.285360000,46.090660000,569.000
6.285520000,46.090600000,568.000
6.285540000,46.090580000,568.000
6.286220000,46.090350000,568.000
6.286450000,46.090290000,567.000
6.286490000,46.090260000,567.000
6.286500000,46.090260000,567.000
6.286640000,46.090230000,567.000
6.286830000,46.090220000,567.000
6.286870000,46.090220000,567.000
6.286900000,46.090210000,567.000
6.286960000,46.090200000,567.000
6.286960000,46.090200000,567.000
6.286990000,46.090180000,567.000
6.287010000,46.090170000,567.000
6.287040000,46.090160000,567.000
6.287070000,46.090160000,567.000
6.287090000,46.090150000,567.000
6.287120000,46.090150000,567.000
6.287150000,46.090150000,567.000
6.287180000,46.090150000,567.000
6.287300000,46.090110000,567.000
6.287370000,46.090080000,567.000
6.287430000,46.090040000,567.000
6.287540000,46.089970000,567.000
6.287590000,46.089930000,567.000
6.287840000,46.089750000,567.000
6.287970000,46.089690000,567.000
6.288350000,46.089410000,567.000
6.288520000,46.089280000,566.000
6.288700000,46.089150000,566.000
6.289180000,46.088800000,565.000
6.289420000,46.088640000,565.000
6.289640000,46.088470000,565.000
6.289840000,46.088310000,564.000
6.290000000,46.088180000,564.000
6.290120000,46.088070000,563.000
6.290210000,46.087970000,562.000
6.290340000,46.087840000,562.000
6.290450000,46.087710000,562.000
6.290560000,46.087560000,562.000
6.290660000,46.087420000,562.000
6.290790000,46.087210000,562.000
6.290860000,46.087070000,562.000
6.290960000,46.086860000,562.000
6.291010000,46.086750000,562.000
6.291240000,46.086280000,563.000
6.291630000,46.085490000,563.000
6.291790000,46.085140000,563.000
6.291870000,46.084990000,564.000
6.291970000,46.084770000,564.000
6.292050000,46.084620000,564.000
6.292100000,46.084490000,565.000
6.292150000,46.084360000,565.000
6.292190000,46.084210000,566.000
6.292240000,46.084000000,566.000
6.292320000,46.083580000,566.000
6.292380000,46.083310000,567.000
6.292400000,46.083200000,568.000
6.292430000,46.083120000,569.000
6.292460000,46.083000000,570.000
6.292500000,46.082880000,570.000
6.292580000,46.082710000,572.000
6.292650000,46.082570000,572.000
6.292740000,46.082390000,573.000
6.292850000,46.082200000,573.000
6.292870000,46.082180000,574.000
6.293090000,46.081870000,574.000
6.293710000,46.081010000,576.000
6.293830000,46.080850000,577.000
6.293980000,46.080620000,577.000
6.294050000,46.080520000,578.000
6.294150000,46.080350000,578.000
6.294270000,46.080120000,579.000
6.294290000,46.080100000,579.000
6.294480000,46.079750000,579.000
6.294510000,46.079650000,580.000
6.294630000,46.079430000,580.000
6.294870000,46.079050000,581.000
6.294880000,46.079020000,581.000
6.294900000,46.079000000,581.000
6.294960000,46.078930000,581.000
6.295020000,46.078860000,581.000
6.295040000,46.078830000,581.000
6.295230000,46.078680000,581.000
6.295390000,46.078570000,581.000
6.295550000,46.078490000,581.000
6.295730000,46.078420000,581.000
6.295830000,46.078380000,581.000
6.296250000,46.078220000,581.000
6.296320000,46.078190000,581.000
6.296360000,46.078180000,581.000
6.296410000,46.078150000,581.000
6.296600000,46.078020000,581.000
6.296670000,46.077970000,581.000
6.296740000,46.077900000,581.000
6.296790000,46.077840000,581.000
6.296810000,46.077820000,581.000
6.296850000,46.077770000,581.000
6.296910000,46.077680000,581.000
6.297040000,46.077490000,581.000
6.297060000,46.077460000,581.000
6.297080000,46.077440000,581.000
6.297120000,46.077380000,582.000
6.297150000,46.077330000,582.000
6.297250000,46.077190000,582.000
6.297270000,46.077170000,582.000
6.297430000,46.076950000,582.000
6.297440000,46.076940000,583.000
6.297480000,46.076880000,583.000
6.297520000,46.076810000,583.000
6.297540000,46.076770000,583.000
6.297570000,46.076710000,583.000
6.297590000,46.076650000,584.000
6.297610000,46.076580000,584.000
6.297620000,46.076500000,584.000
6.297620000,46.076410000,584.000
6.297620000,46.076350000,584.000
6.297600000,46.076240000,585.000
6.297540000,46.076090000,585.000
6.297500000,46.076010000,585.000
6.297380000,46.075770000,585.000
6.297380000,46.075760000,586.000
6.297380000,46.075750000,586.000
6.297330000,46.075580000,586.000
6.297320000,46.075410000,586.000
6.297320000,46.075400000,586.000
6.297340000,46.075220000,587.000
6.297350000,46.075190000,587.000
6.297400000,46.074970000,587.000
6.297510000,46.074760000,587.000
6.297810000,46.074310000,588.000
6.297870000,46.074210000,588.000
6.297970000,46.074060000,588.000
6.297980000,46.074040000,588.000
6.298080000,46.073880000,589.000
6.298100000,46.073850000,589.000
6.298160000,46.073770000,589.000
6.298370000,46.073480000,589.000
6.298380000,46.073450000,589.000
6.298400000,46.073430000,590.000
6.298430000,46.073380000,590.000
6.298580000,46.073200000,590.000
6.298610000,46.073170000,590.000
6.298790000,46.072940000,590.000
6.298890000,46.072820000,590.000
6.298920000,46.072780000,591.000
6.299190000,46.072470000,591.000
6.299340000,46.072260000,591.000
6.299540000,46.072010000,591.000
6.299820000,46.071630000,591.000
6.300080000,46.071330000,591.000
6.300130000,46.071250000,590.000
6.300170000,46.071200000,590.000
6.300230000,46.071130000,589.000
6.300270000,46.071070000,589.000
6.300330000,46.070940000,589.000
6.300330000,46.070940000,588.000
6.300300000,46.070920000,588.000
6.300280000,46.070900000,588.000
6.300260000,46.070870000,588.000
6.300250000,46.070830000,588.000
6.300260000,46.070790000,588.000
6.300280000,46.070760000,587.000
6.300300000,46.070750000,587.000
6.300330000,46.070730000,587.000
6.300370000,46.070720000,587.000
6.300410000,46.070710000,587.000
6.300460000,46.070710000,587.000
6.300520000,46.070720000,587.000
6.300550000,46.070730000,587.000
6.300580000,46.070740000,587.000
6.300610000,46.070770000,587.000
6.300760000,46.070820000,586.000
6.300870000,46.070830000,586.000
6.300990000,46.070820000,586.000
6.301060000,46.070780000,586.000
6.301120000,46.070730000,586.000
6.301210000,46.070660000,585.000
6.301300000,46.070610000,585.000
6.301450000,46.070570000,585.000
6.301640000,46.070530000,585.000
6.301710000,46.070530000,585.000
6.301720000,46.070520000,584.000
6.301810000,46.070510000,584.000
6.301900000,46.070510000,584.000
6.301980000,46.070500000,584.000
6.302050000,46.070460000,584.000
6.302140000,46.070440000,583.000
6.302220000,46.070400000,583.000
6.302220000,46.070390000,583.000
6.302220000,46.070380000,583.000
6.302220000,46.070370000,583.000
6.302220000,46.070360000,583.000
6.302230000,46.070350000,583.000
6.302230000,46.070340000,583.000
6.302240000,46.070340000,583.000
6.302240000,46.070330000,583.000
6.302250000,46.070330000,583.000
6.302250000,46.070320000,583.000
6.302260000,46.070320000,583.000
6.302270000,46.070310000,583.000
6.302280000,46.070310000,583.000
6.302290000,46.070300000,583.000
6.302300000,46.070300000,583.000
6.302310000,46.070300000,583.000
6.302310000,46.070300000,583.000
6.302320000,46.070290000,583.000
6.302330000,46.070290000,583.000
6.302340000,46.070290000,582.000
6.302350000,46.070290000,582.000
6.302360000,46.070290000,582.000
6.302370000,46.070290000,582.000
6.302380000,46.070290000,582.000
6.302390000,46.070290000,582.000
6.302400000,46.070290000,582.000
6.302400000,46.070300000,582.000
6.302410000,46.070300000,582.000
6.302420000,46.070300000,582.000
6.302430000,46.070300000,582.000
6.302430000,46.070310000,582.000
6.302440000,46.070310000,582.000
6.302450000,46.070310000,582.000
6.302450000,46.070320000,582.000
6.302460000,46.070320000,582.000
6.302460000,46.070330000,582.000
6.302470000,46.070330000,582.000
6.302470000,46.070330000,582.000
6.302530000,46.070330000,582.000
6.302600000,46.070330000,582.000
6.302670000,46.070340000,581.000
6.302740000,46.070340000,581.000
6.302780000,46.070350000,581.000
6.302900000,46.070330000,581.000
6.302950000,46.070320000,581.000
6.303110000,46.070280000,580.000
6.303300000,46.070250000,580.000
6.303370000,46.070230000,580.000
6.303580000,46.070200000,579.000
6.303800000,46.070160000,579.000
6.304290000,46.070080000,578.000
6.304470000,46.070040000,577.000
6.304510000,46.070030000,577.000
6.304610000,46.070010000,576.000
6.304750000,46.069990000,576.000
6.304890000,46.069960000,575.000
6.304960000,46.069950000,574.000
6.305080000,46.069930000,574.000
6.305090000,46.069920000,574.000
6.305110000,46.069920000,573.000
6.305130000,46.069910000,573.000
6.305160000,46.069900000,573.000
6.305210000,46.069890000,573.000
6.305260000,46.069880000,572.000
6.305280000,46.069880000,572.000
6.305300000,46.069880000,572.000
6.305490000,46.069850000,572.000
6.305650000,46.069820000,571.000
6.305830000,46.069790000,571.000
6.305920000,46.069770000,571.000
6.305980000,46.069760000,570.000
6.306040000,46.069740000,570.000
6.306150000,46.069750000,569.000
6.306500000,46.069690000,569.000
6.306530000,46.069690000,568.000
6.306590000,46.069670000,568.000
6.306700000,46.069640000,567.000
6.306850000,46.069620000,567.000
6.306970000,46.069590000,566.000
6.307000000,46.069570000,566.000
6.307040000,46.069560000,566.000
6.307050000,46.069550000,565.000
6.307260000,46.069480000,565.000
6.307510000,46.069390000,564.000
6.307730000,46.069290000,564.000
6.307900000,46.069200000,563.000
6.307940000,46.069170000,563.000
6.308070000,46.069080000,562.000
6.308330000,46.068880000,562.000
6.308380000,46.068830000,562.000
6.308530000,46.068700000,561.000
6.308770000,46.068490000,561.000
6.308780000,46.068480000,560.000
6.308860000,46.068420000,560.000
6.308930000,46.068360000,560.000
6.309050000,46.068280000,560.000
6.309210000,46.068250000,559.000
6.309230000,46.068250000,559.000
6.309230000,46.068240000,559.000
6.309240000,46.068240000,559.000
6.309240000,46.068230000,559.000
6.309250000,46.068220000,559.000
6.309250000,46.068210000,559.000
6.309260000,46.068200000,559.000
6.309430000,46.068100000,559.000
6.309540000,46.068060000,559.000
6.309620000,46.068030000,558.000
6.309780000,46.067980000,558.000
6.309860000,46.067950000,558.000
6.310070000,46.067880000,558.000
6.310330000,46.067800000,557.000
6.310530000,46.067730000,557.000
6.310930000,46.067600000,557.000
6.311030000,46.067570000,556.000
6.311120000,46.067540000,556.000
6.311190000,46.067520000,555.000
6.311320000,46.067490000,555.000
6.311430000,46.067460000,555.000
6.311600000,46.067410000,555.000
6.311690000,46.067380000,554.000
6.311910000,46.067320000,554.000
6.312230000,46.067220000,554.000
6.312280000,46.067220000,553.000
6.312450000,46.067220000,553.000
6.312450000,46.067220000,553.000
6.312460000,46.067220000,552.000
6.312460000,46.067210000,552.000
6.312460000,46.067200000,552.000
6.312470000,46.067200000,552.000
6.312470000,46.067190000,552.000
6.312480000,46.067190000,552.000
6.312480000,46.067180000,551.000
6.312490000,46.067180000,551.000
6.312490000,46.067170000,551.000
6.312500000,46.067170000,551.000
6.312510000,46.067170000,551.000
6.312520000,46.067160000,551.000
6.312530000,46.067160000,551.000
6.312540000,46.067160000,551.000
6.312550000,46.067150000,551.000
6.312560000,46.067150000,551.000
6.312570000,46.067150000,551.000
6.312580000,46.067150000,551.000
6.312590000,46.067150000,551.000
6.312600000,46.067150000,551.000
6.312610000,46.067150000,551.000
6.312620000,46.067160000,551.000
6.312630000,46.067160000,551.000
6.312640000,46.067160000,551.000
6.312650000,46.067170000,551.000
6.312660000,46.067170000,551.000
6.312670000,46.067170000,551.000
6.312670000,46.067180000,551.000
6.312680000,46.067180000,551.000
6.312680000,46.067190000,551.000
6.312690000,46.067190000,550.000
6.312690000,46.067200000,550.000
6.312700000,46.067200000,550.000
6.312700000,46.067210000,550.000
6.312700000,46.067220000,550.000
6.312710000,46.067220000,550.000
6.312710000,46.067230000,550.000
6.312710000,46.067240000,550.000
6.312710000,46.067250000,550.000
6.312710000,46.067260000,550.000
6.312700000,46.067270000,550.000
6.312700000,46.067280000,550.000
6.312690000,46.067290000,550.000
6.312850000,46.067360000,550.000
6.313060000,46.067440000,549.000
6.313070000,46.067450000,549.000
6.313190000,46.067490000,549.000
6.313300000,46.067510000,548.000
6.313500000,46.067520000,548.000
6.313520000,46.067520000,548.000
6.313610000,46.067500000,547.000
6.313770000,46.067470000,547.000
6.313900000,46.067510000,546.000
6.314150000,46.067620000,546.000
6.314450000,46.067740000,545.000
6.314550000,46.067780000,545.000
6.314660000,46.067820000,544.000
6.314940000,46.067950000,543.000
6.314990000,46.068000000,542.000
6.315210000,46.068070000,541.000
6.315470000,46.068160000,540.000
6.315980000,46.068320000,538.000
6.316080000,46.068350000,537.000
6.316310000,46.068410000,535.000
6.316570000,46.068510000,532.000
6.316700000,46.068550000,531.000
6.316760000,46.068570000,530.000
6.317200000,46.068690000,529.000
6.317320000,46.068730000,528.000
6.317480000,46.068780000,527.000
6.317490000,46.068780000,526.000
6.317720000,46.068850000,525.000
6.317930000,46.068920000,524.000
6.318520000,46.069100000,523.000
6.318620000,46.069120000,522.000
6.318770000,46.069170000,521.000
6.318830000,46.069180000,520.000
6.319010000,46.069230000,519.000
6.319070000,46.069240000,518.000
6.319140000,46.069240000,518.000
6.319200000,46.069270000,517.000
6.319330000,46.069320000,517.000
6.319340000,46.069320000,516.000
6.319710000,46.069430000,516.000
6.319800000,46.069460000,516.000
6.320330000,46.069580000,515.000
6.320520000,46.069640000,515.000
6.320610000,46.069680000,515.000
6.320680000,46.069700000,514.000
6.320700000,46.069710000,514.000
6.320710000,46.069720000,514.000
6.320930000,46.069820000,514.000
6.321000000,46.069870000,514.000
6.321060000,46.069920000,513.000
6.321080000,46.069950000,513.000
6.321130000,46.070080000,513.000
6.321170000,46.070210000,513.000
6.321170000,46.070210000,513.000
6.321340000,46.070200000,513.000
6.321580000,46.070190000,512.000
6.321800000,46.070200000,512.000
6.322010000,46.070220000,512.000
6.322020000,46.070220000,512.000
6.322150000,46.070240000,511.000
6.322320000,46.070260000,511.000
6.322540000,46.070310000,511.000
6.322740000,46.070390000,511.000
6.323000000,46.070460000,510.000
6.323220000,46.070520000,510.000
6.323460000,46.070590000,510.000
6.323480000,46.070600000,509.000
6.323670000,46.070620000,509.000
6.323800000,46.070660000,509.000
6.324060000,46.070720000,508.000
6.324380000,46.070780000,508.000
6.324730000,46.070850000,507.000
6.324820000,46.070870000,506.000
6.324900000,46.070880000,505.000
6.325140000,46.070920000,504.000
6.325520000,46.070980000,503.000
6.325920000,46.071040000,502.000
6.326080000,46.071060000,501.000
6.326340000,46.071090000,500.000
6.326530000,46.071110000,499.000
6.326590000,46.071110000,498.000
6.326720000,46.071120000,498.000
6.326830000,46.071130000,497.000
6.327030000,46.071140000,496.000
6.327090000,46.071150000,496.000
6.327140000,46.071150000,495.000
6.327210000,46.071160000,495.000
6.327280000,46.071160000,495.000
6.327320000,46.071150000,494.000
6.327350000,46.071150000,494.000
6.327400000,46.071140000,494.000
6.327460000,46.071130000,494.000
6.327470000,46.071120000,494.000
6.327480000,46.071110000,494.000
6.327490000,46.071110000,494.000
6.327500000,46.071100000,494.000
6.327510000,46.071100000,493.000
6.327520000,46.071090000,493.000
6.327530000,46.071090000,493.000
6.327540000,46.071090000,493.000
6.327550000,46.071080000,493.000
6.327570000,46.071080000,493.000
6.327580000,46.071080000,493.000
6.327590000,46.071080000,493.000
6.327600000,46.071080000,493.000
6.327610000,46.071080000,493.000
6.327620000,46.071080000,493.000
6.327630000,46.071080000,493.000
6.327650000,46.071080000,493.000
6.327660000,46.071080000,493.000
6.327670000,46.071080000,493.000
6.327680000,46.071080000,493.000
6.327690000,46.071090000,493.000
6.327700000,46.071090000,493.000
6.327710000,46.071090000,493.000
6.327720000,46.071100000,493.000
6.327730000,46.071100000,493.000
6.327740000,46.071110000,493.000
6.327750000,46.071120000,493.000
6.327760000,46.071120000,493.000
6.327770000,46.071130000,493.000
6.327780000,46.071130000,493.000
6.327790000,46.071140000,493.000
6.327800000,46.071140000,493.000
6.327800000,46.071150000,493.000
6.327810000,46.071150000,492.000
6.327910000,46.071180000,492.000
6.328010000,46.071210000,492.000
6.328140000,46.071230000,492.000
6.328320000,46.071260000,492.000
6.328910000,46.071310000,491.000
6.329190000,46.071330000,490.000
6.329270000,46.071340000,490.000
6.329530000,46.071360000,489.000
6.330090000,46.071400000,488.000
6.330480000,46.071430000,487.000
6.330490000,46.071430000,486.000
6.330560000,46.071430000,485.000
6.330740000,46.071440000,484.000
6.330830000,46.071450000,483.000
6.331040000,46.071450000,482.000
6.331100000,46.071440000,482.000
6.331270000,46.071430000,481.000
6.331460000,46.071410000,480.000
6.331500000,46.071410000,479.000
6.331750000,46.071370000,479.000
6.331980000,46.071320000,478.000
6.332100000,46.071280000,478.000
6.332320000,46.071200000,477.000
6.332560000,46.071140000,477.000
6.332840000,46.071060000,477.000
6.333060000,46.071010000,476.000
6.333220000,46.070940000,476.000
6.333400000,46.070860000,476.000
6.333570000,46.070770000,476.000
6.333750000,46.070660000,475.000
6.333980000,46.070510000,475.000
6.334220000,46.070340000,475.000
6.334340000,46.070250000,474.000
6.334560000,46.070100000,474.000
6.334680000,46.070020000,474.000
6.334870000,46.069880000,473.000
6.334920000,46.069850000,473.000
6.335030000,46.069770000,473.000
6.335200000,46.069680000,473.000
6.335210000,46.069670000,472.000
6.335260000,46.069650000,472.000
6.335410000,46.069600000,472.000
6.335520000,46.069570000,472.000
6.335600000,46.069550000,472.000
6.335720000,46.069530000,471.000
6.335810000,46.069520000,471.000
6.335910000,46.069510000,471.000
6.336000000,46.069510000,471.000
6.336120000,46.069510000,471.000
6.336230000,46.069510000,471.000
6.336550000,46.069520000,470.000
6.336850000,46.069540000,470.000
6.337100000,46.069560000,470.000
6.337410000,46.069580000,470.000
6.337740000,46.069600000,469.000
6.338110000,46.069630000,469.000
6.338860000,46.069680000,469.000
6.339060000,46.069690000,468.000
6.339320000,46.069710000,468.000
6.339410000,46.069710000,467.000
6.339570000,46.069720000,467.000
6.339810000,46.069740000,467.000
6.340140000,46.069760000,466.000
6.341000000,46.069810000,466.000
6.341080000,46.069820000,465.000
6.341340000,46.069830000,465.000
6.342300000,46.069890000,464.000
6.342810000,46.069920000,463.000
6.343440000,46.069970000,463.000
6.343580000,46.069970000,462.000
6.343810000,46.069990000,462.000
6.344010000,46.070000000,461.000
6.344340000,46.070020000,461.000
6.345180000,46.070070000,461.000
6.345400000,46.070090000,460.000
6.345470000,46.070090000,460.000
6.345720000,46.070110000,460.000
6.345860000,46.070120000,459.000
6.346080000,46.070110000,459.000
6.346240000,46.070100000,459.000
6.346350000,46.070090000,459.000
6.346440000,46.070060000,459.000
6.346440000,46.070060000,459.000
6.346450000,46.070050000,459.000
6.346470000,46.070050000,459.000
6.346480000,46.070040000,459.000
6.346490000,46.070030000,459.000
6.346510000,46.070020000,459.000
6.346520000,46.070020000,458.000
6.346540000,46.070010000,458.000
6.346560000,46.070010000,458.000
6.346580000,46.070000000,458.000
6.346590000,46.070000000,458.000
6.346610000,46.070000000,458.000
6.346630000,46.070000000,458.000
6.346650000,46.070000000,458.000
6.346660000,46.070000000,458.000
6.346680000,46.070000000,458.000
6.346700000,46.070000000,458.000
6.346710000,46.070010000,458.000
6.346730000,46.070010000,458.000
6.346750000,46.070020000,458.000
6.346770000,46.070030000,458.000
6.346780000,46.070030000,458.000
6.346790000,46.070040000,458.000
6.346810000,46.070050000,458.000
6.346820000,46.070060000,458.000
6.346830000,46.070070000,458.000
6.346840000,46.070080000,458.000
6.346850000,46.070090000,458.000
6.346860000,46.070100000,458.000
6.346860000,46.070120000,458.000
6.347000000,46.070150000,458.000
6.347050000,46.070160000,458.000
6.347110000,46.070170000,458.000
6.347210000,46.070180000,458.000
6.347300000,46.070180000,458.000
6.347360000,46.070190000,458.000
6.347400000,46.070200000,458.000
6.347420000,46.070200000,458.000
6.347480000,46.070220000,458.000
6.347650000,46.070230000,458.000
6.347720000,46.070230000,458.000
6.347740000,46.070230000,458.000
6.347770000,46.070230000,458.000
6.347890000,46.070240000,457.000
6.348410000,46.070270000,457.000
6.348730000,46.070290000,457.000
6.349140000,46.070320000,457.000
6.349670000,46.070350000,457.000
6.349860000,46.070370000,457.000
6.350080000,46.070380000,456.000
6.351080000,46.070450000,456.000
6.351610000,46.070470000,456.000
6.351650000,46.070480000,456.000
6.352090000,46.070500000,456.000
6.352330000,46.070520000,456.000
6.352590000,46.070540000,456.000
6.353040000,46.070570000,456.000
6.353410000,46.070590000,456.000
6.353700000,46.070610000,456.000
6.353950000,46.070630000,456.000
6.354590000,46.070670000,456.000
6.354920000,46.070690000,456.000
6.355170000,46.070700000,457.000
6.355560000,46.070730000,457.000
6.356130000,46.070770000,457.000
6.356620000,46.070790000,458.000
6.356750000,46.070800000,459.000
6.356940000,46.070810000,459.000
6.357100000,46.070830000,459.000
6.357560000,46.070860000,459.000
6.357660000,46.070860000,459.000
6.357730000,46.070870000,459.000
6.357950000,46.070880000,459.000
6.358050000,46.070890000,459.000
6.358100000,46.070890000,459.000
6.358200000,46.070900000,459.000
6.358230000,46.070900000,459.000
6.358560000,46.070920000,459.000
6.359520000,46.070980000,459.000
6.359780000,46.071000000,459.000
6.360020000,46.071020000,459.000
6.361130000,46.071090000,459.000
6.361330000,46.071100000,459.000
6.361580000,46.071120000,459.000
6.362560000,46.071180000,459.000
6.363710000,46.071240000,459.000
6.363810000,46.071230000,459.000
6.364230000,46.071260000,459.000
6.364500000,46.071270000,459.000
6.364580000,46.071270000,459.000
6.364650000,46.071270000,459.000
6.364730000,46.071270000,459.000
6.364790000,46.071270000,459.000
6.364890000,46.071260000,459.000
6.364890000,46.071260000,459.000
6.364900000,46.071250000,459.000
6.364910000,46.071240000,459.000
6.364920000,46.071230000,459.000
6.364930000,46.071220000,459.000
6.364940000,46.071210000,459.000
6.364950000,46.071200000,459.000
6.364970000,46.071190000,459.000
6.364980000,46.071180000,459.000
6.365000000,46.071170000,459.000
6.365020000,46.071170000,459.000
6.365030000,46.071160000,459.000
6.365050000,46.071160000,459.000
6.365070000,46.071160000,459.000
6.365090000,46.071160000,460.000
6.365100000,46.071150000,460.000
6.365120000,46.071150000,460.000
6.365140000,46.071160000,460.000
6.365160000,46.071160000,460.000
6.365190000,46.071160000,460.000
6.365200000,46.071170000,460.000
6.365220000,46.071170000,460.000
6.365240000,46.071180000,460.000
6.365250000,46.071180000,460.000
6.365270000,46.071190000,460.000
6.365280000,46.071200000,460.000
6.365290000,46.071210000,460.000
6.365300000,46.071220000,460.000
6.365320000,46.071230000,460.000
6.365330000,46.071240000,460.000
6.365330000,46.071250000,460.000
6.365340000,46.071260000,460.000
6.365350000,46.071270000,460.000
6.365350000,46.071290000,460.000
6.365510000,46.071320000,460.000
6.365640000,46.071340000,460.000
6.365870000,46.071360000,460.000
6.366140000,46.071380000,460.000
6.366150000,46.071380000,460.000
6.366800000,46.071420000,460.000
6.367460000,46.071460000,460.000
6.367540000,46.071460000,460.000
6.367610000,46.071470000,460.000
6.367700000,46.071490000,460.000
6.368670000,46.071550000,460.000
6.370380000,46.071650000,461.000
6.371210000,46.071700000,461.000
6.371370000,46.071710000,461.000
6.371630000,46.071730000,461.000
6.372060000,46.071750000,461.000
6.372670000,46.071790000,461.000
6.372790000,46.071800000,461.000
6.373150000,46.071820000,461.000
6.373490000,46.071840000,461.000
6.373740000,46.071860000,461.000
6.374560000,46.071910000,461.000
6.374910000,46.071940000,461.000
6.375040000,46.071940000,461.000
6.375170000,46.071950000,461.000
6.375290000,46.071960000,461.000
6.375300000,46.071960000,461.000
6.375960000,46.072000000,461.000
6.376030000,46.071990000,461.000
6.376120000,46.071990000,461.000
6.376300000,46.072000000,461.000
6.376460000,46.072000000,461.000
6.376580000,46.072000000,461.000
6.376670000,46.072000000,461.000
6.376730000,46.072000000,461.000
6.376820000,46.071980000,461.000
6.376820000,46.071980000,461.000
6.376830000,46.071970000,461.000
6.376840000,46.071970000,461.000
6.376840000,46.071960000,461.000
6.376850000,46.071960000,461.000
6.376860000,46.071950000,461.000
6.376870000,46.071950000,461.000
6.376880000,46.071940000,461.000
6.376890000,46.071940000,461.000
6.376910000,46.071930000,461.000
6.376920000,46.071930000,461.000
6.376940000,46.071930000,461.000
6.376960000,46.071920000,461.000
6.376970000,46.071920000,461.000
6.376990000,46.071920000,461.000
6.377010000,46.071920000,461.000
6.377020000,46.071920000,461.000
6.377040000,46.071920000,461.000
6.377060000,46.071930000,461.000
6.377070000,46.071930000,461.000
6.377090000,46.071930000,461.000
6.377110000,46.071940000,461.000
6.377120000,46.071950000,461.000
6.377140000,46.071950000,461.000
6.377150000,46.071960000,461.000
6.377160000,46.071960000,461.000
6.377170000,46.071970000,461.000
6.377180000,46.071980000,461.000
6.377190000,46.071990000,461.000
6.377200000,46.072000000,461.000
6.377200000,46.072010000,461.000
6.377320000,46.072050000,461.000
6.377390000,46.072070000,461.000
6.377510000,46.072090000,461.000
6.377670000,46.072100000,461.000
6.377830000,46.072110000,461.000
6.377980000,46.072110000,461.000
6.378050000,46.072120000,461.000
6.378070000,46.072120000,461.000
6.378110000,46.072140000,461.000
6.378370000,46.072160000,461.000
6.378600000,46.072170000,461.000
6.378660000,46.072170000,461.000
6.378690000,46.072180000,461.000
6.378850000,46.072190000,461.000
6.379080000,46.072200000,461.000
6.379180000,46.072200000,461.000
6.379290000,46.072200000,461.000
6.379470000,46.072200000,461.000
6.379630000,46.072190000,461.000
6.379750000,46.072190000,461.000
6.379930000,46.072170000,461.000
6.380090000,46.072150000,461.000
6.380470000,46.072090000,461.000
6.380680000,46.072050000,461.000
6.380870000,46.072010000,461.000
6.380940000,46.072000000,461.000
6.381060000,46.071980000,461.000
6.381210000,46.071960000,461.000
6.381330000,46.071940000,461.000
6.381500000,46.071930000,461.000
6.381650000,46.071920000,461.000
6.381790000,46.071920000,461.000
6.381930000,46.071920000,461.000
6.382080000,46.071920000,461.000
6.382260000,46.071930000,461.000
6.382420000,46.071950000,461.000
6.382570000,46.071970000,461.000
6.382740000,46.072000000,461.000
6.382840000,46.072020000,461.000
6.383030000,46.072070000,461.000
6.383260000,46.072150000,461.000
6.383550000,46.072260000,462.000
6.383720000,46.072320000,462.000
6.383840000,46.072360000,462.000
6.383910000,46.072380000,462.000
6.383990000,46.072400000,462.000
6.384130000,46.072440000,462.000
6.384300000,46.072490000,462.000
6.384430000,46.072530000,462.000
6.384460000,46.072530000,462.000
6.384600000,46.072570000,462.000
6.384680000,46.072590000,461.000
6.384750000,46.072610000,461.000
6.384790000,46.072620000,461.000
6.384950000,46.072650000,461.000
6.385120000,46.072670000,460.000
6.385290000,46.072690000,460.000
6.385400000,46.072690000,460.000
6.385590000,46.072700000,459.000
6.385780000,46.072700000,459.000
6.386030000,46.072700000,458.000
6.386130000,46.072690000,458.000
6.386190000,46.072690000,458.000
6.386200000,46.072690000,457.000
6.386240000,46.072690000,457.000
6.386480000,46.072680000,457.000
6.386580000,46.072670000,457.000
6.386740000,46.072670000,457.000
6.386870000,46.072670000,457.000
6.386900000,46.072680000,457.000
6.386960000,46.072680000,457.000
6.387210000,46.072690000,457.000
6.387260000,46.072700000,457.000
6.387810000,46.072740000,457.000
6.388050000,46.072750000,457.000
6.388380000,46.072780000,457.000
6.388470000,46.072790000,457.000
6.388990000,46.072810000,457.000
6.389180000,46.072820000,456.000
6.389510000,46.072840000,456.000
6.389960000,46.072860000,456.000
6.390110000,46.072870000,456.000
6.390790000,46.072920000,456.000
6.392040000,46.073000000,456.000
6.392140000,46.073000000,456.000
6.392210000,46.073010000,456.000
6.392490000,46.073030000,456.000
6.392560000,46.073030000,456.000
6.392820000,46.073050000,456.000
6.393410000,46.073100000,456.000
6.393650000,46.073110000,456.000
6.394030000,46.073140000,456.000
6.394210000,46.073150000,456.000
6.394440000,46.073170000,456.000
6.394690000,46.073140000,456.000
6.394740000,46.073140000,455.000
6.394890000,46.073100000,455.000
6.394970000,46.073070000,455.000
6.395070000,46.073000000,455.000
6.395080000,46.072980000,455.000
6.395080000,46.072980000,455.000
6.395090000,46.072970000,455.000
6.395100000,46.072960000,455.000
6.395110000,46.072940000,455.000
6.395130000,46.072930000,455.000
6.395140000,46.072910000,455.000
6.395150000,46.072900000,455.000
6.395160000,46.072890000,455.000
6.395180000,46.072870000,455.000
6.395190000,46.072860000,455.000
6.395200000,46.072850000,455.000
6.395210000,46.072850000,454.000
6.395210000,46.072840000,454.000
6.395220000,46.072840000,454.000
6.395260000,46.072810000,454.000
6.395300000,46.072790000,454.000
6.395340000,46.072760000,454.000
6.395390000,46.072740000,454.000
6.395420000,46.072730000,454.000
6.395430000,46.072720000,454.000
6.395480000,46.072700000,454.000
6.395530000,46.072680000,454.000
6.395580000,46.072670000,454.000
6.395590000,46.072660000,454.000
6.395600000,46.072660000,454.000
6.395610000,46.072660000,454.000
6.395620000,46.072650000,454.000
6.395630000,46.072650000,454.000
6.395640000,46.072650000,454.000
6.395650000,46.072650000,454.000
6.395660000,46.072650000,454.000
6.395690000,46.072640000,454.000
6.395720000,46.072640000,454.000
6.395740000,46.072630000,454.000
6.395770000,46.072630000,454.000
6.395800000,46.072630000,453.000
6.395830000,46.072640000,453.000
6.395860000,46.072640000,453.000
6.395890000,46.072650000,453.000
6.395990000,46.072680000,453.000
6.396150000,46.072690000,453.000
6.396160000,46.072700000,453.000
6.396270000,46.072720000,453.000
6.396350000,46.072730000,453.000
6.396470000,46.072720000,453.000
6.396610000,46.072720000,452.000
6.396750000,46.072710000,452.000
6.397030000,46.072700000,452.000
6.397130000,46.072700000,452.000
6.397370000,46.072700000,452.000
6.397610000,46.072710000,451.000
6.398100000,46.072740000,451.000
6.398220000,46.072750000,451.000
6.398520000,46.072780000,451.000
6.398870000,46.072830000,451.000
6.399450000,46.072930000,450.000
6.399860000,46.073020000,450.000
6.400220000,46.073110000,450.000
6.400320000,46.073130000,450.000
6.400640000,46.073230000,450.000
6.401330000,46.073480000,450.000
6.401890000,46.073740000,450.000
6.402130000,46.073860000,450.000
6.402460000,46.074030000,450.000
6.402550000,46.074050000,450.000
6.402610000,46.074050000,450.000
6.402720000,46.074060000,450.000
6.402830000,46.074070000,450.000
6.402830000,46.074070000,450.000
6.402840000,46.074060000,450.000
6.402850000,46.074050000,450.000
6.402870000,46.074040000,450.000
6.402880000,46.074040000,450.000
6.402900000,46.074030000,450.000
6.402920000,46.074030000,450.000
6.402930000,46.074020000,450.000
6.402950000,46.074020000,450.000
6.402980000,46.074020000,450.000
6.403000000,46.074020000,450.000
6.403010000,46.074020000,450.000
6.403020000,46.074020000,450.000
6.403030000,46.074020000,450.000
6.403050000,46.074020000,450.000
6.403060000,46.074020000,450.000
6.403070000,46.074030000,450.000
6.403080000,46.074030000,450.000
6.403270000,46.073970000,450.000
6.403670000,46.073830000,449.000
6.404090000,46.073650000,449.000
6.404120000,46.073640000,449.000
6.404530000,46.073450000,449.000
6.404820000,46.073310000,448.000
6.405070000,46.073200000,448.000
6.405160000,46.073130000,448.000
6.405250000,46.073090000,448.000
6.405320000,46.073060000,447.000
6.405440000,46.073020000,447.000
6.405530000,46.072980000,447.000
6.405640000,46.072950000,447.000
6.405820000,46.072890000,447.000
6.405970000,46.072860000,447.000
6.406160000,46.072830000,447.000
6.406350000,46.072820000,447.000
6.406480000,46.072820000,447.000
6.406700000,46.072830000,447.000
6.406820000,46.072850000,447.000
6.406910000,46.072860000,447.000
6.407030000,46.072890000,447.000
6.407220000,46.072940000,447.000
6.407350000,46.072980000,447.000
6.407530000,46.073050000,447.000
6.407670000,46.073120000,447.000
6.407850000,46.073200000,447.000
6.408000000,46.073270000,447.000
6.408120000,46.073330000,447.000
6.408280000,46.073440000,447.000
6.408410000,46.073540000,447.000
6.408510000,46.073610000,447.000
6.408510000,46.073610000,447.000
6.408520000,46.073620000,447.000
6.408530000,46.073620000,447.000
6.408540000,46.073620000,447.000
6.408550000,46.073620000,447.000
6.408560000,46.073630000,447.000
6.408570000,46.073630000,447.000
6.408580000,46.073640000,447.000
6.408590000,46.073640000,447.000
6.408600000,46.073650000,447.000
6.408730000,46.073660000,447.000
6.408850000,46.073670000,447.000
6.409020000,46.073660000,447.000
6.409120000,46.073650000,447.000
6.409270000,46.073640000,447.000
6.409380000,46.073630000,447.000
6.409540000,46.073610000,447.000
6.409870000,46.073560000,447.000
6.409890000,46.073560000,447.000
6.410140000,46.073510000,447.000
6.410190000,46.073510000,447.000
6.410380000,46.073440000,447.000
6.410390000,46.073440000,447.000
6.410570000,46.073380000,447.000
6.410860000,46.073280000,447.000
6.411010000,46.073230000,447.000
6.411080000,46.073210000,447.000
6.411160000,46.073190000,447.000
6.411250000,46.073170000,447.000
6.411320000,46.073160000,447.000
6.411350000,46.073150000,447.000
6.411730000,46.073090000,447.000
6.412140000,46.073030000,447.000
6.412610000,46.072960000,447.000
6.413510000,46.072860000,447.000
6.413930000,46.072820000,447.000
6.414000000,46.072810000,447.000
6.414220000,46.072790000,447.000
6.414640000,46.072740000,447.000
6.414800000,46.072720000,448.000
6.415150000,46.072680000,448.000
6.416170000,46.072550000,448.000
6.416380000,46.072520000,447.000
6.416480000,46.072510000,447.000
6.416590000,46.072490000,447.000
6.416650000,46.072490000,447.000
6.416740000,46.072480000,447.000
6.417190000,46.072420000,446.000
6.417350000,46.072400000,446.000
6.417630000,46.072360000,446.000
6.417860000,46.072330000,446.000
6.418860000,46.072220000,446.000
6.419140000,46.072180000,446.000
6.419580000,46.072130000,447.000
6.420280000,46.072040000,448.000
6.420390000,46.072020000,448.000
6.420500000,46.072010000,448.000
6.422870000,46.071700000,448.000
6.423070000,46.071680000,448.000
6.424640000,46.071480000,448.000
6.425070000,46.071430000,448.000
6.425130000,46.071420000,448.000
6.425290000,46.071400000,448.000
6.425450000,46.071350000,448.000
6.425540000,46.071320000,448.000
6.425660000,46.071280000,448.000
6.425660000,46.071280000,448.000
6.425660000,46.071270000,448.000
6.425660000,46.071260000,448.000
6.425670000,46.071250000,448.000
6.425670000,46.071240000,448.000
6.425680000,46.071230000,448.000
6.425690000,46.071220000,448.000
6.425700000,46.071210000,448.000
6.425710000,46.071200000,448.000
6.425720000,46.071190000,448.000
6.425740000,46.071190000,448.000
6.425750000,46.071180000,448.000
6.425770000,46.071170000,448.000
6.425780000,46.071160000,448.000
6.425800000,46.071160000,448.000
6.425820000,46.071150000,448.000
6.425840000,46.071150000,448.000
6.425860000,46.071140000,448.000
6.425870000,46.071140000,448.000
6.425880000,46.071140000,448.000
6.425890000,46.071140000,448.000
6.425900000,46.071140000,448.000
6.425910000,46.071140000,448.000
6.425920000,46.071140000,448.000
6.425940000,46.071140000,448.000
6.425950000,46.071140000,448.000
6.425960000,46.071140000,448.000
6.425980000,46.071150000,448.000
6.426000000,46.071150000,448.000
6.426010000,46.071150000,448.000
6.426030000,46.071150000,448.000
6.426050000,46.071160000,448.000
6.426060000,46.071160000,448.000
6.426080000,46.071170000,448.000
6.426090000,46.071170000,448.000
6.426100000,46.071180000,448.000
6.426110000,46.071180000,448.000
6.426120000,46.071190000,448.000
6.426130000,46.071200000,448.000
6.426140000,46.071200000,448.000
6.426150000,46.071210000,448.000
6.426160000,46.071220000,448.000
6.426270000,46.071230000,448.000
6.426330000,46.071240000,448.000
6.426430000,46.071240000,448.000
6.426590000,46.071230000,448.000
6.426730000,46.071210000,448.000
6.426840000,46.071190000,448.000
6.427280000,46.071120000,448.000
6.427650000,46.071070000,448.000
6.427830000,46.071040000,448.000
6.427880000,46.071030000,448.000
6.428410000,46.070950000,448.000
6.428570000,46.070930000,448.000
6.428670000,46.070910000,448.000
6.428890000,46.070880000,448.000
6.429150000,46.070840000,448.000
6.429210000,46.070830000,448.000
6.429400000,46.070790000,448.000
6.429520000,46.070770000,448.000
6.430010000,46.070660000,448.000
6.430240000,46.070610000,448.000
6.430340000,46.070600000,449.000
6.430750000,46.070490000,449.000
6.431170000,46.070380000,449.000
6.431200000,46.070370000,449.000
6.431270000,46.070350000,449.000
6.431440000,46.070300000,449.000
6.431460000,46.070300000,449.000
6.431680000,46.070230000,449.000
6.431740000,46.070220000,449.000
6.431830000,46.070190000,449.000
6.432050000,46.070130000,449.000
6.432150000,46.070100000,449.000
6.432160000,46.070100000,449.000
6.432220000,46.070080000,449.000
6.432480000,46.070030000,449.000
6.432620000,46.070000000,449.000
6.432710000,46.069980000,449.000
6.432760000,46.069970000,450.000
6.432930000,46.069950000,450.000
6.433120000,46.069930000,450.000
6.433290000,46.069920000,450.000
6.433390000,46.069920000,450.000
6.433540000,46.069910000,450.000
6.433660000,46.069920000,450.000
6.433820000,46.069920000,450.000
6.433970000,46.069940000,450.000
6.434000000,46.069940000,450.000
6.434070000,46.069950000,450.000
6.434390000,46.069990000,450.000
6.434720000,46.070030000,450.000
6.434950000,46.070060000,450.000
6.434960000,46.070060000,450.000
6.435190000,46.070070000,450.000
6.435360000,46.070080000,451.000
6.435510000,46.070080000,451.000
6.435760000,46.070070000,451.000
6.435820000,46.070070000,451.000
6.435990000,46.070060000,451.000
6.436160000,46.070040000,451.000
6.436280000,46.070030000,451.000
6.436420000,46.070020000,451.000
6.436850000,46.069960000,451.000
6.437720000,46.069850000,451.000
6.438720000,46.069720000,451.000
6.439150000,46.069670000,451.000
6.439410000,46.069640000,451.000
6.439580000,46.069620000,451.000
6.439660000,46.069600000,451.000
6.440360000,46.069520000,451.000
6.440500000,46.069500000,451.000
6.440610000,46.069470000,451.000
6.440780000,46.069440000,451.000
6.441310000,46.069360000,452.000
6.441340000,46.069350000,452.000
6.441620000,46.069320000,452.000
6.441620000,46.069320000,452.000
6.441620000,46.069310000,452.000
6.441620000,46.069300000,452.000
6.441630000,46.069290000,452.000
6.441630000,46.069280000,452.000
6.441640000,46.069270000,452.000
6.441650000,46.069260000,452.000
6.441660000,46.069250000,452.000
6.441670000,46.069240000,452.000
6.441680000,46.069240000,452.000
6.441680000,46.069230000,452.000
6.441690000,46.069230000,452.000
6.441700000,46.069220000,452.000
6.441710000,46.069220000,452.000
6.441720000,46.069220000,452.000
6.441730000,46.069210000,452.000
6.441740000,46.069210000,452.000
6.441750000,46.069210000,452.000
6.441900000,46.069070000,452.000
6.441910000,46.068800000,452.000
6.441910000,46.068770000,452.000
6.441910000,46.068730000,452.000
6.441920000,46.068580000,452.000
6.441950000,46.068460000,453.000
6.441960000,46.068440000,453.000
6.442010000,46.068250000,453.000
6.442020000,46.068200000,453.000
6.442030000,46.068150000,453.000
6.442000000,46.067990000,453.000
6.441940000,46.067760000,454.000
6.441930000,46.067720000,454.000
6.441910000,46.067590000,454.000
6.441880000,46.067390000,454.000
6.441880000,46.067270000,454.000
6.441900000,46.067000000,454.000
6.441900000,46.066980000,455.000
6.441900000,46.066920000,455.000
6.441910000,46.066720000,455.000
6.441920000,46.066690000,455.000
6.441910000,46.066610000,456.000
6.441910000,46.066600000,456.000
6.441880000,46.066460000,456.000
6.441850000,46.066380000,456.000
6.441820000,46.066290000,456.000
6.441800000,46.066160000,457.000
6.441780000,46.066040000,457.000
6.441760000,46.065910000,457.000
6.441750000,46.065800000,457.000
6.441740000,46.065700000,458.000
6.441720000,46.065550000,458.000
6.441700000,46.065410000,458.000
6.441700000,46.065370000,458.000
6.441690000,46.065230000,459.000
6.441690000,46.065190000,459.000
6.441700000,46.065170000,459.000
6.441720000,46.065010000,459.000
6.441760000,46.064860000,460.000
6.441800000,46.064710000,460.000
6.441850000,46.064530000,460.000
6.441920000,46.064400000,461.000
6.441940000,46.064360000,461.000
6.442000000,46.064270000,461.000
6.442040000,46.064190000,462.000
6.442100000,46.064090000,462.000
6.442120000,46.064010000,462.000
6.442120000,46.063920000,463.000
6.442100000,46.063840000,463.000
6.442090000,46.063790000,463.000
6.442080000,46.063760000,463.000
6.442030000,46.063630000,464.000
6.442010000,46.063590000,464.000
6.441950000,46.063450000,464.000
6.441930000,46.063420000,465.000
6.441870000,46.063290000,465.000
6.441830000,46.063250000,465.000
6.441700000,46.063060000,466.000
6.441650000,46.062980000,466.000
6.441640000,46.062920000,466.000
6.441640000,46.062890000,467.000
6.441640000,46.062840000,467.000
6.441650000,46.062790000,467.000
6.441680000,46.062760000,467.000
6.441690000,46.062750000,468.000
6.441840000,46.062710000,468.000
6.441990000,46.062620000,468.000
6.442100000,46.062540000,469.000
6.442110000,46.062530000,469.000
6.442140000,46.062480000,469.000
6.442180000,46.062390000,469.000
6.442190000,46.062360000,470.000
6.442260000,46.062180000,470.000
6.442310000,46.062050000,471.000
6.442310000,46.062010000,471.000
6.442330000,46.061940000,471.000
6.442310000,46.061830000,472.000
6.442310000,46.061810000,472.000
6.442240000,46.061610000,473.000
6.442150000,46.061450000,473.000
6.442120000,46.061390000,474.000
6.442060000,46.061280000,474.000
6.442020000,46.061210000,475.000
6.441980000,46.061120000,475.000
6.441940000,46.061040000,476.000
6.441930000,46.061030000,476.000
6.441870000,46.060910000,477.000
6.441850000,46.060860000,477.000
6.441750000,46.060670000,478.000
6.441730000,46.060640000,479.000
6.441720000,46.060630000,479.000
6.441700000,46.060590000,479.000
6.441680000,46.060560000,480.000
6.441650000,46.060530000,480.000
6.441610000,46.060500000,481.000
6.441530000,46.060460000,481.000
6.441410000,46.060430000,482.000
6.441290000,46.060430000,483.000
6.440920000,46.060460000,484.000
6.440670000,46.060490000,486.000
6.440420000,46.060510000,488.000
6.440410000,46.060510000,490.000
6.440160000,46.060530000,492.000
6.440000000,46.060540000,494.000
6.439900000,46.060550000,495.000
6.439640000,46.060560000,497.000
6.439630000,46.060560000,499.000
6.439460000,46.060550000,500.000
6.439370000,46.060540000,502.000
6.439190000,46.060520000,505.000
6.439120000,46.060510000,506.000
6.439040000,46.060490000,507.000
6.438810000,46.060430000,508.000
6.438520000,46.060340000,510.000
6.438180000,46.060220000,511.000
6.437950000,46.060150000,513.000
6.437940000,46.060150000,515.000
6.437750000,46.060110000,517.000
6.437680000,46.060110000,518.000
6.437550000,46.060110000,520.000
6.437420000,46.060100000,521.000
6.437370000,46.060100000,522.000
6.437160000,46.060100000,524.000
6.436920000,46.060100000,525.000
6.436910000,46.060100000,526.000
6.436780000,46.060120000,527.000
6.436670000,46.060170000,529.000
6.436620000,46.060180000,530.000
6.436490000,46.060300000,531.000
6.436410000,46.060370000,532.000
6.436350000,46.060420000,533.000
6.436300000,46.060450000,534.000
6.436270000,46.060460000,535.000
6.436240000,46.060460000,535.000
6.436210000,46.060470000,536.000
6.436190000,46.060460000,536.000
6.436160000,46.060460000,537.000
6.436130000,46.060440000,537.000
6.436120000,46.060430000,538.000
6.436100000,46.060420000,538.000
6.436090000,46.060400000,538.000
6.436090000,46.060380000,538.000
6.436080000,46.060370000,539.000
6.436080000,46.060350000,539.000
6.436090000,46.060320000,539.000
6.436100000,46.060260000,540.000
6.436130000,46.060200000,540.000
6.436180000,46.060120000,540.000
6.436240000,46.060060000,541.000
6.436290000,46.060020000,541.000
6.436350000,46.059970000,542.000
6.436420000,46.059940000,543.000
6.436440000,46.059920000,543.000
6.436630000,46.059860000,544.000
6.436650000,46.059860000,544.000
6.436770000,46.059820000,545.000
6.436880000,46.059780000,546.000
6.436990000,46.059740000,547.000
6.437170000,46.059660000,548.000
6.437320000,46.059590000,550.000
6.437470000,46.059510000,550.000
6.437760000,46.059360000,551.000
6.438070000,46.059230000,553.000
6.438410000,46.059110000,555.000
6.438480000,46.059090000,557.000
6.438640000,46.059020000,559.000
6.438780000,46.058960000,561.000
6.439070000,46.058800000,563.000
6.439350000,46.058620000,565.000
6.439530000,46.058460000,569.000
6.439690000,46.058300000,571.000
6.439810000,46.058190000,573.000
6.439900000,46.058130000,575.000
6.439940000,46.058100000,577.000
6.440090000,46.058040000,578.000
6.440120000,46.058040000,580.000
6.440210000,46.058010000,581.000
6.440320000,46.057990000,582.000
6.440360000,46.057980000,583.000
6.440490000,46.057970000,584.000
6.440660000,46.057950000,585.000
6.440880000,46.057950000,586.000
6.440910000,46.057950000,587.000
6.441120000,46.057950000,589.000
6.441400000,46.057960000,590.000
6.441660000,46.057970000,592.000
6.441710000,46.057970000,593.000
6.441910000,46.057980000,596.000
6.442170000,46.058000000,597.000
6.442220000,46.058000000,598.000
6.442400000,46.058020000,599.000
6.442430000,46.058020000,600.000
6.442640000,46.058070000,601.000
6.442910000,46.058160000,602.000
6.443150000,46.058230000,603.000
6.443270000,46.058270000,604.000
6.443380000,46.058300000,605.000
6.443530000,46.058350000,606.000
6.443800000,46.058410000,607.000
6.443870000,46.058420000,608.000
6.444060000,46.058460000,609.000
6.444120000,46.058470000,610.000
6.444270000,46.058500000,611.000
6.444370000,46.058510000,612.000
6.444450000,46.058510000,612.000
6.444630000,46.058530000,613.000
6.444760000,46.058540000,614.000
6.444890000,46.058540000,615.000
6.444980000,46.058540000,615.000
6.445180000,46.058530000,616.000
6.445360000,46.058510000,617.000
6.445490000,46.058490000,618.000
6.445650000,46.058450000,619.000
6.445850000,46.058410000,620.000
6.445900000,46.058410000,621.000
6.446040000,46.058410000,622.000
6.446160000,46.058410000,623.000
6.446170000,46.058410000,624.000
6.446250000,46.058420000,625.000
6.446320000,46.058440000,626.000
6.446400000,46.058470000,626.000
6.446440000,46.058490000,627.000
6.446620000,46.058570000,628.000
6.446630000,46.058570000,628.000
6.446800000,46.058640000,629.000
6.446840000,46.058660000,631.000
6.446910000,46.058690000,631.000
6.446950000,46.058710000,632.000
6.446970000,46.058710000,632.000
6.447000000,46.058720000,633.000
6.447020000,46.058720000,633.000
6.447050000,46.058720000,633.000
6.447080000,46.058710000,634.000
6.447080000,46.058710000,634.000
6.447090000,46.058690000,634.000
6.447100000,46.058680000,634.000
6.447100000,46.058660000,634.000
6.447100000,46.058650000,634.000
6.447100000,46.058620000,634.000
6.447090000,46.058600000,635.000
6.447080000,46.058580000,635.000
6.447060000,46.058570000,635.000
6.447010000,46.058550000,635.000
6.446990000,46.058540000,635.000
6.446800000,46.058470000,636.000
6.446790000,46.058460000,636.000
6.446580000,46.058350000,636.000
6.446390000,46.058240000,637.000
6.446380000,46.058230000,638.000
6.446300000,46.058190000,638.000
6.446270000,46.058170000,639.000
6.446240000,46.058160000,640.000
6.446210000,46.058140000,640.000
6.446180000,46.058130000,640.000
6.446170000,46.058130000,641.000
6.446100000,46.058120000,641.000
6.445920000,46.058080000,642.000
6.445900000,46.058080000,642.000
6.445680000,46.058090000,642.000
6.445380000,46.058120000,643.000
6.445230000,46.058120000,644.000
6.445080000,46.058090000,645.000
6.444910000,46.058030000,646.000
6.444870000,46.058020000,647.000
6.444730000,46.057970000,648.000
6.444680000,46.057950000,649.000
6.444580000,46.057900000,650.000
6.444460000,46.057850000,651.000
6.444400000,46.057820000,652.000
6.444250000,46.057740000,653.000
6.444120000,46.057650000,654.000
6.444070000,46.057620000,656.000
6.443950000,46.057530000,657.000
6.443900000,46.057480000,658.000
6.443780000,46.057370000,660.000
6.443740000,46.057340000,661.000
6.443580000,46.057200000,662.000
6.443530000,46.057160000,664.000
6.443390000,46.057080000,665.000
6.443320000,46.057040000,667.000
6.443010000,46.056920000,670.000
6.442710000,46.056810000,671.000
6.442630000,46.056780000,673.000
6.442250000,46.056670000,675.000
6.442240000,46.056670000,677.000
6.441990000,46.056620000,679.000
6.441840000,46.056580000,681.000
6.441480000,46.056550000,683.000
6.441420000,46.056540000,685.000
6.441010000,46.056520000,687.000
6.440710000,46.056510000,690.000
6.440590000,46.056500000,692.000
6.440450000,46.056510000,695.000
6.440190000,46.056520000,697.000
6.440110000,46.056530000,699.000
6.439900000,46.056550000,700.000
6.439700000,46.056570000,702.000
6.439680000,46.056580000,704.000
6.439570000,46.056600000,705.000
6.439450000,46.056620000,707.000
6.439430000,46.056620000,708.000
6.439320000,46.056620000,709.000
6.439210000,46.056620000,710.000
6.439170000,46.056610000,711.000
6.438970000,46.056570000,713.000
6.438920000,46.056550000,714.000
6.438690000,46.056470000,715.000
6.438560000,46.056430000,717.000
6.438460000,46.056400000,718.000
6.438410000,46.056380000,719.000
6.438270000,46.056350000,721.000
6.438240000,46.056340000,722.000
6.438220000,46.056330000,723.000
6.438210000,46.056330000,724.000
6.438190000,46.056330000,724.000
6.438160000,46.056330000,725.000
6.438130000,46.056330000,726.000
6.438100000,46.056340000,726.000
6.438010000,46.056360000,726.000
6.437970000,46.056370000,727.000
6.437910000,46.056390000,728.000
6.437800000,46.056420000,728.000
6.437720000,46.056430000,729.000
6.437690000,46.056430000,729.000
6.437470000,46.056450000,729.000
6.437440000,46.056450000,730.000
6.436950000,46.056480000,731.000
6.436750000,46.056470000,732.000
6.436490000,46.056480000,733.000
6.436230000,46.056450000,734.000
6.436020000,46.056420000,736.000
6.435940000,46.056410000,737.000
6.435920000,46.056410000,738.000
6.435880000,46.056410000,739.000
6.435830000,46.056410000,740.000
6.435780000,46.056420000,740.000
6.435710000,46.056440000,741.000
6.435680000,46.056460000,742.000
6.435650000,46.056470000,742.000
6.435530000,46.056540000,742.000
6.435480000,46.056570000,743.000
6.435280000,46.056690000,744.000
6.435260000,46.056700000,744.000
6.435140000,46.056770000,745.000
6.435080000,46.056800000,745.000
6.435040000,46.056820000,745.000
6.434940000,46.056850000,745.000
6.434840000,46.056860000,745.000
6.434770000,46.056860000,745.000
6.434670000,46.056850000,746.000
6.434580000,46.056840000,746.000
6.434500000,46.056830000,746.000
6.434400000,46.056820000,746.000
6.434340000,46.056820000,746.000
6.434330000,46.056820000,746.000
6.434310000,46.056820000,746.000
6.434280000,46.056820000,746.000
6.434260000,46.056830000,746.000
6.434240000,46.056840000,747.000
6.434170000,46.056860000,747.000
6.434090000,46.056890000,747.000
6.434060000,46.056910000,747.000
6.433990000,46.056930000,747.000
6.433930000,46.056940000,747.000
6.433880000,46.056940000,747.000
6.433810000,46.056930000,747.000
6.433760000,46.056910000,747.000
6.433730000,46.056890000,747.000
6.433710000,46.056880000,747.000
6.433690000,46.056860000,747.000
6.433690000,46.056850000,747.000
6.433680000,46.056830000,748.000
6.433680000,46.056820000,748.000
6.433680000,46.056820000,748.000
6.433690000,46.056800000,748.000
6.433690000,46.056790000,748.000
6.433700000,46.056780000,748.000
6.433720000,46.056780000,748.000
6.433730000,46.056770000,748.000
6.433740000,46.056770000,748.000
6.433760000,46.056760000,748.000
6.433770000,46.056760000,748.000
6.433790000,46.056760000,748.000
6.433860000,46.056750000,748.000
6.433940000,46.056750000,748.000
6.434040000,46.056740000,748.000
6.434050000,46.056740000,748.000
6.434120000,46.056730000,748.000
6.434190000,46.056720000,749.000
6.434290000,46.056680000,749.000
6.434310000,46.056680000,749.000
6.434420000,46.056630000,750.000
6.434510000,46.056590000,750.000
6.434570000,46.056560000,751.000
6.434740000,46.056500000,752.000
6.434760000,46.056490000,753.000
6.434900000,46.056400000,754.000
6.434930000,46.056370000,755.000
6.434990000,46.056310000,756.000
6.435070000,46.056180000,758.000
6.435110000,46.056080000,759.000
6.435120000,46.056060000,761.000
6.435130000,46.056040000,762.000
6.435150000,46.056030000,763.000
6.435160000,46.056020000,764.000
6.435180000,46.056010000,765.000
6.435190000,46.056000000,765.000
6.435210000,46.056000000,766.000
6.435240000,46.055990000,767.000
6.435260000,46.055990000,767.000
6.435370000,46.055990000,767.000
6.435500000,46.056000000,768.000
6.435610000,46.056030000,769.000
6.435720000,46.056050000,770.000
6.435830000,46.056060000,771.000
6.435860000,46.056060000,772.000
6.435970000,46.056060000,773.000
6.436070000,46.056050000,774.000
6.436120000,46.056040000,775.000
6.436170000,46.056020000,776.000
6.436330000,46.055970000,778.000
6.436460000,46.055910000,779.000
6.436560000,46.055850000,780.000
6.436760000,46.055750000,782.000
6.437010000,46.055680000,783.000
6.437250000,46.055620000,785.000
6.437260000,46.055620000,787.000
6.437430000,46.055530000,789.000
6.437560000,46.055430000,791.000
6.437610000,46.055370000,792.000
6.437680000,46.055290000,794.000
6.437760000,46.055220000,796.000
6.437800000,46.055190000,797.000
6.437940000,46.055120000,799.000
6.437970000,46.055110000,800.000
6.438080000,46.055080000,801.000
6.438220000,46.055070000,803.000
6.438240000,46.055060000,804.000
6.438410000,46.055080000,805.000
6.438590000,46.055120000,808.000
6.438920000,46.055280000,809.000
6.439130000,46.055370000,810.000
6.439310000,46.055450000,811.000
6.439360000,46.055460000,811.000
6.439590000,46.055520000,812.000
6.439600000,46.055520000,812.000
6.440000000,46.055560000,813.000
6.440370000,46.055550000,814.000
6.440470000,46.055550000,814.000
6.440630000,46.055550000,815.000
6.440890000,46.055550000,816.000
6.441080000,46.055550000,817.000
6.441150000,46.055560000,817.000
6.441410000,46.055570000,818.000
6.441920000,46.055600000,819.000
6.441950000,46.055600000,821.000
6.442180000,46.055630000,823.000
6.442530000,46.055680000,825.000
6.442930000,46.055770000,828.000
6.442950000,46.055770000,830.000
6.443190000,46.055780000,833.000
6.443450000,46.055800000,836.000
6.443550000,46.055810000,838.000
6.443970000,46.055830000,843.000
6.444180000,46.055830000,845.000
6.444220000,46.055840000,847.000
6.444470000,46.055900000,849.000
6.444590000,46.055920000,850.000
6.445350000,46.056000000,852.000
6.445750000,46.056010000,854.000
6.446010000,46.056020000,856.000
6.446530000,46.056030000,859.000
6.446640000,46.056030000,860.000
6.446980000,46.056010000,862.000
6.447040000,46.056000000,863.000
6.447290000,46.055950000,864.000
6.447300000,46.055950000,866.000
6.447640000,46.055850000,867.000
6.447760000,46.055800000,869.000
6.447950000,46.055710000,870.000
6.448130000,46.055590000,872.000
6.448170000,46.055580000,873.000
6.448290000,46.055540000,875.000
6.448400000,46.055510000,876.000
6.448410000,46.055510000,877.000
6.448530000,46.055500000,878.000
6.448660000,46.055490000,879.000
6.448710000,46.055490000,880.000
6.448920000,46.055500000,881.000
6.449180000,46.055510000,883.000
6.449280000,46.055510000,883.000
6.449440000,46.055500000,884.000
6.449690000,46.055490000,884.000
6.449700000,46.055490000,885.000
6.450070000,46.055420000,885.000
6.450200000,46.055390000,885.000
6.450400000,46.055330000,885.000
6.450430000,46.055320000,885.000
6.450650000,46.055220000,885.000
6.450670000,46.055210000,885.000
6.450860000,46.055110000,885.000
6.450890000,46.055100000,885.000
6.451100000,46.055040000,885.000
6.451120000,46.055030000,885.000
6.451270000,46.055010000,885.000
6.451330000,46.054990000,885.000
6.451340000,46.054980000,885.000
6.451380000,46.054970000,885.000
6.451470000,46.054910000,885.000
6.451530000,46.054870000,886.000
6.451560000,46.054840000,886.000
6.451610000,46.054790000,887.000
6.451630000,46.054750000,887.000
6.451640000,46.054710000,888.000
6.451620000,46.054670000,889.000
6.451590000,46.054620000,890.000
6.451560000,46.054560000,891.000
6.451550000,46.054530000,892.000
6.451540000,46.054500000,893.000
6.451540000,46.054480000,894.000
6.451550000,46.054440000,895.000
6.451570000,46.054380000,896.000
6.451580000,46.054360000,897.000
6.451620000,46.054290000,898.000
6.451670000,46.054190000,900.000
6.451700000,46.054130000,901.000
6.451770000,46.054000000,903.000
6.451810000,46.053910000,905.000
6.451840000,46.053820000,908.000
6.451840000,46.053750000,910.000
6.451840000,46.053690000,912.000
6.451810000,46.053630000,914.000
6.451770000,46.053570000,916.000
6.451710000,46.053510000,918.000
6.451660000,46.053480000,920.000
6.451600000,46.053460000,922.000
6.451500000,46.053440000,924.000
6.451350000,46.053400000,926.000
6.451230000,46.053370000,930.000
6.451130000,46.053350000,932.000
6.450940000,46.053280000,933.000
6.450790000,46.053190000,934.000
6.450780000,46.053190000,936.000
6.450610000,46.053060000,937.000
6.450450000,46.052950000,939.000
6.450280000,46.052840000,940.000
6.450200000,46.052780000,941.000
6.450150000,46.052730000,942.000
6.450100000,46.052660000,943.000
6.449960000,46.052460000,945.000
6.449850000,46.052330000,946.000
6.449750000,46.052240000,947.000
6.449670000,46.052190000,948.000
6.449590000,46.052140000,949.000
6.449560000,46.052120000,950.000
6.449510000,46.052110000,951.000
6.449450000,46.052100000,953.000
6.449230000,46.052080000,953.000
6.449110000,46.052060000,954.000
6.449000000,46.052040000,955.000
6.448920000,46.052010000,955.000
6.448830000,46.051970000,956.000
6.448700000,46.051880000,956.000
6.448550000,46.051750000,957.000
6.448520000,46.051710000,958.000
6.448480000,46.051660000,958.000
6.448450000,46.051610000,959.000
6.448370000,46.051520000,959.000
6.448320000,46.051470000,960.000
6.448300000,46.051450000,960.000
6.448190000,46.051380000,961.000
6.448140000,46.051350000,961.000
6.448000000,46.051260000,962.000
6.447940000,46.051230000,962.000
6.447730000,46.051120000,963.000
6.447690000,46.051100000,963.000
6.447520000,46.051020000,964.000
6.447380000,46.050950000,965.000
6.447310000,46.050910000,965.000
6.447250000,46.050870000,966.000
6.447130000,46.050790000,966.000
6.447130000,46.050780000,967.000
6.446990000,46.050640000,968.000
6.446990000,46.050630000,968.000
6.446890000,46.050510000,969.000
6.446850000,46.050480000,970.000
6.446840000,46.050470000,970.000
6.446820000,46.050460000,971.000
6.446780000,46.050440000,971.000
6.446730000,46.050430000,972.000
6.446650000,46.050420000,972.000
6.446620000,46.050410000,972.000
6.446520000,46.050380000,973.000
6.446380000,46.050340000,973.000
6.446360000,46.050340000,974.000
6.446290000,46.050310000,974.000
6.446220000,46.050270000,975.000
6.446160000,46.050220000,975.000
6.446120000,46.050190000,976.000
6.446090000,46.050130000,976.000
6.446080000,46.050120000,977.000
6.445980000,46.049950000,977.000
6.445960000,46.049920000,978.000
6.445860000,46.049750000,978.000
6.445780000,46.049620000,980.000
6.445710000,46.049480000,981.000
6.445700000,46.049450000,981.000
6.445650000,46.049350000,982.000
6.445650000,46.049280000,983.000
6.445650000,46.049260000,984.000
6.445670000,46.049130000,985.000
6.445670000,46.049100000,985.000
6.445670000,46.049010000,986.000
6.445670000,46.048920000,987.000
6.445670000,46.048890000,987.000
6.445650000,46.048830000,988.000
6.445620000,46.048780000,989.000
6.445610000,46.048760000,989.000
6.445580000,46.048750000,990.000
6.445560000,46.048740000,990.000
6.445560000,46.048740000,991.000
6.445510000,46.048750000,991.000
6.445460000,46.048770000,991.000
6.445320000,46.048870000,992.000
6.445310000,46.048880000,992.000
6.445220000,46.048930000,992.000
6.445120000,46.049000000,993.000
6.445020000,46.049070000,994.000
6.444960000,46.049130000,994.000
6.444920000,46.049170000,995.000
6.444880000,46.049210000,995.000
6.444840000,46.049250000,996.000
6.444830000,46.049260000,997.000
6.444770000,46.049280000,997.000
6.444730000,46.049290000,998.000
6.444690000,46.049290000,998.000
6.444660000,46.049280000,998.000
6.444640000,46.049260000,999.000
6.444620000,46.049250000,999.000
6.444620000,46.049240000,999.000
6.444590000,46.049200000,1000.000
6.444560000,46.049070000,1000.000
6.444510000,46.048900000,1000.000
6.444450000,46.048720000,1001.000
6.444480000,46.048590000,1002.000
6.444500000,46.048540000,1002.000
6.444580000,46.048370000,1003.000
6.444600000,46.048340000,1004.000
6.444640000,46.048290000,1004.000
6.444740000,46.048140000,1005.000
6.444820000,46.048030000,1006.000
6.444830000,46.048020000,1006.000
6.444980000,46.047870000,1007.000
6.445000000,46.047840000,1008.000
6.445030000,46.047790000,1008.000
6.445050000,46.047730000,1009.000
6.445040000,46.047670000,1009.000
6.445000000,46.047620000,1010.000
6.444980000,46.047580000,1011.000
6.444920000,46.047520000,1011.000
6.444920000,46.047510000,1011.000
6.444890000,46.047480000,1012.000
6.444870000,46.047420000,1012.000
6.444860000,46.047370000,1012.000
6.444870000,46.047320000,1013.000
6.444880000,46.047310000,1013.000
6.444880000,46.047240000,1014.000
6.444850000,46.047190000,1014.000
6.444820000,46.047150000,1014.000
6.444730000,46.047020000,1015.000
6.444700000,46.046990000,1015.000
6.444680000,46.046950000,1015.000
6.444640000,46.046890000,1016.000
6.444610000,46.046870000,1016.000
6.444560000,46.046850000,1017.000
6.444560000,46.046850000,1017.000
6.444530000,46.046840000,1017.000
6.444510000,46.046840000,1018.000
6.444470000,46.046850000,1018.000
6.444460000,46.046860000,1018.000
6.444430000,46.046870000,1018.000
6.444400000,46.046890000,1018.000
6.444370000,46.046930000,1019.000
6.444360000,46.046940000,1019.000
6.444320000,46.047000000,1019.000
6.444280000,46.047080000,1019.000
6.444280000,46.047100000,1020.000
6.444240000,46.047190000,1020.000
6.444200000,46.047270000,1020.000
6.444200000,46.047280000,1021.000
6.444140000,46.047380000,1021.000
6.444110000,46.047440000,1022.000
6.444070000,46.047520000,1022.000
6.444000000,46.047610000,1023.000
6.443990000,46.047620000,1023.000
6.443910000,46.047720000,1024.000
6.443880000,46.047770000,1025.000
6.443880000,46.047780000,1025.000
6.443830000,46.047930000,1026.000
6.443810000,46.047990000,1026.000
6.443740000,46.048080000,1027.000
6.443720000,46.048110000,1027.000
6.443670000,46.048180000,1028.000
6.443600000,46.048270000,1028.000
6.443530000,46.048370000,1029.000
6.443490000,46.048430000,1030.000
6.443460000,46.048480000,1030.000
6.443410000,46.048540000,1031.000
6.443360000,46.048580000,1031.000
6.443350000,46.048600000,1032.000
6.443260000,46.048670000,1033.000
6.443210000,46.048710000,1033.000
6.443180000,46.048740000,1034.000
6.443130000,46.048800000,1034.000
6.443110000,46.048870000,1035.000
6.443090000,46.048920000,1035.000
6.443060000,46.049000000,1036.000
6.443020000,46.049040000,1036.000
6.443000000,46.049070000,1037.000
6.442900000,46.049140000,1037.000
6.442860000,46.049180000,1038.000
6.442770000,46.049250000,1038.000
6.442720000,46.049330000,1039.000
6.442680000,46.049410000,1040.000
6.442660000,46.049540000,1040.000
6.442650000,46.049590000,1041.000
6.442620000,46.049770000,1042.000
6.442610000,46.049770000,1042.000
6.442550000,46.049920000,1043.000
6.442460000,46.050050000,1044.000
6.442420000,46.050100000,1045.000
6.442330000,46.050190000,1046.000
6.442200000,46.050340000,1047.000
6.442160000,46.050410000,1048.000
6.442150000,46.050450000,1049.000
6.442120000,46.050550000,1050.000
6.442150000,46.050590000,1051.000
6.442180000,46.050650000,1052.000
6.442290000,46.050730000,1052.000
6.442400000,46.050810000,1053.000
6.442460000,46.050860000,1054.000
6.442630000,46.051000000,1056.000
6.442670000,46.051030000,1056.000
6.442760000,46.051160000,1057.000
6.442780000,46.051190000,1058.000
6.442810000,46.051320000,1059.000
6.442810000,46.051330000,1060.000
6.442790000,46.051450000,1061.000
6.442770000,46.051510000,1062.000
6.442730000,46.051600000,1063.000
6.442720000,46.051680000,1064.000
6.442700000,46.051790000,1065.000
6.442730000,46.051860000,1066.000
6.442730000,46.051870000,1067.000
6.442780000,46.051950000,1068.000
6.442860000,46.052010000,1068.000
6.442900000,46.052040000,1069.000
6.443070000,46.052120000,1070.000
6.443270000,46.052220000,1071.000
6.443280000,46.052220000,1072.000
6.443520000,46.052290000,1073.000
6.443690000,46.052330000,1074.000
6.443760000,46.052360000,1076.000
6.443910000,46.052420000,1077.000
6.443960000,46.052470000,1078.000
6.443950000,46.052590000,1079.000
6.443880000,46.052650000,1080.000
6.443800000,46.052690000,1080.000
6.443800000,46.052690000,1081.000
6.443540000,46.052700000,1082.000
6.443370000,46.052700000,1082.000
6.443280000,46.052700000,1083.000
6.443160000,46.052700000,1084.000
6.442940000,46.052680000,1084.000
6.442700000,46.052620000,1085.000
6.442670000,46.052610000,1086.000
6.442620000,46.052580000,1087.000
6.442460000,46.052520000,1087.000
6.442330000,46.052470000,1088.000
6.442150000,46.052420000,1089.000
6.442010000,46.052380000,1089.000
6.441900000,46.052380000,1091.000
6.441730000,46.052370000,1091.000
6.441700000,46.052360000,1092.000
6.441660000,46.052340000,1093.000
6.441550000,46.052280000,1093.000
6.441480000,46.052210000,1094.000
6.441370000,46.052110000,1095.000
6.441300000,46.052040000,1096.000
6.441260000,46.051950000,1096.000
6.441230000,46.051900000,1097.000
6.441220000,46.051890000,1098.000
6.441160000,46.051780000,1099.000
6.441140000,46.051730000,1099.000
6.441080000,46.051610000,1100.000
6.441050000,46.051560000,1101.000
6.441040000,46.051560000,1102.000
6.440980000,46.051450000,1102.000
6.440960000,46.051410000,1103.000
6.440880000,46.051280000,1104.000
6.440850000,46.051230000,1105.000
6.440820000,46.051170000,1105.000
6.440780000,46.051110000,1106.000
6.440760000,46.051060000,1107.000
6.440690000,46.050950000,1108.000
6.440630000,46.050850000,1109.000
6.440590000,46.050780000,1110.000
6.440550000,46.050730000,1110.000
6.440490000,46.050640000,1111.000
6.440480000,46.050620000,1112.000
6.440460000,46.050590000,1112.000
6.440440000,46.050570000,1113.000
6.440340000,46.050470000,1113.000
6.440300000,46.050420000,1114.000
6.440200000,46.050310000,1114.000
6.440160000,46.050270000,1115.000
6.440150000,46.050260000,1115.000
6.440060000,46.050160000,1116.000
6.440020000,46.050120000,1116.000
6.439980000,46.050070000,1117.000
6.439930000,46.050010000,1117.000
6.439900000,46.049960000,1118.000
6.439860000,46.049900000,1118.000
6.439830000,46.049840000,1119.000
6.439790000,46.049770000,1119.000
6.439750000,46.049670000,1120.000
6.439730000,46.049590000,1120.000
6.439750000,46.049390000,1121.000
6.439820000,46.049270000,1122.000
6.439870000,46.049180000,1123.000
6.439900000,46.049100000,1124.000
6.439900000,46.049090000,1125.000
6.439890000,46.049000000,1126.000
6.439840000,46.048930000,1127.000
6.439800000,46.048880000,1128.000
6.439710000,46.048780000,1129.000
6.439700000,46.048760000,1130.000
6.439590000,46.048620000,1131.000
6.439500000,46.048490000,1132.000
6.439470000,46.048460000,1134.000
6.439370000,46.048290000,1135.000
6.439350000,46.048260000,1137.000
6.439310000,46.048170000,1138.000
6.439300000,46.048120000,1140.000
6.439290000,46.048060000,1141.000
6.439290000,46.047940000,1142.000
6.439290000,46.047870000,1144.000
6.439290000,46.047760000,1145.000
6.439290000,46.047700000,1147.000
6.439290000,46.047610000,1148.000
6.439300000,46.047580000,1149.000
6.439320000,46.047520000,1151.000
6.439350000,46.047480000,1153.000
6.439390000,46.047410000,1153.000
6.439430000,46.047360000,1154.000
6.439520000,46.047260000,1155.000
6.439640000,46.047100000,1156.000
6.439680000,46.047010000,1157.000
6.439670000,46.046920000,1158.000
6.439670000,46.046910000,1158.000
6.439650000,46.046840000,1159.000
6.439600000,46.046680000,1160.000
6.439570000,46.046610000,1161.000
6.439530000,46.046500000,1162.000
6.439460000,46.046330000,1163.000
6.439380000,46.046160000,1164.000
6.439310000,46.045990000,1165.000
6.439260000,46.045870000,1166.000
6.439240000,46.045810000,1167.000
6.439160000,46.045650000,1169.000
6.439160000,46.045640000,1169.000
6.439050000,46.045290000,1170.000
6.439020000,46.045110000,1171.000
6.439000000,46.044930000,1172.000
6.438990000,46.044870000,1173.000
6.438980000,46.044810000,1174.000
6.438960000,46.044760000,1175.000
6.438940000,46.044690000,1176.000
6.438870000,46.044590000,1177.000
6.438870000,46.044580000,1177.000
6.438710000,46.044450000,1178.000
6.438660000,46.044400000,1179.000
6.438550000,46.044310000,1179.000
6.438540000,46.044300000,1180.000
6.438430000,46.044190000,1181.000
6.438400000,46.044160000,1181.000
6.438370000,46.044130000,1182.000
6.438280000,46.044000000,1183.000
6.438160000,46.043840000,1184.000
6.438150000,46.043820000,1184.000
6.438100000,46.043710000,1185.000
6.438050000,46.043650000,1186.000
6.438010000,46.043600000,1187.000
6.437920000,46.043500000,1188.000
6.437910000,46.043490000,1189.000
6.437810000,46.043390000,1190.000
6.437780000,46.043350000,1191.000
6.437680000,46.043220000,1192.000
6.437660000,46.043180000,1193.000
6.437560000,46.043020000,1194.000
6.437540000,46.042990000,1195.000
6.437460000,46.042850000,1197.000
6.437350000,46.042690000,1198.000
6.437250000,46.042520000,1199.000
6.437180000,46.042420000,1201.000
6.437150000,46.042360000,1204.000
6.437060000,46.042220000,1205.000
6.436940000,46.042030000,1207.000
6.436850000,46.041860000,1210.000
6.436850000,46.041850000,1212.000
6.436800000,46.041710000,1215.000
6.436800000,46.041680000,1217.000
6.436790000,46.041580000,1219.000
6.436820000,46.041510000,1221.000
6.436830000,46.041500000,1223.000
6.436920000,46.041440000,1225.000
6.437020000,46.041390000,1227.000
6.437100000,46.041360000,1229.000
6.437230000,46.041290000,1231.000
6.437300000,46.041260000,1233.000
6.437430000,46.041180000,1235.000
6.437440000,46.041180000,1236.000
6.437550000,46.041130000,1238.000
6.437640000,46.041070000,1240.000
6.437670000,46.041060000,1241.000
6.437690000,46.041010000,1243.000
6.437670000,46.040970000,1244.000
6.437610000,46.040960000,1246.000
6.437580000,46.040960000,1248.000
6.437510000,46.040980000,1248.000
6.437360000,46.041050000,1249.000
6.437140000,46.041140000,1249.000
6.437050000,46.041180000,1249.000
6.436920000,46.041220000,1249.000
6.436910000,46.041230000,1249.000
6.436820000,46.041240000,1249.000
6.436710000,46.041250000,1249.000
6.436650000,46.041250000,1249.000
6.436500000,46.041250000,1249.000
6.436400000,46.041270000,1249.000
6.436380000,46.041280000,1248.000
6.436310000,46.041310000,1248.000
6.436210000,46.041380000,1248.000
6.436200000,46.041390000,1248.000
6.436160000,46.041440000,1248.000
6.436140000,46.041530000,1247.000
6.436140000,46.041560000,1247.000
6.436120000,46.041640000,1247.000
6.436100000,46.041660000,1247.000
6.436010000,46.041700000,1246.000
6.436010000,46.041700000,1246.000
6.435940000,46.041670000,1246.000
6.435900000,46.041640000,1246.000
6.435860000,46.041540000,1246.000
6.435850000,46.041520000,1245.000
6.435840000,46.041370000,1245.000
6.435830000,46.041270000,1245.000
6.435840000,46.041190000,1245.000
6.435850000,46.041120000,1246.000
6.435890000,46.041050000,1247.000
6.435930000,46.041030000,1248.000
6.436110000,46.040970000,1249.000
6.436170000,46.040950000,1250.000
6.436290000,46.040920000,1251.000
6.436410000,46.040890000,1253.000
6.436650000,46.040820000,1254.000
6.436710000,46.040810000,1256.000
6.436880000,46.040740000,1258.000
6.437110000,46.040660000,1260.000
6.437330000,46.040580000,1262.000
6.437340000,46.040580000,1264.000
6.437590000,46.040530000,1267.000
6.437600000,46.040520000,1269.000
6.437840000,46.040480000,1273.000
6.437900000,46.040470000,1274.000
6.438090000,46.040420000,1276.000
6.438330000,46.040370000,1277.000
6.438440000,46.040340000,1278.000
6.438580000,46.040330000,1279.000
6.438620000,46.040320000,1280.000
6.438810000,46.040320000,1281.000
6.438840000,46.040330000,1282.000
6.439030000,46.040340000,1283.000
6.439100000,46.040350000,1283.000
6.439360000,46.040360000,1284.000
6.439440000,46.040370000,1285.000
6.439620000,46.040370000,1285.000
6.439760000,46.040370000,1286.000
6.439870000,46.040370000,1287.000
6.440120000,46.040370000,1288.000
6.440130000,46.040370000,1288.000
6.440420000,46.040350000,1290.000
6.440630000,46.040320000,1290.000
6.440900000,46.040300000,1291.000
6.441090000,46.040280000,1292.000
6.441360000,46.040280000,1293.000
6.441420000,46.040280000,1294.000
6.441630000,46.040270000,1295.000
6.441680000,46.040260000,1296.000
6.441910000,46.040240000,1297.000
6.441940000,46.040230000,1298.000
6.442160000,46.040220000,1299.000
6.442190000,46.040220000,1300.000
6.442300000,46.040220000,1301.000
6.442440000,46.040210000,1302.000
6.442450000,46.040210000,1303.000
6.442550000,46.040180000,1304.000
6.442680000,46.040130000,1305.000
6.442800000,46.040060000,1306.000
6.442870000,46.040000000,1306.000
6.442910000,46.039970000,1308.000
6.443020000,46.039880000,1308.000
6.443040000,46.039870000,1309.000
6.443210000,46.039750000,1309.000
6.443220000,46.039740000,1310.000
6.443370000,46.039640000,1310.000
6.443390000,46.039610000,1310.000
6.443430000,46.039550000,1311.000
6.443430000,46.039470000,1311.000
6.443400000,46.039440000,1311.000
6.443320000,46.039370000,1311.000
6.443230000,46.039300000,1311.000
6.443040000,46.039180000,1312.000
6.442910000,46.039080000,1312.000
6.442870000,46.039040000,1312.000
6.442710000,46.038900000,1313.000
6.442660000,46.038850000,1313.000
6.442570000,46.038750000,1313.000
6.442430000,46.038600000,1314.000
6.442390000,46.038540000,1314.000
6.442380000,46.038520000,1314.000
6.442280000,46.038350000,1315.000
6.442270000,46.038320000,1315.000
6.442200000,46.038180000,1315.000
6.442200000,46.038180000,1316.000
6.442120000,46.038100000,1317.000
6.442000000,46.038030000,1317.000
6.441970000,46.038010000,1318.000
6.441870000,46.037940000,1318.000
6.441810000,46.037870000,1319.000
6.441800000,46.037870000,1320.000
6.441700000,46.037750000,1320.000
6.441620000,46.037670000,1321.000
6.441520000,46.037600000,1321.000
6.441500000,46.037590000,1322.000
6.441370000,46.037510000,1323.000
6.441150000,46.037370000,1324.000
6.440950000,46.037210000,1325.000
6.440810000,46.037090000,1327.000
6.440780000,46.037070000,1327.000
6.440610000,46.036930000,1328.000
6.440450000,46.036800000,1329.000
6.440360000,46.036730000,1330.000
6.440280000,46.036680000,1331.000
6.440260000,46.036670000,1331.000
6.440100000,46.036590000,1332.000
6.440070000,46.036580000,1333.000
6.439980000,46.036520000,1333.000
6.439880000,46.036460000,1334.000
6.439800000,46.036400000,1335.000
6.439700000,46.036330000,1335.000
6.439570000,46.036240000,1336.000
6.439520000,46.036200000,1336.000
6.439360000,46.036090000,1337.000
6.439160000,46.035960000,1338.000
6.439150000,46.035950000,1339.000
6.439060000,46.035890000,1339.000
6.439010000,46.035840000,1340.000
6.438980000,46.035810000,1341.000
6.438880000,46.035700000,1342.000
6.438840000,46.035660000,1342.000
6.438820000,46.035640000,1343.000
6.438760000,46.035610000,1344.000
6.438680000,46.035580000,1344.000
6.438630000,46.035560000,1345.000
6.438610000,46.035550000,1345.000
6.438530000,46.035530000,1346.000
6.438420000,46.035510000,1347.000
6.438380000,46.035510000,1347.000
6.438240000,46.035500000,1348.000
6.438180000,46.035490000,1349.000
6.438110000,46.035480000,1349.000
6.437990000,46.035450000,1350.000
6.437950000,46.035430000,1351.000
6.437900000,46.035400000,1351.000
6.437860000,46.035370000,1352.000
6.437820000,46.035340000,1353.000
6.437780000,46.035290000,1353.000
6.437740000,46.035240000,1354.000
6.437670000,46.035130000,1355.000
6.437630000,46.035070000,1356.000
6.437580000,46.035010000,1356.000
6.437540000,46.034970000,1357.000
6.437450000,46.034890000,1358.000
6.437370000,46.034840000,1359.000
6.437310000,46.034790000,1360.000
6.437190000,46.034710000,1361.000
6.437090000,46.034640000,1363.000
6.437010000,46.034580000,1363.000
6.436960000,46.034520000,1364.000
6.436890000,46.034430000,1365.000
6.436890000,46.034420000,1365.000
6.436790000,46.034250000,1366.000
6.436700000,46.034110000,1367.000
6.436690000,46.034090000,1368.000
6.436630000,46.033910000,1369.000
6.436620000,46.033890000,1369.000
6.436610000,46.033880000,1370.000
6.436570000,46.033790000,1371.000
6.436520000,46.033750000,1371.000
6.436470000,46.033730000,1372.000
6.436430000,46.033730000,1372.000
6.436380000,46.033730000,1373.000
6.436340000,46.033740000,1373.000
6.436310000,46.033760000,1373.000
6.436300000,46.033770000,1374.000
6.436270000,46.033810000,1374.000
6.436260000,46.033850000,1374.000
6.436250000,46.033890000,1375.000
6.436230000,46.034070000,1375.000
6.436220000,46.034170000,1375.000
6.436200000,46.034230000,1376.000
6.436160000,46.034380000,1377.000
6.436150000,46.034440000,1378.000
6.436150000,46.034480000,1378.000
6.436170000,46.034550000,1379.000
6.436220000,46.034650000,1379.000
6.436310000,46.034820000,1380.000
6.436360000,46.034900000,1381.000
6.436430000,46.034960000,1382.000
6.436440000,46.034980000,1382.000
6.436470000,46.035020000,1383.000
6.436520000,46.035080000,1384.000
6.436560000,46.035140000,1384.000
6.436590000,46.035200000,1385.000
6.436640000,46.035310000,1385.000
6.436810000,46.035650000,1386.000
6.436850000,46.035740000,1387.000
6.436860000,46.035770000,1388.000
6.436870000,46.035790000,1389.000
6.436850000,46.035840000,1390.000
6.436810000,46.035860000,1390.000
6.436750000,46.035870000,1391.000
6.436720000,46.035870000,1392.000
6.436680000,46.035870000,1392.000
6.436630000,46.035850000,1393.000
6.436590000,46.035820000,1393.000
6.436580000,46.035810000,1393.000
6.436550000,46.035760000,1394.000
6.436480000,46.035650000,1395.000
6.436470000,46.035650000,1395.000
6.436400000,46.035570000,1395.000
6.436310000,46.035510000,1396.000
6.436140000,46.035370000,1396.000
6.436040000,46.035300000,1397.000
6.435960000,46.035240000,1398.000
6.435870000,46.035170000,1399.000
6.435770000,46.035120000,1400.000
6.435570000,46.035010000,1401.000
6.435520000,46.034990000,1402.000
6.435470000,46.034980000,1403.000
6.435320000,46.034980000,1404.000
6.435220000,46.034990000,1405.000
6.435110000,46.034970000,1406.000
6.435060000,46.034950000,1407.000
6.434980000,46.034890000,1408.000
6.434910000,46.034830000,1409.000
6.434900000,46.034820000,1410.000
6.434850000,46.034750000,1411.000
6.434810000,46.034670000,1412.000
6.434770000,46.034580000,1413.000
6.434740000,46.034540000,1413.000
6.434710000,46.034500000,1414.000
6.434710000,46.034490000,1415.000
6.434680000,46.034450000,1416.000
6.434560000,46.034340000,1416.000
6.434540000,46.034330000,1417.000
6.434390000,46.034210000,1417.000
6.434320000,46.034150000,1418.000
6.434220000,46.034070000,1419.000
6.434160000,46.034010000,1420.000
6.434080000,46.033920000,1421.000
6.434040000,46.033880000,1421.000
6.433970000,46.033790000,1422.000
6.433940000,46.033770000,1423.000
6.433920000,46.033750000,1423.000
6.433820000,46.033680000,1424.000
6.433760000,46.033640000,1425.000
6.433630000,46.033570000,1425.000
6.433550000,46.033530000,1426.000
6.433500000,46.033490000,1427.000
6.433420000,46.033440000,1427.000
6.433370000,46.033400000,1428.000
6.433290000,46.033350000,1429.000
6.433220000,46.033300000,1429.000
6.433180000,46.033280000,1430.000
6.433070000,46.033210000,1431.000
6.432980000,46.033160000,1432.000
6.432920000,46.033130000,1432.000
6.432790000,46.033040000,1433.000
6.432600000,46.032920000,1434.000
6.432360000,46.032770000,1435.000
6.432260000,46.032700000,1436.000
6.432240000,46.032690000,1437.000
6.432130000,46.032600000,1438.000
6.432080000,46.032570000,1439.000
6.432000000,46.032530000,1440.000
6.431870000,46.032460000,1441.000
6.431750000,46.032400000,1442.000
6.431670000,46.032350000,1443.000
6.431650000,46.032340000,1443.000
6.431570000,46.032280000,1444.000
6.431500000,46.032220000,1445.000
6.431470000,46.032200000,1445.000
6.431350000,46.032120000,1446.000
6.431300000,46.032100000,1447.000
6.431200000,46.032060000,1447.000
6.431070000,46.032010000,1448.000
6.430970000,46.031970000,1450.000
6.430800000,46.031900000,1450.000
6.430750000,46.031880000,1451.000
6.430700000,46.031850000,1451.000
6.430560000,46.031760000,1452.000
6.430530000,46.031730000,1453.000
6.430390000,46.031650000,1454.000
6.430370000,46.031640000,1454.000
6.430350000,46.031620000,1455.000
6.430290000,46.031600000,1456.000
6.430190000,46.031570000,1456.000
6.430130000,46.031570000,1457.000
6.430040000,46.031560000,1457.000
6.429870000,46.031550000,1458.000
6.429830000,46.031550000,1459.000
6.429620000,46.031540000,1459.000
6.429580000,46.031540000,1460.000
6.429400000,46.031510000,1461.000
6.429110000,46.031450000,1462.000
6.428890000,46.031390000,1463.000
6.428870000,46.031380000,1464.000
6.428790000,46.031360000,1465.000
6.428660000,46.031310000,1466.000
6.428580000,46.031270000,1467.000
6.428520000,46.031210000,1468.000
6.428480000,46.031170000,1468.000
6.428450000,46.031140000,1469.000
6.428400000,46.031080000,1470.000
6.428330000,46.031050000,1470.000
6.428310000,46.031040000,1471.000
6.428130000,46.030970000,1471.000
6.428080000,46.030960000,1472.000
6.427900000,46.030900000,1472.000
6.427680000,46.030840000,1473.000
6.427550000,46.030810000,1474.000
6.427360000,46.030750000,1475.000
6.427360000,46.030740000,1475.000
6.427210000,46.030660000,1476.000
6.427060000,46.030550000,1477.000
6.427020000,46.030510000,1478.000
6.426970000,46.030460000,1478.000
6.426940000,46.030410000,1479.000
6.426890000,46.030330000,1480.000
6.426800000,46.030190000,1480.000
6.426770000,46.030150000,1481.000
6.426730000,46.030110000,1482.000
6.426600000,46.030040000,1483.000
6.426500000,46.030010000,1483.000
6.426400000,46.030000000,1484.000
6.426320000,46.030020000,1484.000
6.426270000,46.030040000,1485.000
6.426250000,46.030060000,1485.000
6.426230000,46.030080000,1485.000
6.426230000,46.030130000,1486.000
6.426250000,46.030160000,1486.000
6.426300000,46.030220000,1486.000
6.426370000,46.030290000,1487.000
6.426410000,46.030350000,1487.000
6.426460000,46.030410000,1487.000
6.426520000,46.030500000,1488.000
6.426520000,46.030510000,1488.000
6.426560000,46.030610000,1488.000
6.426580000,46.030690000,1489.000
6.426590000,46.030720000,1489.000
6.426610000,46.030860000,1490.000
6.426620000,46.030880000,1490.000
6.426620000,46.030990000,1490.000
6.426620000,46.031040000,1491.000
6.426610000,46.031050000,1491.000
6.426610000,46.031110000,1492.000
6.426600000,46.031170000,1492.000
6.426590000,46.031220000,1493.000
6.426580000,46.031230000,1493.000
6.426570000,46.031290000,1493.000
6.426570000,46.031350000,1494.000
6.426580000,46.031400000,1494.000
6.426610000,46.031570000,1495.000
6.426610000,46.031580000,1495.000
6.426640000,46.031760000,1495.000
6.426690000,46.031910000,1496.000
6.426740000,46.032020000,1496.000
6.426800000,46.032100000,1496.000
6.426840000,46.032170000,1497.000
6.426910000,46.032260000,1497.000
6.426990000,46.032360000,1498.000
6.427020000,46.032420000,1498.000
6.427050000,46.032490000,1498.000
6.427080000,46.032600000,1499.000
6.427100000,46.032650000,1499.000
6.427100000,46.032690000,1499.000
6.427130000,46.032770000,1500.000
6.427200000,46.032840000,1500.000
6.427310000,46.032930000,1500.000
6.427410000,46.033020000,1501.000
6.427440000,46.033060000,1501.000
        </coordinates>
      </LineString>
    </Placemark>
  </Document>
</kml>
