<?xml version="1.0" encoding="UTF-8"?>
<kml xmlns="http://www.opengis.net/kml/2.2">
  <Document>
    <name>Tour de France 2026 - Stage 11</name>
    <Style id="routeStyle">
      <LineStyle>
        <color>ff111111</color>
        <width>4</width>
      </LineStyle>
    </Style>
    <Placemark>
      <name>Tour de France 2026 - Stage 11</name>
      <styleUrl>#routeStyle</styleUrl>
      <LineString>
        <tessellate>1</tessellate>
        <coordinates>
3.417310000,46.163660000,250.400
3.417450000,46.163760000,250.000
3.417490000,46.163770000,249.900
3.417540000,46.163780000,249.900
3.417610000,46.163820000,249.800
3.417710000,46.163910000,249.400
3.417740000,46.163930000,249.300
3.417980000,46.164140000,248.200
3.418000000,46.164150000,248.100
3.418300000,46.164490000,248.800
3.418390000,46.164610000,249.200
3.418390000,46.164610000,249.200
3.418420000,46.164650000,249.300
3.418440000,46.164680000,249.400
3.418450000,46.164720000,249.500
3.418470000,46.164770000,249.600
3.418580000,46.164930000,249.900
3.418700000,46.165090000,250.000
3.418710000,46.165120000,250.100
3.418830000,46.165280000,250.200
3.418930000,46.165400000,250.300
3.419110000,46.165530000,250.600
3.419120000,46.165540000,250.600
3.419270000,46.165650000,250.800
3.419400000,46.165730000,250.800
3.419420000,46.165730000,250.800
3.419540000,46.165800000,250.800
3.419720000,46.165900000,250.900
3.419740000,46.165910000,250.900
3.419950000,46.166050000,251.000
3.419990000,46.166080000,251.000
3.420110000,46.166170000,251.400
3.420220000,46.166270000,251.800
3.420330000,46.166370000,252.200
3.420430000,46.166520000,252.500
3.420480000,46.166560000,252.700
3.420490000,46.166580000,252.800
3.420510000,46.166610000,252.800
3.420540000,46.166700000,253.000
3.420570000,46.166780000,253.100
3.420580000,46.166800000,253.100
3.420610000,46.166910000,253.300
3.420650000,46.167100000,253.500
3.420660000,46.167340000,253.500
3.420670000,46.167540000,253.700
3.420690000,46.167780000,254.000
3.420700000,46.167810000,254.100
3.420690000,46.167840000,254.100
3.420680000,46.167890000,254.100
3.420680000,46.167890000,254.100
3.420710000,46.168060000,254.400
3.420760000,46.168370000,255.100
3.420760000,46.168480000,256.000
3.420730000,46.168620000,256.900
3.420700000,46.168720000,257.500
3.420650000,46.168820000,257.900
3.420610000,46.168900000,258.100
3.420560000,46.168970000,258.200
3.420490000,46.169060000,258.100
3.420410000,46.169130000,257.800
3.420100000,46.169380000,257.600
3.419560000,46.169760000,256.900
3.419050000,46.170130000,254.800
3.419040000,46.170130000,254.700
3.418770000,46.170330000,255.100
3.418430000,46.170580000,254.900
3.418280000,46.170690000,254.600
3.418130000,46.170810000,254.200
3.417890000,46.171000000,253.100
3.417730000,46.171130000,252.000
3.417610000,46.171240000,251.200
3.417460000,46.171390000,250.200
3.417300000,46.171540000,249.800
3.417210000,46.171660000,249.600
3.417110000,46.171800000,249.900
3.417080000,46.171850000,250.000
3.416970000,46.172020000,250.200
3.416930000,46.172080000,250.200
3.416700000,46.172460000,250.100
3.416660000,46.172510000,250.100
3.416570000,46.172680000,251.000
3.416380000,46.172990000,252.100
3.416370000,46.173010000,252.100
3.416080000,46.173520000,253.300
3.415840000,46.173910000,254.600
3.415780000,46.174010000,255.000
3.415690000,46.174180000,255.700
3.415640000,46.174260000,255.900
3.415530000,46.174460000,256.400
3.415470000,46.174590000,256.700
3.415390000,46.174760000,256.900
3.415340000,46.174940000,257.500
3.415300000,46.175150000,257.700
3.415290000,46.175220000,257.800
3.415270000,46.175350000,257.900
3.415270000,46.175390000,258.000
3.415250000,46.175620000,258.300
3.415250000,46.175680000,258.500
3.415240000,46.175880000,258.800
3.415250000,46.176130000,259.300
3.415260000,46.176220000,259.500
3.415270000,46.176380000,259.900
3.415280000,46.176400000,260.100
3.415330000,46.176610000,261.100
3.415390000,46.176780000,261.800
3.415470000,46.176950000,262.400
3.415550000,46.177080000,263.100
3.415660000,46.177260000,263.900
3.415760000,46.177420000,264.500
3.416190000,46.178080000,265.700
3.416350000,46.178340000,266.200
3.416510000,46.178570000,267.600
3.416690000,46.178900000,268.800
3.416980000,46.179370000,270.400
3.417090000,46.179530000,271.100
3.417200000,46.179680000,271.700
3.417290000,46.179800000,272.100
3.417430000,46.179950000,272.700
3.417490000,46.180010000,272.900
3.417570000,46.180090000,272.800
3.417720000,46.180200000,273.000
3.417750000,46.180220000,273.100
3.417840000,46.180280000,273.300
3.417970000,46.180370000,273.700
3.418140000,46.180500000,274.300
3.418300000,46.180620000,275.000
3.418430000,46.180750000,275.700
3.418500000,46.180830000,276.000
3.418550000,46.180890000,276.200
3.418570000,46.180910000,276.300
3.418690000,46.181060000,276.700
3.418760000,46.181170000,277.000
3.418840000,46.181300000,277.300
3.418920000,46.181490000,277.500
3.418940000,46.181560000,277.500
3.418970000,46.181590000,277.700
3.418990000,46.181600000,277.800
3.419000000,46.181620000,277.900
3.419060000,46.181710000,278.000
3.419110000,46.181830000,277.800
3.419130000,46.181830000,277.900
3.419140000,46.181830000,278.000
3.419150000,46.181840000,278.000
3.419160000,46.181840000,278.100
3.419170000,46.181850000,278.100
3.419190000,46.181850000,278.200
3.419200000,46.181860000,278.300
3.419210000,46.181860000,278.300
3.419210000,46.181870000,278.300
3.419220000,46.181880000,278.300
3.419230000,46.181880000,278.300
3.419230000,46.181890000,278.300
3.419240000,46.181900000,278.300
3.419240000,46.181910000,278.200
3.419250000,46.181920000,278.200
3.419250000,46.181930000,278.200
3.419250000,46.181940000,278.200
3.419250000,46.181950000,278.100
3.419250000,46.181970000,278.000
3.419250000,46.181980000,278.000
3.419250000,46.181990000,277.900
3.419240000,46.182000000,277.800
3.419240000,46.182010000,277.800
3.419320000,46.182140000,277.700
3.419460000,46.182270000,278.000
3.419610000,46.182390000,278.600
3.419940000,46.182600000,280.300
3.420000000,46.182650000,280.600
3.420080000,46.182720000,280.900
3.420180000,46.182780000,281.300
3.420480000,46.182950000,282.500
3.420790000,46.183120000,283.500
3.421140000,46.183320000,284.500
3.421200000,46.183350000,284.600
3.421690000,46.183640000,285.200
3.422580000,46.184130000,285.500
3.422980000,46.184370000,285.600
3.423380000,46.184620000,285.600
3.423670000,46.184820000,286.500
3.423880000,46.184980000,287.100
3.424050000,46.185130000,287.000
3.424400000,46.185430000,288.200
3.424610000,46.185640000,288.900
3.424630000,46.185660000,289.000
3.424660000,46.185690000,289.100
3.424790000,46.185830000,289.500
3.424880000,46.185920000,289.800
3.424980000,46.186020000,290.200
3.425030000,46.186070000,290.300
3.425170000,46.186220000,290.300
3.425430000,46.186490000,289.900
3.425460000,46.186510000,289.900
3.425750000,46.186810000,289.200
3.425850000,46.186910000,289.100
3.425890000,46.186940000,289.000
3.425890000,46.186940000,289.000
3.426070000,46.187100000,288.600
3.426230000,46.187240000,288.100
3.426430000,46.187380000,287.500
3.426590000,46.187470000,287.100
3.426850000,46.187600000,286.800
3.427030000,46.187690000,286.600
3.427110000,46.187740000,286.400
3.427240000,46.187800000,286.300
3.427310000,46.187850000,286.000
3.427510000,46.187960000,285.500
3.427630000,46.188040000,285.100
3.427750000,46.188130000,284.600
3.427940000,46.188280000,283.700
3.428060000,46.188390000,283.500
3.428160000,46.188520000,283.500
3.428220000,46.188610000,283.500
3.428300000,46.188760000,283.300
3.428320000,46.188790000,283.300
3.428460000,46.189040000,283.100
3.428540000,46.189210000,282.800
3.428640000,46.189400000,282.500
3.428640000,46.189410000,282.400
3.428820000,46.189710000,282.100
3.428990000,46.189980000,282.000
3.429040000,46.190050000,281.900
3.429200000,46.190260000,281.600
3.429320000,46.190400000,281.300
3.429450000,46.190550000,281.100
3.429640000,46.190740000,280.800
3.429880000,46.190950000,280.700
3.429990000,46.191040000,280.700
3.430060000,46.191110000,280.400
3.430230000,46.191280000,279.500
3.430310000,46.191350000,279.100
3.430410000,46.191460000,278.600
3.430460000,46.191510000,278.400
3.430560000,46.191620000,277.900
3.430720000,46.191820000,277.800
3.430780000,46.191880000,278.000
3.430860000,46.191990000,278.300
3.430920000,46.192080000,278.700
3.430930000,46.192080000,278.700
3.430930000,46.192090000,278.700
3.431100000,46.192340000,279.600
3.431140000,46.192410000,279.800
3.431220000,46.192540000,280.400
3.431340000,46.192760000,281.500
3.431420000,46.192910000,282.200
3.431450000,46.192990000,282.400
3.431460000,46.193010000,282.500
3.431490000,46.193080000,282.800
3.431540000,46.193180000,283.200
3.431540000,46.193200000,283.200
3.431570000,46.193260000,283.400
3.431630000,46.193430000,283.600
3.431650000,46.193470000,283.600
3.431720000,46.193660000,283.600
3.431760000,46.193780000,283.600
3.431810000,46.193890000,283.600
3.431910000,46.194150000,283.200
3.431950000,46.194200000,283.000
3.431990000,46.194250000,282.700
3.432040000,46.194320000,282.300
3.432080000,46.194380000,281.900
3.432090000,46.194380000,282.000
3.432100000,46.194380000,282.000
3.432110000,46.194380000,282.100
3.432110000,46.194390000,282.000
3.432120000,46.194390000,282.100
3.432130000,46.194390000,282.100
3.432140000,46.194390000,282.200
3.432140000,46.194400000,282.100
3.432150000,46.194400000,282.100
3.432160000,46.194410000,282.100
3.432170000,46.194410000,282.100
3.432170000,46.194420000,282.000
3.432180000,46.194430000,282.000
3.432190000,46.194440000,282.000
3.432190000,46.194450000,281.900
3.432200000,46.194450000,281.900
3.432200000,46.194460000,281.800
3.432200000,46.194470000,281.800
3.432200000,46.194480000,281.700
3.432200000,46.194490000,281.600
3.432200000,46.194500000,281.500
3.432190000,46.194510000,281.300
3.432190000,46.194520000,281.200
3.432180000,46.194530000,281.100
3.432180000,46.194540000,281.000
3.432170000,46.194540000,280.900
3.432170000,46.194550000,280.800
3.432160000,46.194550000,280.800
3.432160000,46.194560000,280.700
3.432150000,46.194560000,280.600
3.432140000,46.194570000,280.500
3.432130000,46.194570000,280.400
3.432120000,46.194640000,279.700
3.432130000,46.194710000,279.100
3.432130000,46.194760000,278.600
3.432140000,46.194810000,278.200
3.432180000,46.194890000,277.700
3.432240000,46.195060000,276.700
3.432290000,46.195160000,276.300
3.432330000,46.195240000,276.000
3.432340000,46.195290000,275.700
3.432470000,46.195550000,274.800
3.432530000,46.195660000,274.400
3.432530000,46.195670000,274.300
3.432580000,46.195740000,274.000
3.432580000,46.195750000,273.900
3.432590000,46.195770000,273.800
3.432650000,46.195850000,273.300
3.432710000,46.195930000,272.700
3.432740000,46.195950000,272.500
3.432780000,46.195980000,272.400
3.432820000,46.196030000,272.000
3.432850000,46.196040000,272.000
3.432930000,46.196090000,271.800
3.433010000,46.196140000,271.600
3.433100000,46.196180000,271.600
3.433130000,46.196190000,271.600
3.433180000,46.196210000,271.700
3.433220000,46.196220000,271.800
3.433270000,46.196240000,271.800
3.433400000,46.196280000,271.800
3.433480000,46.196310000,271.500
3.433500000,46.196320000,271.500
3.433520000,46.196330000,271.400
3.433560000,46.196380000,271.000
3.433580000,46.196420000,270.700
3.433580000,46.196430000,270.600
3.433590000,46.196440000,270.500
3.433590000,46.196500000,270.000
3.433600000,46.196600000,269.200
3.433610000,46.197010000,268.000
3.433620000,46.197230000,267.600
3.433630000,46.197350000,267.400
3.433630000,46.197450000,267.200
3.433610000,46.197530000,267.000
3.433600000,46.197550000,266.900
3.433570000,46.197600000,266.700
3.433520000,46.197670000,266.400
3.433490000,46.197720000,266.200
3.433380000,46.197870000,265.400
3.433380000,46.197870000,265.400
3.433480000,46.197910000,265.800
3.433580000,46.197940000,266.300
3.433670000,46.197950000,266.800
3.433740000,46.197950000,267.200
3.433830000,46.197950000,267.700
3.433890000,46.197930000,268.000
3.433970000,46.197900000,268.400
3.434060000,46.197860000,268.900
3.434200000,46.197780000,269.400
3.434390000,46.197650000,269.800
3.434540000,46.197550000,270.000
3.434640000,46.197500000,270.100
3.434770000,46.197460000,270.500
3.434870000,46.197440000,270.800
3.434970000,46.197440000,271.100
3.435030000,46.197440000,271.200
3.435100000,46.197450000,271.400
3.435150000,46.197460000,271.500
3.435220000,46.197480000,271.600
3.435330000,46.197520000,271.800
3.435480000,46.197580000,272.300
3.435520000,46.197600000,272.500
3.435590000,46.197630000,272.700
3.435850000,46.197740000,273.600
3.435890000,46.197760000,273.700
3.436130000,46.197850000,274.100
3.436220000,46.197880000,274.200
3.436490000,46.197990000,274.400
3.436490000,46.197990000,274.400
3.436590000,46.197910000,274.500
3.436660000,46.197860000,274.600
3.436980000,46.197710000,274.700
3.437190000,46.197620000,274.800
3.437470000,46.197470000,275.100
3.437570000,46.197400000,275.300
3.437660000,46.197350000,275.600
3.437810000,46.197230000,276.000
3.437920000,46.197100000,276.500
3.438040000,46.196960000,276.900
3.438630000,46.196210000,280.200
3.438910000,46.195870000,282.200
3.439300000,46.195370000,283.600
3.439320000,46.195340000,283.700
3.439420000,46.195230000,283.700
3.439540000,46.195070000,283.900
3.439550000,46.195060000,283.900
3.439670000,46.194900000,284.100
3.439830000,46.194690000,284.200
3.439920000,46.194540000,284.300
3.439980000,46.194440000,284.400
3.440000000,46.194390000,284.500
3.440010000,46.194370000,284.400
3.440080000,46.194240000,284.200
3.440170000,46.194050000,283.400
3.440180000,46.194030000,283.300
3.440210000,46.193970000,283.000
3.440250000,46.193890000,282.600
3.440370000,46.193600000,281.200
3.440470000,46.193340000,280.100
3.440530000,46.193220000,279.900
3.440540000,46.193200000,279.800
3.440540000,46.193190000,279.900
3.440550000,46.193170000,279.800
3.440590000,46.193120000,279.700
3.440650000,46.193040000,279.400
3.440660000,46.193030000,279.400
3.440670000,46.193020000,279.400
3.440730000,46.192970000,279.100
3.440820000,46.192900000,278.700
3.440820000,46.192890000,278.700
3.440840000,46.192880000,278.700
3.440900000,46.192830000,279.000
3.440990000,46.192760000,279.500
3.441170000,46.192630000,280.400
3.441190000,46.192620000,280.500
3.441220000,46.192600000,280.600
3.441350000,46.192500000,281.200
3.441350000,46.192500000,281.200
3.441370000,46.192480000,281.300
3.441440000,46.192430000,281.400
3.441710000,46.192230000,281.800
3.441890000,46.192080000,282.200
3.442010000,46.191980000,282.400
3.442060000,46.191940000,282.400
3.442220000,46.191830000,282.700
3.442240000,46.191810000,282.700
3.442380000,46.191700000,282.800
3.442390000,46.191690000,282.800
3.442410000,46.191680000,282.800
3.442420000,46.191670000,282.800
3.442560000,46.191560000,283.500
3.442580000,46.191550000,283.600
3.442880000,46.191320000,285.400
3.443370000,46.190930000,288.800
3.443430000,46.190890000,289.200
3.443440000,46.190880000,289.200
3.443450000,46.190870000,289.300
3.443590000,46.190760000,290.200
3.443600000,46.190750000,290.200
3.443620000,46.190740000,290.300
3.443850000,46.190560000,291.600
3.443970000,46.190470000,292.300
3.444300000,46.190210000,294.000
3.444640000,46.189940000,295.700
3.444810000,46.189800000,296.100
3.444880000,46.189750000,296.200
3.444980000,46.189660000,296.200
3.445150000,46.189530000,295.600
3.445190000,46.189500000,295.300
3.445350000,46.189370000,294.000
3.445450000,46.189310000,293.000
3.445580000,46.189250000,291.700
3.445700000,46.189230000,290.800
3.445830000,46.189220000,289.800
3.445840000,46.189220000,289.700
3.446050000,46.189240000,288.600
3.446100000,46.189250000,288.400
3.446340000,46.189290000,287.600
3.446350000,46.189290000,287.500
3.446610000,46.189330000,286.700
3.446720000,46.189340000,286.200
3.446860000,46.189360000,285.700
3.447110000,46.189400000,285.000
3.447240000,46.189420000,284.500
3.447370000,46.189440000,284.100
3.447700000,46.189480000,281.900
3.448130000,46.189540000,277.900
3.448390000,46.189570000,275.400
3.448600000,46.189600000,274.000
3.448640000,46.189610000,273.800
3.448900000,46.189650000,271.900
3.449080000,46.189680000,270.600
3.449150000,46.189680000,270.000
3.449340000,46.189710000,268.900
3.449410000,46.189720000,268.500
3.449670000,46.189750000,267.000
3.449910000,46.189770000,265.600
3.450150000,46.189780000,264.800
3.450180000,46.189770000,264.800
3.450400000,46.189760000,264.500
3.450440000,46.189760000,264.500
3.450680000,46.189760000,264.200
3.450950000,46.189750000,263.800
3.451260000,46.189750000,263.100
3.451450000,46.189750000,262.700
3.451540000,46.189720000,262.600
3.451650000,46.189710000,262.400
3.451710000,46.189710000,262.300
3.451750000,46.189700000,262.300
3.452040000,46.189650000,262.200
3.452040000,46.189650000,262.200
3.452150000,46.189660000,262.200
3.452130000,46.189720000,262.100
3.452030000,46.190060000,262.000
3.451980000,46.190240000,262.100
3.451910000,46.190420000,262.100
3.451850000,46.190580000,262.200
3.451780000,46.190750000,262.100
3.451690000,46.190960000,262.000
3.451630000,46.191020000,262.100
3.451490000,46.191320000,262.500
3.451400000,46.191500000,262.900
3.451290000,46.191700000,263.300
3.451220000,46.191830000,263.100
3.451160000,46.191920000,263.100
3.451070000,46.192070000,263.000
3.450900000,46.192320000,263.100
3.450640000,46.192680000,264.700
3.450410000,46.193010000,266.000
3.450290000,46.193170000,266.500
3.449840000,46.193810000,266.900
3.449610000,46.194130000,267.000
3.449500000,46.194290000,266.500
3.449270000,46.194620000,264.800
3.449250000,46.194640000,264.700
3.449250000,46.194640000,264.700
3.449150000,46.194780000,263.800
3.448770000,46.195320000,261.100
3.448430000,46.195810000,258.100
3.448320000,46.195970000,257.800
3.447980000,46.196450000,257.000
3.447970000,46.196460000,257.000
3.447740000,46.196780000,257.700
3.447530000,46.197100000,259.600
3.447470000,46.197200000,260.100
3.447340000,46.197410000,261.100
3.447260000,46.197560000,261.800
3.447190000,46.197670000,262.400
3.447130000,46.197790000,262.900
3.446930000,46.198190000,264.900
3.446830000,46.198420000,266.000
3.446690000,46.198760000,269.300
3.446570000,46.199100000,272.000
3.446490000,46.199350000,273.400
3.446410000,46.199650000,275.400
3.446360000,46.199890000,277.300
3.446170000,46.200770000,282.700
3.445990000,46.201570000,285.600
3.445930000,46.201850000,285.900
3.445910000,46.201940000,285.900
3.445900000,46.201970000,285.900
3.445800000,46.202460000,286.000
3.445720000,46.202800000,285.200
3.445660000,46.203060000,284.600
3.445600000,46.203340000,284.000
3.445520000,46.203700000,283.200
3.445530000,46.203770000,283.100
3.445430000,46.204260000,282.000
3.445400000,46.204440000,281.800
3.445360000,46.204620000,281.600
3.445350000,46.204680000,281.600
3.445280000,46.204950000,281.400
3.445220000,46.205180000,280.800
3.445210000,46.205210000,280.700
3.445210000,46.205230000,280.600
3.445210000,46.205260000,280.500
3.445210000,46.205280000,280.500
3.445210000,46.205300000,280.400
3.445210000,46.205330000,280.400
3.445230000,46.205340000,280.300
3.445240000,46.205350000,280.300
3.445250000,46.205360000,280.300
3.445260000,46.205360000,280.300
3.445260000,46.205370000,280.300
3.445270000,46.205380000,280.300
3.445280000,46.205390000,280.200
3.445280000,46.205400000,280.200
3.445290000,46.205420000,280.200
3.445290000,46.205430000,280.100
3.445290000,46.205440000,280.100
3.445290000,46.205450000,280.100
3.445290000,46.205460000,280.100
3.445280000,46.205470000,280.000
3.445280000,46.205480000,280.000
3.445280000,46.205490000,280.000
3.445270000,46.205500000,279.900
3.445260000,46.205510000,279.900
3.445250000,46.205520000,279.900
3.445250000,46.205530000,279.800
3.445240000,46.205530000,279.800
3.445230000,46.205540000,279.800
3.445220000,46.205550000,279.800
3.445210000,46.205550000,279.800
3.445200000,46.205560000,279.700
3.445190000,46.205560000,279.700
3.445180000,46.205570000,279.700
3.445160000,46.205570000,279.700
3.445150000,46.205570000,279.700
3.445140000,46.205580000,279.700
3.445100000,46.205610000,279.600
3.445090000,46.205630000,279.500
3.445070000,46.205650000,279.500
3.445050000,46.205680000,279.400
3.445040000,46.205710000,279.300
3.444970000,46.205890000,278.700
3.444900000,46.206050000,277.700
3.444790000,46.206270000,276.400
3.444740000,46.206370000,275.800
3.444700000,46.206440000,275.400
3.444590000,46.206640000,274.200
3.444450000,46.206860000,272.600
3.444400000,46.206940000,272.000
3.444290000,46.207100000,270.900
3.444220000,46.207200000,270.200
3.444160000,46.207250000,269.800
3.444030000,46.207440000,268.600
3.443930000,46.207570000,267.900
3.443870000,46.207650000,267.500
3.443680000,46.207890000,266.500
3.443620000,46.207960000,266.300
3.443540000,46.208040000,266.000
3.443480000,46.208120000,265.700
3.443470000,46.208130000,265.700
3.443410000,46.208200000,265.500
3.443380000,46.208230000,265.400
3.443330000,46.208270000,265.300
3.443290000,46.208320000,265.100
3.443140000,46.208480000,265.000
3.443010000,46.208600000,265.100
3.442980000,46.208630000,265.200
3.442950000,46.208660000,265.200
3.442820000,46.208780000,265.300
3.442630000,46.208950000,265.600
3.442480000,46.209070000,265.900
3.442280000,46.209240000,266.200
3.441990000,46.209460000,267.100
3.441470000,46.209840000,268.500
3.441340000,46.209940000,268.500
3.441290000,46.209970000,268.500
3.440560000,46.210500000,268.800
3.440330000,46.210650000,269.300
3.440100000,46.210830000,270.000
3.439870000,46.211010000,271.100
3.439650000,46.211180000,271.500
3.439440000,46.211370000,271.900
3.439130000,46.211650000,272.000
3.438900000,46.211860000,274.400
3.438330000,46.212400000,279.200
3.438020000,46.212690000,279.600
3.437250000,46.213410000,280.500
3.437010000,46.213630000,280.700
3.436720000,46.213900000,280.900
3.436520000,46.214100000,281.200
3.436330000,46.214300000,281.100
3.436130000,46.214530000,280.900
3.435910000,46.214790000,280.800
3.435700000,46.215070000,280.700
3.435530000,46.215310000,280.500
3.435450000,46.215440000,280.400
3.435360000,46.215570000,280.300
3.435260000,46.215720000,280.100
3.435180000,46.215870000,280.100
3.435090000,46.216030000,280.600
3.434950000,46.216300000,281.500
3.434870000,46.216480000,282.100
3.434790000,46.216660000,282.700
3.434680000,46.216960000,283.500
3.434610000,46.217160000,284.000
3.434530000,46.217410000,284.700
3.434440000,46.217760000,286.100
3.434110000,46.219190000,292.900
3.434070000,46.219370000,293.800
3.433950000,46.219900000,296.400
3.433780000,46.220610000,299.100
3.433740000,46.220800000,299.800
3.433700000,46.220940000,299.500
3.433610000,46.221320000,298.200
3.433590000,46.221400000,298.000
3.433560000,46.221520000,297.600
3.433510000,46.221700000,297.100
3.433460000,46.221940000,297.100
3.433370000,46.222280000,297.000
3.433330000,46.222390000,296.800
3.433290000,46.222510000,296.700
3.433240000,46.222650000,296.400
3.433180000,46.222780000,296.000
3.433120000,46.222920000,295.700
3.433000000,46.223130000,295.200
3.432910000,46.223290000,294.900
3.432830000,46.223410000,294.500
3.432730000,46.223550000,293.700
3.432700000,46.223590000,293.500
3.432570000,46.223790000,292.300
3.432460000,46.224000000,291.300
3.432390000,46.224150000,290.800
3.432350000,46.224230000,290.700
3.432320000,46.224320000,290.600
3.432280000,46.224440000,290.500
3.432250000,46.224550000,290.300
3.432230000,46.224640000,290.200
3.432210000,46.224750000,290.000
3.432190000,46.224850000,289.900
3.432190000,46.224890000,289.800
3.432160000,46.225110000,288.800
3.432140000,46.225340000,287.200
3.432140000,46.225390000,286.900
3.432130000,46.225560000,285.700
3.432110000,46.225860000,283.500
3.432110000,46.225930000,283.100
3.432100000,46.226170000,281.400
3.432100000,46.226460000,279.500
3.432120000,46.226650000,278.300
3.432140000,46.226760000,277.700
3.432160000,46.226830000,277.400
3.432170000,46.226880000,277.100
3.432200000,46.227010000,276.500
3.432240000,46.227150000,275.900
3.432300000,46.227360000,274.900
3.432330000,46.227480000,274.300
3.432350000,46.227540000,274.100
3.432400000,46.227710000,273.600
3.432480000,46.228000000,272.500
3.432500000,46.228070000,272.300
3.432550000,46.228240000,271.600
3.432600000,46.228420000,271.400
3.432680000,46.228720000,271.600
3.432730000,46.228920000,271.800
3.432740000,46.228950000,271.900
3.432770000,46.229100000,272.000
3.432780000,46.229130000,272.000
3.432800000,46.229260000,272.200
3.432820000,46.229490000,272.500
3.432820000,46.229870000,273.000
3.432820000,46.230680000,274.200
3.432820000,46.230880000,274.400
3.432820000,46.230930000,274.300
3.432810000,46.231080000,274.300
3.432800000,46.231130000,274.200
3.432800000,46.231170000,274.200
3.432790000,46.231280000,274.200
3.432780000,46.231310000,274.100
3.432770000,46.231360000,274.100
3.432750000,46.231410000,274.100
3.432750000,46.231430000,274.100
3.432730000,46.231480000,274.100
3.432730000,46.231490000,274.100
3.432720000,46.231510000,274.000
3.432690000,46.231590000,274.000
3.432610000,46.231750000,273.900
3.432550000,46.231880000,273.700
3.432530000,46.231910000,273.700
3.432520000,46.231920000,273.700
3.432430000,46.232100000,273.500
3.432410000,46.232130000,273.400
3.432270000,46.232380000,272.900
3.432060000,46.232780000,271.300
3.431640000,46.233540000,268.000
3.431290000,46.234180000,264.500
3.431210000,46.234330000,264.000
3.431170000,46.234410000,263.600
3.431150000,46.234450000,263.500
3.431140000,46.234480000,263.400
3.431100000,46.234570000,263.000
3.431050000,46.234720000,262.400
3.431030000,46.234780000,262.200
3.431020000,46.234850000,261.900
3.430980000,46.235110000,261.800
3.430980000,46.235110000,261.800
3.430920000,46.235110000,261.600
3.430860000,46.235110000,261.500
3.430790000,46.235130000,261.400
3.430730000,46.235170000,261.500
3.430630000,46.235230000,261.600
3.430560000,46.235270000,261.600
3.430530000,46.235280000,261.600
3.430480000,46.235300000,261.700
3.430460000,46.235310000,261.700
3.430330000,46.235330000,261.600
3.430300000,46.235340000,261.600
3.430240000,46.235340000,261.500
3.430110000,46.235350000,261.400
3.429670000,46.235370000,260.900
3.429460000,46.235380000,260.700
3.429260000,46.235390000,260.500
3.429200000,46.235400000,260.400
3.429010000,46.235410000,260.500
3.428690000,46.235420000,260.500
3.428280000,46.235440000,260.400
3.428170000,46.235450000,260.000
3.427910000,46.235460000,258.800
3.427650000,46.235470000,257.700
3.427610000,46.235470000,257.500
3.427440000,46.235490000,256.900
3.427390000,46.235490000,256.700
3.426870000,46.235520000,254.500
3.426790000,46.235530000,254.200
3.426660000,46.235540000,253.600
3.426490000,46.235560000,252.800
3.426390000,46.235560000,252.200
3.426150000,46.235580000,251.000
3.425920000,46.235590000,249.800
3.425750000,46.235610000,248.400
3.425710000,46.235610000,248.000
3.425660000,46.235620000,247.500
3.425630000,46.235620000,247.200
3.425600000,46.235620000,246.900
3.425340000,46.235640000,246.200
3.424780000,46.235670000,244.900
3.424570000,46.235690000,244.300
3.424130000,46.235720000,243.300
3.423760000,46.235740000,242.400
3.423500000,46.235760000,241.700
3.423470000,46.235760000,241.700
3.422720000,46.235800000,239.900
3.422680000,46.235810000,239.700
3.422350000,46.235820000,239.000
3.421910000,46.235850000,239.000
3.421900000,46.235850000,239.000
3.421460000,46.235880000,239.200
3.421390000,46.235880000,239.300
3.421130000,46.235900000,239.600
3.421030000,46.235900000,239.700
3.420960000,46.235910000,239.800
3.420610000,46.235930000,240.200
3.420420000,46.235930000,240.400
3.420150000,46.235930000,240.800
3.419600000,46.235900000,241.000
3.419550000,46.235900000,241.000
3.419540000,46.235900000,241.000
3.419140000,46.235880000,240.900
3.418560000,46.235850000,240.300
3.417800000,46.235810000,239.400
3.417630000,46.235810000,239.200
3.417280000,46.235790000,239.000
3.417200000,46.235790000,239.000
3.417110000,46.235790000,239.000
3.416870000,46.235780000,239.000
3.416180000,46.235740000,239.100
3.415950000,46.235730000,239.100
3.415430000,46.235700000,238.700
3.414580000,46.235660000,238.900
3.413900000,46.235620000,239.500
3.413110000,46.235580000,239.000
3.412400000,46.235550000,238.000
3.411800000,46.235520000,238.000
3.410880000,46.235470000,238.900
3.410770000,46.235470000,239.000
3.410510000,46.235460000,239.200
3.410250000,46.235440000,239.300
3.409870000,46.235430000,239.500
3.409210000,46.235400000,239.500
3.409050000,46.235390000,239.400
3.409050000,46.235390000,239.400
3.408980000,46.235390000,239.300
3.408950000,46.235390000,239.300
3.408020000,46.235340000,238.700
3.407080000,46.235300000,239.000
3.406620000,46.235280000,239.100
3.406360000,46.235260000,239.400
3.406100000,46.235250000,239.700
3.405940000,46.235240000,239.900
3.405240000,46.235210000,239.300
3.405060000,46.235200000,239.100
3.404800000,46.235190000,239.100
3.404070000,46.235150000,239.200
3.403120000,46.235110000,239.500
3.402150000,46.235060000,240.900
3.401380000,46.235030000,240.600
3.401300000,46.235020000,240.500
3.401080000,46.235010000,240.300
3.401000000,46.235010000,240.200
3.400480000,46.234980000,240.000
3.400340000,46.234980000,240.000
3.400310000,46.234970000,240.000
3.400230000,46.234970000,240.000
3.399710000,46.234940000,239.600
3.399700000,46.234940000,239.600
3.399640000,46.234940000,239.600
3.399630000,46.234940000,239.500
3.399570000,46.234940000,239.500
3.399220000,46.234920000,239.100
3.399190000,46.234920000,239.100
3.398670000,46.234900000,242.200
3.398280000,46.234880000,244.800
3.398160000,46.234870000,246.000
3.398080000,46.234870000,246.700
3.397890000,46.234860000,248.600
3.397750000,46.234850000,250.000
3.397490000,46.234830000,252.500
3.397170000,46.234820000,254.400
3.397140000,46.234830000,254.600
3.396880000,46.234840000,256.100
3.396880000,46.234850000,256.100
3.396880000,46.234860000,256.100
3.396870000,46.234860000,256.100
3.396870000,46.234870000,256.100
3.396860000,46.234870000,256.200
3.396860000,46.234880000,256.100
3.396850000,46.234880000,256.200
3.396850000,46.234890000,256.200
3.396840000,46.234890000,256.200
3.396830000,46.234890000,256.300
3.396820000,46.234890000,256.300
3.396810000,46.234890000,256.400
3.396800000,46.234890000,256.500
3.396790000,46.234890000,256.500
3.396780000,46.234890000,256.600
3.396780000,46.234880000,256.600
3.396770000,46.234880000,256.700
3.396760000,46.234880000,256.700
3.396760000,46.234870000,256.800
3.396750000,46.234870000,256.800
3.396750000,46.234860000,256.800
3.396740000,46.234860000,256.900
3.396740000,46.234850000,256.900
3.396740000,46.234840000,256.900
3.396740000,46.234830000,257.000
3.396740000,46.234820000,257.000
3.396280000,46.234810000,258.000
3.396020000,46.234810000,258.400
3.395860000,46.234810000,258.600
3.395760000,46.234800000,258.800
3.395330000,46.234780000,259.100
3.395220000,46.234770000,259.200
3.395180000,46.234760000,259.200
3.395160000,46.234760000,259.200
3.395090000,46.234760000,259.200
3.394570000,46.234710000,258.800
3.394300000,46.234700000,258.500
3.394060000,46.234710000,258.200
3.393850000,46.234730000,257.800
3.393600000,46.234760000,257.300
3.393300000,46.234790000,256.800
3.393070000,46.234810000,256.700
3.392800000,46.234840000,256.600
3.392560000,46.234850000,256.500
3.392490000,46.234850000,256.600
3.392330000,46.234850000,256.700
3.392300000,46.234850000,256.800
3.392230000,46.234840000,256.900
3.392170000,46.234840000,257.000
3.391790000,46.234810000,257.500
3.391240000,46.234780000,259.200
3.390810000,46.234750000,260.600
3.390400000,46.234720000,261.200
3.390130000,46.234710000,261.600
3.390060000,46.234700000,261.800
3.389980000,46.234700000,261.900
3.389740000,46.234680000,262.400
3.389470000,46.234660000,262.900
3.389210000,46.234650000,263.400
3.389180000,46.234650000,263.500
3.388960000,46.234630000,263.700
3.388950000,46.234630000,263.700
3.388710000,46.234610000,264.000
3.388530000,46.234590000,264.300
3.388450000,46.234570000,264.600
3.388240000,46.234540000,264.900
3.388030000,46.234490000,265.300
3.387760000,46.234420000,265.800
3.387330000,46.234300000,266.300
3.387190000,46.234260000,266.200
3.387090000,46.234240000,266.000
3.386950000,46.234220000,265.700
3.386760000,46.234190000,265.200
3.386550000,46.234160000,265.200
3.386470000,46.234160000,265.300
3.386300000,46.234150000,265.500
3.386130000,46.234150000,265.700
3.386090000,46.234150000,265.800
3.385940000,46.234150000,266.000
3.385830000,46.234160000,266.100
3.385770000,46.234160000,266.400
3.385600000,46.234190000,267.400
3.385480000,46.234210000,268.000
3.385370000,46.234230000,268.700
3.385220000,46.234280000,269.400
3.385100000,46.234320000,270.100
3.384950000,46.234370000,270.600
3.384680000,46.234490000,270.600
3.384080000,46.234750000,270.600
3.382820000,46.235280000,270.700
3.382700000,46.235330000,271.000
3.381380000,46.235900000,272.300
3.379670000,46.236650000,272.000
3.378570000,46.237120000,274.500
3.378410000,46.237210000,274.800
3.378280000,46.237260000,275.100
3.378120000,46.237370000,275.400
3.377950000,46.237470000,275.500
3.377800000,46.237580000,275.400
3.377650000,46.237690000,275.200
3.377460000,46.237830000,274.900
3.377150000,46.238070000,274.500
3.376960000,46.238210000,274.200
3.376940000,46.238230000,274.100
3.376480000,46.238560000,274.000
3.375800000,46.239080000,272.500
3.375720000,46.239140000,272.500
3.375620000,46.239210000,272.700
3.375450000,46.239340000,273.200
3.375270000,46.239470000,273.700
3.375090000,46.239610000,274.100
3.374960000,46.239710000,274.600
3.374210000,46.240260000,278.400
3.374030000,46.240400000,279.300
3.373500000,46.240790000,281.300
3.373140000,46.241050000,283.000
3.373080000,46.241100000,283.300
3.373040000,46.241130000,283.500
3.372360000,46.241670000,287.000
3.372350000,46.241670000,287.000
3.372180000,46.241810000,286.800
3.372000000,46.241940000,286.400
3.371830000,46.242070000,285.800
3.371650000,46.242210000,285.100
3.370990000,46.242710000,286.100
3.370930000,46.242750000,286.400
3.370780000,46.242870000,286.900
3.370660000,46.242950000,287.100
3.370380000,46.243160000,287.300
3.369640000,46.243700000,288.600
3.369510000,46.243800000,288.900
3.369470000,46.243830000,289.000
3.369290000,46.243960000,289.400
3.369110000,46.244090000,289.700
3.368760000,46.244360000,290.200
3.368230000,46.244750000,290.800
3.367320000,46.245430000,289.600
3.367300000,46.245450000,289.600
3.367120000,46.245580000,289.500
3.366390000,46.246090000,289.700
3.365440000,46.246800000,289.700
3.364630000,46.247400000,290.800
3.363780000,46.248020000,289.100
3.363610000,46.248160000,288.600
3.363350000,46.248380000,288.100
3.363200000,46.248510000,288.200
3.363060000,46.248700000,288.400
3.362980000,46.248800000,288.600
3.362810000,46.249060000,288.900
3.362650000,46.249330000,288.800
3.362600000,46.249460000,288.600
3.362350000,46.249870000,288.300
3.362060000,46.250370000,288.300
3.361540000,46.251270000,288.100
3.361110000,46.251990000,287.700
3.361010000,46.252160000,287.500
3.360990000,46.252200000,287.500
3.360960000,46.252240000,287.400
3.360840000,46.252440000,287.100
3.360820000,46.252480000,287.000
3.360600000,46.252890000,286.700
3.360280000,46.253410000,283.500
3.360180000,46.253570000,281.800
3.360080000,46.253740000,280.100
3.359710000,46.254350000,276.900
3.359570000,46.254570000,276.100
3.359400000,46.254860000,274.400
3.359280000,46.255080000,273.100
3.359270000,46.255100000,273.000
3.359190000,46.255250000,272.500
3.358790000,46.255910000,270.500
3.358500000,46.256380000,269.200
3.357990000,46.257210000,265.600
3.357920000,46.257320000,265.200
3.357600000,46.257870000,264.700
3.357340000,46.258270000,264.200
3.357060000,46.258770000,263.200
3.356970000,46.258970000,262.900
3.356940000,46.259040000,262.900
3.356870000,46.259210000,262.600
3.356810000,46.259400000,262.000
3.356720000,46.259630000,261.100
3.356710000,46.259680000,260.900
3.356610000,46.259960000,260.000
3.356560000,46.260080000,259.600
3.356400000,46.260530000,258.700
3.356340000,46.260710000,258.500
3.356280000,46.260880000,258.500
3.356220000,46.261040000,258.700
3.356210000,46.261050000,258.700
3.356140000,46.261230000,258.800
3.356110000,46.261280000,258.800
3.356060000,46.261400000,258.900
3.355990000,46.261520000,259.000
3.355900000,46.261670000,259.000
3.355620000,46.262050000,258.800
3.355390000,46.262360000,258.700
3.355300000,46.262490000,258.700
3.355270000,46.262530000,258.700
3.355220000,46.262590000,258.800
3.355180000,46.262650000,259.000
3.355120000,46.262720000,259.100
3.355040000,46.262830000,259.300
3.354840000,46.263070000,259.700
3.354720000,46.263220000,259.900
3.354630000,46.263310000,260.000
3.354590000,46.263350000,260.000
3.354340000,46.263610000,259.700
3.354190000,46.263750000,259.500
3.354040000,46.263900000,259.300
3.353880000,46.264050000,258.900
3.353810000,46.264120000,258.700
3.353730000,46.264210000,258.400
3.353630000,46.264320000,258.200
3.353590000,46.264360000,258.100
3.353540000,46.264430000,257.900
3.353490000,46.264510000,257.800
3.353480000,46.264510000,257.800
3.353480000,46.264520000,257.800
3.353420000,46.264610000,257.600
3.353380000,46.264670000,257.500
3.353380000,46.264690000,257.400
3.353340000,46.264770000,257.300
3.353310000,46.264850000,257.200
3.353300000,46.264860000,257.100
3.353230000,46.265030000,256.900
3.353220000,46.265060000,256.900
3.353100000,46.265370000,256.800
3.353100000,46.265380000,256.800
3.353070000,46.265440000,256.900
3.353030000,46.265540000,256.900
3.353020000,46.265550000,256.900
3.352950000,46.265660000,256.900
3.352920000,46.265700000,256.900
3.352910000,46.265700000,256.900
3.352900000,46.265710000,256.900
3.352900000,46.265720000,256.900
3.352850000,46.265770000,257.000
3.352760000,46.265840000,257.000
3.352740000,46.265860000,256.900
3.352310000,46.266190000,255.900
3.352230000,46.266260000,255.700
3.351580000,46.266770000,255.000
3.351370000,46.266940000,254.800
3.351060000,46.267180000,254.100
3.350910000,46.267300000,253.600
3.350870000,46.267330000,253.500
3.350680000,46.267480000,253.000
3.350430000,46.267670000,252.900
3.350310000,46.267760000,252.800
3.350070000,46.267940000,252.500
3.349970000,46.268000000,252.400
3.349860000,46.268060000,252.400
3.349740000,46.268110000,252.500
3.349620000,46.268170000,252.600
3.349360000,46.268260000,252.800
3.349200000,46.268310000,253.000
3.348730000,46.268460000,253.800
3.348680000,46.268480000,253.900
3.348290000,46.268610000,254.400
3.347900000,46.268740000,254.500
3.347740000,46.268790000,254.600
3.347620000,46.268820000,254.700
3.347490000,46.268870000,254.700
3.347340000,46.268920000,254.800
3.347220000,46.268960000,254.900
3.347180000,46.268980000,255.000
3.347120000,46.269000000,255.000
3.346910000,46.269090000,255.400
3.346580000,46.269250000,255.700
3.346490000,46.269300000,255.600
3.346150000,46.269470000,255.100
3.345870000,46.269590000,255.000
3.345710000,46.269670000,254.600
3.345690000,46.269690000,254.600
3.345680000,46.269700000,254.500
3.345620000,46.269730000,254.400
3.345580000,46.269750000,254.300
3.345460000,46.269790000,254.100
3.345360000,46.269830000,253.800
3.345210000,46.269880000,253.500
3.345130000,46.269910000,253.400
3.345100000,46.269920000,253.300
3.345070000,46.269930000,253.300
3.344980000,46.269960000,253.100
3.344670000,46.270010000,252.600
3.344670000,46.270020000,252.500
3.344670000,46.270030000,252.500
3.344670000,46.270040000,252.500
3.344660000,46.270040000,252.500
3.344660000,46.270050000,252.400
3.344650000,46.270050000,252.400
3.344640000,46.270050000,252.400
3.344640000,46.270060000,252.400
3.344630000,46.270060000,252.300
3.344620000,46.270060000,252.300
3.344610000,46.270060000,252.300
3.344600000,46.270060000,252.300
3.344590000,46.270060000,252.300
3.344580000,46.270060000,252.300
3.344570000,46.270060000,252.300
3.344560000,46.270060000,252.300
3.344550000,46.270050000,252.300
3.344050000,46.270180000,251.100
3.343860000,46.270230000,250.800
3.343810000,46.270240000,250.700
3.343690000,46.270260000,250.600
3.343570000,46.270280000,250.400
3.343550000,46.270280000,250.400
3.342730000,46.270490000,248.000
3.342090000,46.270670000,246.100
3.341930000,46.270710000,245.700
3.341630000,46.270800000,245.000
3.341580000,46.270810000,245.000
3.341520000,46.270830000,244.800
3.341460000,46.270850000,244.700
3.341320000,46.270890000,244.500
3.341080000,46.270960000,244.300
3.340850000,46.271030000,244.200
3.340680000,46.271070000,244.100
3.340570000,46.271100000,244.000
3.340460000,46.271120000,243.900
3.340310000,46.271150000,243.800
3.339900000,46.271220000,243.400
3.339460000,46.271320000,243.200
3.339290000,46.271350000,243.200
3.339170000,46.271390000,243.300
3.339040000,46.271420000,243.400
3.338990000,46.271450000,243.400
3.338930000,46.271470000,243.400
3.338780000,46.271530000,243.500
3.338670000,46.271580000,243.600
3.338570000,46.271640000,243.700
3.338560000,46.271650000,243.700
3.338500000,46.271690000,243.800
3.338410000,46.271760000,244.000
3.338330000,46.271830000,244.200
3.338260000,46.271900000,244.300
3.338210000,46.271970000,244.300
3.338140000,46.272050000,244.400
3.338090000,46.272130000,244.400
3.338050000,46.272190000,244.400
3.337900000,46.272520000,244.500
3.337840000,46.272640000,244.300
3.337800000,46.272730000,244.300
3.337730000,46.272880000,244.200
3.337650000,46.273010000,244.100
3.337550000,46.273140000,244.000
3.337160000,46.273600000,243.500
3.337020000,46.273750000,243.500
3.336890000,46.273900000,243.600
3.336760000,46.274050000,243.800
3.336610000,46.274210000,243.800
3.336370000,46.274480000,243.300
3.336220000,46.274640000,243.200
3.336110000,46.274760000,243.300
3.336070000,46.274820000,243.400
3.336030000,46.274870000,243.500
3.335950000,46.274990000,243.700
3.335840000,46.275150000,244.200
3.335810000,46.275220000,244.300
3.335800000,46.275230000,244.300
3.335740000,46.275320000,244.500
3.335660000,46.275450000,244.600
3.335570000,46.275600000,244.800
3.335520000,46.275670000,244.900
3.335480000,46.275740000,244.900
3.335410000,46.275820000,245.000
3.335410000,46.275830000,245.000
3.335330000,46.275920000,244.800
3.335260000,46.275990000,244.600
3.335180000,46.276040000,244.500
3.335100000,46.276090000,244.400
3.335030000,46.276130000,244.300
3.334930000,46.276180000,244.200
3.334860000,46.276210000,244.100
3.334830000,46.276220000,244.100
3.334630000,46.276290000,243.900
3.334620000,46.276290000,243.900
3.334180000,46.276450000,244.000
3.334170000,46.276460000,244.000
3.333970000,46.276530000,244.000
3.333940000,46.276540000,244.000
3.333790000,46.276610000,244.000
3.333720000,46.276640000,244.000
3.333570000,46.276710000,243.900
3.333290000,46.276840000,243.800
3.332670000,46.277140000,243.100
3.331920000,46.277490000,243.700
3.331780000,46.277550000,243.800
3.331170000,46.277830000,242.600
3.330920000,46.277950000,242.200
3.330570000,46.278120000,241.900
3.330200000,46.278290000,242.000
3.329890000,46.278440000,242.000
3.329760000,46.278520000,242.000
3.329650000,46.278590000,242.000
3.329570000,46.278650000,242.000
3.329470000,46.278740000,242.000
3.329390000,46.278830000,242.000
3.329320000,46.278920000,242.000
3.329240000,46.279020000,242.000
3.328970000,46.279350000,242.100
3.328950000,46.279380000,242.100
3.328890000,46.279450000,242.100
3.328770000,46.279610000,242.000
3.328580000,46.279850000,241.500
3.328140000,46.280400000,241.400
3.328130000,46.280420000,241.400
3.327880000,46.280740000,241.400
3.327520000,46.281180000,241.000
3.327390000,46.281340000,241.200
3.327360000,46.281390000,241.300
3.327270000,46.281500000,241.500
3.326810000,46.282080000,241.800
3.326460000,46.282520000,241.500
3.326190000,46.282850000,241.700
3.326130000,46.282920000,241.800
3.326050000,46.282990000,241.900
3.326010000,46.283020000,242.000
3.325910000,46.283100000,242.100
3.325810000,46.283180000,242.200
3.325750000,46.283220000,242.000
3.325640000,46.283290000,241.800
3.325500000,46.283380000,241.500
3.325090000,46.283610000,241.000
3.324980000,46.283670000,241.000
3.324830000,46.283760000,241.200
3.324790000,46.283790000,241.300
3.324590000,46.283900000,241.500
3.324460000,46.283970000,241.600
3.324350000,46.284020000,241.800
3.324230000,46.284080000,241.900
3.324060000,46.284160000,242.300
3.323650000,46.284350000,242.900
3.323510000,46.284410000,243.100
3.323190000,46.284550000,243.100
3.322950000,46.284660000,242.800
3.322740000,46.284750000,242.600
3.322490000,46.284860000,242.300
3.322260000,46.284970000,242.300
3.322150000,46.285020000,242.400
3.322070000,46.285050000,242.500
3.321960000,46.285090000,242.500
3.321820000,46.285140000,242.600
3.321730000,46.285160000,242.600
3.321080000,46.285340000,241.900
3.321020000,46.285350000,241.800
3.320140000,46.285580000,242.100
3.319190000,46.285830000,242.000
3.318540000,46.286010000,242.700
3.318410000,46.286040000,242.900
3.318120000,46.286100000,242.900
3.318010000,46.286130000,242.900
3.318000000,46.286140000,242.900
3.317900000,46.286170000,242.900
3.317790000,46.286210000,242.900
3.317650000,46.286270000,243.000
3.317560000,46.286310000,243.100
3.317450000,46.286360000,243.100
3.317450000,46.286370000,243.200
3.317230000,46.286470000,242.700
3.317180000,46.286490000,242.600
3.316990000,46.286590000,242.100
3.316560000,46.286800000,241.200
3.315960000,46.287090000,241.500
3.315610000,46.287270000,241.700
3.315200000,46.287470000,242.000
3.315120000,46.287520000,242.000
3.315050000,46.287560000,242.000
3.314950000,46.287650000,241.900
3.314880000,46.287720000,241.700
3.314730000,46.287910000,241.400
3.314600000,46.288110000,241.000
3.314360000,46.288430000,240.600
3.314240000,46.288620000,240.500
3.314130000,46.288750000,240.500
3.313890000,46.289120000,240.600
3.313500000,46.289680000,240.100
3.313380000,46.289860000,240.000
3.313330000,46.289960000,240.000
3.313310000,46.289990000,240.000
3.313280000,46.290040000,240.200
3.313220000,46.290190000,240.500
3.313100000,46.290500000,241.100
3.313030000,46.290650000,241.400
3.313010000,46.290680000,241.400
3.312960000,46.290740000,241.400
3.312900000,46.290810000,241.500
3.312820000,46.290900000,241.400
3.312660000,46.291070000,241.100
3.312420000,46.291300000,241.000
3.312260000,46.291430000,240.900
3.312160000,46.291500000,240.900
3.312070000,46.291560000,240.900
3.311950000,46.291620000,241.000
3.311360000,46.291930000,241.900
3.311330000,46.291950000,241.900
3.310580000,46.292330000,242.600
3.310290000,46.292480000,242.300
3.310140000,46.292560000,242.400
3.309850000,46.292720000,242.400
3.309560000,46.292900000,242.400
3.309480000,46.292950000,242.400
3.309360000,46.293020000,242.300
3.309230000,46.293090000,242.300
3.308880000,46.293280000,241.800
3.308220000,46.293620000,241.100
3.307910000,46.293780000,240.500
3.307700000,46.293890000,239.900
3.307590000,46.293960000,239.400
3.307520000,46.294010000,239.100
3.307510000,46.294020000,239.100
3.307460000,46.294060000,239.000
3.307380000,46.294140000,239.000
3.307370000,46.294160000,239.000
3.307310000,46.294230000,239.100
3.307260000,46.294310000,239.300
3.307250000,46.294320000,239.300
3.307200000,46.294390000,239.400
3.307150000,46.294480000,239.600
3.307060000,46.294620000,239.800
3.307010000,46.294690000,239.900
3.306940000,46.294750000,239.900
3.306650000,46.295020000,239.900
3.306040000,46.295540000,238.300
3.305440000,46.296060000,238.500
3.305340000,46.296150000,238.800
3.305280000,46.296200000,239.000
3.304950000,46.296480000,240.400
3.304890000,46.296530000,240.600
3.304610000,46.296760000,241.300
3.304440000,46.296890000,241.700
3.304320000,46.296980000,241.900
3.304230000,46.297050000,242.000
3.304140000,46.297100000,241.900
3.303860000,46.297250000,240.600
3.303730000,46.297330000,239.900
3.303280000,46.297580000,237.400
3.302800000,46.297850000,238.100
3.302440000,46.298050000,238.400
3.302280000,46.298150000,238.900
3.302220000,46.298190000,239.100
3.302190000,46.298210000,239.200
3.302040000,46.298320000,239.500
3.301940000,46.298410000,239.800
3.301850000,46.298490000,240.100
3.301520000,46.298820000,241.100
3.301290000,46.299060000,241.700
3.301220000,46.299140000,241.900
3.301200000,46.299170000,242.000
3.300830000,46.299540000,242.400
3.300740000,46.299640000,242.300
3.300700000,46.299670000,242.200
3.300400000,46.299990000,241.400
3.300060000,46.300340000,239.300
3.300020000,46.300390000,239.100
3.299810000,46.300610000,238.400
3.299730000,46.300690000,238.200
3.299620000,46.300810000,238.000
3.299520000,46.300910000,237.900
3.299470000,46.300970000,237.800
3.299380000,46.301060000,237.600
3.298840000,46.301630000,235.700
3.298520000,46.301960000,235.100
3.298450000,46.302060000,235.100
3.298420000,46.302120000,235.000
3.298400000,46.302190000,235.000
3.298400000,46.302260000,235.000
3.298400000,46.302400000,235.000
3.298420000,46.302820000,235.400
3.298450000,46.303480000,235.800
3.298440000,46.303510000,235.800
3.298450000,46.303630000,235.700
3.298450000,46.303680000,235.600
3.298430000,46.303750000,235.600
3.298400000,46.303810000,235.500
3.298370000,46.303850000,235.400
3.298200000,46.304050000,235.100
3.298160000,46.304110000,235.000
3.298150000,46.304120000,235.000
3.298130000,46.304190000,235.000
3.298130000,46.304230000,235.100
3.298140000,46.304340000,235.200
3.298150000,46.304390000,235.200
3.298190000,46.304640000,235.500
3.298210000,46.304820000,235.700
3.298240000,46.305000000,235.900
3.298240000,46.305120000,235.900
3.298230000,46.305180000,235.900
3.298210000,46.305200000,235.900
3.298170000,46.305230000,235.900
3.298130000,46.305240000,235.800
3.297480000,46.305480000,235.600
3.297420000,46.305530000,235.700
3.297380000,46.305560000,235.800
3.297350000,46.305590000,235.900
3.297350000,46.305590000,235.900
3.297350000,46.305600000,235.900
3.297360000,46.305610000,235.900
3.297360000,46.305620000,235.900
3.297370000,46.305620000,235.900
3.297370000,46.305630000,235.900
3.297370000,46.305640000,235.900
3.297370000,46.305650000,235.900
3.297370000,46.305660000,235.900
3.297370000,46.305670000,236.000
3.297370000,46.305680000,236.000
3.297370000,46.305690000,236.000
3.297360000,46.305700000,236.000
3.297350000,46.305710000,236.000
3.297350000,46.305720000,236.000
3.297340000,46.305730000,236.100
3.297330000,46.305730000,236.100
3.297330000,46.305740000,236.100
3.297320000,46.305740000,236.100
3.297310000,46.305750000,236.100
3.297300000,46.305750000,236.100
3.297290000,46.305760000,236.200
3.297280000,46.305760000,236.200
3.297270000,46.305760000,236.200
3.297260000,46.305770000,236.200
3.297250000,46.305770000,236.200
3.297240000,46.305770000,236.200
3.297230000,46.305770000,236.200
3.297220000,46.305770000,236.300
3.297210000,46.305770000,236.300
3.297200000,46.305770000,236.300
3.297190000,46.305770000,236.300
3.297180000,46.305770000,236.300
3.297170000,46.305770000,236.300
3.297160000,46.305770000,236.300
3.297150000,46.305770000,236.300
3.297140000,46.305770000,236.400
3.297130000,46.305760000,236.400
3.297120000,46.305760000,236.400
3.297110000,46.305760000,236.400
3.297110000,46.305750000,236.400
3.297100000,46.305750000,236.400
3.297090000,46.305750000,236.400
3.297080000,46.305740000,236.400
3.296880000,46.305780000,236.700
3.296830000,46.305790000,236.800
3.296730000,46.305820000,236.900
3.296570000,46.305860000,236.900
3.296180000,46.306010000,236.200
3.296010000,46.306070000,235.900
3.295750000,46.306160000,235.600
3.295630000,46.306210000,235.500
3.295480000,46.306260000,235.500
3.295340000,46.306300000,235.600
3.295270000,46.306320000,235.600
3.295150000,46.306360000,235.700
3.295030000,46.306400000,235.700
3.294530000,46.306570000,236.000
3.294360000,46.306630000,235.900
3.294170000,46.306700000,235.800
3.293670000,46.306880000,235.700
3.293210000,46.307050000,235.600
3.293100000,46.307110000,235.500
3.293040000,46.307160000,235.500
3.293040000,46.307230000,235.500
3.293050000,46.307290000,235.500
3.293060000,46.307340000,235.500
3.293070000,46.307360000,235.500
3.293140000,46.307520000,235.400
3.293180000,46.307610000,235.200
3.293240000,46.307770000,234.900
3.293240000,46.307820000,234.800
3.293240000,46.307880000,234.700
3.293230000,46.307910000,234.700
3.293210000,46.307940000,234.700
3.293180000,46.307970000,234.700
3.293150000,46.308000000,234.700
3.293100000,46.308040000,234.700
3.293080000,46.308050000,234.700
3.292990000,46.308100000,234.800
3.292910000,46.308120000,234.900
3.292240000,46.308310000,235.700
3.291940000,46.308400000,236.300
3.291540000,46.308510000,237.300
3.290980000,46.308660000,238.300
3.290670000,46.308750000,239.000
3.290620000,46.308760000,239.100
3.290500000,46.308800000,239.300
3.290390000,46.308840000,239.400
3.290250000,46.308900000,239.400
3.290050000,46.309000000,239.100
3.289930000,46.309070000,238.900
3.289730000,46.309190000,239.100
3.289620000,46.309250000,239.800
3.289300000,46.309430000,241.200
3.289270000,46.309450000,241.300
3.288980000,46.309620000,241.700
3.288920000,46.309720000,241.900
3.288690000,46.309840000,242.000
3.288630000,46.309880000,242.000
3.288510000,46.309940000,242.100
3.288410000,46.309980000,242.200
3.288210000,46.310090000,242.500
3.288030000,46.310190000,242.700
3.288000000,46.310210000,242.800
3.287820000,46.310340000,243.100
3.287760000,46.310430000,243.300
3.287700000,46.310510000,243.500
3.287640000,46.310620000,243.800
3.287610000,46.310690000,243.900
3.287560000,46.310760000,244.000
3.287510000,46.311090000,244.700
3.287480000,46.311300000,245.100
3.287460000,46.311480000,245.500
3.287450000,46.311560000,245.700
3.287410000,46.311900000,246.000
3.287400000,46.311980000,246.000
3.287390000,46.312060000,246.100
3.287300000,46.312590000,245.800
3.287300000,46.312600000,245.700
3.287290000,46.312700000,245.200
3.287280000,46.312770000,244.900
3.287280000,46.312780000,244.800
3.287210000,46.313210000,243.000
3.287190000,46.313380000,242.300
3.287170000,46.313480000,241.900
3.287120000,46.313820000,240.500
3.287100000,46.313990000,239.800
3.287100000,46.314000000,239.800
3.287090000,46.314020000,239.700
3.287080000,46.314070000,239.500
3.287070000,46.314140000,239.200
3.287030000,46.314420000,239.100
3.286940000,46.314910000,239.300
3.286920000,46.315040000,239.300
3.286860000,46.315450000,238.900
3.286850000,46.315570000,238.700
3.286790000,46.315930000,238.500
3.286770000,46.316110000,238.300
3.286710000,46.316470000,238.100
3.286620000,46.317040000,238.500
3.286610000,46.317130000,238.600
3.286530000,46.317640000,239.300
3.286500000,46.317820000,239.300
3.286460000,46.318040000,239.300
3.286460000,46.318080000,239.300
3.286450000,46.318120000,239.300
3.286420000,46.318320000,239.300
3.286420000,46.318350000,239.300
3.286320000,46.318990000,239.900
3.286290000,46.319210000,240.100
3.286270000,46.319320000,240.400
3.286260000,46.319430000,240.600
3.286230000,46.319610000,241.000
3.286210000,46.319700000,241.200
3.286170000,46.319940000,241.700
3.286160000,46.319980000,241.700
3.286110000,46.320410000,242.600
3.286030000,46.320910000,243.300
3.286020000,46.321010000,243.000
3.286020000,46.321020000,242.900
3.285950000,46.321420000,241.800
3.285860000,46.322050000,241.400
3.285850000,46.322120000,241.500
3.285720000,46.322980000,241.800
3.285710000,46.323020000,241.800
3.285610000,46.323720000,243.100
3.285570000,46.323980000,244.000
3.285560000,46.324100000,244.400
3.285530000,46.324230000,244.900
3.285500000,46.324400000,245.400
3.285480000,46.324550000,246.000
3.285460000,46.324720000,246.500
3.285450000,46.324750000,246.600
3.285400000,46.325120000,247.600
3.285320000,46.325660000,248.200
3.285130000,46.326910000,249.000
3.285120000,46.326970000,249.200
3.284950000,46.328090000,251.500
3.284850000,46.328740000,251.900
3.284840000,46.328800000,251.900
3.284760000,46.329330000,252.200
3.284750000,46.329390000,252.300
3.284650000,46.330030000,253.400
3.284620000,46.330280000,253.500
3.284580000,46.330570000,253.700
3.284570000,46.330610000,253.700
3.284530000,46.330870000,253.600
3.284530000,46.330930000,253.400
3.284520000,46.330970000,253.200
3.284510000,46.331110000,252.700
3.284500000,46.331150000,252.500
3.284500000,46.331300000,252.000
3.284510000,46.331430000,251.600
3.284530000,46.331510000,251.400
3.284530000,46.331520000,251.400
3.284550000,46.331640000,251.000
3.284570000,46.331710000,250.800
3.284720000,46.332360000,249.400
3.284730000,46.332400000,249.300
3.284750000,46.332490000,249.100
3.284760000,46.332530000,249.000
3.284880000,46.333070000,247.600
3.284930000,46.333290000,247.000
3.285110000,46.333990000,245.600
3.285110000,46.334010000,245.500
3.285170000,46.334270000,245.100
3.285280000,46.334740000,244.600
3.285370000,46.335060000,244.200
3.285370000,46.335090000,244.000
3.285430000,46.335360000,242.800
3.285510000,46.335700000,241.300
3.285620000,46.336100000,240.400
3.285640000,46.336210000,240.300
3.285720000,46.336540000,240.000
3.285810000,46.336890000,238.900
3.285850000,46.337070000,238.100
3.286020000,46.337780000,236.700
3.286110000,46.338130000,237.100
3.286120000,46.338180000,237.100
3.286190000,46.338490000,237.700
3.286360000,46.339200000,239.400
3.286370000,46.339240000,239.300
3.286530000,46.339900000,237.600
3.286640000,46.340350000,236.200
3.286670000,46.340490000,235.800
3.286690000,46.340560000,235.600
3.286840000,46.341200000,233.700
3.286920000,46.341560000,232.600
3.286950000,46.341720000,232.400
3.286960000,46.341840000,232.500
3.286970000,46.341960000,232.600
3.286960000,46.342140000,232.700
3.286950000,46.342250000,232.800
3.286960000,46.342280000,232.800
3.286970000,46.342290000,232.800
3.286960000,46.342340000,232.900
3.286900000,46.342510000,233.000
3.286750000,46.342880000,234.200
3.286650000,46.343200000,235.600
3.286600000,46.343300000,236.000
3.286550000,46.343440000,236.700
3.286330000,46.343970000,239.100
3.286250000,46.344140000,239.900
3.286180000,46.344300000,241.100
3.286030000,46.344640000,243.600
3.285920000,46.344890000,245.300
3.285850000,46.345070000,246.600
3.285820000,46.345120000,247.000
3.285800000,46.345170000,247.500
3.285770000,46.345240000,248.200
3.285500000,46.345850000,253.100
3.285190000,46.346570000,256.700
3.285140000,46.346660000,257.100
3.285060000,46.346840000,258.300
3.285010000,46.346950000,259.100
3.284980000,46.346990000,259.300
3.284810000,46.347390000,262.000
3.284510000,46.348110000,266.800
3.284430000,46.348310000,268.100
3.284420000,46.348330000,268.300
3.284300000,46.348590000,269.700
3.284280000,46.348650000,270.100
3.284170000,46.348850000,271.100
3.284120000,46.348990000,272.100
3.284080000,46.349090000,272.800
3.284060000,46.349130000,273.100
3.284050000,46.349180000,273.400
3.284020000,46.349260000,274.000
3.283950000,46.349460000,275.500
3.283950000,46.349470000,275.600
3.283910000,46.349550000,276.300
3.283890000,46.349590000,276.600
3.283820000,46.349660000,277.000
3.283720000,46.349890000,278.500
3.283670000,46.350030000,279.400
3.283630000,46.350170000,280.300
3.283600000,46.350300000,281.100
3.283590000,46.350390000,281.700
3.283590000,46.350450000,282.200
3.283590000,46.350590000,283.200
3.283590000,46.350700000,284.000
3.283650000,46.351020000,286.600
3.283740000,46.351450000,290.300
3.283740000,46.351460000,290.400
3.283780000,46.351640000,291.900
3.283930000,46.352350000,296.300
3.284010000,46.352730000,297.900
3.284090000,46.353060000,298.600
3.284090000,46.353080000,298.600
3.284100000,46.353150000,298.700
3.284160000,46.353380000,298.900
3.284190000,46.353520000,298.800
3.284270000,46.353670000,298.600
3.284330000,46.353930000,298.200
3.284370000,46.354110000,297.900
3.284420000,46.354290000,297.600
3.284500000,46.354630000,297.200
3.284630000,46.355260000,296.100
3.284640000,46.355300000,296.000
3.284650000,46.355350000,295.900
3.284700000,46.355550000,295.600
3.284760000,46.355840000,295.200
3.284840000,46.356260000,292.700
3.284890000,46.356510000,291.200
3.284900000,46.356550000,290.900
3.284930000,46.356700000,290.300
3.284950000,46.356740000,290.400
3.284950000,46.356760000,290.500
3.284960000,46.356790000,290.500
3.284980000,46.356880000,290.800
3.284980000,46.356940000,291.000
3.284970000,46.356990000,291.200
3.285080000,46.357520000,292.800
3.285210000,46.358070000,296.300
3.285280000,46.358410000,298.200
3.285340000,46.358720000,299.100
3.285400000,46.358960000,299.800
3.285430000,46.359110000,300.300
3.285500000,46.359430000,301.300
3.285580000,46.359800000,302.600
3.285610000,46.359920000,303.000
3.285740000,46.360480000,304.700
3.285920000,46.361330000,305.300
3.285980000,46.361620000,304.900
3.286090000,46.362120000,303.100
3.286150000,46.362380000,302.100
3.286210000,46.362650000,301.400
3.286360000,46.363360000,301.000
3.286380000,46.363430000,301.000
3.286400000,46.363540000,301.000
3.286600000,46.364440000,300.700
3.286610000,46.364480000,300.600
3.286780000,46.365240000,300.100
3.286800000,46.365340000,300.100
3.286830000,46.365460000,300.100
3.286980000,46.366180000,299.600
3.287040000,46.366470000,299.200
3.287120000,46.366810000,299.200
3.287130000,46.366870000,299.300
3.287140000,46.366900000,299.300
3.287140000,46.366910000,299.300
3.287150000,46.366940000,299.300
3.287160000,46.367000000,299.300
3.287200000,46.367190000,299.400
3.287240000,46.367350000,299.600
3.287320000,46.367720000,299.000
3.287390000,46.368010000,298.100
3.287400000,46.368060000,297.900
3.287410000,46.368110000,297.800
3.287440000,46.368280000,297.200
3.287500000,46.368500000,296.400
3.287540000,46.368620000,296.000
3.287620000,46.368860000,295.000
3.287700000,46.369020000,294.200
3.287720000,46.369060000,294.000
3.287770000,46.369160000,293.400
3.287790000,46.369190000,293.300
3.287860000,46.369310000,292.800
3.287940000,46.369440000,292.300
3.288110000,46.369680000,290.700
3.288140000,46.369710000,290.500
3.288480000,46.370150000,286.600
3.288510000,46.370200000,286.100
3.288600000,46.370310000,285.100
3.289080000,46.370930000,280.200
3.289090000,46.370950000,280.000
3.289560000,46.371560000,275.500
3.289700000,46.371770000,274.500
3.289850000,46.372040000,274.200
3.289890000,46.372110000,274.000
3.289920000,46.372160000,273.800
3.289970000,46.372280000,273.500
3.290000000,46.372360000,273.200
3.290040000,46.372460000,272.900
3.290080000,46.372580000,273.000
3.290090000,46.372630000,273.200
3.290120000,46.372710000,273.400
3.290140000,46.372800000,273.600
3.290150000,46.372820000,273.600
3.290180000,46.372980000,274.000
3.290190000,46.373000000,274.000
3.290280000,46.373370000,274.100
3.290290000,46.373430000,273.800
3.290360000,46.373710000,272.100
3.290430000,46.374060000,270.800
3.290460000,46.374210000,271.000
3.290470000,46.374240000,271.300
3.290580000,46.374780000,277.000
3.290600000,46.374870000,277.900
3.290620000,46.374970000,278.900
3.290640000,46.375050000,279.900
3.290680000,46.375230000,282.300
3.290840000,46.375960000,290.600
3.290890000,46.376110000,291.300
3.290920000,46.376230000,291.900
3.290940000,46.376290000,292.200
3.291020000,46.376520000,293.300
3.291060000,46.376640000,293.900
3.291120000,46.376780000,294.100
3.291140000,46.376810000,294.100
3.291190000,46.376910000,294.300
3.291390000,46.377280000,295.000
3.291410000,46.377320000,295.100
3.291520000,46.377480000,295.600
3.291590000,46.377600000,295.700
3.291630000,46.377650000,295.700
3.291930000,46.378060000,295.100
3.292160000,46.378300000,294.500
3.292370000,46.378520000,293.700
3.292480000,46.378620000,293.300
3.292740000,46.378860000,292.700
3.292960000,46.379050000,292.300
3.293060000,46.379140000,292.100
3.293340000,46.379370000,292.700
3.293560000,46.379560000,293.400
3.293600000,46.379590000,293.500
3.294030000,46.379960000,294.100
3.294260000,46.380160000,294.000
3.294400000,46.380270000,294.100
3.294880000,46.380680000,294.700
3.294940000,46.380730000,294.800
3.295590000,46.381290000,293.000
3.295620000,46.381320000,292.900
3.296080000,46.381710000,293.200
3.296600000,46.382150000,294.200
3.296720000,46.382260000,293.800
3.297670000,46.383070000,292.700
3.298200000,46.383520000,292.600
3.298380000,46.383670000,292.100
3.299170000,46.384350000,290.300
3.299960000,46.385020000,289.000
3.300120000,46.385150000,289.000
3.300160000,46.385190000,289.000
3.300720000,46.385660000,288.200
3.300940000,46.385850000,287.600
3.301100000,46.385990000,286.500
3.301260000,46.386130000,285.400
3.301470000,46.386310000,284.000
3.302750000,46.387380000,282.700
3.302770000,46.387410000,282.600
3.302910000,46.387520000,282.000
3.303070000,46.387660000,281.200
3.303520000,46.388040000,279.800
3.304010000,46.388480000,277.700
3.304240000,46.388670000,277.400
3.304540000,46.388920000,277.700
3.304810000,46.389150000,278.000
3.305100000,46.389410000,278.500
3.305450000,46.389720000,279.100
3.305480000,46.389750000,279.200
3.305770000,46.390020000,280.000
3.305920000,46.390170000,280.100
3.306020000,46.390270000,280.000
3.306140000,46.390410000,279.900
3.306200000,46.390470000,279.900
3.306320000,46.390620000,279.700
3.306330000,46.390630000,279.700
3.306450000,46.390790000,279.500
3.306570000,46.390950000,279.000
3.306600000,46.390990000,278.800
3.306710000,46.391150000,277.900
3.306790000,46.391270000,277.000
3.306790000,46.391280000,277.000
3.306870000,46.391410000,276.000
3.306960000,46.391580000,274.800
3.307090000,46.391820000,272.500
3.307220000,46.392130000,269.600
3.307310000,46.392350000,267.500
3.307390000,46.392580000,265.500
3.307560000,46.393090000,262.600
3.307670000,46.393440000,260.500
3.307690000,46.393500000,259.900
3.307740000,46.393660000,258.600
3.307750000,46.393680000,258.400
3.307760000,46.393720000,258.100
3.307980000,46.394390000,253.600
3.308010000,46.394500000,252.900
3.308030000,46.394550000,252.600
3.308130000,46.394850000,251.000
3.308210000,46.395090000,250.400
3.308230000,46.395130000,250.500
3.308330000,46.395440000,251.000
3.308440000,46.395790000,251.500
3.308460000,46.395860000,251.800
3.308500000,46.395970000,253.000
3.308540000,46.396080000,254.200
3.308770000,46.396740000,261.600
3.308840000,46.396960000,263.500
3.308890000,46.397100000,264.800
3.308930000,46.397210000,265.700
3.308950000,46.397270000,266.200
3.309010000,46.397450000,267.700
3.309060000,46.397620000,269.100
3.309080000,46.397680000,269.600
3.309110000,46.397760000,270.200
3.309150000,46.397900000,271.300
3.309160000,46.397920000,271.500
3.309180000,46.397970000,271.700
3.309230000,46.398150000,272.500
3.309250000,46.398230000,272.900
3.309270000,46.398290000,273.100
3.309370000,46.398640000,273.300
3.309430000,46.398820000,273.400
3.309450000,46.398880000,273.400
3.309490000,46.398990000,273.500
3.309550000,46.399170000,273.600
3.309610000,46.399350000,273.000
3.309670000,46.399550000,272.400
3.309770000,46.399870000,271.500
3.309790000,46.399910000,271.400
3.309870000,46.400170000,271.800
3.309980000,46.400480000,272.800
3.310010000,46.400570000,272.900
3.310080000,46.400750000,272.900
3.310100000,46.400790000,272.900
3.310130000,46.400860000,272.800
3.310200000,46.401040000,272.100
3.310250000,46.401160000,271.600
3.310400000,46.401640000,269.700
3.310480000,46.401900000,268.400
3.310520000,46.402010000,268.000
3.310560000,46.402130000,267.600
3.310600000,46.402250000,267.400
3.310630000,46.402340000,267.300
3.310650000,46.402410000,267.300
3.310710000,46.402510000,267.300
3.310870000,46.402970000,269.100
3.310910000,46.403080000,269.500
3.310940000,46.403180000,270.000
3.311040000,46.403470000,269.500
3.311110000,46.403710000,267.500
3.311140000,46.403780000,266.800
3.311170000,46.403880000,266.000
3.311200000,46.403960000,265.300
3.311260000,46.404130000,263.700
3.311300000,46.404230000,262.600
3.311350000,46.404330000,261.400
3.311380000,46.404370000,260.900
3.311450000,46.404500000,259.500
3.311590000,46.404700000,257.500
3.311610000,46.404730000,257.200
3.311630000,46.404760000,257.000
3.311720000,46.404900000,255.700
3.311940000,46.405220000,252.900
3.311950000,46.405240000,252.700
3.311960000,46.405260000,252.600
3.312050000,46.405430000,251.200
3.312240000,46.405740000,248.700
3.312250000,46.405770000,248.500
3.312330000,46.405930000,247.700
3.312360000,46.406060000,247.400
3.312390000,46.406240000,246.900
3.312420000,46.406690000,245.700
3.312430000,46.406840000,245.200
3.312480000,46.407560000,242.500
3.312490000,46.407870000,239.900
3.312500000,46.407940000,239.300
3.312510000,46.408150000,237.500
3.312520000,46.408310000,236.200
3.312550000,46.408850000,232.300
3.312560000,46.408980000,231.300
3.312560000,46.409030000,230.900
3.312570000,46.409210000,229.500
3.312580000,46.409390000,227.800
3.312580000,46.409400000,227.700
3.312580000,46.409540000,226.300
3.312590000,46.409570000,226.000
3.312600000,46.409920000,222.600
3.312620000,46.410300000,221.500
3.312620000,46.410340000,221.500
3.312620000,46.410380000,221.500
3.312630000,46.410430000,221.400
3.312660000,46.410490000,221.300
3.312670000,46.410570000,221.300
3.312710000,46.410950000,221.200
3.312720000,46.411220000,221.600
3.312740000,46.411510000,221.900
3.312750000,46.411610000,222.000
3.312750000,46.411680000,222.100
3.312780000,46.412300000,221.700
3.312790000,46.412480000,221.600
3.312810000,46.412960000,224.200
3.312810000,46.412970000,224.300
3.312780000,46.413010000,224.700
3.312790000,46.413090000,225.100
3.312820000,46.413470000,227.800
3.312830000,46.413650000,229.600
3.312840000,46.413750000,230.600
3.312840000,46.413830000,231.500
3.312860000,46.414190000,235.100
3.312860000,46.414390000,236.500
3.312860000,46.414440000,236.900
3.312860000,46.414500000,237.300
3.312860000,46.414600000,238.000
3.312850000,46.414770000,239.300
3.312830000,46.415020000,241.000
3.312790000,46.415360000,241.000
3.312750000,46.415800000,240.800
3.312740000,46.415970000,240.800
3.312740000,46.416020000,240.800
3.312730000,46.416480000,240.800
3.312740000,46.416740000,240.700
3.312750000,46.416840000,240.600
3.312750000,46.416920000,240.600
3.312770000,46.417120000,240.400
3.312800000,46.417420000,240.100
3.312880000,46.418050000,239.000
3.312930000,46.418360000,238.400
3.312950000,46.418540000,238.100
3.312970000,46.418710000,238.000
3.312990000,46.418890000,237.800
3.313000000,46.418900000,237.800
3.313130000,46.419650000,234.700
3.313180000,46.419860000,233.400
3.313310000,46.420540000,232.000
3.313360000,46.420750000,231.900
3.313500000,46.421470000,233.000
3.313510000,46.421480000,233.000
3.313630000,46.422090000,231.600
3.313730000,46.422530000,230.500
3.313730000,46.422550000,230.500
3.313830000,46.423000000,230.800
3.313960000,46.423620000,230.900
3.314000000,46.423800000,230.900
3.314030000,46.423940000,230.900
3.314110000,46.424300000,230.800
3.314170000,46.424560000,230.500
3.314310000,46.425140000,229.500
3.314360000,46.425370000,229.100
3.314410000,46.425550000,228.800
3.314450000,46.425750000,228.500
3.314510000,46.426000000,227.800
3.314530000,46.426110000,227.500
3.314540000,46.426170000,227.400
3.314590000,46.426440000,226.700
3.314650000,46.426790000,225.900
3.314680000,46.426950000,225.700
3.314710000,46.427150000,225.400
3.314790000,46.427630000,225.100
3.314830000,46.427830000,225.200
3.314920000,46.428380000,225.700
3.314990000,46.428780000,224.900
3.315150000,46.429730000,224.900
3.315270000,46.430370000,225.500
3.315310000,46.430620000,225.600
3.315330000,46.430750000,225.700
3.315430000,46.431310000,225.700
3.315510000,46.431750000,225.800
3.315530000,46.431900000,225.800
3.315610000,46.432380000,225.800
3.315690000,46.432830000,225.200
3.315760000,46.433280000,224.400
3.315860000,46.433870000,224.000
3.315950000,46.434320000,224.000
3.315960000,46.434380000,224.100
3.316040000,46.434810000,224.300
3.316170000,46.435570000,225.800
3.316200000,46.435720000,226.100
3.316210000,46.435740000,226.000
3.316310000,46.436280000,228.200
3.316370000,46.436570000,229.300
3.316490000,46.437290000,230.300
3.316590000,46.437800000,231.800
3.316670000,46.438240000,233.400
3.316710000,46.438410000,234.000
3.316710000,46.438420000,234.100
3.316750000,46.438610000,234.700
3.316790000,46.438880000,235.600
3.316810000,46.439140000,236.600
3.316820000,46.439170000,236.600
3.316830000,46.439430000,237.800
3.316850000,46.439570000,238.200
3.316860000,46.439790000,239.200
3.316860000,46.440010000,240.300
3.316860000,46.440200000,240.900
3.316850000,46.440390000,241.600
3.316850000,46.440410000,241.700
3.316830000,46.440570000,242.500
3.316820000,46.440700000,243.000
3.316790000,46.441020000,243.500
3.316760000,46.441290000,243.500
3.316760000,46.441320000,243.400
3.316740000,46.441470000,243.400
3.316720000,46.441650000,243.300
3.316720000,46.441670000,243.200
3.316710000,46.441830000,242.200
3.316700000,46.442010000,241.100
3.316690000,46.442030000,241.100
3.316700000,46.442190000,239.900
3.316700000,46.442270000,239.300
3.316710000,46.442810000,236.900
3.316710000,46.442840000,236.800
3.316710000,46.443040000,236.400
3.316720000,46.443280000,235.800
3.316720000,46.443430000,236.000
3.316740000,46.443640000,236.700
3.316750000,46.443820000,237.300
3.316750000,46.443870000,237.400
3.316760000,46.444000000,237.800
3.316760000,46.444160000,238.400
3.316760000,46.444180000,238.500
3.316770000,46.444360000,239.100
3.316770000,46.444540000,239.700
3.316780000,46.444720000,240.300
3.316790000,46.444900000,240.900
3.316790000,46.445080000,241.700
3.316790000,46.445110000,241.800
3.316800000,46.445260000,242.500
3.316810000,46.445440000,243.300
3.316820000,46.445700000,244.600
3.316840000,46.446010000,244.900
3.316870000,46.446820000,243.800
3.316890000,46.447070000,243.700
3.316890000,46.447160000,243.700
3.316900000,46.447220000,243.600
3.316900000,46.447290000,243.600
3.316910000,46.447490000,243.500
3.316930000,46.447830000,245.300
3.316930000,46.447850000,245.400
3.316930000,46.447900000,245.700
3.316940000,46.448030000,246.300
3.316980000,46.448650000,249.100
3.317010000,46.449000000,250.300
3.317020000,46.449110000,250.700
3.317020000,46.449150000,250.800
3.317020000,46.449270000,251.100
3.317040000,46.449520000,251.200
3.317040000,46.449630000,251.400
3.317040000,46.449650000,251.400
3.317050000,46.449690000,251.300
3.317070000,46.450190000,252.000
3.317070000,46.450230000,252.000
3.317080000,46.450340000,252.100
3.317080000,46.450380000,252.200
3.317080000,46.450600000,252.600
3.317070000,46.450780000,253.000
3.317070000,46.450930000,252.800
3.317030000,46.451550000,251.300
3.317030000,46.451650000,251.000
3.317020000,46.451830000,251.600
3.317000000,46.452360000,253.700
3.316980000,46.452630000,254.700
3.316960000,46.453100000,256.000
3.316950000,46.453230000,256.400
3.316950000,46.453280000,256.500
3.316940000,46.453460000,256.100
3.316920000,46.454000000,253.800
3.316900000,46.454330000,252.300
3.316890000,46.454660000,250.700
3.316890000,46.454680000,250.600
3.316890000,46.454720000,250.400
3.316880000,46.454810000,249.900
3.316880000,46.454950000,249.200
3.316870000,46.455020000,249.100
3.316870000,46.455040000,249.200
3.316870000,46.455080000,249.400
3.316870000,46.455200000,250.000
3.316870000,46.455250000,250.300
3.316860000,46.455430000,251.300
3.316860000,46.455560000,252.000
3.316860000,46.455580000,252.100
3.316860000,46.455610000,252.200
3.316850000,46.455720000,252.900
3.316850000,46.455790000,253.200
3.316820000,46.456330000,256.000
3.316820000,46.456460000,256.600
3.316820000,46.456480000,256.700
3.316810000,46.456510000,256.900
3.316810000,46.456630000,257.500
3.316810000,46.456690000,257.500
3.316800000,46.456810000,257.100
3.316800000,46.456840000,257.000
3.316800000,46.456860000,256.900
3.316800000,46.456970000,256.400
3.316790000,46.457020000,256.300
3.316790000,46.457200000,255.500
3.316780000,46.457260000,255.400
3.316760000,46.457840000,253.600
3.316740000,46.458460000,251.600
3.316740000,46.458480000,251.400
3.316730000,46.458700000,250.000
3.316720000,46.458830000,249.100
3.316700000,46.459080000,247.500
3.316680000,46.459530000,246.900
3.316670000,46.459830000,247.000
3.316650000,46.460350000,247.100
3.316650000,46.460430000,247.100
3.316620000,46.461240000,247.300
3.316590000,46.461690000,247.400
3.316590000,46.461870000,247.200
3.316570000,46.462140000,247.100
3.316540000,46.462770000,246.600
3.316520000,46.463250000,246.200
3.316510000,46.463550000,245.700
3.316490000,46.464290000,244.800
3.316480000,46.464350000,245.000
3.316450000,46.465010000,246.000
3.316440000,46.465320000,244.700
3.316420000,46.465780000,242.700
3.316410000,46.465970000,242.000
3.316400000,46.466130000,241.400
3.316400000,46.466150000,241.300
3.316390000,46.466440000,240.200
3.316350000,46.467210000,237.300
3.316350000,46.467230000,237.200
3.316350000,46.467240000,237.200
3.316340000,46.467410000,236.500
3.316330000,46.467590000,235.700
3.316320000,46.467740000,234.900
3.316320000,46.467920000,233.800
3.316310000,46.468100000,232.800
3.316300000,46.468140000,232.600
3.316300000,46.468310000,231.600
3.316270000,46.468720000,231.000
3.316260000,46.469190000,230.400
3.316250000,46.469540000,229.400
3.316240000,46.469650000,229.100
3.316240000,46.469720000,228.900
3.316240000,46.469750000,228.800
3.316230000,46.469930000,228.300
3.316220000,46.470110000,227.900
3.316160000,46.471710000,225.000
3.316150000,46.471890000,224.800
3.316140000,46.472070000,224.700
3.316090000,46.472870000,223.600
3.316070000,46.473230000,222.900
3.316040000,46.473920000,223.300
3.316160000,46.474300000,223.600
3.316160000,46.474300000,223.600
3.316190000,46.474310000,223.500
3.316220000,46.474330000,223.500
3.316240000,46.474350000,223.600
3.316260000,46.474370000,223.600
3.316280000,46.474390000,223.600
3.316290000,46.474410000,223.700
3.316290000,46.474420000,223.700
3.316300000,46.474440000,223.800
3.316300000,46.474470000,223.900
3.316300000,46.474490000,223.900
3.316290000,46.474520000,224.000
3.316280000,46.474540000,224.100
3.316260000,46.474560000,224.200
3.316250000,46.474570000,224.200
3.316240000,46.474590000,224.300
3.316220000,46.474600000,224.300
3.316190000,46.474620000,224.400
3.316160000,46.474640000,224.500
3.316120000,46.474650000,224.500
3.316050000,46.475350000,224.600
3.316030000,46.475680000,224.100
3.316020000,46.475890000,223.900
3.316010000,46.476170000,223.500
3.316000000,46.476370000,223.300
3.315990000,46.476950000,222.600
3.316000000,46.477030000,222.600
3.316020000,46.477090000,222.600
3.316050000,46.477160000,222.500
3.316120000,46.477260000,222.300
3.316120000,46.477260000,222.300
3.316140000,46.477280000,222.300
3.316150000,46.477290000,222.200
3.316160000,46.477300000,222.200
3.316170000,46.477320000,222.200
3.316170000,46.477330000,222.200
3.316170000,46.477340000,222.200
3.316180000,46.477360000,222.200
3.316180000,46.477370000,222.200
3.316180000,46.477390000,222.200
3.316170000,46.477400000,222.200
3.316170000,46.477420000,222.200
3.316160000,46.477430000,222.200
3.316160000,46.477440000,222.200
3.316150000,46.477450000,222.200
3.316140000,46.477470000,222.300
3.316130000,46.477480000,222.300
3.316110000,46.477490000,222.300
3.316100000,46.477500000,222.400
3.316080000,46.477510000,222.400
3.316070000,46.477520000,222.400
3.316050000,46.477530000,222.500
3.316040000,46.477530000,222.500
3.315970000,46.477640000,222.800
3.315960000,46.477650000,222.800
3.315890000,46.477820000,223.200
3.315870000,46.478210000,223.700
3.315840000,46.478710000,223.500
3.315840000,46.478760000,223.500
3.315840000,46.478930000,223.300
3.315820000,46.479630000,222.500
3.315810000,46.479800000,222.300
3.315800000,46.480070000,222.100
3.315780000,46.480760000,222.900
3.315780000,46.480790000,223.000
3.315780000,46.480810000,223.000
3.315770000,46.480890000,222.900
3.315770000,46.480940000,222.900
3.315770000,46.480970000,222.900
3.315770000,46.481000000,222.800
3.315750000,46.481300000,222.600
3.315740000,46.481430000,222.400
3.315740000,46.481470000,222.400
3.315700000,46.482170000,221.000
3.315700000,46.482380000,220.500
3.315680000,46.482920000,220.800
3.315670000,46.483050000,221.000
3.315670000,46.483100000,221.100
3.315670000,46.483110000,221.100
3.315660000,46.483280000,221.300
3.315630000,46.484140000,223.400
3.315610000,46.484480000,223.900
3.315610000,46.484660000,224.100
3.315590000,46.485010000,224.600
3.315580000,46.485430000,226.000
3.315560000,46.485970000,227.700
3.315550000,46.486110000,228.000
3.315540000,46.486280000,228.400
3.315530000,46.486580000,229.200
3.315530000,46.486630000,229.300
3.315520000,46.487050000,230.900
3.315510000,46.487210000,231.600
3.315490000,46.487490000,232.800
3.315520000,46.487670000,233.600
3.315540000,46.487940000,235.000
3.315530000,46.488020000,235.500
3.315530000,46.488260000,236.700
3.315510000,46.488400000,237.200
3.315490000,46.488480000,237.400
3.315480000,46.488540000,237.500
3.315450000,46.488600000,237.600
3.315430000,46.488640000,237.700
3.315420000,46.488680000,237.700
3.315390000,46.488740000,237.800
3.315340000,46.488850000,237.900
3.315340000,46.488860000,237.900
3.315320000,46.488910000,238.000
3.315300000,46.488950000,238.000
3.315270000,46.489050000,238.000
3.315240000,46.489110000,238.000
3.315190000,46.489300000,237.500
3.315180000,46.489350000,237.300
3.315180000,46.489400000,237.100
3.315180000,46.489500000,236.700
3.315190000,46.489630000,236.200
3.315210000,46.489820000,235.500
3.315240000,46.490020000,234.600
3.315240000,46.490040000,234.600
3.315270000,46.490360000,233.400
3.315280000,46.490490000,232.900
3.315260000,46.490560000,232.700
3.315270000,46.490610000,232.500
3.315270000,46.490670000,232.300
3.315320000,46.491030000,231.800
3.315320000,46.491050000,231.800
3.315360000,46.491310000,231.900
3.315390000,46.491620000,232.000
3.315450000,46.492030000,233.500
3.315490000,46.492420000,235.100
3.315500000,46.492430000,235.100
3.315530000,46.492660000,236.000
3.315570000,46.492970000,237.400
3.315590000,46.493050000,237.800
3.315660000,46.493560000,239.300
3.315680000,46.493730000,239.400
3.315680000,46.493740000,239.400
3.315740000,46.494210000,239.300
3.315850000,46.495080000,233.900
3.315860000,46.495160000,233.800
3.315870000,46.495250000,233.600
3.315940000,46.496010000,232.900
3.315940000,46.496350000,233.700
3.315960000,46.496680000,234.400
3.315960000,46.496720000,234.400
3.315990000,46.497190000,234.400
3.315990000,46.497370000,234.400
3.316030000,46.497780000,233.400
3.316050000,46.498070000,232.300
3.316070000,46.498200000,231.900
3.316090000,46.498530000,231.200
3.316130000,46.498980000,230.700
3.316160000,46.499450000,229.500
3.316190000,46.499810000,228.300
3.316210000,46.500000000,227.600
3.316220000,46.500170000,227.700
3.316250000,46.500520000,227.800
3.316260000,46.500710000,227.900
3.316280000,46.500890000,227.900
3.316290000,46.501010000,228.000
3.316310000,46.501370000,228.400
3.316320000,46.501430000,228.400
3.316350000,46.501790000,228.600
3.316380000,46.502110000,228.700
3.316390000,46.502330000,228.900
3.316390000,46.502360000,228.900
3.316460000,46.503080000,229.400
3.316510000,46.503690000,229.300
3.316540000,46.504180000,228.800
3.316560000,46.504410000,228.600
3.316570000,46.504460000,228.600
3.316580000,46.504590000,228.500
3.316600000,46.504790000,228.400
3.316610000,46.504990000,228.300
3.316660000,46.505610000,225.800
3.316690000,46.505970000,224.600
3.316710000,46.506150000,224.000
3.316720000,46.506320000,223.600
3.316730000,46.506500000,223.100
3.316770000,46.506950000,221.900
3.316820000,46.507590000,220.800
3.316830000,46.507830000,221.600
3.316840000,46.507930000,221.900
3.316870000,46.508260000,223.000
3.316900000,46.508610000,223.000
3.316920000,46.508970000,222.600
3.316930000,46.509130000,222.400
3.316940000,46.509210000,222.600
3.316980000,46.509640000,224.400
3.317020000,46.510070000,225.900
3.317030000,46.510250000,225.800
3.317090000,46.510900000,225.700
3.317100000,46.511200000,226.500
3.317120000,46.511450000,227.200
3.317140000,46.511570000,227.600
3.317150000,46.511860000,228.100
3.317190000,46.512300000,228.500
3.317220000,46.512580000,228.900
3.317240000,46.512790000,229.300
3.317270000,46.513080000,230.100
3.317290000,46.513370000,230.700
3.317320000,46.513800000,230.500
3.317360000,46.514390000,230.500
3.317370000,46.514450000,230.500
3.317380000,46.514630000,230.800
3.317400000,46.514810000,231.000
3.317420000,46.514990000,231.200
3.317420000,46.515090000,231.100
3.317440000,46.515200000,230.900
3.317500000,46.515910000,230.100
3.317510000,46.516050000,230.200
3.317570000,46.516770000,230.300
3.317580000,46.516840000,229.900
3.317590000,46.516950000,229.400
3.317720000,46.518340000,225.900
3.317740000,46.518760000,226.100
3.317790000,46.519110000,226.300
3.317820000,46.519560000,226.100
3.317840000,46.519800000,226.000
3.317870000,46.520140000,225.400
3.317900000,46.520540000,223.700
3.317930000,46.520860000,222.400
3.317940000,46.520990000,221.900
3.317970000,46.521350000,220.400
3.318010000,46.521710000,219.000
3.318020000,46.521830000,219.100
3.318100000,46.522670000,219.200
3.318160000,46.523470000,220.200
3.318190000,46.523690000,221.200
3.318250000,46.524350000,223.100
3.318320000,46.525130000,223.500
3.318330000,46.525310000,224.100
3.318350000,46.525490000,224.800
3.318360000,46.525590000,225.100
3.318390000,46.525900000,225.900
3.318390000,46.526050000,225.700
3.318410000,46.526170000,225.500
3.318430000,46.526500000,225.100
3.318450000,46.526660000,224.900
3.318480000,46.527000000,224.500
3.318480000,46.527060000,224.400
3.318510000,46.527310000,224.000
3.318550000,46.527460000,223.500
3.318560000,46.527530000,223.400
3.318620000,46.528080000,224.100
3.318630000,46.528190000,224.200
3.318660000,46.528480000,224.500
3.318680000,46.528800000,225.100
3.318700000,46.529020000,225.300
3.318720000,46.529240000,224.700
3.318760000,46.529580000,220.700
3.318770000,46.529660000,219.700
3.318800000,46.529890000,217.100
3.318810000,46.529980000,216.000
3.318820000,46.530060000,215.700
3.318840000,46.530450000,215.100
3.318870000,46.530990000,214.100
3.318870000,46.531160000,213.500
3.318850000,46.531240000,213.300
3.318860000,46.531380000,212.800
3.318860000,46.531430000,212.600
3.318870000,46.531540000,212.200
3.318870000,46.531590000,212.000
3.318880000,46.531780000,211.500
3.318920000,46.532200000,211.000
3.318940000,46.532340000,210.900
3.318960000,46.532600000,210.800
3.319040000,46.533580000,210.400
3.319050000,46.533600000,210.400
3.319170000,46.534910000,209.900
3.319190000,46.535020000,209.900
3.319220000,46.535440000,208.500
3.319230000,46.535490000,208.300
3.319250000,46.535740000,207.500
3.319260000,46.535870000,207.300
3.319290000,46.536240000,208.500
3.319330000,46.536710000,209.700
3.319370000,46.537070000,209.000
3.319380000,46.537300000,208.600
3.319410000,46.537550000,208.300
3.319430000,46.537700000,208.400
3.319480000,46.538270000,208.700
3.319500000,46.538510000,208.700
3.319510000,46.538590000,208.700
3.319540000,46.538990000,208.500
3.319590000,46.539460000,208.500
3.319660000,46.540180000,208.600
3.319700000,46.540660000,208.600
3.319740000,46.541150000,208.700
3.319790000,46.541750000,208.600
3.319850000,46.542330000,208.000
3.319850000,46.542400000,207.900
3.319860000,46.542520000,207.800
3.319920000,46.543300000,208.000
3.319990000,46.543900000,208.000
3.320040000,46.544560000,208.000
3.320070000,46.544850000,208.000
3.320120000,46.545230000,207.600
3.320200000,46.546130000,207.100
3.320210000,46.546240000,207.100
3.320280000,46.546950000,207.400
3.320350000,46.547800000,207.900
3.320430000,46.548650000,208.100
3.320460000,46.548990000,207.700
3.320530000,46.549770000,208.500
3.320550000,46.549890000,208.800
3.320630000,46.550700000,209.000
3.320720000,46.551830000,208.200
3.320800000,46.552610000,210.000
3.320810000,46.552670000,210.100
3.320810000,46.552740000,210.200
3.320820000,46.552860000,210.400
3.320820000,46.552910000,210.500
3.320850000,46.553160000,210.800
3.320850000,46.553160000,210.800
3.320870000,46.553280000,210.800
3.320870000,46.553370000,210.900
3.320900000,46.553570000,210.900
3.320920000,46.553880000,210.900
3.320920000,46.553920000,210.900
3.320960000,46.554280000,210.700
3.320980000,46.554470000,210.300
3.321050000,46.555300000,209.800
3.321060000,46.555470000,210.100
3.321130000,46.556060000,210.700
3.321160000,46.556460000,210.900
3.321180000,46.556670000,211.000
3.321190000,46.556860000,210.900
3.321200000,46.556920000,210.900
3.321210000,46.557060000,210.800
3.321260000,46.557510000,210.500
3.321280000,46.557770000,210.500
3.321300000,46.557930000,210.500
3.321310000,46.558110000,210.500
3.321330000,46.558330000,210.600
3.321360000,46.558630000,211.000
3.321380000,46.558800000,211.200
3.321400000,46.559080000,211.600
3.321410000,46.559280000,211.800
3.321390000,46.559450000,211.900
3.321370000,46.559560000,211.900
3.321350000,46.559670000,212.000
3.321330000,46.559760000,212.000
3.321300000,46.559850000,212.000
3.321260000,46.559980000,212.000
3.321230000,46.560060000,211.600
3.321150000,46.560250000,210.600
3.320980000,46.560620000,209.200
3.320940000,46.560710000,209.000
3.320950000,46.560740000,208.900
3.320960000,46.560760000,208.800
3.320960000,46.560770000,208.800
3.320960000,46.560810000,208.600
3.320960000,46.560870000,208.500
3.320970000,46.560950000,208.400
3.320970000,46.560950000,208.400
3.320970000,46.560960000,208.400
3.320980000,46.560970000,208.300
3.320980000,46.560980000,208.300
3.320980000,46.560990000,208.300
3.320980000,46.561000000,208.300
3.320980000,46.561010000,208.300
3.320980000,46.561020000,208.300
3.321170000,46.561070000,207.600
3.321210000,46.561110000,207.500
3.321260000,46.561150000,207.300
3.321290000,46.561170000,207.200
3.322760000,46.561690000,207.300
3.323600000,46.561990000,207.400
3.324000000,46.562130000,207.400
3.324780000,46.562400000,207.500
3.324860000,46.562420000,207.500
3.324970000,46.562420000,207.500
3.325060000,46.562420000,207.500
3.325140000,46.562420000,207.500
3.325210000,46.562420000,207.500
3.325210000,46.562420000,207.500
3.325220000,46.562420000,207.500
3.325230000,46.562420000,207.500
3.325230000,46.562410000,207.500
3.325240000,46.562410000,207.500
3.325250000,46.562410000,207.500
3.325260000,46.562410000,207.500
3.325270000,46.562410000,207.500
3.325350000,46.562320000,207.600
3.325440000,46.562210000,207.400
3.325570000,46.562080000,207.400
3.325700000,46.561960000,207.700
3.325780000,46.561910000,208.000
3.325860000,46.561850000,208.200
3.325900000,46.561810000,208.000
3.326070000,46.561680000,207.900
3.326200000,46.561570000,208.400
3.326240000,46.561540000,208.600
3.326660000,46.561240000,212.000
3.326710000,46.561210000,212.200
3.326730000,46.561190000,212.300
3.326780000,46.561160000,212.500
3.326790000,46.561160000,212.500
3.326800000,46.561160000,212.500
3.326810000,46.561160000,212.500
3.326820000,46.561160000,212.500
3.326830000,46.561160000,212.600
3.326900000,46.561170000,212.600
3.326900000,46.561170000,212.600
3.326940000,46.561130000,212.800
3.327220000,46.560920000,214.200
3.327310000,46.560850000,214.700
3.327410000,46.560800000,214.800
3.327500000,46.560770000,214.800
3.327560000,46.560730000,214.600
3.327630000,46.560680000,214.300
3.327710000,46.560640000,214.200
3.328020000,46.560450000,213.600
3.328170000,46.560350000,213.400
3.328300000,46.560270000,213.300
3.328780000,46.559960000,213.000
3.329310000,46.559640000,212.900
3.329730000,46.559380000,212.800
3.329960000,46.559230000,212.900
3.330040000,46.559180000,212.900
3.330120000,46.559130000,212.800
3.330300000,46.559010000,212.700
3.330460000,46.558910000,212.600
3.330550000,46.558850000,212.700
3.330570000,46.558840000,212.700
3.330610000,46.558810000,212.800
3.330670000,46.558780000,212.900
3.330720000,46.558760000,212.900
3.330750000,46.558750000,212.900
3.330790000,46.558740000,213.000
3.330860000,46.558730000,213.100
3.330950000,46.558710000,213.300
3.331030000,46.558700000,213.500
3.331300000,46.558660000,214.000
3.331970000,46.558580000,215.800
3.332180000,46.558550000,216.600
3.333090000,46.558430000,218.100
3.333460000,46.558380000,218.400
3.333660000,46.558350000,218.800
3.333820000,46.558320000,219.200
3.333970000,46.558290000,219.600
3.334180000,46.558280000,220.100
3.334230000,46.558280000,220.200
3.334280000,46.558290000,220.300
3.334330000,46.558300000,220.400
3.334380000,46.558310000,220.500
3.334420000,46.558320000,220.600
3.334450000,46.558330000,220.700
3.334580000,46.558380000,221.000
3.334730000,46.558450000,221.300
3.334890000,46.558520000,221.500
3.334930000,46.558530000,221.600
3.335380000,46.558730000,221.300
3.335430000,46.558760000,221.200
3.336100000,46.559050000,221.600
3.336740000,46.559340000,222.900
3.337330000,46.559600000,222.200
3.337490000,46.559670000,222.000
3.337620000,46.559740000,221.800
3.337760000,46.559810000,221.600
3.337820000,46.559850000,221.500
3.337860000,46.559880000,221.500
3.337890000,46.559930000,221.500
3.337920000,46.559980000,221.500
3.337940000,46.560020000,221.500
3.337980000,46.560130000,221.400
3.337990000,46.560160000,221.300
3.338040000,46.560270000,221.200
3.338070000,46.560380000,221.200
3.338140000,46.560570000,221.100
3.338170000,46.560660000,221.000
3.338240000,46.560830000,221.000
3.338350000,46.561130000,221.000
3.338380000,46.561190000,221.000
3.338450000,46.561390000,220.900
3.338520000,46.561640000,220.800
3.338540000,46.561640000,220.800
3.338550000,46.561640000,220.700
3.338560000,46.561640000,220.700
3.338570000,46.561640000,220.700
3.338580000,46.561650000,220.700
3.338590000,46.561650000,220.700
3.338600000,46.561650000,220.700
3.338610000,46.561660000,220.700
3.338620000,46.561660000,220.700
3.338630000,46.561670000,220.600
3.338640000,46.561670000,220.600
3.338640000,46.561680000,220.600
3.338650000,46.561680000,220.600
3.338650000,46.561690000,220.600
3.338660000,46.561690000,220.600
3.338660000,46.561700000,220.600
3.338660000,46.561710000,220.700
3.338670000,46.561720000,220.700
3.338670000,46.561730000,220.700
3.338670000,46.561740000,220.700
3.338670000,46.561750000,220.700
3.338670000,46.561760000,220.700
3.338660000,46.561760000,220.700
3.338660000,46.561770000,220.700
3.338660000,46.561780000,220.700
3.338650000,46.561780000,220.800
3.338650000,46.561790000,220.800
3.338640000,46.561790000,220.800
3.338640000,46.561800000,220.800
3.338630000,46.561800000,220.800
3.338630000,46.561810000,220.800
3.338620000,46.561810000,220.800
3.338610000,46.561810000,220.800
3.338610000,46.561820000,220.900
3.338670000,46.561950000,220.900
3.338720000,46.562050000,221.000
3.338770000,46.562180000,221.100
3.338810000,46.562280000,221.200
3.339110000,46.563180000,222.600
3.339150000,46.563300000,222.900
3.339230000,46.563490000,222.900
3.339240000,46.563520000,222.800
3.339280000,46.563630000,222.800
3.339440000,46.564000000,222.600
3.339530000,46.564230000,222.500
3.339670000,46.564590000,222.100
3.339670000,46.564640000,222.100
3.339680000,46.564660000,222.000
3.339680000,46.564720000,222.000
3.339670000,46.564760000,222.000
3.339660000,46.564820000,221.900
3.339630000,46.564870000,222.000
3.339530000,46.565010000,222.100
3.339310000,46.565270000,222.500
3.339250000,46.565340000,222.500
3.339180000,46.565420000,222.500
3.339110000,46.565490000,222.400
3.339010000,46.565610000,222.100
3.338650000,46.566030000,221.700
3.338590000,46.566110000,221.800
3.338450000,46.566270000,222.000
3.338320000,46.566510000,222.600
3.338320000,46.566520000,222.600
3.338280000,46.566570000,222.800
3.338280000,46.566590000,222.800
3.338210000,46.566700000,222.900
3.338180000,46.566750000,222.800
3.338130000,46.566840000,222.700
3.338020000,46.567050000,222.400
3.337980000,46.567120000,222.400
3.337950000,46.567170000,222.300
3.337900000,46.567240000,222.300
3.337900000,46.567240000,222.300
3.338010000,46.567300000,222.100
3.338060000,46.567320000,221.900
3.338140000,46.567350000,221.700
3.338350000,46.567400000,221.300
3.338580000,46.567450000,221.400
3.338620000,46.567450000,221.400
3.338780000,46.567490000,221.500
3.338830000,46.567510000,221.600
3.339190000,46.567600000,222.100
3.339330000,46.567640000,222.300
3.339430000,46.567670000,222.500
3.339460000,46.567680000,222.500
3.339630000,46.567730000,222.700
3.339730000,46.567760000,222.800
3.339900000,46.567820000,222.900
3.340140000,46.567910000,222.700
3.340250000,46.567950000,222.600
3.340430000,46.568020000,222.400
3.340560000,46.568070000,222.400
3.340670000,46.568100000,222.300
3.340780000,46.568120000,222.300
3.341050000,46.568170000,222.400
3.341140000,46.568200000,222.500
3.341190000,46.568210000,222.600
3.341440000,46.568270000,222.800
3.341480000,46.568290000,222.800
3.341940000,46.568410000,223.200
3.342000000,46.568430000,223.300
3.342600000,46.568580000,223.100
3.343220000,46.568730000,222.600
3.343250000,46.568740000,222.600
3.343590000,46.568830000,222.900
3.343620000,46.568830000,222.900
3.344360000,46.569040000,223.700
3.344540000,46.569080000,223.800
3.345540000,46.569340000,225.700
3.345730000,46.569390000,226.100
3.345860000,46.569430000,226.300
3.346100000,46.569530000,226.400
3.346880000,46.569840000,227.200
3.347280000,46.570000000,228.500
3.347640000,46.570140000,229.500
3.347870000,46.570230000,229.900
3.347880000,46.570240000,229.900
3.348090000,46.570320000,230.200
3.348320000,46.570410000,230.500
3.348330000,46.570420000,230.500
3.348450000,46.570470000,230.600
3.348820000,46.570600000,231.000
3.349140000,46.570720000,231.600
3.349350000,46.570800000,232.100
3.349690000,46.570940000,233.100
3.349760000,46.570970000,233.300
3.349790000,46.570990000,233.500
3.349820000,46.571000000,233.500
3.349920000,46.571040000,233.900
3.350080000,46.571130000,234.600
3.350120000,46.571150000,234.800
3.350580000,46.571450000,236.800
3.350700000,46.571530000,237.300
3.350910000,46.571670000,238.000
3.351050000,46.571760000,237.700
3.351150000,46.571820000,237.400
3.351230000,46.571850000,237.300
3.351300000,46.571880000,237.200
3.351330000,46.571890000,237.200
3.351640000,46.571990000,236.800
3.351650000,46.571990000,236.800
3.351950000,46.572080000,236.800
3.352630000,46.572290000,237.000
3.352780000,46.572340000,236.700
3.353030000,46.572410000,236.300
3.353380000,46.572500000,236.000
3.353600000,46.572560000,236.300
3.353680000,46.572580000,236.400
3.353810000,46.572610000,236.500
3.353810000,46.572610000,236.500
3.353780000,46.572650000,236.700
3.353760000,46.572670000,236.800
3.353760000,46.572690000,236.900
3.353760000,46.572730000,237.100
3.353770000,46.572810000,237.500
3.353810000,46.572920000,238.000
3.353840000,46.573050000,238.600
3.353840000,46.573440000,240.000
3.353850000,46.573570000,240.000
3.353850000,46.573670000,240.000
3.353830000,46.573730000,240.000
3.353810000,46.573820000,240.000
3.353710000,46.574090000,240.000
3.353680000,46.574180000,240.000
3.353610000,46.574330000,239.900
3.353610000,46.574340000,239.900
3.353570000,46.574440000,239.800
3.353560000,46.574480000,239.700
3.353490000,46.574720000,239.500
3.353480000,46.574750000,239.400
3.353400000,46.575110000,239.300
3.353390000,46.575170000,239.500
3.353360000,46.575290000,239.700
3.353330000,46.575470000,240.100
3.353300000,46.575590000,240.400
3.353230000,46.575900000,240.700
3.353200000,46.576010000,240.500
3.353170000,46.576100000,240.300
3.353120000,46.576250000,240.000
3.353090000,46.576340000,239.800
3.353060000,46.576420000,239.700
3.352880000,46.576850000,239.600
3.352830000,46.576950000,239.700
3.352800000,46.577040000,239.800
3.352770000,46.577080000,239.800
3.352780000,46.577080000,239.800
3.352790000,46.577090000,239.800
3.352800000,46.577090000,239.800
3.352800000,46.577100000,239.800
3.352810000,46.577100000,239.800
3.352820000,46.577110000,239.800
3.352830000,46.577120000,239.800
3.352830000,46.577130000,239.800
3.352830000,46.577140000,239.800
3.352830000,46.577150000,239.800
3.352830000,46.577160000,239.800
3.352830000,46.577170000,239.800
3.352830000,46.577180000,239.800
3.352820000,46.577180000,239.900
3.352820000,46.577190000,239.900
3.352810000,46.577190000,239.900
3.352810000,46.577200000,239.900
3.352800000,46.577200000,239.900
3.352790000,46.577200000,239.900
3.352790000,46.577210000,239.900
3.352780000,46.577210000,239.900
3.352770000,46.577210000,239.900
3.352770000,46.577220000,239.900
3.352760000,46.577220000,239.900
3.352750000,46.577220000,239.900
3.352740000,46.577220000,239.900
3.352730000,46.577220000,239.900
3.352720000,46.577220000,239.900
3.352710000,46.577220000,239.900
3.352640000,46.577420000,240.000
3.352550000,46.577640000,240.300
3.352520000,46.577700000,240.500
3.352360000,46.578070000,241.400
3.352350000,46.578090000,241.500
3.352210000,46.578410000,241.700
3.352120000,46.578640000,240.700
3.351990000,46.578930000,239.400
3.351940000,46.579040000,238.900
3.351860000,46.579190000,238.300
3.351820000,46.579280000,238.400
3.351810000,46.579300000,238.500
3.351740000,46.579410000,238.600
3.351720000,46.579440000,238.700
3.351640000,46.579580000,239.000
3.351620000,46.579600000,239.000
3.351610000,46.579620000,239.100
3.351520000,46.579770000,239.400
3.351490000,46.579820000,239.500
3.351400000,46.579980000,239.900
3.351330000,46.580140000,240.300
3.351320000,46.580150000,240.400
3.351300000,46.580210000,240.600
3.351160000,46.580630000,242.300
3.351110000,46.580810000,243.200
3.351060000,46.580960000,243.800
3.350980000,46.581240000,244.700
3.350960000,46.581340000,244.900
3.350920000,46.581500000,245.400
3.350830000,46.581820000,245.600
3.350820000,46.581850000,245.500
3.350820000,46.581860000,245.500
3.350800000,46.581910000,245.400
3.350800000,46.581930000,245.300
3.350790000,46.581950000,245.300
3.350710000,46.582220000,244.600
3.350710000,46.582240000,244.600
3.350660000,46.582390000,244.200
3.350660000,46.582420000,244.200
3.350520000,46.582870000,241.900
3.350440000,46.583150000,240.100
3.350420000,46.583270000,239.400
3.350420000,46.583300000,239.200
3.350420000,46.583360000,239.000
3.350430000,46.583460000,238.800
3.350450000,46.583550000,238.700
3.350470000,46.583610000,238.600
3.350630000,46.584160000,237.800
3.350830000,46.584790000,234.300
3.350890000,46.584980000,233.200
3.350940000,46.585170000,233.300
3.351010000,46.585380000,233.500
3.351060000,46.585550000,233.600
3.351110000,46.585730000,233.600
3.351160000,46.585880000,233.500
3.351210000,46.586050000,232.900
3.351270000,46.586220000,232.300
3.351320000,46.586400000,231.700
3.351330000,46.586430000,231.500
3.351350000,46.586500000,231.300
3.351410000,46.586720000,230.500
3.351450000,46.586840000,230.200
3.351600000,46.587390000,229.900
3.351640000,46.587540000,229.900
3.351650000,46.587570000,229.900
3.351650000,46.587580000,229.900
3.351660000,46.587580000,229.900
3.351680000,46.587670000,229.800
3.351680000,46.587680000,229.800
3.351730000,46.587860000,229.800
3.351760000,46.587970000,229.800
3.351770000,46.588110000,229.700
3.351760000,46.588200000,229.600
3.351750000,46.588250000,229.500
3.351700000,46.588400000,229.100
3.351650000,46.588500000,228.700
3.351620000,46.588560000,228.500
3.351540000,46.588660000,228.000
3.351530000,46.588660000,228.000
3.351420000,46.588780000,227.500
3.351390000,46.588810000,227.300
3.351150000,46.589030000,226.600
3.351070000,46.589100000,226.500
3.351040000,46.589130000,226.400
3.351010000,46.589160000,226.400
3.350980000,46.589180000,226.400
3.350900000,46.589250000,226.400
3.350670000,46.589490000,227.700
3.350640000,46.589530000,228.000
3.350560000,46.589600000,228.600
3.350500000,46.589680000,229.100
3.350470000,46.589720000,229.400
3.350460000,46.589760000,229.700
3.350430000,46.589850000,230.200
3.350410000,46.589890000,230.500
3.350400000,46.589940000,230.800
3.350370000,46.590030000,231.400
3.350310000,46.590200000,232.600
3.350250000,46.590380000,233.800
3.350230000,46.590420000,234.100
3.350180000,46.590550000,234.900
3.350100000,46.590750000,236.200
3.350020000,46.590890000,237.000
3.349950000,46.591050000,237.200
3.349940000,46.591060000,237.100
3.349920000,46.591100000,237.200
3.349890000,46.591150000,237.200
3.349850000,46.591230000,237.200
3.349800000,46.591320000,237.200
3.349780000,46.591350000,237.300
3.349740000,46.591400000,237.300
3.349530000,46.591640000,237.400
3.349260000,46.591930000,238.100
3.349220000,46.591970000,238.200
3.348920000,46.592270000,239.000
3.348840000,46.592350000,239.200
3.348780000,46.592470000,239.500
3.348780000,46.592470000,239.500
3.349150000,46.592640000,240.000
3.349560000,46.592830000,240.700
3.350010000,46.593030000,241.600
3.350080000,46.593070000,241.700
3.350200000,46.593130000,241.900
3.350350000,46.593220000,242.200
3.350440000,46.593280000,242.400
3.350540000,46.593350000,242.600
3.350660000,46.593430000,242.500
3.350730000,46.593490000,242.300
3.350810000,46.593550000,242.200
3.350900000,46.593630000,242.100
3.350990000,46.593720000,242.100
3.351060000,46.593780000,242.200
3.351100000,46.593830000,242.300
3.351240000,46.594010000,242.600
3.351370000,46.594170000,243.200
3.353330000,46.596820000,244.800
3.353450000,46.596980000,244.700
3.353570000,46.597140000,244.600
3.353690000,46.597300000,244.600
3.353810000,46.597460000,244.600
3.353930000,46.597620000,244.800
3.354520000,46.598420000,247.300
3.354640000,46.598580000,247.700
3.354760000,46.598750000,248.100
3.354990000,46.599070000,249.000
3.355340000,46.599530000,249.200
3.355530000,46.599780000,249.200
3.355900000,46.600250000,248.600
3.356750000,46.601390000,250.200
3.357950000,46.602990000,250.600
3.358070000,46.603150000,250.400
3.358190000,46.603310000,250.100
3.358280000,46.603430000,250.200
3.358550000,46.603790000,251.300
3.358960000,46.604340000,252.900
3.359550000,46.605140000,256.700
3.360030000,46.605780000,257.000
3.360510000,46.606420000,259.000
3.360630000,46.606580000,259.200
3.360750000,46.606740000,258.800
3.360870000,46.606900000,257.800
3.361040000,46.607130000,256.700
3.361280000,46.607450000,255.200
3.361400000,46.607610000,254.700
3.361870000,46.608230000,253.000
3.362600000,46.609210000,249.700
3.363080000,46.609850000,247.500
3.363540000,46.610480000,246.200
3.363540000,46.610480000,246.200
3.364030000,46.611130000,245.300
3.364150000,46.611290000,244.900
3.364190000,46.611340000,244.800
3.364270000,46.611450000,244.600
3.364390000,46.611610000,244.400
3.364510000,46.611770000,244.400
3.364870000,46.612250000,244.300
3.365220000,46.612730000,243.100
3.365370000,46.612930000,242.500
3.365700000,46.613380000,242.000
3.366310000,46.614190000,242.000
3.366420000,46.614340000,241.700
3.366540000,46.614500000,241.500
3.366900000,46.614980000,241.300
3.367890000,46.616300000,241.800
3.367970000,46.616420000,242.100
3.368080000,46.616580000,242.500
3.368180000,46.616720000,242.800
3.368320000,46.616900000,243.000
3.368440000,46.617060000,242.900
3.368670000,46.617370000,242.600
3.368680000,46.617380000,242.600
3.368920000,46.617700000,241.700
3.369040000,46.617860000,241.200
3.369100000,46.617940000,241.000
3.369540000,46.618550000,238.100
3.369940000,46.619090000,234.500
3.370220000,46.619470000,234.100
3.370290000,46.619560000,234.200
3.370340000,46.619630000,234.200
3.370710000,46.620110000,234.900
3.370970000,46.620450000,234.800
3.371030000,46.620530000,234.800
3.371090000,46.620610000,234.700
3.371340000,46.620920000,234.700
3.371700000,46.621410000,236.800
3.372320000,46.622250000,240.800
3.373170000,46.623370000,245.600
3.373770000,46.624170000,247.600
3.374010000,46.624490000,248.500
3.374130000,46.624650000,248.900
3.374250000,46.624810000,249.100
3.374810000,46.625560000,249.800
3.376250000,46.627480000,250.500
3.376370000,46.627640000,250.500
3.376610000,46.627960000,251.100
3.376730000,46.628120000,251.500
3.376850000,46.628280000,251.900
3.377550000,46.629210000,253.900
3.379460000,46.631780000,254.300
3.379580000,46.631940000,254.300
3.379700000,46.632100000,254.300
3.380420000,46.633060000,255.800
3.380650000,46.633380000,256.700
3.380770000,46.633540000,256.400
3.380820000,46.633600000,256.300
3.380890000,46.633700000,256.100
3.381060000,46.633920000,255.500
3.381450000,46.634440000,254.800
3.381790000,46.634900000,253.800
3.381810000,46.634930000,253.700
3.382110000,46.635330000,252.700
3.382250000,46.635510000,252.200
3.382560000,46.635930000,250.900
3.382660000,46.636040000,250.800
3.382760000,46.636150000,250.600
3.382870000,46.636250000,250.500
3.383050000,46.636410000,250.300
3.383310000,46.636630000,250.000
3.383710000,46.636970000,248.500
3.384040000,46.637250000,247.100
3.384200000,46.637390000,246.400
3.384370000,46.637520000,246.000
3.384700000,46.637800000,246.100
3.384870000,46.637940000,246.100
3.385030000,46.638080000,246.000
3.385530000,46.638500000,245.500
3.385690000,46.638640000,245.500
3.385860000,46.638780000,245.600
3.386530000,46.639350000,247.900
3.386540000,46.639360000,248.000
3.387860000,46.640470000,248.700
3.388030000,46.640610000,249.200
3.388360000,46.640890000,250.100
3.388690000,46.641170000,250.600
3.388860000,46.641310000,250.900
3.389350000,46.641730000,253.300
3.389520000,46.641870000,254.500
3.389680000,46.642010000,255.600
3.389850000,46.642150000,256.400
3.390010000,46.642290000,257.000
3.390180000,46.642430000,257.000
3.390670000,46.642850000,254.600
3.390840000,46.642990000,253.500
3.392000000,46.643960000,247.100
3.392160000,46.644100000,246.400
3.392330000,46.644240000,245.500
3.392490000,46.644380000,245.000
3.392820000,46.644660000,244.600
3.392990000,46.644800000,244.400
3.393150000,46.644940000,244.200
3.393650000,46.645360000,243.500
3.394810000,46.646330000,244.900
3.395300000,46.646750000,244.700
3.397140000,46.648300000,241.100
3.397590000,46.648690000,241.600
3.397780000,46.648830000,242.100
3.397810000,46.648860000,242.200
3.397950000,46.648960000,242.700
3.397990000,46.648990000,242.800
3.398100000,46.649070000,243.200
3.398170000,46.649110000,243.500
3.398360000,46.649230000,244.400
3.398560000,46.649350000,245.100
3.398810000,46.649500000,246.000
3.398960000,46.649590000,246.500
3.399360000,46.649820000,247.400
3.399560000,46.649940000,247.300
3.399720000,46.650030000,247.000
3.399760000,46.650060000,246.800
3.401020000,46.650800000,244.200
3.401150000,46.650880000,244.000
3.401270000,46.650950000,243.700
3.401340000,46.651000000,243.600
3.401410000,46.651050000,243.500
3.401500000,46.651120000,243.500
3.401510000,46.651140000,243.500
3.401610000,46.651230000,243.600
3.401730000,46.651360000,243.800
3.401820000,46.651490000,244.100
3.401950000,46.651710000,244.700
3.402060000,46.651890000,244.500
3.402190000,46.652110000,244.400
3.402590000,46.652770000,243.800
3.402880000,46.653270000,243.100
3.402980000,46.653440000,242.700
3.403000000,46.653480000,242.500
3.403440000,46.654240000,239.100
3.403520000,46.654420000,238.000
3.403530000,46.654450000,237.900
3.403620000,46.654720000,236.500
3.403640000,46.654800000,236.200
3.403720000,46.655060000,235.100
3.403790000,46.655330000,234.400
3.403820000,46.655430000,234.200
3.403890000,46.655680000,233.800
3.403900000,46.655720000,233.700
3.403930000,46.655890000,233.500
3.403940000,46.656040000,233.400
3.403930000,46.656220000,233.300
3.403900000,46.656400000,233.400
3.403830000,46.656940000,233.400
3.403820000,46.657000000,233.300
3.403810000,46.657120000,233.200
3.403770000,46.657550000,232.900
3.403760000,46.657710000,233.100
3.403760000,46.657840000,233.100
3.403780000,46.657960000,233.100
3.403790000,46.658010000,233.100
3.403810000,46.658100000,233.100
3.403840000,46.658250000,233.100
3.403890000,46.658380000,233.100
3.403940000,46.658520000,233.200
3.404030000,46.658670000,233.200
3.404110000,46.658790000,233.300
3.404180000,46.658910000,233.400
3.404280000,46.659030000,233.500
3.404390000,46.659150000,233.700
3.404390000,46.659160000,233.700
3.404540000,46.659300000,233.900
3.404580000,46.659340000,234.000
3.404700000,46.659440000,234.200
3.404870000,46.659580000,234.600
3.405520000,46.660140000,235.000
3.406020000,46.660560000,235.200
3.406180000,46.660700000,235.500
3.406350000,46.660840000,236.000
3.406510000,46.660980000,235.600
3.406820000,46.661250000,234.600
3.407240000,46.661610000,233.900
3.408250000,46.662490000,233.100
3.410030000,46.664050000,229.100
3.410190000,46.664190000,229.000
3.411180000,46.665050000,229.500
3.411440000,46.665250000,229.200
3.411680000,46.665440000,229.000
3.411900000,46.665610000,228.900
3.414340000,46.667480000,229.000
3.414520000,46.667620000,228.700
3.415360000,46.668270000,225.800
3.415740000,46.668560000,224.800
3.416790000,46.669360000,224.900
3.417010000,46.669530000,224.800
3.417130000,46.669630000,224.800
3.417480000,46.669890000,224.900
3.417660000,46.670030000,225.000
3.418010000,46.670300000,225.000
3.418710000,46.670830000,224.100
3.418880000,46.670960000,223.200
3.418890000,46.670970000,223.200
3.419060000,46.671100000,222.300
3.419230000,46.671230000,221.600
3.419250000,46.671240000,221.600
3.419590000,46.671500000,221.000
3.419590000,46.671510000,221.000
3.419610000,46.671520000,221.000
3.419730000,46.671640000,220.800
3.419780000,46.671720000,220.600
3.419810000,46.671800000,220.500
3.419810000,46.671880000,220.300
3.419800000,46.671940000,220.100
3.419790000,46.671990000,220.000
3.419790000,46.672000000,219.900
3.419790000,46.672020000,219.900
3.419740000,46.672110000,219.600
3.419710000,46.672160000,219.500
3.419690000,46.672190000,219.400
3.419600000,46.672310000,219.000
3.419320000,46.672640000,218.600
3.419290000,46.672690000,218.700
3.419140000,46.672860000,219.300
3.419060000,46.672950000,219.600
3.419040000,46.672980000,219.700
3.418990000,46.673070000,220.000
3.418940000,46.673180000,220.300
3.418920000,46.673300000,220.600
3.418920000,46.673420000,220.800
3.418960000,46.673550000,221.000
3.419010000,46.673690000,221.200
3.419160000,46.673940000,221.700
3.419460000,46.674450000,221.500
3.419530000,46.674520000,221.500
3.419610000,46.674590000,221.500
3.419710000,46.674670000,221.500
3.419830000,46.674750000,221.600
3.420120000,46.674910000,222.000
3.420150000,46.674930000,222.100
3.420200000,46.674950000,222.200
3.420250000,46.674980000,222.300
3.420300000,46.675010000,222.400
3.420450000,46.675090000,222.400
3.420590000,46.675140000,222.500
3.420720000,46.675190000,222.500
3.420740000,46.675200000,222.500
3.420860000,46.675230000,222.400
3.421090000,46.675300000,222.100
3.421400000,46.675370000,221.700
3.421770000,46.675460000,221.500
3.421840000,46.675480000,221.600
3.421960000,46.675520000,221.800
3.421970000,46.675520000,221.800
3.422020000,46.675550000,221.900
3.422070000,46.675570000,222.000
3.422140000,46.675620000,222.200
3.422220000,46.675680000,222.600
3.422310000,46.675770000,223.100
3.422460000,46.675910000,223.700
3.422590000,46.676050000,223.500
3.422720000,46.676170000,223.100
3.422860000,46.676290000,222.700
3.422860000,46.676310000,222.600
3.422830000,46.676340000,222.500
3.422810000,46.676360000,222.500
3.422710000,46.676460000,222.300
3.422530000,46.676600000,222.100
3.422300000,46.676780000,221.600
3.422190000,46.676860000,221.400
3.422060000,46.676980000,221.300
3.421960000,46.677090000,221.300
3.421890000,46.677180000,221.400
3.421840000,46.677270000,221.500
3.421790000,46.677380000,221.600
3.421720000,46.677580000,222.000
3.421720000,46.677600000,222.000
3.421650000,46.677850000,222.400
3.421590000,46.678050000,222.700
3.421550000,46.678220000,222.900
3.421440000,46.678630000,223.500
3.421410000,46.678720000,223.700
3.421340000,46.679000000,224.400
3.421300000,46.679160000,224.900
3.421300000,46.679210000,224.800
3.421300000,46.679260000,224.700
3.421300000,46.679270000,224.700
3.421300000,46.679300000,224.600
3.421300000,46.679360000,224.500
3.421320000,46.679440000,224.300
3.421360000,46.679600000,223.900
3.421530000,46.680080000,222.800
3.421980000,46.681310000,223.600
3.422300000,46.682180000,223.300
3.422570000,46.682910000,224.200
3.422820000,46.683610000,225.000
3.423010000,46.684140000,225.200
3.423330000,46.685010000,223.900
3.423580000,46.685710000,221.900
3.423960000,46.686750000,222.300
3.424020000,46.686930000,221.800
3.424090000,46.687100000,221.400
3.424140000,46.687250000,220.900
3.424270000,46.687610000,219.800
3.424280000,46.687630000,219.700
3.424420000,46.688000000,219.700
3.424450000,46.688070000,219.700
3.424490000,46.688210000,219.700
3.424550000,46.688340000,219.600
3.424580000,46.688400000,219.400
3.424620000,46.688480000,219.200
3.424660000,46.688560000,219.000
3.424720000,46.688660000,218.600
3.424810000,46.688800000,218.100
3.424930000,46.688980000,217.500
3.425150000,46.689280000,217.200
3.425330000,46.689540000,217.600
3.425390000,46.689630000,217.800
3.425440000,46.689700000,218.000
3.425610000,46.689940000,218.600
3.425910000,46.690350000,218.500
3.425920000,46.690370000,218.400
3.426030000,46.690530000,218.200
3.426030000,46.690530000,218.200
3.426170000,46.690730000,218.000
3.426430000,46.691090000,218.100
3.426670000,46.691450000,218.000
3.426810000,46.691660000,218.200
3.426880000,46.691760000,218.300
3.427080000,46.692030000,218.500
3.427280000,46.692310000,218.700
3.427490000,46.692610000,218.900
3.427690000,46.692910000,218.600
3.427720000,46.692960000,218.600
3.427900000,46.693200000,218.600
3.428060000,46.693430000,218.400
3.428230000,46.693680000,217.800
3.428260000,46.693710000,217.700
3.428390000,46.693900000,216.800
3.428570000,46.694150000,215.500
3.428710000,46.694360000,215.400
3.428730000,46.694390000,215.400
3.428910000,46.694640000,215.600
3.429070000,46.694870000,215.800
3.429240000,46.695100000,215.800
3.429340000,46.695250000,215.600
3.429400000,46.695330000,215.400
3.429510000,46.695490000,215.200
3.429550000,46.695550000,215.200
3.429720000,46.695790000,215.000
3.429900000,46.696040000,215.000
3.430030000,46.696220000,214.900
3.430040000,46.696230000,214.900
3.430250000,46.696550000,214.400
3.430310000,46.696630000,214.300
3.430380000,46.696730000,214.200
3.430420000,46.696790000,214.100
3.430510000,46.696920000,214.200
3.430520000,46.696930000,214.200
3.430620000,46.697070000,214.500
3.430710000,46.697190000,214.800
3.430780000,46.697260000,215.100
3.430840000,46.697310000,215.300
3.430870000,46.697330000,215.400
3.430950000,46.697380000,215.400
3.431020000,46.697410000,215.500
3.431110000,46.697440000,215.500
3.431200000,46.697480000,215.600
3.431410000,46.697540000,215.800
3.431820000,46.697680000,216.100
3.432140000,46.697810000,215.300
3.432240000,46.697860000,215.000
3.432290000,46.697890000,214.800
3.432420000,46.697970000,214.200
3.432470000,46.698000000,213.900
3.432540000,46.698050000,213.800
3.432700000,46.698170000,214.200
3.432890000,46.698350000,214.900
3.432980000,46.698470000,215.600
3.433070000,46.698610000,216.300
3.433140000,46.698770000,216.800
3.433150000,46.698810000,216.900
3.433200000,46.698940000,217.300
3.433240000,46.699060000,217.600
3.433310000,46.699510000,218.000
3.433340000,46.699690000,218.000
3.433370000,46.699880000,218.000
3.433400000,46.700050000,218.000
3.433400000,46.700060000,218.000
3.433420000,46.700220000,218.000
3.433430000,46.700240000,218.000
3.433440000,46.700320000,218.000
3.433450000,46.700370000,218.000
3.433460000,46.700410000,218.000
3.433570000,46.701080000,217.700
3.433580000,46.701120000,217.700
3.433580000,46.701130000,217.600
3.433590000,46.701200000,217.600
3.433600000,46.701260000,217.500
3.433720000,46.701980000,217.000
3.433720000,46.702010000,217.000
3.433720000,46.702020000,217.000
3.433730000,46.702020000,217.000
3.433750000,46.702150000,217.000
3.433750000,46.702170000,217.000
3.433810000,46.702550000,217.000
3.433900000,46.703080000,217.000
3.433920000,46.703230000,217.000
3.433930000,46.703260000,217.000
3.433930000,46.703270000,217.000
3.433930000,46.703280000,217.000
3.433950000,46.703410000,217.200
3.433980000,46.703580000,217.700
3.433990000,46.703620000,217.800
3.433990000,46.703630000,217.800
3.434010000,46.703770000,218.300
3.434050000,46.704010000,219.100
3.434070000,46.704120000,219.500
3.434090000,46.704260000,219.500
3.434150000,46.704550000,219.000
3.434160000,46.704630000,218.900
3.434200000,46.704870000,218.500
3.434220000,46.704960000,218.400
3.434280000,46.705200000,218.300
3.434390000,46.705590000,218.100
3.434430000,46.705760000,217.800
3.434470000,46.705880000,217.700
3.434530000,46.706110000,217.400
3.434630000,46.706460000,216.900
3.434650000,46.706560000,216.800
3.434670000,46.706640000,216.700
3.434700000,46.706740000,216.800
3.434810000,46.707170000,217.500
3.434940000,46.707630000,217.400
3.434940000,46.707640000,217.300
3.434950000,46.707680000,217.100
3.434960000,46.707720000,216.900
3.434990000,46.707800000,216.600
3.435080000,46.708160000,214.700
3.435080000,46.708170000,214.700
3.435130000,46.708330000,213.900
3.435220000,46.708690000,215.100
3.435270000,46.708870000,215.800
3.435300000,46.708960000,216.200
3.435320000,46.709040000,216.500
3.435320000,46.709050000,216.500
3.435370000,46.709220000,217.100
3.435390000,46.709320000,217.300
3.435420000,46.709400000,217.400
3.435560000,46.709920000,218.800
3.435670000,46.710350000,218.600
3.435720000,46.710520000,218.300
3.436060000,46.711760000,220.300
3.436110000,46.711940000,220.300
3.436210000,46.712290000,220.500
3.436260000,46.712470000,220.500
3.436450000,46.713170000,218.100
3.436480000,46.713280000,217.900
3.436540000,46.713530000,217.900
3.436630000,46.713860000,218.200
3.436630000,46.713870000,218.100
3.436670000,46.713950000,218.300
3.436700000,46.714020000,218.200
3.436710000,46.714040000,218.200
3.436750000,46.714120000,218.200
3.436840000,46.714260000,217.900
3.436970000,46.714440000,217.400
3.437030000,46.714530000,217.100
3.437120000,46.714660000,216.800
3.437150000,46.714690000,216.700
3.437260000,46.714860000,216.800
3.437310000,46.714920000,216.800
3.437350000,46.714980000,216.900
3.437380000,46.715020000,216.900
3.437510000,46.715200000,217.000
3.437610000,46.715340000,217.200
3.437700000,46.715460000,217.300
3.437730000,46.715500000,217.500
3.437890000,46.715730000,219.000
3.438050000,46.715990000,219.900
3.438070000,46.716030000,219.900
3.438150000,46.716160000,220.000
3.438240000,46.716330000,219.900
3.438340000,46.716490000,219.600
3.438400000,46.716590000,219.400
3.438440000,46.716660000,219.200
3.438530000,46.716830000,219.300
3.439180000,46.718010000,217.300
3.439460000,46.718510000,215.300
3.439560000,46.718680000,215.100
3.439580000,46.718720000,215.100
3.439740000,46.719010000,214.800
3.439840000,46.719180000,214.600
3.439930000,46.719350000,215.300
3.439990000,46.719460000,215.700
3.440020000,46.719520000,215.900
3.440110000,46.719690000,216.700
3.440110000,46.719700000,216.800
3.440190000,46.719850000,217.500
3.440190000,46.719860000,217.500
3.440240000,46.720010000,218.200
3.440260000,46.720120000,218.600
3.440290000,46.720270000,219.100
3.440290000,46.720390000,219.500
3.440280000,46.720500000,219.700
3.440270000,46.720630000,220.100
3.440250000,46.720750000,220.400
3.440210000,46.720880000,220.600
3.440170000,46.721010000,220.700
3.440010000,46.721450000,221.500
3.439790000,46.721990000,221.200
3.439590000,46.722510000,220.500
3.439100000,46.723360000,220.900
3.438830000,46.723820000,220.300
3.438730000,46.723990000,220.200
3.438640000,46.724150000,220.300
3.438640000,46.724160000,220.300
3.438490000,46.724410000,219.800
3.438310000,46.724720000,219.000
3.438170000,46.724960000,218.300
3.438030000,46.725200000,218.000
3.437950000,46.725330000,217.900
3.437860000,46.725490000,217.600
3.437840000,46.725540000,217.600
3.437550000,46.726020000,217.000
3.437470000,46.726160000,217.000
3.437370000,46.726330000,216.900
3.437270000,46.726490000,216.900
3.437230000,46.726560000,217.000
3.437080000,46.726830000,217.400
3.437020000,46.726960000,217.700
3.436990000,46.727070000,218.000
3.436950000,46.727200000,218.300
3.436930000,46.727300000,218.500
3.436910000,46.727420000,218.800
3.436900000,46.727500000,219.000
3.436900000,46.727520000,219.000
3.436900000,46.727640000,219.000
3.436910000,46.727760000,219.000
3.436930000,46.727940000,219.000
3.436950000,46.728040000,219.000
3.436980000,46.728180000,219.000
3.437030000,46.728530000,219.100
3.437090000,46.728920000,219.400
3.437170000,46.729370000,219.600
3.437210000,46.729650000,219.700
3.437330000,46.730360000,218.900
3.437350000,46.730490000,218.600
3.437410000,46.730850000,217.900
3.437440000,46.731030000,218.200
3.437450000,46.731080000,218.300
3.437480000,46.731210000,218.400
3.437510000,46.731380000,218.700
3.437540000,46.731560000,218.900
3.437560000,46.731700000,219.200
3.437570000,46.731740000,219.300
3.437660000,46.732280000,220.700
3.437720000,46.732640000,221.600
3.437750000,46.732810000,221.900
3.437840000,46.733360000,223.000
3.437900000,46.733660000,222.600
3.437950000,46.734020000,222.200
3.437980000,46.734200000,221.900
3.438010000,46.734380000,221.500
3.438090000,46.734840000,220.400
3.438140000,46.735200000,219.400
3.438190000,46.735560000,218.300
3.438240000,46.735890000,217.500
3.438240000,46.735910000,217.500
3.438260000,46.736050000,217.300
3.438260000,46.736070000,217.200
3.438260000,46.736090000,217.200
3.438250000,46.736270000,216.800
3.438240000,46.736560000,216.100
3.438180000,46.736780000,216.600
3.438170000,46.736810000,216.800
3.438140000,46.736920000,217.500
3.438130000,46.736960000,217.700
3.438120000,46.736980000,217.800
3.438050000,46.737210000,219.100
3.438020000,46.737310000,219.700
3.438010000,46.737340000,219.800
3.437980000,46.737430000,220.300
3.437850000,46.737860000,220.500
3.437810000,46.738020000,220.500
3.437800000,46.738040000,220.500
3.437790000,46.738100000,220.500
3.437760000,46.738190000,220.500
3.437750000,46.738220000,220.500
3.437690000,46.738450000,220.800
3.437570000,46.738850000,221.500
3.437520000,46.739040000,221.800
3.437490000,46.739250000,222.600
3.437450000,46.739430000,224.000
3.437450000,46.739470000,224.300
3.437450000,46.739480000,224.400
3.437430000,46.739640000,225.500
3.437410000,46.739810000,226.800
3.437370000,46.740330000,230.500
3.437400000,46.740650000,232.800
3.437450000,46.740950000,234.600
3.437510000,46.741300000,236.200
3.437520000,46.741370000,236.600
3.437550000,46.741540000,237.400
3.437690000,46.742370000,238.300
3.437780000,46.742840000,239.200
3.437810000,46.742990000,239.600
3.437880000,46.743350000,240.700
3.437880000,46.743390000,240.900
3.437900000,46.743520000,241.600
3.437930000,46.743700000,242.400
3.437930000,46.743810000,243.000
3.437930000,46.743890000,243.500
3.437910000,46.743990000,244.100
3.437890000,46.744060000,244.500
3.437870000,46.744150000,245.000
3.437840000,46.744240000,245.000
3.437800000,46.744420000,244.600
3.437720000,46.744770000,243.800
3.437670000,46.744950000,243.500
3.437590000,46.745290000,240.900
3.437430000,46.746000000,236.300
3.437390000,46.746180000,236.500
3.437190000,46.747060000,235.300
3.437150000,46.747240000,234.600
3.437030000,46.747780000,231.300
3.436900000,46.748310000,227.400
3.436870000,46.748450000,227.200
3.436860000,46.748490000,227.200
3.436820000,46.748660000,227.100
3.436780000,46.748840000,227.100
3.436590000,46.749690000,223.900
3.436580000,46.749730000,223.700
3.436430000,46.750400000,221.700
3.436420000,46.750450000,221.600
3.436340000,46.750800000,220.700
3.436260000,46.751160000,219.500
3.436140000,46.751680000,217.800
3.436130000,46.751730000,217.900
3.436120000,46.751770000,217.900
3.436100000,46.751870000,218.100
3.436060000,46.752050000,218.500
3.436020000,46.752220000,218.800
3.435980000,46.752400000,219.100
3.435960000,46.752480000,219.300
3.435950000,46.752500000,219.300
3.435870000,46.752880000,220.000
3.435870000,46.752880000,220.000
3.435810000,46.753110000,220.400
3.435750000,46.753380000,221.200
3.435730000,46.753470000,222.000
3.435710000,46.753550000,222.600
3.435710000,46.753560000,222.700
3.435650000,46.753820000,224.700
3.435630000,46.753900000,225.300
3.435630000,46.753920000,225.500
3.435610000,46.754000000,226.000
3.435590000,46.754080000,226.500
3.435470000,46.754620000,229.000
3.435380000,46.754980000,230.700
3.435340000,46.755160000,231.100
3.435300000,46.755340000,231.500
3.435290000,46.755390000,231.600
3.435210000,46.755730000,232.600
3.435130000,46.756060000,234.000
3.435070000,46.756330000,235.300
3.434960000,46.756790000,236.900
3.434870000,46.757170000,237.100
3.434870000,46.757190000,237.100
3.434860000,46.757230000,237.100
3.434860000,46.757290000,237.200
3.434850000,46.757350000,237.200
3.434840000,46.757430000,237.300
3.434900000,46.757600000,237.000
3.434970000,46.757790000,236.400
3.435010000,46.757900000,236.000
3.435040000,46.757970000,235.800
3.435200000,46.758390000,234.400
3.435470000,46.759080000,234.100
3.435600000,46.759400000,233.800
3.435930000,46.760270000,230.200
3.436070000,46.760630000,228.100
3.436160000,46.760840000,227.000
3.436290000,46.761180000,226.200
3.436360000,46.761360000,225.700
3.436410000,46.761480000,225.400
3.436440000,46.761570000,225.200
3.436540000,46.761810000,224.700
3.436750000,46.762340000,223.300
3.436890000,46.762690000,223.000
3.436940000,46.762800000,223.000
3.437050000,46.763070000,223.200
3.437170000,46.763380000,223.400
3.437230000,46.763550000,223.400
3.437270000,46.763660000,223.500
3.437380000,46.763930000,223.700
3.437480000,46.764190000,223.900
3.437570000,46.764420000,223.100
3.437620000,46.764530000,222.700
3.437660000,46.764660000,222.300
3.437710000,46.764760000,222.000
3.437730000,46.764850000,221.700
3.437750000,46.764940000,221.500
3.437750000,46.765050000,221.100
3.437730000,46.765170000,220.500
3.437690000,46.765300000,219.800
3.437580000,46.765560000,218.400
3.437570000,46.765580000,218.300
3.437490000,46.765750000,217.400
3.437450000,46.765820000,217.100
3.437410000,46.765920000,217.100
3.437390000,46.765980000,217.200
3.437320000,46.766120000,217.500
3.437280000,46.766210000,217.700
3.437210000,46.766350000,218.100
3.437120000,46.766550000,218.600
3.437090000,46.766620000,218.900
3.436950000,46.766890000,219.900
3.436910000,46.766980000,220.200
3.436880000,46.767040000,220.400
3.436730000,46.767380000,221.600
3.436710000,46.767410000,221.700
3.436660000,46.767520000,221.900
3.436650000,46.767550000,221.800
3.436630000,46.767580000,221.700
3.436570000,46.767720000,221.100
3.436560000,46.767750000,221.000
3.436490000,46.767900000,220.300
3.436480000,46.767920000,220.300
3.436430000,46.768020000,219.800
3.436330000,46.768240000,218.900
3.436210000,46.768500000,218.000
3.436180000,46.768570000,217.700
3.436130000,46.768670000,217.400
3.436060000,46.768840000,216.900
3.436040000,46.768890000,216.700
3.435990000,46.769000000,216.400
3.435980000,46.769020000,216.400
3.435920000,46.769130000,216.100
3.435900000,46.769190000,216.000
3.435820000,46.769350000,216.200
3.435820000,46.769360000,216.200
3.435730000,46.769530000,216.500
3.435660000,46.769680000,216.700
3.435650000,46.769700000,216.800
3.435570000,46.769870000,217.100
3.435530000,46.769940000,217.300
3.435480000,46.770040000,217.800
3.435310000,46.770410000,221.600
3.435170000,46.770730000,224.800
3.435090000,46.770900000,225.900
3.435050000,46.770970000,225.900
3.435010000,46.771070000,226.000
3.435000000,46.771080000,226.000
3.434780000,46.771550000,227.800
3.434780000,46.771560000,227.800
3.434680000,46.771710000,228.400
3.434630000,46.771790000,228.300
3.434550000,46.771890000,228.100
3.434470000,46.771980000,228.000
3.434290000,46.772160000,227.600
3.434200000,46.772240000,227.300
3.434100000,46.772320000,226.900
3.433880000,46.772470000,226.000
3.433720000,46.772560000,225.400
3.433670000,46.772590000,225.200
3.433400000,46.772710000,224.400
3.433100000,46.772820000,223.100
3.432830000,46.772910000,222.100
3.432810000,46.772920000,222.000
3.432640000,46.772980000,221.400
3.432580000,46.773010000,221.100
3.432460000,46.773050000,220.900
3.432350000,46.773100000,220.900
3.432250000,46.773150000,220.900
3.432170000,46.773200000,220.800
3.432010000,46.773300000,220.600
3.431940000,46.773350000,220.600
3.431840000,46.773440000,220.800
3.431720000,46.773550000,221.000
3.431630000,46.773650000,221.100
3.431550000,46.773750000,221.300
3.431500000,46.773820000,221.400
3.431450000,46.773890000,221.500
3.431410000,46.773980000,221.400
3.431340000,46.774140000,221.400
3.431290000,46.774350000,222.400
3.431240000,46.774570000,223.500
3.431200000,46.774870000,224.900
3.431180000,46.775050000,225.400
3.431150000,46.775230000,225.400
3.431100000,46.775630000,225.000
3.431090000,46.775700000,224.900
3.431080000,46.775730000,224.900
3.431030000,46.776050000,224.300
3.431020000,46.776170000,224.100
3.431010000,46.776180000,224.000
3.430990000,46.776350000,223.700
3.430990000,46.776360000,223.700
3.430980000,46.776360000,223.700
3.430960000,46.776530000,223.300
3.430960000,46.776540000,223.300
3.430950000,46.776600000,223.100
3.430940000,46.776710000,223.000
3.430940000,46.776720000,223.000
3.430930000,46.776820000,223.000
3.430920000,46.776890000,223.100
3.430920000,46.776900000,223.100
3.430920000,46.776990000,223.100
3.430920000,46.777070000,223.100
3.430920000,46.777080000,223.100
3.430910000,46.777250000,223.100
3.430910000,46.777260000,223.100
3.430910000,46.777400000,223.200
3.430910000,46.777430000,223.200
3.430910000,46.777440000,223.200
3.430910000,46.777610000,222.900
3.430910000,46.777770000,222.500
3.430910000,46.777790000,222.400
3.430910000,46.777970000,222.000
3.430910000,46.777980000,221.900
3.430910000,46.778120000,221.600
3.430910000,46.778330000,221.000
3.430910000,46.778510000,220.400
3.430910000,46.778520000,220.300
3.430910000,46.778550000,220.200
3.430910000,46.778690000,219.800
3.430910000,46.778700000,219.700
3.430910000,46.778870000,219.100
3.430910000,46.778880000,219.100
3.430910000,46.779220000,217.900
3.430910000,46.779230000,217.900
3.430910000,46.779240000,217.800
3.430910000,46.779540000,216.700
3.430910000,46.779590000,216.600
3.430910000,46.779600000,216.500
3.430910000,46.779770000,215.900
3.430910000,46.779780000,215.900
3.430910000,46.779950000,215.300
3.430910000,46.779960000,215.200
3.430910000,46.780040000,214.900
3.430910000,46.780120000,214.400
3.430910000,46.780300000,213.300
3.430910000,46.780320000,213.200
3.430910000,46.780480000,212.200
3.430910000,46.780540000,211.900
3.430910000,46.780680000,211.000
3.430910000,46.780840000,210.100
3.430910000,46.781020000,209.000
3.430910000,46.781040000,208.900
3.430910000,46.781200000,207.900
3.430910000,46.781220000,207.800
3.430910000,46.781380000,206.800
3.430920000,46.781560000,205.700
3.430920000,46.781580000,205.600
3.430920000,46.781650000,205.200
3.430920000,46.781740000,204.800
3.430920000,46.781920000,204.100
3.430920000,46.781940000,204.100
3.430920000,46.782020000,203.700
3.430920000,46.782100000,203.400
3.430920000,46.782120000,203.400
3.430920000,46.782280000,202.700
3.430920000,46.782390000,202.300
3.430920000,46.782430000,202.200
3.430920000,46.782480000,202.000
3.430920000,46.782570000,201.800
3.430920000,46.782750000,201.600
3.430920000,46.782830000,201.500
3.430920000,46.782930000,201.400
3.430910000,46.783110000,201.200
3.430910000,46.783130000,201.200
3.430910000,46.783290000,201.000
3.430910000,46.783470000,201.000
3.430910000,46.783650000,201.100
3.430910000,46.783760000,201.200
3.430920000,46.783830000,201.200
3.430920000,46.783890000,201.300
3.430930000,46.783960000,201.300
3.430950000,46.784070000,201.200
3.430960000,46.784100000,201.200
3.430980000,46.784160000,201.100
3.431000000,46.784240000,200.500
3.431050000,46.784370000,199.400
3.431120000,46.784510000,198.100
3.431230000,46.784680000,196.500
3.431270000,46.784740000,196.000
3.431340000,46.784830000,195.200
3.431490000,46.784990000,193.700
3.431530000,46.785030000,193.400
3.431530000,46.785030000,193.400
3.431690000,46.785200000,192.800
3.431750000,46.785260000,192.800
3.431950000,46.785460000,193.000
3.432200000,46.785720000,193.100
3.432330000,46.785840000,193.200
3.432450000,46.785960000,193.200
3.432490000,46.786000000,193.300
3.433340000,46.786850000,193.800
3.433490000,46.787000000,194.100
3.433640000,46.787150000,194.600
3.433680000,46.787190000,194.800
3.434030000,46.787540000,197.200
3.434080000,46.787590000,197.600
3.434120000,46.787640000,197.900
3.434220000,46.787740000,198.300
3.434340000,46.787860000,198.600
3.434370000,46.787890000,198.700
3.434410000,46.787930000,198.800
3.434530000,46.788050000,199.200
3.434760000,46.788300000,200.300
3.434810000,46.788340000,200.600
3.434850000,46.788380000,201.000
3.435040000,46.788570000,202.900
3.435390000,46.788940000,207.500
3.435690000,46.789250000,211.400
3.435800000,46.789360000,212.300
3.436050000,46.789630000,213.400
3.436110000,46.789690000,213.700
3.436330000,46.789920000,214.900
3.436360000,46.789960000,215.100
3.436420000,46.790010000,215.500
3.436580000,46.790160000,216.500
3.436700000,46.790290000,217.500
3.436740000,46.790330000,217.800
3.436880000,46.790470000,218.900
3.437070000,46.790660000,220.500
3.437220000,46.790820000,221.900
3.437350000,46.790940000,222.600
3.437430000,46.791020000,223.000
3.437510000,46.791090000,223.300
3.437640000,46.791220000,223.600
3.437660000,46.791240000,223.600
3.437800000,46.791390000,223.800
3.437810000,46.791410000,223.800
3.437940000,46.791540000,223.900
3.438040000,46.791630000,224.000
3.438090000,46.791690000,224.000
3.438190000,46.791780000,223.800
3.438410000,46.792010000,223.800
3.438530000,46.792130000,223.900
3.438660000,46.792260000,224.100
3.438680000,46.792280000,224.100
3.438870000,46.792470000,224.300
3.439090000,46.792690000,224.800
3.439260000,46.792880000,225.400
3.439490000,46.793120000,226.100
3.439940000,46.793570000,226.700
3.439950000,46.793590000,226.600
3.439990000,46.793630000,226.600
3.440020000,46.793660000,226.700
3.440360000,46.794010000,227.600
3.440510000,46.794160000,227.800
3.440960000,46.794610000,227.300
3.440980000,46.794640000,227.300
3.441110000,46.794760000,227.100
3.441470000,46.795120000,226.700
3.441550000,46.795210000,226.500
3.441700000,46.795360000,225.900
3.441710000,46.795370000,225.900
3.441840000,46.795520000,225.300
3.441850000,46.795530000,225.300
3.441870000,46.795550000,225.200
3.442150000,46.795830000,224.200
3.442550000,46.796220000,223.900
3.442980000,46.796670000,224.900
3.443330000,46.797020000,224.900
3.443370000,46.797050000,224.800
3.443460000,46.797170000,224.300
3.443610000,46.797330000,223.900
3.443640000,46.797370000,223.800
3.443770000,46.797540000,223.400
3.443860000,46.797660000,223.300
3.443970000,46.797860000,222.800
3.444070000,46.798080000,222.000
3.444150000,46.798330000,221.000
3.444230000,46.798560000,220.700
3.444280000,46.798710000,220.600
3.444280000,46.798710000,220.600
3.444560000,46.799580000,219.200
3.445000000,46.800930000,215.700
3.445080000,46.801180000,214.700
3.445130000,46.801350000,214.100
3.445190000,46.801530000,213.500
3.445240000,46.801710000,212.800
3.445290000,46.801840000,212.200
3.445340000,46.802010000,211.500
3.445490000,46.802480000,209.700
3.445580000,46.802750000,209.200
3.445670000,46.803010000,208.700
3.445740000,46.803210000,208.300
3.445840000,46.803500000,207.400
3.445840000,46.803530000,207.300
3.445900000,46.803700000,206.800
3.445910000,46.803720000,206.700
3.445990000,46.803990000,205.800
3.446040000,46.804130000,205.400
3.446110000,46.804350000,205.200
3.446150000,46.804490000,205.100
3.446210000,46.804660000,205.100
3.446210000,46.804690000,205.100
3.446320000,46.805010000,205.100
3.446340000,46.805070000,205.100
3.446410000,46.805300000,204.800
3.446500000,46.805550000,204.400
3.446590000,46.805840000,203.900
3.446650000,46.806050000,204.000
3.446720000,46.806270000,204.200
3.446750000,46.806370000,204.300
3.446830000,46.806590000,204.600
3.446870000,46.806740000,204.800
3.446950000,46.806960000,205.100
3.447020000,46.807180000,205.400
3.447040000,46.807240000,205.400
3.447120000,46.807510000,205.500
3.447230000,46.807820000,205.200
3.447300000,46.808050000,204.800
3.447320000,46.808120000,204.600
3.447390000,46.808340000,204.200
3.447480000,46.808600000,205.600
3.447580000,46.808890000,207.300
3.447670000,46.809170000,208.800
3.447680000,46.809200000,208.900
3.447730000,46.809350000,209.400
3.447760000,46.809450000,209.600
3.447860000,46.809750000,210.200
3.447910000,46.809920000,210.300
3.447930000,46.810000000,210.400
3.448360000,46.811360000,210.100
3.448420000,46.811540000,210.100
3.448540000,46.811890000,209.800
3.448640000,46.812200000,209.700
3.448790000,46.812670000,209.100
3.448810000,46.812730000,208.900
3.448880000,46.812900000,208.400
3.448940000,46.813070000,208.000
3.448940000,46.813080000,208.000
3.449000000,46.813250000,207.600
3.449050000,46.813430000,207.400
3.449170000,46.813780000,207.000
3.449200000,46.813850000,206.800
3.449300000,46.814160000,206.200
3.449410000,46.814500000,205.100
3.449430000,46.814570000,204.900
3.449560000,46.814960000,203.700
3.449670000,46.815300000,202.000
3.449770000,46.815620000,200.500
3.449770000,46.815630000,200.400
3.449840000,46.815840000,199.500
3.449880000,46.815970000,198.700
3.449930000,46.816120000,197.600
3.449970000,46.816220000,196.800
3.450040000,46.816470000,195.100
3.450130000,46.816710000,193.700
3.450130000,46.816720000,193.700
3.450140000,46.816770000,193.600
3.450150000,46.816770000,193.600
3.450220000,46.817000000,193.400
3.450230000,46.817010000,193.300
3.450250000,46.817080000,193.300
3.450330000,46.817300000,192.900
3.450340000,46.817310000,192.900
3.450400000,46.817570000,192.600
3.450400000,46.817590000,192.700
3.450460000,46.817660000,192.600
3.450500000,46.817750000,192.600
3.450580000,46.817920000,192.600
3.450640000,46.818080000,192.800
3.450680000,46.818210000,192.900
3.450690000,46.818220000,192.900
3.450700000,46.818270000,193.000
3.450750000,46.818400000,193.000
3.450780000,46.818510000,192.800
3.450810000,46.818570000,192.700
3.450830000,46.818630000,192.600
3.450870000,46.818760000,192.500
3.450900000,46.818840000,192.500
3.450910000,46.818920000,192.400
3.450920000,46.818930000,192.300
3.450970000,46.819100000,192.100
3.451000000,46.819200000,192.000
3.451020000,46.819250000,191.900
3.451240000,46.819960000,191.100
3.451420000,46.820530000,191.100
3.451520000,46.820850000,191.000
3.451600000,46.821070000,190.700
3.451680000,46.821330000,190.400
3.451780000,46.821590000,190.500
3.451810000,46.821680000,190.500
3.451830000,46.821750000,190.700
3.451860000,46.821830000,191.000
3.452040000,46.822410000,191.900
3.452030000,46.822460000,192.000
3.452090000,46.822640000,191.800
3.452160000,46.822850000,191.600
3.452200000,46.822970000,191.400
3.452240000,46.823110000,191.300
3.452370000,46.823470000,191.300
3.452390000,46.823530000,191.400
3.452450000,46.823750000,192.000
3.452640000,46.824350000,192.600
3.452650000,46.824400000,192.500
3.452700000,46.824550000,192.200
3.452730000,46.824660000,192.000
3.452820000,46.824920000,191.500
3.453020000,46.825510000,191.600
3.453160000,46.825940000,191.700
3.453220000,46.826100000,191.500
3.453270000,46.826190000,191.500
3.453360000,46.826320000,191.400
3.453520000,46.826470000,191.200
3.453690000,46.826590000,191.100
3.453880000,46.826680000,191.000
3.454150000,46.826790000,190.900
3.454460000,46.826910000,190.900
3.454550000,46.826940000,191.000
3.454550000,46.826950000,191.000
3.454650000,46.826960000,191.100
3.454780000,46.827020000,191.200
3.454780000,46.827020000,191.200
3.454790000,46.827020000,191.200
3.454800000,46.827020000,191.200
3.454810000,46.827020000,191.200
3.454820000,46.827020000,191.200
3.454830000,46.827020000,191.300
3.454840000,46.827020000,191.300
3.454850000,46.827020000,191.300
3.454860000,46.827030000,191.300
3.454870000,46.827030000,191.300
3.454880000,46.827030000,191.300
3.454890000,46.827040000,191.300
3.454900000,46.827040000,191.300
3.454910000,46.827040000,191.400
3.454910000,46.827050000,191.400
3.454920000,46.827050000,191.400
3.454930000,46.827060000,191.400
3.454940000,46.827070000,191.400
3.454940000,46.827080000,191.400
3.454950000,46.827080000,191.400
3.454950000,46.827090000,191.400
3.455140000,46.827120000,191.500
3.455430000,46.827190000,191.400
3.455530000,46.827240000,191.500
3.455820000,46.827340000,191.600
3.456220000,46.827490000,192.000
3.456530000,46.827600000,192.000
3.456690000,46.827660000,192.000
3.456960000,46.827740000,192.100
3.457050000,46.827770000,192.100
3.457480000,46.827870000,192.300
3.457540000,46.827890000,192.300
3.457730000,46.827930000,192.400
3.457830000,46.827950000,192.400
3.458450000,46.828090000,192.700
3.458550000,46.828100000,192.700
3.458640000,46.828120000,192.700
3.458700000,46.828140000,192.800
3.458730000,46.828170000,192.800
3.458750000,46.828180000,192.800
3.458770000,46.828210000,192.800
3.458770000,46.828270000,192.900
3.458750000,46.828330000,193.000
3.458740000,46.828380000,193.000
3.458680000,46.828520000,192.800
3.458640000,46.828590000,192.600
3.458570000,46.828740000,192.300
3.458520000,46.828880000,192.000
3.458490000,46.828990000,191.900
3.458480000,46.829120000,191.900
3.458530000,46.829240000,192.000
3.458560000,46.829340000,191.900
3.458620000,46.829460000,191.900
3.458680000,46.829550000,192.000
3.458740000,46.829630000,192.100
3.458760000,46.829640000,192.100
3.458850000,46.829730000,192.300
3.458910000,46.829780000,192.500
3.459020000,46.829870000,192.700
3.459140000,46.829960000,193.000
3.459240000,46.830010000,193.100
3.459390000,46.830070000,193.200
3.459550000,46.830110000,193.400
3.459750000,46.830170000,193.700
3.460020000,46.830230000,194.300
3.460180000,46.830250000,194.400
3.460200000,46.830260000,194.400
3.460400000,46.830300000,194.500
3.460500000,46.830310000,194.600
3.460810000,46.830330000,194.800
3.461180000,46.830360000,193.900
3.461400000,46.830370000,193.300
3.461440000,46.830360000,193.200
3.461580000,46.830350000,192.800
3.461740000,46.830310000,192.700
3.461880000,46.830260000,192.800
3.461990000,46.830230000,192.900
3.462180000,46.830170000,193.200
3.462290000,46.830130000,193.400
3.462370000,46.830110000,193.500
3.462440000,46.830070000,193.700
3.462530000,46.830040000,193.800
3.462640000,46.830020000,193.800
3.462780000,46.830010000,193.600
3.462780000,46.830010000,193.600
3.462780000,46.830000000,193.700
3.462790000,46.829990000,193.700
3.462790000,46.829980000,193.800
3.462800000,46.829980000,193.800
3.462810000,46.829970000,193.800
3.462820000,46.829970000,193.800
3.462820000,46.829960000,193.900
3.462830000,46.829960000,193.900
3.462840000,46.829960000,193.900
3.462850000,46.829960000,193.900
3.462850000,46.829950000,193.900
3.462860000,46.829950000,193.900
3.462870000,46.829950000,193.900
3.462880000,46.829950000,193.900
3.462890000,46.829950000,193.900
3.462900000,46.829950000,193.900
3.462910000,46.829950000,193.900
3.462920000,46.829950000,193.900
3.462930000,46.829950000,193.800
3.462940000,46.829950000,193.800
3.462950000,46.829960000,193.700
3.463380000,46.829770000,194.400
3.463450000,46.829730000,194.300
3.463530000,46.829690000,194.100
3.463590000,46.829640000,194.200
3.463660000,46.829580000,194.300
3.463900000,46.829340000,194.900
3.463930000,46.829310000,194.800
3.463980000,46.829260000,194.700
3.464010000,46.829240000,194.700
3.464030000,46.829230000,194.700
3.464050000,46.829230000,194.700
3.464050000,46.829230000,194.700
3.464070000,46.829230000,194.600
3.464090000,46.829230000,194.600
3.464120000,46.829230000,194.600
3.464130000,46.829240000,194.600
3.464720000,46.829530000,194.000
3.464850000,46.829590000,193.900
3.464860000,46.829600000,193.900
3.465000000,46.829660000,193.700
3.465870000,46.830060000,192.900
3.466530000,46.830350000,192.200
3.466670000,46.830410000,192.100
3.466670000,46.830410000,192.100
3.466870000,46.830500000,191.900
3.466900000,46.830510000,191.900
3.467040000,46.830570000,192.100
3.467110000,46.830590000,192.200
3.467160000,46.830610000,192.300
3.467300000,46.830640000,192.500
3.467440000,46.830660000,192.700
3.467550000,46.830670000,192.800
3.467740000,46.830630000,192.800
3.467910000,46.830590000,192.900
3.468020000,46.830560000,192.900
3.468140000,46.830540000,192.900
3.468190000,46.830520000,192.900
3.468190000,46.830520000,192.900
3.468230000,46.830540000,193.000
3.468240000,46.830540000,193.000
3.468270000,46.830540000,193.000
3.468350000,46.830550000,193.000
3.468410000,46.830550000,193.100
3.468440000,46.830560000,193.100
3.468470000,46.830570000,193.100
3.468520000,46.830590000,193.100
3.468570000,46.830630000,193.100
3.468680000,46.830700000,193.100
3.468760000,46.830760000,193.100
3.468850000,46.830830000,193.000
3.468910000,46.830880000,192.800
3.468940000,46.830920000,192.700
3.468990000,46.830980000,192.500
3.469010000,46.831000000,192.400
3.469020000,46.831030000,192.300
3.469070000,46.831150000,191.900
3.469120000,46.831430000,190.900
3.469140000,46.831510000,190.600
3.469130000,46.831520000,190.600
3.469130000,46.831550000,190.500
3.469130000,46.831620000,190.200
3.469090000,46.831680000,190.100
3.469020000,46.831760000,190.000
3.468910000,46.831830000,189.900
3.468630000,46.831960000,189.900
3.468510000,46.832020000,189.900
3.468390000,46.832080000,189.900
3.468310000,46.832120000,189.900
3.467950000,46.832280000,190.000
3.467700000,46.832400000,190.000
3.467520000,46.832490000,190.000
3.467420000,46.832560000,189.700
3.467290000,46.832670000,189.100
3.467070000,46.832850000,188.300
3.466820000,46.833090000,187.600
3.466600000,46.833270000,187.500
3.466510000,46.833340000,187.600
3.466460000,46.833370000,187.800
3.466400000,46.833400000,188.100
3.466350000,46.833420000,188.300
3.466280000,46.833450000,188.600
3.466130000,46.833490000,189.000
3.466130000,46.833490000,189.000
3.466040000,46.833520000,189.300
3.465720000,46.833560000,189.700
3.465670000,46.833580000,189.600
3.465640000,46.833590000,189.600
3.465620000,46.833610000,189.600
3.465580000,46.833650000,189.500
3.465540000,46.833710000,189.400
3.465540000,46.833710000,189.400
3.465610000,46.833810000,189.300
3.465770000,46.833980000,189.600
3.465940000,46.834190000,190.100
3.465950000,46.834190000,190.100
3.466010000,46.834270000,190.300
3.466040000,46.834300000,190.300
3.466270000,46.834580000,190.900
3.466380000,46.834690000,191.200
3.466440000,46.834750000,191.300
3.466580000,46.834970000,191.800
3.466600000,46.835010000,191.900
3.466680000,46.835140000,191.800
3.466690000,46.835230000,191.700
3.466700000,46.835270000,191.600
3.466690000,46.835400000,191.500
3.466690000,46.835480000,191.400
3.466670000,46.835580000,191.300
3.466630000,46.835650000,191.200
3.466580000,46.835830000,190.900
3.466530000,46.835980000,190.900
3.466510000,46.836040000,190.900
3.466480000,46.836150000,190.900
3.466450000,46.836220000,190.900
3.466420000,46.836300000,190.900
3.466420000,46.836400000,190.900
3.466420000,46.836580000,191.000
3.466420000,46.836580000,191.000
3.466430000,46.836590000,191.000
3.466440000,46.836590000,191.000
3.466440000,46.836600000,191.000
3.466450000,46.836610000,191.000
3.466460000,46.836620000,191.000
3.466460000,46.836630000,191.000
3.466470000,46.836640000,191.000
3.466470000,46.836650000,191.000
3.466470000,46.836660000,191.000
3.466470000,46.836670000,191.000
3.466470000,46.836680000,191.100
3.466470000,46.836690000,191.200
3.466460000,46.836690000,191.200
3.466460000,46.836700000,191.300
3.466460000,46.836710000,191.400
3.466450000,46.836710000,191.400
3.466450000,46.836720000,191.400
3.466440000,46.836730000,191.500
3.466440000,46.836740000,191.600
3.466430000,46.836740000,191.600
3.466420000,46.836750000,191.700
3.466410000,46.836760000,191.800
3.466400000,46.836760000,191.700
3.466390000,46.836770000,191.800
3.466380000,46.836770000,191.800
3.466370000,46.836780000,191.900
3.466360000,46.836780000,191.900
3.466350000,46.836780000,191.900
3.466340000,46.836790000,192.000
3.466330000,46.836790000,192.000
3.466320000,46.836790000,192.000
3.466310000,46.836790000,192.000
3.466290000,46.836790000,192.000
3.466280000,46.836790000,192.000
3.466270000,46.836790000,192.000
3.466260000,46.836790000,192.000
3.466250000,46.836790000,192.000
3.466240000,46.836790000,192.000
3.466230000,46.836790000,192.000
3.466220000,46.836790000,192.000
3.466210000,46.836790000,192.000
3.466200000,46.836780000,191.900
3.466190000,46.836780000,191.900
3.466180000,46.836780000,191.900
3.466170000,46.836770000,191.800
3.466160000,46.836770000,191.800
3.466150000,46.836760000,191.700
3.466130000,46.836750000,191.600
3.465680000,46.836800000,192.300
3.465560000,46.836810000,192.700
3.465100000,46.836880000,194.300
3.464960000,46.836910000,194.700
3.464540000,46.836980000,194.900
3.464340000,46.837010000,195.000
3.464320000,46.837010000,195.000
3.464130000,46.837050000,195.200
3.463890000,46.837060000,195.100
3.463660000,46.837070000,195.100
3.463490000,46.837060000,194.800
3.463200000,46.837040000,194.700
3.462820000,46.837000000,194.700
3.462710000,46.836990000,194.800
3.462450000,46.836970000,194.700
3.462020000,46.836940000,194.100
3.461530000,46.836910000,193.200
3.461260000,46.836920000,193.100
3.461250000,46.836920000,193.100
3.460950000,46.836930000,192.900
3.460740000,46.836940000,193.100
3.460420000,46.836970000,194.100
3.460140000,46.837010000,195.200
3.459780000,46.837070000,196.000
3.459560000,46.837120000,196.500
3.459220000,46.837200000,197.100
3.458860000,46.837310000,196.700
3.458750000,46.837370000,196.700
3.458480000,46.837470000,195.800
3.458300000,46.837550000,195.300
3.458220000,46.837590000,195.200
3.458090000,46.837660000,195.000
3.457980000,46.837710000,194.600
3.457560000,46.837960000,193.100
3.457230000,46.838150000,192.800
3.457010000,46.838270000,192.600
3.456860000,46.838330000,193.000
3.456860000,46.838330000,193.000
3.456980000,46.838440000,193.500
3.457040000,46.838500000,193.800
3.457080000,46.838530000,194.000
3.457090000,46.838560000,194.100
3.457100000,46.838580000,194.200
3.457100000,46.838620000,194.300
3.457090000,46.838650000,194.500
3.457080000,46.838670000,194.600
3.457040000,46.838700000,194.700
3.456990000,46.838720000,194.700
3.456860000,46.838770000,194.800
3.456720000,46.838810000,194.900
3.456630000,46.838840000,195.100
3.456520000,46.838870000,195.300
3.456360000,46.838920000,195.800
3.456110000,46.839000000,196.500
3.455980000,46.839040000,196.900
3.455880000,46.839110000,197.500
3.455820000,46.839160000,197.900
3.455760000,46.839240000,198.200
3.455690000,46.839390000,198.900
3.455640000,46.839520000,199.500
3.455620000,46.839570000,199.800
3.455530000,46.839810000,201.200
3.455510000,46.839870000,201.600
3.455480000,46.839930000,202.000
3.455450000,46.840020000,202.600
3.455420000,46.840100000,203.200
3.455370000,46.840220000,204.000
3.455280000,46.840450000,205.500
3.455280000,46.840460000,205.600
3.455220000,46.840630000,206.700
3.455180000,46.840710000,207.200
3.455110000,46.840900000,208.500
3.455080000,46.840970000,209.000
3.455050000,46.841060000,209.600
3.455010000,46.841180000,210.500
3.454970000,46.841350000,211.700
3.454970000,46.841380000,211.900
3.454950000,46.841490000,212.700
3.454960000,46.841570000,213.300
3.454980000,46.841740000,214.400
3.454990000,46.841790000,214.700
3.455020000,46.841900000,215.400
3.455070000,46.842120000,216.500
3.455130000,46.842340000,217.500
3.455150000,46.842400000,217.700
3.455200000,46.842600000,218.400
3.455250000,46.842790000,218.900
3.455260000,46.842820000,219.000
3.455310000,46.843060000,219.900
3.455350000,46.843210000,220.500
3.455400000,46.843410000,221.300
3.455410000,46.843440000,221.400
3.455460000,46.843590000,222.000
3.455500000,46.843730000,222.500
3.455550000,46.843850000,223.100
3.455610000,46.844000000,223.800
3.455680000,46.844140000,224.500
3.455750000,46.844320000,225.000
3.455830000,46.844490000,225.400
3.455850000,46.844540000,225.400
3.455930000,46.844710000,225.600
3.456020000,46.844940000,226.100
3.456120000,46.845190000,226.600
3.456210000,46.845410000,226.900
3.456250000,46.845490000,227.100
3.456300000,46.845600000,227.300
3.456370000,46.845760000,227.600
3.456430000,46.845870000,227.800
3.456530000,46.846030000,228.600
3.456710000,46.846290000,230.300
3.456720000,46.846320000,230.500
3.456830000,46.846480000,231.600
3.456850000,46.846520000,231.800
3.456930000,46.846640000,232.500
3.456990000,46.846740000,233.000
3.457160000,46.846990000,234.000
3.457270000,46.847160000,234.600
3.457280000,46.847160000,234.700
3.457450000,46.847410000,235.700
3.457530000,46.847530000,236.100
3.457580000,46.847620000,236.500
3.457660000,46.847760000,237.100
3.457750000,46.847920000,237.900
3.457760000,46.847930000,238.000
3.457770000,46.847950000,238.100
3.457790000,46.847990000,238.300
3.457910000,46.848220000,239.600
3.457920000,46.848260000,239.800
3.458010000,46.848470000,240.500
3.458080000,46.848650000,240.800
3.458130000,46.848780000,240.900
3.458140000,46.848870000,240.900
3.458140000,46.848950000,240.800
3.458130000,46.849040000,240.800
3.458100000,46.849160000,240.700
3.458040000,46.849340000,240.800
3.458000000,46.849470000,240.700
3.457930000,46.849650000,240.300
3.457860000,46.849840000,239.600
3.457810000,46.850010000,239.000
3.457810000,46.850040000,239.000
3.457720000,46.850290000,238.400
3.457640000,46.850560000,237.700
3.457600000,46.850720000,237.300
3.457590000,46.850780000,237.200
3.457550000,46.850890000,237.000
3.457490000,46.851070000,237.300
3.457480000,46.851100000,237.400
3.457440000,46.851250000,238.000
3.457430000,46.851280000,238.100
3.457320000,46.851600000,239.100
3.457210000,46.851920000,239.300
3.457130000,46.852210000,239.500
3.457100000,46.852300000,239.500
3.456990000,46.852650000,239.900
3.456860000,46.853070000,240.800
3.456820000,46.853180000,241.100
3.456760000,46.853350000,241.400
3.456740000,46.853410000,241.300
3.456700000,46.853530000,240.900
3.456660000,46.853670000,240.600
3.456570000,46.853960000,239.800
3.456450000,46.854320000,239.100
3.456410000,46.854440000,239.100
3.456300000,46.854770000,239.200
3.456220000,46.855040000,239.600
3.456200000,46.855110000,239.900
3.456150000,46.855290000,240.500
3.456140000,46.855330000,240.700
3.456100000,46.855540000,241.500
3.456090000,46.855650000,241.900
3.456090000,46.855700000,242.200
3.456090000,46.855820000,242.600
3.456090000,46.855870000,242.700
3.456110000,46.856120000,242.900
3.456120000,46.856180000,242.900
3.456140000,46.856250000,243.000
3.456200000,46.856420000,243.200
3.456230000,46.856500000,243.300
3.456280000,46.856630000,243.500
3.456280000,46.856650000,243.500
3.456300000,46.856680000,243.500
3.456400000,46.856840000,243.500
3.456500000,46.856950000,243.500
3.456530000,46.857000000,243.400
3.456760000,46.857260000,243.200
3.456770000,46.857270000,243.200
3.456800000,46.857310000,243.100
3.456900000,46.857420000,242.800
3.456940000,46.857460000,242.700
3.457230000,46.857760000,241.200
3.457260000,46.857800000,241.000
3.457520000,46.858080000,239.300
3.457610000,46.858170000,239.000
3.457650000,46.858220000,238.900
3.457730000,46.858310000,238.700
3.457890000,46.858480000,237.700
3.458230000,46.858850000,234.500
3.458310000,46.858930000,233.600
3.458340000,46.858960000,233.200
3.458360000,46.858980000,233.000
3.458450000,46.859080000,231.800
3.458500000,46.859130000,231.200
3.458560000,46.859200000,230.500
3.458630000,46.859290000,229.800
3.458710000,46.859400000,229.100
3.458780000,46.859480000,228.700
3.458830000,46.859560000,228.300
3.458860000,46.859610000,228.100
3.458870000,46.859630000,228.100
3.458900000,46.859730000,227.700
3.458920000,46.859780000,227.500
3.458930000,46.859800000,227.500
3.458950000,46.859910000,227.100
3.458950000,46.859950000,226.900
3.458950000,46.859960000,226.900
3.458960000,46.860090000,227.500
3.458970000,46.860140000,228.000
3.458970000,46.860180000,228.400
3.458980000,46.860270000,229.300
3.458980000,46.860360000,230.000
3.459000000,46.860630000,232.600
3.459000000,46.860650000,232.800
3.459020000,46.860860000,234.800
3.459020000,46.860990000,235.800
3.459020000,46.861040000,236.200
3.459020000,46.861130000,236.900
3.459030000,46.861240000,237.900
3.459030000,46.861280000,238.200
3.459030000,46.861330000,238.600
3.459030000,46.861370000,238.900
3.459040000,46.861400000,239.200
3.459040000,46.861440000,239.500
3.459050000,46.861580000,240.600
3.459060000,46.861760000,241.800
3.459060000,46.861790000,242.000
3.459080000,46.862050000,243.400
3.459090000,46.862120000,243.800
3.459090000,46.862300000,244.700
3.459100000,46.862390000,245.200
3.459110000,46.862630000,246.400
3.459110000,46.862660000,246.600
3.459120000,46.862790000,247.200
3.459120000,46.862790000,247.200
3.459120000,46.862810000,247.300
3.459120000,46.862840000,247.500
3.459130000,46.862980000,248.200
3.459140000,46.863200000,249.300
3.459140000,46.863240000,249.500
3.459160000,46.863350000,250.000
3.459160000,46.863380000,250.100
3.459180000,46.863550000,250.500
3.459180000,46.863890000,251.300
3.459170000,46.864070000,251.800
3.459170000,46.864090000,251.800
3.459170000,46.864140000,251.900
3.459150000,46.864410000,252.600
3.459120000,46.864770000,253.600
3.459120000,46.864810000,253.700
3.459110000,46.864940000,254.000
3.459080000,46.865290000,254.200
3.459070000,46.865440000,254.200
3.459040000,46.865730000,254.300
3.459030000,46.865950000,254.500
3.459000000,46.866260000,254.900
3.458990000,46.866520000,255.200
3.458990000,46.866570000,255.300
3.458990000,46.866690000,255.500
3.458990000,46.866910000,256.300
3.459020000,46.867200000,257.300
3.459030000,46.867290000,257.600
3.459080000,46.867680000,259.300
3.459080000,46.867940000,260.800
3.459090000,46.868100000,261.700
3.459150000,46.868520000,263.700
3.459170000,46.868640000,264.100
3.459200000,46.868890000,265.000
3.459270000,46.869240000,266.200
3.459310000,46.869350000,266.400
3.459380000,46.869530000,266.800
3.459450000,46.869680000,267.000
3.459530000,46.869860000,267.300
3.459640000,46.870110000,267.200
3.459690000,46.870240000,266.900
3.459740000,46.870400000,266.500
3.459840000,46.870740000,265.600
3.459870000,46.870860000,265.200
3.459890000,46.870900000,265.100
3.459940000,46.871070000,264.600
3.459990000,46.871250000,264.000
3.460000000,46.871290000,263.900
3.460050000,46.871490000,263.400
3.460110000,46.871740000,262.600
3.460150000,46.871950000,261.900
3.460150000,46.871960000,261.800
3.460190000,46.872140000,261.200
3.460190000,46.872150000,261.200
3.460220000,46.872320000,260.600
3.460290000,46.872670000,259.900
3.460320000,46.872850000,259.800
3.460420000,46.873350000,259.500
3.460430000,46.873390000,259.300
3.460470000,46.873560000,258.900
3.460490000,46.873690000,258.600
3.460560000,46.874030000,257.900
3.460610000,46.874280000,257.700
3.460630000,46.874390000,257.600
3.460640000,46.874460000,257.600
3.460680000,46.874630000,257.500
3.460730000,46.874830000,257.300
3.460810000,46.874980000,257.100
3.460860000,46.875090000,257.600
3.460880000,46.875130000,257.800
3.461050000,46.875400000,259.300
3.461100000,46.875470000,259.600
3.461210000,46.875630000,260.200
3.461250000,46.875700000,260.400
3.461320000,46.875800000,260.700
3.461430000,46.875960000,261.200
3.461550000,46.876120000,261.700
3.461620000,46.876220000,262.000
3.461770000,46.876440000,262.600
3.461880000,46.876610000,262.800
3.461970000,46.876740000,262.700
3.462060000,46.876860000,262.500
3.462320000,46.877260000,262.100
3.462380000,46.877350000,262.100
3.462430000,46.877420000,262.100
3.462690000,46.877790000,261.900
3.462970000,46.878180000,261.700
3.463000000,46.878240000,261.700
3.463180000,46.878510000,261.500
3.463380000,46.878870000,261.800
3.463490000,46.879070000,262.600
3.463510000,46.879120000,262.800
3.463590000,46.879300000,263.300
3.463790000,46.879760000,264.100
3.463820000,46.879870000,264.200
3.463850000,46.879960000,264.300
3.463990000,46.880380000,265.200
3.464080000,46.880610000,265.700
3.464150000,46.880790000,265.900
3.464210000,46.880960000,266.000
3.464220000,46.880970000,266.000
3.464290000,46.881170000,265.700
3.464360000,46.881360000,265.300
3.464380000,46.881490000,265.000
3.464390000,46.881740000,264.200
3.464390000,46.881750000,264.100
3.464390000,46.881810000,263.900
3.464380000,46.881910000,263.500
3.464330000,46.882100000,262.900
3.464280000,46.882280000,262.400
3.464270000,46.882300000,262.400
3.464260000,46.882320000,262.300
3.464240000,46.882370000,262.200
3.464200000,46.882450000,262.100
3.464180000,46.882490000,262.000
3.464100000,46.882650000,261.400
3.464060000,46.882740000,261.000
3.464000000,46.882880000,260.300
3.463980000,46.882920000,260.100
3.463960000,46.882970000,259.800
3.463940000,46.883000000,259.700
3.463920000,46.883040000,259.400
3.463790000,46.883350000,257.900
3.463780000,46.883360000,257.900
3.463760000,46.883410000,258.100
3.463720000,46.883520000,258.500
3.463650000,46.883710000,259.000
3.463600000,46.883900000,259.500
3.463580000,46.884040000,259.900
3.463570000,46.884050000,259.900
3.463570000,46.884140000,260.300
3.463560000,46.884220000,260.600
3.463560000,46.884270000,260.900
3.463570000,46.884400000,261.800
3.463570000,46.884460000,262.100
3.463590000,46.884580000,263.100
3.463600000,46.884680000,263.700
3.463610000,46.884760000,264.300
3.463660000,46.885110000,266.200
3.463680000,46.885290000,266.600
3.463700000,46.885470000,266.900
3.463710000,46.885490000,267.000
3.463750000,46.885760000,267.500
3.463760000,46.885830000,267.600
3.463800000,46.886010000,268.100
3.463810000,46.886060000,268.300
3.463840000,46.886190000,268.600
3.463880000,46.886360000,269.000
3.463890000,46.886410000,269.000
3.463900000,46.886460000,269.100
3.464030000,46.886960000,270.500
3.464080000,46.887110000,271.100
3.464100000,46.887170000,271.400
3.464100000,46.887190000,271.500
3.464130000,46.887320000,272.100
3.464190000,46.887570000,273.000
3.464210000,46.887650000,273.000
3.464280000,46.887980000,273.100
3.464320000,46.888110000,273.100
3.464330000,46.888140000,273.200
3.464330000,46.888160000,273.200
3.464360000,46.888280000,273.200
3.464380000,46.888340000,273.200
3.464420000,46.888450000,273.100
3.464460000,46.888510000,273.100
3.464510000,46.888610000,272.900
3.464540000,46.888680000,272.800
3.464610000,46.888830000,272.600
3.464680000,46.888940000,272.400
3.464750000,46.889030000,272.300
3.464810000,46.889100000,272.100
3.464950000,46.889230000,271.800
3.465150000,46.889430000,271.200
3.465270000,46.889550000,270.800
3.465350000,46.889620000,270.600
3.465520000,46.889770000,270.000
3.465780000,46.889960000,269.200
3.465880000,46.890020000,268.800
3.466150000,46.890200000,267.300
3.466420000,46.890360000,266.000
3.466700000,46.890520000,264.700
3.466940000,46.890660000,263.000
3.467040000,46.890710000,262.300
3.467270000,46.890840000,260.800
3.467380000,46.890900000,260.100
3.467490000,46.890960000,259.400
3.467670000,46.891060000,258.200
3.467770000,46.891130000,257.400
3.467820000,46.891160000,257.000
3.467900000,46.891250000,256.300
3.467920000,46.891270000,256.200
3.467950000,46.891300000,255.900
3.468130000,46.891520000,254.300
3.468180000,46.891590000,253.800
3.468240000,46.891660000,253.400
3.468270000,46.891680000,253.100
3.468360000,46.891800000,252.100
3.468360000,46.891810000,252.000
3.468380000,46.891840000,251.800
3.468450000,46.891960000,250.800
3.468530000,46.892160000,249.400
3.468540000,46.892190000,249.200
3.468570000,46.892290000,248.500
3.468590000,46.892440000,247.700
3.468600000,46.892540000,247.200
3.468610000,46.892620000,246.800
3.468630000,46.892800000,245.900
3.468640000,46.892870000,245.500
3.468640000,46.892950000,245.200
3.468610000,46.893090000,244.500
3.468560000,46.893220000,243.800
3.468490000,46.893360000,243.100
3.468470000,46.893420000,242.900
3.468410000,46.893540000,242.400
3.468330000,46.893710000,241.600
3.468230000,46.893930000,240.600
3.468140000,46.894120000,239.700
3.468080000,46.894240000,239.300
3.468040000,46.894310000,239.100
3.467970000,46.894400000,238.800
3.467930000,46.894440000,238.600
3.467860000,46.894530000,238.100
3.467690000,46.894740000,236.900
3.467500000,46.894970000,235.100
3.467310000,46.895190000,235.100
3.467100000,46.895450000,235.100
3.467020000,46.895540000,235.000
3.466930000,46.895650000,234.800
3.466890000,46.895700000,234.700
3.466740000,46.895880000,234.300
3.466510000,46.896150000,234.100
3.466290000,46.896410000,233.500
3.466110000,46.896620000,232.200
3.465970000,46.896790000,231.400
3.465910000,46.896850000,231.100
3.465770000,46.897010000,230.600
3.465760000,46.897070000,230.500
3.465700000,46.897180000,230.300
3.465620000,46.897330000,230.100
3.465560000,46.897420000,229.800
3.465550000,46.897460000,229.700
3.465540000,46.897560000,230.100
3.465560000,46.897690000,231.200
3.465580000,46.897760000,231.700
3.465590000,46.897800000,232.000
3.465610000,46.897830000,232.200
3.465660000,46.897920000,232.800
3.465760000,46.898040000,233.400
3.465830000,46.898120000,233.700
3.465930000,46.898200000,234.200
3.466030000,46.898270000,234.500
3.466070000,46.898290000,234.500
3.466230000,46.898390000,235.100
3.466360000,46.898490000,236.000
3.466460000,46.898570000,236.700
3.466500000,46.898620000,237.100
3.466540000,46.898650000,237.300
3.466610000,46.898750000,238.100
3.466680000,46.898880000,239.200
3.466720000,46.898970000,239.900
3.466760000,46.899120000,241.000
3.466790000,46.899270000,241.900
3.466810000,46.899430000,242.800
3.466830000,46.899620000,243.800
3.466850000,46.899750000,244.600
3.466860000,46.899840000,245.100
3.466870000,46.899930000,245.600
3.466900000,46.900090000,246.600
3.466930000,46.900240000,247.800
3.466930000,46.900250000,247.800
3.466970000,46.900370000,248.700
3.467030000,46.900500000,249.500
3.467040000,46.900520000,249.600
3.467100000,46.900600000,250.000
3.467180000,46.900710000,250.500
3.467280000,46.900810000,250.900
3.467390000,46.900890000,251.100
3.467550000,46.900990000,251.600
3.467720000,46.901070000,252.300
3.467880000,46.901150000,253.000
3.468020000,46.901210000,253.400
3.468140000,46.901270000,253.900
3.468150000,46.901280000,254.000
3.468230000,46.901320000,254.400
3.468360000,46.901390000,255.000
3.468360000,46.901400000,255.100
3.468490000,46.901480000,255.900
3.468540000,46.901520000,256.300
3.468600000,46.901570000,256.700
3.468690000,46.901650000,257.400
3.468700000,46.901660000,257.500
3.468800000,46.901760000,258.100
3.468850000,46.901810000,258.300
3.468920000,46.901890000,258.800
3.469000000,46.901980000,259.400
3.469110000,46.902130000,260.400
3.469160000,46.902190000,260.800
3.469210000,46.902260000,261.100
3.469240000,46.902300000,261.300
3.469320000,46.902420000,261.700
3.469400000,46.902560000,262.100
3.469440000,46.902640000,262.300
3.469490000,46.902770000,262.700
3.469550000,46.902920000,263.100
3.469580000,46.903010000,263.500
3.469620000,46.903110000,263.800
3.469630000,46.903130000,263.900
3.469640000,46.903150000,264.000
3.469690000,46.903260000,264.400
3.469770000,46.903390000,264.900
3.469790000,46.903410000,265.000
3.469890000,46.903560000,265.600
3.470010000,46.903720000,266.300
3.470100000,46.903850000,267.100
3.470170000,46.903950000,267.600
3.470320000,46.904160000,268.600
3.470330000,46.904180000,268.600
3.470480000,46.904380000,268.900
3.470570000,46.904500000,269.000
3.470640000,46.904610000,269.000
3.470720000,46.904710000,269.000
3.470800000,46.904820000,268.900
3.470840000,46.904890000,268.900
3.470970000,46.905070000,268.600
3.471090000,46.905240000,267.400
3.471230000,46.905440000,265.800
3.471300000,46.905540000,264.900
3.471340000,46.905600000,264.400
3.471410000,46.905700000,263.500
3.471450000,46.905770000,262.800
3.471590000,46.905960000,261.900
3.471640000,46.906030000,261.800
3.471690000,46.906110000,261.800
3.471820000,46.906300000,262.400
3.471860000,46.906360000,262.600
3.471970000,46.906510000,263.200
3.471970000,46.906520000,263.200
3.472100000,46.906690000,264.200
3.472240000,46.906880000,266.100
3.472340000,46.907030000,267.300
3.472440000,46.907160000,268.400
3.472470000,46.907210000,268.800
3.472580000,46.907370000,269.300
3.472660000,46.907470000,269.200
3.472670000,46.907490000,269.200
3.472810000,46.907690000,268.300
3.472930000,46.907860000,267.500
3.473060000,46.908040000,266.700
3.473130000,46.908130000,266.200
3.473210000,46.908250000,265.700
3.473410000,46.908520000,264.800
3.473550000,46.908720000,264.300
3.473590000,46.908780000,264.200
3.473670000,46.908890000,264.000
3.473710000,46.908940000,263.900
3.473780000,46.909020000,263.800
3.473940000,46.909190000,263.400
3.474110000,46.909350000,263.300
3.474300000,46.909530000,263.500
3.474310000,46.909540000,263.500
3.474630000,46.909820000,263.300
3.474820000,46.910000000,263.100
3.474930000,46.910110000,262.100
3.475090000,46.910250000,260.800
3.475140000,46.910310000,260.400
3.475240000,46.910400000,259.600
3.475360000,46.910510000,258.700
3.475390000,46.910540000,258.500
3.475590000,46.910730000,257.200
3.475760000,46.910900000,256.000
3.475910000,46.911030000,254.900
3.476080000,46.911200000,254.000
3.476240000,46.911360000,253.500
3.476300000,46.911430000,253.500
3.476430000,46.911550000,253.500
3.476480000,46.911600000,253.600
3.476590000,46.911730000,254.000
3.476760000,46.911900000,254.600
3.476930000,46.912050000,255.100
3.476960000,46.912080000,255.200
3.477120000,46.912230000,255.700
3.477160000,46.912260000,255.800
3.477290000,46.912360000,256.300
3.477400000,46.912450000,256.700
3.477470000,46.912490000,256.900
3.477670000,46.912610000,255.900
3.477700000,46.912630000,255.700
3.478000000,46.912840000,253.500
3.478050000,46.912860000,253.200
3.478370000,46.913070000,251.000
3.478660000,46.913250000,250.300
3.478740000,46.913290000,250.200
3.478860000,46.913370000,250.000
3.479040000,46.913480000,249.700
3.479060000,46.913490000,249.700
3.479260000,46.913600000,249.700
3.479320000,46.913640000,249.700
3.479450000,46.913730000,249.500
3.479590000,46.913820000,249.200
3.479840000,46.913970000,248.600
3.479940000,46.914020000,248.300
3.480040000,46.914080000,247.800
3.480170000,46.914160000,247.100
3.480230000,46.914210000,246.700
3.480490000,46.914380000,245.600
3.480560000,46.914420000,245.400
3.480860000,46.914600000,244.300
3.481080000,46.914730000,243.000
3.481190000,46.914800000,242.300
3.481530000,46.915000000,240.300
3.481680000,46.915090000,240.000
3.481750000,46.915140000,240.200
3.481940000,46.915260000,240.600
3.482080000,46.915350000,240.800
3.482250000,46.915460000,241.000
3.482390000,46.915580000,241.100
3.482450000,46.915620000,241.200
3.482520000,46.915670000,241.200
3.482700000,46.915840000,241.200
3.482730000,46.915880000,241.200
3.482890000,46.916020000,241.000
3.482940000,46.916070000,240.900
3.483200000,46.916320000,240.300
3.483350000,46.916460000,239.700
3.483410000,46.916510000,239.600
3.483510000,46.916600000,239.400
3.483660000,46.916750000,238.800
3.483920000,46.916980000,237.400
3.484210000,46.917260000,235.700
3.484260000,46.917340000,235.100
3.484390000,46.917450000,234.300
3.484530000,46.917620000,233.800
3.484600000,46.917720000,233.600
3.484690000,46.917910000,233.200
3.484710000,46.917940000,233.100
3.484750000,46.918080000,232.800
3.484780000,46.918180000,232.600
3.484810000,46.918260000,232.400
3.484860000,46.918410000,231.500
3.484870000,46.918430000,231.300
3.484930000,46.918610000,229.700
3.484960000,46.918680000,229.100
3.485000000,46.918780000,228.200
3.485040000,46.918870000,227.600
3.485080000,46.918950000,227.000
3.485150000,46.919080000,226.100
3.485180000,46.919120000,225.800
3.485240000,46.919210000,225.200
3.485340000,46.919330000,224.600
3.485440000,46.919430000,224.000
3.485580000,46.919560000,223.200
3.485630000,46.919600000,223.000
3.485790000,46.919750000,222.000
3.485980000,46.919920000,220.100
3.486020000,46.919960000,219.600
3.486080000,46.920010000,219.000
3.486180000,46.920100000,218.000
3.486230000,46.920150000,217.500
3.486420000,46.920330000,215.700
3.486490000,46.920390000,215.100
3.486630000,46.920520000,214.000
3.486650000,46.920540000,213.800
3.486800000,46.920680000,212.400
3.486950000,46.920830000,211.000
3.486990000,46.920860000,210.800
3.487110000,46.920980000,210.300
3.487170000,46.921030000,210.100
3.487270000,46.921120000,209.900
3.487340000,46.921180000,209.800
3.487420000,46.921260000,209.700
3.487470000,46.921310000,209.600
3.487610000,46.921440000,209.700
3.487730000,46.921550000,210.200
3.487880000,46.921690000,210.900
3.487920000,46.921730000,211.000
3.487970000,46.921780000,211.300
3.488080000,46.921890000,211.800
3.488200000,46.922010000,212.400
3.488320000,46.922170000,213.600
3.488420000,46.922330000,214.900
3.488500000,46.922500000,216.200
3.488550000,46.922640000,216.600
3.488600000,46.922780000,217.000
3.488620000,46.922870000,217.200
3.488650000,46.923030000,217.600
3.488660000,46.923050000,217.600
3.488700000,46.923210000,217.900
3.488700000,46.923220000,217.900
3.488750000,46.923370000,218.000
3.488760000,46.923400000,217.900
3.488810000,46.923510000,217.700
3.488850000,46.923570000,217.500
3.488880000,46.923620000,217.500
3.488950000,46.923730000,217.300
3.488970000,46.923760000,217.200
3.489080000,46.923890000,217.100
3.489140000,46.923960000,217.000
3.489220000,46.924040000,216.900
3.489390000,46.924200000,216.400
3.489590000,46.924380000,215.700
3.489740000,46.924520000,215.200
3.489900000,46.924670000,214.600
3.490080000,46.924840000,214.100
3.490210000,46.924950000,213.800
3.490330000,46.925070000,213.600
3.490600000,46.925320000,213.600
3.490860000,46.925560000,213.700
3.491140000,46.925810000,214.000
3.491150000,46.925820000,214.000
3.491300000,46.925970000,213.700
3.491400000,46.926070000,213.500
3.491450000,46.926110000,213.400
3.491610000,46.926260000,213.000
3.491720000,46.926370000,212.600
3.491770000,46.926400000,212.400
3.492000000,46.926620000,211.700
3.492240000,46.926840000,211.400
3.492270000,46.926870000,211.400
3.492440000,46.927020000,211.400
3.492440000,46.927020000,211.400
3.492550000,46.927120000,211.500
3.492730000,46.927300000,211.600
3.492810000,46.927370000,211.500
3.492840000,46.927400000,211.500
3.493060000,46.927610000,211.300
3.493310000,46.927840000,211.000
3.493540000,46.928050000,210.900
3.493740000,46.928240000,210.900
3.493770000,46.928270000,211.000
3.493930000,46.928420000,211.100
3.494080000,46.928560000,211.300
3.494110000,46.928590000,211.300
3.494280000,46.928760000,211.600
3.494480000,46.928940000,211.800
3.494700000,46.929150000,212.000
3.494730000,46.929170000,212.000
3.494890000,46.929310000,212.500
3.494990000,46.929410000,212.900
3.495280000,46.929680000,214.900
3.495510000,46.929890000,216.400
3.495530000,46.929910000,216.600
3.495660000,46.930040000,217.500
3.495720000,46.930100000,217.800
3.495970000,46.930330000,219.500
3.496130000,46.930480000,220.800
3.496260000,46.930600000,222.100
3.496290000,46.930620000,222.400
3.496450000,46.930760000,224.100
3.496480000,46.930800000,224.500
3.496600000,46.930910000,225.900
3.496610000,46.930920000,226.000
3.496700000,46.931000000,227.100
3.496750000,46.931060000,227.800
3.496790000,46.931090000,228.400
3.496840000,46.931140000,229.100
3.496890000,46.931210000,229.900
3.496970000,46.931310000,231.300
3.497000000,46.931370000,231.900
3.497020000,46.931390000,232.200
3.497060000,46.931530000,233.400
3.497080000,46.931660000,234.400
3.497080000,46.931740000,234.900
3.497070000,46.931870000,235.600
3.497070000,46.931920000,235.900
3.497050000,46.932110000,236.800
3.497010000,46.932430000,238.300
3.496960000,46.932780000,240.400
3.496930000,46.933160000,243.200
3.496890000,46.933480000,244.900
3.496870000,46.933570000,245.100
3.496860000,46.933720000,245.700
3.496840000,46.933860000,246.200
3.496820000,46.933970000,246.600
3.496810000,46.934160000,247.300
3.496810000,46.934310000,247.500
3.496820000,46.934390000,247.700
3.496830000,46.934460000,247.800
3.496860000,46.934600000,248.100
3.496920000,46.934790000,248.600
3.496970000,46.934980000,249.100
3.497000000,46.935080000,249.200
3.497010000,46.935140000,249.200
3.497040000,46.935220000,249.300
3.497110000,46.935420000,249.300
3.497170000,46.935620000,249.200
3.497250000,46.935860000,249.000
3.497270000,46.935920000,249.000
3.497320000,46.936100000,248.900
3.497380000,46.936270000,248.700
3.497420000,46.936420000,248.500
3.497430000,46.936450000,248.400
3.497480000,46.936630000,248.100
3.497560000,46.936910000,247.700
3.497680000,46.937330000,246.800
3.497700000,46.937410000,246.600
3.497790000,46.937690000,245.200
3.497790000,46.937700000,245.100
3.497870000,46.937940000,243.700
3.497890000,46.938000000,243.400
3.497900000,46.938010000,243.300
3.497930000,46.938110000,242.700
3.497970000,46.938250000,242.000
3.497980000,46.938290000,241.800
3.498000000,46.938360000,241.500
3.498020000,46.938420000,241.300
3.498040000,46.938460000,241.000
3.498050000,46.938510000,240.900
3.498080000,46.938590000,240.500
3.498100000,46.938620000,240.300
3.498150000,46.938750000,239.800
3.498180000,46.938800000,239.500
3.498260000,46.938970000,238.800
3.498350000,46.939140000,238.000
3.498390000,46.939210000,237.800
3.498420000,46.939270000,237.600
3.498520000,46.939450000,237.000
3.498620000,46.939620000,236.200
3.498650000,46.939680000,235.900
3.498710000,46.939780000,235.300
3.498730000,46.939810000,235.100
3.498790000,46.939930000,234.300
3.498800000,46.939940000,234.200
3.498820000,46.939980000,234.000
3.498890000,46.940100000,233.200
3.498910000,46.940140000,233.000
3.498950000,46.940200000,232.600
3.498980000,46.940270000,232.300
3.499000000,46.940310000,232.100
3.499070000,46.940440000,231.300
3.499090000,46.940470000,231.100
3.499180000,46.940650000,230.200
3.499190000,46.940670000,230.100
3.499280000,46.940820000,229.500
3.499290000,46.940840000,229.400
3.499360000,46.940980000,229.300
3.499370000,46.940990000,229.300
3.499430000,46.941110000,229.200
3.499450000,46.941160000,229.200
3.499460000,46.941220000,229.200
3.499470000,46.941340000,229.400
3.499470000,46.941520000,229.700
3.499470000,46.941540000,229.700
3.499450000,46.941700000,230.100
3.499440000,46.941770000,230.300
3.499430000,46.941830000,230.600
3.499420000,46.941880000,230.800
3.499410000,46.941950000,231.000
3.499400000,46.942050000,231.400
3.499390000,46.942080000,231.600
3.499390000,46.942150000,231.800
3.499390000,46.942220000,232.000
3.499390000,46.942230000,232.000
3.499400000,46.942360000,232.400
3.499410000,46.942430000,232.600
3.499430000,46.942480000,232.700
3.499480000,46.942590000,233.100
3.499490000,46.942600000,233.100
3.499570000,46.942710000,233.300
3.499610000,46.942750000,233.400
3.499660000,46.942790000,233.300
3.499720000,46.942850000,233.300
3.499850000,46.942950000,233.100
3.499850000,46.942960000,233.100
3.499890000,46.942990000,233.000
3.499930000,46.943020000,232.900
3.499990000,46.943090000,232.900
3.500030000,46.943140000,232.800
3.500140000,46.943250000,232.300
3.500160000,46.943280000,232.200
3.500170000,46.943290000,232.200
3.500270000,46.943420000,231.500
3.500380000,46.943560000,230.600
3.500500000,46.943730000,229.700
3.500510000,46.943760000,229.600
3.500520000,46.943770000,229.500
3.500540000,46.943800000,229.400
3.500570000,46.943860000,229.200
3.500590000,46.943940000,229.100
3.500600000,46.943970000,229.000
3.500630000,46.944110000,228.900
3.500630000,46.944120000,228.900
3.500630000,46.944210000,228.900
3.500630000,46.944290000,228.900
3.500630000,46.944500000,228.900
3.500630000,46.944700000,228.800
3.500630000,46.944790000,228.800
3.500630000,46.944870000,228.800
3.500640000,46.945050000,228.700
3.500660000,46.945230000,228.800
3.500680000,46.945320000,228.800
3.500700000,46.945390000,228.800
3.500730000,46.945480000,228.800
3.500740000,46.945510000,228.800
3.500750000,46.945540000,228.800
3.500760000,46.945550000,228.800
3.500840000,46.945720000,228.900
3.500910000,46.945880000,229.100
3.500960000,46.946000000,229.400
3.501000000,46.946130000,229.700
3.501020000,46.946230000,229.900
3.501020000,46.946240000,229.900
3.501020000,46.946360000,230.200
3.501020000,46.946380000,230.300
3.501010000,46.946410000,230.400
3.501000000,46.946500000,230.700
3.500980000,46.946590000,231.100
3.500950000,46.946690000,231.300
3.500880000,46.946950000,229.800
3.500810000,46.947250000,227.800
3.500800000,46.947270000,227.700
3.500790000,46.947300000,227.500
3.500760000,46.947440000,226.700
3.500740000,46.947500000,226.300
3.500720000,46.947620000,226.200
3.500710000,46.947620000,226.300
3.500710000,46.947650000,226.200
3.500680000,46.947790000,226.100
3.500670000,46.947800000,226.200
3.500670000,46.947830000,226.100
3.500640000,46.947960000,226.000
3.500640000,46.947980000,226.000
3.500630000,46.948110000,225.800
3.500620000,46.948270000,225.600
3.500630000,46.948340000,225.500
3.500630000,46.948370000,225.700
3.500640000,46.948450000,226.200
3.500650000,46.948520000,226.600
3.500660000,46.948550000,226.700
3.500680000,46.948680000,227.400
3.500740000,46.948870000,228.200
3.500740000,46.948890000,228.300
3.500800000,46.949030000,228.600
3.500800000,46.949050000,228.700
3.500890000,46.949220000,229.100
3.500900000,46.949230000,229.200
3.500910000,46.949250000,229.300
3.500970000,46.949390000,230.000
3.500990000,46.949420000,230.000
3.501020000,46.949490000,230.300
3.501060000,46.949560000,230.400
3.501180000,46.949780000,230.600
3.501380000,46.950150000,229.800
3.501550000,46.950540000,228.700
3.501690000,46.950820000,227.900
3.501830000,46.951120000,228.400
3.501860000,46.951170000,228.400
3.501940000,46.951330000,228.600
3.502050000,46.951570000,228.900
3.502200000,46.951860000,228.800
3.502320000,46.952110000,228.600
3.502400000,46.952280000,228.400
3.502420000,46.952310000,228.300
3.502430000,46.952330000,228.300
3.502550000,46.952590000,227.800
3.502580000,46.952670000,227.600
3.502660000,46.952810000,227.100
3.502730000,46.952980000,226.600
3.502760000,46.953060000,226.300
3.502830000,46.953230000,225.600
3.502960000,46.953520000,224.600
3.502970000,46.953560000,224.600
3.503090000,46.953820000,223.500
3.503130000,46.953900000,223.100
3.503140000,46.953920000,223.000
3.503490000,46.954760000,221.800
3.503500000,46.954780000,221.800
3.503530000,46.954850000,221.700
3.503570000,46.954960000,221.600
3.503860000,46.955650000,217.100
3.504060000,46.956140000,216.700
3.504110000,46.956250000,216.600
3.504140000,46.956310000,216.600
3.504160000,46.956350000,216.500
3.504200000,46.956420000,216.500
3.504220000,46.956450000,216.500
3.504260000,46.956500000,216.400
3.504390000,46.956580000,216.400
3.504450000,46.956620000,216.500
3.504520000,46.956650000,216.500
3.504640000,46.956700000,216.700
3.504750000,46.956730000,216.800
3.504890000,46.956780000,217.000
3.505010000,46.956820000,217.100
3.505140000,46.956860000,217.500
3.505290000,46.956920000,218.000
3.505420000,46.956980000,218.400
3.505460000,46.957000000,218.500
3.505500000,46.957020000,218.600
3.505550000,46.957050000,218.800
3.505570000,46.957060000,218.900
3.505680000,46.957140000,219.300
3.505720000,46.957180000,219.500
3.505760000,46.957240000,219.800
3.505820000,46.957330000,220.200
3.505920000,46.957500000,220.900
3.506000000,46.957620000,221.200
3.506160000,46.957870000,221.800
3.506270000,46.958040000,222.100
3.506340000,46.958170000,222.300
3.506380000,46.958230000,222.400
3.506430000,46.958330000,222.600
3.506460000,46.958450000,222.900
3.506490000,46.958560000,223.200
3.506500000,46.958720000,223.700
3.506500000,46.958870000,224.200
3.506480000,46.959000000,224.700
3.506420000,46.959160000,225.300
3.506370000,46.959260000,225.500
3.506340000,46.959300000,225.600
3.506320000,46.959340000,225.700
3.506260000,46.959430000,226.000
3.506210000,46.959510000,226.200
3.506090000,46.959690000,227.000
3.506010000,46.959830000,227.700
3.505960000,46.959910000,228.100
3.505930000,46.959990000,228.500
3.505890000,46.960090000,229.100
3.505860000,46.960180000,229.500
3.505840000,46.960350000,230.200
3.505820000,46.960530000,231.000
3.505820000,46.960690000,231.500
3.505830000,46.960720000,231.600
3.505850000,46.960880000,231.900
3.505860000,46.960900000,231.900
3.505890000,46.961020000,231.800
3.505910000,46.961080000,231.700
3.505920000,46.961130000,231.700
3.505950000,46.961190000,231.600
3.506070000,46.961440000,231.300
3.506220000,46.961730000,231.300
3.506320000,46.961930000,231.800
3.506370000,46.962010000,232.100
3.506550000,46.962370000,233.400
3.506720000,46.962690000,234.500
3.506900000,46.963050000,235.500
3.507050000,46.963340000,236.600
3.507190000,46.963610000,237.400
3.507360000,46.963940000,238.400
3.507370000,46.963970000,238.400
3.507460000,46.964130000,238.900
3.507530000,46.964280000,238.900
3.507550000,46.964300000,238.900
3.507640000,46.964470000,238.600
3.507650000,46.964480000,238.600
3.507790000,46.964740000,238.100
3.507900000,46.964970000,237.600
3.508020000,46.965190000,236.800
3.508040000,46.965230000,236.700
3.508130000,46.965400000,236.100
3.508200000,46.965550000,235.700
3.508300000,46.965730000,235.200
3.508420000,46.965970000,234.900
3.508560000,46.966220000,234.800
3.508670000,46.966420000,234.600
3.508770000,46.966630000,234.400
3.508880000,46.966860000,234.300
3.508970000,46.967080000,234.200
3.509100000,46.967360000,234.100
3.509200000,46.967640000,233.600
3.509290000,46.967880000,232.900
3.509360000,46.968090000,232.500
3.509420000,46.968290000,232.100
3.509430000,46.968320000,232.100
3.509480000,46.968500000,231.900
3.509490000,46.968560000,231.900
3.509520000,46.968670000,231.900
3.509560000,46.968810000,231.900
3.509570000,46.968850000,231.800
3.509620000,46.969030000,231.800
3.509630000,46.969080000,231.800
3.509710000,46.969380000,232.000
3.509780000,46.969680000,232.300
3.509840000,46.969910000,232.400
3.509920000,46.970220000,232.600
3.509990000,46.970510000,232.600
3.510060000,46.970740000,232.700
3.510070000,46.970790000,232.800
3.510100000,46.970920000,232.900
3.510130000,46.971040000,232.900
3.510190000,46.971280000,233.100
3.510190000,46.971290000,233.100
3.510260000,46.971560000,233.200
3.510330000,46.971820000,233.700
3.510380000,46.972040000,234.200
3.510430000,46.972240000,234.700
3.510490000,46.972480000,235.200
3.510530000,46.972660000,235.400
3.510570000,46.972820000,235.500
3.510610000,46.973000000,235.600
3.510660000,46.973160000,235.600
3.510710000,46.973320000,235.600
3.510780000,46.973610000,235.600
3.510850000,46.973880000,235.600
3.510850000,46.973900000,235.600
3.510900000,46.974090000,235.700
3.510950000,46.974280000,235.800
3.511000000,46.974510000,236.100
3.511060000,46.974710000,236.300
3.511110000,46.974900000,236.500
3.511140000,46.975020000,236.500
3.511170000,46.975160000,236.500
3.511210000,46.975330000,236.400
3.511270000,46.975530000,236.200
3.511310000,46.975710000,236.100
3.511390000,46.976010000,236.300
3.511530000,46.976540000,237.800
3.511610000,46.976890000,237.900
3.511610000,46.976900000,237.900
3.511660000,46.977120000,237.500
3.511720000,46.977310000,237.100
3.511740000,46.977420000,236.900
3.511760000,46.977500000,236.800
3.511790000,46.977600000,237.000
3.511810000,46.977690000,237.200
3.511870000,46.977880000,237.500
3.511930000,46.978120000,238.100
3.512050000,46.978560000,239.500
3.512100000,46.978750000,240.200
3.512120000,46.978840000,240.600
3.512150000,46.978930000,240.900
3.512170000,46.979020000,241.200
3.512200000,46.979130000,241.600
3.512250000,46.979330000,241.000
3.512290000,46.979520000,240.200
3.512300000,46.979560000,240.100
3.512310000,46.979610000,239.900
3.512340000,46.979750000,239.300
3.512390000,46.979930000,238.500
3.512450000,46.980160000,237.900
3.512520000,46.980460000,237.500
3.512530000,46.980500000,237.400
3.512580000,46.980680000,237.200
3.512610000,46.980770000,237.100
3.512680000,46.981030000,237.400
3.512700000,46.981100000,237.600
3.512720000,46.981210000,237.800
3.512770000,46.981380000,238.100
3.512780000,46.981450000,238.200
3.512880000,46.981820000,238.800
3.512900000,46.981920000,239.000
3.512950000,46.982090000,239.200
3.512960000,46.982140000,239.300
3.513030000,46.982400000,239.800
3.513040000,46.982450000,239.900
3.513090000,46.982680000,240.700
3.513160000,46.982960000,241.800
3.513230000,46.983190000,242.600
3.513280000,46.983430000,243.400
3.513340000,46.983670000,244.200
3.513420000,46.983960000,245.100
3.513500000,46.984290000,247.200
3.513500000,46.984310000,247.500
3.513540000,46.984490000,249.500
3.513550000,46.984510000,249.800
3.513580000,46.984630000,251.200
3.513590000,46.984700000,252.000
3.513600000,46.984740000,252.500
3.513740000,46.985240000,258.400
3.513760000,46.985360000,259.700
3.513770000,46.985450000,260.600
3.513770000,46.985480000,260.900
3.513780000,46.985660000,262.700
3.513780000,46.985810000,264.200
3.513780000,46.985830000,264.400
3.513770000,46.985990000,264.900
3.513770000,46.986040000,265.000
3.513750000,46.986170000,265.500
3.513740000,46.986220000,265.700
3.513720000,46.986350000,266.200
3.513710000,46.986410000,266.400
3.513670000,46.986570000,267.100
3.513600000,46.986770000,267.400
3.513510000,46.986980000,267.100
3.513390000,46.987220000,266.800
3.513260000,46.987440000,266.200
3.513190000,46.987560000,266.300
3.513160000,46.987610000,266.600
3.513050000,46.987770000,267.700
3.512970000,46.987910000,268.800
3.512840000,46.988100000,270.600
3.512740000,46.988270000,272.300
3.512710000,46.988330000,273.000
3.512640000,46.988440000,273.700
3.512540000,46.988600000,274.800
3.512440000,46.988770000,275.400
3.512420000,46.988800000,275.400
3.512220000,46.989100000,276.100
3.512140000,46.989220000,276.100
3.511890000,46.989640000,275.400
3.511810000,46.989760000,275.200
3.511710000,46.989930000,275.100
3.511620000,46.990060000,275.100
3.511400000,46.990420000,275.200
3.511360000,46.990500000,275.200
3.511300000,46.990590000,275.000
3.511200000,46.990750000,274.700
3.511060000,46.990970000,274.500
3.510990000,46.991080000,274.500
3.510780000,46.991400000,273.700
3.510560000,46.991740000,271.000
3.510380000,46.992030000,267.300
3.510270000,46.992210000,265.400
3.510180000,46.992370000,264.000
3.510170000,46.992380000,263.800
3.510090000,46.992520000,262.700
3.510070000,46.992550000,262.500
3.510020000,46.992640000,262.000
3.509940000,46.992800000,261.500
3.509900000,46.992890000,261.300
3.509880000,46.992970000,261.200
3.509850000,46.993110000,261.100
3.509840000,46.993150000,261.100
3.509810000,46.993300000,261.000
3.509800000,46.993330000,261.000
3.509790000,46.993460000,261.100
3.509780000,46.993680000,261.300
3.509790000,46.993900000,261.500
3.509820000,46.994120000,261.600
3.509830000,46.994220000,261.800
3.509840000,46.994300000,262.100
3.509840000,46.994310000,262.100
3.509850000,46.994400000,262.400
3.509870000,46.994560000,262.900
3.509880000,46.994660000,263.200
3.509910000,46.994880000,263.900
3.509910000,46.994940000,264.100
3.509940000,46.995180000,264.900
3.509940000,46.995200000,264.900
3.509950000,46.995260000,265.100
3.509950000,46.995300000,265.300
3.509960000,46.995380000,265.500
3.509980000,46.995530000,266.000
3.510020000,46.995840000,266.900
3.510050000,46.996100000,268.000
3.510080000,46.996340000,268.900
3.510100000,46.996500000,269.500
3.510120000,46.996690000,270.300
3.510130000,46.996770000,271.000
3.510130000,46.996790000,271.200
3.510140000,46.996870000,271.800
3.510160000,46.996990000,272.800
3.510160000,46.997050000,273.300
3.510190000,46.997230000,274.800
3.510190000,46.997240000,274.900
3.510210000,46.997310000,275.500
3.510220000,46.997400000,276.300
3.510220000,46.997420000,276.500
3.510250000,46.997580000,277.800
3.510260000,46.997660000,278.500
3.510320000,46.997940000,280.800
3.510360000,46.998100000,282.300
3.510400000,46.998240000,283.600
3.510400000,46.998260000,283.800
3.510460000,46.998420000,284.300
3.510500000,46.998520000,284.100
3.510530000,46.998590000,283.900
3.510580000,46.998690000,283.700
3.510610000,46.998750000,283.600
3.510620000,46.998760000,283.600
3.510670000,46.998860000,283.400
3.510770000,46.999060000,283.100
3.510860000,46.999200000,283.100
3.510960000,46.999380000,283.600
3.511040000,46.999490000,283.900
3.511110000,46.999590000,284.200
3.511110000,46.999600000,284.200
3.511200000,46.999710000,284.500
3.511230000,46.999760000,284.600
3.511430000,47.000050000,284.900
3.511560000,47.000230000,284.300
3.511680000,47.000410000,283.600
3.511750000,47.000500000,283.100
3.511900000,47.000700000,282.100
3.511960000,47.000790000,281.600
3.512050000,47.000920000,281.100
3.512070000,47.000950000,280.900
3.512200000,47.001110000,280.200
3.512310000,47.001270000,279.400
3.512570000,47.001630000,277.000
3.512900000,47.002120000,275.000
3.513030000,47.002280000,274.400
3.513140000,47.002420000,273.800
3.513220000,47.002520000,273.400
3.513290000,47.002600000,273.000
3.513350000,47.002670000,272.700
3.513450000,47.002790000,272.200
3.513480000,47.002830000,272.100
3.513630000,47.002980000,271.400
3.513680000,47.003040000,271.100
3.513710000,47.003080000,270.900
3.513720000,47.003090000,270.900
3.513900000,47.003290000,270.000
3.513950000,47.003340000,269.700
3.514180000,47.003590000,267.700
3.514230000,47.003640000,267.400
3.514270000,47.003690000,267.100
3.514310000,47.003730000,266.900
3.514370000,47.003790000,266.600
3.514430000,47.003860000,266.200
3.514510000,47.003940000,265.900
3.514550000,47.003990000,265.700
3.514650000,47.004100000,265.200
3.514700000,47.004140000,265.100
3.514700000,47.004150000,265.100
3.514730000,47.004180000,265.000
3.514960000,47.004430000,264.700
3.515220000,47.004700000,264.500
3.515250000,47.004730000,264.500
3.515370000,47.004850000,264.500
3.515510000,47.005000000,264.600
3.515560000,47.005050000,264.500
3.515590000,47.005090000,264.500
3.515620000,47.005120000,264.400
3.515660000,47.005150000,264.400
3.515740000,47.005240000,264.300
3.515980000,47.005490000,264.000
3.516290000,47.005820000,264.100
3.516520000,47.006060000,263.900
3.516570000,47.006100000,263.800
3.516670000,47.006200000,263.700
3.516810000,47.006340000,263.100
3.516820000,47.006350000,263.100
3.517070000,47.006600000,262.200
3.517320000,47.006860000,261.900
3.517420000,47.006960000,261.900
3.517510000,47.007050000,262.000
3.517550000,47.007100000,262.000
3.517660000,47.007200000,262.100
3.517700000,47.007250000,262.100
3.517790000,47.007330000,262.200
3.517860000,47.007400000,262.300
3.518040000,47.007580000,262.500
3.518150000,47.007690000,262.300
3.518210000,47.007760000,262.200
3.518300000,47.007860000,262.100
3.518350000,47.007910000,262.000
3.518460000,47.008030000,261.600
3.518490000,47.008060000,261.500
3.518620000,47.008210000,261.100
3.518670000,47.008260000,261.100
3.518790000,47.008400000,260.900
3.518810000,47.008420000,260.900
3.518930000,47.008570000,260.600
3.518940000,47.008570000,260.600
3.518960000,47.008600000,260.600
3.519070000,47.008730000,260.500
3.519120000,47.008780000,260.400
3.519210000,47.008880000,260.300
3.519240000,47.008910000,260.300
3.519360000,47.009030000,260.100
3.519380000,47.009050000,260.100
3.519550000,47.009200000,259.900
3.519560000,47.009210000,259.900
3.519680000,47.009320000,259.600
3.519790000,47.009420000,259.400
3.519830000,47.009450000,259.300
3.519990000,47.009600000,259.000
3.520010000,47.009620000,258.900
3.520130000,47.009750000,258.600
3.520250000,47.009910000,258.400
3.520390000,47.010120000,258.300
3.520470000,47.010250000,258.100
3.520510000,47.010320000,258.000
3.520640000,47.010570000,257.600
3.520770000,47.010820000,257.000
3.520910000,47.011060000,256.600
3.521080000,47.011350000,256.000
3.521210000,47.011590000,255.600
3.521240000,47.011660000,255.500
3.521300000,47.011750000,255.400
3.521390000,47.011890000,255.200
3.521390000,47.011900000,255.200
3.521400000,47.011920000,255.200
3.521410000,47.011930000,255.200
3.521490000,47.012090000,255.100
3.521570000,47.012230000,255.000
3.521760000,47.012610000,254.500
3.521910000,47.012920000,253.800
3.522070000,47.013250000,253.100
3.522080000,47.013260000,253.100
3.522090000,47.013280000,253.000
3.522160000,47.013420000,252.700
3.522160000,47.013430000,252.700
3.522170000,47.013450000,252.700
3.522200000,47.013510000,252.600
3.522330000,47.013770000,252.200
3.522350000,47.013790000,252.200
3.522430000,47.013960000,252.000
3.522580000,47.014220000,251.800
3.522610000,47.014270000,251.800
3.522620000,47.014290000,251.700
3.522720000,47.014460000,251.600
3.522740000,47.014500000,251.500
3.522800000,47.014600000,251.500
3.522800000,47.014610000,251.500
3.522820000,47.014640000,251.400
3.522890000,47.014770000,251.400
3.522900000,47.014780000,251.400
3.523030000,47.015040000,251.300
3.523080000,47.015110000,251.200
3.523100000,47.015130000,251.200
3.523140000,47.015220000,251.100
3.523180000,47.015280000,251.100
3.523260000,47.015430000,251.000
3.523270000,47.015450000,251.000
3.523390000,47.015660000,250.900
3.523460000,47.015810000,250.800
3.523510000,47.015900000,250.700
3.523550000,47.015960000,250.500
3.523640000,47.016140000,250.200
3.523750000,47.016340000,249.900
3.523840000,47.016520000,249.700
3.523940000,47.016700000,249.700
3.524010000,47.016820000,249.800
3.524070000,47.016950000,249.800
3.524130000,47.017080000,249.900
3.524200000,47.017210000,249.900
3.524250000,47.017330000,249.800
3.524310000,47.017460000,249.700
3.524360000,47.017590000,249.700
3.524380000,47.017640000,249.700
3.524410000,47.017730000,249.900
3.524420000,47.017820000,250.000
3.524420000,47.017880000,250.100
3.524450000,47.018040000,250.400
3.524470000,47.018270000,250.900
3.524510000,47.018530000,250.800
3.524510000,47.018540000,250.800
3.524520000,47.018670000,250.600
3.524520000,47.018720000,250.500
3.524520000,47.018830000,250.400
3.524520000,47.018900000,250.300
3.524510000,47.019040000,250.200
3.524490000,47.019240000,249.800
3.524480000,47.019490000,249.100
3.524470000,47.019610000,248.700
3.524460000,47.019770000,248.300
3.524460000,47.019790000,248.200
3.524450000,47.019880000,248.000
3.524430000,47.019980000,247.700
3.524400000,47.020100000,247.700
3.524390000,47.020150000,247.700
3.524390000,47.020150000,247.700
3.524350000,47.020200000,247.700
3.524150000,47.020130000,248.000
3.523950000,47.020050000,248.300
3.523730000,47.019980000,248.600
3.523460000,47.019900000,249.000
3.523190000,47.019810000,249.500
3.522920000,47.019730000,250.000
3.522860000,47.019710000,250.100
3.522790000,47.019670000,250.200
3.521830000,47.019400000,252.100
3.520810000,47.019120000,254.100
3.520400000,47.019020000,254.400
3.519850000,47.018870000,254.200
3.519560000,47.018790000,253.800
3.518930000,47.018620000,253.500
3.518680000,47.018560000,253.700
3.518430000,47.018490000,253.900
3.517940000,47.018360000,254.500
3.517890000,47.018350000,254.500
3.517450000,47.018230000,254.800
3.517300000,47.018190000,255.000
3.517210000,47.018160000,255.100
3.516960000,47.018100000,255.500
3.516810000,47.018060000,255.700
3.516720000,47.018030000,255.900
3.515980000,47.017830000,258.500
3.515730000,47.017770000,259.600
3.515330000,47.017660000,262.300
3.515240000,47.017640000,262.900
3.515090000,47.017590000,264.100
3.515060000,47.017590000,264.300
3.515000000,47.017570000,264.700
3.514750000,47.017510000,265.600
3.514500000,47.017450000,266.200
3.514350000,47.017410000,266.600
3.514250000,47.017380000,266.900
3.514100000,47.017350000,267.100
3.513600000,47.017230000,266.900
3.512850000,47.017050000,265.900
3.512600000,47.016990000,265.300
3.512470000,47.016960000,264.900
3.511860000,47.016810000,264.000
3.511360000,47.016700000,262.100
3.511220000,47.016660000,261.300
3.510360000,47.016460000,258.600
3.510110000,47.016400000,258.000
3.509240000,47.016190000,255.800
3.508250000,47.015960000,252.600
3.507850000,47.015860000,252.300
3.507600000,47.015800000,252.200
3.507350000,47.015740000,251.900
3.506760000,47.015600000,250.800
3.506510000,47.015540000,250.200
3.506350000,47.015500000,249.800
3.505760000,47.015360000,248.700
3.505570000,47.015320000,248.800
3.505510000,47.015300000,248.800
3.505090000,47.015200000,248.800
3.504830000,47.015140000,248.900
3.504830000,47.015140000,248.900
3.504090000,47.014970000,249.100
3.504030000,47.014960000,249.200
3.503640000,47.014870000,249.700
3.503490000,47.014830000,249.900
3.503150000,47.014750000,250.200
3.501900000,47.014460000,253.200
3.500410000,47.014100000,256.800
3.498960000,47.013750000,263.000
3.498210000,47.013580000,264.700
3.497980000,47.013520000,265.400
3.497960000,47.013520000,265.500
3.497710000,47.013460000,266.300
3.497460000,47.013400000,267.100
3.497230000,47.013340000,267.300
3.497210000,47.013340000,267.400
3.496730000,47.013230000,267.400
3.495740000,47.012990000,268.300
3.494760000,47.012760000,268.800
3.494500000,47.012700000,268.900
3.494260000,47.012640000,269.100
3.494020000,47.012580000,269.300
3.493070000,47.012360000,269.800
3.491720000,47.012040000,269.300
3.491470000,47.011980000,269.400
3.490970000,47.011860000,270.000
3.490720000,47.011800000,270.400
3.490470000,47.011740000,271.000
3.490220000,47.011680000,271.500
3.489970000,47.011620000,272.000
3.489230000,47.011440000,273.200
3.489190000,47.011430000,273.200
3.489000000,47.011390000,273.400
3.488980000,47.011380000,273.400
3.487260000,47.010980000,273.100
3.487230000,47.010970000,273.100
3.487190000,47.010960000,273.100
3.485010000,47.010450000,274.100
3.484950000,47.010430000,274.100
3.484770000,47.010390000,274.500
3.484740000,47.010380000,274.600
3.484490000,47.010320000,275.100
3.484270000,47.010270000,275.700
3.483270000,47.010030000,277.200
3.483210000,47.010020000,277.300
3.483000000,47.009970000,277.800
3.482750000,47.009910000,278.600
3.481090000,47.009520000,285.900
3.480980000,47.009490000,286.400
3.480840000,47.009470000,287.000
3.480810000,47.009470000,287.000
3.480580000,47.009440000,287.300
3.480480000,47.009440000,287.400
3.480310000,47.009430000,287.600
3.480210000,47.009420000,287.700
3.479180000,47.009480000,287.600
3.478580000,47.009530000,286.200
3.478380000,47.009550000,285.700
3.477590000,47.009620000,285.000
3.475790000,47.009800000,290.600
3.475450000,47.009830000,291.500
3.475240000,47.009850000,292.100
3.475000000,47.009870000,292.700
3.474220000,47.009950000,293.900
3.473700000,47.010010000,293.400
3.473440000,47.010030000,293.100
3.473180000,47.010060000,292.600
3.472920000,47.010080000,292.000
3.472650000,47.010110000,291.300
3.471090000,47.010270000,285.800
3.471040000,47.010270000,285.500
3.470830000,47.010290000,284.700
3.470320000,47.010340000,283.600
3.469690000,47.010400000,282.200
3.469590000,47.010410000,282.000
3.469460000,47.010420000,281.700
3.468830000,47.010480000,281.000
3.468220000,47.010540000,280.800
3.467800000,47.010580000,281.600
3.467390000,47.010620000,282.600
3.467140000,47.010650000,283.900
3.466390000,47.010720000,287.900
3.466080000,47.010750000,289.700
3.465890000,47.010770000,290.800
3.465820000,47.010780000,291.100
3.465490000,47.010810000,291.100
3.465110000,47.010850000,291.000
3.465040000,47.010850000,291.000
3.464370000,47.010920000,287.100
3.464330000,47.010920000,286.800
3.464260000,47.010930000,286.400
3.463990000,47.010950000,284.300
3.463690000,47.010980000,281.800
3.463000000,47.011040000,278.900
3.462690000,47.011070000,278.800
3.462550000,47.011090000,278.700
3.462500000,47.011090000,278.700
3.462430000,47.011100000,278.700
3.461970000,47.011140000,278.900
3.461900000,47.011140000,279.000
3.461710000,47.011170000,279.200
3.461640000,47.011170000,279.200
3.461450000,47.011190000,279.500
3.461380000,47.011200000,279.700
3.461340000,47.011210000,279.700
3.461190000,47.011220000,280.000
3.461170000,47.011220000,280.000
3.461120000,47.011230000,280.100
3.461080000,47.011230000,280.100
3.461050000,47.011230000,280.200
3.460860000,47.011250000,280.500
3.459290000,47.011400000,285.600
3.459100000,47.011420000,286.100
3.459070000,47.011420000,286.200
3.458820000,47.011440000,286.500
3.458250000,47.011500000,287.100
3.457530000,47.011570000,286.400
3.457440000,47.011570000,286.300
3.457370000,47.011580000,286.300
3.457010000,47.011610000,286.200
3.456750000,47.011640000,286.100
3.455180000,47.011790000,285.400
3.454660000,47.011840000,285.400
3.454330000,47.011870000,285.500
3.454210000,47.011890000,285.500
3.454140000,47.011900000,285.300
3.453450000,47.011960000,282.700
3.453070000,47.011990000,281.300
3.452960000,47.012000000,280.900
3.452910000,47.012000000,280.800
3.452890000,47.012000000,280.700
3.452680000,47.012010000,280.000
3.452650000,47.012010000,279.900
3.452520000,47.012000000,279.500
3.452420000,47.011990000,279.400
3.452060000,47.011950000,279.500
3.451980000,47.011940000,279.500
3.451780000,47.011910000,279.500
3.451700000,47.011900000,279.500
3.451640000,47.011890000,279.700
3.451510000,47.011860000,280.500
3.451450000,47.011850000,280.900
3.451400000,47.011830000,281.200
3.451250000,47.011790000,282.200
3.450970000,47.011710000,284.100
3.450720000,47.011640000,285.700
3.450560000,47.011560000,286.600
3.450450000,47.011510000,287.200
3.450290000,47.011430000,288.000
3.450050000,47.011300000,288.900
3.449870000,47.011190000,289.800
3.449680000,47.011040000,290.800
3.449470000,47.010840000,291.800
3.449430000,47.010810000,292.200
3.449320000,47.010690000,293.300
3.449180000,47.010540000,294.600
3.449090000,47.010440000,296.300
3.449050000,47.010380000,297.100
3.448980000,47.010290000,298.400
3.448920000,47.010230000,299.500
3.448910000,47.010210000,299.700
3.448750000,47.010020000,302.500
3.448580000,47.009820000,305.400
3.448510000,47.009740000,306.600
3.448490000,47.009710000,306.900
3.448440000,47.009640000,307.800
3.448150000,47.009260000,312.400
3.448090000,47.009190000,313.200
3.447910000,47.008940000,314.500
3.447810000,47.008810000,315.100
3.447790000,47.008780000,315.200
3.447670000,47.008620000,315.700
3.447530000,47.008430000,316.200
3.447160000,47.007950000,319.400
3.446930000,47.007680000,321.500
3.446800000,47.007550000,322.700
3.446660000,47.007400000,323.700
3.446460000,47.007230000,325.100
3.446450000,47.007220000,325.200
3.446240000,47.007060000,326.200
3.445990000,47.006870000,326.800
3.445840000,47.006770000,326.900
3.445540000,47.006590000,328.600
3.445530000,47.006590000,328.700
3.445410000,47.006520000,329.300
3.445370000,47.006500000,329.600
3.445250000,47.006440000,330.200
3.445210000,47.006420000,330.400
3.445090000,47.006360000,330.900
3.445040000,47.006340000,331.100
3.444530000,47.006120000,333.600
3.444220000,47.006010000,335.100
3.443790000,47.005880000,335.900
3.443390000,47.005780000,337.300
3.443260000,47.005750000,338.000
3.442880000,47.005670000,340.600
3.442660000,47.005640000,342.300
3.442420000,47.005590000,343.700
3.442380000,47.005580000,343.900
3.442220000,47.005550000,344.500
3.442150000,47.005540000,344.800
3.441960000,47.005530000,345.800
3.441890000,47.005510000,346.000
3.441660000,47.005470000,347.000
3.441640000,47.005470000,347.200
3.441060000,47.005360000,352.500
3.440620000,47.005280000,355.500
3.440160000,47.005190000,357.500
3.439740000,47.005110000,359.500
3.439600000,47.005080000,360.300
3.439340000,47.005030000,361.900
3.439150000,47.004990000,363.000
3.438840000,47.004930000,363.600
3.438320000,47.004830000,365.200
3.438290000,47.004820000,365.300
3.438140000,47.004790000,365.900
3.437880000,47.004740000,367.100
3.437790000,47.004720000,367.500
3.437350000,47.004630000,369.000
3.437130000,47.004590000,369.000
3.437030000,47.004570000,369.000
3.436520000,47.004470000,368.300
3.436360000,47.004440000,367.800
3.435850000,47.004350000,365.900
3.435600000,47.004300000,364.600
3.434890000,47.004150000,360.700
3.433590000,47.003870000,354.200
3.433290000,47.003780000,352.000
3.433030000,47.003730000,351.100
3.432750000,47.003680000,349.700
3.432650000,47.003660000,349.100
3.431750000,47.003470000,344.200
3.430890000,47.003310000,339.800
3.430870000,47.003310000,339.800
3.430600000,47.003270000,338.700
3.430470000,47.003250000,338.100
3.430320000,47.003230000,337.300
3.429840000,47.003200000,335.400
3.429700000,47.003190000,334.800
3.429570000,47.003190000,334.400
3.429310000,47.003180000,333.300
3.429040000,47.003180000,332.100
3.428880000,47.003180000,331.200
3.428670000,47.003180000,330.000
3.428520000,47.003190000,329.300
3.428370000,47.003200000,328.700
3.428000000,47.003250000,327.200
3.427710000,47.003300000,326.000
3.427400000,47.003350000,324.300
3.427260000,47.003380000,323.500
3.427130000,47.003410000,322.900
3.427030000,47.003430000,322.300
3.426660000,47.003540000,321.400
3.426530000,47.003570000,321.000
3.426500000,47.003580000,321.000
3.426380000,47.003620000,320.900
3.426260000,47.003660000,320.800
3.426200000,47.003670000,320.500
3.426010000,47.003720000,319.700
3.425920000,47.003750000,319.500
3.425760000,47.003780000,318.400
3.425670000,47.003800000,317.800
3.425510000,47.003830000,316.600
3.425330000,47.003860000,315.100
3.425250000,47.003870000,314.400
3.425030000,47.003900000,312.300
3.424990000,47.003900000,311.800
3.424730000,47.003910000,310.100
3.424580000,47.003910000,309.100
3.424340000,47.003920000,307.500
3.424200000,47.003910000,306.300
3.424070000,47.003900000,305.700
3.423720000,47.003880000,304.600
3.423410000,47.003850000,303.500
3.423340000,47.003840000,303.100
3.422890000,47.003800000,301.200
3.422850000,47.003800000,301.100
3.422250000,47.003740000,297.700
3.422010000,47.003720000,296.200
3.421690000,47.003690000,294.100
3.421400000,47.003660000,292.500
3.421280000,47.003650000,291.900
3.421130000,47.003630000,291.000
3.420830000,47.003610000,289.600
3.420730000,47.003600000,289.300
3.420530000,47.003590000,289.000
3.420200000,47.003560000,288.300
3.420060000,47.003550000,288.100
3.419930000,47.003550000,288.200
3.419800000,47.003540000,288.200
3.419530000,47.003520000,288.200
3.419270000,47.003510000,288.500
3.419250000,47.003510000,288.500
3.419010000,47.003510000,288.400
3.419000000,47.003510000,288.300
3.418740000,47.003530000,287.900
3.418710000,47.003530000,287.800
3.418550000,47.003540000,287.500
3.418480000,47.003550000,287.300
3.418350000,47.003570000,286.900
3.418220000,47.003590000,287.100
3.418080000,47.003610000,287.400
3.417970000,47.003630000,287.500
3.417840000,47.003650000,287.700
3.417580000,47.003690000,288.000
3.417450000,47.003710000,288.200
3.416920000,47.003800000,290.600
3.416690000,47.003840000,291.800
3.416150000,47.003930000,294.800
3.415990000,47.003950000,295.700
3.415380000,47.004060000,296.500
3.415220000,47.004080000,296.400
3.414610000,47.004180000,296.900
3.414290000,47.004240000,297.600
3.414060000,47.004280000,297.500
3.413990000,47.004300000,297.400
3.413330000,47.004440000,295.400
3.413200000,47.004470000,295.300
3.413170000,47.004480000,295.200
3.413150000,47.004480000,295.200
3.412920000,47.004540000,294.900
3.412650000,47.004600000,294.300
3.412490000,47.004640000,293.900
3.412420000,47.004660000,293.400
3.412400000,47.004660000,293.400
3.412210000,47.004710000,292.200
3.412170000,47.004720000,292.000
3.411930000,47.004780000,290.500
3.411920000,47.004780000,290.500
3.411660000,47.004850000,288.800
3.411650000,47.004860000,288.600
3.411300000,47.004940000,286.000
3.411030000,47.005010000,284.000
3.410730000,47.005070000,282.500
3.410680000,47.005080000,282.200
3.410670000,47.005090000,282.200
3.410530000,47.005110000,281.300
3.410430000,47.005130000,280.700
3.410410000,47.005130000,280.500
3.410380000,47.005140000,280.300
3.410040000,47.005190000,278.000
3.409910000,47.005200000,277.300
3.409650000,47.005210000,276.100
3.409410000,47.005230000,275.000
3.408600000,47.005250000,271.700
3.408330000,47.005260000,270.600
3.408070000,47.005260000,270.100
3.408050000,47.005260000,270.100
3.407950000,47.005270000,269.900
3.407800000,47.005270000,269.600
3.407790000,47.005270000,269.600
3.407540000,47.005280000,269.100
3.407010000,47.005290000,267.400
3.406750000,47.005300000,266.600
3.406220000,47.005320000,266.000
3.405960000,47.005330000,265.900
3.405680000,47.005340000,265.500
3.405430000,47.005340000,265.000
3.405170000,47.005350000,264.500
3.404910000,47.005360000,264.000
3.404380000,47.005380000,263.300
3.402540000,47.005430000,261.100
3.402260000,47.005460000,260.500
3.402230000,47.005470000,260.500
3.402060000,47.005510000,260.200
3.402050000,47.005510000,260.100
3.402050000,47.005520000,260.200
3.402040000,47.005530000,260.200
3.402040000,47.005540000,260.200
3.402030000,47.005540000,260.200
3.402030000,47.005550000,260.200
3.402020000,47.005550000,260.200
3.402010000,47.005560000,260.200
3.402000000,47.005570000,260.200
3.401990000,47.005570000,260.100
3.401980000,47.005580000,260.100
3.401970000,47.005580000,260.100
3.401960000,47.005580000,260.100
3.401950000,47.005590000,260.100
3.401940000,47.005590000,260.100
3.401930000,47.005590000,260.000
3.401920000,47.005600000,260.000
3.401910000,47.005600000,260.000
3.401890000,47.005600000,260.000
3.401880000,47.005600000,260.000
3.401870000,47.005600000,259.900
3.401860000,47.005600000,259.900
3.401850000,47.005600000,259.900
3.401830000,47.005600000,259.800
3.401820000,47.005600000,259.800
3.401810000,47.005600000,259.800
3.401800000,47.005590000,259.700
3.401780000,47.005590000,259.700
3.401770000,47.005580000,259.600
3.401750000,47.005580000,259.600
3.401740000,47.005570000,259.500
3.401730000,47.005570000,259.500
3.401720000,47.005560000,259.500
3.401710000,47.005560000,259.400
3.401700000,47.005550000,259.400
3.401690000,47.005550000,259.400
3.401680000,47.005540000,259.300
3.401550000,47.005500000,259.100
3.401430000,47.005490000,259.000
3.401210000,47.005490000,258.900
3.401040000,47.005480000,258.700
3.400820000,47.005480000,258.600
3.399980000,47.005510000,258.000
3.399270000,47.005530000,257.300
3.397790000,47.005570000,258.100
3.396110000,47.005630000,256.800
3.395050000,47.005660000,256.400
3.394530000,47.005680000,256.500
3.394000000,47.005690000,256.700
3.393740000,47.005700000,256.900
3.393470000,47.005710000,257.100
3.393350000,47.005710000,257.100
3.393040000,47.005720000,256.800
3.392820000,47.005730000,256.600
3.392620000,47.005740000,256.500
3.392590000,47.005740000,256.400
3.392450000,47.005740000,256.200
3.392360000,47.005740000,255.900
3.392200000,47.005740000,255.300
3.392020000,47.005730000,254.700
3.391860000,47.005710000,254.000
3.391670000,47.005690000,253.300
3.391620000,47.005680000,253.000
3.391530000,47.005660000,252.300
3.391370000,47.005630000,251.200
3.391240000,47.005610000,250.400
3.391170000,47.005600000,250.000
3.390930000,47.005560000,248.500
3.390780000,47.005540000,247.500
3.390450000,47.005480000,244.800
3.390150000,47.005430000,242.600
3.389890000,47.005390000,241.200
3.389780000,47.005370000,240.900
3.389760000,47.005370000,240.800
3.389640000,47.005350000,240.500
3.389530000,47.005330000,240.200
3.389340000,47.005290000,239.800
3.389260000,47.005280000,239.600
3.389040000,47.005240000,239.400
3.388700000,47.005190000,239.100
3.388490000,47.005150000,239.200
3.387830000,47.005040000,237.400
3.387350000,47.004960000,235.700
3.387110000,47.004920000,234.900
3.387020000,47.004900000,234.700
3.387010000,47.004900000,234.700
3.386950000,47.004890000,234.500
3.385930000,47.004710000,231.900
3.385540000,47.004640000,231.200
3.385350000,47.004610000,230.900
3.385280000,47.004600000,230.800
3.385230000,47.004590000,230.700
3.385160000,47.004580000,230.600
3.384950000,47.004550000,230.400
3.384760000,47.004510000,230.400
3.384700000,47.004510000,230.300
3.384500000,47.004470000,230.300
3.384290000,47.004430000,230.200
3.384240000,47.004420000,230.200
3.383980000,47.004380000,229.400
3.383730000,47.004330000,228.400
3.383630000,47.004320000,227.900
3.383560000,47.004310000,227.500
3.383470000,47.004290000,227.100
3.383440000,47.004290000,226.900
3.383210000,47.004240000,226.000
3.382950000,47.004200000,225.000
3.382930000,47.004200000,224.900
3.382910000,47.004190000,224.900
3.382690000,47.004160000,223.900
3.382680000,47.004160000,223.900
3.382670000,47.004160000,223.800
3.382430000,47.004120000,222.700
3.382160000,47.004070000,221.600
3.381940000,47.004040000,220.700
3.381670000,47.004010000,219.600
3.381380000,47.003990000,219.400
3.381250000,47.003980000,219.400
3.380490000,47.003920000,219.100
3.380220000,47.003900000,219.000
3.379960000,47.003890000,219.000
3.379700000,47.003870000,219.300
3.379440000,47.003850000,219.600
3.379170000,47.003830000,219.800
3.378910000,47.003810000,221.300
3.378650000,47.003790000,222.800
3.378130000,47.003760000,226.500
3.377860000,47.003740000,229.000
3.377600000,47.003720000,231.400
3.377340000,47.003700000,233.100
3.377080000,47.003680000,234.300
3.376810000,47.003670000,235.700
3.376550000,47.003650000,236.600
3.376290000,47.003630000,237.100
3.375500000,47.003570000,237.600
3.375240000,47.003560000,237.300
3.374980000,47.003540000,236.900
3.374190000,47.003480000,234.500
3.373200000,47.003410000,228.300
3.372970000,47.003400000,227.600
3.372940000,47.003400000,227.500
3.372880000,47.003390000,227.300
3.372680000,47.003380000,226.700
3.372450000,47.003360000,226.200
3.372410000,47.003360000,226.200
3.372150000,47.003340000,226.800
3.371930000,47.003330000,227.400
3.371890000,47.003320000,227.500
3.371830000,47.003320000,227.600
3.371630000,47.003310000,228.200
3.371570000,47.003300000,228.400
3.371370000,47.003290000,229.200
3.371140000,47.003270000,230.000
3.371100000,47.003270000,230.100
3.371040000,47.003260000,230.400
3.370840000,47.003250000,231.100
3.370520000,47.003230000,232.300
3.369530000,47.003160000,238.200
3.369470000,47.003160000,238.700
3.369270000,47.003140000,240.400
3.369000000,47.003120000,242.000
3.368780000,47.003110000,242.900
3.368740000,47.003110000,243.000
3.368710000,47.003100000,243.200
3.368640000,47.003100000,243.500
3.368220000,47.003070000,244.900
3.367950000,47.003050000,245.300
3.367430000,47.003020000,245.900
3.366850000,47.002980000,244.900
3.366590000,47.002960000,244.500
3.366060000,47.002920000,243.800
3.366000000,47.002920000,243.700
3.365940000,47.002920000,243.600
3.365800000,47.002910000,243.500
3.364750000,47.002840000,242.700
3.364620000,47.002830000,242.500
3.364560000,47.002830000,242.500
3.364490000,47.002820000,242.400
3.363700000,47.002770000,240.900
3.363570000,47.002760000,240.600
3.363510000,47.002760000,240.400
3.362910000,47.002720000,238.600
3.362850000,47.002710000,238.400
3.360690000,47.002570000,230.500
3.360670000,47.002570000,230.400
3.360630000,47.002570000,230.200
3.360550000,47.002560000,229.700
3.360420000,47.002560000,229.100
3.360210000,47.002560000,228.000
3.360080000,47.002570000,227.400
3.359910000,47.002600000,226.800
3.359760000,47.002610000,226.300
3.359690000,47.002620000,226.100
3.359250000,47.002680000,224.800
3.358800000,47.002730000,222.700
3.358730000,47.002740000,222.300
3.358610000,47.002760000,221.700
3.358540000,47.002770000,221.300
3.358470000,47.002780000,221.000
3.358340000,47.002790000,220.300
3.357690000,47.002870000,218.900
3.356840000,47.002980000,216.500
3.356330000,47.003050000,215.600
3.355580000,47.003140000,215.800
3.355420000,47.003160000,216.400
3.354910000,47.003230000,218.300
3.354000000,47.003350000,222.400
3.353490000,47.003420000,223.500
3.353230000,47.003460000,224.200
3.352960000,47.003490000,225.100
3.352960000,47.003490000,225.100
3.353000000,47.003660000,224.700
3.353000000,47.003670000,224.600
3.353040000,47.003850000,224.200
3.353070000,47.003960000,224.000
3.353140000,47.004290000,223.100
3.353150000,47.004420000,222.600
3.353140000,47.004460000,222.500
3.353130000,47.004550000,222.200
3.353080000,47.004660000,222.000
3.353020000,47.004760000,221.900
3.352860000,47.004910000,222.000
3.352820000,47.004940000,222.000
3.352650000,47.005080000,222.200
3.352560000,47.005140000,222.300
3.352470000,47.005210000,222.300
3.352310000,47.005320000,222.400
3.352290000,47.005340000,222.400
3.352100000,47.005460000,222.500
3.352010000,47.005520000,222.500
3.351910000,47.005590000,222.500
3.351800000,47.005680000,222.400
3.351730000,47.005720000,222.400
3.351570000,47.005830000,222.000
3.351540000,47.005850000,222.000
3.351380000,47.005950000,222.000
3.351350000,47.005970000,222.000
3.351190000,47.006090000,222.000
3.351170000,47.006100000,222.100
3.350990000,47.006230000,222.300
3.350930000,47.006280000,222.400
3.350810000,47.006360000,222.700
3.350620000,47.006500000,224.000
3.350380000,47.006670000,226.300
3.350100000,47.006880000,229.000
3.349770000,47.007110000,231.300
3.349720000,47.007150000,231.700
3.349400000,47.007380000,234.100
3.349100000,47.007610000,236.300
3.349000000,47.007670000,236.700
3.348870000,47.007760000,237.200
3.348590000,47.007970000,238.700
3.348450000,47.008060000,239.500
3.348390000,47.008110000,240.000
3.348080000,47.008320000,241.300
3.347950000,47.008410000,241.100
3.347860000,47.008470000,240.900
3.347690000,47.008570000,240.800
3.347440000,47.008710000,240.700
3.347350000,47.008760000,240.600
3.347100000,47.008900000,240.300
3.346940000,47.008990000,240.200
3.346810000,47.009070000,240.100
3.346740000,47.009110000,240.100
3.346500000,47.009240000,239.800
3.346170000,47.009440000,238.800
3.345830000,47.009630000,238.000
3.345520000,47.009790000,237.600
3.345160000,47.009990000,237.300
3.344850000,47.010180000,236.800
3.344670000,47.010290000,236.200
3.344460000,47.010400000,235.600
3.343710000,47.010830000,231.500
3.343590000,47.010900000,231.000
3.343340000,47.011040000,230.300
3.343100000,47.011170000,230.200
3.343100000,47.011180000,230.100
3.343050000,47.011200000,230.200
3.342990000,47.011240000,230.100
3.342900000,47.011290000,230.200
3.342700000,47.011410000,230.200
3.342690000,47.011420000,230.200
3.342650000,47.011440000,230.200
3.342500000,47.011530000,230.300
3.342450000,47.011550000,230.300
3.342390000,47.011590000,230.300
3.342140000,47.011740000,230.300
3.341900000,47.011880000,230.400
3.341850000,47.011910000,230.400
3.341530000,47.012090000,231.100
3.341280000,47.012230000,232.000
3.341020000,47.012380000,232.700
3.340720000,47.012550000,233.200
3.340500000,47.012680000,233.500
3.340260000,47.012820000,233.700
3.339930000,47.013010000,234.100
3.339610000,47.013200000,234.900
3.339490000,47.013270000,235.100
3.339330000,47.013370000,235.400
3.339240000,47.013420000,235.700
3.339190000,47.013450000,235.800
3.339020000,47.013540000,236.100
3.338890000,47.013630000,236.200
3.338810000,47.013670000,236.300
3.338700000,47.013740000,236.400
3.338690000,47.013740000,236.400
3.338560000,47.013820000,236.400
3.338480000,47.013860000,236.500
3.338460000,47.013870000,236.500
3.338360000,47.013920000,236.600
3.338260000,47.013960000,236.700
3.338160000,47.014000000,236.900
3.338110000,47.014010000,237.000
3.338030000,47.014040000,237.200
3.337990000,47.014060000,237.300
3.337850000,47.014100000,237.800
3.337790000,47.014110000,238.000
3.337730000,47.014130000,238.200
3.337610000,47.014150000,238.600
3.337040000,47.014270000,240.800
3.336780000,47.014330000,241.800
3.336540000,47.014380000,242.400
3.336340000,47.014410000,242.700
3.336280000,47.014430000,242.800
3.336110000,47.014460000,243.000
3.335730000,47.014530000,243.500
3.335600000,47.014560000,243.600
3.335470000,47.014580000,243.700
3.335320000,47.014620000,243.900
3.335170000,47.014650000,244.200
3.335100000,47.014670000,244.300
3.335080000,47.014680000,244.400
3.335010000,47.014700000,244.500
3.334930000,47.014720000,244.700
3.334810000,47.014770000,244.900
3.334670000,47.014910000,245.600
3.334630000,47.014980000,245.900
3.334600000,47.015060000,246.100
3.334570000,47.015130000,246.200
3.334520000,47.015240000,246.500
3.334470000,47.015350000,246.800
3.334440000,47.015420000,247.000
3.334410000,47.015470000,247.200
3.334350000,47.015540000,247.500
3.334300000,47.015590000,247.800
3.334220000,47.015650000,248.200
3.334120000,47.015730000,248.700
3.333720000,47.016040000,249.400
3.333610000,47.016070000,249.600
3.333540000,47.016090000,249.700
3.333450000,47.016110000,249.800
3.333380000,47.016130000,249.900
3.333300000,47.016140000,250.100
3.333060000,47.016160000,250.800
3.332830000,47.016200000,251.700
3.332820000,47.016200000,251.700
3.332630000,47.016220000,252.400
3.332480000,47.016250000,253.000
3.332400000,47.016270000,253.300
3.332330000,47.016280000,253.500
3.332280000,47.016300000,253.700
3.332230000,47.016310000,253.800
3.332150000,47.016350000,254.200
3.332120000,47.016370000,254.300
3.332080000,47.016390000,254.500
3.332050000,47.016420000,254.700
3.332010000,47.016460000,255.000
3.332000000,47.016470000,255.100
3.331990000,47.016480000,255.200
3.331980000,47.016500000,255.300
3.331970000,47.016510000,255.400
3.331950000,47.016540000,255.600
3.331900000,47.016610000,256.100
3.331880000,47.016640000,256.300
3.331850000,47.016700000,256.500
3.331760000,47.016840000,256.500
3.331710000,47.016930000,256.500
3.331680000,47.016970000,256.600
3.331560000,47.017110000,256.800
3.331450000,47.017230000,257.100
3.331300000,47.017380000,257.700
3.331240000,47.017420000,258.000
3.331150000,47.017490000,258.500
3.331060000,47.017560000,258.600
3.330990000,47.017600000,258.700
3.330880000,47.017680000,258.900
3.330780000,47.017750000,258.900
3.330680000,47.017800000,258.900
3.330530000,47.017890000,259.000
3.330290000,47.018040000,259.300
3.330050000,47.018190000,260.000
3.329800000,47.018350000,260.400
3.329590000,47.018470000,260.700
3.329460000,47.018550000,260.800
3.329290000,47.018670000,260.900
3.329240000,47.018700000,260.900
3.329130000,47.018770000,261.000
3.328910000,47.018950000,261.100
3.328900000,47.018960000,261.100
3.328750000,47.019090000,261.200
3.328700000,47.019130000,261.200
3.328410000,47.019390000,261.000
3.328200000,47.019560000,260.900
3.328190000,47.019570000,260.900
3.328190000,47.019570000,260.900
3.328090000,47.019650000,260.800
3.327930000,47.019790000,260.700
3.327920000,47.019800000,260.700
3.327760000,47.019930000,260.600
3.327670000,47.020010000,260.600
3.327590000,47.020070000,260.700
3.327440000,47.020200000,260.900
3.327430000,47.020210000,260.900
3.327260000,47.020350000,261.300
3.327250000,47.020360000,261.300
3.327100000,47.020490000,261.700
3.327020000,47.020560000,261.900
3.326840000,47.020710000,262.400
3.326660000,47.020870000,263.000
3.326490000,47.021010000,263.500
3.326330000,47.021140000,264.000
3.326220000,47.021220000,264.300
3.326140000,47.021280000,264.600
3.326090000,47.021340000,264.800
3.326080000,47.021360000,264.900
3.326020000,47.021430000,265.100
3.325920000,47.021550000,265.600
3.325840000,47.021670000,266.000
3.325820000,47.021710000,266.200
3.325780000,47.021780000,266.500
3.325760000,47.021830000,266.700
3.325750000,47.021860000,266.800
3.325740000,47.021880000,266.900
3.325710000,47.021990000,267.300
3.325670000,47.022140000,267.800
3.325660000,47.022190000,268.000
3.325650000,47.022230000,268.100
3.325650000,47.022250000,268.100
3.325620000,47.022400000,268.600
3.325620000,47.022410000,268.600
3.325590000,47.022570000,269.100
3.325590000,47.022590000,269.200
3.325560000,47.022740000,269.800
3.325560000,47.022770000,270.000
3.325520000,47.022970000,270.800
3.325480000,47.023200000,271.800
3.325440000,47.023400000,272.900
3.325440000,47.023440000,273.200
3.325430000,47.023480000,273.500
3.325410000,47.023590000,274.400
3.325370000,47.023740000,275.600
3.325350000,47.023840000,276.400
3.325330000,47.023960000,277.300
3.325310000,47.024040000,278.000
3.325280000,47.024240000,279.300
3.325240000,47.024420000,280.000
3.325220000,47.024560000,280.500
3.325210000,47.024600000,280.700
3.325170000,47.024780000,281.300
3.325160000,47.024810000,281.400
3.325140000,47.024960000,281.900
3.325130000,47.025030000,281.900
3.325110000,47.025130000,281.600
3.325100000,47.025250000,281.200
3.325090000,47.025310000,281.000
3.325060000,47.025430000,280.600
3.325050000,47.025490000,280.400
3.325030000,47.025600000,279.900
3.325000000,47.025770000,279.200
3.324980000,47.025850000,278.800
3.324950000,47.026010000,278.300
3.324940000,47.026030000,278.200
3.324910000,47.026200000,277.500
3.324900000,47.026240000,277.400
3.324880000,47.026380000,276.900
3.324870000,47.026460000,276.600
3.324850000,47.026560000,276.200
3.324840000,47.026630000,275.900
3.324820000,47.026740000,275.500
3.324810000,47.026820000,275.200
3.324790000,47.026920000,274.800
3.324770000,47.027030000,274.400
3.324730000,47.027200000,273.800
3.324720000,47.027280000,273.500
3.324690000,47.027410000,273.100
3.324680000,47.027450000,273.000
3.324660000,47.027580000,273.000
3.324650000,47.027630000,273.100
3.324620000,47.027800000,273.500
3.324620000,47.027810000,273.500
3.324590000,47.027940000,273.800
3.324560000,47.028110000,274.300
3.324550000,47.028170000,274.400
3.324520000,47.028310000,274.800
3.324480000,47.028510000,275.100
3.324450000,47.028720000,275.600
3.324410000,47.028910000,276.100
3.324380000,47.029080000,276.500
3.324350000,47.029240000,277.100
3.324340000,47.029320000,277.500
3.324330000,47.029350000,277.600
3.324290000,47.029580000,278.700
3.324250000,47.029790000,279.700
3.324210000,47.030020000,280.900
3.324190000,47.030150000,281.100
3.324180000,47.030220000,281.200
3.324160000,47.030330000,281.400
3.324130000,47.030450000,281.500
3.324120000,47.030510000,281.600
3.324080000,47.030680000,281.700
3.324050000,47.030850000,281.800
3.324050000,47.030860000,281.800
3.324020000,47.031040000,281.100
3.324020000,47.031060000,281.000
3.323990000,47.031220000,280.400
3.323960000,47.031340000,279.900
3.323960000,47.031400000,279.700
3.323940000,47.031480000,279.400
3.323920000,47.031580000,279.000
3.323900000,47.031680000,278.600
3.323860000,47.031920000,277.900
3.323830000,47.032080000,277.300
3.323790000,47.032290000,276.400
3.323760000,47.032470000,275.700
3.323740000,47.032560000,275.400
3.323720000,47.032690000,275.300
3.323700000,47.032830000,275.200
3.323680000,47.032890000,275.200
3.323640000,47.033110000,275.000
3.323630000,47.033180000,275.000
3.323610000,47.033280000,275.000
3.323600000,47.033360000,275.000
3.323560000,47.033540000,275.300
3.323550000,47.033560000,275.300
3.323530000,47.033720000,275.600
3.323510000,47.033840000,275.900
3.323500000,47.033900000,276.000
3.323460000,47.034090000,276.300
3.323430000,47.034250000,276.400
3.323420000,47.034340000,276.500
3.323400000,47.034430000,276.500
3.323370000,47.034610000,276.600
3.323360000,47.034620000,276.600
3.323320000,47.034850000,276.800
3.323270000,47.035110000,276.800
3.323240000,47.035320000,277.000
3.323230000,47.035350000,277.000
3.323210000,47.035500000,277.100
3.323180000,47.035660000,277.200
3.323140000,47.035860000,277.300
3.323130000,47.035950000,277.200
3.323080000,47.036220000,276.900
3.323030000,47.036440000,276.600
3.323000000,47.036650000,276.400
3.322950000,47.036930000,276.800
3.322910000,47.037090000,277.000
3.322890000,47.037200000,277.200
3.322850000,47.037400000,277.600
3.322810000,47.037660000,278.300
3.322770000,47.037870000,279.000
3.322730000,47.038130000,279.800
3.322690000,47.038310000,280.400
3.322690000,47.038320000,280.400
3.322650000,47.038500000,280.800
3.322620000,47.038690000,281.300
3.322590000,47.038860000,281.600
3.322580000,47.038900000,281.700
3.322540000,47.039090000,282.000
3.322510000,47.039300000,282.700
3.322470000,47.039520000,283.600
3.322430000,47.039720000,284.300
3.322420000,47.039750000,284.400
3.322390000,47.039930000,285.100
3.322380000,47.039990000,285.400
3.322360000,47.040110000,285.600
3.322350000,47.040190000,285.700
3.322330000,47.040290000,285.900
3.322310000,47.040420000,286.100
3.322310000,47.040470000,286.200
3.322270000,47.040650000,286.500
3.322240000,47.040860000,286.500
3.322210000,47.041000000,285.000
3.322200000,47.041060000,284.400
3.322180000,47.041170000,283.400
3.322170000,47.041220000,282.900
3.322130000,47.041410000,281.100
3.322090000,47.041570000,279.800
3.322080000,47.041620000,279.400
3.322030000,47.041740000,278.500
3.322000000,47.041790000,278.100
3.321970000,47.041850000,277.600
3.321880000,47.041990000,276.500
3.321760000,47.042110000,275.600
3.321750000,47.042130000,275.400
3.321610000,47.042260000,274.400
3.321590000,47.042270000,274.300
3.321440000,47.042390000,273.300
3.321410000,47.042410000,273.200
3.321230000,47.042530000,272.100
3.320980000,47.042710000,270.300
3.320720000,47.042870000,268.900
3.320470000,47.043040000,268.100
3.320310000,47.043150000,267.800
3.320180000,47.043230000,267.800
3.320120000,47.043270000,267.800
3.319930000,47.043400000,267.500
3.319740000,47.043530000,266.700
3.319700000,47.043550000,266.600
3.319340000,47.043790000,264.900
3.319070000,47.043980000,263.400
3.318820000,47.044160000,262.600
3.318620000,47.044290000,262.500
3.318560000,47.044330000,262.400
3.318430000,47.044420000,262.100
3.318370000,47.044460000,261.900
3.317980000,47.044720000,258.800
3.317670000,47.044940000,255.800
3.317510000,47.045050000,254.600
3.317440000,47.045100000,254.300
3.317320000,47.045180000,253.800
3.317140000,47.045300000,253.000
3.316960000,47.045420000,252.300
3.316750000,47.045560000,251.600
3.316700000,47.045590000,251.400
3.316490000,47.045730000,250.600
3.316370000,47.045810000,250.100
3.316280000,47.045870000,249.800
3.316060000,47.046020000,249.000
3.315850000,47.046160000,248.100
3.315620000,47.046310000,246.600
3.315620000,47.046320000,246.600
3.315470000,47.046420000,245.600
3.315440000,47.046440000,245.400
3.315360000,47.046500000,244.900
3.315250000,47.046570000,244.200
3.315100000,47.046680000,243.200
3.315070000,47.046700000,243.100
3.314940000,47.046790000,242.800
3.314890000,47.046830000,242.700
3.314840000,47.046880000,242.600
3.314760000,47.046960000,242.600
3.314740000,47.046980000,242.600
3.314670000,47.047060000,242.700
3.314610000,47.047140000,242.800
3.314570000,47.047180000,242.900
3.314480000,47.047290000,243.300
3.314450000,47.047330000,243.500
3.314360000,47.047450000,244.100
3.314310000,47.047520000,244.500
3.314210000,47.047670000,245.100
3.314070000,47.047830000,245.700
3.313970000,47.047980000,246.300
3.313910000,47.048060000,246.700
3.313900000,47.048100000,246.800
3.313880000,47.048120000,246.900
3.313810000,47.048200000,247.400
3.313690000,47.048340000,248.300
3.313670000,47.048360000,248.400
3.313550000,47.048520000,249.300
3.313500000,47.048590000,249.800
3.313310000,47.048830000,251.300
3.313130000,47.049070000,252.500
3.312910000,47.049360000,253.500
3.312880000,47.049390000,253.700
3.312820000,47.049490000,253.900
3.312680000,47.049670000,254.700
3.312530000,47.049860000,255.700
3.312350000,47.050090000,256.400
3.312270000,47.050190000,256.700
3.312220000,47.050260000,256.900
3.312090000,47.050430000,257.500
3.312090000,47.050440000,257.500
3.311910000,47.050670000,258.600
3.311880000,47.050710000,258.800
3.311790000,47.050830000,259.400
3.311730000,47.050900000,259.800
3.311660000,47.050990000,260.200
3.311600000,47.051070000,260.300
3.311540000,47.051150000,260.400
3.311480000,47.051230000,260.600
3.311470000,47.051250000,260.600
3.311420000,47.051310000,260.800
3.311360000,47.051390000,261.000
3.311310000,47.051460000,261.300
3.311180000,47.051630000,262.000
3.311140000,47.051690000,262.300
3.311060000,47.051790000,262.500
3.310960000,47.051930000,262.700
3.310780000,47.052160000,263.000
3.310660000,47.052310000,263.000
3.310570000,47.052430000,263.000
3.310510000,47.052510000,263.000
3.310460000,47.052570000,263.000
3.310450000,47.052590000,263.000
3.310390000,47.052670000,263.000
3.310280000,47.052830000,262.900
3.310270000,47.052840000,262.900
3.310220000,47.052910000,262.800
3.310150000,47.052990000,262.600
3.310100000,47.053070000,262.500
3.310070000,47.053100000,262.400
3.310030000,47.053150000,262.300
3.309910000,47.053310000,261.700
3.309900000,47.053320000,261.700
3.309790000,47.053470000,261.500
3.309770000,47.053490000,261.500
3.309730000,47.053550000,261.500
3.309620000,47.053700000,261.300
3.309550000,47.053790000,261.200
3.309500000,47.053860000,261.100
3.309430000,47.053950000,260.900
3.309340000,47.054060000,260.700
3.309130000,47.054310000,259.600
3.309000000,47.054500000,258.800
3.308990000,47.054510000,258.700
3.308940000,47.054590000,258.400
3.308880000,47.054670000,258.100
3.308870000,47.054680000,258.000
3.308820000,47.054750000,257.800
3.308720000,47.054870000,257.400
3.308690000,47.054900000,257.300
3.308630000,47.054980000,257.100
3.308620000,47.054990000,257.000
3.308560000,47.055060000,257.000
3.308520000,47.055100000,256.900
3.308490000,47.055130000,256.900
3.308410000,47.055210000,256.900
3.308260000,47.055360000,257.500
3.308180000,47.055430000,258.000
3.308110000,47.055500000,258.500
3.308030000,47.055570000,259.000
3.307970000,47.055630000,259.500
3.307950000,47.055650000,259.600
3.307700000,47.055890000,261.500
3.307570000,47.056010000,262.600
3.307400000,47.056170000,263.800
3.307340000,47.056230000,264.200
3.307300000,47.056270000,264.500
3.307220000,47.056350000,265.000
3.307190000,47.056380000,265.200
3.307100000,47.056490000,266.000
3.307060000,47.056540000,266.400
3.307030000,47.056580000,266.700
3.307000000,47.056620000,266.900
3.306950000,47.056700000,267.300
3.306910000,47.056780000,267.500
3.306860000,47.056870000,267.600
3.306840000,47.056910000,267.600
3.306820000,47.056950000,267.700
3.306780000,47.057040000,267.800
3.306760000,47.057090000,267.800
3.306710000,47.057220000,267.900
3.306630000,47.057390000,267.900
3.306540000,47.057580000,267.500
3.306460000,47.057750000,267.300
3.306420000,47.057800000,267.100
3.306320000,47.057970000,266.800
3.306320000,47.058000000,266.800
3.306270000,47.058110000,266.600
3.306170000,47.058320000,266.200
3.306120000,47.058420000,266.000
3.306090000,47.058490000,265.800
3.306050000,47.058580000,265.600
3.306000000,47.058660000,265.300
3.305960000,47.058760000,265.000
3.305890000,47.058890000,264.600
3.305790000,47.059090000,263.900
3.305760000,47.059150000,263.700
3.305690000,47.059260000,263.000
3.305660000,47.059290000,262.700
3.305630000,47.059310000,262.500
3.305450000,47.059390000,261.400
3.305140000,47.059530000,259.400
3.305040000,47.059580000,258.700
3.304820000,47.059690000,257.300
3.304740000,47.059730000,256.800
3.304680000,47.059760000,256.500
3.304530000,47.059830000,255.700
3.304460000,47.059870000,255.300
3.304350000,47.059930000,254.800
3.304290000,47.059960000,254.500
3.304250000,47.059970000,254.300
3.304130000,47.060030000,254.000
3.304040000,47.060080000,253.900
3.303850000,47.060190000,253.800
3.303840000,47.060200000,253.800
3.303620000,47.060300000,253.800
3.303540000,47.060340000,253.900
3.303410000,47.060410000,254.000
3.303280000,47.060470000,254.200
3.303110000,47.060550000,254.700
3.302980000,47.060620000,255.000
3.302920000,47.060650000,255.200
3.302700000,47.060760000,255.700
3.302630000,47.060790000,255.800
3.302450000,47.060880000,256.300
3.302220000,47.060990000,257.400
3.302200000,47.061000000,257.500
3.301950000,47.061120000,258.600
3.301740000,47.061220000,259.300
3.301460000,47.061350000,260.100
3.301330000,47.061410000,260.500
3.301220000,47.061460000,260.800
3.301120000,47.061510000,261.100
3.300940000,47.061590000,261.700
3.300710000,47.061700000,262.600
3.300690000,47.061720000,262.700
3.300670000,47.061730000,262.800
3.300320000,47.061890000,264.800
3.300250000,47.061920000,265.200
3.300080000,47.062000000,266.300
3.300030000,47.062020000,266.600
3.299980000,47.062050000,266.900
3.299920000,47.062070000,267.300
3.299760000,47.062140000,268.200
3.299530000,47.062230000,269.400
3.299470000,47.062250000,269.600
3.299230000,47.062340000,270.600
3.299190000,47.062350000,270.700
3.299150000,47.062370000,270.900
3.299010000,47.062420000,271.100
3.299000000,47.062430000,271.200
3.298920000,47.062460000,271.300
3.298790000,47.062510000,271.400
3.298770000,47.062510000,271.400
3.298680000,47.062540000,271.400
3.298540000,47.062600000,271.200
3.298520000,47.062600000,271.300
3.298450000,47.062630000,271.100
3.298310000,47.062680000,270.900
3.298250000,47.062710000,270.800
3.298070000,47.062770000,270.600
3.298030000,47.062780000,270.600
3.297740000,47.062890000,270.000
3.297630000,47.062930000,269.800
3.297520000,47.062970000,269.600
3.297470000,47.062990000,269.400
3.297300000,47.063060000,268.500
3.297180000,47.063120000,267.800
3.297040000,47.063170000,267.100
3.297020000,47.063180000,267.000
3.296910000,47.063220000,266.400
3.296780000,47.063280000,265.700
3.296590000,47.063360000,264.700
3.296400000,47.063470000,263.600
3.296370000,47.063480000,263.500
3.296140000,47.063600000,262.300
3.295750000,47.063820000,260.700
3.295710000,47.063840000,260.600
3.295550000,47.063930000,260.300
3.295370000,47.064040000,260.000
3.294950000,47.064260000,259.300
3.294560000,47.064490000,258.100
3.294170000,47.064710000,257.400
3.293800000,47.064910000,256.300
3.293710000,47.064960000,256.100
3.293510000,47.065080000,255.500
3.293440000,47.065110000,255.300
3.293310000,47.065190000,254.900
3.293120000,47.065290000,254.300
3.293100000,47.065300000,254.200
3.292900000,47.065420000,253.500
3.292850000,47.065450000,253.300
3.292700000,47.065540000,252.800
3.292500000,47.065640000,252.200
3.292490000,47.065650000,252.100
3.292290000,47.065760000,251.400
3.292120000,47.065860000,250.900
3.292080000,47.065880000,250.900
3.291740000,47.066070000,250.600
3.291470000,47.066220000,250.800
3.291180000,47.066370000,250.900
3.291090000,47.066430000,251.000
3.290960000,47.066500000,251.000
3.290890000,47.066540000,251.100
3.290680000,47.066660000,250.600
3.290660000,47.066670000,250.600
3.290430000,47.066800000,249.400
3.290280000,47.066890000,248.600
3.290090000,47.067000000,247.600
3.290080000,47.067010000,247.500
3.289870000,47.067120000,246.500
3.289740000,47.067190000,245.800
3.289670000,47.067230000,245.500
3.289460000,47.067350000,244.700
3.289390000,47.067390000,244.500
3.289260000,47.067460000,244.200
3.289070000,47.067570000,243.800
3.288850000,47.067690000,243.200
3.288790000,47.067730000,243.100
3.288510000,47.067890000,242.400
3.288450000,47.067920000,242.300
3.288280000,47.068010000,241.800
3.288240000,47.068040000,241.700
3.288070000,47.068130000,241.300
3.288040000,47.068150000,241.200
3.287890000,47.068230000,240.900
3.287690000,47.068330000,240.500
3.287620000,47.068370000,240.200
3.287400000,47.068460000,239.700
3.287290000,47.068500000,239.500
3.287220000,47.068530000,239.400
3.287050000,47.068590000,239.300
3.287000000,47.068600000,239.200
3.286710000,47.068710000,239.400
3.286390000,47.068820000,239.300
3.286120000,47.068920000,239.300
3.286030000,47.068950000,239.300
3.285880000,47.069000000,239.300
3.285730000,47.069060000,239.100
3.285650000,47.069080000,239.000
3.285350000,47.069190000,238.400
3.285030000,47.069300000,238.100
3.284940000,47.069330000,238.000
3.284790000,47.069380000,238.000
3.284710000,47.069420000,238.100
3.284670000,47.069430000,238.000
3.284540000,47.069490000,237.900
3.284440000,47.069530000,237.800
3.284350000,47.069580000,237.600
3.284250000,47.069640000,237.500
3.284180000,47.069690000,237.300
3.284110000,47.069740000,237.200
3.284020000,47.069810000,237.000
3.283930000,47.069890000,236.900
3.283770000,47.070030000,236.700
3.283750000,47.070060000,236.800
3.283420000,47.070350000,236.300
3.283150000,47.070580000,235.600
3.282890000,47.070820000,234.900
3.282810000,47.070890000,234.700
3.282630000,47.071040000,234.400
3.282370000,47.071270000,234.100
3.282160000,47.071460000,233.800
3.282000000,47.071610000,233.500
3.281810000,47.071780000,233.200
3.281680000,47.071900000,233.200
3.281590000,47.071970000,233.200
3.281510000,47.072030000,233.200
3.281480000,47.072060000,233.200
3.281430000,47.072090000,233.200
3.281330000,47.072160000,233.200
3.281290000,47.072180000,233.100
3.281260000,47.072210000,233.100
3.281170000,47.072260000,233.100
3.281090000,47.072300000,233.000
3.281040000,47.072340000,233.000
3.280720000,47.072530000,232.600
3.280460000,47.072690000,231.900
3.280410000,47.072720000,231.800
3.280390000,47.072740000,231.700
3.280160000,47.072880000,231.100
3.280000000,47.072970000,230.700
3.279970000,47.072990000,230.700
3.279880000,47.073050000,230.600
3.279700000,47.073160000,230.400
3.279410000,47.073330000,229.900
3.279280000,47.073410000,229.500
3.279210000,47.073460000,229.300
3.279040000,47.073560000,229.200
3.278820000,47.073700000,229.200
3.278660000,47.073790000,229.300
3.278500000,47.073890000,229.400
3.278350000,47.073990000,229.600
3.278270000,47.073960000,229.600
3.278140000,47.073920000,229.700
3.278100000,47.073910000,229.700
3.277930000,47.073860000,229.700
3.277480000,47.073720000,229.400
3.277060000,47.073590000,229.200
3.276930000,47.073550000,229.000
3.276640000,47.073460000,228.400
3.276430000,47.073420000,228.300
3.276250000,47.073400000,228.300
3.276140000,47.073390000,228.300
3.275960000,47.073390000,228.500
3.275800000,47.073410000,228.900
3.275590000,47.073450000,228.900
3.275360000,47.073510000,229.300
3.275330000,47.073510000,229.300
3.275200000,47.073550000,229.700
3.275120000,47.073570000,229.900
3.275020000,47.073600000,230.200
3.274680000,47.073690000,231.000
3.274340000,47.073770000,231.600
3.274140000,47.073810000,231.900
3.273970000,47.073840000,232.200
3.273870000,47.073860000,232.500
3.273700000,47.073890000,232.800
3.273610000,47.073900000,232.900
3.273580000,47.073910000,233.000
3.273220000,47.073970000,233.100
3.273180000,47.073970000,232.900
3.273090000,47.073990000,232.700
3.273020000,47.074000000,232.400
3.272770000,47.074050000,231.600
3.272560000,47.074090000,230.800
3.272440000,47.074120000,230.300
3.272320000,47.074160000,229.900
3.272160000,47.074210000,230.000
3.272100000,47.074230000,230.100
3.271690000,47.074370000,230.800
3.271540000,47.074420000,231.300
3.271050000,47.074590000,233.000
3.270930000,47.074640000,233.500
3.270860000,47.074660000,233.600
3.270770000,47.074690000,233.700
3.270760000,47.074700000,233.800
3.270700000,47.074720000,233.800
3.270470000,47.074810000,233.900
3.270400000,47.074830000,233.700
3.270350000,47.074850000,233.700
3.270000000,47.074980000,232.800
3.269860000,47.075030000,232.300
3.269540000,47.075140000,231.400
3.269300000,47.075230000,230.700
3.269270000,47.075240000,230.600
3.269100000,47.075300000,230.400
3.268950000,47.075350000,230.400
3.268760000,47.075420000,230.400
3.268700000,47.075440000,230.300
3.268600000,47.075480000,230.100
3.268580000,47.075480000,230.000
3.268430000,47.075550000,229.700
3.268370000,47.075580000,229.600
3.268290000,47.075620000,229.400
3.268150000,47.075710000,229.500
3.268000000,47.075820000,229.500
3.267690000,47.076060000,230.400
3.267640000,47.076090000,230.300
3.267540000,47.076160000,230.300
3.267410000,47.076250000,230.100
3.267250000,47.076360000,229.500
3.267100000,47.076450000,228.400
3.266910000,47.076550000,226.400
3.266540000,47.076740000,223.900
3.266250000,47.076880000,225.200
3.266030000,47.076980000,226.100
3.266020000,47.076980000,226.000
3.265830000,47.077060000,226.600
3.265800000,47.077060000,226.600
3.265680000,47.077100000,227.000
3.265560000,47.077140000,227.400
3.265510000,47.077150000,227.400
3.265240000,47.077210000,227.700
3.265060000,47.077240000,227.700
3.264890000,47.077270000,227.400
3.264800000,47.077290000,227.200
3.264610000,47.077330000,226.500
3.264300000,47.077390000,225.200
3.263960000,47.077450000,224.300
3.263790000,47.077490000,224.100
3.263580000,47.077530000,224.200
3.263530000,47.077540000,224.300
3.263190000,47.077610000,224.700
3.262850000,47.077680000,224.800
3.262450000,47.077750000,224.400
3.262310000,47.077780000,224.200
3.262130000,47.077800000,223.700
3.261900000,47.077820000,222.900
3.261410000,47.077830000,221.000
3.261210000,47.077840000,220.400
3.260950000,47.077850000,219.500
3.260810000,47.077860000,219.100
3.260690000,47.077880000,218.900
3.260630000,47.077890000,218.900
3.260440000,47.077930000,218.600
3.260430000,47.077930000,218.600
3.260230000,47.077970000,218.400
3.260040000,47.078010000,218.200
3.259870000,47.078050000,217.800
3.259760000,47.078060000,217.500
3.259580000,47.078090000,217.000
3.259440000,47.078110000,216.500
3.259120000,47.078150000,215.500
3.258800000,47.078160000,215.400
3.258760000,47.078170000,215.400
3.258650000,47.078170000,215.400
3.258530000,47.078170000,215.300
3.258440000,47.078160000,215.300
3.258260000,47.078160000,215.400
3.258110000,47.078140000,215.800
3.257830000,47.078120000,216.400
3.257520000,47.078080000,217.000
3.257390000,47.078060000,217.100
3.257200000,47.078030000,217.000
3.257060000,47.078000000,216.900
3.256800000,47.077950000,216.700
3.256430000,47.077890000,216.500
3.256400000,47.077880000,216.400
3.256170000,47.077840000,216.300
3.255980000,47.077810000,216.200
3.255920000,47.077800000,216.100
3.255510000,47.077720000,216.200
3.255010000,47.077630000,216.600
3.254900000,47.077610000,216.700
3.254500000,47.077540000,216.900
3.254130000,47.077470000,216.900
3.254070000,47.077460000,217.000
3.253630000,47.077370000,217.000
3.253480000,47.077330000,216.900
3.253350000,47.077290000,216.700
3.253200000,47.077230000,216.400
3.253050000,47.077160000,216.000
3.252850000,47.077080000,215.500
3.252590000,47.076990000,214.900
3.252260000,47.076880000,214.300
3.252030000,47.076810000,213.700
3.252000000,47.076800000,213.600
3.251780000,47.076740000,212.900
3.251660000,47.076710000,212.500
3.251100000,47.076540000,210.900
3.251060000,47.076520000,210.700
3.250820000,47.076450000,210.300
3.250660000,47.076410000,210.700
3.250570000,47.076380000,210.900
3.250310000,47.076300000,211.400
3.250090000,47.076230000,211.600
3.249920000,47.076180000,212.000
3.249850000,47.076160000,212.200
3.249610000,47.076090000,213.000
3.249610000,47.076090000,213.000
3.249490000,47.076050000,213.200
3.249370000,47.076010000,213.300
3.249140000,47.075940000,213.600
3.248890000,47.075870000,213.900
3.248780000,47.075840000,214.000
3.248640000,47.075790000,214.200
3.248410000,47.075730000,214.800
3.248400000,47.075720000,214.700
3.248160000,47.075650000,215.400
3.247930000,47.075570000,215.700
3.247320000,47.075390000,216.800
3.246890000,47.075260000,217.700
3.246470000,47.075140000,218.300
3.246430000,47.075120000,218.200
3.246230000,47.075070000,218.400
3.245980000,47.075000000,218.300
3.245880000,47.074970000,218.400
3.245660000,47.074920000,219.100
3.245490000,47.074880000,219.600
3.245450000,47.074870000,219.700
3.245230000,47.074830000,220.600
3.245220000,47.074830000,220.600
3.244970000,47.074800000,221.800
3.244940000,47.074790000,221.800
3.244710000,47.074780000,222.800
3.244440000,47.074770000,224.100
3.244330000,47.074770000,224.700
3.244040000,47.074780000,226.300
3.243880000,47.074780000,227.100
3.243770000,47.074790000,227.800
3.243700000,47.074790000,228.100
3.243510000,47.074820000,229.400
3.243460000,47.074830000,229.700
3.243140000,47.074870000,232.200
3.242920000,47.074910000,234.200
3.242800000,47.074940000,235.400
3.242750000,47.074950000,235.800
3.242570000,47.074990000,237.400
3.242550000,47.075000000,237.600
3.242310000,47.075080000,239.700
3.242140000,47.075130000,241.000
3.241820000,47.075220000,243.200
3.241580000,47.075290000,244.700
3.241430000,47.075340000,245.600
3.241100000,47.075430000,247.500
3.240900000,47.075490000,248.700
3.240850000,47.075510000,249.000
3.240620000,47.075580000,250.200
3.240170000,47.075720000,252.200
3.240130000,47.075730000,252.400
3.240070000,47.075750000,252.600
3.239700000,47.075870000,253.100
3.239690000,47.075870000,253.100
3.239450000,47.075940000,253.200
3.239220000,47.076000000,253.200
3.239200000,47.076000000,253.200
3.238960000,47.076070000,253.800
3.238820000,47.076100000,254.200
3.238710000,47.076140000,254.500
3.238470000,47.076210000,255.100
3.238280000,47.076270000,255.400
3.238230000,47.076290000,255.300
3.237990000,47.076360000,254.900
3.237780000,47.076430000,254.300
3.237760000,47.076440000,254.200
3.237510000,47.076510000,253.400
3.237280000,47.076580000,252.400
3.237270000,47.076580000,252.400
3.237030000,47.076660000,251.300
3.236790000,47.076730000,250.400
3.236670000,47.076770000,249.900
3.236550000,47.076810000,249.800
3.236300000,47.076880000,249.500
3.236060000,47.076940000,249.200
3.235970000,47.076970000,249.000
3.235820000,47.077020000,248.700
3.235600000,47.077080000,248.800
3.235580000,47.077090000,248.800
3.235340000,47.077170000,248.800
3.235030000,47.077260000,248.800
3.234760000,47.077330000,248.300
3.234380000,47.077430000,247.500
3.234100000,47.077500000,247.000
3.233860000,47.077590000,247.200
3.233700000,47.077630000,247.300
3.233380000,47.077730000,247.800
3.233140000,47.077800000,247.800
3.233100000,47.077810000,247.700
3.232890000,47.077870000,247.600
3.232410000,47.078010000,246.800
3.232170000,47.078090000,245.900
3.232080000,47.078120000,245.600
3.231560000,47.078260000,243.600
3.231180000,47.078370000,242.400
3.230950000,47.078440000,241.800
3.230840000,47.078480000,241.600
3.230710000,47.078510000,241.100
3.230420000,47.078590000,240.100
3.229980000,47.078730000,238.400
3.229970000,47.078730000,238.300
3.229740000,47.078800000,237.200
3.229500000,47.078880000,235.900
3.229440000,47.078900000,235.500
3.229260000,47.078950000,234.300
3.229030000,47.079020000,233.600
3.229020000,47.079030000,233.500
3.228780000,47.079100000,233.300
3.228410000,47.079210000,233.000
3.228010000,47.079320000,233.900
3.227550000,47.079460000,234.500
3.227100000,47.079590000,234.000
3.227080000,47.079600000,233.900
3.226850000,47.079680000,233.500
3.226820000,47.079690000,233.500
3.226270000,47.079850000,231.800
3.225820000,47.080000000,230.000
3.225570000,47.080060000,229.400
3.225320000,47.080130000,228.500
3.225140000,47.080180000,227.700
3.225080000,47.080200000,227.400
3.224790000,47.080290000,226.400
3.224600000,47.080350000,225.900
3.224360000,47.080420000,225.200
3.224120000,47.080490000,224.600
3.224030000,47.080520000,224.600
3.223880000,47.080570000,224.700
3.223800000,47.080590000,224.800
3.223640000,47.080650000,224.900
3.223400000,47.080720000,225.300
3.223390000,47.080730000,225.300
3.223160000,47.080800000,225.800
3.222910000,47.080870000,226.500
3.222880000,47.080880000,226.500
3.222670000,47.080940000,227.200
3.222480000,47.080990000,227.900
3.222150000,47.081090000,229.800
3.221940000,47.081150000,230.900
3.221730000,47.081210000,231.800
3.221310000,47.081340000,232.400
3.221220000,47.081370000,232.500
3.220980000,47.081440000,232.700
3.220780000,47.081500000,232.800
3.220730000,47.081510000,232.700
3.220490000,47.081590000,232.300
3.220400000,47.081620000,232.200
3.220250000,47.081660000,232.000
3.220010000,47.081740000,231.900
3.219880000,47.081780000,232.000
3.219770000,47.081810000,232.200
3.219670000,47.081840000,232.400
3.219530000,47.081880000,232.600
3.219500000,47.081890000,232.700
3.218920000,47.082050000,233.500
3.218720000,47.082110000,233.500
3.218500000,47.082170000,233.600
3.217970000,47.082330000,233.300
3.217490000,47.082480000,233.000
3.217440000,47.082500000,233.100
3.216940000,47.082660000,234.200
3.216550000,47.082770000,234.600
3.216410000,47.082810000,234.500
3.215810000,47.082970000,234.500
3.215570000,47.083040000,234.400
3.215330000,47.083110000,234.300
3.215230000,47.083140000,234.200
3.215080000,47.083180000,234.100
3.214590000,47.083330000,234.000
3.214100000,47.083480000,233.700
3.213630000,47.083620000,233.700
3.213570000,47.083640000,233.700
3.213390000,47.083690000,233.700
3.213030000,47.083800000,233.700
3.212520000,47.083950000,233.800
3.212180000,47.084050000,234.600
3.211950000,47.084120000,235.100
3.211700000,47.084200000,235.800
3.211500000,47.084260000,236.400
3.211460000,47.084270000,236.600
3.211020000,47.084410000,237.600
3.210990000,47.084410000,237.700
3.210970000,47.084420000,237.700
3.210490000,47.084570000,237.800
3.210440000,47.084580000,237.800
3.210250000,47.084640000,237.400
3.210240000,47.084640000,237.400
3.209890000,47.084750000,236.800
3.209560000,47.084850000,236.900
3.209520000,47.084860000,237.000
3.209310000,47.084930000,237.100
3.209250000,47.084940000,237.200
3.209180000,47.084960000,237.300
3.209120000,47.084980000,237.300
3.208720000,47.085090000,237.600
3.208610000,47.085120000,237.600
3.208540000,47.085140000,237.500
3.208070000,47.085270000,237.500
3.207490000,47.085460000,236.800
3.207040000,47.085590000,235.100
3.206790000,47.085680000,234.300
3.206460000,47.085770000,233.000
3.206310000,47.085820000,232.200
3.206230000,47.085850000,231.900
3.206070000,47.085900000,231.300
3.206060000,47.085900000,231.300
3.205870000,47.085950000,230.700
3.205600000,47.086030000,230.400
3.205300000,47.086120000,230.200
3.204980000,47.086210000,230.100
3.204960000,47.086220000,230.100
3.204870000,47.086250000,230.100
3.204770000,47.086280000,230.100
3.204600000,47.086330000,230.100
3.204450000,47.086380000,230.100
3.204420000,47.086390000,230.100
3.204170000,47.086460000,230.200
3.204030000,47.086500000,229.700
3.203640000,47.086610000,228.200
3.203310000,47.086700000,227.000
3.202890000,47.086780000,226.500
3.202580000,47.086820000,226.100
3.202510000,47.086830000,226.000
3.202130000,47.086870000,225.900
3.202100000,47.086880000,225.900
3.201730000,47.086920000,225.700
3.201690000,47.086930000,225.700
3.201610000,47.086940000,225.500
3.201470000,47.086970000,225.200
3.201390000,47.086980000,225.000
3.201220000,47.087020000,224.500
3.201050000,47.087050000,224.100
3.200880000,47.087090000,223.600
3.200740000,47.087120000,223.100
3.200720000,47.087120000,223.000
3.200490000,47.087170000,222.200
3.200420000,47.087180000,221.900
3.200150000,47.087230000,220.900
3.200030000,47.087250000,220.400
3.199980000,47.087250000,220.200
3.199720000,47.087290000,218.600
3.199690000,47.087300000,218.400
3.199640000,47.087300000,218.100
3.199290000,47.087340000,215.700
3.198920000,47.087380000,213.500
3.198510000,47.087410000,211.400
3.198390000,47.087420000,210.800
3.198320000,47.087430000,210.400
3.198170000,47.087440000,210.000
3.198130000,47.087440000,209.900
3.198010000,47.087450000,209.500
3.197770000,47.087460000,208.900
3.197640000,47.087480000,208.400
3.197270000,47.087520000,207.800
3.197270000,47.087520000,207.800
3.197190000,47.087400000,208.400
3.197150000,47.087330000,208.700
3.197130000,47.087290000,208.900
3.197080000,47.087220000,209.200
3.197050000,47.087180000,209.300
3.197040000,47.087170000,209.400
3.196920000,47.087010000,209.900
3.196860000,47.086910000,210.300
3.196810000,47.086840000,210.500
3.196810000,47.086840000,210.500
3.196760000,47.086770000,210.700
3.196730000,47.086720000,210.900
3.196610000,47.086540000,211.100
3.196490000,47.086400000,211.000
3.196460000,47.086350000,211.000
3.196370000,47.086240000,211.000
3.196290000,47.086160000,210.900
3.196110000,47.086010000,210.600
3.195910000,47.085860000,210.200
3.195640000,47.085700000,210.500
3.195490000,47.085620000,210.800
3.195250000,47.085460000,211.300
3.194910000,47.085240000,212.000
3.194680000,47.085090000,212.000
3.194510000,47.084990000,211.900
3.194420000,47.084930000,211.800
3.194350000,47.084890000,211.800
3.194350000,47.084890000,211.800
3.194300000,47.084860000,211.700
3.194290000,47.084860000,211.700
3.194090000,47.084780000,211.400
3.193800000,47.084670000,211.200
3.193630000,47.084600000,211.000
3.193410000,47.084510000,210.700
3.193400000,47.084510000,210.700
3.193390000,47.084500000,210.700
3.193070000,47.084370000,210.000
3.192900000,47.084310000,209.400
3.192840000,47.084290000,209.300
3.192800000,47.084280000,209.100
3.192700000,47.084270000,208.800
3.192700000,47.084270000,208.800
3.192680000,47.084040000,208.700
3.192650000,47.083750000,208.700
3.192590000,47.083300000,208.600
3.192580000,47.083220000,208.600
3.192550000,47.082890000,208.800
3.192530000,47.082720000,208.900
3.192520000,47.082640000,208.900
3.192500000,47.082470000,208.900
3.192460000,47.082110000,206.800
3.192460000,47.082100000,206.800
3.192450000,47.081910000,205.800
3.192460000,47.081750000,205.100
3.192470000,47.081700000,204.900
3.192470000,47.081700000,204.900
3.192500000,47.081600000,204.600
3.192510000,47.081580000,204.500
3.192530000,47.081540000,204.300
3.192550000,47.081500000,204.100
3.192570000,47.081470000,204.000
3.192640000,47.081370000,203.600
3.192810000,47.081150000,202.900
3.192830000,47.081130000,202.800
3.192920000,47.081020000,202.500
3.192930000,47.081010000,202.500
3.193040000,47.080860000,202.100
3.193060000,47.080840000,202.100
3.193160000,47.080710000,202.100
3.193330000,47.080480000,202.600
3.193600000,47.080130000,203.900
3.193870000,47.079770000,205.600
3.194130000,47.079430000,207.100
3.194460000,47.079000000,208.000
3.194680000,47.078730000,208.000
3.194730000,47.078660000,207.900
3.194740000,47.078660000,208.000
3.194950000,47.078380000,207.900
3.194970000,47.078360000,207.900
3.195110000,47.078180000,208.000
3.195290000,47.077950000,208.000
3.195440000,47.077730000,207.900
3.195540000,47.077560000,207.800
3.195590000,47.077450000,207.500
3.195630000,47.077360000,207.200
3.195830000,47.076960000,205.700
3.195920000,47.076760000,204.900
3.196060000,47.076450000,204.500
3.196150000,47.076180000,204.300
3.196180000,47.076070000,204.200
3.196280000,47.075600000,203.900
3.196380000,47.075150000,204.000
3.196410000,47.075050000,204.100
3.196440000,47.074920000,204.000
3.196480000,47.074740000,203.700
3.196550000,47.074420000,203.200
3.196710000,47.073730000,201.900
3.196810000,47.073320000,200.800
3.196840000,47.073220000,200.800
3.196860000,47.073140000,200.800
3.196890000,47.073060000,200.700
3.196980000,47.072920000,200.600
3.197070000,47.072810000,200.500
3.197130000,47.072750000,200.400
3.197330000,47.072590000,200.200
3.197750000,47.072280000,199.600
3.197870000,47.072200000,199.400
3.197950000,47.072140000,199.400
3.198120000,47.072010000,199.300
3.198280000,47.071890000,199.200
3.198290000,47.071880000,199.200
3.198600000,47.071650000,199.300
3.198940000,47.071400000,198.800
3.199020000,47.071340000,198.600
3.199090000,47.071280000,198.500
3.199180000,47.071220000,198.400
3.199450000,47.071020000,198.400
3.199540000,47.070950000,198.400
3.199760000,47.070780000,198.100
3.199980000,47.070610000,197.600
3.200540000,47.070180000,197.200
3.201390000,47.069540000,197.700
3.201730000,47.069290000,198.300
3.202190000,47.068950000,198.200
3.202630000,47.068610000,196.800
3.202850000,47.068440000,196.000
3.203010000,47.068320000,195.400
3.203120000,47.068250000,195.600
3.203340000,47.068080000,195.900
3.203440000,47.068000000,196.800
3.203580000,47.067900000,198.000
3.203650000,47.067850000,198.600
3.203660000,47.067840000,198.700
3.203840000,47.067710000,200.200
3.203930000,47.067640000,201.000
3.203940000,47.067640000,201.100
3.203980000,47.067600000,201.300
3.204030000,47.067570000,201.800
3.204100000,47.067510000,202.300
3.204270000,47.067380000,203.000
3.204290000,47.067360000,203.000
3.204300000,47.067350000,203.000
3.204330000,47.067330000,203.200
3.204460000,47.067230000,204.000
3.204520000,47.067180000,204.400
3.204630000,47.067090000,205.100
3.204630000,47.067080000,205.000
3.204740000,47.066980000,205.700
3.204760000,47.066960000,205.800
3.204760000,47.066950000,205.700
3.204770000,47.066940000,205.800
3.204820000,47.066880000,206.000
3.204860000,47.066840000,206.300
3.204860000,47.066830000,206.100
3.204900000,47.066780000,206.300
3.204940000,47.066720000,206.400
3.204950000,47.066700000,206.400
3.205040000,47.066520000,206.600
3.205080000,47.066440000,206.700
3.205130000,47.066340000,206.800
3.205160000,47.066270000,206.900
3.205200000,47.066170000,207.000
3.205210000,47.066110000,206.900
3.205220000,47.066090000,206.900
3.205260000,47.065950000,206.900
3.205260000,47.065920000,206.800
3.205300000,47.065740000,206.500
3.205340000,47.065510000,205.800
3.205350000,47.065380000,205.200
3.205370000,47.065260000,204.900
3.205370000,47.065200000,204.500
3.205370000,47.065030000,203.500
3.205340000,47.064940000,203.100
3.205300000,47.064760000,203.200
3.205280000,47.064640000,203.300
3.205270000,47.064570000,203.400
3.205200000,47.064260000,203.500
3.205120000,47.064060000,203.400
3.205120000,47.064040000,203.500
3.205100000,47.063990000,203.600
3.205060000,47.063880000,203.800
3.205000000,47.063750000,204.000
3.204980000,47.063700000,204.000
3.204890000,47.063530000,203.800
3.204850000,47.063460000,203.600
3.204840000,47.063450000,203.500
3.204730000,47.063200000,203.200
3.204490000,47.062670000,203.300
3.204480000,47.062640000,203.400
3.204450000,47.062570000,203.500
3.204430000,47.062500000,203.800
3.204430000,47.062490000,203.900
3.204410000,47.062410000,203.800
3.204420000,47.062200000,204.400
3.204450000,47.062140000,204.800
3.204470000,47.061950000,205.200
3.204490000,47.061840000,205.500
3.204580000,47.061110000,203.000
3.204590000,47.061060000,202.700
3.204630000,47.060730000,200.900
3.204620000,47.060730000,200.900
3.204610000,47.060730000,200.900
3.204610000,47.060720000,200.900
3.204600000,47.060720000,200.800
3.204590000,47.060720000,200.800
3.204580000,47.060720000,200.800
3.204580000,47.060710000,200.800
3.204570000,47.060710000,200.700
3.204570000,47.060700000,200.700
3.204560000,47.060700000,200.700
3.204560000,47.060690000,200.600
3.204560000,47.060680000,200.600
3.204560000,47.060670000,200.500
3.204560000,47.060660000,200.400
3.204560000,47.060650000,200.400
3.204570000,47.060650000,200.400
3.204570000,47.060640000,200.300
3.204580000,47.060640000,200.300
3.204590000,47.060630000,200.300
3.204600000,47.060630000,200.300
3.204610000,47.060630000,200.300
3.204610000,47.060620000,200.300
3.204620000,47.060620000,200.300
3.204630000,47.060620000,200.300
3.204640000,47.060620000,200.300
3.204660000,47.060500000,199.600
3.204660000,47.060480000,199.500
3.204670000,47.060450000,199.300
3.204690000,47.060300000,198.400
3.204750000,47.059840000,196.600
3.204780000,47.059590000,196.500
3.204800000,47.059440000,196.400
3.204850000,47.059080000,196.100
3.204820000,47.059030000,195.900
3.204920000,47.058800000,195.400
3.205060000,47.058570000,194.900
3.205220000,47.058330000,194.200
3.205390000,47.058160000,193.400
3.205430000,47.058130000,193.300
3.205680000,47.057870000,192.000
3.205760000,47.057780000,191.600
3.206050000,47.057490000,190.000
3.206150000,47.057390000,189.600
3.206350000,47.057190000,189.200
3.206670000,47.056880000,189.300
3.206780000,47.056800000,189.700
3.206840000,47.056740000,189.900
3.206880000,47.056700000,190.000
3.207030000,47.056560000,190.400
3.207080000,47.056500000,190.400
3.207170000,47.056420000,190.500
3.207230000,47.056350000,190.600
3.207310000,47.056270000,190.700
3.207600000,47.055990000,190.800
3.208130000,47.055460000,189.400
3.208190000,47.055400000,189.100
3.208940000,47.054630000,188.400
3.209020000,47.054560000,188.500
3.209460000,47.054110000,188.700
3.209610000,47.053970000,189.100
3.209680000,47.053900000,189.200
3.210050000,47.053520000,190.300
3.210760000,47.052800000,190.600
3.210970000,47.052590000,190.400
3.211490000,47.052040000,190.400
3.211590000,47.051950000,190.400
3.211640000,47.051900000,190.300
3.211690000,47.051840000,190.200
3.211790000,47.051730000,190.300
3.211960000,47.051480000,189.900
3.212210000,47.051120000,189.200
3.212460000,47.050650000,188.300
3.212560000,47.050460000,188.700
3.212770000,47.050070000,189.200
3.212790000,47.050040000,189.200
3.212940000,47.049700000,188.700
3.212970000,47.049590000,188.400
3.213050000,47.049330000,187.700
3.213090000,47.049090000,187.500
3.213160000,47.048660000,189.300
3.213170000,47.048520000,189.800
3.213150000,47.048290000,190.400
3.213130000,47.048150000,190.800
3.213130000,47.048100000,191.000
3.213110000,47.047960000,191.300
3.213090000,47.047860000,191.400
3.213040000,47.047630000,191.700
3.212980000,47.047450000,191.200
3.212770000,47.046830000,188.100
3.212750000,47.046790000,187.900
3.212730000,47.046740000,187.700
3.212650000,47.046640000,187.100
3.212460000,47.046210000,185.900
3.212260000,47.045730000,185.400
3.212170000,47.045500000,185.100
3.212040000,47.045170000,185.000
3.212030000,47.045140000,185.000
3.211920000,47.044860000,184.900
3.211890000,47.044770000,184.900
3.211870000,47.044710000,184.900
3.211770000,47.044350000,184.900
3.211720000,47.044160000,184.900
3.211710000,47.044110000,185.000
3.211710000,47.044090000,185.000
3.211660000,47.043860000,185.400
3.211640000,47.043770000,185.400
3.211640000,47.043720000,185.500
3.211650000,47.043670000,185.600
3.211630000,47.043560000,185.600
3.211590000,47.043100000,185.700
3.211590000,47.042880000,185.700
3.211590000,47.042810000,185.700
3.211590000,47.042700000,185.700
3.211590000,47.042560000,185.600
3.211630000,47.041910000,187.900
3.211690000,47.041120000,191.200
3.211730000,47.040730000,192.100
3.211750000,47.040550000,191.300
3.211760000,47.040470000,190.900
3.211760000,47.040460000,190.900
3.211830000,47.039620000,188.900
3.211860000,47.039290000,189.000
3.211900000,47.038820000,189.600
3.211930000,47.038390000,190.400
3.211940000,47.038320000,190.700
3.211950000,47.038250000,191.100
3.211990000,47.037780000,193.800
3.212020000,47.037500000,195.500
3.212040000,47.037280000,196.100
3.212060000,47.036980000,196.800
3.212090000,47.036700000,197.500
3.212090000,47.036680000,197.600
3.212090000,47.036600000,197.300
3.212110000,47.036380000,196.800
3.212140000,47.036150000,196.300
3.212150000,47.035990000,195.900
3.212160000,47.035940000,195.900
3.212170000,47.035760000,195.400
3.212180000,47.035700000,195.300
3.212200000,47.035400000,194.300
3.212220000,47.035250000,194.000
3.212230000,47.035020000,193.200
3.212240000,47.034890000,193.200
3.212260000,47.034750000,193.300
3.212270000,47.034650000,193.400
3.212300000,47.034220000,193.600
3.212310000,47.034050000,193.700
3.212310000,47.034030000,193.700
3.212320000,47.033810000,193.700
3.212360000,47.033510000,193.900
3.212380000,47.033380000,194.000
3.212400000,47.033040000,194.500
3.212420000,47.032830000,194.700
3.212470000,47.032250000,194.400
3.212480000,47.031930000,193.600
3.212490000,47.031560000,193.100
3.212490000,47.031260000,193.500
3.212490000,47.030860000,194.000
3.212490000,47.030630000,193.800
3.212490000,47.030510000,193.600
3.212500000,47.030080000,193.100
3.212500000,47.029630000,193.000
3.212500000,47.029060000,192.900
3.212500000,47.029010000,192.800
3.212500000,47.028830000,192.600
3.212500000,47.028660000,192.400
3.212500000,47.028170000,191.400
3.212500000,47.028110000,191.200
3.212510000,47.027760000,190.000
3.212510000,47.027320000,189.000
3.212500000,47.026990000,189.000
3.212510000,47.026470000,188.100
3.212510000,47.026450000,188.000
3.212520000,47.026120000,186.500
3.212510000,47.025740000,184.700
3.212490000,47.025610000,184.200
3.212470000,47.025480000,183.600
3.212440000,47.025260000,182.800
3.212400000,47.025020000,182.100
3.212350000,47.024770000,182.300
3.212310000,47.024580000,182.600
3.212300000,47.024540000,182.700
3.212220000,47.024350000,183.000
3.212150000,47.024150000,183.400
3.212090000,47.024020000,183.200
3.212090000,47.024020000,183.200
3.212060000,47.023930000,183.100
3.212150000,47.023910000,182.900
3.212210000,47.023890000,182.800
3.212260000,47.023880000,182.700
3.212310000,47.023880000,182.600
3.212380000,47.023870000,182.500
3.212520000,47.023950000,182.500
3.212660000,47.024040000,182.500
3.212810000,47.024120000,182.500
3.212930000,47.024190000,182.500
3.213010000,47.024240000,182.500
3.213010000,47.024240000,182.500
3.213040000,47.024200000,182.400
3.213080000,47.024160000,182.300
3.213180000,47.024110000,182.000
3.213380000,47.023990000,181.500
3.213550000,47.023890000,181.100
3.213750000,47.023750000,180.700
3.213970000,47.023550000,180.700
3.214080000,47.023450000,180.800
3.214180000,47.023340000,181.000
3.214360000,47.023120000,180.600
3.214600000,47.022840000,180.200
3.214690000,47.022730000,180.100
3.214800000,47.022620000,180.000
3.215010000,47.022450000,180.100
3.215250000,47.022260000,180.500
3.215280000,47.022240000,180.500
3.215610000,47.022000000,180.800
3.215610000,47.021990000,180.800
3.215710000,47.021920000,180.800
3.215790000,47.021860000,180.800
3.215890000,47.021780000,180.800
3.215980000,47.021700000,180.800
3.216150000,47.021560000,180.500
3.216210000,47.021500000,180.300
3.216300000,47.021420000,180.100
3.216380000,47.021360000,180.000
3.216400000,47.021350000,179.900
3.216410000,47.021340000,179.900
3.216460000,47.021310000,179.800
3.216530000,47.021260000,179.700
3.216680000,47.021190000,179.500
3.217010000,47.021070000,180.100
3.217400000,47.020930000,180.900
3.217600000,47.020860000,181.300
3.217700000,47.020820000,181.500
3.217730000,47.020800000,181.500
3.217830000,47.020770000,181.700
3.218010000,47.020700000,182.200
3.218060000,47.020680000,182.300
3.218290000,47.020590000,182.900
3.218390000,47.020560000,183.100
3.218420000,47.020550000,183.100
3.218520000,47.020510000,183.300
3.218680000,47.020450000,183.400
3.218760000,47.020420000,183.500
3.219040000,47.020320000,183.700
3.219060000,47.020310000,183.600
3.219270000,47.020230000,183.900
3.219440000,47.020170000,184.200
3.219680000,47.020080000,184.500
3.219740000,47.020050000,184.600
3.220030000,47.019950000,185.000
3.220270000,47.019860000,185.500
3.220420000,47.019790000,185.800
3.220560000,47.019670000,185.700
3.220580000,47.019650000,185.700
3.220710000,47.019510000,185.400
3.220720000,47.019500000,185.400
3.220800000,47.019390000,185.000
3.220930000,47.019170000,184.300
3.220950000,47.019120000,184.200
3.220990000,47.018990000,183.900
3.220990000,47.018980000,183.900
3.220990000,47.018810000,183.400
3.220990000,47.018780000,183.400
3.220970000,47.018630000,182.900
3.220920000,47.018510000,182.600
3.220850000,47.018360000,182.100
3.220760000,47.018190000,181.900
3.220720000,47.018050000,181.800
3.220690000,47.017910000,181.700
3.220670000,47.017740000,181.700
3.220680000,47.017590000,181.700
3.220710000,47.017430000,181.600
3.220750000,47.017280000,181.500
3.220800000,47.017140000,181.500
3.220870000,47.016960000,181.400
3.220940000,47.016820000,181.300
3.221100000,47.016470000,181.000
3.221110000,47.016430000,181.000
3.221180000,47.016260000,180.800
3.221180000,47.016240000,180.800
3.221200000,47.016130000,180.700
3.221210000,47.016080000,180.700
3.221220000,47.015910000,180.500
3.221190000,47.015680000,180.600
3.221120000,47.015370000,181.000
3.221030000,47.015120000,181.000
3.220970000,47.014980000,180.900
3.220840000,47.014740000,181.000
3.220800000,47.014680000,181.100
3.220690000,47.014520000,181.400
3.220680000,47.014510000,181.400
3.220540000,47.014320000,181.500
3.220460000,47.014200000,181.600
3.220420000,47.014100000,181.700
3.220400000,47.014020000,181.800
3.220390000,47.013970000,181.900
3.220380000,47.013860000,182.100
3.220420000,47.013630000,182.800
3.220460000,47.013400000,183.500
3.220490000,47.013310000,183.800
3.220560000,47.013130000,184.600
3.220620000,47.012990000,185.200
3.220710000,47.012760000,186.000
3.220740000,47.012670000,186.300
3.220740000,47.012620000,186.500
3.220740000,47.012550000,186.600
3.220740000,47.012470000,187.000
3.220730000,47.012430000,187.200
3.220720000,47.012390000,187.400
3.220700000,47.012320000,187.800
3.220700000,47.012310000,187.900
3.220650000,47.012200000,188.400
3.220580000,47.012120000,188.800
3.220550000,47.012090000,188.900
3.220540000,47.012080000,189.000
3.220520000,47.012070000,189.000
3.220500000,47.012060000,189.100
3.220480000,47.012050000,189.100
3.220460000,47.012050000,189.000
3.220440000,47.012040000,189.100
3.220420000,47.012030000,189.100
3.220390000,47.012030000,189.100
3.220370000,47.012020000,189.100
3.220360000,47.012020000,189.100
3.220350000,47.012020000,189.100
3.220320000,47.012010000,189.100
3.220280000,47.012010000,189.000
3.220100000,47.011990000,188.800
3.220020000,47.011980000,188.800
3.219840000,47.011980000,188.600
3.219580000,47.011970000,188.400
3.219420000,47.011960000,188.400
3.219310000,47.011960000,188.300
3.219110000,47.011960000,188.100
3.218720000,47.011940000,187.800
3.218570000,47.011930000,187.800
3.218460000,47.011920000,187.700
3.218230000,47.011890000,187.400
3.218220000,47.011890000,187.300
3.218150000,47.011870000,187.200
3.218080000,47.011860000,187.000
3.218010000,47.011830000,187.000
3.217980000,47.011820000,186.900
3.217960000,47.011810000,186.900
3.217900000,47.011790000,186.800
3.217770000,47.011710000,186.900
3.217580000,47.011610000,188.000
3.217570000,47.011600000,188.200
3.217180000,47.011350000,193.000
3.217070000,47.011310000,193.300
3.216800000,47.011210000,193.900
3.216720000,47.011180000,194.100
3.216620000,47.011130000,194.500
3.216350000,47.011030000,194.200
3.216120000,47.010920000,193.900
3.215860000,47.010810000,192.900
3.215830000,47.010790000,193.000
3.215620000,47.010680000,194.100
3.215610000,47.010680000,194.000
3.215400000,47.010580000,194.400
3.215310000,47.010540000,194.400
3.215190000,47.010470000,194.500
3.215090000,47.010420000,194.400
3.214770000,47.010250000,193.300
3.214730000,47.010230000,193.100
3.214520000,47.010120000,191.500
3.214250000,47.009980000,188.500
3.214180000,47.009940000,187.900
3.214090000,47.009890000,187.600
3.213880000,47.009790000,186.900
3.213540000,47.009630000,185.200
3.213480000,47.009600000,184.800
3.213270000,47.009520000,184.100
3.213250000,47.009510000,184.200
3.213020000,47.009420000,185.000
3.212970000,47.009400000,185.200
3.212570000,47.009240000,186.500
3.212540000,47.009230000,186.500
3.212340000,47.009140000,186.700
3.212150000,47.009060000,186.700
3.211900000,47.008950000,186.400
3.211870000,47.008940000,186.400
3.211700000,47.008860000,186.000
3.211550000,47.008760000,185.700
3.211500000,47.008720000,185.700
3.211420000,47.008640000,185.500
3.211330000,47.008540000,185.300
3.211270000,47.008430000,185.300
3.211250000,47.008350000,185.400
3.211230000,47.008220000,185.100
3.211200000,47.008010000,184.600
3.211220000,47.007810000,184.400
3.211200000,47.007640000,184.000
3.211180000,47.007590000,183.800
3.211140000,47.007480000,183.600
3.211050000,47.007320000,184.400
3.210960000,47.007180000,185.100
3.210930000,47.007130000,185.400
3.210840000,47.007020000,186.000
3.210820000,47.006990000,186.200
3.210720000,47.006860000,186.500
3.210700000,47.006830000,186.600
3.210640000,47.006730000,186.900
3.210620000,47.006690000,187.000
3.210570000,47.006600000,186.800
3.210560000,47.006590000,186.800
3.210510000,47.006500000,186.400
3.210460000,47.006420000,186.000
3.210400000,47.006300000,185.600
3.210290000,47.006120000,184.700
3.210200000,47.005960000,183.900
3.210170000,47.005920000,183.600
3.210110000,47.005830000,183.100
3.210050000,47.005760000,183.000
3.210000000,47.005710000,182.900
3.209910000,47.005620000,183.000
3.209900000,47.005610000,183.000
3.209770000,47.005520000,182.800
3.209720000,47.005480000,182.800
3.209700000,47.005470000,182.700
3.209540000,47.005350000,182.300
3.209520000,47.005340000,182.200
3.209350000,47.005230000,181.500
3.209340000,47.005220000,181.500
3.209270000,47.005170000,181.200
3.209170000,47.005100000,180.700
3.209080000,47.005030000,180.600
3.208860000,47.004880000,180.100
3.208660000,47.004750000,179.800
3.208480000,47.004620000,179.700
3.208470000,47.004620000,179.700
3.208300000,47.004500000,179.700
3.208190000,47.004420000,179.600
3.208110000,47.004370000,179.400
3.208100000,47.004360000,179.400
3.207920000,47.004240000,178.900
3.207910000,47.004240000,178.800
3.207800000,47.004160000,178.400
3.207730000,47.004120000,178.100
3.207560000,47.004000000,177.300
3.207350000,47.003860000,176.700
3.207270000,47.003810000,176.600
3.207040000,47.003650000,176.200
3.206780000,47.003460000,176.000
3.206520000,47.003270000,176.000
3.206250000,47.003080000,176.200
3.206170000,47.003030000,176.200
3.205900000,47.002840000,176.500
3.205670000,47.002680000,177.100
3.205520000,47.002570000,177.600
3.204670000,47.001990000,178.500
3.204480000,47.001860000,178.200
3.204380000,47.001790000,178.100
3.204150000,47.001630000,177.900
3.203930000,47.001490000,177.500
3.203850000,47.001440000,177.400
3.203520000,47.001210000,177.400
3.203210000,47.000990000,177.700
3.203000000,47.000850000,177.600
3.202840000,47.000750000,177.400
3.202540000,47.000540000,177.000
3.202240000,47.000330000,176.800
3.201970000,47.000150000,176.800
3.201630000,46.999910000,176.900
3.201510000,46.999830000,176.800
3.201380000,46.999750000,176.800
3.201360000,46.999740000,176.800
3.201350000,46.999730000,176.800
3.201070000,46.999530000,176.800
3.200760000,46.999310000,177.000
3.200640000,46.999230000,177.000
3.200440000,46.999090000,177.000
3.200270000,46.998980000,177.000
3.200220000,46.998950000,177.000
3.200130000,46.998890000,177.000
3.199990000,46.998790000,177.000
3.199870000,46.998700000,177.200
3.199560000,46.998500000,177.800
3.199320000,46.998330000,178.600
3.199150000,46.998210000,179.200
3.199000000,46.998110000,179.800
3.198800000,46.997970000,180.400
3.198690000,46.997900000,180.600
3.198600000,46.997830000,180.800
3.198520000,46.997780000,181.000
3.198150000,46.997530000,181.000
3.197720000,46.997240000,180.700
3.197560000,46.997120000,180.500
3.197320000,46.996960000,180.100
3.196820000,46.996610000,179.300
3.196480000,46.996390000,178.800
3.196390000,46.996320000,178.600
3.196020000,46.996060000,177.600
3.195980000,46.996040000,177.500
3.195810000,46.995920000,177.000
3.195790000,46.995910000,176.900
3.195760000,46.995880000,176.900
3.195470000,46.995670000,176.600
3.195230000,46.995450000,176.600
3.195020000,46.995230000,176.700
3.194990000,46.995200000,176.800
3.194920000,46.995120000,176.800
3.194680000,46.994830000,177.000
3.194670000,46.994810000,177.100
3.194610000,46.994720000,177.200
3.194600000,46.994710000,177.200
3.194510000,46.994600000,177.400
3.194430000,46.994510000,177.500
3.194240000,46.994260000,177.900
3.194110000,46.994120000,177.700
3.193870000,46.993830000,176.800
3.193530000,46.993390000,176.200
3.193360000,46.993150000,176.500
3.193270000,46.992940000,176.900
3.193240000,46.992840000,177.200
3.193230000,46.992760000,177.400
3.193170000,46.992350000,177.800
3.193140000,46.992060000,177.500
3.193130000,46.991990000,177.400
3.193100000,46.991800000,177.200
3.193100000,46.991740000,177.100
3.193080000,46.991650000,177.000
3.193070000,46.991570000,176.800
3.193050000,46.991430000,176.500
3.193020000,46.991300000,176.300
3.192990000,46.991220000,176.100
3.192970000,46.991170000,176.100
3.192930000,46.991120000,176.000
3.192880000,46.991080000,176.000
3.192820000,46.991040000,176.000
3.192770000,46.991010000,176.000
3.192550000,46.990910000,176.000
3.192460000,46.990880000,176.100
3.192340000,46.990830000,176.200
3.192160000,46.990770000,176.600
3.192020000,46.990720000,176.800
3.191860000,46.990670000,177.100
3.191720000,46.990630000,177.200
3.191360000,46.990570000,177.200
3.191260000,46.990560000,177.200
3.190970000,46.990530000,177.100
3.190630000,46.990520000,177.100
3.190250000,46.990540000,177.200
3.189930000,46.990540000,177.300
3.189780000,46.990530000,177.200
3.189460000,46.990470000,176.900
3.189270000,46.990390000,176.600
3.189070000,46.990260000,176.300
3.188990000,46.990200000,176.200
3.188930000,46.990130000,176.100
3.188830000,46.989980000,176.000
3.188810000,46.989950000,176.000
3.188810000,46.989940000,176.000
3.188760000,46.989860000,176.100
3.188430000,46.989200000,176.800
3.188300000,46.989060000,176.700
3.188300000,46.989060000,176.700
3.188260000,46.989000000,176.500
3.188290000,46.988990000,176.500
3.188320000,46.988970000,176.500
3.188230000,46.988830000,176.200
3.187910000,46.988270000,175.500
3.187870000,46.988210000,175.600
3.187750000,46.988030000,175.800
3.187520000,46.987670000,176.000
3.187330000,46.987390000,175.900
3.186840000,46.986770000,175.100
3.186550000,46.986520000,174.900
3.186530000,46.986500000,174.800
3.186450000,46.986420000,174.700
3.186120000,46.986050000,174.300
3.185950000,46.985830000,174.100
3.185940000,46.985830000,174.100
3.185930000,46.985810000,174.100
3.185910000,46.985800000,174.100
3.185910000,46.985790000,174.000
3.185710000,46.985620000,173.900
3.185480000,46.985410000,173.700
3.184900000,46.984920000,173.000
3.184390000,46.984540000,173.400
3.184210000,46.984410000,173.700
3.184180000,46.984390000,173.700
3.184020000,46.984300000,173.500
3.183670000,46.984020000,172.900
3.183660000,46.984020000,172.900
3.183630000,46.984000000,172.800
3.183600000,46.983990000,172.800
3.183580000,46.983970000,172.800
3.183570000,46.983950000,172.800
3.183410000,46.983870000,172.500
3.183380000,46.983850000,172.500
3.183350000,46.983830000,172.400
3.182880000,46.983530000,173.300
3.182770000,46.983460000,173.500
3.182430000,46.983300000,173.900
3.182170000,46.983190000,173.500
3.181910000,46.983080000,173.200
3.181830000,46.983040000,173.100
        </coordinates>
      </LineString>
    </Placemark>
  </Document>
</kml>
