<?xml version="1.0" encoding="UTF-8"?>
<kml xmlns="http://www.opengis.net/kml/2.2">
  <Document>
    <name>Tour de France 2026 - Stage 04</name>
    <Style id="routeStyle">
      <LineStyle>
        <color>ff111111</color>
        <width>4</width>
      </LineStyle>
    </Style>
    <Placemark>
      <name>Tour de France 2026 - Stage 04</name>
      <styleUrl>#routeStyle</styleUrl>
      <LineString>
        <tessellate>1</tessellate>
        <coordinates>
2.334900000,43.206560000,105.000
2.333600000,43.205320000,105.000
2.333470000,43.205240000,106.000
2.333220000,43.205030000,106.000
2.333150000,43.204970000,107.000
2.333050000,43.204930000,107.000
2.333000000,43.204900000,107.000
2.332850000,43.204930000,107.000
2.332710000,43.204910000,107.000
2.332580000,43.204850000,107.000
2.332510000,43.204790000,107.000
2.332470000,43.204710000,107.000
2.332460000,43.204630000,107.000
2.332470000,43.204560000,107.000
2.332510000,43.204500000,107.000
2.332440000,43.204320000,107.000
2.332180000,43.204050000,107.000
2.332050000,43.203900000,106.000
2.331930000,43.203780000,106.000
2.331380000,43.203270000,106.000
2.330500000,43.202450000,105.000
2.330020000,43.202010000,105.000
2.329960000,43.201950000,104.000
2.329760000,43.201740000,104.000
2.329570000,43.201500000,103.000
2.329430000,43.201300000,104.000
2.329320000,43.201150000,104.000
2.328950000,43.200620000,105.000
2.328870000,43.200540000,106.000
2.328770000,43.200430000,106.000
2.328630000,43.200320000,107.000
2.327990000,43.199850000,108.000
2.327780000,43.199720000,109.000
2.327180000,43.199270000,111.000
2.326810000,43.199030000,113.000
2.326560000,43.198880000,114.000
2.325660000,43.198460000,116.000
2.324650000,43.198030000,119.000
2.324240000,43.197820000,121.000
2.323990000,43.197690000,122.000
2.323910000,43.197640000,123.000
2.323580000,43.197430000,124.000
2.323320000,43.197250000,125.000
2.322800000,43.196840000,126.000
2.322250000,43.196500000,127.000
2.322200000,43.196470000,127.000
2.322110000,43.196480000,127.000
2.322080000,43.196470000,128.000
2.322000000,43.196460000,128.000
2.321940000,43.196420000,128.000
2.321930000,43.196410000,128.000
2.321900000,43.196380000,128.000
2.321870000,43.196330000,128.000
2.321870000,43.196260000,128.000
2.321900000,43.196190000,128.000
2.321970000,43.196140000,128.000
2.321950000,43.195930000,128.000
2.321930000,43.195770000,128.000
2.321870000,43.195580000,127.000
2.321740000,43.195320000,127.000
2.321570000,43.195120000,126.000
2.321340000,43.194880000,125.000
2.320920000,43.194580000,124.000
2.320510000,43.194380000,124.000
2.320120000,43.194230000,123.000
2.319810000,43.194120000,122.000
2.319330000,43.193960000,121.000
2.318620000,43.193720000,120.000
2.317830000,43.193440000,119.000
2.317740000,43.193410000,119.000
2.317050000,43.193170000,118.000
2.316600000,43.192970000,117.000
2.316090000,43.192660000,117.000
2.315490000,43.192210000,116.000
2.315200000,43.191940000,114.000
2.314920000,43.191610000,113.000
2.314610000,43.191140000,112.000
2.314490000,43.190870000,111.000
2.314400000,43.190690000,110.000
2.314300000,43.190510000,109.000
2.314210000,43.190400000,109.000
2.314180000,43.190360000,109.000
2.314100000,43.190330000,109.000
2.314040000,43.190300000,109.000
2.313970000,43.190250000,109.000
2.313920000,43.190190000,109.000
2.313900000,43.190130000,109.000
2.313900000,43.190080000,109.000
2.313910000,43.190030000,109.000
2.313830000,43.189930000,109.000
2.313780000,43.189880000,109.000
2.313510000,43.189700000,109.000
2.313320000,43.189620000,109.000
2.312490000,43.189300000,109.000
2.312060000,43.189110000,109.000
2.311810000,43.189000000,109.000
2.311620000,43.188890000,109.000
2.311380000,43.188760000,109.000
2.311140000,43.188610000,109.000
2.310890000,43.188430000,109.000
2.310010000,43.187780000,110.000
2.309180000,43.187150000,110.000
2.308450000,43.186550000,111.000
2.308270000,43.186410000,111.000
2.308130000,43.186300000,112.000
2.308020000,43.186180000,112.000
2.307920000,43.186070000,113.000
2.307830000,43.185930000,113.000
2.307760000,43.185790000,113.000
2.307670000,43.185570000,114.000
2.307350000,43.184730000,114.000
2.307030000,43.183880000,115.000
2.306920000,43.183580000,115.000
2.306290000,43.181940000,115.000
2.305990000,43.181120000,115.000
2.305680000,43.180300000,115.000
2.304820000,43.178060000,116.000
2.304390000,43.176920000,117.000
2.303980000,43.175830000,116.000
2.303690000,43.175070000,115.000
2.303440000,43.174400000,114.000
2.303350000,43.174210000,113.000
2.303290000,43.174090000,112.000
2.303140000,43.173920000,112.000
2.303000000,43.173790000,112.000
2.302880000,43.173690000,112.000
2.302760000,43.173580000,113.000
2.302580000,43.173420000,114.000
2.302430000,43.173250000,114.000
2.302350000,43.173130000,115.000
2.302280000,43.173010000,116.000
2.302240000,43.172900000,117.000
2.302210000,43.172800000,117.000
2.302190000,43.172700000,118.000
2.302190000,43.172580000,119.000
2.302190000,43.172460000,119.000
2.302200000,43.172240000,120.000
2.302200000,43.172120000,121.000
2.302190000,43.171960000,121.000
2.302160000,43.171800000,122.000
2.302130000,43.171690000,122.000
2.302070000,43.171560000,123.000
2.301970000,43.171410000,124.000
2.301860000,43.171280000,124.000
2.301740000,43.171160000,125.000
2.301540000,43.170990000,125.000
2.301120000,43.170680000,126.000
2.300840000,43.170410000,127.000
2.300560000,43.170090000,127.000
2.300340000,43.169730000,126.000
2.300220000,43.169520000,126.000
2.300150000,43.169290000,125.000
2.300040000,43.168940000,125.000
2.299970000,43.168240000,125.000
2.299850000,43.167860000,125.000
2.299830000,43.167780000,125.000
2.299810000,43.167720000,125.000
2.299540000,43.167080000,125.000
2.299260000,43.166560000,126.000
2.298130000,43.164630000,128.000
2.298000000,43.164370000,129.000
2.297540000,43.163580000,130.000
2.296460000,43.161660000,129.000
2.296010000,43.161040000,129.000
2.295580000,43.160660000,128.000
2.295000000,43.160270000,126.000
2.293880000,43.159590000,125.000
2.293660000,43.159450000,123.000
2.293500000,43.159350000,122.000
2.293200000,43.159120000,121.000
2.292900000,43.158840000,120.000
2.292870000,43.158790000,120.000
2.292500000,43.158350000,119.000
2.291660000,43.156950000,117.000
2.290970000,43.155850000,116.000
2.290070000,43.154410000,118.000
2.289760000,43.153890000,120.000
2.289530000,43.153470000,123.000
2.289450000,43.153200000,126.000
2.289410000,43.152900000,128.000
2.289410000,43.152590000,131.000
2.289470000,43.152220000,132.000
2.289590000,43.151870000,133.000
2.289680000,43.151680000,133.000
2.289720000,43.151600000,133.000
2.289730000,43.151580000,133.000
2.290520000,43.149960000,132.000
2.291020000,43.148920000,131.000
2.292240000,43.146480000,129.000
2.292560000,43.145780000,128.000
2.292890000,43.145090000,128.000
2.293110000,43.144690000,128.000
2.293370000,43.144350000,129.000
2.293680000,43.144050000,129.000
2.294050000,43.143780000,130.000
2.294350000,43.143600000,130.000
2.294740000,43.143410000,131.000
2.295480000,43.143060000,132.000
2.296390000,43.142610000,132.000
2.297410000,43.142120000,131.000
2.298020000,43.141850000,130.000
2.298300000,43.141710000,130.000
2.298690000,43.141510000,130.000
2.299080000,43.141320000,130.000
2.299530000,43.141060000,130.000
2.299770000,43.140910000,130.000
2.300010000,43.140710000,131.000
2.300200000,43.140530000,132.000
2.300430000,43.140250000,133.000
2.300570000,43.140030000,134.000
2.300690000,43.139800000,136.000
2.300790000,43.139510000,137.000
2.300840000,43.139220000,139.000
2.300850000,43.138920000,141.000
2.300830000,43.138680000,142.000
2.300760000,43.138380000,142.000
2.300330000,43.137370000,140.000
2.299960000,43.136560000,138.000
2.299890000,43.136380000,137.000
2.299660000,43.135840000,136.000
2.299200000,43.134570000,137.000
2.299110000,43.134320000,138.000
2.298960000,43.133880000,137.000
2.298820000,43.133450000,137.000
2.298710000,43.132840000,135.000
2.298730000,43.132390000,134.000
2.298840000,43.131960000,132.000
2.299030000,43.131530000,131.000
2.299290000,43.131090000,130.000
2.300070000,43.129950000,129.000
2.300920000,43.128690000,129.000
2.301010000,43.128530000,129.000
2.301120000,43.128300000,130.000
2.301160000,43.128170000,130.000
2.301200000,43.128010000,130.000
2.301230000,43.127790000,130.000
2.301220000,43.127580000,130.000
2.301180000,43.127410000,129.000
2.301100000,43.127190000,129.000
2.301010000,43.127020000,129.000
2.300900000,43.126870000,129.000
2.300810000,43.126760000,128.000
2.300590000,43.126560000,128.000
2.300310000,43.126350000,128.000
2.299980000,43.126180000,128.000
2.299070000,43.125770000,128.000
2.298180000,43.125370000,128.000
2.297390000,43.125030000,128.000
2.296890000,43.124810000,128.000
2.296610000,43.124690000,128.000
2.295850000,43.124360000,129.000
2.294770000,43.123890000,129.000
2.294450000,43.123730000,130.000
2.293800000,43.123450000,130.000
2.293690000,43.123400000,131.000
2.293450000,43.123280000,132.000
2.293100000,43.123080000,133.000
2.292860000,43.122950000,134.000
2.292170000,43.122560000,137.000
2.291000000,43.121810000,141.000
2.289400000,43.120780000,143.000
2.287790000,43.119740000,142.000
2.286570000,43.118980000,138.000
2.286370000,43.118830000,136.000
2.285900000,43.118540000,133.000
2.285700000,43.118440000,132.000
2.285600000,43.118400000,131.000
2.285540000,43.118370000,131.000
2.285450000,43.118390000,130.000
2.285380000,43.118400000,131.000
2.285310000,43.118390000,131.000
2.285250000,43.118370000,131.000
2.285200000,43.118350000,131.000
2.285160000,43.118320000,132.000
2.285130000,43.118290000,132.000
2.285100000,43.118250000,132.000
2.285090000,43.118180000,133.000
2.285100000,43.118120000,133.000
2.285050000,43.118060000,133.000
2.284990000,43.118000000,134.000
2.284780000,43.117880000,135.000
2.284700000,43.117830000,135.000
2.284410000,43.117670000,136.000
2.284090000,43.117540000,138.000
2.283800000,43.117450000,139.000
2.283510000,43.117370000,141.000
2.282690000,43.117170000,143.000
2.282280000,43.117090000,146.000
2.282000000,43.117010000,148.000
2.281710000,43.116920000,149.000
2.281410000,43.116820000,151.000
2.280180000,43.116350000,153.000
2.279720000,43.116180000,154.000
2.279280000,43.116010000,155.000
2.278990000,43.115900000,156.000
2.278740000,43.115780000,156.000
2.278530000,43.115670000,156.000
2.278270000,43.115530000,155.000
2.277990000,43.115360000,154.000
2.277560000,43.115090000,153.000
2.277140000,43.114820000,151.000
2.276780000,43.114600000,149.000
2.276460000,43.114420000,148.000
2.276210000,43.114280000,148.000
2.275800000,43.114080000,147.000
2.275310000,43.113840000,148.000
2.274790000,43.113600000,148.000
2.274530000,43.113480000,149.000
2.274290000,43.113360000,149.000
2.272910000,43.112570000,147.000
2.272700000,43.112450000,146.000
2.272480000,43.112340000,145.000
2.272140000,43.112180000,144.000
2.271770000,43.112010000,143.000
2.271160000,43.111780000,142.000
2.270720000,43.111600000,142.000
2.270090000,43.111350000,141.000
2.269500000,43.111120000,141.000
2.268220000,43.110670000,141.000
2.267340000,43.110350000,142.000
2.264930000,43.109500000,141.000
2.263480000,43.108970000,141.000
2.261820000,43.108370000,141.000
2.261110000,43.108080000,142.000
2.260450000,43.107800000,142.000
2.258720000,43.107060000,142.000
2.257960000,43.106740000,143.000
2.257270000,43.106470000,145.000
2.256840000,43.106310000,147.000
2.256340000,43.106140000,149.000
2.255940000,43.106020000,151.000
2.255570000,43.105920000,152.000
2.254930000,43.105760000,153.000
2.254140000,43.105580000,153.000
2.252900000,43.105330000,154.000
2.252010000,43.105130000,153.000
2.251660000,43.105030000,153.000
2.251190000,43.104900000,151.000
2.251020000,43.104860000,150.000
2.250940000,43.104860000,150.000
2.250860000,43.104900000,149.000
2.250760000,43.104910000,148.000
2.250660000,43.104900000,148.000
2.250590000,43.104870000,148.000
2.250530000,43.104830000,147.000
2.250480000,43.104780000,147.000
2.250460000,43.104720000,147.000
2.250460000,43.104660000,146.000
2.250490000,43.104600000,146.000
2.250540000,43.104550000,145.000
2.250520000,43.104420000,145.000
2.250450000,43.104260000,144.000
2.250330000,43.104090000,144.000
2.250130000,43.103830000,143.000
2.249940000,43.103660000,141.000
2.249740000,43.103490000,140.000
2.249540000,43.103340000,139.000
2.249280000,43.103190000,138.000
2.248970000,43.103040000,137.000
2.248750000,43.102950000,137.000
2.248490000,43.102840000,136.000
2.246260000,43.102010000,136.000
2.246080000,43.101950000,136.000
2.246010000,43.101920000,136.000
2.245540000,43.101740000,136.000
2.237000000,43.098540000,137.000
2.236450000,43.098340000,139.000
2.235910000,43.098150000,140.000
2.235860000,43.098140000,142.000
2.235540000,43.098040000,143.000
2.234990000,43.097870000,145.000
2.234290000,43.097670000,147.000
2.233420000,43.097450000,147.000
2.233150000,43.097390000,146.000
2.232830000,43.097280000,146.000
2.232580000,43.097190000,145.000
2.232350000,43.097080000,144.000
2.232020000,43.096910000,143.000
2.231770000,43.096750000,142.000
2.231530000,43.096580000,142.000
2.231330000,43.096420000,143.000
2.231130000,43.096250000,143.000
2.230870000,43.095970000,144.000
2.230660000,43.095690000,145.000
2.230530000,43.095500000,146.000
2.230460000,43.095390000,147.000
2.230390000,43.095250000,147.000
2.230320000,43.095110000,147.000
2.230270000,43.094980000,147.000
2.230230000,43.094840000,147.000
2.230180000,43.094690000,147.000
2.230140000,43.094570000,146.000
2.230010000,43.094220000,146.000
2.229920000,43.094050000,145.000
2.229730000,43.093770000,144.000
2.229650000,43.093720000,144.000
2.229600000,43.093720000,143.000
2.229550000,43.093710000,143.000
2.229480000,43.093680000,143.000
2.229430000,43.093640000,143.000
2.229390000,43.093600000,143.000
2.229370000,43.093550000,143.000
2.229370000,43.093480000,144.000
2.229390000,43.093420000,144.000
2.229440000,43.093360000,144.000
2.229490000,43.093330000,144.000
2.229540000,43.093310000,145.000
2.229640000,43.093220000,145.000
2.229680000,43.093130000,145.000
2.229710000,43.092950000,146.000
2.229670000,43.092710000,147.000
2.229640000,43.092490000,148.000
2.229530000,43.092250000,149.000
2.229280000,43.091710000,150.000
2.229090000,43.091270000,151.000
2.228850000,43.090800000,150.000
2.228400000,43.089920000,148.000
2.227810000,43.088730000,149.000
2.227540000,43.088150000,151.000
2.227270000,43.087570000,152.000
2.226920000,43.086890000,152.000
2.226710000,43.086500000,152.000
2.226570000,43.086280000,152.000
2.226420000,43.086040000,152.000
2.226190000,43.085670000,151.000
2.225940000,43.085450000,150.000
2.225920000,43.085430000,150.000
2.225850000,43.085430000,150.000
2.225790000,43.085410000,149.000
2.225740000,43.085380000,149.000
2.225710000,43.085340000,149.000
2.225690000,43.085300000,149.000
2.225690000,43.085250000,149.000
2.225720000,43.085200000,149.000
2.225760000,43.085170000,148.000
2.225810000,43.085140000,148.000
2.225800000,43.084830000,148.000
2.225710000,43.084500000,147.000
2.225560000,43.084090000,147.000
2.225320000,43.083490000,147.000
2.225020000,43.082880000,147.000
2.224610000,43.082040000,147.000
2.224380000,43.081560000,148.000
2.223760000,43.080290000,148.000
2.223480000,43.079700000,149.000
2.222920000,43.078520000,152.000
2.222410000,43.077440000,154.000
2.222060000,43.076740000,155.000
2.221870000,43.076350000,156.000
2.221730000,43.076050000,155.000
2.221630000,43.075790000,155.000
2.221580000,43.075640000,154.000
2.221500000,43.075320000,153.000
2.221410000,43.074950000,151.000
2.221350000,43.074760000,151.000
2.221290000,43.074560000,151.000
2.221250000,43.074470000,151.000
2.221190000,43.074400000,151.000
2.221100000,43.074260000,152.000
2.221050000,43.074200000,152.000
2.220960000,43.074150000,152.000
2.220850000,43.074120000,153.000
2.220780000,43.074100000,153.000
2.220650000,43.074140000,154.000
2.220520000,43.074150000,154.000
2.220400000,43.074130000,155.000
2.220320000,43.074100000,155.000
2.220250000,43.074060000,156.000
2.220170000,43.073970000,156.000
2.220130000,43.073870000,156.000
2.220140000,43.073770000,157.000
2.220190000,43.073690000,157.000
2.220270000,43.073610000,158.000
2.220320000,43.073590000,158.000
2.220290000,43.073500000,158.000
2.220270000,43.073420000,158.000
2.220220000,43.073300000,159.000
2.220180000,43.073220000,159.000
2.220070000,43.072990000,159.000
2.220030000,43.072880000,159.000
2.219680000,43.072160000,159.000
2.218980000,43.070690000,160.000
2.218750000,43.070190000,161.000
2.218340000,43.069280000,161.000
2.218060000,43.068710000,162.000
2.217960000,43.068480000,163.000
2.217920000,43.068380000,163.000
2.217910000,43.068330000,163.000
2.217900000,43.068270000,163.000
2.217850000,43.067970000,163.000
2.217770000,43.067790000,163.000
2.217590000,43.067450000,163.000
2.217440000,43.067130000,163.000
2.217430000,43.067100000,162.000
2.217390000,43.067030000,162.000
2.217010000,43.066320000,162.000
2.216670000,43.065560000,162.000
2.216630000,43.065470000,162.000
2.216590000,43.065380000,162.000
2.216340000,43.064890000,162.000
2.216250000,43.064700000,162.000
2.215870000,43.063880000,163.000
2.215800000,43.063720000,163.000
2.215630000,43.063390000,163.000
2.215440000,43.063020000,164.000
2.215430000,43.062990000,164.000
2.215330000,43.062810000,164.000
2.215240000,43.062620000,165.000
2.215030000,43.062230000,165.000
2.215010000,43.062180000,165.000
2.214920000,43.062010000,165.000
2.214890000,43.061960000,165.000
2.214790000,43.061760000,166.000
2.214770000,43.061700000,166.000
2.214600000,43.061250000,166.000
2.214500000,43.061070000,166.000
2.214410000,43.060920000,166.000
2.214070000,43.060420000,167.000
2.213940000,43.060180000,167.000
2.213860000,43.059950000,167.000
2.213790000,43.059400000,168.000
2.213700000,43.058960000,168.000
2.213680000,43.058870000,168.000
2.213660000,43.058720000,169.000
2.213620000,43.058460000,169.000
2.213610000,43.058390000,169.000
2.213570000,43.058170000,169.000
2.213570000,43.057850000,168.000
2.213570000,43.057770000,168.000
2.213590000,43.057610000,167.000
2.213610000,43.057510000,167.000
2.213620000,43.057470000,166.000
2.213670000,43.057300000,166.000
2.213640000,43.057110000,165.000
2.213620000,43.056960000,165.000
2.213610000,43.056890000,164.000
2.213560000,43.056740000,164.000
2.213520000,43.056630000,163.000
2.213460000,43.056430000,163.000
2.213420000,43.056290000,163.000
2.213140000,43.055280000,165.000
2.213100000,43.055160000,166.000
2.213080000,43.055040000,166.000
2.212980000,43.054840000,167.000
2.212920000,43.054680000,168.000
2.212890000,43.054610000,169.000
2.212850000,43.054580000,170.000
2.212840000,43.054540000,170.000
2.212840000,43.054500000,171.000
2.212850000,43.054470000,171.000
2.212880000,43.054440000,171.000
2.212920000,43.054420000,172.000
2.212960000,43.054400000,172.000
2.213000000,43.054400000,172.000
2.213180000,43.054260000,173.000
2.213260000,43.054240000,174.000
2.213270000,43.054230000,174.000
2.213520000,43.054000000,176.000
2.213930000,43.053650000,178.000
2.214280000,43.053360000,180.000
2.214550000,43.053140000,182.000
2.214950000,43.052870000,182.000
2.215030000,43.052820000,182.000
2.215070000,43.052800000,182.000
2.215170000,43.052740000,182.000
2.215350000,43.052640000,181.000
2.215680000,43.052440000,181.000
2.215700000,43.052420000,180.000
2.215920000,43.052280000,180.000
2.216120000,43.052160000,179.000
2.216300000,43.052030000,178.000
2.216500000,43.051900000,178.000
2.216620000,43.051810000,177.000
2.216990000,43.051550000,177.000
2.217000000,43.051540000,176.000
2.217210000,43.051390000,176.000
2.217520000,43.051140000,175.000
2.217670000,43.051040000,175.000
2.217800000,43.050920000,175.000
2.217810000,43.050910000,174.000
2.217860000,43.050860000,174.000
2.217900000,43.050830000,174.000
2.217920000,43.050820000,174.000
2.217990000,43.050780000,174.000
2.218050000,43.050750000,173.000
2.218060000,43.050730000,173.000
2.218080000,43.050720000,173.000
2.218100000,43.050720000,173.000
2.218120000,43.050710000,173.000
2.218140000,43.050720000,173.000
2.218150000,43.050720000,173.000
2.218170000,43.050720000,173.000
2.218200000,43.050710000,173.000
2.218250000,43.050690000,173.000
2.218300000,43.050670000,173.000
2.218320000,43.050650000,173.000
2.218340000,43.050630000,173.000
2.218370000,43.050610000,173.000
2.218400000,43.050580000,173.000
2.218420000,43.050560000,173.000
2.218450000,43.050530000,173.000
2.218490000,43.050470000,173.000
2.218510000,43.050430000,173.000
2.218540000,43.050380000,173.000
2.218560000,43.050350000,173.000
2.218560000,43.050340000,172.000
2.218570000,43.050320000,172.000
2.218590000,43.050290000,172.000
2.218650000,43.050230000,172.000
2.218720000,43.050180000,172.000
2.218790000,43.050130000,172.000
2.218840000,43.050100000,172.000
2.218890000,43.050050000,172.000
2.218920000,43.050020000,172.000
2.218940000,43.050000000,172.000
2.218960000,43.049970000,172.000
2.218990000,43.049950000,172.000
2.219020000,43.049930000,172.000
2.219050000,43.049890000,172.000
2.219090000,43.049860000,172.000
2.219140000,43.049830000,172.000
2.219300000,43.049730000,171.000
2.219460000,43.049620000,171.000
2.219790000,43.049350000,171.000
2.219830000,43.049300000,171.000
2.219900000,43.049240000,171.000
2.219980000,43.049170000,171.000
2.220130000,43.048990000,170.000
2.220230000,43.048820000,170.000
2.220380000,43.048470000,170.000
2.220550000,43.047800000,170.000
2.220610000,43.047570000,169.000
2.220710000,43.047230000,170.000
2.220750000,43.047070000,170.000
2.220800000,43.046910000,171.000
2.220870000,43.046730000,172.000
2.220970000,43.046540000,172.000
2.221120000,43.046350000,173.000
2.221240000,43.046190000,174.000
2.221440000,43.045980000,176.000
2.221540000,43.045890000,177.000
2.221800000,43.045720000,177.000
2.222000000,43.045610000,176.000
2.222100000,43.045570000,176.000
2.222300000,43.045490000,175.000
2.222710000,43.045410000,173.000
2.223450000,43.045330000,171.000
2.223950000,43.045270000,169.000
2.224340000,43.045200000,167.000
2.224550000,43.045150000,167.000
2.224670000,43.045090000,166.000
2.224690000,43.045070000,166.000
2.224720000,43.045030000,166.000
2.224720000,43.044990000,166.000
2.224740000,43.044950000,166.000
2.224770000,43.044920000,166.000
2.224820000,43.044900000,166.000
2.224870000,43.044880000,166.000
2.224930000,43.044880000,166.000
2.224990000,43.044890000,167.000
2.225030000,43.044910000,167.000
2.225070000,43.044950000,167.000
2.225220000,43.044980000,167.000
2.225290000,43.045010000,167.000
2.225390000,43.045020000,168.000
2.225690000,43.045020000,168.000
2.225990000,43.045000000,169.000
2.226270000,43.044980000,169.000
2.227740000,43.044800000,171.000
2.229940000,43.044540000,173.000
2.231520000,43.044320000,174.000
2.231640000,43.044300000,174.000
2.231770000,43.044260000,173.000
2.231830000,43.044220000,173.000
2.231880000,43.044200000,173.000
2.231900000,43.044170000,173.000
2.231930000,43.044150000,173.000
2.231970000,43.044130000,173.000
2.232020000,43.044130000,173.000
2.232060000,43.044130000,172.000
2.232110000,43.044150000,172.000
2.232140000,43.044170000,172.000
2.232150000,43.044190000,172.000
2.232300000,43.044200000,172.000
2.232400000,43.044210000,172.000
2.232490000,43.044200000,172.000
2.233140000,43.044140000,171.000
2.233600000,43.044080000,171.000
2.233640000,43.044080000,171.000
2.233830000,43.044050000,170.000
2.235880000,43.043800000,169.000
2.236000000,43.043780000,169.000
2.236540000,43.043710000,169.000
2.236650000,43.043690000,169.000
2.237340000,43.043610000,169.000
2.237610000,43.043570000,170.000
2.238000000,43.043510000,170.000
2.238280000,43.043440000,171.000
2.238550000,43.043330000,171.000
2.238720000,43.043240000,173.000
2.238830000,43.043170000,174.000
2.239040000,43.043050000,176.000
2.239500000,43.042630000,180.000
2.239630000,43.042490000,184.000
2.240170000,43.041940000,190.000
2.240200000,43.041910000,193.000
2.241570000,43.040580000,192.000
2.242370000,43.039840000,188.000
2.242900000,43.039370000,185.000
2.243030000,43.039240000,183.000
2.243940000,43.038420000,180.000
2.244540000,43.037870000,179.000
2.245080000,43.037300000,179.000
2.247360000,43.035080000,181.000
2.247730000,43.034710000,182.000
2.248360000,43.034000000,185.000
2.249010000,43.033190000,188.000
2.249630000,43.032110000,188.000
2.250020000,43.031150000,186.000
2.250260000,43.030280000,186.000
2.250390000,43.029650000,186.000
2.250690000,43.028240000,186.000
2.250730000,43.028020000,187.000
2.250880000,43.026920000,192.000
2.250960000,43.026260000,197.000
2.251020000,43.025640000,199.000
2.251020000,43.025360000,199.000
2.250960000,43.024560000,197.000
2.250970000,43.024290000,194.000
2.251010000,43.024110000,193.000
2.251140000,43.023840000,191.000
2.251430000,43.023360000,190.000
2.251650000,43.022810000,190.000
2.251720000,43.022640000,189.000
2.251750000,43.022510000,188.000
2.251770000,43.022350000,188.000
2.251770000,43.021550000,189.000
2.251760000,43.020780000,190.000
2.251720000,43.020410000,191.000
2.251600000,43.019620000,191.000
2.251570000,43.019390000,191.000
2.251580000,43.019210000,190.000
2.251610000,43.019030000,189.000
2.251660000,43.018880000,189.000
2.251730000,43.018740000,188.000
2.251820000,43.018610000,188.000
2.251950000,43.018440000,187.000
2.252100000,43.018300000,187.000
2.252260000,43.018170000,186.000
2.252480000,43.018040000,186.000
2.252740000,43.017940000,185.000
2.253030000,43.017830000,185.000
2.254160000,43.017490000,184.000
2.254360000,43.017420000,183.000
2.254580000,43.017340000,184.000
2.254770000,43.017250000,184.000
2.254920000,43.017160000,185.000
2.255060000,43.017070000,186.000
2.255150000,43.016990000,187.000
2.255300000,43.016850000,189.000
2.255400000,43.016760000,190.000
2.255500000,43.016630000,191.000
2.255710000,43.016360000,193.000
2.255900000,43.016100000,195.000
2.256020000,43.015940000,196.000
2.256110000,43.015810000,197.000
2.256200000,43.015640000,197.000
2.256280000,43.015480000,198.000
2.256360000,43.015270000,198.000
2.256420000,43.015060000,198.000
2.256450000,43.014920000,198.000
2.256460000,43.014790000,198.000
2.256460000,43.014670000,198.000
2.256450000,43.014400000,198.000
2.256430000,43.014240000,198.000
2.256400000,43.014140000,198.000
2.256370000,43.014040000,198.000
2.256300000,43.013910000,198.000
2.256190000,43.013740000,198.000
2.256040000,43.013560000,197.000
2.255870000,43.013420000,197.000
2.255710000,43.013310000,196.000
2.255380000,43.013140000,196.000
2.254960000,43.012960000,195.000
2.254520000,43.012780000,194.000
2.254090000,43.012630000,194.000
2.253720000,43.012520000,194.000
2.253270000,43.012400000,194.000
2.252840000,43.012310000,194.000
2.252310000,43.012210000,195.000
2.251880000,43.012140000,195.000
2.251580000,43.012110000,196.000
2.251040000,43.012120000,198.000
2.250770000,43.012110000,199.000
2.250560000,43.012090000,201.000
2.250380000,43.012040000,202.000
2.250190000,43.011960000,203.000
2.249960000,43.011850000,205.000
2.249760000,43.011720000,206.000
2.249580000,43.011580000,208.000
2.249440000,43.011420000,209.000
2.249270000,43.011200000,210.000
2.249090000,43.010900000,211.000
2.248950000,43.010590000,213.000
2.248870000,43.010400000,214.000
2.248830000,43.010190000,215.000
2.248830000,43.010110000,215.000
2.248830000,43.009990000,216.000
2.248870000,43.009530000,217.000
2.248880000,43.009410000,218.000
2.248880000,43.009280000,218.000
2.248860000,43.009120000,219.000
2.248840000,43.009050000,219.000
2.248810000,43.008920000,219.000
2.248760000,43.008780000,219.000
2.248660000,43.008560000,219.000
2.248520000,43.008320000,219.000
2.248170000,43.007900000,218.000
2.247860000,43.007490000,218.000
2.247810000,43.007410000,218.000
2.247770000,43.007330000,217.000
2.247740000,43.007240000,216.000
2.247730000,43.007130000,215.000
2.247740000,43.006960000,214.000
2.247780000,43.006820000,212.000
2.247890000,43.006660000,211.000
2.248030000,43.006490000,209.000
2.248250000,43.006310000,207.000
2.248390000,43.006210000,205.000
2.248790000,43.005930000,202.000
2.249000000,43.005800000,201.000
2.249090000,43.005740000,200.000
2.249150000,43.005680000,199.000
2.249210000,43.005610000,199.000
2.249260000,43.005540000,199.000
2.249310000,43.005450000,200.000
2.249340000,43.005340000,200.000
2.249360000,43.005230000,200.000
2.249360000,43.005150000,201.000
2.249340000,43.005040000,201.000
2.249310000,43.004920000,202.000
2.249260000,43.004780000,203.000
2.249190000,43.004650000,203.000
2.248930000,43.004220000,205.000
2.248760000,43.003940000,206.000
2.248680000,43.003820000,206.000
2.248600000,43.003690000,206.000
2.248560000,43.003610000,206.000
2.248520000,43.003530000,207.000
2.248500000,43.003420000,207.000
2.248480000,43.003290000,207.000
2.248480000,43.003150000,206.000
2.248480000,43.002920000,206.000
2.248490000,43.002690000,206.000
2.248540000,43.002420000,206.000
2.248600000,43.002250000,206.000
2.248690000,43.002110000,205.000
2.249010000,43.001790000,205.000
2.249150000,43.001640000,205.000
2.249210000,43.001550000,204.000
2.249250000,43.001490000,204.000
2.249370000,43.001260000,204.000
2.249840000,43.000330000,203.000
2.250040000,43.000040000,203.000
2.250260000,42.999760000,203.000
2.250290000,42.999720000,204.000
2.250460000,42.999510000,204.000
2.250720000,42.999210000,205.000
2.250950000,42.998980000,206.000
2.251230000,42.998740000,207.000
2.251460000,42.998590000,208.000
2.251580000,42.998500000,209.000
2.251690000,42.998420000,210.000
2.251890000,42.998210000,210.000
2.252150000,42.997920000,211.000
2.252310000,42.997680000,212.000
2.252430000,42.997380000,212.000
2.252480000,42.997260000,213.000
2.252530000,42.997090000,213.000
2.252550000,42.997020000,214.000
2.252610000,42.996850000,213.000
2.252630000,42.996800000,213.000
2.252710000,42.996610000,212.000
2.252810000,42.996390000,211.000
2.252870000,42.996260000,210.000
2.252990000,42.996080000,209.000
2.253090000,42.995870000,208.000
2.253270000,42.995590000,206.000
2.253450000,42.995320000,204.000
2.253560000,42.995190000,203.000
2.253730000,42.995010000,202.000
2.253930000,42.994830000,201.000
2.254120000,42.994690000,201.000
2.254310000,42.994570000,201.000
2.254540000,42.994430000,201.000
2.254710000,42.994340000,200.000
2.255190000,42.994090000,200.000
2.256160000,42.993580000,200.000
2.256420000,42.993440000,200.000
2.256610000,42.993320000,200.000
2.256750000,42.993230000,200.000
2.256900000,42.993120000,201.000
2.257120000,42.992940000,201.000
2.257430000,42.992660000,202.000
2.259210000,42.990990000,204.000
2.259800000,42.990410000,206.000
2.259940000,42.990300000,207.000
2.260120000,42.990190000,208.000
2.260250000,42.990120000,209.000
2.260450000,42.990030000,210.000
2.261200000,42.989740000,211.000
2.261420000,42.989650000,211.000
2.261630000,42.989540000,211.000
2.261800000,42.989460000,211.000
2.261930000,42.989370000,211.000
2.262060000,42.989280000,211.000
2.262190000,42.989150000,210.000
2.262330000,42.989000000,210.000
2.262440000,42.988840000,209.000
2.262500000,42.988720000,209.000
2.262540000,42.988590000,209.000
2.262580000,42.988440000,208.000
2.262610000,42.988200000,208.000
2.262600000,42.988170000,207.000
2.262600000,42.988070000,207.000
2.262570000,42.987860000,207.000
2.262460000,42.987120000,209.000
2.262400000,42.986740000,210.000
2.262380000,42.986540000,211.000
2.262370000,42.986370000,212.000
2.262370000,42.986280000,213.000
2.262390000,42.986180000,213.000
2.262410000,42.986040000,214.000
2.262470000,42.985880000,214.000
2.262870000,42.985160000,213.000
2.263110000,42.984770000,212.000
2.263310000,42.984490000,212.000
2.263560000,42.984170000,211.000
2.264120000,42.983520000,211.000
2.264250000,42.983350000,210.000
2.264970000,42.982270000,210.000
2.265200000,42.981900000,208.000
2.265350000,42.981620000,206.000
2.265400000,42.981470000,204.000
2.265420000,42.981350000,203.000
2.265410000,42.981150000,201.000
2.265370000,42.980980000,200.000
2.265320000,42.980830000,198.000
2.265270000,42.980710000,197.000
2.265180000,42.980580000,195.000
2.265100000,42.980480000,194.000
2.264970000,42.980340000,194.000
2.264230000,42.979600000,198.000
2.263940000,42.979300000,202.000
2.263810000,42.979120000,206.000
2.263750000,42.979010000,209.000
2.263700000,42.978900000,211.000
2.263650000,42.978770000,213.000
2.263600000,42.978620000,214.000
2.263440000,42.977940000,213.000
2.263320000,42.977380000,211.000
2.263150000,42.976510000,208.000
2.263100000,42.976370000,206.000
2.263050000,42.976220000,205.000
2.262950000,42.976070000,205.000
2.262810000,42.975900000,205.000
2.262680000,42.975780000,205.000
2.262540000,42.975660000,205.000
2.262390000,42.975550000,205.000
2.262220000,42.975440000,205.000
2.261440000,42.974920000,206.000
2.261290000,42.974790000,207.000
2.261170000,42.974670000,207.000
2.261080000,42.974550000,208.000
2.261000000,42.974420000,208.000
2.260940000,42.974290000,208.000
2.260890000,42.974180000,209.000
2.260630000,42.973390000,209.000
2.260570000,42.973190000,210.000
2.260540000,42.973010000,210.000
2.260540000,42.972850000,210.000
2.260550000,42.972710000,210.000
2.260570000,42.972580000,210.000
2.260660000,42.972210000,209.000
2.260690000,42.972050000,208.000
2.260700000,42.971960000,207.000
2.260710000,42.971830000,207.000
2.260700000,42.971680000,206.000
2.260680000,42.971540000,205.000
2.260630000,42.971400000,205.000
2.260570000,42.971280000,205.000
2.260520000,42.971180000,205.000
2.260460000,42.971090000,206.000
2.260350000,42.970960000,207.000
2.260260000,42.970870000,208.000
2.260150000,42.970770000,210.000
2.260030000,42.970680000,211.000
2.259800000,42.970520000,213.000
2.259710000,42.970450000,215.000
2.259630000,42.970370000,216.000
2.259540000,42.970270000,218.000
2.259480000,42.970180000,219.000
2.259430000,42.970080000,220.000
2.259400000,42.969990000,222.000
2.259380000,42.969900000,223.000
2.259370000,42.969810000,224.000
2.259370000,42.969730000,224.000
2.259380000,42.969650000,224.000
2.259400000,42.969560000,224.000
2.259440000,42.969430000,223.000
2.259480000,42.969350000,223.000
2.259550000,42.969210000,222.000
2.259640000,42.969050000,222.000
2.259760000,42.968900000,221.000
2.259860000,42.968810000,220.000
2.259980000,42.968720000,219.000
2.260140000,42.968610000,218.000
2.260360000,42.968480000,217.000
2.260490000,42.968390000,216.000
2.260590000,42.968290000,215.000
2.260670000,42.968190000,214.000
2.260730000,42.968110000,214.000
2.260780000,42.968000000,213.000
2.260810000,42.967910000,213.000
2.260830000,42.967820000,212.000
2.260830000,42.967740000,211.000
2.260810000,42.967660000,211.000
2.260780000,42.967570000,210.000
2.260750000,42.967510000,210.000
2.260680000,42.967430000,210.000
2.260620000,42.967360000,209.000
2.260530000,42.967280000,209.000
2.260420000,42.967210000,208.000
2.260290000,42.967140000,208.000
2.259770000,42.966900000,206.000
2.259660000,42.966840000,205.000
2.259560000,42.966780000,205.000
2.259480000,42.966720000,204.000
2.259410000,42.966660000,204.000
2.259340000,42.966580000,204.000
2.259260000,42.966470000,204.000
2.259180000,42.966340000,204.000
2.258740000,42.965580000,204.000
2.258290000,42.964820000,204.000
2.258190000,42.964670000,204.000
2.258080000,42.964550000,205.000
2.257980000,42.964460000,205.000
2.257890000,42.964390000,205.000
2.257490000,42.964110000,206.000
2.257380000,42.964020000,207.000
2.257280000,42.963930000,207.000
2.257160000,42.963790000,208.000
2.257040000,42.963630000,208.000
2.256980000,42.963500000,209.000
2.256920000,42.963320000,209.000
2.256580000,42.961910000,210.000
2.256440000,42.961320000,211.000
2.256420000,42.961170000,212.000
2.256410000,42.960990000,212.000
2.256440000,42.960730000,213.000
2.256510000,42.960490000,213.000
2.256580000,42.960320000,214.000
2.256670000,42.960180000,215.000
2.256780000,42.960030000,215.000
2.256940000,42.959870000,216.000
2.257040000,42.959780000,216.000
2.257210000,42.959650000,217.000
2.257290000,42.959590000,217.000
2.257670000,42.959400000,218.000
2.258280000,42.959200000,218.000
2.258410000,42.959150000,219.000
2.258800000,42.959030000,220.000
2.259050000,42.958960000,220.000
2.259180000,42.958910000,221.000
2.259330000,42.958850000,221.000
2.259480000,42.958780000,222.000
2.259640000,42.958680000,222.000
2.259750000,42.958590000,222.000
2.259780000,42.958570000,222.000
2.259850000,42.958510000,222.000
2.259900000,42.958460000,222.000
2.260100000,42.958250000,222.000
2.260170000,42.958110000,221.000
2.260210000,42.958010000,221.000
2.260290000,42.957710000,221.000
2.260290000,42.957470000,221.000
2.260280000,42.957400000,220.000
2.260240000,42.957280000,220.000
2.260190000,42.957170000,220.000
2.260140000,42.957050000,220.000
2.260070000,42.956930000,220.000
2.259960000,42.956790000,219.000
2.259800000,42.956640000,219.000
2.259640000,42.956510000,219.000
2.259420000,42.956380000,219.000
2.259270000,42.956310000,219.000
2.258260000,42.955910000,218.000
2.257070000,42.955450000,218.000
2.256740000,42.955320000,217.000
2.256540000,42.955240000,217.000
2.256370000,42.955160000,216.000
2.256200000,42.955080000,216.000
2.256100000,42.955040000,216.000
2.255890000,42.954930000,216.000
2.255520000,42.954780000,216.000
2.255270000,42.954630000,216.000
2.255000000,42.954380000,216.000
2.253930000,42.953300000,217.000
2.253690000,42.952970000,217.000
2.253650000,42.952890000,217.000
2.253530000,42.952680000,218.000
2.253480000,42.952570000,218.000
2.253450000,42.952430000,218.000
2.253430000,42.952130000,219.000
2.253460000,42.949480000,220.000
2.253430000,42.948410000,221.000
2.253440000,42.948190000,222.000
2.253510000,42.947870000,223.000
2.253610000,42.947560000,223.000
2.253790000,42.947240000,223.000
2.253960000,42.946970000,224.000
2.254130000,42.946750000,225.000
2.254290000,42.946550000,225.000
2.254570000,42.946240000,226.000
2.254610000,42.946210000,227.000
2.255410000,42.945400000,228.000
2.255610000,42.945190000,228.000
2.256070000,42.944700000,228.000
2.256200000,42.944530000,228.000
2.256280000,42.944350000,227.000
2.256320000,42.944230000,226.000
2.256330000,42.944200000,226.000
2.256340000,42.944140000,226.000
2.256350000,42.944020000,225.000
2.256290000,42.943790000,225.000
2.256200000,42.943610000,224.000
2.256070000,42.943450000,224.000
2.255920000,42.943320000,223.000
2.255900000,42.943310000,223.000
2.255770000,42.943210000,223.000
2.255600000,42.943090000,222.000
2.255570000,42.943070000,222.000
2.255450000,42.942980000,222.000
2.255370000,42.942910000,222.000
2.255130000,42.942730000,221.000
2.254980000,42.942590000,221.000
2.254810000,42.942450000,221.000
2.254500000,42.942220000,220.000
2.254360000,42.942120000,220.000
2.254240000,42.942030000,220.000
2.254080000,42.941900000,220.000
2.254050000,42.941880000,221.000
2.254020000,42.941860000,221.000
2.253780000,42.941670000,221.000
2.253640000,42.941560000,221.000
2.253610000,42.941540000,222.000
2.253500000,42.941450000,222.000
2.253370000,42.941360000,222.000
2.253310000,42.941310000,223.000
2.253230000,42.941250000,223.000
2.252870000,42.940960000,223.000
2.252510000,42.940740000,224.000
2.252290000,42.940630000,225.000
2.252240000,42.940610000,225.000
2.252130000,42.940560000,225.000
2.252090000,42.940550000,225.000
2.252010000,42.940510000,226.000
2.251670000,42.940430000,226.000
2.251240000,42.940340000,226.000
2.250590000,42.940240000,226.000
2.250420000,42.940210000,227.000
2.250340000,42.940200000,227.000
2.250100000,42.940150000,227.000
2.249630000,42.940070000,227.000
2.249550000,42.940050000,227.000
2.249470000,42.940040000,227.000
2.249370000,42.940020000,227.000
2.249210000,42.939990000,226.000
2.249060000,42.939970000,226.000
2.248920000,42.939930000,226.000
2.248660000,42.939890000,226.000
2.248330000,42.939830000,225.000
2.248100000,42.939780000,225.000
2.247980000,42.939760000,225.000
2.247840000,42.939730000,225.000
2.247530000,42.939680000,224.000
2.246410000,42.939480000,224.000
2.245860000,42.939380000,224.000
2.245270000,42.939270000,224.000
2.245060000,42.939250000,224.000
2.244880000,42.939240000,225.000
2.244620000,42.939250000,225.000
2.244400000,42.939260000,225.000
2.243970000,42.939320000,226.000
2.242670000,42.939470000,227.000
2.242210000,42.939480000,229.000
2.241790000,42.939440000,230.000
2.240510000,42.939240000,230.000
2.240390000,42.939210000,230.000
2.240060000,42.939150000,229.000
2.239480000,42.939040000,229.000
2.237340000,42.938620000,228.000
2.237070000,42.938540000,228.000
2.236960000,42.938500000,227.000
2.236850000,42.938450000,227.000
2.236680000,42.938340000,227.000
2.236510000,42.938210000,227.000
2.236410000,42.938100000,227.000
2.236270000,42.937900000,227.000
2.235680000,42.937030000,227.000
2.235470000,42.936810000,227.000
2.235400000,42.936810000,228.000
2.235330000,42.936800000,228.000
2.235270000,42.936770000,228.000
2.235230000,42.936730000,228.000
2.235200000,42.936690000,228.000
2.235200000,42.936640000,228.000
2.235210000,42.936590000,228.000
2.235250000,42.936550000,228.000
2.235290000,42.936520000,228.000
2.235240000,42.936220000,229.000
2.235060000,42.935700000,229.000
2.234920000,42.935290000,230.000
2.234750000,42.934850000,230.000
2.234650000,42.934620000,230.000
2.234550000,42.934460000,230.000
2.234430000,42.934280000,230.000
2.234320000,42.934150000,229.000
2.234150000,42.933970000,229.000
2.233990000,42.933850000,229.000
2.233660000,42.933620000,229.000
2.232640000,42.933150000,230.000
2.231420000,42.932600000,233.000
2.231340000,42.932570000,234.000
2.230630000,42.932250000,236.000
2.229640000,42.931810000,238.000
2.228650000,42.931360000,241.000
2.228180000,42.931150000,243.000
2.227970000,42.931060000,244.000
2.226940000,42.930600000,246.000
2.226680000,42.930480000,247.000
2.226220000,42.930270000,249.000
2.225770000,42.930060000,250.000
2.225680000,42.930020000,252.000
2.225500000,42.929970000,253.000
2.225320000,42.929920000,254.000
2.225130000,42.929890000,254.000
2.224920000,42.929860000,255.000
2.224700000,42.929850000,256.000
2.224560000,42.929850000,257.000
2.223780000,42.929840000,258.000
2.223370000,42.929820000,259.000
2.222500000,42.929780000,259.000
2.222150000,42.929740000,259.000
2.221980000,42.929730000,259.000
2.221810000,42.929700000,258.000
2.221640000,42.929660000,258.000
2.221140000,42.929540000,258.000
2.220920000,42.929460000,257.000
2.220700000,42.929370000,257.000
2.220460000,42.929270000,256.000
2.220230000,42.929140000,255.000
2.220030000,42.929000000,255.000
2.219890000,42.928870000,254.000
2.219740000,42.928680000,254.000
2.219620000,42.928480000,253.000
2.219540000,42.928270000,253.000
2.219520000,42.928200000,252.000
2.219480000,42.927980000,252.000
2.219480000,42.927760000,253.000
2.219500000,42.927690000,253.000
2.219720000,42.927140000,254.000
2.219810000,42.926900000,254.000
2.219880000,42.926710000,255.000
2.219910000,42.926600000,256.000
2.219950000,42.926460000,256.000
2.219970000,42.926310000,256.000
2.219970000,42.926170000,256.000
2.219950000,42.926030000,255.000
2.219910000,42.925900000,254.000
2.219850000,42.925730000,253.000
2.219780000,42.925570000,252.000
2.219430000,42.924900000,250.000
2.219380000,42.924790000,247.000
2.219170000,42.924520000,245.000
2.218420000,42.923830000,245.000
2.218320000,42.923730000,245.000
2.218220000,42.923630000,246.000
2.218140000,42.923540000,246.000
2.218120000,42.923500000,247.000
2.217990000,42.923280000,247.000
2.217780000,42.922950000,248.000
2.217590000,42.922600000,249.000
2.217500000,42.922470000,249.000
2.217330000,42.922190000,249.000
2.217240000,42.922060000,249.000
2.217190000,42.921980000,249.000
2.217050000,42.921840000,248.000
2.216960000,42.921770000,248.000
2.216750000,42.921620000,248.000
2.216160000,42.921390000,248.000
2.214970000,42.921170000,247.000
2.213490000,42.920850000,245.000
2.213450000,42.920840000,244.000
2.212910000,42.920730000,244.000
2.212520000,42.920610000,244.000
2.212190000,42.920450000,244.000
2.211970000,42.920310000,244.000
2.211880000,42.920260000,244.000
2.211770000,42.920180000,244.000
2.211210000,42.919710000,244.000
2.210990000,42.919550000,244.000
2.210520000,42.919160000,244.000
2.209710000,42.918490000,244.000
2.209530000,42.918270000,244.000
2.209350000,42.917980000,244.000
2.209180000,42.917630000,245.000
2.209090000,42.917390000,247.000
2.209040000,42.917300000,248.000
2.209010000,42.917230000,248.000
2.208880000,42.916970000,250.000
2.208750000,42.916660000,251.000
2.208740000,42.916510000,252.000
2.208740000,42.916460000,253.000
2.208740000,42.916430000,253.000
2.208750000,42.916330000,253.000
2.208780000,42.916130000,253.000
2.208800000,42.915960000,252.000
2.208810000,42.915860000,252.000
2.208810000,42.915790000,251.000
2.208810000,42.915710000,250.000
2.208800000,42.915590000,250.000
2.208770000,42.915490000,249.000
2.208730000,42.915370000,248.000
2.208650000,42.915060000,247.000
2.208600000,42.914900000,246.000
2.208530000,42.914750000,245.000
2.208420000,42.914570000,244.000
2.208320000,42.914440000,243.000
2.208190000,42.914270000,244.000
2.208120000,42.914170000,244.000
2.208030000,42.914080000,245.000
2.207960000,42.914000000,245.000
2.207850000,42.913900000,246.000
2.207760000,42.913830000,247.000
2.207660000,42.913770000,247.000
2.207510000,42.913700000,248.000
2.207370000,42.913660000,249.000
2.207210000,42.913620000,250.000
2.207050000,42.913590000,250.000
2.206890000,42.913560000,251.000
2.206820000,42.913550000,252.000
2.206410000,42.913520000,253.000
2.206000000,42.913490000,254.000
2.205660000,42.913490000,255.000
2.205600000,42.913490000,255.000
2.205370000,42.913500000,255.000
2.205340000,42.913500000,255.000
2.205250000,42.913490000,256.000
2.205060000,42.913490000,256.000
2.203650000,42.913460000,256.000
2.203500000,42.913460000,256.000
2.202970000,42.913460000,256.000
2.202890000,42.913460000,256.000
2.202140000,42.913450000,255.000
2.201710000,42.913440000,255.000
2.201160000,42.913410000,255.000
2.200820000,42.913400000,255.000
2.200060000,42.913370000,256.000
2.199560000,42.913310000,257.000
2.199250000,42.913230000,259.000
2.198940000,42.913070000,260.000
2.198690000,42.912880000,262.000
2.198430000,42.912530000,263.000
2.198010000,42.911820000,265.000
2.197860000,42.911600000,267.000
2.197800000,42.911480000,268.000
2.197730000,42.911280000,269.000
2.197690000,42.911130000,270.000
2.197690000,42.910980000,270.000
2.197690000,42.910670000,269.000
2.197670000,42.910510000,268.000
2.197590000,42.910270000,267.000
2.197270000,42.909900000,265.000
2.196850000,42.909630000,263.000
2.196110000,42.909220000,260.000
2.195230000,42.908740000,258.000
2.194470000,42.908260000,258.000
2.193660000,42.907700000,258.000
2.192690000,42.906860000,259.000
2.191900000,42.906070000,260.000
2.189660000,42.903670000,263.000
2.189360000,42.903280000,265.000
2.189140000,42.902900000,268.000
2.189060000,42.902660000,271.000
2.189040000,42.902440000,273.000
2.188980000,42.901840000,276.000
2.188930000,42.901520000,277.000
2.188800000,42.901040000,276.000
2.188700000,42.900810000,274.000
2.188660000,42.900740000,272.000
2.188590000,42.900600000,270.000
2.188410000,42.900310000,268.000
2.188130000,42.899970000,265.000
2.187670000,42.899500000,265.000
2.187530000,42.899350000,267.000
2.187390000,42.899170000,269.000
2.187210000,42.898900000,271.000
2.187000000,42.898490000,275.000
2.186930000,42.898290000,279.000
2.186910000,42.898140000,281.000
2.186900000,42.897960000,282.000
2.186940000,42.897760000,282.000
2.187030000,42.897580000,282.000
2.187140000,42.897390000,282.000
2.187290000,42.897220000,281.000
2.187500000,42.897050000,280.000
2.187640000,42.896970000,279.000
2.187740000,42.896910000,279.000
2.187950000,42.896820000,278.000
2.188240000,42.896740000,277.000
2.188340000,42.896710000,277.000
2.188770000,42.896600000,276.000
2.189070000,42.896500000,276.000
2.189260000,42.896430000,276.000
2.189430000,42.896350000,276.000
2.189590000,42.896280000,276.000
2.189820000,42.896150000,276.000
2.189990000,42.896030000,276.000
2.190330000,42.895790000,276.000
2.190700000,42.895520000,276.000
2.190810000,42.895450000,276.000
2.190950000,42.895380000,276.000
2.191060000,42.895330000,276.000
2.191220000,42.895290000,276.000
2.191380000,42.895250000,276.000
2.191730000,42.895180000,276.000
2.191920000,42.895140000,276.000
2.192100000,42.895090000,276.000
2.192260000,42.895040000,275.000
2.193180000,42.894660000,275.000
2.193460000,42.894520000,275.000
2.193770000,42.894350000,274.000
2.194020000,42.894160000,274.000
2.194060000,42.894070000,274.000
2.194090000,42.894030000,273.000
2.194080000,42.893970000,273.000
2.194130000,42.893910000,273.000
2.194180000,42.893880000,273.000
2.194240000,42.893870000,273.000
2.194380000,42.893770000,273.000
2.194510000,42.893520000,273.000
2.195300000,42.891970000,272.000
2.195410000,42.891750000,271.000
2.195440000,42.891640000,271.000
2.195460000,42.891540000,271.000
2.195460000,42.891460000,271.000
2.195450000,42.891370000,271.000
2.195440000,42.891290000,271.000
2.195420000,42.891210000,271.000
2.195390000,42.891140000,271.000
2.195350000,42.891050000,271.000
2.195110000,42.890670000,271.000
2.194980000,42.890470000,272.000
2.194910000,42.890380000,272.000
2.193800000,42.888840000,273.000
2.193330000,42.888160000,273.000
2.193160000,42.887910000,272.000
2.192890000,42.887540000,271.000
2.192540000,42.887050000,269.000
2.192260000,42.886660000,269.000
2.192150000,42.886510000,269.000
2.191490000,42.885580000,272.000
2.191380000,42.885430000,274.000
2.191030000,42.884950000,275.000
2.190740000,42.884560000,276.000
2.190530000,42.884280000,276.000
2.190440000,42.884110000,275.000
2.190390000,42.883940000,275.000
2.190370000,42.883770000,275.000
2.190370000,42.883500000,275.000
2.190410000,42.882920000,277.000
2.190500000,42.882000000,280.000
2.190500000,42.881880000,282.000
2.190490000,42.881820000,283.000
2.190460000,42.881690000,284.000
2.190390000,42.881550000,284.000
2.190190000,42.881230000,283.000
2.189970000,42.880870000,281.000
2.189620000,42.880300000,279.000
2.189570000,42.880210000,277.000
2.189510000,42.880120000,275.000
2.189460000,42.880040000,275.000
2.189220000,42.879650000,274.000
2.189090000,42.879430000,274.000
2.188770000,42.878920000,275.000
2.188680000,42.878770000,275.000
2.188660000,42.878740000,276.000
2.188600000,42.878630000,276.000
2.188420000,42.878350000,277.000
2.188270000,42.878180000,277.000
2.188230000,42.878140000,277.000
2.188180000,42.878090000,277.000
2.188090000,42.878030000,278.000
2.188030000,42.877990000,278.000
2.187950000,42.877950000,278.000
2.187810000,42.877900000,278.000
2.187700000,42.877880000,278.000
2.187560000,42.877860000,278.000
2.187020000,42.877810000,278.000
2.186950000,42.877810000,278.000
2.186880000,42.877800000,279.000
2.186720000,42.877790000,279.000
2.186320000,42.877760000,279.000
2.185870000,42.877720000,279.000
2.185380000,42.877680000,280.000
2.184840000,42.877640000,281.000
2.184420000,42.877610000,283.000
2.184260000,42.877600000,284.000
2.184230000,42.877600000,285.000
2.184090000,42.877590000,285.000
2.183900000,42.877560000,286.000
2.183840000,42.877660000,287.000
2.183660000,42.877990000,288.000
2.183590000,42.878080000,289.000
2.183540000,42.878120000,290.000
2.183490000,42.878150000,290.000
2.183420000,42.878190000,291.000
2.183340000,42.878210000,291.000
2.183240000,42.878210000,292.000
2.182920000,42.878200000,292.000
2.182630000,42.878170000,293.000
2.182390000,42.878140000,294.000
2.182130000,42.878090000,295.000
2.181230000,42.877900000,296.000
2.181050000,42.877880000,298.000
2.180840000,42.877880000,299.000
2.180580000,42.877900000,300.000
2.180370000,42.877930000,301.000
2.180160000,42.877970000,302.000
2.179940000,42.878030000,303.000
2.179740000,42.878100000,304.000
2.179550000,42.878170000,305.000
2.179380000,42.878250000,306.000
2.179240000,42.878340000,307.000
2.179160000,42.878400000,308.000
2.179010000,42.878540000,309.000
2.178890000,42.878680000,310.000
2.178730000,42.878830000,311.000
2.178660000,42.878910000,312.000
2.178590000,42.878950000,312.000
2.178490000,42.878990000,313.000
2.178390000,42.879020000,314.000
2.178260000,42.879040000,314.000
2.178050000,42.879060000,315.000
2.177890000,42.879080000,316.000
2.177740000,42.879110000,317.000
2.177600000,42.879150000,318.000
2.177460000,42.879210000,318.000
2.177280000,42.879290000,319.000
2.176710000,42.879620000,321.000
2.176500000,42.879740000,323.000
2.176340000,42.879840000,325.000
2.176180000,42.879970000,327.000
2.175950000,42.880190000,329.000
2.175770000,42.880330000,331.000
2.175620000,42.880430000,333.000
2.175410000,42.880520000,335.000
2.175180000,42.880610000,338.000
2.175070000,42.880640000,339.000
2.174990000,42.880650000,341.000
2.174900000,42.880650000,342.000
2.174830000,42.880620000,343.000
2.174770000,42.880580000,344.000
2.174710000,42.880510000,344.000
2.174660000,42.880430000,345.000
2.174610000,42.880320000,345.000
2.174580000,42.880200000,345.000
2.174570000,42.880090000,346.000
2.174570000,42.880000000,346.000
2.174580000,42.879920000,346.000
2.174650000,42.879660000,346.000
2.174660000,42.879550000,346.000
2.174660000,42.879440000,346.000
2.174630000,42.879330000,347.000
2.174510000,42.879000000,347.000
2.174400000,42.878790000,347.000
2.174300000,42.878660000,347.000
2.174210000,42.878590000,348.000
2.174120000,42.878520000,348.000
2.174010000,42.878470000,349.000
2.173860000,42.878440000,350.000
2.173710000,42.878440000,350.000
2.173540000,42.878460000,351.000
2.173400000,42.878490000,351.000
2.173270000,42.878520000,352.000
2.173160000,42.878570000,353.000
2.173050000,42.878640000,353.000
2.172160000,42.879250000,355.000
2.171900000,42.879410000,358.000
2.171770000,42.879500000,359.000
2.171580000,42.879610000,361.000
2.171390000,42.879700000,363.000
2.171190000,42.879790000,365.000
2.171030000,42.879840000,366.000
2.170750000,42.879910000,368.000
2.170360000,42.879990000,370.000
2.170260000,42.880000000,372.000
2.170150000,42.879980000,373.000
2.170070000,42.879930000,374.000
2.170000000,42.879870000,375.000
2.169950000,42.879800000,376.000
2.169840000,42.879620000,377.000
2.169740000,42.879440000,379.000
2.169680000,42.879360000,380.000
2.169630000,42.879320000,380.000
2.169540000,42.879290000,381.000
2.169450000,42.879280000,382.000
2.169360000,42.879290000,382.000
2.169260000,42.879320000,383.000
2.169060000,42.879410000,384.000
2.168790000,42.879540000,385.000
2.168650000,42.879590000,386.000
2.168490000,42.879620000,387.000
2.168320000,42.879640000,388.000
2.168160000,42.879640000,388.000
2.167930000,42.879640000,389.000
2.167820000,42.879640000,390.000
2.167740000,42.879650000,391.000
2.167660000,42.879690000,392.000
2.167590000,42.879730000,393.000
2.167510000,42.879810000,393.000
2.167270000,42.880110000,395.000
2.167210000,42.880160000,396.000
2.167120000,42.880200000,397.000
2.167010000,42.880220000,398.000
2.166900000,42.880220000,399.000
2.166780000,42.880210000,400.000
2.166490000,42.880180000,401.000
2.166200000,42.880130000,402.000
2.165740000,42.880020000,404.000
2.165570000,42.879980000,406.000
2.165430000,42.879970000,408.000
2.165290000,42.879960000,409.000
2.164790000,42.879960000,411.000
2.164660000,42.879960000,413.000
2.164510000,42.879940000,415.000
2.164160000,42.879890000,417.000
2.163850000,42.879840000,419.000
2.163620000,42.879800000,421.000
2.163520000,42.879760000,422.000
2.163450000,42.879730000,424.000
2.163410000,42.879700000,425.000
2.163380000,42.879680000,425.000
2.163350000,42.879620000,426.000
2.163330000,42.879560000,427.000
2.163350000,42.879490000,427.000
2.163380000,42.879430000,428.000
2.163420000,42.879380000,428.000
2.163490000,42.879320000,428.000
2.164080000,42.878910000,430.000
2.164160000,42.878840000,431.000
2.164230000,42.878770000,432.000
2.164300000,42.878690000,433.000
2.164350000,42.878590000,433.000
2.164390000,42.878500000,434.000
2.164500000,42.878080000,435.000
2.164530000,42.878000000,436.000
2.164570000,42.877920000,437.000
2.164610000,42.877850000,437.000
2.164650000,42.877790000,438.000
2.164720000,42.877730000,438.000
2.164800000,42.877660000,439.000
2.165140000,42.877400000,440.000
2.165190000,42.877350000,440.000
2.165210000,42.877290000,441.000
2.165210000,42.877230000,441.000
2.165180000,42.877160000,442.000
2.165140000,42.877110000,442.000
2.164970000,42.876960000,442.000
2.164930000,42.876900000,443.000
2.164900000,42.876840000,443.000
2.164890000,42.876780000,444.000
2.164900000,42.876570000,444.000
2.164880000,42.876490000,445.000
2.164850000,42.876420000,445.000
2.164800000,42.876350000,445.000
2.164740000,42.876290000,446.000
2.164660000,42.876250000,446.000
2.164570000,42.876210000,447.000
2.164450000,42.876180000,447.000
2.164290000,42.876150000,448.000
2.163880000,42.876100000,449.000
2.163800000,42.876090000,449.000
2.163720000,42.876070000,450.000
2.163650000,42.876050000,450.000
2.163560000,42.876020000,451.000
2.163470000,42.875980000,451.000
2.163380000,42.875930000,452.000
2.163300000,42.875860000,452.000
2.163240000,42.875790000,453.000
2.163230000,42.875760000,453.000
2.163210000,42.875730000,453.000
2.163190000,42.875660000,454.000
2.163200000,42.875590000,454.000
2.163230000,42.875520000,454.000
2.163340000,42.875290000,455.000
2.163340000,42.875220000,456.000
2.163330000,42.875160000,456.000
2.163310000,42.875090000,457.000
2.163260000,42.875040000,457.000
2.163180000,42.874980000,458.000
2.163090000,42.874940000,458.000
2.162820000,42.874820000,459.000
2.162710000,42.874760000,460.000
2.162350000,42.874490000,461.000
2.162260000,42.874400000,462.000
2.162200000,42.874330000,463.000
2.162170000,42.874270000,463.000
2.162150000,42.874190000,464.000
2.162120000,42.873960000,465.000
2.162100000,42.873900000,466.000
2.162060000,42.873830000,466.000
2.161990000,42.873780000,467.000
2.161900000,42.873750000,467.000
2.161800000,42.873730000,468.000
2.161680000,42.873730000,469.000
2.161530000,42.873730000,469.000
2.161320000,42.873750000,470.000
2.161000000,42.873780000,472.000
2.160860000,42.873780000,473.000
2.160730000,42.873770000,474.000
2.160570000,42.873750000,475.000
2.159970000,42.873640000,477.000
2.159040000,42.873480000,480.000
2.158930000,42.873470000,482.000
2.158810000,42.873460000,484.000
2.158690000,42.873460000,486.000
2.158450000,42.873470000,487.000
2.158350000,42.873460000,488.000
2.158260000,42.873430000,489.000
2.158170000,42.873400000,490.000
2.158100000,42.873350000,491.000
2.158060000,42.873290000,491.000
2.158030000,42.873240000,492.000
2.157990000,42.873120000,493.000
2.157940000,42.873050000,493.000
2.157870000,42.872990000,494.000
2.157770000,42.872930000,495.000
2.157690000,42.872890000,495.000
2.157590000,42.872860000,496.000
2.157490000,42.872840000,497.000
2.156350000,42.872690000,499.000
2.156050000,42.872640000,502.000
2.155920000,42.872620000,504.000
2.155790000,42.872580000,505.000
2.155700000,42.872530000,507.000
2.155460000,42.872410000,508.000
2.155340000,42.872370000,509.000
2.155220000,42.872330000,511.000
2.155090000,42.872310000,512.000
2.154950000,42.872290000,513.000
2.154620000,42.872280000,514.000
2.154530000,42.872260000,515.000
2.154430000,42.872230000,516.000
2.154340000,42.872190000,517.000
2.154240000,42.872130000,518.000
2.154050000,42.871910000,520.000
2.154010000,42.871860000,521.000
2.153990000,42.871800000,522.000
2.153980000,42.871740000,523.000
2.154000000,42.871680000,523.000
2.154070000,42.871600000,524.000
2.154120000,42.871550000,525.000
2.154140000,42.871500000,525.000
2.154150000,42.871440000,526.000
2.154130000,42.871380000,527.000
2.154090000,42.871330000,527.000
2.154020000,42.871300000,528.000
2.153940000,42.871290000,528.000
2.153870000,42.871300000,529.000
2.153810000,42.871310000,529.000
2.153750000,42.871330000,530.000
2.153690000,42.871380000,530.000
2.153640000,42.871450000,531.000
2.153600000,42.871540000,532.000
2.153590000,42.871630000,532.000
2.153600000,42.871740000,533.000
2.153640000,42.871850000,534.000
2.153760000,42.872050000,536.000
2.153870000,42.872170000,537.000
2.153990000,42.872290000,538.000
2.154100000,42.872380000,538.000
2.154220000,42.872450000,538.000
2.154350000,42.872520000,538.000
2.155370000,42.872990000,538.000
2.156150000,42.873390000,537.000
2.156240000,42.873440000,536.000
2.156320000,42.873510000,536.000
2.156380000,42.873600000,536.000
2.156400000,42.873670000,537.000
2.156410000,42.873740000,537.000
2.156400000,42.873810000,537.000
2.156390000,42.873880000,538.000
2.156320000,42.874050000,539.000
2.156300000,42.874120000,540.000
2.156300000,42.874190000,540.000
2.156320000,42.874260000,541.000
2.156350000,42.874320000,541.000
2.156400000,42.874400000,542.000
2.156470000,42.874460000,543.000
2.156540000,42.874520000,543.000
2.156630000,42.874570000,544.000
2.156740000,42.874610000,545.000
2.156970000,42.874680000,546.000
2.157070000,42.874730000,546.000
2.157140000,42.874790000,547.000
2.157210000,42.874870000,548.000
2.157240000,42.874950000,549.000
2.157260000,42.875020000,550.000
2.157270000,42.875180000,551.000
2.157290000,42.875260000,553.000
2.157320000,42.875330000,554.000
2.157380000,42.875420000,555.000
2.157430000,42.875490000,557.000
2.157600000,42.875630000,559.000
2.157660000,42.875710000,560.000
2.157690000,42.875800000,562.000
2.157690000,42.875880000,563.000
2.157680000,42.875960000,565.000
2.157540000,42.876220000,567.000
2.157530000,42.876280000,569.000
2.157530000,42.876330000,571.000
2.157550000,42.876410000,572.000
2.157590000,42.876490000,573.000
2.157650000,42.876560000,575.000
2.157720000,42.876630000,576.000
2.157810000,42.876680000,576.000
2.157920000,42.876740000,577.000
2.158120000,42.876800000,577.000
2.158500000,42.876930000,577.000
2.158630000,42.876990000,577.000
2.158720000,42.877030000,577.000
2.158790000,42.877080000,577.000
2.158860000,42.877150000,577.000
2.158910000,42.877210000,577.000
2.158960000,42.877280000,577.000
2.159010000,42.877370000,577.000
2.159100000,42.877620000,577.000
2.159120000,42.877720000,577.000
2.159130000,42.877830000,577.000
2.159130000,42.877900000,577.000
2.159120000,42.878000000,577.000
2.159100000,42.878090000,578.000
2.159070000,42.878170000,578.000
2.159020000,42.878250000,579.000
2.158930000,42.878370000,579.000
2.158840000,42.878480000,580.000
2.158740000,42.878580000,581.000
2.158630000,42.878660000,582.000
2.158530000,42.878720000,583.000
2.158370000,42.878800000,583.000
2.158200000,42.878870000,584.000
2.157970000,42.878950000,586.000
2.157310000,42.879110000,588.000
2.157040000,42.879190000,590.000
2.156520000,42.879340000,592.000
2.155780000,42.879570000,596.000
2.155160000,42.879770000,600.000
2.154960000,42.879810000,604.000
2.154960000,42.879760000,606.000
2.154960000,42.879720000,608.000
2.155000000,42.879650000,609.000
2.155080000,42.879600000,609.000
2.156080000,42.879240000,610.000
2.156620000,42.879010000,611.000
2.156730000,42.878950000,611.000
2.156840000,42.878880000,612.000
2.156990000,42.878760000,612.000
2.157100000,42.878660000,612.000
2.157180000,42.878570000,613.000
2.157220000,42.878480000,614.000
2.157240000,42.878390000,614.000
2.157230000,42.878320000,615.000
2.157200000,42.878240000,615.000
2.157140000,42.878160000,616.000
2.157050000,42.878090000,616.000
2.156940000,42.878030000,617.000
2.156750000,42.877950000,618.000
2.156320000,42.877800000,619.000
2.156040000,42.877720000,620.000
2.155890000,42.877670000,622.000
2.155780000,42.877610000,623.000
2.155680000,42.877540000,623.000
2.155480000,42.877400000,624.000
2.155320000,42.877310000,625.000
2.154730000,42.877020000,626.000
2.154610000,42.876950000,627.000
2.154500000,42.876880000,627.000
2.154410000,42.876800000,628.000
2.154350000,42.876720000,628.000
2.154290000,42.876620000,629.000
2.154010000,42.876080000,630.000
2.153950000,42.875990000,631.000
2.153880000,42.875910000,632.000
2.153530000,42.875580000,634.000
2.153390000,42.875420000,636.000
2.153250000,42.875280000,639.000
2.152950000,42.875020000,642.000
2.152900000,42.874990000,644.000
2.152830000,42.874970000,645.000
2.152760000,42.874960000,647.000
2.152710000,42.874990000,648.000
2.152690000,42.875040000,649.000
2.152720000,42.875100000,650.000
2.152860000,42.875250000,651.000
2.152920000,42.875330000,652.000
2.152950000,42.875410000,653.000
2.152960000,42.875490000,654.000
2.152950000,42.875570000,655.000
2.152930000,42.875860000,656.000
2.152930000,42.875990000,657.000
2.152940000,42.876160000,658.000
2.152940000,42.876250000,659.000
2.152920000,42.876320000,660.000
2.152890000,42.876410000,661.000
2.152800000,42.876540000,662.000
2.152650000,42.876720000,663.000
2.152250000,42.877100000,665.000
2.152200000,42.877180000,667.000
2.152170000,42.877260000,668.000
2.152150000,42.877350000,669.000
2.152160000,42.877440000,670.000
2.152150000,42.877500000,670.000
2.152120000,42.877560000,671.000
2.152060000,42.877600000,671.000
2.151970000,42.877640000,671.000
2.151860000,42.877670000,672.000
2.151790000,42.877680000,672.000
2.151730000,42.877540000,673.000
2.151730000,42.877510000,673.000
2.151660000,42.877290000,674.000
2.151590000,42.877120000,674.000
2.151570000,42.876980000,675.000
2.151580000,42.876840000,675.000
2.151720000,42.876440000,676.000
2.151760000,42.876240000,677.000
2.151760000,42.876060000,678.000
2.151730000,42.875930000,679.000
2.151660000,42.875770000,679.000
2.151550000,42.875610000,680.000
2.151400000,42.875460000,680.000
2.151160000,42.875280000,681.000
2.150780000,42.874990000,681.000
2.150470000,42.874780000,682.000
2.150250000,42.874680000,683.000
2.150020000,42.874610000,683.000
2.149750000,42.874560000,684.000
2.149560000,42.874560000,685.000
2.149350000,42.874580000,685.000
2.148880000,42.874710000,686.000
2.148650000,42.874750000,687.000
2.148440000,42.874740000,687.000
2.148250000,42.874690000,688.000
2.148070000,42.874610000,688.000
2.147920000,42.874500000,689.000
2.147830000,42.874400000,690.000
2.147680000,42.874110000,691.000
2.147580000,42.873960000,692.000
2.147430000,42.873790000,693.000
2.147210000,42.873640000,695.000
2.146990000,42.873530000,696.000
2.146710000,42.873430000,697.000
2.146380000,42.873340000,699.000
2.145680000,42.873190000,701.000
2.145160000,42.873090000,704.000
2.144850000,42.873030000,706.000
2.144620000,42.872960000,708.000
2.144370000,42.872840000,710.000
2.142900000,42.872180000,715.000
2.142030000,42.871710000,719.000
2.141710000,42.871550000,722.000
2.141480000,42.871450000,724.000
2.141130000,42.871330000,726.000
2.140390000,42.871090000,727.000
2.140170000,42.871010000,729.000
2.139980000,42.870900000,731.000
2.139810000,42.870780000,732.000
2.139690000,42.870640000,734.000
2.139450000,42.870350000,736.000
2.139290000,42.870220000,738.000
2.139080000,42.870110000,740.000
2.138930000,42.870060000,742.000
2.138710000,42.870050000,744.000
2.138530000,42.870090000,745.000
2.138400000,42.870200000,747.000
2.138340000,42.870340000,748.000
2.138340000,42.870680000,749.000
2.138310000,42.870810000,750.000
2.138200000,42.871010000,751.000
2.138140000,42.871180000,752.000
2.138130000,42.871310000,752.000
2.138160000,42.871430000,753.000
2.138270000,42.871540000,754.000
2.138390000,42.871590000,754.000
2.138560000,42.871610000,755.000
2.138710000,42.871600000,755.000
2.138940000,42.871540000,756.000
2.139140000,42.871500000,757.000
2.139310000,42.871500000,758.000
2.139500000,42.871540000,758.000
2.140070000,42.871810000,760.000
2.140210000,42.871920000,761.000
2.140290000,42.872030000,762.000
2.140290000,42.872140000,763.000
2.140150000,42.872710000,764.000
2.140090000,42.872840000,765.000
2.140010000,42.872950000,766.000
2.139500000,42.873340000,766.000
2.139260000,42.873550000,766.000
2.139020000,42.873870000,766.000
2.138920000,42.873990000,766.000
2.138770000,42.874070000,766.000
2.138650000,42.874110000,766.000
2.138470000,42.874120000,766.000
2.138200000,42.874050000,767.000
2.138020000,42.874030000,767.000
2.137860000,42.874050000,768.000
2.137710000,42.874150000,769.000
2.137630000,42.874350000,770.000
2.137550000,42.874520000,771.000
2.137440000,42.874610000,772.000
2.137300000,42.874670000,773.000
2.137200000,42.874680000,773.000
2.137100000,42.874680000,774.000
2.136990000,42.874670000,775.000
2.136880000,42.874640000,775.000
2.136730000,42.874550000,776.000
2.136640000,42.874380000,777.000
2.136560000,42.874120000,778.000
2.136500000,42.873780000,780.000
2.136450000,42.873630000,782.000
2.136270000,42.873440000,784.000
2.136220000,42.873310000,785.000
2.136200000,42.873110000,787.000
2.136240000,42.872570000,789.000
2.136290000,42.872450000,791.000
2.136580000,42.872170000,792.000
2.136640000,42.872040000,792.000
2.136730000,42.871420000,791.000
2.136720000,42.871280000,791.000
2.136670000,42.871160000,790.000
2.136570000,42.871100000,790.000
2.136280000,42.871010000,790.000
2.136060000,42.870930000,790.000
2.135900000,42.870840000,790.000
2.135470000,42.870500000,791.000
2.134910000,42.870030000,794.000
2.134540000,42.869720000,796.000
2.134220000,42.869570000,798.000
2.133910000,42.869370000,800.000
2.133730000,42.869290000,802.000
2.133510000,42.869240000,803.000
2.133010000,42.869030000,804.000
2.132640000,42.868770000,805.000
2.132250000,42.868470000,807.000
2.131890000,42.868150000,809.000
2.131630000,42.868030000,810.000
2.131310000,42.867980000,812.000
2.130880000,42.867980000,814.000
2.130630000,42.867900000,816.000
2.130330000,42.867670000,818.000
2.129890000,42.867320000,820.000
2.129610000,42.867190000,822.000
2.129330000,42.867110000,825.000
2.128820000,42.867060000,828.000
2.128530000,42.866990000,832.000
2.128400000,42.866920000,834.000
2.128310000,42.866850000,837.000
2.128230000,42.866710000,839.000
2.128100000,42.866200000,842.000
2.128010000,42.865870000,845.000
2.127660000,42.865220000,847.000
2.127560000,42.865000000,848.000
2.127530000,42.864910000,849.000
2.127530000,42.864830000,849.000
2.127530000,42.864760000,850.000
2.127560000,42.864690000,850.000
2.127620000,42.864550000,850.000
2.127640000,42.864510000,850.000
2.127660000,42.864450000,850.000
2.127660000,42.864400000,850.000
2.127640000,42.864330000,851.000
2.127450000,42.863940000,851.000
2.127310000,42.863680000,852.000
2.127270000,42.863560000,853.000
2.127240000,42.863360000,854.000
2.127290000,42.862660000,856.000
2.127270000,42.862600000,857.000
2.127190000,42.862520000,859.000
2.127030000,42.862430000,860.000
2.126540000,42.862240000,862.000
2.126510000,42.862230000,863.000
2.125760000,42.861950000,866.000
2.125720000,42.861930000,868.000
2.125300000,42.861760000,870.000
2.124990000,42.861680000,872.000
2.124720000,42.861650000,874.000
2.124330000,42.861640000,876.000
2.122880000,42.861610000,880.000
2.122340000,42.861620000,883.000
2.121890000,42.861650000,885.000
2.121650000,42.861680000,886.000
2.121430000,42.861740000,886.000
2.121300000,42.861800000,886.000
2.121140000,42.861880000,886.000
2.119170000,42.862970000,882.000
2.117180000,42.864080000,879.000
2.117090000,42.864110000,877.000
2.116970000,42.864140000,875.000
2.116840000,42.864160000,874.000
2.116720000,42.864170000,874.000
2.116600000,42.864170000,874.000
2.115780000,42.864100000,875.000
2.115270000,42.864050000,876.000
2.115150000,42.864020000,877.000
2.115010000,42.863990000,878.000
2.114920000,42.863970000,879.000
2.114820000,42.863910000,880.000
2.114730000,42.863860000,880.000
2.114360000,42.863560000,879.000
2.114160000,42.863430000,877.000
2.113330000,42.862970000,873.000
2.113130000,42.862880000,870.000
2.112500000,42.862650000,865.000
2.111870000,42.862420000,862.000
2.111670000,42.862340000,859.000
2.111560000,42.862280000,858.000
2.111470000,42.862210000,856.000
2.111410000,42.862150000,855.000
2.111360000,42.862070000,855.000
2.111190000,42.861740000,854.000
2.111150000,42.861660000,853.000
2.111100000,42.861600000,853.000
2.110990000,42.861520000,852.000
2.110880000,42.861460000,852.000
2.110740000,42.861400000,851.000
2.110240000,42.861270000,851.000
2.110140000,42.861220000,851.000
2.110040000,42.861160000,851.000
2.109750000,42.860910000,851.000
2.109640000,42.860840000,851.000
2.109510000,42.860780000,851.000
2.108660000,42.860450000,851.000
2.108540000,42.860380000,851.000
2.108460000,42.860310000,852.000
2.108380000,42.860230000,852.000
2.108200000,42.860020000,853.000
2.107950000,42.859780000,854.000
2.107850000,42.859700000,855.000
2.107750000,42.859640000,856.000
2.107630000,42.859580000,857.000
2.107500000,42.859540000,857.000
2.107370000,42.859530000,858.000
2.107220000,42.859530000,858.000
2.106920000,42.859570000,859.000
2.106780000,42.859570000,860.000
2.106640000,42.859550000,861.000
2.106530000,42.859510000,861.000
2.106440000,42.859450000,862.000
2.106360000,42.859390000,862.000
2.106220000,42.859230000,863.000
2.106110000,42.859140000,864.000
2.106010000,42.859070000,864.000
2.105880000,42.859010000,865.000
2.105750000,42.858970000,865.000
2.105590000,42.858940000,866.000
2.105180000,42.858890000,867.000
2.105010000,42.858870000,868.000
2.104830000,42.858830000,868.000
2.104680000,42.858780000,869.000
2.104560000,42.858710000,869.000
2.104450000,42.858630000,869.000
2.104370000,42.858550000,869.000
2.104200000,42.858340000,869.000
2.104090000,42.858190000,868.000
2.104020000,42.858080000,868.000
2.103980000,42.857980000,867.000
2.103970000,42.857900000,867.000
2.103960000,42.857690000,866.000
2.103920000,42.857530000,866.000
2.103870000,42.857390000,865.000
2.103790000,42.857220000,864.000
2.103700000,42.857090000,864.000
2.103620000,42.857000000,863.000
2.103560000,42.856950000,863.000
2.103410000,42.856890000,863.000
2.103280000,42.856860000,863.000
2.103130000,42.856840000,864.000
2.103020000,42.856830000,864.000
2.102900000,42.856780000,864.000
2.102820000,42.856730000,864.000
2.102660000,42.856570000,864.000
2.102560000,42.856510000,865.000
2.102460000,42.856460000,865.000
2.102010000,42.856310000,866.000
2.101890000,42.856260000,866.000
2.101790000,42.856190000,866.000
2.101690000,42.856080000,867.000
2.101590000,42.855960000,867.000
2.101520000,42.855830000,867.000
2.101450000,42.855650000,867.000
2.101420000,42.855520000,866.000
2.101410000,42.855340000,866.000
2.101430000,42.855160000,866.000
2.101470000,42.855040000,865.000
2.101560000,42.854850000,865.000
2.101650000,42.854690000,865.000
2.101770000,42.854550000,864.000
2.101920000,42.854410000,864.000
2.102050000,42.854330000,863.000
2.102190000,42.854250000,863.000
2.102340000,42.854180000,864.000
2.102880000,42.853960000,866.000
2.103080000,42.853860000,868.000
2.103200000,42.853770000,869.000
2.103290000,42.853690000,871.000
2.103370000,42.853590000,872.000
2.103430000,42.853490000,873.000
2.103480000,42.853380000,874.000
2.103500000,42.853270000,876.000
2.103510000,42.853140000,877.000
2.103490000,42.853020000,878.000
2.103440000,42.852890000,879.000
2.103330000,42.852660000,879.000
2.103300000,42.852570000,879.000
2.103290000,42.852480000,879.000
2.103300000,42.852390000,879.000
2.103320000,42.852270000,879.000
2.103460000,42.851950000,879.000
2.103690000,42.851490000,878.000
2.103850000,42.851080000,878.000
2.103890000,42.850910000,877.000
2.103880000,42.850700000,876.000
2.103820000,42.850480000,876.000
2.103710000,42.850260000,875.000
2.103280000,42.849510000,873.000
2.102910000,42.848860000,871.000
2.102630000,42.848460000,871.000
2.102480000,42.848300000,871.000
2.101750000,42.847800000,872.000
2.101490000,42.847520000,874.000
2.101390000,42.847370000,875.000
2.101370000,42.847300000,876.000
2.101340000,42.847180000,877.000
2.101280000,42.846880000,878.000
2.101180000,42.846480000,880.000
2.101100000,42.846310000,881.000
2.100990000,42.846130000,882.000
2.100270000,42.845280000,885.000
2.099280000,42.844310000,888.000
2.099040000,42.844110000,890.000
2.098870000,42.844010000,892.000
2.098780000,42.843980000,893.000
2.098670000,42.843960000,894.000
2.098550000,42.843950000,895.000
2.098440000,42.843970000,895.000
2.098290000,42.844000000,896.000
2.097850000,42.844120000,895.000
2.097530000,42.844160000,895.000
2.095090000,42.844260000,892.000
2.094640000,42.844280000,891.000
2.086560000,42.844630000,888.000
2.085830000,42.844680000,887.000
2.081670000,42.844860000,887.000
2.076450000,42.845240000,886.000
2.076300000,42.845250000,885.000
2.072040000,42.845600000,883.000
2.071410000,42.845620000,882.000
2.070220000,42.845620000,881.000
2.069620000,42.845650000,881.000
2.068360000,42.845750000,881.000
2.068260000,42.845760000,880.000
2.063560000,42.846180000,879.000
2.063370000,42.846200000,878.000
2.057940000,42.846660000,873.000
2.057020000,42.846680000,869.000
2.056400000,42.846640000,867.000
2.053740000,42.846290000,865.000
2.053410000,42.846250000,864.000
2.051680000,42.846020000,864.000
2.050040000,42.845800000,864.000
2.048770000,42.845610000,865.000
2.046100000,42.845210000,869.000
2.045010000,42.845030000,871.000
2.044680000,42.844910000,872.000
2.044440000,42.844680000,873.000
2.044210000,42.844280000,874.000
2.043880000,42.843670000,874.000
2.043550000,42.843210000,875.000
2.043230000,42.842970000,875.000
2.041370000,42.842190000,876.000
2.039610000,42.841480000,876.000
2.037190000,42.840480000,875.000
2.033640000,42.839020000,874.000
2.030160000,42.837570000,875.000
2.027990000,42.836680000,876.000
2.027290000,42.836400000,878.000
2.026850000,42.836170000,880.000
2.026640000,42.836040000,882.000
2.026410000,42.835830000,884.000
2.026220000,42.835550000,886.000
2.026050000,42.835140000,889.000
2.025620000,42.833850000,889.000
2.024940000,42.831560000,886.000
2.024170000,42.829050000,887.000
2.023750000,42.827550000,889.000
2.023440000,42.826480000,892.000
2.023390000,42.826320000,894.000
2.023270000,42.825950000,894.000
2.023160000,42.825710000,894.000
2.022990000,42.825520000,894.000
2.022850000,42.825390000,894.000
2.022700000,42.825280000,893.000
2.022420000,42.825090000,892.000
2.021800000,42.824610000,891.000
2.021590000,42.824490000,890.000
2.021420000,42.824410000,890.000
2.021230000,42.824360000,889.000
2.021080000,42.824330000,889.000
2.020860000,42.824340000,889.000
2.020700000,42.824350000,889.000
2.020580000,42.824370000,889.000
2.017370000,42.825060000,889.000
2.013600000,42.825890000,891.000
2.012750000,42.826060000,892.000
2.011880000,42.826240000,894.000
2.011100000,42.826410000,895.000
2.009260000,42.826840000,898.000
2.008680000,42.826950000,900.000
2.008050000,42.827060000,902.000
2.007690000,42.827090000,902.000
2.004430000,42.827380000,903.000
2.002930000,42.827500000,904.000
2.001000000,42.827670000,905.000
1.991940000,42.828420000,912.000
1.985620000,42.828960000,921.000
1.985490000,42.828970000,926.000
1.984820000,42.829020000,931.000
1.984220000,42.829060000,934.000
1.983630000,42.829050000,937.000
1.981850000,42.828930000,940.000
1.981400000,42.828860000,941.000
1.981020000,42.828770000,943.000
1.980710000,42.828660000,944.000
1.980040000,42.828320000,944.000
1.977630000,42.826990000,944.000
1.975170000,42.825650000,945.000
1.974360000,42.825200000,947.000
1.971250000,42.823500000,950.000
1.969180000,42.822360000,954.000
1.967790000,42.821600000,959.000
1.966450000,42.820860000,964.000
1.965500000,42.820340000,970.000
1.964610000,42.819840000,975.000
1.964150000,42.819590000,980.000
1.962970000,42.818960000,985.000
1.962530000,42.818710000,989.000
1.962230000,42.818540000,992.000
1.961080000,42.817900000,996.000
1.961010000,42.817860000,999.000
1.960880000,42.817790000,1001.000
1.960670000,42.817680000,1002.000
1.960160000,42.817400000,1003.000
1.960120000,42.817380000,1004.000
1.960080000,42.817360000,1004.000
1.959640000,42.817110000,1004.000
1.959500000,42.817040000,1005.000
1.959460000,42.817010000,1005.000
1.959140000,42.816850000,1005.000
1.958990000,42.816790000,1005.000
1.958840000,42.816760000,1006.000
1.958530000,42.816750000,1006.000
1.958440000,42.816760000,1007.000
1.958150000,42.816790000,1008.000
1.957160000,42.816850000,1011.000
1.956860000,42.816880000,1013.000
1.956610000,42.816910000,1015.000
1.956280000,42.816970000,1017.000
1.955760000,42.817060000,1019.000
1.955410000,42.817130000,1021.000
1.954940000,42.817220000,1023.000
1.954690000,42.817270000,1025.000
1.954570000,42.817300000,1026.000
1.954460000,42.817330000,1027.000
1.954260000,42.817430000,1029.000
1.954140000,42.817500000,1030.000
1.954050000,42.817530000,1030.000
1.953950000,42.817550000,1031.000
1.953860000,42.817550000,1032.000
1.953780000,42.817540000,1032.000
1.953700000,42.817510000,1032.000
1.953620000,42.817460000,1032.000
1.953100000,42.817130000,1032.000
1.953060000,42.817100000,1032.000
1.952490000,42.816740000,1031.000
1.952260000,42.816590000,1031.000
1.952230000,42.816570000,1031.000
1.952150000,42.816510000,1031.000
1.951320000,42.815970000,1030.000
1.951240000,42.815920000,1030.000
1.951150000,42.815860000,1030.000
1.950330000,42.815330000,1030.000
1.949880000,42.815040000,1031.000
1.949680000,42.814910000,1031.000
1.948400000,42.814080000,1032.000
1.945480000,42.812190000,1036.000
1.945320000,42.812110000,1039.000
1.945180000,42.812040000,1041.000
1.945040000,42.811990000,1043.000
1.944840000,42.811930000,1045.000
1.943650000,42.811610000,1048.000
1.943500000,42.811570000,1051.000
1.943350000,42.811550000,1053.000
1.943140000,42.811540000,1055.000
1.942500000,42.811550000,1057.000
1.942280000,42.811550000,1059.000
1.942080000,42.811570000,1060.000
1.941730000,42.811620000,1062.000
1.941540000,42.811640000,1063.000
1.941320000,42.811650000,1064.000
1.940530000,42.811660000,1066.000
1.940390000,42.811660000,1067.000
1.940290000,42.811640000,1069.000
1.940190000,42.811600000,1070.000
1.940130000,42.811550000,1071.000
1.940090000,42.811500000,1072.000
1.940070000,42.811440000,1072.000
1.940070000,42.811390000,1073.000
1.940090000,42.811330000,1074.000
1.940110000,42.811280000,1074.000
1.940160000,42.811230000,1075.000
1.940230000,42.811190000,1075.000
1.940330000,42.811150000,1076.000
1.940780000,42.811030000,1078.000
1.940990000,42.810970000,1079.000
1.941200000,42.810890000,1081.000
1.941610000,42.810690000,1083.000
1.941950000,42.810520000,1085.000
1.942080000,42.810440000,1086.000
1.942170000,42.810360000,1087.000
1.942230000,42.810280000,1088.000
1.942260000,42.810200000,1089.000
1.942280000,42.810130000,1089.000
1.942270000,42.810050000,1090.000
1.942260000,42.809990000,1090.000
1.942220000,42.809920000,1090.000
1.942150000,42.809830000,1091.000
1.941360000,42.809090000,1092.000
1.941230000,42.808960000,1093.000
1.941050000,42.808740000,1094.000
1.940860000,42.808450000,1095.000
1.940660000,42.808090000,1096.000
1.940600000,42.808000000,1096.000
1.940420000,42.807810000,1097.000
1.940000000,42.807470000,1098.000
1.939860000,42.807370000,1099.000
1.939530000,42.807180000,1100.000
1.939390000,42.807080000,1101.000
1.939050000,42.806760000,1103.000
1.938970000,42.806700000,1105.000
1.938790000,42.806600000,1106.000
1.938670000,42.806550000,1107.000
1.938410000,42.806480000,1108.000
1.937600000,42.806290000,1111.000
1.937290000,42.806200000,1113.000
1.937070000,42.806130000,1114.000
1.936710000,42.806000000,1116.000
1.936550000,42.805950000,1117.000
1.936250000,42.805890000,1119.000
1.934830000,42.805610000,1121.000
1.934520000,42.805540000,1123.000
1.934110000,42.805430000,1124.000
1.933600000,42.805280000,1125.000
1.933020000,42.805070000,1126.000
1.931640000,42.804520000,1127.000
1.931280000,42.804350000,1129.000
1.930480000,42.803930000,1133.000
1.930230000,42.803800000,1136.000
1.929920000,42.803670000,1139.000
1.928040000,42.802850000,1147.000
1.927890000,42.802770000,1152.000
1.927810000,42.802710000,1156.000
1.927770000,42.802660000,1159.000
1.927750000,42.802590000,1161.000
1.927760000,42.802520000,1163.000
1.927790000,42.802450000,1164.000
1.927870000,42.802360000,1165.000
1.928000000,42.802260000,1167.000
1.928150000,42.802090000,1168.000
1.928600000,42.801390000,1172.000
1.928690000,42.801220000,1175.000
1.928740000,42.801110000,1177.000
1.928760000,42.801000000,1178.000
1.928750000,42.800720000,1179.000
1.928750000,42.800630000,1179.000
1.928770000,42.800550000,1180.000
1.928810000,42.800460000,1180.000
1.928870000,42.800380000,1180.000
1.928950000,42.800300000,1180.000
1.929120000,42.800180000,1179.000
1.929200000,42.800130000,1179.000
1.929240000,42.800080000,1179.000
1.929260000,42.800020000,1179.000
1.929270000,42.799970000,1179.000
1.929260000,42.799890000,1179.000
1.929230000,42.799830000,1178.000
1.929180000,42.799780000,1178.000
1.929120000,42.799750000,1178.000
1.929050000,42.799730000,1178.000
1.928970000,42.799710000,1178.000
1.928870000,42.799710000,1178.000
1.928810000,42.799720000,1178.000
1.928730000,42.799750000,1178.000
1.928660000,42.799800000,1179.000
1.928620000,42.799870000,1180.000
1.928580000,42.799950000,1180.000
1.928190000,42.801130000,1187.000
1.928120000,42.801280000,1191.000
1.928030000,42.801450000,1195.000
1.927970000,42.801540000,1198.000
1.927900000,42.801620000,1200.000
1.927810000,42.801700000,1201.000
1.927710000,42.801790000,1201.000
1.927400000,42.801980000,1201.000
1.927160000,42.802100000,1201.000
1.926730000,42.802300000,1200.000
1.926510000,42.802390000,1200.000
1.926390000,42.802430000,1199.000
1.926290000,42.802460000,1199.000
1.926180000,42.802490000,1199.000
1.926030000,42.802500000,1198.000
1.925620000,42.802530000,1199.000
1.925400000,42.802550000,1200.000
1.925310000,42.802560000,1201.000
1.925220000,42.802590000,1202.000
1.925140000,42.802620000,1202.000
1.925070000,42.802670000,1203.000
1.925010000,42.802720000,1204.000
1.924980000,42.802770000,1205.000
1.924960000,42.802830000,1205.000
1.924950000,42.802890000,1206.000
1.924960000,42.802950000,1206.000
1.924980000,42.803030000,1207.000
1.925140000,42.803310000,1209.000
1.925160000,42.803360000,1210.000
1.925160000,42.803410000,1211.000
1.925150000,42.803450000,1211.000
1.925120000,42.803500000,1212.000
1.925080000,42.803530000,1213.000
1.925020000,42.803560000,1213.000
1.924940000,42.803580000,1214.000
1.924850000,42.803580000,1214.000
1.924770000,42.803560000,1215.000
1.924690000,42.803530000,1215.000
1.924620000,42.803490000,1216.000
1.924540000,42.803420000,1216.000
1.924500000,42.803360000,1217.000
1.924470000,42.803280000,1217.000
1.924470000,42.803190000,1217.000
1.924500000,42.802870000,1218.000
1.924510000,42.802760000,1219.000
1.924550000,42.802660000,1220.000
1.924590000,42.802560000,1220.000
1.924640000,42.802470000,1221.000
1.924730000,42.802370000,1222.000
1.924790000,42.802320000,1222.000
1.924910000,42.802240000,1223.000
1.925010000,42.802190000,1223.000
1.925140000,42.802130000,1224.000
1.925280000,42.802090000,1224.000
1.925450000,42.802040000,1225.000
1.926140000,42.801910000,1226.000
1.926500000,42.801830000,1226.000
1.926810000,42.801750000,1227.000
1.926920000,42.801710000,1227.000
1.927010000,42.801670000,1228.000
1.927110000,42.801600000,1228.000
1.927170000,42.801560000,1228.000
1.927230000,42.801500000,1229.000
1.927280000,42.801440000,1229.000
1.927320000,42.801370000,1229.000
1.927350000,42.801280000,1229.000
1.927370000,42.801190000,1229.000
1.927480000,42.800440000,1231.000
1.927500000,42.800280000,1232.000
1.927500000,42.800200000,1233.000
1.927490000,42.800130000,1234.000
1.927470000,42.800070000,1235.000
1.927430000,42.800010000,1235.000
1.927300000,42.799880000,1236.000
1.927050000,42.799670000,1237.000
1.926960000,42.799590000,1238.000
1.926870000,42.799490000,1239.000
1.926460000,42.798950000,1240.000
1.926090000,42.798360000,1243.000
1.926020000,42.798280000,1244.000
1.925940000,42.798220000,1246.000
1.925780000,42.798110000,1247.000
1.925210000,42.797760000,1249.000
1.924910000,42.797570000,1250.000
1.924780000,42.797480000,1250.000
1.924670000,42.797410000,1250.000
1.924570000,42.797350000,1250.000
1.924380000,42.797260000,1250.000
1.924240000,42.797200000,1250.000
1.924120000,42.797150000,1249.000
1.923960000,42.797110000,1249.000
1.923780000,42.797070000,1249.000
1.923560000,42.797040000,1248.000
1.923450000,42.797030000,1248.000
1.923280000,42.797020000,1247.000
1.923140000,42.797030000,1247.000
1.922990000,42.797050000,1246.000
1.922830000,42.797080000,1246.000
1.922750000,42.797100000,1246.000
1.922620000,42.797140000,1245.000
1.922500000,42.797190000,1245.000
1.922350000,42.797270000,1245.000
1.922220000,42.797360000,1244.000
1.922090000,42.797460000,1244.000
1.921970000,42.797570000,1243.000
1.921770000,42.797780000,1243.000
1.921490000,42.798100000,1242.000
1.921310000,42.798290000,1241.000
1.921200000,42.798360000,1240.000
1.921130000,42.798400000,1240.000
1.921020000,42.798440000,1239.000
1.920900000,42.798460000,1238.000
1.920750000,42.798460000,1238.000
1.920580000,42.798440000,1237.000
1.920360000,42.798380000,1236.000
1.919990000,42.798250000,1235.000
1.918970000,42.797880000,1233.000
1.918890000,42.797850000,1231.000
1.918680000,42.797760000,1230.000
1.918540000,42.797670000,1229.000
1.918430000,42.797580000,1228.000
1.918360000,42.797480000,1227.000
1.918240000,42.797250000,1227.000
1.918120000,42.796950000,1226.000
1.918040000,42.796750000,1226.000
1.917990000,42.796670000,1225.000
1.917940000,42.796600000,1225.000
1.917840000,42.796490000,1225.000
1.917760000,42.796430000,1224.000
1.917670000,42.796370000,1224.000
1.917560000,42.796310000,1224.000
1.917480000,42.796280000,1224.000
1.917380000,42.796260000,1224.000
1.917250000,42.796230000,1223.000
1.917190000,42.796230000,1223.000
1.917010000,42.796230000,1223.000
1.916890000,42.796240000,1223.000
1.916550000,42.796280000,1223.000
1.916260000,42.796310000,1223.000
1.916150000,42.796320000,1223.000
1.916020000,42.796310000,1223.000
1.915880000,42.796290000,1223.000
1.915770000,42.796270000,1222.000
1.915440000,42.796190000,1222.000
1.914740000,42.796010000,1222.000
1.913410000,42.795670000,1221.000
1.913180000,42.795630000,1221.000
1.913050000,42.795610000,1220.000
1.912900000,42.795600000,1220.000
1.912790000,42.795610000,1220.000
1.912680000,42.795620000,1219.000
1.912510000,42.795680000,1219.000
1.912430000,42.795710000,1219.000
1.912330000,42.795770000,1219.000
1.912210000,42.795850000,1219.000
1.912030000,42.795980000,1219.000
1.911530000,42.796380000,1218.000
1.911110000,42.796700000,1218.000
1.911010000,42.796770000,1218.000
1.910900000,42.796830000,1217.000
1.910770000,42.796890000,1217.000
1.910640000,42.796930000,1217.000
1.910490000,42.796960000,1217.000
1.910350000,42.796980000,1217.000
1.910080000,42.796990000,1216.000
1.908650000,42.797020000,1214.000
1.908530000,42.797020000,1212.000
1.908400000,42.797010000,1211.000
1.908290000,42.796980000,1210.000
1.908210000,42.796960000,1210.000
1.908150000,42.796920000,1209.000
1.908080000,42.796880000,1208.000
1.908030000,42.796830000,1208.000
1.908000000,42.796780000,1208.000
1.907980000,42.796720000,1207.000
1.907960000,42.796640000,1207.000
1.907960000,42.796560000,1207.000
1.907980000,42.796370000,1206.000
1.908040000,42.795930000,1206.000
1.908050000,42.795760000,1205.000
1.908030000,42.795690000,1204.000
1.908000000,42.795620000,1204.000
1.907960000,42.795560000,1203.000
1.907910000,42.795510000,1203.000
1.907850000,42.795470000,1203.000
1.907800000,42.795450000,1202.000
1.907680000,42.795420000,1202.000
1.907250000,42.795370000,1202.000
1.907060000,42.795340000,1201.000
1.906830000,42.795310000,1202.000
1.906610000,42.795300000,1202.000
1.906450000,42.795310000,1202.000
1.906200000,42.795390000,1203.000
1.905970000,42.795480000,1203.000
1.905820000,42.795570000,1204.000
1.905720000,42.795640000,1204.000
1.905630000,42.795740000,1205.000
1.905600000,42.795840000,1205.000
1.905590000,42.795930000,1206.000
1.905610000,42.796030000,1206.000
1.905670000,42.796160000,1207.000
1.905820000,42.796410000,1207.000
1.905900000,42.796540000,1208.000
1.905940000,42.796680000,1208.000
1.905940000,42.796800000,1209.000
1.905920000,42.796910000,1209.000
1.905870000,42.797020000,1209.000
1.905790000,42.797110000,1210.000
1.905670000,42.797190000,1210.000
1.905500000,42.797260000,1210.000
1.905440000,42.797300000,1210.000
1.905330000,42.797360000,1211.000
1.905200000,42.797450000,1211.000
1.905100000,42.797570000,1211.000
1.905040000,42.797700000,1211.000
1.905020000,42.797770000,1212.000
1.904990000,42.797890000,1212.000
1.904950000,42.798020000,1212.000
1.904870000,42.798130000,1212.000
1.904740000,42.798240000,1212.000
1.904600000,42.798320000,1212.000
1.904400000,42.798390000,1212.000
1.903890000,42.798510000,1212.000
1.903710000,42.798540000,1212.000
1.903540000,42.798540000,1212.000
1.903410000,42.798530000,1212.000
1.903210000,42.798490000,1212.000
1.903040000,42.798480000,1212.000
1.902870000,42.798490000,1212.000
1.902720000,42.798520000,1212.000
1.902610000,42.798580000,1212.000
1.902340000,42.798760000,1211.000
1.902200000,42.798800000,1211.000
1.902060000,42.798820000,1211.000
1.901900000,42.798830000,1211.000
1.901720000,42.798820000,1211.000
1.901520000,42.798790000,1211.000
1.901320000,42.798750000,1211.000
1.901100000,42.798670000,1210.000
1.900850000,42.798550000,1210.000
1.900620000,42.798420000,1210.000
1.900440000,42.798280000,1210.000
1.900330000,42.798180000,1210.000
1.900230000,42.798060000,1209.000
1.900080000,42.797790000,1208.000
1.899970000,42.797690000,1207.000
1.899850000,42.797610000,1207.000
1.899590000,42.797490000,1206.000
1.899150000,42.797400000,1204.000
1.898930000,42.797360000,1203.000
1.898720000,42.797280000,1202.000
1.898060000,42.796860000,1200.000
1.897340000,42.796270000,1199.000
1.896690000,42.795700000,1199.000
1.896490000,42.795590000,1198.000
1.896240000,42.795510000,1198.000
1.896050000,42.795480000,1198.000
1.895870000,42.795490000,1197.000
1.895220000,42.795560000,1196.000
1.894980000,42.795550000,1195.000
1.893940000,42.795310000,1192.000
1.893280000,42.795120000,1190.000
1.892930000,42.794960000,1188.000
1.892640000,42.794780000,1187.000
1.892190000,42.794470000,1187.000
1.892010000,42.794310000,1187.000
1.891840000,42.794160000,1188.000
1.891700000,42.794010000,1188.000
1.891480000,42.793750000,1189.000
1.890590000,42.792800000,1191.000
1.890280000,42.792460000,1193.000
1.890100000,42.792290000,1195.000
1.889820000,42.792070000,1196.000
1.889370000,42.791730000,1197.000
1.889060000,42.791500000,1198.000
1.888940000,42.791430000,1198.000
1.888800000,42.791360000,1198.000
1.888670000,42.791320000,1198.000
1.888500000,42.791280000,1198.000
1.887670000,42.791190000,1198.000
1.887540000,42.791160000,1198.000
1.887320000,42.791100000,1198.000
1.886390000,42.790780000,1200.000
1.885780000,42.790580000,1202.000
1.885670000,42.790540000,1203.000
1.885570000,42.790480000,1204.000
1.885500000,42.790420000,1205.000
1.885430000,42.790350000,1206.000
1.885290000,42.790140000,1207.000
1.885210000,42.790030000,1208.000
1.885120000,42.789950000,1209.000
1.885020000,42.789880000,1210.000
1.884910000,42.789810000,1210.000
1.884790000,42.789760000,1211.000
1.884600000,42.789700000,1212.000
1.883620000,42.789460000,1214.000
1.883440000,42.789410000,1216.000
1.883240000,42.789380000,1217.000
1.883020000,42.789370000,1218.000
1.882320000,42.789340000,1219.000
1.882200000,42.789330000,1220.000
1.882090000,42.789300000,1221.000
1.881990000,42.789260000,1221.000
1.881900000,42.789220000,1221.000
1.881780000,42.789130000,1222.000
1.881670000,42.789040000,1222.000
1.881520000,42.788870000,1222.000
1.881380000,42.788730000,1223.000
1.881020000,42.788430000,1223.000
1.880910000,42.788310000,1224.000
1.880760000,42.788120000,1225.000
1.880590000,42.787990000,1227.000
1.880410000,42.787920000,1228.000
1.879980000,42.787850000,1229.000
1.879810000,42.787800000,1231.000
1.879740000,42.787760000,1232.000
1.879690000,42.787720000,1233.000
1.879640000,42.787680000,1234.000
1.879600000,42.787610000,1235.000
1.879580000,42.787550000,1235.000
1.879560000,42.787470000,1236.000
1.879550000,42.787360000,1237.000
1.879550000,42.787210000,1238.000
1.879560000,42.787030000,1238.000
1.879560000,42.786950000,1239.000
1.879540000,42.786890000,1239.000
1.879500000,42.786770000,1240.000
1.879460000,42.786710000,1240.000
1.879420000,42.786650000,1240.000
1.879200000,42.786410000,1241.000
1.879110000,42.786340000,1241.000
1.879020000,42.786290000,1241.000
1.878460000,42.786050000,1242.000
1.877870000,42.785800000,1243.000
1.877500000,42.785640000,1244.000
1.877430000,42.785610000,1245.000
1.877370000,42.785580000,1245.000
1.877260000,42.785540000,1246.000
1.877070000,42.785460000,1246.000
1.876980000,42.785400000,1247.000
1.876910000,42.785360000,1247.000
1.876850000,42.785290000,1248.000
1.876800000,42.785220000,1248.000
1.876710000,42.785010000,1248.000
1.876660000,42.784900000,1249.000
1.876610000,42.784830000,1249.000
1.876520000,42.784740000,1250.000
1.876170000,42.784430000,1251.000
1.876100000,42.784340000,1251.000
1.876030000,42.784240000,1251.000
1.875970000,42.784130000,1251.000
1.875660000,42.783300000,1250.000
1.875610000,42.783200000,1249.000
1.875500000,42.783050000,1249.000
1.875170000,42.782660000,1248.000
1.875080000,42.782580000,1247.000
1.874970000,42.782490000,1247.000
1.874480000,42.782180000,1246.000
1.874350000,42.782090000,1246.000
1.874230000,42.782000000,1246.000
1.874130000,42.781890000,1246.000
1.873790000,42.781500000,1247.000
1.873380000,42.781070000,1247.000
1.873210000,42.780870000,1248.000
1.872660000,42.780400000,1249.000
1.872270000,42.780040000,1251.000
1.872050000,42.779870000,1253.000
1.871400000,42.779480000,1255.000
1.871220000,42.779370000,1257.000
1.871020000,42.779220000,1258.000
1.870740000,42.778990000,1260.000
1.870350000,42.778720000,1261.000
1.869870000,42.778420000,1263.000
1.869720000,42.778310000,1264.000
1.869580000,42.778180000,1265.000
1.868790000,42.777360000,1267.000
1.868630000,42.777160000,1269.000
1.868460000,42.776890000,1270.000
1.868330000,42.776690000,1271.000
1.868230000,42.776560000,1272.000
1.868150000,42.776490000,1272.000
1.868040000,42.776400000,1273.000
1.867870000,42.776310000,1273.000
1.867730000,42.776260000,1274.000
1.867480000,42.776200000,1274.000
1.867300000,42.776140000,1275.000
1.867190000,42.776090000,1275.000
1.867080000,42.776040000,1275.000
1.866740000,42.775820000,1276.000
1.866250000,42.775500000,1276.000
1.866150000,42.775420000,1277.000
1.865830000,42.775110000,1278.000
1.865520000,42.774850000,1280.000
1.865420000,42.774750000,1281.000
1.865290000,42.774590000,1283.000
1.865220000,42.774510000,1284.000
1.865100000,42.774390000,1285.000
1.864240000,42.773670000,1288.000
1.864170000,42.773620000,1290.000
1.864100000,42.773580000,1291.000
1.864010000,42.773540000,1292.000
1.863730000,42.773450000,1293.000
1.863610000,42.773390000,1293.000
1.863570000,42.773350000,1294.000
1.863530000,42.773290000,1294.000
1.863520000,42.773220000,1295.000
1.863530000,42.773020000,1295.000
1.863530000,42.772930000,1295.000
1.863510000,42.772840000,1295.000
1.863400000,42.772620000,1296.000
1.863300000,42.772450000,1296.000
1.863190000,42.772350000,1297.000
1.863060000,42.772240000,1297.000
1.862860000,42.772110000,1298.000
1.862780000,42.772040000,1298.000
1.862460000,42.771700000,1300.000
1.862360000,42.771600000,1301.000
1.862000000,42.771340000,1302.000
1.861850000,42.771250000,1304.000
1.861740000,42.771180000,1305.000
1.860870000,42.770770000,1307.000
1.860410000,42.770580000,1310.000
1.860290000,42.770520000,1311.000
1.860200000,42.770470000,1313.000
1.860160000,42.770420000,1314.000
1.860130000,42.770360000,1314.000
1.860110000,42.770310000,1315.000
1.860130000,42.770230000,1315.000
1.860170000,42.770150000,1316.000
1.860250000,42.770090000,1316.000
1.860360000,42.770020000,1317.000
1.860920000,42.769730000,1318.000
1.861000000,42.769660000,1319.000
1.861050000,42.769580000,1320.000
1.861070000,42.769500000,1320.000
1.861060000,42.769430000,1321.000
1.861010000,42.769310000,1321.000
1.860940000,42.769230000,1322.000
1.860850000,42.769170000,1322.000
1.860760000,42.769130000,1322.000
1.860500000,42.769030000,1323.000
1.860270000,42.768930000,1323.000
1.860180000,42.768880000,1323.000
1.859950000,42.768700000,1324.000
1.859690000,42.768550000,1324.000
1.859420000,42.768400000,1325.000
1.859260000,42.768330000,1325.000
1.858780000,42.768020000,1327.000
1.857850000,42.767510000,1329.000
1.857460000,42.767270000,1332.000
1.857190000,42.767160000,1334.000
1.856580000,42.766930000,1336.000
1.856380000,42.766900000,1338.000
1.856030000,42.766880000,1340.000
1.855500000,42.766860000,1341.000
1.855330000,42.766860000,1343.000
1.855200000,42.766900000,1344.000
1.854810000,42.767040000,1345.000
1.854660000,42.767080000,1346.000
1.854480000,42.767120000,1347.000
1.854240000,42.767160000,1348.000
1.854100000,42.767160000,1349.000
1.853970000,42.767150000,1349.000
1.853840000,42.767120000,1350.000
1.853720000,42.767070000,1350.000
1.853630000,42.767010000,1351.000
1.853430000,42.766810000,1352.000
1.853310000,42.766720000,1352.000
1.853200000,42.766660000,1353.000
1.853070000,42.766620000,1353.000
1.852490000,42.766550000,1354.000
1.852250000,42.766500000,1355.000
1.851290000,42.766320000,1357.000
1.851200000,42.766280000,1358.000
1.851150000,42.766250000,1358.000
1.851110000,42.766220000,1359.000
1.851070000,42.766160000,1359.000
1.851060000,42.766130000,1359.000
1.851060000,42.766060000,1360.000
1.851090000,42.766010000,1360.000
1.851130000,42.765970000,1360.000
1.851200000,42.765930000,1360.000
1.851290000,42.765890000,1360.000
1.851430000,42.765870000,1361.000
1.851590000,42.765860000,1361.000
1.852060000,42.765850000,1361.000
1.852230000,42.765830000,1362.000
1.852350000,42.765800000,1363.000
1.852470000,42.765750000,1364.000
1.852590000,42.765680000,1365.000
1.852710000,42.765600000,1366.000
1.852780000,42.765520000,1367.000
1.852820000,42.765440000,1369.000
1.852840000,42.765370000,1370.000
1.852820000,42.765260000,1371.000
1.852790000,42.765180000,1372.000
1.852740000,42.765120000,1373.000
1.852670000,42.765070000,1373.000
1.852560000,42.765020000,1374.000
1.852360000,42.764950000,1376.000
1.852240000,42.764890000,1377.000
1.852160000,42.764830000,1378.000
1.852090000,42.764740000,1379.000
1.852040000,42.764660000,1380.000
1.852020000,42.764570000,1381.000
1.851980000,42.764490000,1382.000
1.851940000,42.764420000,1384.000
1.851690000,42.764200000,1386.000
1.851310000,42.763900000,1389.000
1.851250000,42.763850000,1392.000
1.851220000,42.763800000,1394.000
1.851210000,42.763740000,1396.000
1.851220000,42.763690000,1397.000
1.851250000,42.763640000,1398.000
1.851540000,42.763350000,1401.000
1.851910000,42.763040000,1405.000
1.852060000,42.762960000,1407.000
1.852260000,42.762860000,1409.000
1.852350000,42.762790000,1410.000
1.852540000,42.762620000,1411.000
1.852690000,42.762460000,1411.000
1.852720000,42.762400000,1412.000
1.852730000,42.762360000,1412.000
1.852710000,42.762300000,1412.000
1.852650000,42.762230000,1412.000
1.852470000,42.762110000,1412.000
1.852320000,42.762000000,1412.000
1.852240000,42.761910000,1412.000
1.852160000,42.761800000,1412.000
1.852050000,42.761610000,1412.000
1.851980000,42.761530000,1413.000
1.851750000,42.761330000,1413.000
1.851670000,42.761260000,1414.000
1.851620000,42.761180000,1415.000
1.851570000,42.761070000,1415.000
1.851500000,42.760980000,1416.000
1.851310000,42.760780000,1417.000
1.851260000,42.760720000,1418.000
1.851220000,42.760660000,1419.000
1.851040000,42.760330000,1420.000
1.850990000,42.760250000,1421.000
1.850900000,42.760170000,1422.000
1.850460000,42.759850000,1423.000
1.850380000,42.759770000,1425.000
1.850320000,42.759690000,1426.000
1.850270000,42.759600000,1427.000
1.850240000,42.759520000,1428.000
1.850230000,42.759410000,1429.000
1.850200000,42.758870000,1431.000
1.850130000,42.758310000,1435.000
1.850100000,42.758200000,1437.000
1.850050000,42.758090000,1439.000
1.849990000,42.757990000,1441.000
1.849880000,42.757850000,1442.000
1.849770000,42.757730000,1443.000
1.849600000,42.757560000,1444.000
1.849470000,42.757450000,1444.000
1.849330000,42.757370000,1445.000
1.849150000,42.757270000,1445.000
1.849000000,42.757210000,1446.000
1.848490000,42.757040000,1446.000
1.848300000,42.756970000,1447.000
1.848300000,42.756960000,1447.000
1.847950000,42.756840000,1448.000
1.847690000,42.756760000,1448.000
1.847430000,42.756710000,1449.000
1.847210000,42.756670000,1449.000
1.846810000,42.756640000,1450.000
1.846610000,42.756620000,1451.000
1.845620000,42.756460000,1452.000
1.845450000,42.756440000,1453.000
1.845310000,42.756430000,1454.000
1.845090000,42.756440000,1454.000
1.844940000,42.756430000,1454.000
1.844730000,42.756400000,1454.000
1.844080000,42.756270000,1453.000
1.843910000,42.756250000,1453.000
1.843770000,42.756250000,1452.000
1.843560000,42.756270000,1452.000
1.843330000,42.756310000,1451.000
1.843150000,42.756320000,1451.000
1.841690000,42.756370000,1449.000
1.841270000,42.756370000,1448.000
1.841110000,42.756370000,1446.000
1.840990000,42.756350000,1445.000
1.840820000,42.756310000,1444.000
1.840640000,42.756250000,1443.000
1.840070000,42.756010000,1441.000
1.838640000,42.755420000,1437.000
1.838050000,42.755180000,1434.000
1.837830000,42.755060000,1432.000
1.837780000,42.755020000,1430.000
1.837750000,42.754980000,1429.000
1.837670000,42.754620000,1427.000
1.837650000,42.754510000,1426.000
1.837650000,42.754420000,1425.000
1.837660000,42.754310000,1424.000
1.837690000,42.754200000,1424.000
1.837740000,42.754060000,1423.000
1.837790000,42.753970000,1423.000
1.837860000,42.753860000,1422.000
1.837970000,42.753750000,1421.000
1.838060000,42.753670000,1420.000
1.838140000,42.753610000,1420.000
1.838270000,42.753540000,1419.000
1.838400000,42.753490000,1418.000
1.838500000,42.753470000,1417.000
1.838580000,42.753460000,1417.000
1.838650000,42.753460000,1416.000
1.838730000,42.753470000,1415.000
1.838870000,42.753500000,1415.000
1.838960000,42.753510000,1414.000
1.839180000,42.753520000,1413.000
1.839260000,42.753530000,1413.000
1.839340000,42.753540000,1412.000
1.839500000,42.753600000,1411.000
1.839570000,42.753610000,1411.000
1.839630000,42.753610000,1410.000
1.839700000,42.753600000,1410.000
1.839770000,42.753590000,1409.000
1.839910000,42.753540000,1409.000
1.840140000,42.753440000,1408.000
1.840250000,42.753370000,1407.000
1.840340000,42.753300000,1406.000
1.840520000,42.753130000,1405.000
1.840630000,42.753060000,1404.000
1.840760000,42.752970000,1403.000
1.841060000,42.752800000,1402.000
1.841300000,42.752680000,1400.000
1.841870000,42.752470000,1398.000
1.842170000,42.752380000,1396.000
1.842410000,42.752310000,1395.000
1.842630000,42.752270000,1394.000
1.842810000,42.752250000,1393.000
1.842950000,42.752240000,1392.000
1.843020000,42.752240000,1391.000
1.843620000,42.752320000,1390.000
1.843950000,42.752350000,1389.000
1.844060000,42.752340000,1389.000
1.844150000,42.752320000,1388.000
1.844320000,42.752260000,1388.000
1.844370000,42.752220000,1387.000
1.844450000,42.752150000,1386.000
1.844630000,42.751900000,1384.000
1.844680000,42.751840000,1382.000
1.844830000,42.751720000,1379.000
1.844960000,42.751640000,1377.000
1.845050000,42.751600000,1375.000
1.845180000,42.751550000,1373.000
1.845300000,42.751510000,1372.000
1.846030000,42.751400000,1367.000
1.846410000,42.751370000,1363.000
1.846840000,42.751320000,1359.000
1.846980000,42.751310000,1356.000
1.847140000,42.751300000,1354.000
1.847270000,42.751310000,1353.000
1.847330000,42.751300000,1351.000
1.847370000,42.751280000,1351.000
1.847400000,42.751260000,1350.000
1.847420000,42.751240000,1350.000
1.847430000,42.751220000,1349.000
1.847430000,42.751180000,1349.000
1.847430000,42.751150000,1349.000
1.847400000,42.751130000,1348.000
1.847370000,42.751110000,1348.000
1.847340000,42.751100000,1348.000
1.847290000,42.751090000,1348.000
1.847210000,42.751100000,1347.000
1.847020000,42.751160000,1347.000
1.846910000,42.751180000,1346.000
1.846810000,42.751190000,1346.000
1.846680000,42.751180000,1345.000
1.846490000,42.751170000,1345.000
1.846320000,42.751150000,1344.000
1.845870000,42.751080000,1343.000
1.845780000,42.751080000,1342.000
1.845490000,42.751080000,1341.000
1.845360000,42.751060000,1340.000
1.844770000,42.750970000,1338.000
1.844670000,42.750960000,1337.000
1.844580000,42.750970000,1335.000
1.844320000,42.751010000,1334.000
1.844180000,42.751040000,1333.000
1.843890000,42.751120000,1332.000
1.843800000,42.751140000,1331.000
1.843640000,42.751140000,1330.000
1.843510000,42.751110000,1329.000
1.843420000,42.751080000,1328.000
1.843330000,42.751020000,1327.000
1.843290000,42.750960000,1327.000
1.843290000,42.750930000,1326.000
1.843310000,42.750910000,1326.000
1.843330000,42.750880000,1326.000
1.843370000,42.750860000,1326.000
1.843400000,42.750850000,1325.000
1.843440000,42.750850000,1325.000
1.843500000,42.750860000,1325.000
1.843630000,42.750900000,1325.000
1.843700000,42.750910000,1324.000
1.843800000,42.750900000,1324.000
1.843850000,42.750880000,1324.000
1.843940000,42.750840000,1324.000
1.844060000,42.750770000,1323.000
1.844170000,42.750730000,1323.000
1.844280000,42.750690000,1322.000
1.844420000,42.750660000,1322.000
1.844550000,42.750650000,1321.000
1.844680000,42.750640000,1321.000
1.844910000,42.750640000,1320.000
1.844990000,42.750630000,1320.000
1.845040000,42.750620000,1319.000
1.845100000,42.750570000,1319.000
1.845110000,42.750550000,1319.000
1.845110000,42.750520000,1319.000
1.845100000,42.750490000,1318.000
1.845090000,42.750470000,1318.000
1.845060000,42.750450000,1318.000
1.845010000,42.750430000,1318.000
1.844910000,42.750420000,1318.000
1.844720000,42.750430000,1317.000
1.844540000,42.750430000,1316.000
1.844380000,42.750420000,1316.000
1.844110000,42.750390000,1315.000
1.843980000,42.750390000,1314.000
1.843850000,42.750400000,1313.000
1.843760000,42.750420000,1312.000
1.843700000,42.750410000,1312.000
1.843650000,42.750410000,1311.000
1.843590000,42.750370000,1311.000
1.843570000,42.750340000,1310.000
1.843560000,42.750310000,1310.000
1.843560000,42.750280000,1310.000
1.843580000,42.750250000,1309.000
1.843610000,42.750230000,1309.000
1.843660000,42.750210000,1309.000
1.843710000,42.750200000,1309.000
1.843820000,42.750200000,1308.000
1.844000000,42.750220000,1308.000
1.844140000,42.750250000,1307.000
1.844220000,42.750260000,1306.000
1.844280000,42.750250000,1306.000
1.844320000,42.750240000,1306.000
1.844360000,42.750220000,1305.000
1.844380000,42.750200000,1305.000
1.844400000,42.750170000,1305.000
1.844400000,42.750120000,1304.000
1.844380000,42.750070000,1304.000
1.844340000,42.750050000,1304.000
1.844270000,42.750030000,1304.000
1.844210000,42.750030000,1304.000
1.844030000,42.750020000,1303.000
1.843980000,42.750010000,1303.000
1.843930000,42.750000000,1303.000
1.843890000,42.749960000,1302.000
1.843850000,42.749920000,1302.000
1.843830000,42.749870000,1302.000
1.843810000,42.749840000,1302.000
1.843810000,42.749800000,1302.000
1.843830000,42.749590000,1301.000
1.843830000,42.749430000,1301.000
1.843770000,42.748860000,1299.000
1.843770000,42.748740000,1298.000
1.843740000,42.748590000,1297.000
1.843700000,42.748470000,1296.000
1.843670000,42.748380000,1295.000
1.843530000,42.748130000,1292.000
1.843430000,42.748030000,1290.000
1.843320000,42.747920000,1287.000
1.843060000,42.747690000,1284.000
1.842370000,42.747070000,1277.000
1.842240000,42.746950000,1271.000
1.842030000,42.746810000,1267.000
1.841800000,42.746670000,1263.000
1.841660000,42.746600000,1260.000
1.841500000,42.746540000,1257.000
1.840580000,42.746270000,1252.000
1.840400000,42.746220000,1248.000
1.839870000,42.746120000,1244.000
1.839590000,42.746030000,1240.000
1.839320000,42.745910000,1237.000
1.838960000,42.745720000,1233.000
1.837960000,42.745210000,1227.000
1.837830000,42.745130000,1223.000
1.837720000,42.745050000,1219.000
1.837550000,42.744890000,1217.000
1.837380000,42.744720000,1215.000
1.837250000,42.744570000,1213.000
1.837120000,42.744410000,1212.000
1.836910000,42.744040000,1210.000
1.836690000,42.743620000,1209.000
1.836610000,42.743470000,1207.000
1.836530000,42.743320000,1206.000
1.836430000,42.743190000,1205.000
1.836310000,42.743060000,1203.000
1.836200000,42.742960000,1202.000
1.836110000,42.742900000,1201.000
1.835980000,42.742840000,1200.000
1.835640000,42.742710000,1198.000
1.835520000,42.742650000,1197.000
1.835420000,42.742570000,1195.000
1.835330000,42.742500000,1194.000
1.834960000,42.742060000,1192.000
1.834410000,42.741460000,1188.000
1.834140000,42.741180000,1183.000
1.834070000,42.741080000,1180.000
1.834010000,42.740950000,1177.000
1.833880000,42.740590000,1174.000
1.833840000,42.740470000,1171.000
1.833810000,42.740310000,1169.000
1.833760000,42.739970000,1167.000
1.833720000,42.739590000,1165.000
1.833650000,42.739010000,1162.000
1.833590000,42.738420000,1160.000
1.833590000,42.738310000,1158.000
1.833600000,42.738220000,1156.000
1.833650000,42.738060000,1154.000
1.833700000,42.737960000,1153.000
1.833760000,42.737860000,1152.000
1.833900000,42.737690000,1150.000
1.833970000,42.737600000,1149.000
1.834010000,42.737540000,1148.000
1.834050000,42.737420000,1147.000
1.834200000,42.736990000,1145.000
1.834280000,42.736850000,1143.000
1.834330000,42.736760000,1141.000
1.834380000,42.736690000,1140.000
1.834460000,42.736620000,1139.000
1.834520000,42.736580000,1138.000
1.834610000,42.736530000,1137.000
1.834690000,42.736500000,1137.000
1.834770000,42.736480000,1136.000
1.834870000,42.736470000,1136.000
1.834990000,42.736470000,1135.000
1.835660000,42.736500000,1134.000
1.835930000,42.736500000,1133.000
1.836210000,42.736480000,1131.000
1.836540000,42.736430000,1130.000
1.837100000,42.736300000,1128.000
1.837570000,42.736170000,1125.000
1.837710000,42.736120000,1123.000
1.838450000,42.735840000,1119.000
1.838670000,42.735760000,1116.000
1.838810000,42.735700000,1113.000
1.839060000,42.735570000,1110.000
1.839200000,42.735510000,1108.000
1.839320000,42.735480000,1106.000
1.839950000,42.735390000,1104.000
1.840650000,42.735300000,1101.000
1.840780000,42.735270000,1099.000
1.840920000,42.735230000,1098.000
1.841310000,42.735060000,1096.000
1.841630000,42.734900000,1094.000
1.842440000,42.734480000,1090.000
1.842620000,42.734400000,1087.000
1.842730000,42.734330000,1084.000
1.842900000,42.734160000,1081.000
1.843020000,42.734070000,1079.000
1.843460000,42.733810000,1076.000
1.843610000,42.733700000,1073.000
1.843710000,42.733630000,1071.000
1.843830000,42.733570000,1070.000
1.844300000,42.733390000,1068.000
1.844470000,42.733310000,1067.000
1.844740000,42.733160000,1065.000
1.845160000,42.732910000,1064.000
1.845280000,42.732830000,1063.000
1.845340000,42.732780000,1062.000
1.845420000,42.732690000,1061.000
1.845550000,42.732510000,1060.000
1.845850000,42.732110000,1058.000
1.846240000,42.731550000,1055.000
1.846400000,42.731330000,1052.000
1.846550000,42.731120000,1050.000
1.846630000,42.731010000,1048.000
1.846670000,42.730960000,1046.000
1.846820000,42.730790000,1045.000
1.846950000,42.730660000,1043.000
1.847040000,42.730580000,1042.000
1.847140000,42.730520000,1042.000
1.847860000,42.730080000,1040.000
1.848070000,42.729940000,1039.000
1.848110000,42.729900000,1038.000
1.848140000,42.729850000,1038.000
1.848150000,42.729800000,1037.000
1.848150000,42.729760000,1037.000
1.848120000,42.729610000,1036.000
1.848040000,42.729320000,1036.000
1.848010000,42.729180000,1035.000
1.848010000,42.729120000,1034.000
1.848020000,42.729040000,1033.000
1.848040000,42.728990000,1033.000
1.848070000,42.728930000,1032.000
1.848140000,42.728860000,1031.000
1.848440000,42.728610000,1030.000
1.848790000,42.728380000,1028.000
1.849430000,42.727980000,1024.000
1.849520000,42.727920000,1022.000
1.849610000,42.727830000,1020.000
1.849890000,42.727500000,1017.000
1.850030000,42.727370000,1015.000
1.850140000,42.727270000,1013.000
1.850260000,42.727180000,1012.000
1.850370000,42.727110000,1011.000
1.851500000,42.726460000,1007.000
1.851690000,42.726340000,1004.000
1.851790000,42.726260000,1002.000
1.851920000,42.726120000,1000.000
1.852220000,42.725610000,998.000
1.852260000,42.725550000,997.000
1.852310000,42.725480000,996.000
1.852410000,42.725400000,995.000
1.852520000,42.725330000,994.000
1.852660000,42.725240000,993.000
1.853200000,42.724990000,992.000
1.853390000,42.724890000,991.000
1.853470000,42.724830000,989.000
1.853570000,42.724740000,988.000
1.854050000,42.724290000,986.000
1.854160000,42.724200000,984.000
1.854260000,42.724140000,982.000
1.854350000,42.724090000,980.000
1.854660000,42.723950000,979.000
1.854770000,42.723890000,977.000
1.855470000,42.723450000,974.000
1.855540000,42.723400000,972.000
1.855630000,42.723370000,970.000
1.855710000,42.723350000,969.000
1.855800000,42.723340000,968.000
1.855920000,42.723350000,967.000
1.856100000,42.723370000,966.000
1.856240000,42.723360000,965.000
1.856380000,42.723340000,964.000
1.856580000,42.723300000,964.000
1.856760000,42.723240000,963.000
1.857000000,42.723120000,962.000
1.857090000,42.723070000,961.000
1.857150000,42.723030000,960.000
1.857190000,42.722990000,959.000
1.857230000,42.722930000,959.000
1.857360000,42.722770000,958.000
1.857410000,42.722720000,957.000
1.857460000,42.722700000,957.000
1.857510000,42.722690000,956.000
1.857570000,42.722700000,956.000
1.857610000,42.722710000,956.000
1.857650000,42.722730000,955.000
1.857750000,42.722810000,955.000
1.857780000,42.722820000,954.000
1.857810000,42.722820000,954.000
1.857850000,42.722820000,954.000
1.857890000,42.722810000,953.000
1.857920000,42.722790000,953.000
1.857930000,42.722760000,953.000
1.857940000,42.722740000,953.000
1.857920000,42.722700000,952.000
1.857900000,42.722680000,952.000
1.857830000,42.722630000,952.000
1.857740000,42.722580000,951.000
1.857670000,42.722550000,951.000
1.857620000,42.722540000,950.000
1.857530000,42.722530000,950.000
1.857460000,42.722540000,949.000
1.857340000,42.722570000,949.000
1.857260000,42.722620000,948.000
1.857030000,42.722780000,947.000
1.856840000,42.722900000,946.000
1.856720000,42.722950000,945.000
1.856640000,42.722970000,944.000
1.856550000,42.722980000,943.000
1.856450000,42.722980000,942.000
1.856260000,42.722970000,941.000
1.856040000,42.722970000,940.000
1.855920000,42.722980000,940.000
1.855820000,42.723000000,939.000
1.855720000,42.723030000,939.000
1.855630000,42.723050000,938.000
1.855560000,42.723060000,938.000
1.855500000,42.723060000,938.000
1.855440000,42.723040000,937.000
1.855270000,42.722970000,937.000
1.855210000,42.722960000,937.000
1.855150000,42.722970000,936.000
1.854830000,42.723100000,936.000
1.854630000,42.723160000,935.000
1.854390000,42.723200000,934.000
1.854120000,42.723240000,934.000
1.853910000,42.723250000,933.000
1.853710000,42.723240000,932.000
1.853540000,42.723210000,931.000
1.853270000,42.723160000,929.000
1.853150000,42.723130000,928.000
1.852860000,42.723100000,926.000
1.852790000,42.723080000,925.000
1.852720000,42.723030000,924.000
1.852610000,42.722960000,923.000
1.852520000,42.722930000,922.000
1.852410000,42.722920000,921.000
1.852180000,42.722930000,919.000
1.852080000,42.722920000,918.000
1.852010000,42.722890000,917.000
1.851960000,42.722840000,917.000
1.851860000,42.722660000,915.000
1.851800000,42.722620000,914.000
1.851610000,42.722570000,913.000
1.851560000,42.722550000,912.000
1.851500000,42.722510000,911.000
1.851390000,42.722410000,910.000
1.851310000,42.722360000,910.000
1.851230000,42.722330000,909.000
1.851150000,42.722310000,908.000
1.851050000,42.722300000,908.000
1.850890000,42.722330000,907.000
1.850690000,42.722390000,906.000
1.850220000,42.722510000,904.000
1.850060000,42.722560000,903.000
1.849830000,42.722660000,901.000
1.849730000,42.722690000,900.000
1.849630000,42.722690000,899.000
1.849100000,42.722660000,897.000
1.847600000,42.722530000,894.000
1.847450000,42.722530000,891.000
1.847330000,42.722540000,889.000
1.847190000,42.722560000,887.000
1.846910000,42.722640000,886.000
1.846040000,42.722950000,883.000
1.845930000,42.723000000,882.000
1.845820000,42.723080000,880.000
1.845670000,42.723220000,878.000
1.845540000,42.723310000,876.000
1.845420000,42.723380000,875.000
1.845220000,42.723490000,873.000
1.844580000,42.723940000,870.000
1.844520000,42.723960000,868.000
1.844470000,42.723980000,866.000
1.844410000,42.723990000,865.000
1.844340000,42.723980000,864.000
1.844170000,42.723960000,862.000
1.844080000,42.723950000,861.000
1.843990000,42.723960000,861.000
1.843860000,42.723990000,860.000
1.843740000,42.724000000,859.000
1.843640000,42.724010000,859.000
1.843520000,42.723990000,858.000
1.843380000,42.723950000,858.000
1.842850000,42.723750000,857.000
1.842690000,42.723720000,856.000
1.842530000,42.723710000,855.000
1.842390000,42.723730000,854.000
1.841740000,42.723870000,853.000
1.841600000,42.723910000,852.000
1.841480000,42.723960000,851.000
1.841370000,42.724040000,850.000
1.841160000,42.724230000,849.000
1.841100000,42.724290000,848.000
1.841010000,42.724350000,847.000
1.840920000,42.724390000,847.000
1.840820000,42.724410000,846.000
1.840750000,42.724410000,846.000
1.840670000,42.724400000,845.000
1.840570000,42.724370000,845.000
1.840510000,42.724320000,844.000
1.840480000,42.724270000,844.000
1.840480000,42.724200000,843.000
1.840500000,42.724140000,843.000
1.840570000,42.724040000,842.000
1.840650000,42.723980000,842.000
1.840820000,42.723910000,841.000
1.841590000,42.723550000,839.000
1.841900000,42.723400000,838.000
1.842030000,42.723360000,836.000
1.842190000,42.723320000,835.000
1.842380000,42.723290000,834.000
1.843670000,42.723140000,832.000
1.843770000,42.723120000,830.000
1.843810000,42.723100000,829.000
1.843860000,42.723080000,828.000
1.843880000,42.723060000,828.000
1.843900000,42.723020000,827.000
1.843990000,42.722740000,827.000
1.844020000,42.722680000,826.000
1.844100000,42.722610000,825.000
1.844400000,42.722420000,824.000
1.844580000,42.722320000,823.000
1.844710000,42.722230000,823.000
1.844790000,42.722160000,822.000
1.844840000,42.722090000,821.000
1.844940000,42.721920000,820.000
1.845010000,42.721830000,820.000
1.845080000,42.721760000,819.000
1.845240000,42.721660000,818.000
1.845540000,42.721460000,817.000
1.845580000,42.721430000,817.000
1.845590000,42.721400000,816.000
1.845590000,42.721370000,816.000
1.845570000,42.721340000,815.000
1.845550000,42.721330000,815.000
1.845520000,42.721310000,814.000
1.845470000,42.721310000,814.000
1.845420000,42.721320000,814.000
1.845370000,42.721340000,813.000
1.845230000,42.721470000,813.000
1.845150000,42.721530000,812.000
1.845050000,42.721560000,811.000
1.844940000,42.721570000,810.000
1.844600000,42.721580000,809.000
1.844480000,42.721590000,808.000
1.844390000,42.721600000,807.000
1.844290000,42.721630000,806.000
1.844200000,42.721680000,805.000
1.844100000,42.721760000,804.000
1.843920000,42.721980000,802.000
1.843820000,42.722070000,801.000
1.843720000,42.722120000,800.000
1.843570000,42.722160000,799.000
1.843390000,42.722210000,798.000
1.843270000,42.722260000,797.000
1.843190000,42.722310000,796.000
1.843140000,42.722360000,795.000
1.843060000,42.722480000,795.000
1.843030000,42.722540000,794.000
1.843000000,42.722590000,793.000
1.842940000,42.722620000,793.000
1.842860000,42.722650000,792.000
1.842760000,42.722650000,792.000
1.842630000,42.722630000,791.000
1.842460000,42.722600000,790.000
1.842320000,42.722580000,790.000
1.842160000,42.722590000,789.000
1.841970000,42.722620000,788.000
1.841610000,42.722700000,787.000
1.841300000,42.722790000,786.000
1.841220000,42.722830000,786.000
1.840890000,42.723060000,785.000
1.840780000,42.723120000,785.000
1.840570000,42.723200000,784.000
1.840480000,42.723240000,784.000
1.840350000,42.723310000,784.000
1.840230000,42.723410000,784.000
1.840140000,42.723490000,784.000
1.840100000,42.723510000,784.000
1.840050000,42.723510000,784.000
1.840020000,42.723510000,784.000
1.839980000,42.723490000,784.000
1.839970000,42.723470000,784.000
1.839950000,42.723450000,784.000
1.839950000,42.723420000,784.000
1.839970000,42.723390000,784.000
1.840040000,42.723340000,784.000
1.840270000,42.723210000,784.000
1.840620000,42.723060000,783.000
1.840700000,42.723010000,782.000
1.840790000,42.722950000,781.000
1.841180000,42.722570000,778.000
1.841250000,42.722510000,776.000
1.841320000,42.722460000,775.000
1.841450000,42.722400000,773.000
1.841750000,42.722270000,772.000
1.841960000,42.722180000,770.000
1.842060000,42.722150000,768.000
1.842380000,42.722090000,766.000
1.842440000,42.722070000,765.000
1.842480000,42.722030000,764.000
1.842510000,42.721990000,763.000
1.842550000,42.721920000,762.000
1.843100000,42.721180000,759.000
1.843140000,42.721120000,756.000
1.843170000,42.721060000,754.000
1.843170000,42.720990000,753.000
1.843160000,42.720820000,751.000
1.843160000,42.720600000,749.000
1.843160000,42.720500000,748.000
1.843180000,42.720400000,746.000
1.843210000,42.720350000,745.000
1.843240000,42.720300000,744.000
1.843380000,42.720150000,744.000
1.843410000,42.720090000,743.000
1.843420000,42.720040000,742.000
1.843400000,42.719950000,742.000
1.843360000,42.719870000,741.000
1.843310000,42.719790000,740.000
1.843270000,42.719750000,740.000
1.843220000,42.719720000,740.000
1.843140000,42.719690000,739.000
1.843070000,42.719680000,739.000
1.842930000,42.719690000,738.000
1.842670000,42.719710000,738.000
1.842460000,42.719740000,737.000
1.842020000,42.719840000,735.000
1.841510000,42.719970000,734.000
1.841380000,42.720000000,733.000
1.841150000,42.720060000,731.000
1.840150000,42.720310000,729.000
1.839970000,42.720380000,728.000
1.839930000,42.720400000,727.000
1.839890000,42.720420000,726.000
1.839870000,42.720450000,725.000
1.839840000,42.720480000,725.000
1.839810000,42.720490000,724.000
1.839760000,42.720500000,724.000
1.839710000,42.720520000,724.000
1.839580000,42.720600000,723.000
1.839310000,42.720730000,723.000
1.839020000,42.720860000,722.000
1.838610000,42.721030000,720.000
1.838340000,42.721160000,718.000
1.838190000,42.721230000,717.000
1.838070000,42.721280000,716.000
1.837840000,42.721390000,714.000
1.837590000,42.721540000,713.000
1.837350000,42.721690000,711.000
1.837270000,42.721740000,710.000
1.836900000,42.721980000,709.000
1.836450000,42.722260000,708.000
1.836250000,42.722390000,707.000
1.835840000,42.722640000,706.000
1.835730000,42.722760000,705.000
1.835170000,42.723120000,704.000
1.835100000,42.723160000,704.000
1.834910000,42.723270000,703.000
1.834590000,42.723450000,703.000
1.833940000,42.723810000,703.000
1.833730000,42.723930000,702.000
1.833240000,42.724290000,702.000
1.833120000,42.724400000,702.000
1.832790000,42.724630000,701.000
1.832480000,42.724860000,701.000
1.832130000,42.725080000,701.000
1.831440000,42.725590000,700.000
1.831220000,42.725770000,699.000
1.830950000,42.726010000,699.000
1.830770000,42.726170000,699.000
1.830450000,42.726450000,699.000
1.830170000,42.726680000,699.000
1.830030000,42.726770000,699.000
1.829880000,42.726870000,699.000
1.829730000,42.726960000,699.000
1.829560000,42.727050000,699.000
1.829200000,42.727220000,699.000
1.828210000,42.727670000,698.000
1.827270000,42.728160000,696.000
1.826510000,42.728520000,695.000
1.826180000,42.728680000,694.000
1.825620000,42.728950000,693.000
1.825290000,42.729090000,692.000
1.824830000,42.729240000,692.000
1.824410000,42.729350000,691.000
1.823840000,42.729490000,689.000
1.823230000,42.729600000,688.000
1.822960000,42.729630000,686.000
1.822520000,42.729680000,685.000
1.822110000,42.729690000,683.000
1.821660000,42.729690000,682.000
1.821180000,42.729670000,681.000
1.820190000,42.729580000,679.000
1.819530000,42.729520000,677.000
1.818990000,42.729430000,675.000
1.818240000,42.729260000,675.000
1.818090000,42.729230000,674.000
1.817990000,42.729210000,674.000
1.817910000,42.729190000,674.000
1.817630000,42.729140000,674.000
1.817370000,42.729110000,674.000
1.817270000,42.729110000,674.000
1.817060000,42.729110000,674.000
1.816830000,42.729140000,674.000
1.816590000,42.729190000,674.000
1.816280000,42.729260000,674.000
1.815790000,42.729400000,673.000
1.815540000,42.729460000,672.000
1.815160000,42.729610000,672.000
1.815070000,42.729640000,671.000
1.814820000,42.729730000,670.000
1.814460000,42.729850000,670.000
1.814370000,42.729880000,669.000
1.814080000,42.729970000,669.000
1.813950000,42.730010000,668.000
1.813820000,42.730060000,668.000
1.813440000,42.730190000,667.000
1.812170000,42.730570000,666.000
1.810680000,42.731060000,664.000
1.810030000,42.731270000,663.000
1.809830000,42.731330000,662.000
1.809440000,42.731420000,662.000
1.809130000,42.731470000,662.000
1.808790000,42.731520000,662.000
1.808420000,42.731540000,662.000
1.808130000,42.731540000,662.000
1.807870000,42.731540000,662.000
1.806810000,42.731490000,663.000
1.806350000,42.731470000,662.000
1.806190000,42.731460000,662.000
1.805980000,42.731450000,662.000
1.805890000,42.731420000,662.000
1.805700000,42.731360000,661.000
1.805520000,42.731280000,661.000
1.805440000,42.731250000,660.000
1.805390000,42.731250000,660.000
1.805340000,42.731250000,660.000
1.805280000,42.731230000,659.000
1.805230000,42.731200000,659.000
1.805190000,42.731160000,659.000
1.805170000,42.731110000,659.000
1.805160000,42.731070000,659.000
1.805170000,42.731030000,658.000
1.805200000,42.730980000,658.000
1.805240000,42.730950000,658.000
1.805290000,42.730920000,658.000
1.805350000,42.730910000,658.000
1.805400000,42.730900000,657.000
1.805460000,42.730910000,657.000
1.805610000,42.730870000,657.000
1.805730000,42.730800000,657.000
1.806100000,42.730540000,657.000
1.806210000,42.730430000,658.000
1.806260000,42.730310000,658.000
1.806260000,42.730210000,659.000
1.806230000,42.730070000,659.000
1.806130000,42.729960000,660.000
1.806010000,42.729880000,660.000
1.805860000,42.729820000,661.000
1.805670000,42.729800000,661.000
1.805430000,42.729820000,662.000
1.805230000,42.729860000,662.000
1.805010000,42.729910000,663.000
1.804770000,42.730000000,663.000
1.804440000,42.730140000,662.000
1.804110000,42.730310000,662.000
1.802710000,42.731010000,661.000
1.802270000,42.731230000,661.000
1.800970000,42.731880000,663.000
1.800140000,42.732260000,666.000
1.799310000,42.732600000,669.000
1.798600000,42.732850000,670.000
1.797540000,42.733190000,671.000
1.796080000,42.733600000,671.000
1.795330000,42.733840000,671.000
1.795030000,42.733940000,670.000
1.794420000,42.734170000,669.000
1.793850000,42.734400000,668.000
1.792710000,42.734900000,666.000
1.792290000,42.735060000,665.000
1.792030000,42.735150000,665.000
1.791750000,42.735210000,665.000
1.791380000,42.735350000,665.000
1.791130000,42.735450000,665.000
1.790960000,42.735550000,666.000
1.790780000,42.735660000,666.000
1.790610000,42.735790000,667.000
1.790520000,42.735870000,667.000
1.790440000,42.735950000,667.000
1.790310000,42.736090000,666.000
1.790200000,42.736240000,666.000
1.790110000,42.736380000,666.000
1.790060000,42.736490000,665.000
1.789990000,42.736720000,664.000
1.789910000,42.737160000,663.000
1.789860000,42.737520000,662.000
1.789840000,42.737670000,661.000
1.789780000,42.738060000,661.000
1.789730000,42.738310000,661.000
1.789710000,42.738370000,661.000
1.789650000,42.738540000,662.000
1.789580000,42.738690000,662.000
1.789500000,42.738840000,662.000
1.789400000,42.738970000,663.000
1.789230000,42.739120000,663.000
1.789020000,42.739250000,664.000
1.788740000,42.739400000,663.000
1.788430000,42.739500000,663.000
1.788080000,42.739560000,662.000
1.787380000,42.739650000,661.000
1.786740000,42.739740000,659.000
1.786460000,42.739780000,658.000
1.786180000,42.739850000,657.000
1.785940000,42.739920000,657.000
1.785640000,42.740030000,658.000
1.785430000,42.740140000,659.000
1.785120000,42.740320000,661.000
1.784340000,42.740840000,664.000
1.783860000,42.741150000,665.000
1.783500000,42.741360000,665.000
1.783300000,42.741460000,664.000
1.783100000,42.741550000,664.000
1.782400000,42.741860000,662.000
1.780300000,42.742740000,657.000
1.779540000,42.743100000,655.000
1.779180000,42.743350000,653.000
1.778900000,42.743650000,653.000
1.778760000,42.743830000,653.000
1.778690000,42.743950000,653.000
1.778630000,42.744040000,653.000
1.778490000,42.744260000,653.000
1.778340000,42.744530000,654.000
1.778220000,42.744670000,654.000
1.777960000,42.744890000,654.000
1.777610000,42.745120000,655.000
1.776840000,42.745530000,655.000
1.776630000,42.745710000,656.000
1.776490000,42.745840000,656.000
1.776300000,42.746090000,656.000
1.776110000,42.746330000,657.000
1.774810000,42.747920000,657.000
1.774720000,42.748040000,658.000
1.774400000,42.748280000,658.000
1.773480000,42.748890000,658.000
1.773170000,42.749120000,659.000
1.772970000,42.749340000,659.000
1.772800000,42.749660000,658.000
1.772540000,42.750240000,655.000
1.771980000,42.751530000,649.000
1.771190000,42.753090000,642.000
1.770570000,42.754380000,636.000
1.770490000,42.754580000,631.000
1.770390000,42.754850000,628.000
1.770360000,42.754960000,626.000
1.770350000,42.755080000,624.000
1.770380000,42.755240000,623.000
1.770450000,42.755430000,622.000
1.770630000,42.755780000,621.000
1.770700000,42.756000000,620.000
1.770710000,42.756210000,619.000
1.770680000,42.756350000,618.000
1.770620000,42.756480000,618.000
1.770330000,42.756880000,617.000
1.770090000,42.757130000,616.000
1.769300000,42.757970000,614.000
1.768840000,42.758420000,612.000
1.768530000,42.758690000,610.000
1.768120000,42.758930000,608.000
1.767870000,42.759030000,606.000
1.767590000,42.759140000,605.000
1.767240000,42.759280000,603.000
1.766830000,42.759420000,603.000
1.766470000,42.759550000,603.000
1.765070000,42.760050000,604.000
1.764560000,42.760220000,606.000
1.764420000,42.760240000,607.000
1.764250000,42.760260000,607.000
1.763790000,42.760290000,608.000
1.763330000,42.760310000,608.000
1.762920000,42.760350000,609.000
1.762700000,42.760370000,609.000
1.762510000,42.760390000,609.000
1.762440000,42.760410000,609.000
1.762380000,42.760440000,609.000
1.762300000,42.760480000,609.000
1.762180000,42.760560000,609.000
1.761860000,42.760800000,609.000
1.761490000,42.761080000,607.000
1.761340000,42.761190000,606.000
1.761270000,42.761220000,605.000
1.761200000,42.761250000,604.000
1.760650000,42.761410000,603.000
1.760180000,42.761560000,601.000
1.760040000,42.761610000,600.000
1.760040000,42.761610000,599.000
1.759080000,42.761940000,601.000
1.758310000,42.762220000,602.000
1.758030000,42.762320000,604.000
1.756820000,42.762810000,607.000
1.755610000,42.763300000,608.000
1.755360000,42.763420000,607.000
1.755160000,42.763490000,607.000
1.754970000,42.763550000,607.000
1.754460000,42.763670000,606.000
1.754150000,42.763770000,605.000
1.753510000,42.763930000,605.000
1.753130000,42.764050000,605.000
1.752840000,42.764160000,605.000
1.752590000,42.764260000,605.000
1.751580000,42.764680000,605.000
1.750580000,42.765060000,604.000
1.750430000,42.765130000,603.000
1.749440000,42.765530000,602.000
1.749150000,42.765630000,600.000
1.748900000,42.765690000,599.000
1.748460000,42.765740000,597.000
1.748280000,42.765740000,595.000
1.747810000,42.765750000,593.000
1.747190000,42.765780000,591.000
1.746900000,42.765800000,588.000
1.746610000,42.765850000,586.000
1.746290000,42.765940000,584.000
1.745960000,42.766060000,583.000
1.744920000,42.766570000,583.000
1.744010000,42.767020000,582.000
1.743710000,42.767170000,583.000
1.743460000,42.767310000,584.000
1.742990000,42.767600000,586.000
1.742480000,42.767970000,590.000
1.742200000,42.768140000,593.000
1.741930000,42.768260000,596.000
1.741880000,42.768280000,598.000
1.741690000,42.768330000,599.000
1.741500000,42.768370000,601.000
1.741370000,42.768390000,602.000
1.740740000,42.768420000,603.000
1.740350000,42.768460000,604.000
1.739960000,42.768520000,606.000
1.739470000,42.768660000,607.000
1.739230000,42.768740000,609.000
1.738980000,42.768840000,609.000
1.738760000,42.768960000,610.000
1.738230000,42.769260000,611.000
1.737450000,42.769600000,612.000
1.737250000,42.769700000,612.000
1.737110000,42.769790000,613.000
1.736940000,42.769930000,613.000
1.736710000,42.770120000,613.000
1.736600000,42.770210000,613.000
1.736420000,42.770330000,613.000
1.736210000,42.770430000,613.000
1.735960000,42.770500000,613.000
1.735680000,42.770540000,612.000
1.735470000,42.770540000,612.000
1.735250000,42.770520000,612.000
1.734960000,42.770460000,612.000
1.734770000,42.770410000,611.000
1.734470000,42.770330000,610.000
1.734220000,42.770290000,609.000
1.733940000,42.770260000,607.000
1.733680000,42.770270000,606.000
1.733540000,42.770290000,604.000
1.733410000,42.770310000,603.000
1.733140000,42.770380000,601.000
1.732850000,42.770460000,600.000
1.732510000,42.770560000,598.000
1.732250000,42.770640000,596.000
1.732050000,42.770670000,595.000
1.731820000,42.770700000,594.000
1.730820000,42.770770000,593.000
1.730600000,42.770780000,592.000
1.729790000,42.770830000,591.000
1.728170000,42.770940000,587.000
1.726660000,42.771030000,581.000
1.725170000,42.771130000,576.000
1.722620000,42.771300000,570.000
1.722110000,42.771320000,566.000
1.721430000,42.771370000,563.000
1.718910000,42.771540000,560.000
1.718540000,42.771560000,558.000
1.718340000,42.771580000,557.000
1.718060000,42.771600000,556.000
1.716020000,42.771730000,554.000
1.715880000,42.771740000,553.000
1.715020000,42.771790000,552.000
1.713690000,42.771880000,551.000
1.712200000,42.771970000,550.000
1.710810000,42.772070000,549.000
1.710390000,42.772100000,548.000
1.710330000,42.772100000,548.000
1.710190000,42.772110000,548.000
1.710140000,42.772110000,548.000
1.709670000,42.772140000,548.000
1.709010000,42.772190000,549.000
1.708620000,42.772240000,550.000
1.708160000,42.772340000,552.000
1.706970000,42.772700000,556.000
1.706460000,42.772850000,558.000
1.706270000,42.772890000,560.000
1.705580000,42.773030000,561.000
1.705040000,42.773130000,562.000
1.704980000,42.773140000,562.000
1.704000000,42.773330000,562.000
1.703100000,42.773490000,562.000
1.702180000,42.773640000,563.000
1.701230000,42.773790000,563.000
1.700940000,42.773860000,563.000
1.700610000,42.774000000,562.000
1.699840000,42.774390000,561.000
1.698690000,42.774950000,558.000
1.697410000,42.775570000,555.000
1.697150000,42.775730000,553.000
1.696960000,42.775880000,551.000
1.696790000,42.776080000,550.000
1.696710000,42.776200000,549.000
1.696660000,42.776330000,548.000
1.696640000,42.776350000,548.000
1.696580000,42.776620000,547.000
1.696410000,42.777290000,546.000
1.696190000,42.778160000,545.000
1.696120000,42.778380000,543.000
1.695980000,42.778910000,542.000
1.695780000,42.779540000,541.000
1.695630000,42.779940000,540.000
1.695600000,42.780040000,539.000
1.695580000,42.780130000,538.000
1.695370000,42.780860000,538.000
1.694990000,42.782170000,536.000
1.694880000,42.782590000,535.000
1.694790000,42.782970000,534.000
1.694750000,42.783280000,533.000
1.694710000,42.783580000,533.000
1.694650000,42.784480000,532.000
1.694600000,42.784840000,531.000
1.694530000,42.785180000,531.000
1.694420000,42.785490000,530.000
1.694300000,42.785750000,530.000
1.694160000,42.785990000,530.000
1.694010000,42.786230000,530.000
1.693860000,42.786440000,531.000
1.693650000,42.786670000,531.000
1.693470000,42.786840000,532.000
1.693270000,42.787030000,532.000
1.693030000,42.787210000,533.000
1.692770000,42.787410000,534.000
1.691860000,42.788040000,535.000
1.691020000,42.788620000,535.000
1.690500000,42.788960000,533.000
1.689960000,42.789260000,531.000
1.689500000,42.789450000,529.000
1.689180000,42.789550000,528.000
1.688640000,42.789700000,527.000
1.687530000,42.789910000,526.000
1.686510000,42.790100000,526.000
1.685920000,42.790240000,526.000
1.685400000,42.790370000,526.000
1.684890000,42.790540000,527.000
1.684470000,42.790700000,527.000
1.684080000,42.790870000,527.000
1.683500000,42.791160000,527.000
1.682870000,42.791530000,526.000
1.680870000,42.792750000,524.000
1.680020000,42.793240000,523.000
1.679680000,42.793400000,522.000
1.679400000,42.793530000,521.000
1.679070000,42.793660000,521.000
1.678760000,42.793760000,520.000
1.678480000,42.793840000,520.000
1.678160000,42.793930000,519.000
1.677850000,42.794010000,518.000
1.677240000,42.794130000,517.000
1.676470000,42.794280000,515.000
1.675940000,42.794390000,513.000
1.675630000,42.794490000,512.000
1.675300000,42.794580000,511.000
1.674930000,42.794700000,510.000
1.674510000,42.794840000,509.000
1.673890000,42.795050000,509.000
1.673730000,42.795110000,508.000
1.673350000,42.795270000,508.000
1.672880000,42.795480000,508.000
1.672060000,42.795850000,509.000
1.671220000,42.796300000,511.000
1.670740000,42.796540000,512.000
1.669160000,42.797270000,511.000
1.668730000,42.797450000,511.000
1.668350000,42.797590000,510.000
1.668000000,42.797710000,510.000
1.667660000,42.797800000,509.000
1.667040000,42.797930000,508.000
1.665780000,42.798170000,507.000
1.664470000,42.798430000,506.000
1.664140000,42.798490000,505.000
1.663800000,42.798560000,504.000
1.662410000,42.798840000,502.000
1.661980000,42.798930000,501.000
1.661460000,42.799030000,500.000
1.661020000,42.799100000,500.000
1.660980000,42.799110000,500.000
1.660930000,42.799120000,500.000
1.660710000,42.799150000,500.000
1.659760000,42.799290000,500.000
1.658840000,42.799440000,499.000
1.658100000,42.799540000,498.000
1.657050000,42.799700000,497.000
1.656190000,42.799840000,496.000
1.655220000,42.800000000,495.000
1.654770000,42.800080000,495.000
1.654410000,42.800150000,495.000
1.654080000,42.800250000,495.000
1.653750000,42.800350000,495.000
1.653500000,42.800390000,495.000
1.653270000,42.800400000,495.000
1.652940000,42.800410000,495.000
1.652630000,42.800460000,495.000
1.652050000,42.800600000,495.000
1.651730000,42.800710000,495.000
1.651460000,42.800820000,495.000
1.651280000,42.800920000,495.000
1.651110000,42.801030000,495.000
1.650820000,42.801250000,496.000
1.650490000,42.801530000,496.000
1.650350000,42.801700000,497.000
1.649700000,42.802250000,497.000
1.649480000,42.802440000,498.000
1.648470000,42.803290000,498.000
1.647360000,42.804160000,498.000
1.646250000,42.805030000,496.000
1.642610000,42.807900000,492.000
1.641000000,42.809160000,492.000
1.640610000,42.809470000,493.000
1.640220000,42.809750000,494.000
1.639720000,42.810050000,493.000
1.637690000,42.811150000,491.000
1.634890000,42.812670000,492.000
1.633790000,42.813270000,492.000
1.633260000,42.813570000,493.000
1.632540000,42.813940000,494.000
1.631920000,42.814270000,494.000
1.631000000,42.814730000,494.000
1.630260000,42.815090000,494.000
1.629460000,42.815490000,493.000
1.629240000,42.815580000,492.000
1.628830000,42.815780000,491.000
1.628330000,42.816050000,489.000
1.627110000,42.816670000,486.000
1.625000000,42.817700000,487.000
1.623730000,42.818330000,485.000
1.623350000,42.818560000,483.000
1.622910000,42.818870000,480.000
1.622470000,42.819280000,479.000
1.622130000,42.819650000,478.000
1.621980000,42.819880000,478.000
1.621830000,42.820110000,478.000
1.621550000,42.820630000,479.000
1.621190000,42.821190000,479.000
1.620990000,42.821460000,480.000
1.620720000,42.821820000,480.000
1.620300000,42.822420000,481.000
1.620170000,42.822590000,482.000
1.619540000,42.823440000,483.000
1.619050000,42.824080000,484.000
1.618620000,42.824640000,484.000
1.618400000,42.824930000,483.000
1.618210000,42.825190000,483.000
1.617980000,42.825490000,482.000
1.617810000,42.825700000,481.000
1.617500000,42.826010000,480.000
1.617170000,42.826270000,480.000
1.616830000,42.826530000,479.000
1.616050000,42.827120000,479.000
1.615360000,42.827620000,479.000
1.614750000,42.828020000,479.000
1.614190000,42.828360000,479.000
1.613240000,42.828930000,481.000
1.611960000,42.829690000,484.000
1.611130000,42.830190000,486.000
1.610440000,42.830590000,486.000
1.610220000,42.830700000,486.000
1.610120000,42.830760000,486.000
1.609840000,42.831020000,485.000
1.609410000,42.831440000,485.000
1.608890000,42.831860000,484.000
1.608510000,42.832220000,483.000
1.608270000,42.832520000,482.000
1.607990000,42.832960000,482.000
1.607630000,42.833560000,483.000
1.607500000,42.833790000,484.000
1.607370000,42.834140000,484.000
1.607230000,42.834810000,486.000
1.607160000,42.834980000,487.000
1.607030000,42.835210000,487.000
1.606780000,42.835540000,487.000
1.606670000,42.835680000,487.000
1.606490000,42.835940000,487.000
1.606090000,42.836480000,486.000
1.606010000,42.836600000,486.000
1.605870000,42.836790000,486.000
1.605760000,42.836910000,486.000
1.605580000,42.837100000,486.000
1.605330000,42.837270000,487.000
1.604990000,42.837450000,487.000
1.604590000,42.837640000,487.000
1.604530000,42.837670000,488.000
1.604490000,42.837690000,488.000
1.604510000,42.837730000,488.000
1.604520000,42.837780000,488.000
1.604500000,42.837820000,488.000
1.604470000,42.837860000,488.000
1.604420000,42.837890000,488.000
1.604360000,42.837900000,488.000
1.604300000,42.837910000,488.000
1.604250000,42.837900000,487.000
1.604200000,42.837870000,487.000
1.604150000,42.837840000,487.000
1.604120000,42.837860000,487.000
1.604030000,42.837910000,486.000
1.603840000,42.838010000,486.000
1.603440000,42.838390000,484.000
1.602940000,42.838910000,482.000
1.602850000,42.839070000,480.000
1.602820000,42.839220000,479.000
1.602730000,42.839660000,477.000
1.602710000,42.839740000,476.000
1.602640000,42.840100000,475.000
1.602610000,42.840230000,475.000
1.602550000,42.840630000,474.000
1.602530000,42.840730000,473.000
1.602460000,42.841100000,472.000
1.602400000,42.841420000,472.000
1.602380000,42.841500000,472.000
1.602340000,42.841720000,472.000
1.602330000,42.841790000,472.000
1.602210000,42.842440000,473.000
1.602170000,42.842660000,474.000
1.602140000,42.842780000,474.000
1.602070000,42.843150000,475.000
1.602000000,42.843570000,475.000
1.601950000,42.843760000,475.000
1.601940000,42.843810000,475.000
1.601920000,42.843890000,475.000
1.601850000,42.844110000,475.000
1.601740000,42.844370000,474.000
1.601570000,42.844700000,474.000
1.601480000,42.844820000,474.000
1.601430000,42.844890000,473.000
1.601250000,42.845010000,473.000
1.601150000,42.845060000,473.000
1.601100000,42.845100000,472.000
1.601050000,42.845130000,472.000
1.601090000,42.845160000,472.000
1.601100000,42.845200000,472.000
1.601100000,42.845240000,472.000
1.601090000,42.845270000,472.000
1.601050000,42.845300000,472.000
1.600990000,42.845330000,472.000
1.600940000,42.845330000,472.000
1.600900000,42.845330000,472.000
1.600890000,42.845360000,472.000
1.600870000,42.845420000,472.000
1.600790000,42.845600000,471.000
1.600640000,42.845820000,471.000
1.600590000,42.845880000,471.000
1.600480000,42.846010000,471.000
1.600420000,42.846080000,471.000
1.600280000,42.846290000,471.000
1.600060000,42.846670000,470.000
1.599950000,42.846980000,470.000
1.599900000,42.847120000,470.000
1.599880000,42.847210000,471.000
1.599830000,42.847470000,471.000
1.599800000,42.847690000,471.000
1.599780000,42.847800000,472.000
1.599700000,42.848370000,473.000
1.599700000,42.848410000,473.000
1.599620000,42.848930000,474.000
1.599590000,42.849110000,474.000
1.599540000,42.849430000,474.000
1.599360000,42.849940000,473.000
1.599310000,42.850020000,473.000
1.599340000,42.850050000,473.000
1.599350000,42.850090000,472.000
1.599340000,42.850130000,472.000
1.599310000,42.850160000,472.000
1.599260000,42.850190000,472.000
1.599220000,42.850190000,471.000
1.599170000,42.850190000,471.000
1.599130000,42.850170000,471.000
1.599100000,42.850140000,471.000
1.598750000,42.850210000,471.000
1.598200000,42.850390000,470.000
1.598060000,42.850430000,470.000
1.597510000,42.850620000,470.000
1.597330000,42.850690000,470.000
1.596720000,42.850900000,470.000
1.594880000,42.851540000,472.000
1.593560000,42.852010000,475.000
1.593300000,42.852100000,477.000
1.593190000,42.852140000,479.000
1.592440000,42.852380000,481.000
1.592210000,42.852480000,483.000
1.591990000,42.852580000,484.000
1.591850000,42.852660000,485.000
1.591680000,42.852790000,486.000
1.591650000,42.852980000,486.000
1.591550000,42.853120000,487.000
1.591340000,42.853260000,488.000
1.591160000,42.853310000,488.000
1.590980000,42.853320000,489.000
1.590870000,42.853310000,489.000
1.590720000,42.853270000,489.000
1.590580000,42.853200000,490.000
1.590450000,42.853080000,490.000
1.590350000,42.853070000,490.000
1.590230000,42.853070000,490.000
1.590080000,42.853080000,490.000
1.589330000,42.853450000,490.000
1.589060000,42.853550000,490.000
1.588070000,42.853870000,489.000
1.587530000,42.854050000,489.000
1.587250000,42.854140000,490.000
1.586610000,42.854380000,491.000
1.586290000,42.854530000,491.000
1.586000000,42.854680000,492.000
1.585740000,42.854850000,493.000
1.585660000,42.854900000,494.000
1.585030000,42.855300000,495.000
1.584450000,42.855760000,496.000
1.584340000,42.855870000,498.000
1.584280000,42.855960000,499.000
1.584250000,42.856040000,499.000
1.584200000,42.856200000,500.000
1.584130000,42.856280000,501.000
1.584050000,42.856360000,501.000
1.583870000,42.856490000,502.000
1.583490000,42.856670000,502.000
1.583350000,42.856750000,503.000
1.583250000,42.856840000,503.000
1.583200000,42.856920000,504.000
1.583140000,42.857060000,504.000
1.583080000,42.857420000,504.000
1.583020000,42.857520000,505.000
1.582940000,42.857610000,505.000
1.582810000,42.857690000,506.000
1.582330000,42.857850000,507.000
1.581410000,42.858180000,511.000
1.580620000,42.858530000,516.000
1.580400000,42.858590000,519.000
1.580180000,42.858610000,522.000
1.579550000,42.858630000,525.000
1.579310000,42.858650000,527.000
1.578910000,42.858690000,529.000
1.578610000,42.858730000,531.000
1.578360000,42.858760000,533.000
1.578200000,42.858750000,534.000
1.578040000,42.858700000,535.000
1.577710000,42.858560000,536.000
1.577500000,42.858530000,538.000
1.577360000,42.858540000,538.000
1.577210000,42.858580000,539.000
1.576920000,42.858730000,541.000
1.576590000,42.858900000,542.000
1.576430000,42.858990000,543.000
1.576320000,42.859130000,544.000
1.576230000,42.859310000,545.000
1.576220000,42.859340000,546.000
1.576200000,42.859390000,547.000
1.575980000,42.859880000,547.000
1.575830000,42.860160000,548.000
1.575800000,42.860200000,549.000
1.575670000,42.860380000,550.000
1.575430000,42.860610000,550.000
1.575180000,42.860800000,551.000
1.574830000,42.861030000,552.000
1.574110000,42.861470000,554.000
1.573890000,42.861600000,556.000
1.573610000,42.861710000,557.000
1.573290000,42.861810000,559.000
1.572920000,42.861960000,561.000
1.572610000,42.862220000,563.000
1.572290000,42.862570000,565.000
1.572130000,42.862720000,566.000
1.571960000,42.862850000,568.000
1.571380000,42.863230000,570.000
1.570980000,42.863520000,572.000
1.570660000,42.863810000,574.000
1.570130000,42.864560000,577.000
1.570000000,42.864760000,580.000
1.569890000,42.865030000,582.000
1.569760000,42.865380000,585.000
1.569700000,42.865520000,587.000
1.569590000,42.865700000,588.000
1.569480000,42.865860000,589.000
1.569410000,42.865970000,589.000
1.569300000,42.866220000,590.000
1.569210000,42.866380000,590.000
1.569070000,42.866580000,590.000
1.568420000,42.867490000,590.000
1.568330000,42.867680000,591.000
1.568280000,42.867820000,592.000
1.568260000,42.867970000,593.000
1.568290000,42.868450000,595.000
1.568290000,42.868540000,597.000
1.568270000,42.868660000,599.000
1.568080000,42.869460000,602.000
1.568000000,42.869760000,606.000
1.567960000,42.869860000,608.000
1.567900000,42.869940000,610.000
1.567820000,42.870040000,612.000
1.567740000,42.870140000,613.000
1.567700000,42.870210000,614.000
1.567670000,42.870300000,615.000
1.567650000,42.870580000,617.000
1.567630000,42.870690000,618.000
1.567580000,42.870810000,619.000
1.567520000,42.870890000,620.000
1.567440000,42.870970000,621.000
1.567320000,42.871050000,622.000
1.567160000,42.871120000,623.000
1.566990000,42.871170000,624.000
1.566710000,42.871230000,625.000
1.565730000,42.871460000,627.000
1.565520000,42.871510000,628.000
1.565380000,42.871540000,629.000
1.565280000,42.871590000,630.000
1.565200000,42.871640000,631.000
1.565090000,42.871750000,632.000
1.564990000,42.871860000,632.000
1.564710000,42.872240000,634.000
1.564600000,42.872400000,635.000
1.564450000,42.872620000,636.000
1.564200000,42.872970000,638.000
1.564030000,42.873190000,640.000
1.563950000,42.873260000,641.000
1.563840000,42.873330000,642.000
1.563640000,42.873430000,643.000
1.563500000,42.873500000,644.000
1.563380000,42.873540000,645.000
1.563060000,42.873630000,646.000
1.562890000,42.873670000,646.000
1.562670000,42.873750000,647.000
1.562350000,42.873860000,647.000
1.562210000,42.873920000,648.000
1.561960000,42.874040000,649.000
1.561720000,42.874180000,649.000
1.561070000,42.874570000,650.000
1.560420000,42.874770000,652.000
1.559690000,42.874930000,654.000
1.559200000,42.875010000,656.000
1.558690000,42.875020000,658.000
1.557680000,42.874950000,658.000
1.557000000,42.874910000,657.000
1.556000000,42.875020000,656.000
1.555550000,42.875080000,655.000
1.555130000,42.875150000,654.000
1.554910000,42.875220000,652.000
1.554510000,42.875300000,651.000
1.554080000,42.875270000,650.000
1.553350000,42.875190000,649.000
1.552940000,42.875220000,646.000
1.552790000,42.875240000,644.000
1.552380000,42.875290000,642.000
1.551790000,42.875370000,639.000
1.551160000,42.875420000,635.000
1.550700000,42.875480000,631.000
1.550490000,42.875550000,628.000
1.550330000,42.875670000,626.000
1.550170000,42.875860000,625.000
1.550010000,42.876060000,624.000
1.549890000,42.876240000,623.000
1.549590000,42.876760000,622.000
1.549470000,42.876970000,622.000
1.549180000,42.877240000,621.000
1.549020000,42.877380000,622.000
1.548610000,42.877700000,623.000
1.548280000,42.877850000,625.000
1.547920000,42.878030000,627.000
1.547920000,42.878030000,629.000
1.547920000,42.878030000,630.000
1.547630000,42.878280000,632.000
1.547400000,42.878490000,634.000
1.546910000,42.878870000,637.000
1.546670000,42.879300000,640.000
1.546440000,42.879630000,644.000
1.546110000,42.879850000,647.000
1.545750000,42.879980000,651.000
1.545350000,42.880050000,654.000
1.544930000,42.880050000,656.000
1.544680000,42.880050000,658.000
1.544500000,42.880040000,659.000
1.544100000,42.879980000,661.000
1.543740000,42.879890000,662.000
1.543410000,42.879740000,664.000
1.543080000,42.879530000,665.000
1.542970000,42.879460000,666.000
1.542950000,42.879440000,667.000
1.542910000,42.879410000,668.000
1.542590000,42.879210000,668.000
1.542230000,42.879060000,668.000
1.541810000,42.878900000,669.000
1.541580000,42.878840000,669.000
1.541510000,42.878820000,669.000
1.541330000,42.878790000,669.000
1.540940000,42.878710000,669.000
1.540630000,42.878660000,669.000
1.540600000,42.878650000,669.000
1.539390000,42.878410000,669.000
1.539330000,42.878400000,668.000
1.538790000,42.878300000,668.000
1.538450000,42.878250000,667.000
1.538150000,42.878230000,667.000
1.537840000,42.878230000,667.000
1.537080000,42.878250000,668.000
1.535740000,42.878270000,669.000
1.534750000,42.878290000,670.000
1.534260000,42.878340000,672.000
1.533750000,42.878410000,673.000
1.533650000,42.878430000,674.000
1.532950000,42.878540000,676.000
1.532360000,42.878600000,676.000
1.531900000,42.878580000,677.000
1.531650000,42.878550000,677.000
1.531440000,42.878510000,677.000
1.529980000,42.878210000,677.000
1.529330000,42.878080000,677.000
1.529000000,42.878040000,677.000
1.528670000,42.878030000,676.000
1.528110000,42.878100000,676.000
1.527750000,42.878170000,676.000
1.527510000,42.878210000,676.000
1.526490000,42.878420000,677.000
1.524100000,42.878880000,679.000
1.523560000,42.878980000,682.000
1.523400000,42.879020000,683.000
1.519940000,42.879690000,689.000
1.519080000,42.879760000,694.000
1.518630000,42.879810000,698.000
1.518330000,42.879890000,701.000
1.518160000,42.880000000,703.000
1.517770000,42.880270000,705.000
1.517550000,42.880400000,707.000
1.517470000,42.880420000,709.000
1.517390000,42.880430000,710.000
1.517200000,42.880410000,711.000
1.516930000,42.880370000,712.000
1.516850000,42.880360000,713.000
1.516760000,42.880320000,714.000
1.516640000,42.880240000,715.000
1.516530000,42.880190000,716.000
1.516280000,42.880130000,717.000
1.516020000,42.880080000,718.000
1.515810000,42.880050000,719.000
1.515370000,42.880050000,720.000
1.514910000,42.880040000,722.000
1.514660000,42.880070000,724.000
1.514560000,42.880100000,725.000
1.514300000,42.880220000,727.000
1.514250000,42.880240000,728.000
1.513950000,42.880340000,730.000
1.513540000,42.880470000,732.000
1.513220000,42.880590000,734.000
1.512890000,42.880640000,737.000
1.512350000,42.880670000,740.000
1.512280000,42.880670000,742.000
1.512050000,42.880690000,743.000
1.511780000,42.880720000,745.000
1.511420000,42.880810000,747.000
1.511140000,42.880840000,748.000
1.510460000,42.880810000,750.000
1.510090000,42.880810000,752.000
1.509930000,42.880820000,754.000
1.509730000,42.880850000,755.000
1.509380000,42.880900000,756.000
1.509090000,42.880910000,758.000
1.508920000,42.880890000,760.000
1.508750000,42.880860000,761.000
1.508120000,42.880710000,763.000
1.507760000,42.880640000,765.000
1.507410000,42.880610000,767.000
1.507140000,42.880600000,769.000
1.506870000,42.880590000,772.000
1.506460000,42.880610000,774.000
1.506290000,42.880620000,776.000
1.506060000,42.880640000,779.000
1.505890000,42.880650000,781.000
1.505770000,42.880640000,782.000
1.505690000,42.880620000,784.000
1.505600000,42.880590000,785.000
1.505340000,42.880430000,787.000
1.505250000,42.880410000,788.000
1.505160000,42.880400000,789.000
1.505050000,42.880420000,790.000
1.504750000,42.880510000,792.000
1.504280000,42.880680000,794.000
1.504030000,42.880810000,796.000
1.503890000,42.880960000,797.000
1.503660000,42.881280000,799.000
1.503390000,42.881630000,801.000
1.503130000,42.881970000,803.000
1.503040000,42.882060000,805.000
1.502920000,42.882170000,806.000
1.502780000,42.882260000,807.000
1.502610000,42.882350000,808.000
1.502350000,42.882460000,809.000
1.502130000,42.882550000,810.000
1.502020000,42.882570000,811.000
1.501910000,42.882570000,812.000
1.501840000,42.882560000,812.000
1.501780000,42.882530000,813.000
1.501750000,42.882500000,813.000
1.501740000,42.882440000,813.000
1.501770000,42.882330000,814.000
1.501830000,42.882150000,814.000
1.501920000,42.881970000,815.000
1.501930000,42.881880000,816.000
1.501930000,42.881790000,817.000
1.501880000,42.881700000,818.000
1.501790000,42.881580000,819.000
1.501640000,42.881380000,821.000
1.501390000,42.881040000,823.000
1.501300000,42.880900000,826.000
1.501240000,42.880770000,828.000
1.501200000,42.880620000,830.000
1.501160000,42.880500000,832.000
1.501110000,42.880410000,834.000
1.501020000,42.880340000,835.000
1.500800000,42.880200000,837.000
1.500170000,42.879840000,839.000
1.500000000,42.879750000,841.000
1.499910000,42.879720000,843.000
1.499830000,42.879730000,844.000
1.499760000,42.879770000,844.000
1.499740000,42.879830000,845.000
1.499750000,42.879880000,846.000
1.499790000,42.879950000,846.000
1.499940000,42.880090000,847.000
1.500110000,42.880260000,848.000
1.500350000,42.880500000,849.000
1.500510000,42.880630000,850.000
1.500600000,42.880750000,852.000
1.500630000,42.880840000,853.000
1.500630000,42.880950000,854.000
1.500630000,42.881110000,855.000
1.500590000,42.881180000,856.000
1.500420000,42.881400000,857.000
1.500150000,42.881730000,859.000
1.500050000,42.881820000,861.000
1.499950000,42.881990000,862.000
1.499890000,42.882110000,864.000
1.499810000,42.882480000,866.000
1.499760000,42.882710000,868.000
1.499690000,42.882850000,870.000
1.499590000,42.882990000,871.000
1.499440000,42.883140000,873.000
1.499280000,42.883250000,875.000
1.498870000,42.883480000,877.000
1.498510000,42.883680000,880.000
1.498340000,42.883760000,882.000
1.498160000,42.883830000,884.000
1.498020000,42.883870000,887.000
1.497750000,42.883940000,889.000
1.497440000,42.884000000,893.000
1.497100000,42.884040000,896.000
1.496930000,42.884020000,899.000
1.496680000,42.883960000,902.000
1.496340000,42.883790000,906.000
1.496160000,42.883650000,909.000
1.496080000,42.883580000,912.000
1.496000000,42.883540000,914.000
1.495920000,42.883530000,915.000
1.495850000,42.883530000,916.000
1.495760000,42.883580000,916.000
1.495690000,42.883630000,917.000
1.495660000,42.883700000,917.000
1.495650000,42.883820000,918.000
1.495670000,42.884010000,918.000
1.495640000,42.884260000,919.000
1.495580000,42.884650000,920.000
1.495540000,42.884900000,920.000
1.495520000,42.885070000,921.000
1.495550000,42.885180000,922.000
1.495610000,42.885270000,923.000
1.495900000,42.885530000,924.000
1.495940000,42.885600000,925.000
1.495960000,42.885630000,926.000
1.495970000,42.885710000,927.000
1.495950000,42.885770000,927.000
1.495890000,42.885830000,928.000
1.495440000,42.886000000,929.000
1.495260000,42.886070000,930.000
1.495150000,42.886140000,931.000
1.495060000,42.886260000,933.000
1.495000000,42.886350000,933.000
1.494910000,42.886480000,934.000
1.494790000,42.886580000,936.000
1.494400000,42.886780000,937.000
1.494180000,42.886890000,939.000
1.494060000,42.886930000,940.000
1.493900000,42.886960000,941.000
1.493740000,42.886970000,942.000
1.493600000,42.886980000,943.000
1.493480000,42.887000000,944.000
1.493340000,42.887050000,945.000
1.493160000,42.887120000,946.000
1.492750000,42.887320000,947.000
1.492600000,42.887390000,949.000
1.492480000,42.887420000,950.000
1.492360000,42.887430000,951.000
1.492200000,42.887430000,951.000
1.491950000,42.887410000,952.000
1.491760000,42.887420000,953.000
1.491210000,42.887500000,954.000
1.490990000,42.887490000,955.000
1.490500000,42.887420000,957.000
1.490320000,42.887400000,958.000
1.490150000,42.887400000,959.000
1.489890000,42.887460000,960.000
1.489050000,42.887670000,963.000
1.488860000,42.887720000,965.000
1.488770000,42.887780000,966.000
1.488460000,42.888090000,968.000
1.488290000,42.888240000,970.000
1.488080000,42.888410000,971.000
1.487920000,42.888510000,973.000
1.487610000,42.888720000,975.000
1.487570000,42.888750000,976.000
1.487300000,42.888960000,978.000
1.487230000,42.889010000,980.000
1.487150000,42.889050000,981.000
1.487060000,42.889080000,982.000
1.486910000,42.889090000,983.000
1.486590000,42.889080000,985.000
1.486480000,42.889090000,986.000
1.486360000,42.889110000,987.000
1.486260000,42.889150000,988.000
1.486190000,42.889200000,989.000
1.486090000,42.889280000,990.000
1.485800000,42.889540000,992.000
1.485250000,42.889800000,994.000
1.485110000,42.889910000,996.000
1.485050000,42.890000000,998.000
1.485020000,42.890100000,999.000
1.485020000,42.890360000,1001.000
1.484980000,42.890410000,1002.000
1.484920000,42.890460000,1003.000
1.484830000,42.890490000,1004.000
1.484450000,42.890530000,1005.000
1.484370000,42.890550000,1006.000
1.484110000,42.890590000,1007.000
1.483870000,42.890620000,1008.000
1.483350000,42.890610000,1010.000
1.483160000,42.890620000,1012.000
1.482820000,42.890690000,1013.000
1.482530000,42.890800000,1015.000
1.482250000,42.890920000,1016.000
1.481990000,42.891080000,1018.000
1.481840000,42.891180000,1020.000
1.481730000,42.891310000,1021.000
1.481650000,42.891460000,1023.000
1.481590000,42.891850000,1025.000
1.481570000,42.891910000,1027.000
1.481510000,42.891940000,1028.000
1.481440000,42.891990000,1030.000
1.480930000,42.892230000,1032.000
1.480790000,42.892300000,1034.000
1.480640000,42.892380000,1036.000
1.480330000,42.892570000,1038.000
1.480230000,42.892680000,1040.000
1.480110000,42.892880000,1042.000
1.479910000,42.893290000,1045.000
1.479820000,42.893430000,1048.000
1.479750000,42.893490000,1050.000
1.479640000,42.893550000,1051.000
1.479490000,42.893560000,1053.000
1.479220000,42.893560000,1055.000
1.478850000,42.893550000,1057.000
1.478700000,42.893530000,1059.000
1.478500000,42.893510000,1060.000
1.478180000,42.893520000,1062.000
1.477700000,42.893610000,1063.000
1.476600000,42.893740000,1065.000
1.476320000,42.893760000,1067.000
1.476110000,42.893840000,1068.000
1.475920000,42.893960000,1070.000
1.475740000,42.894170000,1072.000
1.475460000,42.894570000,1075.000
1.475310000,42.894730000,1078.000
1.475230000,42.894760000,1081.000
1.474920000,42.894810000,1084.000
1.474620000,42.894880000,1086.000
1.474250000,42.894910000,1089.000
1.473880000,42.894910000,1092.000
1.473400000,42.894900000,1095.000
1.473160000,42.894910000,1097.000
1.472970000,42.894940000,1099.000
1.472760000,42.894990000,1101.000
1.472600000,42.895040000,1103.000
1.472300000,42.895180000,1104.000
1.471480000,42.895570000,1107.000
1.471160000,42.895670000,1110.000
1.470900000,42.895670000,1111.000
1.470670000,42.895660000,1112.000
1.469860000,42.895560000,1114.000
1.469680000,42.895550000,1114.000
1.468870000,42.895540000,1115.000
1.468600000,42.895540000,1117.000
1.468440000,42.895570000,1118.000
1.468230000,42.895620000,1119.000
1.468040000,42.895670000,1120.000
1.467840000,42.895750000,1121.000
1.467570000,42.895890000,1123.000
1.467460000,42.895930000,1124.000
1.467270000,42.895960000,1125.000
1.467070000,42.895980000,1126.000
1.466800000,42.895990000,1127.000
1.466680000,42.896000000,1128.000
1.466570000,42.896010000,1129.000
1.466460000,42.896020000,1130.000
1.465750000,42.896150000,1131.000
1.465400000,42.896220000,1131.000
1.464900000,42.896350000,1132.000
1.464650000,42.896440000,1133.000
1.464530000,42.896510000,1133.000
1.464330000,42.896640000,1134.000
1.464210000,42.896720000,1134.000
1.464110000,42.896770000,1134.000
1.464010000,42.896810000,1134.000
1.463790000,42.896860000,1135.000
1.463440000,42.896930000,1135.000
1.463110000,42.897020000,1136.000
1.462900000,42.897070000,1137.000
1.462740000,42.897060000,1137.000
1.462560000,42.897020000,1138.000
1.462350000,42.896930000,1138.000
1.462160000,42.896820000,1139.000
1.462010000,42.896760000,1139.000
1.461890000,42.896750000,1140.000
1.461800000,42.896780000,1140.000
1.461730000,42.896850000,1140.000
1.461720000,42.896910000,1141.000
1.461720000,42.896970000,1141.000
1.461760000,42.897030000,1141.000
1.461840000,42.897080000,1141.000
1.461940000,42.897120000,1142.000
1.462120000,42.897150000,1142.000
1.462580000,42.897200000,1143.000
1.463070000,42.897250000,1144.000
1.463250000,42.897230000,1144.000
1.463570000,42.897190000,1145.000
1.463860000,42.897160000,1146.000
1.464060000,42.897120000,1147.000
1.464280000,42.897050000,1148.000
1.464620000,42.896940000,1149.000
1.464940000,42.896830000,1150.000
1.465200000,42.896790000,1151.000
1.465440000,42.896770000,1153.000
1.465860000,42.896790000,1154.000
1.466160000,42.896790000,1155.000
1.466480000,42.896770000,1157.000
1.466910000,42.896720000,1158.000
1.467350000,42.896660000,1159.000
1.467730000,42.896600000,1161.000
1.468260000,42.896500000,1162.000
1.468380000,42.896500000,1163.000
1.468460000,42.896520000,1164.000
1.468640000,42.896690000,1164.000
1.468710000,42.896730000,1165.000
1.469110000,42.896890000,1166.000
1.469190000,42.896940000,1166.000
1.469220000,42.896990000,1167.000
1.469230000,42.897050000,1167.000
1.469180000,42.897170000,1167.000
1.469100000,42.897260000,1168.000
1.469020000,42.897310000,1168.000
1.468930000,42.897350000,1168.000
1.468870000,42.897350000,1168.000
1.468770000,42.897330000,1168.000
1.468620000,42.897240000,1168.000
1.468520000,42.897170000,1169.000
1.468500000,42.897150000,1169.000
1.468450000,42.897080000,1169.000
1.468410000,42.897020000,1169.000
1.468400000,42.896800000,1169.000
1.468380000,42.896740000,1169.000
1.468320000,42.896690000,1169.000
1.468230000,42.896680000,1170.000
1.468130000,42.896700000,1170.000
1.467620000,42.896870000,1170.000
1.467230000,42.896990000,1171.000
1.466830000,42.897120000,1172.000
1.466070000,42.897350000,1173.000
1.465740000,42.897490000,1175.000
1.465420000,42.897640000,1177.000
1.465080000,42.897810000,1178.000
1.464540000,42.898070000,1181.000
1.464160000,42.898260000,1184.000
1.463920000,42.898410000,1186.000
1.463720000,42.898530000,1189.000
1.463610000,42.898580000,1190.000
1.463460000,42.898600000,1192.000
1.463340000,42.898580000,1193.000
1.463110000,42.898540000,1195.000
1.462620000,42.898380000,1197.000
1.462180000,42.898250000,1199.000
1.461880000,42.898140000,1201.000
1.461530000,42.898040000,1203.000
1.461280000,42.897980000,1204.000
1.461010000,42.897940000,1206.000
1.460860000,42.897930000,1207.000
1.460730000,42.897970000,1208.000
1.460640000,42.898030000,1208.000
1.460570000,42.898130000,1209.000
1.460520000,42.898330000,1210.000
1.460490000,42.898390000,1210.000
1.460440000,42.898440000,1211.000
1.460400000,42.898470000,1211.000
1.460330000,42.898490000,1212.000
1.460250000,42.898490000,1212.000
1.460190000,42.898470000,1212.000
1.460130000,42.898430000,1212.000
1.459990000,42.898280000,1213.000
1.459890000,42.898220000,1213.000
1.459790000,42.898180000,1214.000
1.459660000,42.898170000,1214.000
1.459510000,42.898190000,1214.000
1.459390000,42.898230000,1215.000
1.459310000,42.898290000,1215.000
1.459280000,42.898370000,1215.000
1.459270000,42.898660000,1216.000
1.459230000,42.898790000,1216.000
1.459150000,42.898890000,1217.000
1.459010000,42.898980000,1217.000
1.458830000,42.899030000,1218.000
1.458640000,42.899050000,1219.000
1.458440000,42.899020000,1219.000
1.458380000,42.898990000,1220.000
1.458320000,42.898940000,1220.000
1.458170000,42.898670000,1221.000
1.458130000,42.898610000,1221.000
1.458050000,42.898570000,1222.000
1.457970000,42.898560000,1222.000
1.457860000,42.898570000,1222.000
1.457710000,42.898610000,1223.000
1.457280000,42.898760000,1223.000
1.457090000,42.898820000,1224.000
1.456810000,42.898910000,1225.000
1.456560000,42.899030000,1226.000
1.456420000,42.899100000,1227.000
1.456290000,42.899140000,1228.000
1.455970000,42.899170000,1229.000
1.455660000,42.899190000,1230.000
1.454750000,42.899210000,1232.000
1.454320000,42.899230000,1234.000
1.454110000,42.899240000,1236.000
1.453910000,42.899210000,1237.000
1.453180000,42.899010000,1238.000
1.453080000,42.899000000,1239.000
1.452980000,42.899010000,1240.000
1.452910000,42.899020000,1240.000
1.452850000,42.899050000,1240.000
1.452760000,42.899090000,1241.000
1.452680000,42.899150000,1241.000
1.452650000,42.899190000,1241.000
1.452630000,42.899230000,1241.000
1.452550000,42.899540000,1242.000
1.452510000,42.899590000,1242.000
1.452430000,42.899660000,1242.000
1.452300000,42.899710000,1242.000
1.451870000,42.899780000,1241.000
1.451570000,42.899840000,1241.000
1.450910000,42.900000000,1239.000
1.450580000,42.900100000,1238.000
1.450290000,42.900210000,1237.000
1.449880000,42.900340000,1235.000
1.449580000,42.900450000,1234.000
1.449440000,42.900510000,1232.000
1.449310000,42.900570000,1231.000
1.449190000,42.900590000,1230.000
1.449050000,42.900600000,1229.000
1.448890000,42.900580000,1228.000
1.448660000,42.900540000,1227.000
1.448490000,42.900520000,1226.000
1.448180000,42.900540000,1225.000
1.447850000,42.900610000,1224.000
1.447500000,42.900730000,1222.000
1.446810000,42.901030000,1219.000
1.446140000,42.901280000,1215.000
1.445830000,42.901410000,1212.000
1.445660000,42.901500000,1210.000
1.445540000,42.901590000,1207.000
1.445460000,42.901670000,1206.000
1.445410000,42.901760000,1204.000
1.445350000,42.901920000,1204.000
1.445310000,42.902120000,1203.000
1.445270000,42.902440000,1203.000
1.445250000,42.902720000,1204.000
1.445260000,42.902890000,1204.000
1.445290000,42.903050000,1204.000
1.445350000,42.903200000,1205.000
1.445410000,42.903290000,1205.000
1.445420000,42.903370000,1205.000
1.445410000,42.903420000,1206.000
1.445370000,42.903480000,1206.000
1.445290000,42.903510000,1206.000
1.445170000,42.903540000,1206.000
1.445010000,42.903550000,1206.000
1.444860000,42.903530000,1206.000
1.444730000,42.903500000,1206.000
1.444590000,42.903450000,1206.000
1.444000000,42.903150000,1205.000
1.443350000,42.902890000,1204.000
1.443020000,42.902800000,1204.000
1.442350000,42.902670000,1202.000
1.442000000,42.902680000,1200.000
1.441630000,42.902720000,1197.000
1.441270000,42.902770000,1195.000
1.440950000,42.902830000,1193.000
1.440690000,42.902920000,1190.000
1.440550000,42.903020000,1188.000
1.440410000,42.903170000,1187.000
1.440360000,42.903280000,1186.000
1.440350000,42.903370000,1186.000
1.440380000,42.903430000,1185.000
1.440440000,42.903490000,1185.000
1.440530000,42.903540000,1185.000
1.440670000,42.903580000,1184.000
1.440760000,42.903640000,1184.000
1.440790000,42.903720000,1184.000
1.440770000,42.903800000,1184.000
1.440730000,42.903860000,1184.000
1.440640000,42.903900000,1184.000
1.440300000,42.904030000,1184.000
1.440150000,42.904070000,1184.000
1.440010000,42.904080000,1184.000
1.439850000,42.904080000,1184.000
1.439690000,42.904060000,1184.000
1.439000000,42.903880000,1183.000
1.438830000,42.903850000,1183.000
1.438720000,42.903840000,1182.000
1.438600000,42.903880000,1182.000
1.438500000,42.903930000,1182.000
1.438380000,42.904030000,1181.000
1.438260000,42.904210000,1181.000
1.438240000,42.904850000,1180.000
1.438220000,42.904930000,1180.000
1.438190000,42.905030000,1179.000
1.438120000,42.905100000,1179.000
1.438030000,42.905170000,1178.000
1.437930000,42.905200000,1178.000
1.437810000,42.905220000,1178.000
1.437660000,42.905210000,1177.000
1.437520000,42.905180000,1177.000
1.437400000,42.905180000,1177.000
1.437250000,42.905180000,1176.000
1.437100000,42.905210000,1176.000
1.436970000,42.905240000,1176.000
1.436840000,42.905240000,1176.000
1.436740000,42.905230000,1175.000
1.436580000,42.905140000,1175.000
1.436520000,42.905070000,1175.000
1.436460000,42.904920000,1174.000
1.436410000,42.904840000,1174.000
1.436320000,42.904790000,1174.000
1.435960000,42.904670000,1172.000
1.435820000,42.904600000,1171.000
1.435240000,42.904110000,1168.000
1.435080000,42.904050000,1166.000
1.434920000,42.904040000,1164.000
1.434740000,42.904050000,1162.000
1.434490000,42.904090000,1160.000
1.434250000,42.904170000,1158.000
1.434010000,42.904310000,1157.000
1.433950000,42.904360000,1157.000
1.433650000,42.904600000,1157.000
1.433220000,42.904850000,1158.000
1.433110000,42.904980000,1159.000
1.433010000,42.905100000,1160.000
1.432960000,42.905220000,1161.000
1.432930000,42.905340000,1161.000
1.432910000,42.905430000,1162.000
1.432860000,42.905480000,1163.000
1.432790000,42.905520000,1163.000
1.432700000,42.905530000,1164.000
1.432610000,42.905520000,1164.000
1.432520000,42.905490000,1163.000
1.431780000,42.905010000,1161.000
1.431670000,42.904920000,1159.000
1.431390000,42.904570000,1156.000
1.431310000,42.904510000,1154.000
1.431220000,42.904480000,1152.000
1.431110000,42.904480000,1150.000
1.430940000,42.904500000,1149.000
1.430600000,42.904580000,1147.000
1.430230000,42.904700000,1146.000
1.430000000,42.904850000,1145.000
1.429780000,42.905030000,1145.000
1.429510000,42.905280000,1145.000
1.429380000,42.905580000,1144.000
1.429300000,42.905800000,1144.000
1.429020000,42.906360000,1144.000
1.428950000,42.906450000,1144.000
1.428810000,42.906540000,1143.000
1.428640000,42.906570000,1142.000
1.428440000,42.906530000,1141.000
1.428220000,42.906460000,1139.000
1.428170000,42.906390000,1138.000
1.428050000,42.906180000,1136.000
1.427930000,42.906120000,1135.000
1.427720000,42.906090000,1133.000
1.427310000,42.906060000,1131.000
1.426870000,42.906010000,1128.000
1.426640000,42.906020000,1126.000
1.426480000,42.906060000,1125.000
1.426320000,42.906150000,1124.000
1.425590000,42.906840000,1122.000
1.425440000,42.907080000,1121.000
1.425310000,42.907340000,1120.000
1.425240000,42.907600000,1119.000
1.425150000,42.907700000,1118.000
1.425010000,42.907790000,1118.000
1.424890000,42.907810000,1117.000
1.424840000,42.907810000,1116.000
1.424690000,42.907820000,1116.000
1.424390000,42.907800000,1115.000
1.424020000,42.907680000,1114.000
1.423670000,42.907530000,1113.000
1.423580000,42.907450000,1112.000
1.423330000,42.907160000,1111.000
1.423230000,42.906990000,1109.000
1.423220000,42.906680000,1107.000
1.423170000,42.906510000,1106.000
1.423050000,42.906380000,1104.000
1.422880000,42.906280000,1102.000
1.422710000,42.906220000,1100.000
1.422440000,42.906220000,1099.000
1.421540000,42.906330000,1095.000
1.421240000,42.906380000,1093.000
1.421130000,42.906410000,1092.000
1.421060000,42.906460000,1091.000
1.421000000,42.906520000,1091.000
1.420940000,42.906680000,1091.000
1.420880000,42.906750000,1091.000
1.420820000,42.906780000,1091.000
1.420650000,42.906820000,1091.000
1.420540000,42.906860000,1092.000
1.420380000,42.907000000,1092.000
1.420300000,42.907050000,1093.000
1.420190000,42.907060000,1093.000
1.420010000,42.907010000,1093.000
1.419910000,42.906950000,1094.000
1.419780000,42.906930000,1094.000
1.419560000,42.906970000,1095.000
1.419320000,42.906980000,1094.000
1.419190000,42.906920000,1094.000
1.418920000,42.906700000,1092.000
1.418830000,42.906660000,1091.000
1.418670000,42.906660000,1089.000
1.418350000,42.906750000,1087.000
1.417690000,42.906960000,1084.000
1.417060000,42.907200000,1080.000
1.416790000,42.907350000,1077.000
1.416670000,42.907460000,1075.000
1.416590000,42.907600000,1073.000
1.416540000,42.907840000,1072.000
1.416510000,42.907920000,1071.000
1.416450000,42.907970000,1071.000
1.416400000,42.907980000,1070.000
1.416330000,42.907980000,1070.000
1.416260000,42.907960000,1070.000
1.416140000,42.907880000,1070.000
1.415930000,42.907600000,1069.000
1.415690000,42.907420000,1069.000
1.415530000,42.907180000,1068.000
1.415380000,42.907020000,1067.000
1.415060000,42.906870000,1065.000
1.414860000,42.906700000,1063.000
1.414660000,42.906570000,1060.000
1.414420000,42.906450000,1058.000
1.414220000,42.906290000,1055.000
1.414080000,42.906240000,1053.000
1.413900000,42.906240000,1051.000
1.413180000,42.906350000,1047.000
1.412700000,42.906400000,1044.000
1.412390000,42.906470000,1042.000
1.412010000,42.906630000,1040.000
1.411690000,42.906830000,1038.000
1.411520000,42.906960000,1036.000
1.411400000,42.906990000,1035.000
1.411310000,42.907000000,1034.000
1.411150000,42.906960000,1034.000
1.410690000,42.906850000,1033.000
1.410500000,42.906820000,1032.000
1.410290000,42.906810000,1031.000
1.410140000,42.906840000,1030.000
1.409890000,42.906910000,1029.000
1.409630000,42.907000000,1029.000
1.409450000,42.907040000,1028.000
1.409420000,42.907030000,1027.000
1.409300000,42.907020000,1027.000
1.409170000,42.906970000,1026.000
1.408960000,42.906820000,1026.000
1.408800000,42.906750000,1025.000
1.408600000,42.906710000,1025.000
1.408340000,42.906710000,1024.000
1.407740000,42.906740000,1022.000
1.407380000,42.906780000,1021.000
1.407050000,42.906850000,1019.000
1.406750000,42.906930000,1017.000
1.406440000,42.906990000,1015.000
1.406060000,42.907000000,1013.000
1.405400000,42.907000000,1011.000
1.405080000,42.907010000,1009.000
1.404890000,42.907040000,1007.000
1.404670000,42.907120000,1006.000
1.404450000,42.907260000,1005.000
1.404150000,42.907460000,1004.000
1.403990000,42.907530000,1003.000
1.403740000,42.907580000,1002.000
1.403370000,42.907600000,1002.000
1.403180000,42.907570000,1001.000
1.402780000,42.907520000,1000.000
1.402500000,42.907500000,999.000
1.402300000,42.907430000,997.000
1.402060000,42.907300000,996.000
1.401810000,42.907140000,995.000
1.401580000,42.907040000,993.000
1.400940000,42.906920000,991.000
1.400590000,42.906810000,990.000
1.400370000,42.906760000,989.000
1.400040000,42.906740000,988.000
1.399780000,42.906740000,987.000
1.399230000,42.906780000,986.000
1.398890000,42.906810000,985.000
1.398540000,42.906890000,984.000
1.398320000,42.906970000,983.000
1.398020000,42.907110000,982.000
1.397730000,42.907250000,980.000
1.397500000,42.907310000,978.000
1.397260000,42.907330000,977.000
1.396920000,42.907330000,975.000
1.396630000,42.907270000,973.000
1.396460000,42.907220000,971.000
1.396200000,42.907170000,970.000
1.395930000,42.907180000,968.000
1.395650000,42.907320000,967.000
1.395380000,42.907560000,965.000
1.395270000,42.907570000,964.000
1.395130000,42.907560000,962.000
1.394630000,42.907340000,961.000
1.394150000,42.907110000,959.000
1.393970000,42.907060000,957.000
1.393810000,42.907060000,956.000
1.393590000,42.907080000,954.000
1.393130000,42.907230000,953.000
1.393020000,42.907240000,952.000
1.392870000,42.907200000,951.000
1.392750000,42.907150000,951.000
1.392340000,42.906870000,950.000
1.391930000,42.906670000,948.000
1.391850000,42.906640000,948.000
1.391780000,42.906620000,947.000
1.391450000,42.906570000,947.000
1.391320000,42.906550000,947.000
1.391130000,42.906500000,947.000
1.390890000,42.906440000,947.000
1.390770000,42.906420000,947.000
1.390690000,42.906410000,947.000
1.390620000,42.906400000,948.000
1.390560000,42.906410000,948.000
1.390480000,42.906420000,948.000
1.390490000,42.906460000,948.000
1.390510000,42.906490000,948.000
1.390550000,42.906510000,948.000
1.390580000,42.906520000,948.000
1.390690000,42.906510000,948.000
1.390760000,42.906510000,949.000
1.390850000,42.906520000,949.000
1.391530000,42.906690000,949.000
1.391730000,42.906760000,951.000
1.391830000,42.906810000,952.000
1.391970000,42.906920000,954.000
1.392190000,42.907060000,957.000
1.392270000,42.907120000,959.000
1.392390000,42.907260000,961.000
1.392600000,42.907440000,964.000
1.392710000,42.907510000,967.000
1.392810000,42.907560000,969.000
1.392900000,42.907600000,971.000
1.393040000,42.907650000,973.000
1.393090000,42.907670000,975.000
1.393150000,42.907710000,976.000
1.393320000,42.907840000,979.000
1.393370000,42.907870000,980.000
1.393410000,42.907890000,982.000
1.393530000,42.907900000,983.000
1.393600000,42.907910000,985.000
1.393660000,42.907900000,986.000
1.393820000,42.907850000,988.000
1.393880000,42.907840000,989.000
1.393950000,42.907840000,991.000
1.394050000,42.907850000,992.000
1.394140000,42.907860000,994.000
1.394280000,42.907880000,995.000
1.394560000,42.907950000,998.000
1.394950000,42.908030000,1002.000
1.395050000,42.908060000,1005.000
1.395170000,42.908110000,1008.000
1.395220000,42.908150000,1011.000
1.395400000,42.908310000,1014.000
1.395450000,42.908350000,1016.000
1.395620000,42.908420000,1019.000
1.395750000,42.908460000,1021.000
1.395940000,42.908530000,1024.000
1.396120000,42.908640000,1027.000
1.396180000,42.908660000,1029.000
1.396230000,42.908680000,1030.000
1.396300000,42.908680000,1032.000
1.396380000,42.908670000,1033.000
1.396460000,42.908660000,1034.000
1.396570000,42.908620000,1036.000
1.397060000,42.908400000,1039.000
1.397140000,42.908380000,1042.000
1.397190000,42.908370000,1044.000
1.397380000,42.908380000,1046.000
1.397590000,42.908420000,1048.000
1.397660000,42.908420000,1050.000
1.397840000,42.908430000,1052.000
1.398650000,42.908430000,1057.000
1.399360000,42.908390000,1062.000
1.399600000,42.908390000,1066.000
1.399780000,42.908400000,1069.000
1.399950000,42.908410000,1071.000
1.400130000,42.908430000,1073.000
1.400550000,42.908500000,1075.000
1.400760000,42.908550000,1077.000
1.401400000,42.908700000,1080.000
1.401480000,42.908730000,1083.000
1.401560000,42.908770000,1085.000
1.401580000,42.908790000,1086.000
1.401590000,42.908840000,1087.000
1.401580000,42.908860000,1088.000
1.401560000,42.908870000,1089.000
1.401530000,42.908890000,1089.000
1.401490000,42.908890000,1090.000
1.401440000,42.908890000,1090.000
1.401210000,42.908820000,1091.000
1.401110000,42.908800000,1093.000
1.401010000,42.908790000,1094.000
1.400900000,42.908780000,1095.000
1.400820000,42.908780000,1096.000
1.400670000,42.908810000,1097.000
1.399780000,42.909030000,1101.000
1.399540000,42.909100000,1104.000
1.399310000,42.909170000,1108.000
1.398950000,42.909320000,1111.000
1.398790000,42.909400000,1114.000
1.398440000,42.909570000,1117.000
1.398250000,42.909670000,1120.000
1.397930000,42.909890000,1123.000
1.397810000,42.910000000,1126.000
1.397730000,42.910080000,1129.000
1.397680000,42.910170000,1131.000
1.397570000,42.910460000,1133.000
1.397430000,42.910760000,1136.000
1.397330000,42.910910000,1139.000
1.397280000,42.910960000,1141.000
1.397230000,42.910990000,1143.000
1.397180000,42.911000000,1144.000
1.397110000,42.911020000,1145.000
1.397020000,42.911020000,1146.000
1.396890000,42.911010000,1147.000
1.396590000,42.910970000,1148.000
1.396450000,42.910950000,1150.000
1.396320000,42.910910000,1151.000
1.396010000,42.910800000,1153.000
1.395810000,42.910750000,1155.000
1.395680000,42.910720000,1157.000
1.395570000,42.910720000,1159.000
1.395480000,42.910720000,1160.000
1.395420000,42.910750000,1161.000
1.395330000,42.910800000,1162.000
1.395260000,42.910840000,1163.000
1.395220000,42.910890000,1164.000
1.395110000,42.911060000,1166.000
1.394970000,42.911300000,1168.000
1.394840000,42.911570000,1171.000
1.394790000,42.911660000,1173.000
1.394500000,42.912090000,1177.000
1.394290000,42.912330000,1181.000
1.394220000,42.912390000,1185.000
1.394140000,42.912440000,1187.000
1.393930000,42.912550000,1190.000
1.393770000,42.912620000,1192.000
1.393670000,42.912680000,1195.000
1.393560000,42.912750000,1197.000
1.393450000,42.912840000,1199.000
1.393310000,42.913010000,1201.000
1.393260000,42.913100000,1204.000
1.393180000,42.913280000,1206.000
1.393120000,42.913400000,1209.000
1.393070000,42.913480000,1211.000
1.392970000,42.913620000,1213.000
1.392680000,42.914040000,1217.000
1.392610000,42.914130000,1220.000
1.392470000,42.914270000,1223.000
1.392310000,42.914380000,1225.000
1.392210000,42.914420000,1227.000
1.392060000,42.914480000,1229.000
1.391900000,42.914530000,1230.000
1.391790000,42.914550000,1231.000
1.391680000,42.914560000,1232.000
1.391440000,42.914570000,1234.000
1.391380000,42.914580000,1235.000
1.391310000,42.914600000,1235.000
1.391230000,42.914630000,1236.000
1.391160000,42.914670000,1237.000
1.390980000,42.914800000,1238.000
1.390900000,42.914860000,1239.000
1.390710000,42.915090000,1240.000
1.390570000,42.915310000,1242.000
1.390510000,42.915390000,1244.000
1.390400000,42.915500000,1246.000
1.390310000,42.915580000,1247.000
1.390240000,42.915630000,1249.000
1.390170000,42.915670000,1250.000
1.390090000,42.915690000,1251.000
1.390030000,42.915710000,1252.000
1.389910000,42.915730000,1253.000
1.389600000,42.915740000,1254.000
1.389530000,42.915760000,1255.000
1.389460000,42.915770000,1257.000
1.389400000,42.915810000,1257.000
1.389320000,42.915860000,1258.000
1.389180000,42.915990000,1260.000
1.389090000,42.916080000,1261.000
1.388980000,42.916210000,1263.000
1.388850000,42.916390000,1264.000
1.388720000,42.916630000,1267.000
1.388630000,42.916760000,1269.000
1.388570000,42.916820000,1271.000
1.388440000,42.916900000,1273.000
1.388360000,42.916920000,1275.000
1.388260000,42.916930000,1276.000
1.387920000,42.916920000,1278.000
1.387840000,42.916930000,1280.000
1.387750000,42.916960000,1282.000
1.387690000,42.917000000,1283.000
1.387630000,42.917050000,1284.000
1.387580000,42.917120000,1285.000
1.387540000,42.917180000,1286.000
1.387410000,42.917450000,1288.000
1.387350000,42.917540000,1290.000
1.387290000,42.917590000,1291.000
1.387200000,42.917650000,1293.000
1.387100000,42.917700000,1294.000
1.386930000,42.917750000,1295.000
1.386790000,42.917800000,1296.000
1.386620000,42.917900000,1297.000
1.386390000,42.918040000,1299.000
1.386280000,42.918100000,1301.000
1.386170000,42.918140000,1302.000
1.386060000,42.918180000,1303.000
1.385900000,42.918210000,1304.000
1.385480000,42.918280000,1306.000
1.385370000,42.918310000,1307.000
1.385250000,42.918350000,1309.000
1.384920000,42.918480000,1311.000
1.384710000,42.918550000,1313.000
1.384620000,42.918570000,1315.000
1.384520000,42.918580000,1316.000
1.384430000,42.918580000,1318.000
1.384200000,42.918550000,1319.000
1.384110000,42.918540000,1320.000
1.383730000,42.918570000,1323.000
1.383640000,42.918590000,1324.000
1.383580000,42.918600000,1326.000
1.383550000,42.918620000,1327.000
1.383530000,42.918670000,1328.000
1.383530000,42.918690000,1328.000
1.383550000,42.918710000,1329.000
1.383570000,42.918720000,1329.000
1.383610000,42.918730000,1330.000
1.383650000,42.918730000,1330.000
1.383720000,42.918730000,1331.000
1.383840000,42.918690000,1331.000
1.383920000,42.918680000,1332.000
1.384040000,42.918690000,1333.000
1.384100000,42.918700000,1334.000
1.384470000,42.918810000,1336.000
1.384600000,42.918840000,1337.000
1.384750000,42.918860000,1338.000
1.384910000,42.918870000,1340.000
1.385100000,42.918870000,1341.000
1.385700000,42.918840000,1344.000
1.386180000,42.918860000,1347.000
1.386370000,42.918870000,1349.000
1.386550000,42.918870000,1351.000
1.386780000,42.918840000,1353.000
1.386920000,42.918810000,1354.000
1.387390000,42.918650000,1355.000
1.387740000,42.918540000,1357.000
1.387990000,42.918470000,1358.000
1.388130000,42.918440000,1358.000
1.388280000,42.918420000,1359.000
1.388720000,42.918350000,1360.000
1.388870000,42.918330000,1361.000
1.389010000,42.918330000,1361.000
1.389100000,42.918340000,1362.000
1.389190000,42.918360000,1362.000
1.389270000,42.918380000,1362.000
1.389620000,42.918480000,1363.000
1.389780000,42.918520000,1363.000
1.389920000,42.918540000,1364.000
1.390000000,42.918540000,1364.000
1.390090000,42.918540000,1364.000
1.390180000,42.918520000,1364.000
1.390290000,42.918500000,1365.000
1.390530000,42.918430000,1365.000
1.390650000,42.918400000,1365.000
1.390760000,42.918390000,1365.000
1.390860000,42.918390000,1366.000
1.390970000,42.918400000,1366.000
1.391090000,42.918420000,1366.000
1.391290000,42.918490000,1366.000
1.391570000,42.918610000,1367.000
1.391690000,42.918650000,1367.000
1.391830000,42.918680000,1367.000
1.392000000,42.918700000,1367.000
1.392170000,42.918710000,1367.000
1.392660000,42.918700000,1367.000
1.393000000,42.918690000,1367.000
1.393300000,42.918660000,1367.000
1.393600000,42.918620000,1366.000
1.394120000,42.918540000,1366.000
1.394230000,42.918510000,1366.000
1.394360000,42.918460000,1365.000
1.394450000,42.918400000,1365.000
1.394740000,42.918170000,1365.000
1.394890000,42.918060000,1364.000
1.395000000,42.918010000,1364.000
1.395130000,42.917950000,1363.000
1.395470000,42.917860000,1363.000
1.395650000,42.917830000,1362.000
1.395860000,42.917770000,1362.000
1.396090000,42.917700000,1361.000
1.396270000,42.917660000,1361.000
1.396440000,42.917650000,1360.000
1.396610000,42.917640000,1360.000
1.396710000,42.917640000,1359.000
1.397010000,42.917690000,1359.000
1.397330000,42.917720000,1358.000
1.397500000,42.917750000,1358.000
1.397700000,42.917800000,1357.000
1.397880000,42.917860000,1357.000
1.398140000,42.917970000,1356.000
1.398320000,42.918060000,1356.000
1.399560000,42.918730000,1354.000
1.399720000,42.918810000,1353.000
1.399820000,42.918850000,1352.000
1.399980000,42.918890000,1352.000
1.400480000,42.918950000,1351.000
1.400730000,42.919000000,1350.000
1.400910000,42.919050000,1349.000
1.401050000,42.919090000,1348.000
1.401570000,42.919290000,1347.000
1.401760000,42.919370000,1346.000
1.402060000,42.919480000,1345.000
1.402420000,42.919630000,1345.000
1.402560000,42.919700000,1344.000
1.402730000,42.919810000,1344.000
1.403150000,42.920140000,1343.000
1.403270000,42.920210000,1343.000
1.403380000,42.920260000,1343.000
1.403590000,42.920360000,1342.000
1.403660000,42.920390000,1342.000
1.403690000,42.920430000,1342.000
1.403720000,42.920470000,1342.000
1.403750000,42.920540000,1342.000
1.403750000,42.920620000,1342.000
1.403740000,42.920720000,1342.000
1.403710000,42.920880000,1341.000
1.403690000,42.920950000,1341.000
1.403650000,42.921040000,1340.000
1.403610000,42.921100000,1340.000
1.403540000,42.921180000,1339.000
1.403370000,42.921300000,1338.000
1.403250000,42.921380000,1337.000
1.403160000,42.921420000,1336.000
1.402810000,42.921540000,1335.000
1.402690000,42.921600000,1334.000
1.402590000,42.921660000,1333.000
1.401670000,42.922270000,1330.000
1.401580000,42.922340000,1328.000
1.401540000,42.922390000,1327.000
1.401520000,42.922440000,1327.000
1.401520000,42.922480000,1326.000
1.401530000,42.922510000,1326.000
1.401550000,42.922550000,1327.000
1.401690000,42.922620000,1327.000
1.402040000,42.922750000,1329.000
1.402660000,42.923010000,1331.000
1.402830000,42.923090000,1334.000
1.402990000,42.923180000,1336.000
1.403180000,42.923290000,1338.000
1.403370000,42.923430000,1340.000
1.403620000,42.923620000,1341.000
1.403840000,42.923830000,1341.000
1.404000000,42.923990000,1341.000
1.404130000,42.924150000,1340.000
1.404180000,42.924210000,1340.000
1.404260000,42.924280000,1339.000
1.404340000,42.924330000,1339.000
1.404660000,42.924480000,1338.000
1.404780000,42.924540000,1337.000
1.404880000,42.924600000,1337.000
1.405390000,42.924940000,1335.000
1.405650000,42.925080000,1332.000
1.405710000,42.925130000,1330.000
1.405760000,42.925180000,1328.000
1.405800000,42.925230000,1326.000
1.405810000,42.925270000,1324.000
1.405810000,42.925320000,1323.000
1.405800000,42.925350000,1321.000
1.405640000,42.925540000,1319.000
1.405590000,42.925600000,1316.000
1.405550000,42.925700000,1314.000
1.405460000,42.925970000,1310.000
1.405410000,42.926090000,1306.000
1.405350000,42.926200000,1302.000
1.405290000,42.926300000,1299.000
1.405240000,42.926350000,1297.000
1.405090000,42.926500000,1293.000
1.405040000,42.926560000,1291.000
1.405010000,42.926630000,1290.000
1.404980000,42.926740000,1289.000
1.404980000,42.926800000,1288.000
1.405000000,42.927040000,1288.000
1.405100000,42.927660000,1289.000
1.405160000,42.927920000,1290.000
1.405220000,42.928090000,1290.000
1.405260000,42.928180000,1291.000
1.405310000,42.928230000,1291.000
1.405370000,42.928290000,1292.000
1.405430000,42.928340000,1292.000
1.405510000,42.928390000,1292.000
1.405620000,42.928440000,1292.000
1.405720000,42.928470000,1291.000
1.405850000,42.928490000,1291.000
1.406020000,42.928520000,1290.000
1.406250000,42.928540000,1290.000
1.406350000,42.928550000,1289.000
1.406420000,42.928570000,1289.000
1.406470000,42.928600000,1288.000
1.406510000,42.928640000,1288.000
1.406570000,42.928730000,1288.000
1.406590000,42.928760000,1287.000
1.406590000,42.928810000,1287.000
1.406580000,42.928920000,1287.000
1.406470000,42.929400000,1285.000
1.406440000,42.929500000,1284.000
1.406400000,42.929610000,1284.000
1.406330000,42.929740000,1284.000
1.406280000,42.929800000,1284.000
1.406180000,42.929920000,1284.000
1.406120000,42.930010000,1284.000
1.406080000,42.930090000,1284.000
1.406060000,42.930160000,1285.000
1.406050000,42.930240000,1285.000
1.406060000,42.930380000,1285.000
1.406070000,42.930520000,1286.000
1.406160000,42.931110000,1287.000
1.406230000,42.931320000,1288.000
1.406320000,42.931520000,1287.000
1.406470000,42.931860000,1286.000
1.406480000,42.931900000,1285.000
1.406480000,42.931900000,1284.000
1.406520000,42.932010000,1283.000
1.406550000,42.932120000,1282.000
1.406550000,42.932180000,1281.000
1.406550000,42.932240000,1281.000
1.406530000,42.932310000,1280.000
1.406500000,42.932380000,1279.000
1.406460000,42.932450000,1278.000
1.405920000,42.933280000,1274.000
1.405810000,42.933470000,1272.000
1.405760000,42.933570000,1271.000
1.405730000,42.933670000,1270.000
1.405710000,42.933760000,1269.000
1.405690000,42.933930000,1269.000
1.405670000,42.934060000,1269.000
1.405630000,42.934160000,1270.000
1.405570000,42.934290000,1270.000
1.405530000,42.934340000,1270.000
1.405480000,42.934400000,1270.000
1.405420000,42.934440000,1271.000
1.405350000,42.934480000,1271.000
1.405280000,42.934510000,1271.000
1.405200000,42.934550000,1272.000
1.404880000,42.934660000,1272.000
1.404800000,42.934700000,1272.000
1.404750000,42.934740000,1273.000
1.404700000,42.934800000,1273.000
1.404670000,42.934860000,1274.000
1.404650000,42.934930000,1274.000
1.404640000,42.935000000,1275.000
1.404650000,42.935080000,1275.000
1.404670000,42.935150000,1276.000
1.404700000,42.935230000,1276.000
1.404760000,42.935320000,1277.000
1.404850000,42.935420000,1278.000
1.405000000,42.935570000,1278.000
1.405230000,42.935790000,1280.000
1.405340000,42.935880000,1281.000
1.405420000,42.935930000,1282.000
1.405510000,42.935990000,1283.000
1.405660000,42.936060000,1284.000
1.405970000,42.936190000,1285.000
1.406090000,42.936260000,1286.000
1.406340000,42.936450000,1287.000
1.406550000,42.936630000,1288.000
1.406690000,42.936730000,1289.000
1.406840000,42.936840000,1290.000
1.406970000,42.936910000,1291.000
1.407210000,42.937030000,1292.000
1.407480000,42.937160000,1293.000
1.407590000,42.937220000,1294.000
1.407710000,42.937320000,1294.000
1.407850000,42.937440000,1295.000
1.407950000,42.937550000,1294.000
1.408010000,42.937640000,1293.000
1.408060000,42.937720000,1291.000
1.408110000,42.937840000,1289.000
1.408150000,42.938000000,1286.000
1.408170000,42.938090000,1284.000
1.408170000,42.938180000,1281.000
1.408150000,42.938250000,1279.000
1.408110000,42.938320000,1277.000
1.407520000,42.939140000,1267.000
1.407280000,42.939450000,1262.000
1.407020000,42.939730000,1259.000
1.406920000,42.939850000,1257.000
1.406850000,42.939940000,1256.000
1.406810000,42.940030000,1255.000
1.406790000,42.940100000,1255.000
1.406790000,42.940180000,1255.000
1.406790000,42.940240000,1255.000
1.406810000,42.940350000,1255.000
1.406930000,42.940640000,1256.000
1.407150000,42.941130000,1258.000
1.407230000,42.941390000,1259.000
1.407270000,42.941650000,1259.000
1.407280000,42.941810000,1260.000
1.407270000,42.941890000,1261.000
1.407260000,42.941970000,1261.000
1.407230000,42.942060000,1261.000
1.407150000,42.942230000,1261.000
1.407100000,42.942370000,1262.000
1.407080000,42.942450000,1262.000
1.407080000,42.942610000,1262.000
1.407120000,42.942720000,1262.000
1.407180000,42.942880000,1262.000
1.407520000,42.943550000,1263.000
1.407580000,42.943710000,1263.000
1.407600000,42.943800000,1262.000
1.407620000,42.943890000,1262.000
1.407610000,42.943950000,1262.000
1.407600000,42.944010000,1261.000
1.407560000,42.944070000,1261.000
1.407500000,42.944120000,1261.000
1.407420000,42.944180000,1260.000
1.407130000,42.944340000,1259.000
1.407050000,42.944400000,1258.000
1.406990000,42.944460000,1258.000
1.406960000,42.944500000,1257.000
1.406950000,42.944550000,1257.000
1.406950000,42.944570000,1256.000
1.406950000,42.944610000,1256.000
1.406980000,42.944660000,1256.000
1.407010000,42.944690000,1256.000
1.407070000,42.944720000,1255.000
1.407140000,42.944750000,1255.000
1.407240000,42.944770000,1255.000
1.407410000,42.944790000,1254.000
1.407730000,42.944820000,1253.000
1.407890000,42.944840000,1252.000
1.408030000,42.944860000,1252.000
1.408150000,42.944900000,1251.000
1.408260000,42.944960000,1250.000
1.408530000,42.945160000,1249.000
1.408920000,42.945460000,1247.000
1.409020000,42.945560000,1246.000
1.409140000,42.945680000,1244.000
1.409250000,42.945790000,1243.000
1.409350000,42.945860000,1242.000
1.409590000,42.945990000,1241.000
1.409800000,42.946090000,1240.000
1.409940000,42.946140000,1239.000
1.410140000,42.946200000,1238.000
1.410380000,42.946260000,1237.000
1.410810000,42.946370000,1236.000
1.411530000,42.946540000,1235.000
1.411890000,42.946620000,1233.000
1.412030000,42.946650000,1232.000
1.412150000,42.946660000,1231.000
1.412240000,42.946650000,1230.000
1.412350000,42.946640000,1229.000
1.412610000,42.946580000,1228.000
1.412970000,42.946520000,1227.000
1.413040000,42.946510000,1226.000
1.413100000,42.946510000,1225.000
1.413180000,42.946520000,1224.000
1.413260000,42.946550000,1224.000
1.413650000,42.946720000,1222.000
1.414050000,42.946840000,1221.000
1.414360000,42.946930000,1219.000
1.414470000,42.946970000,1218.000
1.414560000,42.947010000,1217.000
1.414610000,42.947070000,1216.000
1.414640000,42.947120000,1216.000
1.414670000,42.947180000,1216.000
1.414690000,42.947280000,1215.000
1.414690000,42.947450000,1215.000
1.414710000,42.947620000,1215.000
1.414740000,42.947720000,1214.000
1.414780000,42.947820000,1214.000
1.414840000,42.947940000,1214.000
1.414910000,42.948050000,1214.000
1.415000000,42.948150000,1214.000
1.415250000,42.948460000,1213.000
1.415630000,42.948970000,1213.000
1.415990000,42.949460000,1211.000
1.416280000,42.949810000,1209.000
1.416590000,42.950140000,1206.000
1.416930000,42.950440000,1204.000
1.417370000,42.950820000,1201.000
1.417530000,42.950980000,1198.000
1.417620000,42.951090000,1196.000
1.417720000,42.951240000,1194.000
1.417870000,42.951490000,1192.000
1.417950000,42.951590000,1191.000
1.418040000,42.951680000,1189.000
1.418460000,42.952040000,1187.000
1.418650000,42.952170000,1185.000
1.418830000,42.952310000,1183.000
1.419230000,42.952680000,1179.000
1.419430000,42.952870000,1175.000
1.419520000,42.952980000,1172.000
1.419580000,42.953060000,1169.000
1.419610000,42.953130000,1167.000
1.419630000,42.953230000,1165.000
1.419630000,42.953360000,1163.000
1.419580000,42.953590000,1160.000
1.419580000,42.953670000,1158.000
1.419590000,42.953710000,1156.000
1.419610000,42.953750000,1155.000
1.419650000,42.953810000,1154.000
1.419690000,42.953840000,1152.000
1.419800000,42.953900000,1151.000
1.419970000,42.953940000,1150.000
1.420410000,42.954030000,1148.000
1.420680000,42.954080000,1147.000
1.421030000,42.954170000,1145.000
1.421320000,42.954260000,1143.000
1.421700000,42.954410000,1142.000
1.422210000,42.954710000,1139.000
1.422310000,42.954750000,1137.000
1.422450000,42.954800000,1136.000
1.422550000,42.954820000,1135.000
1.422670000,42.954840000,1134.000
1.422800000,42.954840000,1133.000
1.423050000,42.954820000,1132.000
1.423170000,42.954820000,1131.000
1.423280000,42.954830000,1130.000
1.423400000,42.954860000,1129.000
1.423480000,42.954880000,1129.000
1.423560000,42.954910000,1128.000
1.423630000,42.954950000,1128.000
1.423670000,42.955000000,1127.000
1.423680000,42.955050000,1127.000
1.423690000,42.955110000,1126.000
1.423650000,42.955310000,1125.000
1.423640000,42.955420000,1125.000
1.423650000,42.955560000,1124.000
1.423760000,42.955890000,1122.000
1.423850000,42.956120000,1121.000
1.423940000,42.956340000,1119.000
1.424040000,42.956520000,1117.000
1.424190000,42.956720000,1114.000
1.424370000,42.956960000,1112.000
1.424470000,42.957070000,1110.000
1.424550000,42.957170000,1108.000
1.424580000,42.957240000,1107.000
1.424610000,42.957310000,1105.000
1.424610000,42.957380000,1104.000
1.424610000,42.957460000,1103.000
1.424590000,42.957550000,1102.000
1.424560000,42.957620000,1101.000
1.424520000,42.957710000,1100.000
1.424460000,42.957800000,1098.000
1.424400000,42.957860000,1097.000
1.424300000,42.957950000,1095.000
1.424120000,42.958090000,1092.000
1.423890000,42.958280000,1089.000
1.423790000,42.958380000,1085.000
1.423670000,42.958540000,1082.000
1.423550000,42.958710000,1078.000
1.423430000,42.958930000,1074.000
1.423380000,42.959040000,1071.000
1.423340000,42.959150000,1068.000
1.423310000,42.959250000,1066.000
1.423290000,42.959510000,1065.000
1.423290000,42.959650000,1065.000
1.423310000,42.959760000,1066.000
1.423370000,42.959920000,1066.000
1.423420000,42.960030000,1067.000
1.423470000,42.960140000,1068.000
1.423560000,42.960280000,1069.000
1.423860000,42.960590000,1071.000
1.423930000,42.960660000,1072.000
1.424040000,42.960750000,1073.000
1.424130000,42.960820000,1074.000
1.424290000,42.960910000,1074.000
1.424870000,42.961250000,1072.000
1.425360000,42.961530000,1067.000
1.425820000,42.961790000,1062.000
1.425900000,42.961820000,1059.000
1.425990000,42.961850000,1056.000
1.426060000,42.961860000,1054.000
1.426160000,42.961870000,1052.000
1.426230000,42.961870000,1051.000
1.426300000,42.961840000,1050.000
1.426370000,42.961810000,1050.000
1.426430000,42.961770000,1049.000
1.426550000,42.961680000,1049.000
1.426690000,42.961550000,1049.000
1.426850000,42.961420000,1049.000
1.427030000,42.961290000,1049.000
1.427240000,42.961160000,1049.000
1.427410000,42.961070000,1050.000
1.427540000,42.961030000,1050.000
1.427640000,42.961000000,1050.000
1.427840000,42.960960000,1050.000
1.428060000,42.960930000,1050.000
1.428210000,42.960920000,1050.000
1.428430000,42.960910000,1049.000
1.428630000,42.960920000,1048.000
1.428830000,42.960950000,1047.000
1.429190000,42.961010000,1044.000
1.429510000,42.961090000,1041.000
1.429840000,42.961190000,1038.000
1.430020000,42.961230000,1035.000
1.430280000,42.961270000,1032.000
1.430500000,42.961290000,1029.000
1.430710000,42.961300000,1027.000
1.430980000,42.961280000,1025.000
1.431600000,42.961230000,1024.000
1.431970000,42.961200000,1023.000
1.432890000,42.961190000,1022.000
1.433630000,42.961180000,1021.000
1.433880000,42.961200000,1020.000
1.434400000,42.961290000,1017.000
1.434940000,42.961400000,1013.000
1.435200000,42.961440000,1009.000
1.435360000,42.961450000,1007.000
1.435460000,42.961450000,1004.000
1.435570000,42.961430000,1002.000
1.436010000,42.961340000,999.000
1.436110000,42.961330000,997.000
1.436290000,42.961330000,995.000
1.436540000,42.961330000,994.000
1.436790000,42.961340000,992.000
1.437160000,42.961340000,991.000
1.437420000,42.961340000,989.000
1.437710000,42.961320000,988.000
1.437960000,42.961300000,986.000
1.438560000,42.961250000,984.000
1.438800000,42.961240000,983.000
1.438910000,42.961240000,981.000
1.439030000,42.961260000,980.000
1.439120000,42.961280000,979.000
1.439290000,42.961330000,978.000
1.439500000,42.961390000,977.000
1.439650000,42.961420000,976.000
1.439820000,42.961430000,975.000
1.440000000,42.961430000,974.000
1.440210000,42.961420000,973.000
1.440440000,42.961380000,972.000
1.440620000,42.961360000,971.000
1.441010000,42.961270000,969.000
1.441820000,42.961080000,968.000
1.442500000,42.960940000,966.000
1.442640000,42.960910000,965.000
1.442760000,42.960870000,965.000
1.442930000,42.960800000,964.000
1.443330000,42.960550000,963.000
1.443480000,42.960480000,962.000
1.443720000,42.960380000,961.000
1.444000000,42.960270000,959.000
1.444340000,42.960160000,957.000
1.444650000,42.960060000,955.000
1.445000000,42.959960000,953.000
1.445370000,42.959870000,951.000
1.445500000,42.959850000,949.000
1.445580000,42.959840000,947.000
1.445650000,42.959840000,946.000
1.445740000,42.959850000,946.000
1.445820000,42.959870000,945.000
1.445880000,42.959890000,945.000
1.446060000,42.960010000,944.000
1.446140000,42.960060000,944.000
1.446440000,42.960180000,943.000
1.446660000,42.960280000,943.000
1.446740000,42.960310000,942.000
1.446810000,42.960330000,942.000
1.446900000,42.960340000,942.000
1.447030000,42.960340000,942.000
1.447220000,42.960320000,941.000
1.447380000,42.960300000,941.000
1.447470000,42.960270000,941.000
1.447540000,42.960240000,940.000
1.447590000,42.960210000,940.000
1.447650000,42.960170000,940.000
1.447700000,42.960110000,940.000
1.447840000,42.959850000,939.000
1.447960000,42.959650000,939.000
1.448100000,42.959440000,937.000
1.448480000,42.958910000,935.000
1.448570000,42.958820000,934.000
1.448930000,42.958510000,932.000
1.449030000,42.958440000,930.000
1.449160000,42.958360000,929.000
1.449370000,42.958260000,927.000
1.449660000,42.958120000,926.000
1.449750000,42.958080000,925.000
1.450080000,42.957950000,924.000
1.450230000,42.957900000,923.000
1.450390000,42.957860000,922.000
1.450660000,42.957820000,921.000
1.450840000,42.957770000,921.000
1.450980000,42.957720000,920.000
1.451120000,42.957650000,919.000
1.451220000,42.957580000,919.000
1.451300000,42.957510000,918.000
1.451350000,42.957450000,918.000
1.451370000,42.957390000,918.000
1.451380000,42.957330000,917.000
1.451380000,42.957260000,917.000
1.451360000,42.957170000,916.000
1.451280000,42.957060000,915.000
1.451200000,42.956940000,915.000
1.451180000,42.956850000,914.000
1.451190000,42.956760000,913.000
1.451210000,42.956680000,912.000
1.451250000,42.956610000,911.000
1.451310000,42.956520000,911.000
1.451530000,42.956370000,910.000
1.451710000,42.956270000,908.000
1.452420000,42.955930000,906.000
1.452680000,42.955830000,904.000
1.453480000,42.955550000,904.000
1.453780000,42.955470000,903.000
1.453950000,42.955430000,904.000
1.454060000,42.955420000,904.000
1.454170000,42.955420000,904.000
1.454240000,42.955430000,904.000
1.454500000,42.955490000,904.000
1.454980000,42.955650000,905.000
1.455120000,42.955700000,905.000
1.455200000,42.955720000,905.000
1.455290000,42.955730000,904.000
1.455370000,42.955720000,904.000
1.455460000,42.955690000,904.000
1.455550000,42.955650000,903.000
1.455640000,42.955580000,903.000
1.456650000,42.954800000,900.000
1.457030000,42.954530000,898.000
1.457100000,42.954460000,896.000
1.457150000,42.954390000,894.000
1.457170000,42.954330000,893.000
1.457160000,42.954280000,892.000
1.457130000,42.954220000,892.000
1.457060000,42.954120000,891.000
1.456990000,42.953990000,890.000
1.456940000,42.953860000,889.000
1.456880000,42.953650000,888.000
1.456810000,42.953260000,887.000
1.456820000,42.953090000,885.000
1.456830000,42.952680000,883.000
1.456820000,42.952450000,882.000
1.456810000,42.952320000,880.000
1.456740000,42.952080000,879.000
1.456660000,42.951860000,877.000
1.456660000,42.951740000,876.000
1.456690000,42.951510000,875.000
1.456730000,42.951360000,874.000
1.456830000,42.951090000,872.000
1.456880000,42.950990000,871.000
1.456960000,42.950890000,870.000
1.457170000,42.950710000,869.000
1.457490000,42.950460000,868.000
1.457730000,42.950300000,867.000
1.457910000,42.950210000,866.000
1.458120000,42.950120000,865.000
1.458460000,42.950000000,863.000
1.458680000,42.949940000,862.000
1.458860000,42.949910000,861.000
1.459050000,42.949900000,860.000
1.459290000,42.949900000,860.000
1.459400000,42.949920000,859.000
1.459570000,42.949980000,859.000
1.459760000,42.950050000,859.000
1.460030000,42.950180000,859.000
1.460260000,42.950310000,859.000
1.460390000,42.950380000,859.000
1.460690000,42.950490000,860.000
1.460850000,42.950600000,860.000
1.461060000,42.950810000,860.000
1.461110000,42.950850000,860.000
1.461160000,42.950870000,860.000
1.461220000,42.950880000,860.000
1.461290000,42.950880000,859.000
1.461350000,42.950870000,859.000
1.461420000,42.950840000,858.000
1.461490000,42.950800000,858.000
1.461920000,42.950570000,855.000
1.462240000,42.950400000,853.000
1.462670000,42.950210000,849.000
1.462810000,42.950170000,846.000
1.463290000,42.950040000,843.000
1.464280000,42.949790000,838.000
1.464800000,42.949670000,833.000
1.464890000,42.949650000,830.000
1.464980000,42.949610000,828.000
1.465050000,42.949580000,826.000
1.465190000,42.949490000,824.000
1.465270000,42.949430000,823.000
1.465440000,42.949260000,822.000
1.465510000,42.949200000,820.000
1.465590000,42.949160000,819.000
1.465710000,42.949100000,818.000
1.465850000,42.949040000,818.000
1.466190000,42.948910000,816.000
1.466360000,42.948860000,815.000
1.466720000,42.948770000,814.000
1.466900000,42.948730000,812.000
1.467080000,42.948710000,811.000
1.467310000,42.948690000,810.000
1.467730000,42.948670000,809.000
1.468530000,42.948680000,806.000
1.468760000,42.948700000,805.000
1.468930000,42.948720000,803.000
1.469090000,42.948750000,802.000
1.469300000,42.948800000,801.000
1.469370000,42.948830000,800.000
1.469420000,42.948850000,800.000
1.469460000,42.948890000,799.000
1.469490000,42.948920000,799.000
1.469510000,42.948960000,798.000
1.469510000,42.949000000,798.000
1.469500000,42.949060000,798.000
1.469470000,42.949140000,798.000
1.469370000,42.949360000,797.000
1.469360000,42.949440000,796.000
1.469370000,42.949560000,795.000
1.469400000,42.949630000,794.000
1.469430000,42.949690000,793.000
1.469490000,42.949760000,793.000
1.469530000,42.949800000,792.000
1.469610000,42.949860000,791.000
1.469830000,42.949980000,790.000
1.469900000,42.950030000,789.000
1.469950000,42.950070000,788.000
1.470010000,42.950120000,787.000
1.470050000,42.950170000,786.000
1.470070000,42.950230000,785.000
1.470090000,42.950310000,784.000
1.470110000,42.950440000,783.000
1.470130000,42.950500000,782.000
1.470170000,42.950540000,782.000
1.470210000,42.950570000,781.000
1.470270000,42.950590000,780.000
1.470320000,42.950600000,780.000
1.470390000,42.950610000,779.000
1.470460000,42.950600000,779.000
1.470560000,42.950580000,778.000
1.470670000,42.950550000,777.000
1.471310000,42.950270000,775.000
1.471460000,42.950230000,773.000
1.471620000,42.950200000,771.000
1.471820000,42.950180000,769.000
1.472070000,42.950150000,768.000
1.472340000,42.950140000,766.000
1.472540000,42.950140000,765.000
1.472730000,42.950150000,763.000
1.473010000,42.950170000,762.000
1.473200000,42.950210000,760.000
1.473330000,42.950240000,759.000
1.473430000,42.950280000,758.000
1.473560000,42.950340000,757.000
1.473650000,42.950400000,756.000
1.473760000,42.950470000,755.000
1.473810000,42.950530000,755.000
1.474030000,42.950780000,754.000
1.474120000,42.950880000,753.000
1.474330000,42.951170000,752.000
1.474540000,42.951440000,750.000
1.474950000,42.951860000,748.000
1.475060000,42.951960000,747.000
1.475200000,42.952060000,746.000
1.475550000,42.952250000,744.000
1.475750000,42.952400000,742.000
1.475930000,42.952540000,741.000
1.476110000,42.952660000,739.000
1.476380000,42.952820000,737.000
1.476520000,42.952920000,735.000
1.476600000,42.952990000,734.000
1.476640000,42.953080000,733.000
1.476660000,42.953140000,732.000
1.476650000,42.953200000,731.000
1.476630000,42.953260000,730.000
1.476580000,42.953350000,729.000
1.476360000,42.953560000,728.000
1.476300000,42.953630000,727.000
1.476280000,42.953680000,726.000
1.476270000,42.953730000,724.000
1.476270000,42.953760000,723.000
1.476290000,42.953800000,723.000
1.476330000,42.953830000,722.000
1.476390000,42.953860000,721.000
1.476650000,42.953920000,719.000
1.476780000,42.953950000,717.000
1.476860000,42.953980000,716.000
1.476920000,42.954010000,714.000
1.477000000,42.954070000,713.000
1.477030000,42.954100000,712.000
1.477050000,42.954150000,711.000
1.477060000,42.954190000,710.000
1.477040000,42.954330000,708.000
1.477040000,42.954430000,706.000
1.477050000,42.954510000,705.000
1.477070000,42.954570000,704.000
1.477090000,42.954590000,702.000
1.477130000,42.954630000,701.000
1.477290000,42.954680000,700.000
1.477580000,42.954730000,698.000
1.477700000,42.954740000,696.000
1.477780000,42.954740000,694.000
1.477860000,42.954720000,693.000
1.477920000,42.954700000,692.000
1.478010000,42.954660000,691.000
1.478200000,42.954570000,691.000
1.479190000,42.954170000,688.000
1.479850000,42.953890000,686.000
1.480100000,42.953780000,684.000
1.480220000,42.953760000,683.000
1.480450000,42.953730000,682.000
1.480620000,42.953720000,682.000
1.480710000,42.953730000,681.000
1.480770000,42.953750000,681.000
1.480810000,42.953770000,681.000
1.480850000,42.953800000,681.000
1.480860000,42.953830000,681.000
1.480870000,42.953860000,681.000
1.480860000,42.953900000,681.000
1.480790000,42.954050000,681.000
1.480760000,42.954120000,681.000
1.480740000,42.954190000,681.000
1.480730000,42.954250000,681.000
1.480740000,42.954300000,681.000
1.480760000,42.954350000,681.000
1.480780000,42.954390000,681.000
1.480840000,42.954460000,681.000
1.480920000,42.954500000,681.000
1.481030000,42.954560000,681.000
1.481580000,42.954720000,681.000
1.481720000,42.954760000,681.000
1.482010000,42.954910000,679.000
1.482120000,42.954940000,678.000
1.482430000,42.955020000,676.000
1.482640000,42.955100000,674.000
1.482870000,42.955180000,672.000
1.483000000,42.955210000,670.000
1.483210000,42.955220000,668.000
1.483350000,42.955220000,666.000
1.483480000,42.955200000,664.000
1.483610000,42.955170000,663.000
1.484100000,42.955030000,660.000
1.484310000,42.954980000,659.000
1.484440000,42.954960000,658.000
1.484570000,42.954940000,658.000
1.484670000,42.954940000,658.000
1.484740000,42.954940000,659.000
1.484800000,42.954960000,659.000
1.484860000,42.954980000,659.000
1.484900000,42.955000000,660.000
1.484950000,42.955030000,660.000
1.485020000,42.955100000,661.000
1.485050000,42.955140000,661.000
1.485070000,42.955200000,662.000
1.485080000,42.955240000,662.000
1.485080000,42.955280000,663.000
1.485070000,42.955330000,663.000
1.485050000,42.955400000,664.000
1.484960000,42.955550000,664.000
1.484940000,42.955590000,665.000
1.484930000,42.955650000,666.000
1.484930000,42.955690000,666.000
1.484940000,42.955770000,667.000
1.485040000,42.955950000,668.000
1.485070000,42.956020000,669.000
1.485080000,42.956180000,670.000
1.485080000,42.956250000,671.000
1.485080000,42.956310000,671.000
1.485100000,42.956370000,671.000
1.485120000,42.956430000,671.000
1.485280000,42.956670000,669.000
1.485340000,42.956810000,668.000
1.485370000,42.956900000,667.000
1.485380000,42.956950000,666.000
1.485380000,42.957010000,665.000
1.485370000,42.957070000,665.000
1.485350000,42.957120000,664.000
1.485320000,42.957170000,663.000
1.485270000,42.957220000,663.000
1.485230000,42.957250000,662.000
1.485180000,42.957280000,662.000
1.484530000,42.957530000,659.000
1.484340000,42.957610000,657.000
1.484230000,42.957670000,656.000
1.484170000,42.957720000,655.000
1.484110000,42.957780000,654.000
1.483990000,42.957930000,653.000
1.483930000,42.958000000,652.000
1.483840000,42.958060000,652.000
1.483680000,42.958180000,651.000
1.483580000,42.958260000,650.000
1.483490000,42.958350000,650.000
1.483440000,42.958410000,649.000
1.483390000,42.958490000,649.000
1.483310000,42.958680000,648.000
1.483270000,42.958740000,647.000
1.483230000,42.958790000,647.000
1.483160000,42.958820000,646.000
1.483090000,42.958850000,646.000
1.482810000,42.958920000,645.000
1.482700000,42.958960000,645.000
1.482630000,42.959000000,644.000
1.482400000,42.959150000,643.000
1.482230000,42.959220000,641.000
1.482160000,42.959260000,640.000
1.482130000,42.959280000,639.000
1.482110000,42.959310000,639.000
1.482100000,42.959340000,638.000
1.482110000,42.959380000,638.000
1.482140000,42.959430000,637.000
1.482190000,42.959490000,636.000
1.482230000,42.959510000,636.000
1.482260000,42.959520000,635.000
1.482320000,42.959530000,635.000
1.482370000,42.959520000,634.000
1.482450000,42.959500000,634.000
1.482650000,42.959430000,633.000
1.482750000,42.959420000,632.000
1.482860000,42.959420000,631.000
1.483250000,42.959480000,630.000
1.483390000,42.959490000,628.000
1.483480000,42.959480000,627.000
1.483580000,42.959470000,626.000
1.483690000,42.959440000,625.000
1.483770000,42.959420000,624.000
1.483860000,42.959370000,623.000
1.483950000,42.959310000,623.000
1.484020000,42.959250000,622.000
1.484150000,42.959080000,621.000
1.484230000,42.959010000,621.000
1.484300000,42.958960000,620.000
1.484380000,42.958920000,619.000
1.484620000,42.958810000,618.000
1.485000000,42.958670000,617.000
1.485190000,42.958600000,616.000
1.485300000,42.958570000,615.000
1.485370000,42.958570000,614.000
1.485470000,42.958570000,614.000
1.486040000,42.958580000,612.000
1.486190000,42.958570000,611.000
1.486360000,42.958540000,611.000
1.487100000,42.958380000,611.000
1.487190000,42.958350000,611.000
1.487330000,42.958280000,611.000
1.487490000,42.958170000,611.000
1.487570000,42.958120000,611.000
1.487630000,42.958100000,611.000
1.487720000,42.958080000,611.000
1.487790000,42.958070000,611.000
1.487870000,42.958080000,611.000
1.488090000,42.958120000,611.000
1.488190000,42.958120000,611.000
1.488300000,42.958110000,611.000
1.488390000,42.958090000,611.000
1.488940000,42.957890000,611.000
1.489100000,42.957860000,611.000
1.489360000,42.957830000,611.000
1.489460000,42.957830000,611.000
1.489570000,42.957840000,610.000
1.489660000,42.957860000,610.000
1.489770000,42.957910000,610.000
1.489920000,42.958000000,610.000
1.490050000,42.958090000,610.000
1.490140000,42.958170000,610.000
1.490210000,42.958260000,609.000
1.490300000,42.958400000,609.000
1.490340000,42.958470000,609.000
1.490380000,42.958530000,609.000
1.490440000,42.958610000,608.000
1.490510000,42.958670000,608.000
1.490960000,42.958900000,607.000
1.491120000,42.958980000,606.000
1.491250000,42.959060000,605.000
1.491310000,42.959120000,604.000
1.491430000,42.959310000,603.000
1.491470000,42.959360000,602.000
1.491840000,42.959730000,600.000
1.491960000,42.959830000,599.000
1.492140000,42.959940000,597.000
1.492350000,42.960050000,596.000
1.492670000,42.960250000,594.000
1.492830000,42.960380000,593.000
1.492960000,42.960470000,591.000
1.493150000,42.960590000,590.000
1.493270000,42.960630000,589.000
1.493410000,42.960670000,588.000
1.493900000,42.960790000,586.000
1.494060000,42.960840000,585.000
1.494230000,42.960900000,584.000
1.494550000,42.961020000,583.000
1.494630000,42.961060000,583.000
1.494680000,42.961090000,583.000
1.494720000,42.961130000,583.000
1.494740000,42.961170000,583.000
1.494750000,42.961230000,583.000
1.494740000,42.961600000,584.000
1.494760000,42.961690000,584.000
1.494780000,42.961780000,585.000
1.494850000,42.961920000,585.000
1.494980000,42.962120000,586.000
1.495240000,42.962470000,587.000
1.495340000,42.962680000,586.000
1.495390000,42.962870000,585.000
1.495430000,42.962980000,584.000
1.495480000,42.963050000,582.000
1.495530000,42.963100000,581.000
1.495610000,42.963160000,580.000
1.495730000,42.963240000,579.000
1.495960000,42.963350000,577.000
1.496230000,42.963490000,574.000
1.496340000,42.963550000,572.000
1.496450000,42.963580000,571.000
1.496690000,42.963640000,568.000
1.496950000,42.963690000,566.000
1.497140000,42.963720000,564.000
1.497370000,42.963750000,563.000
1.497530000,42.963770000,562.000
1.497800000,42.963770000,561.000
1.497950000,42.963770000,560.000
1.498120000,42.963760000,560.000
1.498300000,42.963740000,559.000
1.498450000,42.963710000,559.000
1.498800000,42.963630000,558.000
1.499070000,42.963570000,557.000
1.499300000,42.963510000,557.000
1.499540000,42.963430000,556.000
1.499800000,42.963370000,555.000
1.499900000,42.963350000,555.000
1.499990000,42.963350000,555.000
1.500080000,42.963360000,554.000
1.500190000,42.963380000,554.000
1.500290000,42.963420000,554.000
1.500360000,42.963460000,554.000
1.500460000,42.963520000,554.000
1.500520000,42.963570000,554.000
1.500600000,42.963660000,554.000
1.500710000,42.963820000,554.000
1.500760000,42.963900000,553.000
1.500870000,42.964250000,553.000
1.500930000,42.964400000,553.000
1.500990000,42.964480000,553.000
1.501040000,42.964530000,553.000
1.501100000,42.964580000,552.000
1.501170000,42.964600000,552.000
1.501250000,42.964620000,552.000
1.501310000,42.964630000,551.000
1.501390000,42.964620000,551.000
1.501450000,42.964610000,550.000
1.501510000,42.964590000,550.000
1.501580000,42.964550000,549.000
1.501790000,42.964420000,548.000
1.501890000,42.964360000,547.000
1.501980000,42.964330000,546.000
1.502060000,42.964300000,545.000
1.502150000,42.964290000,545.000
1.502280000,42.964280000,544.000
1.502810000,42.964300000,542.000
1.503220000,42.964300000,540.000
1.503430000,42.964310000,538.000
1.503600000,42.964320000,536.000
1.503770000,42.964350000,534.000
1.503900000,42.964380000,533.000
1.504390000,42.964560000,531.000
1.504550000,42.964600000,530.000
1.504750000,42.964640000,528.000
1.505130000,42.964680000,527.000
1.505350000,42.964700000,525.000
1.505560000,42.964720000,524.000
1.505790000,42.964720000,522.000
1.505950000,42.964700000,521.000
1.506120000,42.964680000,520.000
1.506310000,42.964640000,519.000
1.506510000,42.964600000,518.000
1.506690000,42.964540000,518.000
1.506970000,42.964430000,517.000
1.507640000,42.964190000,516.000
1.508010000,42.964080000,515.000
1.508160000,42.964040000,514.000
1.508340000,42.964010000,513.000
1.508700000,42.963970000,512.000
1.509670000,42.963890000,512.000
1.509860000,42.963880000,511.000
1.510080000,42.963890000,511.000
1.511890000,42.964050000,510.000
1.512100000,42.964040000,509.000
1.512330000,42.964030000,508.000
1.512540000,42.963980000,507.000
1.512930000,42.963900000,507.000
1.513090000,42.963890000,506.000
1.513240000,42.963880000,506.000
1.513370000,42.963890000,505.000
1.513540000,42.963900000,505.000
1.513920000,42.963970000,505.000
1.514550000,42.964100000,504.000
1.514750000,42.964150000,503.000
1.514900000,42.964200000,503.000
1.515070000,42.964270000,502.000
1.515690000,42.964550000,501.000
1.515960000,42.964700000,500.000
1.516150000,42.964820000,500.000
1.516400000,42.964980000,499.000
1.516670000,42.965160000,498.000
1.516870000,42.965290000,498.000
1.517020000,42.965380000,497.000
1.517150000,42.965450000,497.000
1.517240000,42.965490000,497.000
1.517690000,42.965620000,497.000
1.519050000,42.966030000,497.000
1.520240000,42.966510000,496.000
1.520880000,42.966790000,496.000
1.521440000,42.967100000,495.000
1.521470000,42.967110000,494.000
1.521520000,42.967140000,494.000
1.522560000,42.967780000,494.000
1.522580000,42.967790000,495.000
1.523110000,42.968100000,496.000
1.523430000,42.968220000,497.000
1.523780000,42.968300000,497.000
1.524050000,42.968410000,497.000
1.524700000,42.968750000,495.000
1.525110000,42.968890000,494.000
1.525470000,42.968940000,492.000
1.525570000,42.968950000,491.000
1.525750000,42.968960000,490.000
1.525870000,42.968970000,490.000
1.526170000,42.969000000,489.000
1.526380000,42.969010000,489.000
1.526900000,42.968890000,488.000
1.527370000,42.968570000,487.000
1.527840000,42.968290000,487.000
1.528170000,42.968080000,486.000
1.528340000,42.967860000,485.000
1.528410000,42.967660000,485.000
1.528480000,42.967370000,484.000
1.528580000,42.967200000,483.000
1.528730000,42.967010000,483.000
1.529400000,42.966410000,482.000
1.529930000,42.965910000,480.000
1.530110000,42.965790000,478.000
1.530550000,42.965480000,476.000
1.531130000,42.965180000,474.000
1.531570000,42.964950000,472.000
1.531930000,42.964800000,470.000
1.532110000,42.964740000,470.000
1.532400000,42.964660000,469.000
1.532620000,42.964620000,469.000
1.532860000,42.964610000,468.000
1.533100000,42.964620000,468.000
1.533570000,42.964660000,468.000
1.534000000,42.964700000,468.000
1.534600000,42.964760000,468.000
1.534800000,42.964760000,468.000
1.534990000,42.964740000,468.000
1.535220000,42.964700000,468.000
1.536880000,42.964170000,468.000
1.537200000,42.964080000,469.000
1.537900000,42.963860000,470.000
1.538130000,42.963810000,470.000
1.538280000,42.963810000,471.000
1.538490000,42.963820000,472.000
1.538670000,42.963870000,472.000
1.538910000,42.964000000,473.000
1.539290000,42.964210000,474.000
1.539580000,42.964340000,474.000
1.539890000,42.964450000,474.000
1.540080000,42.964510000,473.000
1.540270000,42.964550000,473.000
1.540480000,42.964590000,472.000
1.540770000,42.964600000,471.000
1.541090000,42.964610000,470.000
1.541890000,42.964580000,469.000
1.543020000,42.964520000,467.000
1.543300000,42.964520000,466.000
1.543510000,42.964530000,466.000
1.543970000,42.964590000,465.000
1.544270000,42.964600000,465.000
1.544490000,42.964600000,464.000
1.544680000,42.964580000,464.000
1.544870000,42.964530000,464.000
1.546110000,42.964170000,463.000
1.546860000,42.963950000,462.000
1.547100000,42.963900000,461.000
1.547370000,42.963870000,461.000
1.548040000,42.963860000,460.000
1.549030000,42.963820000,459.000
1.549860000,42.963790000,458.000
1.550120000,42.963750000,457.000
1.550370000,42.963710000,456.000
1.550530000,42.963650000,455.000
1.550700000,42.963570000,454.000
1.551030000,42.963330000,453.000
1.551260000,42.963160000,451.000
1.551900000,42.962720000,449.000
1.552660000,42.962370000,448.000
1.553200000,42.962170000,448.000
1.553510000,42.962110000,448.000
1.554210000,42.962070000,449.000
1.554480000,42.962070000,449.000
1.555210000,42.962110000,448.000
1.555760000,42.962140000,447.000
1.556020000,42.962130000,447.000
1.556240000,42.962080000,446.000
1.556450000,42.962010000,446.000
1.557120000,42.961640000,445.000
1.558060000,42.961150000,444.000
1.558640000,42.960850000,444.000
1.558810000,42.960800000,445.000
1.559190000,42.960750000,445.000
1.559350000,42.960730000,445.000
1.559430000,42.960750000,445.000
1.559620000,42.960790000,445.000
1.560290000,42.960830000,445.000
1.560730000,42.960860000,445.000
1.562200000,42.960990000,444.000
1.563840000,42.961130000,445.000
1.564170000,42.961140000,446.000
1.564520000,42.961110000,447.000
1.565350000,42.960960000,448.000
1.565600000,42.960920000,448.000
1.565880000,42.960920000,448.000
1.566280000,42.960950000,448.000
1.566490000,42.960950000,448.000
1.566770000,42.960940000,448.000
1.566950000,42.960920000,448.000
1.567190000,42.960850000,448.000
1.567470000,42.960760000,448.000
1.568800000,42.960290000,447.000
1.569330000,42.960100000,446.000
1.570110000,42.959820000,445.000
1.571240000,42.959330000,444.000
1.571550000,42.959220000,443.000
1.571820000,42.959180000,442.000
1.572050000,42.959170000,441.000
1.572420000,42.959180000,441.000
1.572700000,42.959210000,441.000
1.572980000,42.959270000,441.000
1.573340000,42.959380000,441.000
1.573860000,42.959640000,441.000
1.574430000,42.960000000,439.000
1.574500000,42.960040000,439.000
1.574820000,42.960210000,437.000
1.575130000,42.960340000,436.000
1.575540000,42.960490000,434.000
1.575890000,42.960590000,433.000
1.576080000,42.960640000,431.000
1.576240000,42.960660000,431.000
1.576400000,42.960650000,430.000
1.576570000,42.960620000,430.000
1.576710000,42.960560000,430.000
1.577110000,42.960400000,431.000
1.577170000,42.960370000,432.000
1.577400000,42.960250000,432.000
1.577530000,42.960140000,433.000
1.577740000,42.959960000,434.000
1.577900000,42.959860000,435.000
1.577930000,42.959840000,435.000
1.578170000,42.959730000,436.000
1.578490000,42.959630000,436.000
1.578680000,42.959540000,437.000
1.578950000,42.959360000,436.000
1.579090000,42.959260000,436.000
1.579270000,42.959180000,436.000
1.579480000,42.959130000,436.000
1.579690000,42.959120000,436.000
1.579890000,42.959140000,436.000
1.580060000,42.959190000,435.000
1.580210000,42.959270000,435.000
1.580350000,42.959380000,435.000
1.580460000,42.959500000,435.000
1.580580000,42.959610000,435.000
1.580720000,42.959720000,435.000
1.580890000,42.959840000,434.000
1.581090000,42.959920000,434.000
1.581570000,42.960080000,434.000
1.582150000,42.960240000,434.000
1.582470000,42.960290000,434.000
1.583740000,42.960430000,434.000
1.584330000,42.960450000,435.000
1.585030000,42.960510000,436.000
1.585220000,42.960510000,436.000
1.585470000,42.960480000,437.000
1.585790000,42.960380000,437.000
1.586020000,42.960340000,437.000
1.586590000,42.960260000,437.000
1.586950000,42.960190000,437.000
1.587380000,42.960090000,437.000
1.587670000,42.959990000,437.000
1.588010000,42.959850000,437.000
1.588770000,42.959460000,437.000
1.589540000,42.959160000,436.000
1.589780000,42.959020000,436.000
1.590010000,42.958850000,435.000
1.590140000,42.958710000,435.000
1.590240000,42.958650000,435.000
1.590260000,42.958630000,434.000
1.590410000,42.958570000,434.000
1.591380000,42.958340000,434.000
1.591580000,42.958300000,434.000
1.591750000,42.958290000,433.000
1.592320000,42.958300000,433.000
1.592650000,42.958290000,433.000
1.592960000,42.958220000,432.000
1.593090000,42.958210000,431.000
1.593170000,42.958220000,431.000
1.593250000,42.958260000,431.000
1.593280000,42.958330000,430.000
1.593250000,42.958440000,430.000
1.593050000,42.958710000,429.000
1.592880000,42.959090000,428.000
1.592800000,42.959230000,428.000
1.592710000,42.959380000,427.000
1.592280000,42.959810000,427.000
1.592180000,42.959950000,427.000
1.592110000,42.960090000,427.000
1.592110000,42.960250000,427.000
1.592200000,42.960790000,428.000
1.592260000,42.960940000,428.000
1.592370000,42.961100000,429.000
1.592500000,42.961250000,428.000
1.592650000,42.961350000,427.000
1.592970000,42.961540000,425.000
1.594170000,42.962280000,419.000
1.594480000,42.962490000,414.000
1.594790000,42.962570000,410.000
1.595100000,42.962630000,407.000
1.595340000,42.962700000,404.000
1.595530000,42.962850000,402.000
1.596180000,42.963430000,400.000
1.596380000,42.963620000,397.000
1.596450000,42.963680000,396.000
1.596490000,42.963710000,395.000
1.596520000,42.963750000,394.000
1.596860000,42.964060000,395.000
1.597210000,42.964370000,395.000
1.597340000,42.964490000,396.000
1.597450000,42.964490000,397.000
1.597510000,42.964480000,397.000
1.597590000,42.964460000,397.000
1.597830000,42.964390000,398.000
1.597940000,42.964360000,399.000
1.598090000,42.964340000,399.000
1.598250000,42.964340000,399.000
1.598480000,42.964360000,400.000
1.598670000,42.964380000,400.000
1.598860000,42.964410000,401.000
1.599140000,42.964440000,401.000
1.599230000,42.964450000,401.000
1.599360000,42.964460000,401.000
1.599500000,42.964460000,402.000
1.600050000,42.964460000,402.000
1.600240000,42.964450000,402.000
1.600750000,42.964440000,403.000
1.601370000,42.964440000,402.000
1.601550000,42.964460000,401.000
1.601620000,42.964480000,401.000
1.601700000,42.964460000,400.000
1.601800000,42.964450000,400.000
1.602080000,42.964450000,399.000
1.602180000,42.964450000,398.000
1.602740000,42.964450000,397.000
1.602800000,42.964440000,396.000
1.602820000,42.964430000,395.000
1.602920000,42.964400000,395.000
1.603020000,42.964330000,394.000
1.603160000,42.964170000,393.000
1.603270000,42.964070000,393.000
1.603360000,42.963980000,393.000
1.603600000,42.963780000,393.000
1.603660000,42.963730000,393.000
1.603820000,42.963610000,394.000
1.603870000,42.963560000,394.000
1.603910000,42.963530000,394.000
1.603910000,42.963480000,394.000
1.603940000,42.963450000,395.000
1.603980000,42.963420000,395.000
1.604030000,42.963400000,395.000
1.604090000,42.963400000,395.000
1.604150000,42.963410000,395.000
1.604200000,42.963440000,396.000
1.604220000,42.963460000,396.000
1.604230000,42.963480000,396.000
1.604370000,42.963530000,396.000
1.605080000,42.963630000,397.000
1.605220000,42.963640000,397.000
1.605310000,42.963660000,398.000
1.605790000,42.963730000,397.000
1.605940000,42.963740000,397.000
1.606040000,42.963720000,397.000
1.606060000,42.963720000,397.000
        </coordinates>
      </LineString>
    </Placemark>
  </Document>
</kml>
