<?xml version="1.0" encoding="UTF-8"?>
<kml xmlns="http://www.opengis.net/kml/2.2">
  <Document>
    <name>Tour de France 2026 - Stage 19</name>
    <Style id="routeStyle">
      <LineStyle>
        <color>ff111111</color>
        <width>4</width>
      </LineStyle>
    </Style>
    <Placemark>
      <name>Tour de France 2026 - Stage 19</name>
      <styleUrl>#routeStyle</styleUrl>
      <LineString>
        <tessellate>1</tessellate>
        <coordinates>
6.077910000,44.576930000,873.000
6.077990000,44.576950000,873.000
6.078260000,44.577010000,873.000
6.078860000,44.577120000,874.000
6.079210000,44.577200000,875.000
6.079470000,44.577260000,876.000
6.079730000,44.577350000,877.000
6.079950000,44.577430000,878.000
6.080180000,44.577540000,879.000
6.080430000,44.577690000,880.000
6.080620000,44.577820000,882.000
6.080750000,44.577930000,883.000
6.080880000,44.578050000,884.000
6.081040000,44.578220000,885.000
6.081210000,44.578410000,887.000
6.081610000,44.578870000,890.000
6.081740000,44.579030000,892.000
6.081830000,44.579150000,894.000
6.081910000,44.579280000,895.000
6.081960000,44.579370000,897.000
6.082000000,44.579480000,898.000
6.082040000,44.579590000,899.000
6.082080000,44.579810000,901.000
6.082090000,44.580010000,902.000
6.082080000,44.580210000,904.000
6.082070000,44.580240000,905.000
6.082060000,44.580390000,906.000
6.082020000,44.580780000,909.000
6.082000000,44.580980000,911.000
6.081980000,44.581070000,912.000
6.081950000,44.581130000,913.000
6.081900000,44.581190000,914.000
6.081850000,44.581230000,915.000
6.081790000,44.581260000,916.000
6.081720000,44.581290000,917.000
6.081660000,44.581300000,917.000
6.081570000,44.581300000,918.000
6.081490000,44.581310000,918.000
6.081450000,44.581310000,919.000
6.081240000,44.581300000,919.000
6.081120000,44.581290000,920.000
6.081090000,44.581280000,921.000
6.080960000,44.581260000,921.000
6.080830000,44.581250000,922.000
6.080750000,44.581250000,922.000
6.080680000,44.581270000,923.000
6.080620000,44.581300000,923.000
6.080590000,44.581330000,924.000
6.080570000,44.581380000,924.000
6.080580000,44.581430000,925.000
6.080600000,44.581470000,925.000
6.080650000,44.581500000,925.000
6.080710000,44.581530000,926.000
6.080790000,44.581540000,926.000
6.080880000,44.581550000,927.000
6.080960000,44.581560000,927.000
6.081050000,44.581560000,928.000
6.081110000,44.581570000,928.000
6.081180000,44.581600000,929.000
6.081250000,44.581620000,929.000
6.081340000,44.581660000,930.000
6.081430000,44.581710000,930.000
6.081500000,44.581770000,931.000
6.081590000,44.581830000,931.000
6.082310000,44.582400000,934.000
6.082360000,44.582450000,936.000
6.082400000,44.582500000,938.000
6.082410000,44.582540000,939.000
6.082420000,44.582580000,940.000
6.082390000,44.582630000,941.000
6.082360000,44.582650000,941.000
6.082340000,44.582670000,942.000
6.082300000,44.582690000,942.000
6.082230000,44.582700000,943.000
6.082150000,44.582700000,943.000
6.082050000,44.582690000,944.000
6.081930000,44.582660000,944.000
6.081680000,44.582590000,945.000
6.081450000,44.582510000,947.000
6.080970000,44.582340000,948.000
6.080870000,44.582310000,949.000
6.080790000,44.582310000,950.000
6.080730000,44.582310000,951.000
6.080680000,44.582330000,951.000
6.080640000,44.582360000,952.000
6.080600000,44.582400000,952.000
6.080590000,44.582440000,953.000
6.080600000,44.582470000,953.000
6.080610000,44.582510000,953.000
6.080660000,44.582550000,954.000
6.080740000,44.582590000,954.000
6.081180000,44.582760000,955.000
6.081310000,44.582810000,956.000
6.081380000,44.582840000,957.000
6.081450000,44.582880000,957.000
6.081600000,44.582990000,958.000
6.081990000,44.583300000,960.000
6.082370000,44.583620000,962.000
6.082520000,44.583750000,964.000
6.082670000,44.583850000,965.000
6.082790000,44.583930000,966.000
6.083130000,44.584110000,968.000
6.083180000,44.584160000,969.000
6.083210000,44.584200000,970.000
6.083220000,44.584240000,971.000
6.083210000,44.584270000,972.000
6.083180000,44.584300000,972.000
6.083140000,44.584330000,973.000
6.083080000,44.584340000,973.000
6.083030000,44.584340000,973.000
6.082970000,44.584330000,974.000
6.082910000,44.584300000,974.000
6.082780000,44.584190000,975.000
6.082670000,44.584110000,975.000
6.082570000,44.584050000,976.000
6.082470000,44.584000000,976.000
6.082220000,44.583900000,977.000
6.082120000,44.583870000,978.000
6.082050000,44.583840000,978.000
6.081960000,44.583840000,979.000
6.081890000,44.583840000,979.000
6.081820000,44.583850000,980.000
6.081760000,44.583870000,980.000
6.081710000,44.583900000,980.000
6.081670000,44.583940000,981.000
6.081640000,44.583980000,981.000
6.081630000,44.584030000,981.000
6.081620000,44.584080000,982.000
6.081610000,44.584150000,982.000
6.081610000,44.584570000,983.000
6.081600000,44.584930000,985.000
6.081480000,44.586090000,988.000
6.081360000,44.587130000,993.000
6.081360000,44.587150000,996.000
6.081340000,44.587300000,999.000
6.081330000,44.587470000,1000.000
6.081300000,44.587770000,1002.000
6.081280000,44.587960000,1004.000
6.081280000,44.587960000,1005.000
6.081250000,44.588300000,1006.000
6.081190000,44.588810000,1007.000
6.081170000,44.588900000,1009.000
6.081150000,44.588950000,1010.000
6.081130000,44.589010000,1010.000
6.081090000,44.589070000,1011.000
6.081030000,44.589120000,1012.000
6.080960000,44.589160000,1013.000
6.080880000,44.589200000,1013.000
6.080510000,44.589340000,1015.000
6.080420000,44.589370000,1016.000
6.080360000,44.589410000,1017.000
6.080330000,44.589440000,1018.000
6.080310000,44.589470000,1019.000
6.080300000,44.589510000,1019.000
6.080300000,44.589550000,1020.000
6.080320000,44.589580000,1020.000
6.080350000,44.589620000,1021.000
6.080400000,44.589660000,1021.000
6.080450000,44.589680000,1022.000
6.080540000,44.589720000,1022.000
6.080640000,44.589760000,1023.000
6.080830000,44.589830000,1024.000
6.081860000,44.590290000,1027.000
6.081910000,44.590320000,1030.000
6.081950000,44.590350000,1032.000
6.081980000,44.590380000,1033.000
6.082000000,44.590420000,1034.000
6.082000000,44.590460000,1035.000
6.081990000,44.590500000,1036.000
6.081960000,44.590540000,1036.000
6.081920000,44.590570000,1037.000
6.081850000,44.590610000,1037.000
6.081790000,44.590630000,1038.000
6.081720000,44.590640000,1038.000
6.081490000,44.590670000,1039.000
6.081390000,44.590690000,1040.000
6.080710000,44.590770000,1042.000
6.080410000,44.590810000,1044.000
6.080300000,44.590830000,1046.000
6.080230000,44.590850000,1047.000
6.080170000,44.590870000,1048.000
6.080140000,44.590910000,1049.000
6.080110000,44.590950000,1049.000
6.080110000,44.591000000,1050.000
6.080120000,44.591040000,1050.000
6.080150000,44.591080000,1051.000
6.080190000,44.591120000,1051.000
6.080250000,44.591150000,1052.000
6.081740000,44.591930000,1056.000
6.081810000,44.591970000,1059.000
6.081860000,44.592010000,1062.000
6.081900000,44.592060000,1063.000
6.081920000,44.592100000,1065.000
6.081910000,44.592140000,1066.000
6.081890000,44.592190000,1066.000
6.081850000,44.592230000,1067.000
6.081810000,44.592250000,1068.000
6.081750000,44.592260000,1068.000
6.081690000,44.592270000,1069.000
6.081590000,44.592270000,1069.000
6.081380000,44.592260000,1070.000
6.081250000,44.592260000,1071.000
6.081150000,44.592270000,1072.000
6.081060000,44.592300000,1073.000
6.080970000,44.592330000,1073.000
6.080910000,44.592370000,1074.000
6.080850000,44.592410000,1075.000
6.080800000,44.592460000,1075.000
6.080770000,44.592520000,1076.000
6.080750000,44.592570000,1076.000
6.080730000,44.592650000,1077.000
6.080730000,44.592860000,1078.000
6.080730000,44.592890000,1079.000
6.080730000,44.593110000,1080.000
6.080740000,44.593350000,1082.000
6.080750000,44.593800000,1084.000
6.080730000,44.594020000,1087.000
6.080710000,44.594330000,1090.000
6.080650000,44.594840000,1094.000
6.080650000,44.594990000,1097.000
6.080660000,44.595060000,1099.000
6.080680000,44.595130000,1101.000
6.080710000,44.595200000,1102.000
6.080740000,44.595260000,1103.000
6.080800000,44.595340000,1105.000
6.080880000,44.595440000,1106.000
6.081660000,44.596290000,1110.000
6.081880000,44.596510000,1114.000
6.082180000,44.596780000,1118.000
6.082550000,44.597120000,1123.000
6.082830000,44.597380000,1127.000
6.083270000,44.597760000,1131.000
6.083480000,44.597970000,1136.000
6.083600000,44.598080000,1139.000
6.083680000,44.598160000,1142.000
6.083730000,44.598230000,1144.000
6.083780000,44.598300000,1145.000
6.083820000,44.598390000,1147.000
6.083850000,44.598470000,1148.000
6.083870000,44.598550000,1150.000
6.083890000,44.598640000,1151.000
6.083900000,44.598710000,1152.000
6.083890000,44.598800000,1153.000
6.083880000,44.598870000,1154.000
6.083850000,44.598960000,1156.000
6.083810000,44.599070000,1157.000
6.083760000,44.599200000,1158.000
6.083710000,44.599290000,1160.000
6.083660000,44.599360000,1161.000
6.083600000,44.599440000,1162.000
6.083520000,44.599510000,1163.000
6.083320000,44.599680000,1165.000
6.083290000,44.599700000,1166.000
6.082620000,44.600230000,1170.000
6.082500000,44.600310000,1172.000
6.082390000,44.600370000,1175.000
6.082280000,44.600420000,1177.000
6.082150000,44.600480000,1178.000
6.082000000,44.600530000,1180.000
6.081870000,44.600570000,1181.000
6.081710000,44.600620000,1183.000
6.081540000,44.600660000,1184.000
6.081350000,44.600690000,1185.000
6.081150000,44.600730000,1186.000
6.080960000,44.600750000,1187.000
6.080730000,44.600780000,1188.000
6.080530000,44.600800000,1189.000
6.080170000,44.600820000,1190.000
6.079750000,44.600850000,1192.000
6.079630000,44.600860000,1193.000
6.079550000,44.600870000,1194.000
6.079490000,44.600900000,1195.000
6.079430000,44.600920000,1195.000
6.079390000,44.600950000,1196.000
6.079360000,44.600990000,1196.000
6.079350000,44.601030000,1196.000
6.079340000,44.601080000,1197.000
6.079350000,44.601120000,1197.000
6.079390000,44.601180000,1198.000
6.079620000,44.601470000,1199.000
6.079950000,44.601870000,1202.000
6.080210000,44.602180000,1204.000
6.080520000,44.602570000,1208.000
6.080860000,44.603010000,1212.000
6.080990000,44.603190000,1214.000
6.081030000,44.603270000,1216.000
6.081060000,44.603340000,1218.000
6.081090000,44.603430000,1219.000
6.081100000,44.603500000,1219.000
6.081120000,44.603590000,1220.000
6.081130000,44.603680000,1220.000
6.081150000,44.604040000,1221.000
6.081160000,44.604330000,1221.000
6.081170000,44.604520000,1222.000
6.081170000,44.604550000,1222.000
6.081170000,44.604690000,1223.000
6.081170000,44.604830000,1223.000
6.081150000,44.605000000,1223.000
6.081110000,44.605230000,1224.000
6.081050000,44.605530000,1224.000
6.081020000,44.605710000,1225.000
6.080870000,44.606640000,1226.000
6.080750000,44.607400000,1228.000
6.080600000,44.608370000,1232.000
6.080540000,44.608740000,1235.000
6.080480000,44.609210000,1238.000
6.080470000,44.609320000,1239.000
6.080470000,44.609430000,1241.000
6.080470000,44.609540000,1242.000
6.080490000,44.609710000,1243.000
6.080610000,44.610410000,1244.000
6.080750000,44.611270000,1245.000
6.080910000,44.612390000,1247.000
6.080940000,44.612550000,1248.000
6.081130000,44.613790000,1249.000
6.081140000,44.613820000,1250.000
6.081360000,44.615160000,1251.000
6.081510000,44.616120000,1252.000
6.081710000,44.617320000,1251.000
6.082020000,44.619370000,1249.000
6.082030000,44.619420000,1247.000
6.082090000,44.619820000,1246.000
6.082110000,44.619980000,1245.000
6.082170000,44.620400000,1244.000
6.082260000,44.620990000,1244.000
6.082270000,44.621070000,1243.000
6.082290000,44.621140000,1243.000
6.082370000,44.621700000,1243.000
6.082390000,44.621840000,1243.000
6.082450000,44.622230000,1242.000
6.082510000,44.622620000,1241.000
6.082510000,44.622620000,1240.000
6.082610000,44.623270000,1239.000
6.082650000,44.623480000,1238.000
6.082700000,44.623690000,1237.000
6.082750000,44.623850000,1237.000
6.082810000,44.624040000,1236.000
6.082880000,44.624230000,1235.000
6.083050000,44.624670000,1235.000
6.083110000,44.624810000,1234.000
6.083230000,44.625100000,1234.000
6.083460000,44.625660000,1233.000
6.083520000,44.625850000,1232.000
6.083560000,44.626000000,1232.000
6.083600000,44.626180000,1231.000
6.083630000,44.626400000,1230.000
6.083660000,44.626670000,1229.000
6.083880000,44.628300000,1227.000
6.084370000,44.631840000,1217.000
6.084460000,44.632480000,1210.000
6.084530000,44.633040000,1205.000
6.084630000,44.633770000,1201.000
6.085190000,44.637700000,1197.000
6.085210000,44.637880000,1194.000
6.085220000,44.637950000,1192.000
6.085240000,44.638120000,1191.000
6.085320000,44.638740000,1189.000
6.085320000,44.638910000,1188.000
6.085310000,44.639020000,1187.000
6.085300000,44.639110000,1187.000
6.085270000,44.639230000,1186.000
6.085230000,44.639340000,1185.000
6.085190000,44.639430000,1185.000
6.085120000,44.639590000,1184.000
6.085000000,44.639860000,1183.000
6.084920000,44.640060000,1182.000
6.084720000,44.640560000,1180.000
6.084680000,44.640650000,1178.000
6.084660000,44.640760000,1177.000
6.084650000,44.640850000,1175.000
6.084650000,44.640940000,1174.000
6.084650000,44.641040000,1173.000
6.084670000,44.641230000,1172.000
6.084670000,44.641390000,1171.000
6.084650000,44.641580000,1169.000
6.084630000,44.641770000,1168.000
6.084600000,44.641960000,1166.000
6.084600000,44.641990000,1165.000
6.084590000,44.642200000,1163.000
6.084600000,44.642350000,1162.000
6.084630000,44.642510000,1160.000
6.084670000,44.642680000,1159.000
6.084710000,44.642840000,1157.000
6.084760000,44.642990000,1156.000
6.084820000,44.643130000,1154.000
6.084880000,44.643270000,1153.000
6.084940000,44.643370000,1151.000
6.085060000,44.643570000,1150.000
6.085190000,44.643780000,1149.000
6.085470000,44.644200000,1147.000
6.085630000,44.644460000,1145.000
6.085700000,44.644570000,1144.000
6.085760000,44.644690000,1143.000
6.085800000,44.644820000,1141.000
6.085840000,44.644960000,1140.000
6.085900000,44.645340000,1139.000
6.085970000,44.645760000,1137.000
6.086100000,44.646440000,1135.000
6.086270000,44.647330000,1131.000
6.086410000,44.648100000,1125.000
6.086740000,44.649830000,1114.000
6.086780000,44.649990000,1106.000
6.086790000,44.650140000,1100.000
6.086790000,44.650220000,1096.000
6.086770000,44.650290000,1093.000
6.086740000,44.650410000,1090.000
6.086700000,44.650510000,1089.000
6.086660000,44.650590000,1087.000
6.086610000,44.650680000,1086.000
6.086550000,44.650760000,1084.000
6.086410000,44.650930000,1083.000
6.086260000,44.651110000,1081.000
6.085980000,44.651440000,1079.000
6.085940000,44.651500000,1077.000
6.085920000,44.651560000,1076.000
6.085890000,44.651620000,1075.000
6.085880000,44.651690000,1074.000
6.085870000,44.651760000,1073.000
6.085870000,44.651830000,1072.000
6.085880000,44.651900000,1071.000
6.085900000,44.651970000,1071.000
6.085920000,44.652050000,1070.000
6.085950000,44.652140000,1069.000
6.086060000,44.652510000,1068.000
6.086070000,44.652590000,1066.000
6.086070000,44.652660000,1065.000
6.086060000,44.652740000,1064.000
6.086020000,44.652820000,1063.000
6.085960000,44.652900000,1062.000
6.085870000,44.652990000,1062.000
6.085150000,44.653630000,1059.000
6.085080000,44.653710000,1056.000
6.085020000,44.653780000,1055.000
6.084980000,44.653860000,1053.000
6.084940000,44.653940000,1052.000
6.084910000,44.654020000,1051.000
6.084880000,44.654120000,1050.000
6.084850000,44.654260000,1049.000
6.084840000,44.654400000,1048.000
6.084830000,44.654630000,1047.000
6.084820000,44.654790000,1046.000
6.084810000,44.655000000,1044.000
6.084800000,44.655260000,1042.000
6.084760000,44.655980000,1039.000
6.084750000,44.656400000,1037.000
6.084760000,44.656650000,1034.000
6.084790000,44.656950000,1032.000
6.084840000,44.657640000,1028.000
6.084860000,44.657900000,1026.000
6.084860000,44.658050000,1024.000
6.084840000,44.658170000,1022.000
6.084810000,44.658320000,1020.000
6.084750000,44.658530000,1018.000
6.084660000,44.658820000,1016.000
6.084520000,44.659230000,1013.000
6.084340000,44.659830000,1010.000
6.084310000,44.659960000,1007.000
6.084250000,44.660150000,1005.000
6.084110000,44.660630000,1004.000
6.084000000,44.660980000,1002.000
6.083870000,44.661350000,1001.000
6.083790000,44.661590000,1000.000
6.083730000,44.661750000,999.000
6.083660000,44.661910000,999.000
6.083610000,44.662010000,998.000
6.083590000,44.662060000,998.000
6.083520000,44.662210000,998.000
6.083470000,44.662320000,998.000
6.083250000,44.662780000,998.000
6.083190000,44.662910000,999.000
6.083120000,44.663070000,999.000
6.082950000,44.663410000,999.000
6.082860000,44.663590000,999.000
6.082320000,44.664760000,999.000
6.082160000,44.665070000,998.000
6.082010000,44.665330000,998.000
6.081880000,44.665530000,997.000
6.081820000,44.665600000,997.000
6.081750000,44.665690000,996.000
6.081670000,44.665770000,996.000
6.081540000,44.665870000,995.000
6.081110000,44.666210000,993.000
6.080880000,44.666400000,992.000
6.080730000,44.666530000,990.000
6.079740000,44.667380000,987.000
6.079070000,44.667970000,985.000
6.078710000,44.668290000,983.000
6.077790000,44.669120000,982.000
6.077480000,44.669440000,981.000
6.077280000,44.669660000,980.000
6.076660000,44.670350000,979.000
6.075930000,44.671130000,978.000
6.075130000,44.671980000,977.000
6.074700000,44.672450000,977.000
6.074270000,44.672930000,977.000
6.073910000,44.673340000,976.000
6.073530000,44.673750000,976.000
6.073100000,44.674220000,975.000
6.073080000,44.674240000,975.000
6.073000000,44.674330000,974.000
6.072980000,44.674350000,974.000
6.072950000,44.674380000,974.000
6.072880000,44.674460000,974.000
6.072840000,44.674500000,974.000
6.072770000,44.674610000,974.000
6.072710000,44.674700000,973.000
6.072690000,44.674740000,973.000
6.072670000,44.674780000,973.000
6.072650000,44.674830000,973.000
6.072630000,44.674880000,973.000
6.072640000,44.674910000,973.000
6.072650000,44.674940000,973.000
6.072630000,44.674980000,973.000
6.072600000,44.675020000,973.000
6.072540000,44.675050000,973.000
6.072510000,44.675060000,973.000
6.072470000,44.675060000,973.000
6.072440000,44.675060000,973.000
6.072360000,44.675100000,973.000
6.072300000,44.675130000,973.000
6.072200000,44.675200000,973.000
6.072170000,44.675240000,973.000
6.072140000,44.675280000,972.000
6.071760000,44.675700000,972.000
6.071650000,44.675830000,972.000
6.071560000,44.675940000,972.000
6.071440000,44.676070000,972.000
6.070950000,44.676630000,971.000
6.070910000,44.676670000,971.000
6.070860000,44.676730000,970.000
6.070740000,44.676860000,970.000
6.070690000,44.676920000,970.000
6.070630000,44.676990000,969.000
6.070310000,44.677360000,969.000
6.069880000,44.677860000,968.000
6.069550000,44.678240000,967.000
6.069500000,44.678300000,966.000
6.069020000,44.678850000,966.000
6.068580000,44.679350000,964.000
6.068440000,44.679540000,963.000
6.068370000,44.679640000,963.000
6.068280000,44.679780000,962.000
6.068210000,44.679930000,962.000
6.068150000,44.680070000,962.000
6.068060000,44.680320000,962.000
6.067950000,44.680550000,962.000
6.067700000,44.681130000,962.000
6.067490000,44.681590000,962.000
6.067220000,44.682200000,962.000
6.066740000,44.683300000,962.000
6.066680000,44.683290000,962.000
6.066610000,44.683300000,962.000
6.066560000,44.683320000,962.000
6.066480000,44.683390000,962.000
6.066390000,44.683480000,963.000
6.066300000,44.683600000,964.000
6.066100000,44.683940000,966.000
6.066050000,44.684020000,967.000
6.065960000,44.684120000,968.000
6.065880000,44.684200000,970.000
6.065810000,44.684250000,971.000
6.065710000,44.684300000,972.000
6.065210000,44.684530000,974.000
6.064680000,44.684840000,977.000
6.063950000,44.685340000,979.000
6.063870000,44.685440000,980.000
6.063640000,44.685800000,981.000
6.063540000,44.685940000,982.000
6.063410000,44.686020000,982.000
6.063030000,44.686210000,983.000
6.062260000,44.686720000,985.000
6.062120000,44.686780000,987.000
6.061110000,44.687300000,991.000
6.061010000,44.687330000,994.000
6.060910000,44.687350000,996.000
6.060550000,44.687360000,998.000
6.060550000,44.687360000,999.000
6.060410000,44.687360000,1000.000
6.060320000,44.687380000,1001.000
6.060230000,44.687410000,1002.000
6.059940000,44.687630000,1003.000
6.059810000,44.687690000,1004.000
6.059460000,44.687790000,1006.000
6.059390000,44.687830000,1007.000
6.059330000,44.687910000,1008.000
6.059190000,44.688120000,1009.000
6.059070000,44.688260000,1010.000
6.058690000,44.688580000,1012.000
6.058070000,44.689070000,1014.000
6.057810000,44.689260000,1016.000
6.057690000,44.689330000,1017.000
6.057560000,44.689390000,1019.000
6.057410000,44.689450000,1020.000
6.057220000,44.689520000,1021.000
6.056930000,44.689600000,1022.000
6.056700000,44.689640000,1024.000
6.056420000,44.689680000,1026.000
6.056020000,44.689740000,1028.000
6.055630000,44.689830000,1031.000
6.055320000,44.689930000,1034.000
6.055070000,44.690060000,1037.000
6.054550000,44.690460000,1041.000
6.054120000,44.690860000,1045.000
6.053990000,44.690950000,1048.000
6.053800000,44.691030000,1050.000
6.053360000,44.691130000,1052.000
6.053190000,44.691190000,1053.000
6.053070000,44.691230000,1054.000
6.052860000,44.691340000,1056.000
6.052510000,44.691490000,1057.000
6.052360000,44.691530000,1058.000
6.052190000,44.691570000,1058.000
6.052030000,44.691580000,1059.000
6.051910000,44.691570000,1059.000
6.051520000,44.691530000,1059.000
6.051260000,44.691520000,1059.000
6.051030000,44.691520000,1059.000
6.049630000,44.691620000,1059.000
6.048980000,44.691660000,1059.000
6.048890000,44.691660000,1059.000
6.048820000,44.691660000,1059.000
6.048370000,44.691710000,1059.000
6.048120000,44.691750000,1059.000
6.048010000,44.691770000,1059.000
6.047830000,44.691790000,1059.000
6.047620000,44.691810000,1059.000
6.047440000,44.691830000,1059.000
6.047270000,44.691830000,1059.000
6.047220000,44.691840000,1059.000
6.047180000,44.691840000,1059.000
6.047010000,44.691850000,1059.000
6.046440000,44.691880000,1058.000
6.046330000,44.691890000,1058.000
6.046120000,44.691890000,1058.000
6.045960000,44.691890000,1058.000
6.045820000,44.691880000,1057.000
6.045380000,44.691800000,1057.000
6.045210000,44.691790000,1057.000
6.045070000,44.691790000,1056.000
6.044910000,44.691800000,1056.000
6.044770000,44.691820000,1056.000
6.044640000,44.691850000,1056.000
6.044090000,44.692050000,1055.000
6.043810000,44.692140000,1055.000
6.043730000,44.692150000,1055.000
6.043660000,44.692160000,1055.000
6.043640000,44.692200000,1054.000
6.043590000,44.692230000,1054.000
6.043110000,44.692610000,1054.000
6.042660000,44.692960000,1054.000
6.042450000,44.693090000,1053.000
6.042220000,44.693220000,1053.000
6.041940000,44.693340000,1053.000
6.041350000,44.693580000,1052.000
6.041250000,44.693630000,1052.000
6.041120000,44.693710000,1052.000
6.041010000,44.693800000,1051.000
6.040900000,44.693920000,1051.000
6.040840000,44.694030000,1051.000
6.040760000,44.694230000,1051.000
6.040730000,44.694270000,1050.000
6.040700000,44.694280000,1050.000
6.040630000,44.694290000,1050.000
6.040580000,44.694270000,1050.000
6.040440000,44.694170000,1050.000
6.040210000,44.693990000,1050.000
6.039710000,44.693710000,1052.000
6.039320000,44.693520000,1055.000
6.039090000,44.693430000,1057.000
6.038880000,44.693350000,1059.000
6.038780000,44.693340000,1060.000
6.038680000,44.693350000,1061.000
6.038030000,44.693700000,1064.000
6.037820000,44.693790000,1066.000
6.037590000,44.693890000,1067.000
6.036890000,44.694110000,1068.000
6.036300000,44.694310000,1068.000
6.035720000,44.694600000,1069.000
6.034920000,44.695010000,1068.000
6.034080000,44.695260000,1068.000
6.033390000,44.695460000,1067.000
6.033110000,44.695510000,1066.000
6.032560000,44.695550000,1066.000
6.032170000,44.695590000,1065.000
6.032060000,44.695620000,1065.000
6.032010000,44.695650000,1065.000
6.031950000,44.695690000,1065.000
6.031880000,44.695750000,1065.000
6.031340000,44.696060000,1065.000
6.030640000,44.696460000,1065.000
6.030510000,44.696510000,1065.000
6.030260000,44.696550000,1066.000
6.029540000,44.696620000,1066.000
6.029370000,44.696640000,1066.000
6.028720000,44.696780000,1066.000
6.028570000,44.696800000,1067.000
6.028430000,44.696790000,1067.000
6.028330000,44.696760000,1067.000
6.028230000,44.696710000,1067.000
6.028050000,44.696580000,1067.000
6.027910000,44.696500000,1067.000
6.027520000,44.696370000,1067.000
6.027410000,44.696340000,1068.000
6.027190000,44.696330000,1068.000
6.026890000,44.696330000,1068.000
6.026700000,44.696320000,1068.000
6.026240000,44.696290000,1068.000
6.025960000,44.696270000,1068.000
6.025770000,44.696290000,1068.000
6.025600000,44.696300000,1068.000
6.024770000,44.696270000,1069.000
6.024550000,44.696260000,1069.000
6.023630000,44.696300000,1070.000
6.023450000,44.696300000,1071.000
6.023310000,44.696280000,1071.000
6.023200000,44.696250000,1071.000
6.023020000,44.696170000,1072.000
6.022810000,44.696110000,1072.000
6.022510000,44.696040000,1072.000
6.022100000,44.695970000,1071.000
6.021910000,44.695940000,1071.000
6.021770000,44.695910000,1071.000
6.021630000,44.695870000,1070.000
6.021520000,44.695830000,1070.000
6.021180000,44.695700000,1070.000
6.020980000,44.695620000,1069.000
6.020880000,44.695580000,1069.000
6.020810000,44.695530000,1068.000
6.020740000,44.695460000,1068.000
6.020570000,44.695020000,1067.000
6.020490000,44.694790000,1065.000
6.020470000,44.694740000,1064.000
6.020440000,44.694710000,1063.000
6.020360000,44.694690000,1063.000
6.020300000,44.694700000,1062.000
6.020260000,44.694730000,1061.000
6.020250000,44.694770000,1061.000
6.020290000,44.695190000,1060.000
6.020290000,44.695290000,1059.000
6.020260000,44.695390000,1057.000
6.020240000,44.695480000,1057.000
6.020180000,44.695550000,1056.000
6.020100000,44.695610000,1055.000
6.020010000,44.695660000,1055.000
6.019860000,44.695710000,1054.000
6.019750000,44.695770000,1054.000
6.019690000,44.695830000,1055.000
6.019650000,44.695900000,1055.000
6.019620000,44.695980000,1055.000
6.019600000,44.696080000,1055.000
6.019580000,44.696250000,1055.000
6.019560000,44.696720000,1056.000
6.019550000,44.697150000,1057.000
6.019560000,44.697270000,1058.000
6.019580000,44.697470000,1059.000
6.019570000,44.697510000,1060.000
6.019530000,44.697540000,1061.000
6.019470000,44.697550000,1062.000
6.019410000,44.697550000,1063.000
6.019360000,44.697520000,1063.000
6.019310000,44.697460000,1064.000
6.019230000,44.697330000,1065.000
6.018880000,44.696910000,1068.000
6.018810000,44.696830000,1070.000
6.018710000,44.696760000,1071.000
6.018600000,44.696720000,1073.000
6.017530000,44.696500000,1077.000
6.017410000,44.696480000,1080.000
6.017290000,44.696460000,1082.000
6.017140000,44.696460000,1084.000
6.015430000,44.696550000,1089.000
6.015310000,44.696570000,1092.000
6.015250000,44.696590000,1094.000
6.015220000,44.696620000,1096.000
6.015220000,44.696640000,1097.000
6.015390000,44.697020000,1099.000
6.015510000,44.697320000,1100.000
6.015610000,44.697560000,1101.000
6.015680000,44.697770000,1101.000
6.015710000,44.697920000,1102.000
6.015760000,44.698100000,1102.000
6.015770000,44.698150000,1102.000
6.015790000,44.698230000,1102.000
6.015800000,44.698330000,1102.000
6.015800000,44.698440000,1102.000
6.015620000,44.698400000,1102.000
6.015400000,44.698350000,1102.000
6.015220000,44.698320000,1102.000
6.015070000,44.698310000,1103.000
6.014300000,44.698280000,1105.000
6.013760000,44.698220000,1107.000
6.013460000,44.698170000,1109.000
6.013460000,44.698170000,1111.000
6.013070000,44.698110000,1112.000
6.012550000,44.698000000,1115.000
6.012420000,44.697930000,1117.000
6.012240000,44.697840000,1118.000
6.012100000,44.697780000,1119.000
6.012030000,44.697750000,1120.000
6.011990000,44.697720000,1120.000
6.011960000,44.697670000,1121.000
6.011950000,44.697640000,1121.000
6.011950000,44.697610000,1122.000
6.011980000,44.697540000,1122.000
6.012050000,44.697320000,1122.000
6.012060000,44.697260000,1123.000
6.012060000,44.697190000,1123.000
6.012010000,44.696930000,1124.000
6.011950000,44.696710000,1125.000
6.011940000,44.696600000,1125.000
6.011940000,44.696500000,1126.000
6.011970000,44.696400000,1126.000
6.012010000,44.696300000,1127.000
6.012120000,44.696080000,1128.000
6.012170000,44.695980000,1129.000
6.012210000,44.695840000,1131.000
6.012250000,44.695760000,1132.000
6.012120000,44.695710000,1133.000
6.011670000,44.695550000,1134.000
6.011170000,44.695400000,1137.000
6.011070000,44.695390000,1139.000
6.010980000,44.695380000,1140.000
6.010870000,44.695350000,1141.000
6.010830000,44.695320000,1142.000
6.010810000,44.695270000,1143.000
6.010820000,44.695220000,1144.000
6.010840000,44.695160000,1144.000
6.010940000,44.694990000,1145.000
6.011000000,44.694840000,1146.000
6.011020000,44.694750000,1147.000
6.011020000,44.694660000,1148.000
6.010990000,44.694570000,1149.000
6.010940000,44.694480000,1149.000
6.010770000,44.694210000,1151.000
6.010740000,44.694120000,1152.000
6.010740000,44.694030000,1153.000
6.010770000,44.693930000,1153.000
6.010810000,44.693840000,1154.000
6.010890000,44.693710000,1155.000
6.011040000,44.693540000,1156.000
6.011260000,44.693390000,1157.000
6.011790000,44.693060000,1159.000
6.011990000,44.692920000,1160.000
6.012060000,44.692870000,1161.000
6.012090000,44.692800000,1162.000
6.012100000,44.692740000,1163.000
6.012080000,44.692660000,1163.000
6.011940000,44.692410000,1164.000
6.011890000,44.692330000,1165.000
6.011810000,44.692260000,1166.000
6.011710000,44.692190000,1166.000
6.011490000,44.692060000,1167.000
6.011260000,44.691950000,1168.000
6.011140000,44.691900000,1169.000
6.010860000,44.691860000,1170.000
6.010590000,44.691820000,1172.000
6.010390000,44.691820000,1173.000
6.010170000,44.691830000,1174.000
6.009900000,44.691860000,1176.000
6.009780000,44.691860000,1177.000
6.009660000,44.691850000,1178.000
6.009540000,44.691810000,1179.000
6.009360000,44.691760000,1180.000
6.009250000,44.691740000,1181.000
6.009140000,44.691750000,1182.000
6.009020000,44.691770000,1183.000
6.008920000,44.691820000,1184.000
6.008830000,44.691880000,1185.000
6.008770000,44.691940000,1186.000
6.008660000,44.692090000,1187.000
6.008570000,44.692150000,1189.000
6.008210000,44.692320000,1191.000
6.008100000,44.692390000,1193.000
6.007910000,44.692540000,1196.000
6.007740000,44.692720000,1198.000
6.007610000,44.692900000,1201.000
6.007530000,44.693030000,1203.000
6.007420000,44.693250000,1206.000
6.007360000,44.693320000,1208.000
6.007260000,44.693390000,1210.000
6.006780000,44.693630000,1213.000
6.006570000,44.693760000,1216.000
6.006460000,44.693830000,1218.000
6.006160000,44.694050000,1221.000
6.006080000,44.694110000,1223.000
6.006030000,44.694190000,1225.000
6.005960000,44.694350000,1227.000
6.005900000,44.694430000,1229.000
6.005820000,44.694490000,1230.000
6.005370000,44.694660000,1233.000
6.005050000,44.694810000,1235.000
6.004960000,44.694870000,1236.000
6.004910000,44.694930000,1237.000
6.004890000,44.695000000,1238.000
6.004910000,44.695080000,1239.000
6.005110000,44.695340000,1239.000
6.005220000,44.695550000,1240.000
6.005340000,44.695730000,1241.000
6.005490000,44.695920000,1242.000
6.005580000,44.696010000,1243.000
6.005680000,44.696090000,1244.000
6.005840000,44.696210000,1244.000
6.005910000,44.696260000,1245.000
6.005950000,44.696310000,1246.000
6.005970000,44.696370000,1246.000
6.005950000,44.696460000,1247.000
6.005890000,44.696550000,1248.000
6.005840000,44.696620000,1249.000
6.005770000,44.696710000,1250.000
6.005670000,44.696800000,1251.000
6.005560000,44.696850000,1252.000
6.005400000,44.696940000,1254.000
6.005240000,44.697030000,1255.000
6.004860000,44.697330000,1257.000
6.004550000,44.697540000,1260.000
6.004340000,44.697680000,1263.000
6.004270000,44.697740000,1265.000
6.004240000,44.697770000,1266.000
6.004190000,44.697830000,1267.000
6.004110000,44.697960000,1268.000
6.004050000,44.698010000,1269.000
6.003960000,44.698050000,1270.000
6.003840000,44.698080000,1271.000
6.003590000,44.698110000,1271.000
6.003460000,44.698140000,1272.000
6.003350000,44.698170000,1273.000
6.003260000,44.698210000,1274.000
6.003190000,44.698270000,1274.000
6.003150000,44.698350000,1275.000
6.003130000,44.698430000,1275.000
6.003140000,44.698620000,1276.000
6.003160000,44.698720000,1277.000
6.003240000,44.699100000,1278.000
6.003310000,44.699460000,1280.000
6.003350000,44.699540000,1283.000
6.003420000,44.699610000,1284.000
6.003570000,44.699700000,1286.000
6.003640000,44.699760000,1288.000
6.003660000,44.699820000,1289.000
6.003660000,44.699890000,1291.000
6.003600000,44.699950000,1292.000
6.003530000,44.699990000,1293.000
6.003410000,44.700030000,1294.000
6.003280000,44.700090000,1295.000
6.003180000,44.700160000,1297.000
6.003120000,44.700230000,1298.000
6.002890000,44.700620000,1301.000
6.002860000,44.700700000,1303.000
6.002870000,44.700770000,1304.000
6.002900000,44.700830000,1306.000
6.002950000,44.700870000,1307.000
6.003000000,44.700910000,1307.000
6.003310000,44.701080000,1309.000
6.003370000,44.701120000,1310.000
6.003420000,44.701170000,1310.000
6.003440000,44.701230000,1311.000
6.003430000,44.701300000,1312.000
6.003400000,44.701370000,1312.000
6.003300000,44.701510000,1313.000
6.002770000,44.702150000,1316.000
6.002630000,44.702390000,1318.000
6.002550000,44.702530000,1320.000
6.002470000,44.702720000,1322.000
6.002420000,44.702890000,1324.000
6.002350000,44.703040000,1326.000
6.002200000,44.703210000,1328.000
6.002110000,44.703290000,1329.000
6.002060000,44.703320000,1330.000
6.001990000,44.703320000,1331.000
6.001940000,44.703310000,1332.000
6.001920000,44.703280000,1333.000
6.001930000,44.703230000,1333.000
6.001970000,44.703180000,1334.000
6.002030000,44.703100000,1334.000
6.002090000,44.703000000,1335.000
6.002120000,44.702900000,1336.000
6.002130000,44.702820000,1337.000
6.002070000,44.702580000,1338.000
6.002060000,44.702480000,1339.000
6.002110000,44.701660000,1342.000
6.002100000,44.701500000,1344.000
6.002060000,44.701420000,1346.000
6.002030000,44.701360000,1347.000
6.001970000,44.701300000,1349.000
6.001900000,44.701280000,1349.000
6.001540000,44.701200000,1351.000
6.001440000,44.701150000,1352.000
6.001350000,44.701080000,1353.000
6.001250000,44.700960000,1354.000
6.001130000,44.700850000,1355.000
6.000960000,44.700700000,1357.000
6.000880000,44.700630000,1358.000
6.000830000,44.700540000,1359.000
6.000790000,44.700470000,1360.000
6.000780000,44.700410000,1361.000
6.000780000,44.700350000,1362.000
6.000770000,44.700260000,1363.000
6.000770000,44.700180000,1363.000
6.000750000,44.700080000,1364.000
6.000710000,44.700000000,1365.000
6.000630000,44.699850000,1366.000
6.000590000,44.699720000,1367.000
6.000480000,44.699180000,1370.000
6.000460000,44.698990000,1372.000
6.000470000,44.698700000,1373.000
6.000460000,44.698500000,1375.000
6.000490000,44.698110000,1377.000
6.000500000,44.697910000,1378.000
6.000490000,44.697810000,1380.000
6.000470000,44.697710000,1381.000
6.000400000,44.697510000,1382.000
6.000370000,44.697440000,1382.000
6.000330000,44.697380000,1383.000
6.000260000,44.697320000,1384.000
5.999830000,44.696970000,1385.000
5.999680000,44.696860000,1386.000
5.999570000,44.696780000,1386.000
5.999500000,44.696710000,1387.000
5.999450000,44.696630000,1388.000
5.999440000,44.696600000,1388.000
5.999430000,44.696580000,1388.000
5.999420000,44.696540000,1389.000
5.999430000,44.696440000,1389.000
5.999510000,44.696090000,1390.000
5.999490000,44.695940000,1390.000
5.999460000,44.695850000,1391.000
5.999430000,44.695760000,1391.000
5.999380000,44.695670000,1392.000
5.999270000,44.695510000,1394.000
5.999200000,44.695440000,1395.000
5.999130000,44.695380000,1397.000
5.999050000,44.695320000,1398.000
5.998960000,44.695270000,1399.000
5.998740000,44.695170000,1401.000
5.998530000,44.695060000,1403.000
5.998420000,44.695010000,1405.000
5.998300000,44.694970000,1407.000
5.998170000,44.694940000,1409.000
5.997750000,44.694900000,1412.000
5.997610000,44.694870000,1414.000
5.997150000,44.694700000,1417.000
5.996710000,44.694500000,1421.000
5.996390000,44.694380000,1425.000
5.995870000,44.694150000,1428.000
5.995820000,44.694140000,1431.000
5.995780000,44.694140000,1433.000
5.995760000,44.694140000,1434.000
5.995740000,44.694160000,1435.000
5.995740000,44.694190000,1436.000
5.995780000,44.694220000,1437.000
5.995970000,44.694300000,1438.000
5.996170000,44.694430000,1439.000
5.996380000,44.694620000,1441.000
5.996790000,44.694960000,1443.000
5.996870000,44.695020000,1444.000
5.997110000,44.695140000,1446.000
5.997170000,44.695200000,1447.000
5.997210000,44.695260000,1447.000
5.997250000,44.695380000,1448.000
5.997280000,44.695450000,1449.000
5.997330000,44.695520000,1449.000
5.997390000,44.695580000,1450.000
5.997560000,44.695700000,1450.000
5.997630000,44.695750000,1451.000
5.997670000,44.695820000,1451.000
5.997720000,44.695930000,1452.000
5.997710000,44.696120000,1452.000
5.997740000,44.696240000,1453.000
5.997820000,44.696450000,1454.000
5.997840000,44.696550000,1455.000
5.997850000,44.696660000,1456.000
5.997840000,44.697020000,1457.000
5.997870000,44.697140000,1459.000
5.997920000,44.697250000,1460.000
5.998080000,44.697550000,1461.000
5.998110000,44.697670000,1463.000
5.998170000,44.698060000,1465.000
5.998180000,44.698150000,1466.000
5.998170000,44.698230000,1468.000
5.998150000,44.698310000,1469.000
5.998110000,44.698390000,1470.000
5.997980000,44.698530000,1472.000
5.997920000,44.698610000,1473.000
5.997900000,44.698680000,1474.000
5.997910000,44.698760000,1475.000
5.998010000,44.698900000,1477.000
5.998060000,44.698990000,1478.000
5.998070000,44.699020000,1479.000
5.998050000,44.699060000,1480.000
5.998000000,44.699080000,1481.000
5.997940000,44.699080000,1482.000
5.997890000,44.699040000,1482.000
5.997690000,44.698750000,1484.000
5.997660000,44.698670000,1486.000
5.997650000,44.698590000,1487.000
5.997660000,44.698360000,1489.000
5.997650000,44.698210000,1491.000
5.997630000,44.698140000,1493.000
5.997590000,44.698060000,1494.000
5.997510000,44.697960000,1496.000
5.997110000,44.697680000,1499.000
5.997030000,44.697610000,1502.000
5.996960000,44.697530000,1504.000
5.996830000,44.697360000,1506.000
5.996660000,44.697090000,1510.000
5.996520000,44.696910000,1513.000
5.996280000,44.696650000,1517.000
5.995940000,44.696320000,1521.000
5.995710000,44.696060000,1525.000
5.995660000,44.696010000,1528.000
5.995450000,44.695860000,1530.000
5.995360000,44.695810000,1533.000
5.995130000,44.695700000,1535.000
5.994900000,44.695610000,1537.000
5.994640000,44.695520000,1539.000
5.994320000,44.695440000,1542.000
5.994150000,44.695400000,1544.000
5.994050000,44.695390000,1545.000
5.994050000,44.695390000,1547.000
5.994050000,44.695380000,1547.000
5.993870000,44.695370000,1548.000
5.993780000,44.695350000,1549.000
5.993690000,44.695330000,1550.000
5.993530000,44.695280000,1551.000
5.993370000,44.695220000,1552.000
5.993300000,44.695190000,1553.000
5.993230000,44.695140000,1554.000
5.992990000,44.694940000,1556.000
5.992770000,44.694730000,1558.000
5.992730000,44.694690000,1560.000
5.992690000,44.694660000,1561.000
5.992510000,44.694580000,1562.000
5.992460000,44.694560000,1563.000
5.992420000,44.694530000,1564.000
5.992360000,44.694450000,1565.000
5.992280000,44.694340000,1566.000
5.992240000,44.694300000,1567.000
5.992090000,44.694200000,1568.000
5.992060000,44.694160000,1569.000
5.992020000,44.694070000,1569.000
5.992000000,44.694030000,1570.000
5.991970000,44.694000000,1570.000
5.991850000,44.693940000,1571.000
5.991800000,44.693910000,1571.000
5.991760000,44.693880000,1572.000
5.991630000,44.693740000,1572.000
5.991590000,44.693690000,1573.000
5.991530000,44.693530000,1574.000
5.991440000,44.693400000,1574.000
5.991400000,44.693310000,1575.000
5.991390000,44.693280000,1576.000
5.991390000,44.693240000,1576.000
5.991420000,44.693150000,1577.000
5.991430000,44.693110000,1577.000
5.991410000,44.693080000,1578.000
5.991380000,44.693060000,1578.000
5.991330000,44.693040000,1578.000
5.991140000,44.693040000,1579.000
5.991080000,44.693040000,1579.000
5.990980000,44.693000000,1580.000
5.990850000,44.692950000,1580.000
5.990790000,44.692940000,1581.000
5.990680000,44.692940000,1582.000
5.990260000,44.692990000,1585.000
5.990210000,44.692990000,1587.000
5.990150000,44.692970000,1589.000
5.990010000,44.692920000,1590.000
5.989940000,44.692910000,1592.000
5.989820000,44.692900000,1593.000
5.989710000,44.692880000,1595.000
5.989540000,44.692820000,1597.000
5.989470000,44.692810000,1598.000
5.989260000,44.692810000,1600.000
5.989130000,44.692790000,1602.000
5.988860000,44.692710000,1604.000
5.988630000,44.692640000,1607.000
5.988260000,44.692470000,1611.000
5.988040000,44.692320000,1614.000
5.987760000,44.692170000,1616.000
5.987600000,44.692050000,1619.000
5.987490000,44.691980000,1620.000
5.987070000,44.691740000,1622.000
5.986960000,44.691650000,1624.000
5.986880000,44.691550000,1625.000
5.986830000,44.691460000,1626.000
5.986820000,44.691400000,1627.000
5.986770000,44.691320000,1627.000
5.986740000,44.691290000,1628.000
5.986700000,44.691280000,1628.000
5.986680000,44.691280000,1629.000
5.986660000,44.691290000,1629.000
5.986640000,44.691310000,1629.000
5.986630000,44.691340000,1630.000
5.986660000,44.691420000,1630.000
5.986810000,44.691660000,1631.000
5.986930000,44.691820000,1633.000
5.987010000,44.691900000,1635.000
5.987110000,44.692000000,1636.000
5.987260000,44.692120000,1638.000
5.987560000,44.692370000,1641.000
5.987780000,44.692520000,1644.000
5.987930000,44.692600000,1647.000
5.987950000,44.692620000,1648.000
5.987960000,44.692640000,1650.000
5.987950000,44.692660000,1651.000
5.987930000,44.692670000,1651.000
5.987890000,44.692680000,1652.000
5.987860000,44.692670000,1653.000
5.987820000,44.692650000,1653.000
5.987800000,44.692630000,1653.000
5.987770000,44.692590000,1654.000
5.987570000,44.692490000,1655.000
5.987350000,44.692370000,1656.000
5.987070000,44.692190000,1657.000
5.986950000,44.692070000,1658.000
5.986690000,44.691880000,1658.000
5.986490000,44.691710000,1659.000
5.986460000,44.691690000,1660.000
5.986420000,44.691670000,1660.000
5.986370000,44.691660000,1660.000
5.986320000,44.691650000,1660.000
5.986160000,44.691640000,1661.000
5.985970000,44.691650000,1661.000
5.985820000,44.691670000,1661.000
5.985670000,44.691710000,1662.000
5.985510000,44.691790000,1662.000
5.985010000,44.692130000,1663.000
5.984790000,44.692260000,1663.000
5.984700000,44.692310000,1664.000
5.984550000,44.692390000,1664.000
5.984370000,44.692490000,1664.000
5.984300000,44.692550000,1665.000
5.983790000,44.692890000,1666.000
5.983540000,44.693050000,1666.000
5.983140000,44.693230000,1665.000
5.981730000,44.693780000,1660.000
5.981400000,44.693940000,1656.000
5.980700000,44.694300000,1651.000
5.980110000,44.694570000,1646.000
5.980030000,44.694610000,1642.000
5.979920000,44.694680000,1640.000
5.979640000,44.694910000,1637.000
5.978760000,44.695430000,1633.000
5.978600000,44.695500000,1630.000
5.978440000,44.695560000,1627.000
5.977830000,44.695710000,1625.000
5.977280000,44.695900000,1621.000
5.977130000,44.695950000,1619.000
5.976720000,44.696200000,1616.000
5.975990000,44.696490000,1613.000
5.975570000,44.696680000,1610.000
5.975370000,44.696760000,1607.000
5.975170000,44.696820000,1605.000
5.975010000,44.696830000,1603.000
5.974280000,44.696860000,1600.000
5.973670000,44.696830000,1597.000
5.973630000,44.696840000,1594.000
5.973620000,44.696870000,1593.000
5.973630000,44.696910000,1592.000
5.973720000,44.696970000,1591.000
5.974510000,44.697400000,1588.000
5.974540000,44.697430000,1587.000
5.974560000,44.697460000,1585.000
5.974550000,44.697490000,1585.000
5.974520000,44.697520000,1584.000
5.974450000,44.697540000,1583.000
5.974380000,44.697550000,1583.000
5.973860000,44.697540000,1582.000
5.973140000,44.697560000,1580.000
5.972850000,44.697580000,1578.000
5.972560000,44.697550000,1576.000
5.972310000,44.697480000,1574.000
5.972200000,44.697420000,1573.000
5.972090000,44.697350000,1572.000
5.971970000,44.697250000,1571.000
5.971880000,44.697210000,1570.000
5.971660000,44.697160000,1569.000
5.971490000,44.697150000,1568.000
5.970870000,44.697160000,1566.000
5.970610000,44.697200000,1565.000
5.970410000,44.697260000,1563.000
5.970180000,44.697280000,1561.000
5.969940000,44.697260000,1560.000
5.969640000,44.697220000,1558.000
5.969240000,44.697170000,1555.000
5.969010000,44.697120000,1553.000
5.968510000,44.697010000,1550.000
5.968170000,44.696960000,1547.000
5.967430000,44.696910000,1543.000
5.966940000,44.696900000,1540.000
5.966630000,44.696910000,1538.000
5.965610000,44.696990000,1535.000
5.964640000,44.697050000,1532.000
5.963600000,44.697140000,1530.000
5.963240000,44.697170000,1529.000
5.961950000,44.697270000,1527.000
5.960730000,44.697360000,1524.000
5.958980000,44.697500000,1518.000
5.958170000,44.697560000,1514.000
5.957460000,44.697600000,1511.000
5.957290000,44.697600000,1509.000
5.956690000,44.697660000,1508.000
5.956340000,44.697690000,1507.000
5.955840000,44.697720000,1507.000
5.954790000,44.697790000,1508.000
5.954630000,44.697790000,1508.000
5.954490000,44.697760000,1509.000
5.954340000,44.697720000,1509.000
5.954130000,44.697630000,1510.000
5.953940000,44.697500000,1510.000
5.953830000,44.697390000,1511.000
5.953400000,44.696930000,1512.000
5.953210000,44.696720000,1512.000
5.953020000,44.696530000,1513.000
5.952750000,44.696300000,1513.000
5.952360000,44.696020000,1514.000
5.952250000,44.695910000,1514.000
5.952220000,44.695850000,1514.000
5.952200000,44.695780000,1514.000
5.952190000,44.695730000,1514.000
5.952190000,44.695570000,1513.000
5.952250000,44.694940000,1512.000
5.952380000,44.694410000,1510.000
5.952390000,44.694300000,1508.000
5.952350000,44.693470000,1505.000
5.952320000,44.692900000,1502.000
5.952340000,44.692610000,1499.000
5.952370000,44.692420000,1497.000
5.952390000,44.692330000,1495.000
5.952440000,44.692250000,1493.000
5.952900000,44.691670000,1491.000
5.953050000,44.691440000,1488.000
5.953130000,44.691210000,1486.000
5.953170000,44.691090000,1484.000
5.953220000,44.690870000,1482.000
5.953270000,44.690730000,1481.000
5.953370000,44.690580000,1479.000
5.953470000,44.690450000,1478.000
5.953880000,44.690000000,1475.000
5.953960000,44.689900000,1473.000
5.954250000,44.689480000,1471.000
5.954680000,44.688950000,1467.000
5.954820000,44.688740000,1465.000
5.954870000,44.688620000,1462.000
5.955040000,44.687980000,1459.000
5.955110000,44.687780000,1456.000
5.955290000,44.687470000,1453.000
5.955360000,44.687090000,1450.000
5.955530000,44.686610000,1447.000
5.955960000,44.685380000,1441.000
5.956150000,44.684980000,1435.000
5.956170000,44.684900000,1432.000
5.956150000,44.684820000,1429.000
5.956100000,44.684750000,1427.000
5.955940000,44.684630000,1425.000
5.955830000,44.684530000,1423.000
5.955780000,44.684470000,1422.000
5.955760000,44.684380000,1421.000
5.955770000,44.684250000,1420.000
5.955870000,44.683960000,1418.000
5.955960000,44.683720000,1416.000
5.956010000,44.683620000,1415.000
5.956090000,44.683530000,1413.000
5.956220000,44.683430000,1412.000
5.956500000,44.683220000,1411.000
5.956850000,44.682960000,1410.000
5.956930000,44.682870000,1409.000
5.956970000,44.682790000,1408.000
5.956950000,44.682700000,1407.000
5.956850000,44.682310000,1406.000
5.956820000,44.682200000,1405.000
5.956830000,44.682070000,1404.000
5.956870000,44.681940000,1403.000
5.957020000,44.681500000,1402.000
5.957050000,44.681370000,1400.000
5.957030000,44.681320000,1399.000
5.956990000,44.681270000,1398.000
5.956930000,44.681260000,1397.000
5.956860000,44.681250000,1397.000
5.956750000,44.681280000,1396.000
5.956690000,44.681340000,1395.000
5.956610000,44.681560000,1394.000
5.956520000,44.681710000,1393.000
5.956370000,44.681870000,1392.000
5.956000000,44.682200000,1390.000
5.955880000,44.682340000,1389.000
5.955260000,44.683100000,1387.000
5.955180000,44.683180000,1385.000
5.955130000,44.683200000,1384.000
5.955060000,44.683200000,1383.000
5.955020000,44.683190000,1382.000
5.954980000,44.683180000,1382.000
5.954950000,44.683150000,1381.000
5.954920000,44.683120000,1381.000
5.954890000,44.683060000,1381.000
5.954910000,44.682990000,1381.000
5.954960000,44.682910000,1380.000
5.955440000,44.682280000,1379.000
5.955520000,44.682140000,1378.000
5.955560000,44.682050000,1377.000
5.955590000,44.681940000,1377.000
5.955570000,44.681730000,1376.000
5.955600000,44.681600000,1375.000
5.955720000,44.681370000,1374.000
5.955880000,44.681060000,1374.000
5.955940000,44.680850000,1373.000
5.955940000,44.680740000,1372.000
5.955850000,44.680450000,1371.000
5.955830000,44.680350000,1370.000
5.955840000,44.680220000,1370.000
5.956020000,44.679730000,1369.000
5.956100000,44.679570000,1368.000
5.956270000,44.679330000,1367.000
5.956310000,44.679270000,1366.000
5.956320000,44.679220000,1366.000
5.956340000,44.679160000,1365.000
5.956330000,44.679080000,1365.000
5.956310000,44.679010000,1364.000
5.956310000,44.678970000,1364.000
5.956150000,44.678430000,1363.000
5.955970000,44.677830000,1361.000
5.955940000,44.677700000,1360.000
5.955930000,44.677580000,1358.000
5.955940000,44.677460000,1357.000
5.955990000,44.677260000,1356.000
5.955990000,44.677260000,1355.000
5.956060000,44.676890000,1354.000
5.956060000,44.676800000,1353.000
5.956020000,44.676700000,1352.000
5.955970000,44.676640000,1351.000
5.955830000,44.676560000,1350.000
5.955520000,44.676340000,1349.000
5.954670000,44.675750000,1345.000
5.954350000,44.675530000,1342.000
5.954300000,44.675500000,1340.000
5.954240000,44.675470000,1339.000
5.954140000,44.675460000,1337.000
5.954080000,44.675470000,1336.000
5.954040000,44.675480000,1336.000
5.953970000,44.675510000,1335.000
5.953920000,44.675550000,1335.000
5.953880000,44.675590000,1334.000
5.953850000,44.675650000,1334.000
5.953830000,44.675730000,1333.000
5.953820000,44.675910000,1333.000
5.953810000,44.676160000,1332.000
5.953780000,44.676270000,1331.000
5.953750000,44.676370000,1330.000
5.953680000,44.676490000,1329.000
5.953490000,44.676790000,1328.000
5.953440000,44.676870000,1327.000
5.953370000,44.676960000,1326.000
5.953290000,44.677060000,1325.000
5.953030000,44.677290000,1324.000
5.952980000,44.677340000,1323.000
5.952430000,44.677860000,1321.000
5.952080000,44.678200000,1319.000
5.951900000,44.678360000,1317.000
5.951760000,44.678550000,1315.000
5.951350000,44.679300000,1312.000
5.951290000,44.679400000,1310.000
5.951200000,44.679490000,1309.000
5.950750000,44.679870000,1307.000
5.950660000,44.679960000,1305.000
5.950590000,44.680050000,1304.000
5.950050000,44.680970000,1301.000
5.949970000,44.681120000,1300.000
5.949880000,44.681280000,1298.000
5.949690000,44.681630000,1297.000
5.949590000,44.681910000,1296.000
5.949510000,44.682090000,1295.000
5.949470000,44.682200000,1294.000
5.949400000,44.682290000,1293.000
5.949220000,44.682470000,1292.000
5.949010000,44.682840000,1291.000
5.948860000,44.683160000,1291.000
5.948790000,44.683330000,1290.000
5.948760000,44.683450000,1290.000
5.948740000,44.683660000,1289.000
5.948720000,44.683780000,1289.000
5.948690000,44.683890000,1289.000
5.948630000,44.684030000,1289.000
5.948340000,44.684590000,1288.000
5.948160000,44.684910000,1287.000
5.948040000,44.685060000,1287.000
5.947920000,44.685200000,1286.000
5.947800000,44.685330000,1285.000
5.947600000,44.685540000,1284.000
5.947130000,44.686070000,1283.000
5.946450000,44.686810000,1280.000
5.946350000,44.686910000,1279.000
5.946280000,44.686950000,1277.000
5.946190000,44.686980000,1277.000
5.946130000,44.687000000,1276.000
5.946150000,44.687030000,1276.000
5.946150000,44.687080000,1275.000
5.946130000,44.687120000,1275.000
5.946060000,44.687230000,1275.000
5.945540000,44.687870000,1274.000
5.945410000,44.688040000,1273.000
5.945300000,44.688210000,1273.000
5.945250000,44.688280000,1272.000
5.945190000,44.688330000,1272.000
5.945070000,44.688420000,1272.000
5.944930000,44.688520000,1272.000
5.944300000,44.688870000,1271.000
5.944190000,44.688940000,1271.000
5.944110000,44.689010000,1270.000
5.944050000,44.689080000,1270.000
5.943990000,44.689140000,1270.000
5.943900000,44.689250000,1270.000
5.943750000,44.689440000,1269.000
5.943690000,44.689520000,1269.000
5.943530000,44.689680000,1269.000
5.943470000,44.689750000,1269.000
5.943390000,44.689860000,1269.000
5.943310000,44.690020000,1269.000
5.943170000,44.690180000,1270.000
5.943020000,44.690360000,1270.000
5.942790000,44.690630000,1271.000
5.942610000,44.690860000,1271.000
5.941990000,44.691630000,1273.000
5.941750000,44.691940000,1274.000
5.941630000,44.692150000,1275.000
5.941430000,44.692500000,1276.000
5.941330000,44.692700000,1276.000
5.941280000,44.692860000,1277.000
5.941260000,44.692930000,1277.000
5.941260000,44.692990000,1277.000
5.941260000,44.693050000,1278.000
5.941270000,44.693130000,1278.000
5.941260000,44.693200000,1278.000
5.941250000,44.693260000,1278.000
5.941220000,44.693330000,1278.000
5.941070000,44.693630000,1278.000
5.940960000,44.693820000,1278.000
5.940910000,44.693890000,1278.000
5.940840000,44.693950000,1278.000
5.940680000,44.694040000,1278.000
5.939750000,44.694580000,1277.000
5.939500000,44.694680000,1277.000
5.939300000,44.694740000,1277.000
5.939080000,44.694780000,1276.000
5.938610000,44.694890000,1276.000
5.937920000,44.695020000,1275.000
5.937590000,44.695090000,1274.000
5.937340000,44.695170000,1273.000
5.937120000,44.695250000,1272.000
5.936890000,44.695390000,1271.000
5.936720000,44.695500000,1270.000
5.936150000,44.695860000,1270.000
5.935930000,44.695970000,1269.000
5.935480000,44.696190000,1269.000
5.935340000,44.696270000,1268.000
5.935270000,44.696290000,1268.000
5.935220000,44.696280000,1268.000
5.935130000,44.696250000,1267.000
5.935060000,44.696240000,1267.000
5.934980000,44.696230000,1267.000
5.934860000,44.696220000,1267.000
5.934760000,44.696230000,1267.000
5.934670000,44.696250000,1267.000
5.934500000,44.696300000,1267.000
5.934100000,44.696430000,1268.000
5.933810000,44.696530000,1269.000
5.933410000,44.696740000,1271.000
5.933290000,44.696800000,1273.000
5.933190000,44.696870000,1274.000
5.933120000,44.696950000,1275.000
5.933060000,44.697060000,1276.000
5.932920000,44.697300000,1277.000
5.932800000,44.697550000,1279.000
5.932730000,44.697750000,1278.000
5.932660000,44.698060000,1276.000
5.932570000,44.698250000,1273.000
5.932520000,44.698330000,1271.000
5.932460000,44.698400000,1269.000
5.932370000,44.698460000,1267.000
5.931940000,44.698680000,1264.000
5.931500000,44.698910000,1259.000
5.931370000,44.698960000,1255.000
5.931270000,44.698990000,1252.000
5.931060000,44.699000000,1250.000
5.930950000,44.699020000,1249.000
5.930850000,44.699090000,1248.000
5.930780000,44.699170000,1247.000
5.930730000,44.699280000,1246.000
5.930710000,44.699440000,1246.000
5.930730000,44.699610000,1245.000
5.930770000,44.699760000,1244.000
5.930880000,44.700040000,1243.000
5.930890000,44.700120000,1243.000
5.930890000,44.700200000,1242.000
5.930870000,44.700260000,1241.000
5.930840000,44.700300000,1241.000
5.930770000,44.700350000,1241.000
5.930690000,44.700380000,1240.000
5.930610000,44.700400000,1240.000
5.930500000,44.700410000,1240.000
5.930450000,44.700420000,1240.000
5.930390000,44.700420000,1239.000
5.929650000,44.700350000,1238.000
5.929610000,44.700350000,1238.000
5.929510000,44.700350000,1237.000
5.929430000,44.700360000,1237.000
5.929440000,44.700410000,1237.000
5.929330000,44.700730000,1236.000
5.929280000,44.700850000,1235.000
5.929200000,44.700950000,1235.000
5.929100000,44.701030000,1234.000
5.928990000,44.701070000,1234.000
5.928840000,44.701110000,1233.000
5.928490000,44.701160000,1233.000
5.928380000,44.701160000,1232.000
5.928180000,44.701130000,1232.000
5.927930000,44.701070000,1232.000
5.927630000,44.701020000,1232.000
5.927480000,44.701010000,1232.000
5.927280000,44.701040000,1233.000
5.927120000,44.701100000,1233.000
5.927020000,44.701170000,1233.000
5.926940000,44.701290000,1233.000
5.926600000,44.701900000,1234.000
5.926410000,44.702090000,1234.000
5.926220000,44.702240000,1234.000
5.925870000,44.702510000,1234.000
5.925720000,44.702650000,1234.000
5.925630000,44.702760000,1234.000
5.925550000,44.702960000,1234.000
5.925460000,44.703150000,1234.000
5.925230000,44.703510000,1234.000
5.924910000,44.704030000,1234.000
5.924500000,44.704650000,1234.000
5.924410000,44.704730000,1234.000
5.924290000,44.704840000,1234.000
5.924100000,44.704960000,1234.000
5.924040000,44.705000000,1234.000
5.923830000,44.705150000,1234.000
5.923650000,44.705260000,1235.000
5.923590000,44.705290000,1235.000
5.923450000,44.705340000,1235.000
5.923300000,44.705390000,1235.000
5.923210000,44.705400000,1235.000
5.923070000,44.705430000,1236.000
5.922770000,44.705480000,1236.000
5.922600000,44.705550000,1236.000
5.922510000,44.705580000,1237.000
5.922130000,44.705820000,1237.000
5.922040000,44.705900000,1238.000
5.921440000,44.706410000,1239.000
5.920800000,44.707020000,1239.000
5.920490000,44.707230000,1240.000
5.920180000,44.707380000,1240.000
5.919880000,44.707500000,1241.000
5.919370000,44.707730000,1241.000
5.919150000,44.707880000,1241.000
5.918930000,44.708100000,1240.000
5.918640000,44.708500000,1239.000
5.918500000,44.708720000,1237.000
5.918390000,44.708940000,1236.000
5.918340000,44.709090000,1235.000
5.918020000,44.709980000,1232.000
5.917890000,44.710400000,1229.000
5.917690000,44.711400000,1226.000
5.917590000,44.711730000,1223.000
5.917520000,44.712020000,1220.000
5.917490000,44.712240000,1218.000
5.917550000,44.712770000,1215.000
5.917560000,44.712920000,1213.000
5.917560000,44.712920000,1211.000
5.917570000,44.713140000,1210.000
5.917400000,44.714170000,1206.000
5.917300000,44.714880000,1202.000
5.917170000,44.715600000,1197.000
5.917110000,44.715830000,1194.000
5.916920000,44.716210000,1190.000
5.916410000,44.717120000,1184.000
5.916330000,44.717230000,1179.000
5.916220000,44.717290000,1175.000
5.916110000,44.717310000,1172.000
5.916000000,44.717310000,1170.000
5.915900000,44.717270000,1168.000
5.915830000,44.717220000,1167.000
5.915780000,44.717150000,1165.000
5.915730000,44.716920000,1163.000
5.915690000,44.716700000,1162.000
5.915620000,44.716440000,1160.000
5.915560000,44.716390000,1159.000
5.915490000,44.716370000,1158.000
5.915420000,44.716390000,1158.000
5.915380000,44.716410000,1157.000
5.915360000,44.716470000,1157.000
5.915390000,44.716520000,1157.000
5.915500000,44.716730000,1156.000
5.915540000,44.716860000,1156.000
5.915570000,44.717000000,1155.000
5.915560000,44.717170000,1154.000
5.915510000,44.717330000,1154.000
5.915440000,44.717510000,1153.000
5.915300000,44.717690000,1152.000
5.915040000,44.717930000,1151.000
5.914810000,44.718240000,1149.000
5.914700000,44.718380000,1148.000
5.914570000,44.718520000,1147.000
5.914390000,44.718670000,1146.000
5.914220000,44.718780000,1145.000
5.914040000,44.718950000,1144.000
5.913920000,44.719100000,1143.000
5.913810000,44.719290000,1141.000
5.913350000,44.720210000,1138.000
5.913140000,44.720490000,1135.000
5.912680000,44.721150000,1131.000
5.912450000,44.721450000,1128.000
5.912120000,44.721930000,1126.000
5.911470000,44.722980000,1123.000
5.911270000,44.723720000,1119.000
5.911100000,44.723950000,1116.000
5.909580000,44.725280000,1109.000
5.908770000,44.725680000,1104.000
5.908340000,44.725830000,1101.000
5.907710000,44.726270000,1098.000
5.907160000,44.726540000,1095.000
5.906680000,44.726680000,1093.000
5.906100000,44.727120000,1090.000
5.905820000,44.727300000,1087.000
5.905000000,44.727600000,1084.000
5.904960000,44.727620000,1082.000
5.904780000,44.727740000,1080.000
5.904590000,44.727900000,1078.000
5.903880000,44.728310000,1074.000
5.903540000,44.728810000,1070.000
5.903330000,44.729120000,1066.000
5.902660000,44.729710000,1062.000
5.902430000,44.729990000,1059.000
5.902330000,44.730120000,1057.000
5.902180000,44.730210000,1055.000
5.901830000,44.730370000,1053.000
5.901550000,44.730430000,1052.000
5.901250000,44.730450000,1050.000
5.900950000,44.730420000,1049.000
5.900310000,44.730280000,1046.000
5.900080000,44.730280000,1045.000
5.899980000,44.730300000,1043.000
5.899790000,44.730340000,1042.000
5.899670000,44.730360000,1041.000
5.899350000,44.730410000,1040.000
5.899210000,44.730430000,1039.000
5.898930000,44.730450000,1038.000
5.898830000,44.730460000,1037.000
5.898120000,44.730490000,1038.000
5.897640000,44.730470000,1040.000
5.897500000,44.730490000,1042.000
5.897340000,44.730540000,1043.000
5.897220000,44.730610000,1044.000
5.897120000,44.730710000,1046.000
5.897060000,44.730790000,1047.000
5.896600000,44.731330000,1049.000
5.896510000,44.731480000,1051.000
5.896440000,44.731630000,1052.000
5.896400000,44.731760000,1052.000
5.896370000,44.731850000,1053.000
5.896340000,44.731920000,1053.000
5.896300000,44.731980000,1053.000
5.896210000,44.732120000,1052.000
5.896110000,44.732270000,1052.000
5.896020000,44.732400000,1052.000
5.895960000,44.732460000,1052.000
5.895870000,44.732550000,1051.000
5.895490000,44.732870000,1051.000
5.895450000,44.732930000,1050.000
5.895420000,44.732980000,1050.000
5.895410000,44.733060000,1050.000
5.895400000,44.733120000,1049.000
5.895420000,44.733260000,1049.000
5.895450000,44.733360000,1048.000
5.895500000,44.733450000,1047.000
5.895600000,44.733580000,1047.000
5.895650000,44.733660000,1046.000
5.895690000,44.733740000,1046.000
5.895720000,44.733830000,1045.000
5.895720000,44.733920000,1044.000
5.895710000,44.734000000,1044.000
5.895680000,44.734080000,1043.000
5.895650000,44.734140000,1043.000
5.895610000,44.734200000,1042.000
5.895540000,44.734240000,1042.000
5.895450000,44.734270000,1042.000
5.895050000,44.734380000,1041.000
5.894980000,44.734400000,1040.000
5.894920000,44.734440000,1039.000
5.894850000,44.734500000,1039.000
5.894790000,44.734570000,1039.000
5.894470000,44.735130000,1037.000
5.894450000,44.735200000,1037.000
5.894400000,44.735370000,1036.000
5.894390000,44.735450000,1035.000
5.894380000,44.735520000,1035.000
5.894390000,44.735590000,1034.000
5.894420000,44.735650000,1034.000
5.894490000,44.735720000,1034.000
5.894720000,44.735980000,1033.000
5.894770000,44.736040000,1033.000
5.894800000,44.736130000,1032.000
5.894790000,44.736210000,1032.000
5.894750000,44.736270000,1031.000
5.894690000,44.736330000,1031.000
5.894600000,44.736380000,1031.000
5.894480000,44.736400000,1031.000
5.894370000,44.736400000,1030.000
5.894120000,44.736370000,1030.000
5.893930000,44.736380000,1030.000
5.893770000,44.736410000,1029.000
5.893620000,44.736460000,1029.000
5.893480000,44.736520000,1029.000
5.893210000,44.736660000,1028.000
5.891700000,44.737380000,1027.000
5.891560000,44.737470000,1025.000
5.891450000,44.737560000,1024.000
5.891350000,44.737680000,1023.000
5.891280000,44.737830000,1022.000
5.891270000,44.737980000,1020.000
5.891290000,44.738110000,1019.000
5.891360000,44.738230000,1018.000
5.891440000,44.738350000,1017.000
5.891600000,44.738470000,1016.000
5.891840000,44.738640000,1014.000
5.891930000,44.738740000,1013.000
5.892000000,44.738860000,1012.000
5.892010000,44.738980000,1011.000
5.892020000,44.739220000,1010.000
5.892010000,44.739410000,1010.000
5.891980000,44.739580000,1011.000
5.891830000,44.739870000,1012.000
5.891800000,44.739960000,1012.000
5.891770000,44.740060000,1013.000
5.891740000,44.740310000,1014.000
5.891670000,44.740680000,1015.000
5.891520000,44.740980000,1016.000
5.891440000,44.741410000,1015.000
5.891320000,44.741700000,1012.000
5.891160000,44.741900000,1009.000
5.890600000,44.742510000,1004.000
5.890540000,44.742570000,1000.000
5.890530000,44.742660000,997.000
5.890550000,44.742760000,994.000
5.890770000,44.742870000,992.000
5.890820000,44.742970000,991.000
5.890720000,44.743150000,989.000
5.890620000,44.743310000,987.000
5.890350000,44.743760000,985.000
5.890200000,44.743890000,983.000
5.890050000,44.743980000,981.000
5.889870000,44.744070000,979.000
5.889680000,44.744160000,978.000
5.889490000,44.744220000,977.000
5.889330000,44.744260000,976.000
5.889120000,44.744300000,975.000
5.888820000,44.744350000,975.000
5.888610000,44.744400000,975.000
5.888380000,44.744470000,975.000
5.888240000,44.744550000,975.000
5.888140000,44.744670000,975.000
5.888070000,44.744790000,975.000
5.888020000,44.744900000,975.000
5.887980000,44.745050000,975.000
5.887980000,44.745220000,975.000
5.888000000,44.745380000,975.000
5.887970000,44.745570000,975.000
5.887890000,44.745710000,975.000
5.887790000,44.745830000,975.000
5.887550000,44.746010000,976.000
5.887210000,44.746180000,976.000
5.886960000,44.746360000,977.000
5.886690000,44.746790000,977.000
5.886480000,44.746950000,976.000
5.885920000,44.747320000,969.000
5.885650000,44.747360000,963.000
5.885450000,44.747500000,958.000
5.885380000,44.747590000,953.000
5.885360000,44.747700000,949.000
5.885370000,44.747780000,945.000
5.885290000,44.747980000,941.000
5.885240000,44.748110000,936.000
5.885230000,44.748240000,932.000
5.885280000,44.748320000,930.000
5.885310000,44.748590000,928.000
5.885250000,44.748920000,926.000
5.885090000,44.749240000,925.000
5.884890000,44.749620000,924.000
5.884930000,44.749780000,923.000
5.885100000,44.750070000,923.000
5.885070000,44.750230000,923.000
5.885020000,44.750450000,923.000
5.884970000,44.750790000,924.000
5.884950000,44.750860000,925.000
5.884900000,44.750900000,926.000
5.884770000,44.750940000,927.000
5.884590000,44.750970000,928.000
5.883880000,44.751050000,929.000
5.883750000,44.751080000,931.000
5.883610000,44.751140000,932.000
5.883500000,44.751210000,933.000
5.883430000,44.751340000,933.000
5.883440000,44.751530000,933.000
5.883580000,44.752040000,932.000
5.883690000,44.752570000,930.000
5.883750000,44.752750000,929.000
5.883770000,44.752910000,928.000
5.883710000,44.753180000,928.000
5.883700000,44.753310000,929.000
5.883760000,44.753720000,930.000
5.883810000,44.754120000,933.000
5.883760000,44.754590000,936.000
5.883850000,44.754850000,939.000
5.883930000,44.755020000,941.000
5.884060000,44.755160000,943.000
5.884300000,44.755270000,944.000
5.884760000,44.755370000,944.000
5.885010000,44.755490000,944.000
5.885120000,44.755650000,944.000
5.885270000,44.755930000,945.000
5.885430000,44.756260000,945.000
5.885480000,44.756510000,945.000
5.885430000,44.756810000,946.000
5.885340000,44.757030000,948.000
5.885250000,44.757160000,949.000
5.885120000,44.757250000,951.000
5.884910000,44.757360000,952.000
5.884720000,44.757580000,954.000
5.884570000,44.757870000,956.000
5.884450000,44.758200000,957.000
5.884410000,44.758540000,957.000
5.884550000,44.758850000,957.000
5.884910000,44.759570000,957.000
5.885060000,44.759910000,956.000
5.885060000,44.760150000,957.000
5.885250000,44.760520000,958.000
5.885220000,44.760730000,959.000
5.885320000,44.760890000,960.000
5.885530000,44.760980000,961.000
5.885910000,44.761050000,962.000
5.886200000,44.761130000,963.000
5.886570000,44.761390000,965.000
5.886860000,44.761610000,966.000
5.886970000,44.761740000,967.000
5.887040000,44.761910000,968.000
5.887180000,44.762040000,968.000
5.887340000,44.762060000,968.000
5.887500000,44.762080000,969.000
5.887860000,44.762230000,969.000
5.888160000,44.762310000,969.000
5.888260000,44.762340000,969.000
5.888620000,44.762380000,969.000
5.888870000,44.762540000,970.000
5.889080000,44.762850000,971.000
5.889310000,44.763210000,973.000
5.889610000,44.763580000,975.000
5.890120000,44.763870000,977.000
5.890580000,44.764060000,980.000
5.890940000,44.764370000,981.000
5.891330000,44.764850000,983.000
5.891490000,44.764980000,985.000
5.891660000,44.765090000,986.000
5.892030000,44.765380000,987.000
5.892370000,44.765650000,988.000
5.892670000,44.765810000,988.000
5.892830000,44.766010000,989.000
5.893250000,44.766620000,989.000
5.893590000,44.766930000,989.000
5.893750000,44.767060000,989.000
5.893910000,44.767230000,990.000
5.894010000,44.767400000,990.000
5.894020000,44.767570000,991.000
5.894010000,44.767920000,992.000
5.894100000,44.768310000,993.000
5.894180000,44.768550000,994.000
5.894170000,44.768810000,995.000
5.894060000,44.768910000,995.000
5.893970000,44.769000000,995.000
5.893990000,44.769100000,994.000
5.894050000,44.769160000,994.000
5.894190000,44.769220000,993.000
5.894460000,44.769280000,992.000
5.894900000,44.769320000,990.000
5.895380000,44.769330000,988.000
5.895650000,44.769420000,986.000
5.895800000,44.769610000,984.000
5.895960000,44.769880000,983.000
5.896190000,44.770070000,982.000
5.896590000,44.770240000,983.000
5.897160000,44.770400000,983.000
5.897430000,44.770460000,984.000
5.897710000,44.770440000,985.000
5.897770000,44.770420000,986.000
5.897900000,44.770360000,986.000
5.898160000,44.770260000,986.000
5.898290000,44.770230000,986.000
5.898410000,44.770220000,985.000
5.898620000,44.770260000,985.000
5.898790000,44.770400000,984.000
5.899050000,44.770660000,982.000
5.899180000,44.770890000,981.000
5.899440000,44.771180000,979.000
5.899630000,44.771470000,977.000
5.899610000,44.771730000,975.000
5.899450000,44.771940000,975.000
5.899180000,44.772170000,974.000
5.898910000,44.772420000,974.000
5.898760000,44.772650000,974.000
5.898640000,44.773000000,974.000
5.898620000,44.773270000,974.000
5.898640000,44.773480000,975.000
5.898750000,44.773810000,975.000
5.898780000,44.774010000,976.000
5.898700000,44.774210000,977.000
5.898590000,44.774340000,977.000
5.898410000,44.774450000,978.000
5.898170000,44.774540000,979.000
5.897930000,44.774600000,979.000
5.897850000,44.774680000,980.000
5.897840000,44.774740000,981.000
5.897870000,44.774810000,981.000
5.897970000,44.774960000,981.000
5.897970000,44.775130000,980.000
5.897930000,44.775310000,979.000
5.897900000,44.775520000,979.000
5.897920000,44.775670000,978.000
5.898070000,44.775860000,977.000
5.898280000,44.776050000,976.000
5.898450000,44.776150000,975.000
5.898560000,44.776190000,974.000
5.898660000,44.776200000,973.000
5.898770000,44.776180000,973.000
5.898850000,44.776140000,972.000
5.898930000,44.776050000,971.000
5.899000000,44.775970000,971.000
5.899020000,44.775870000,970.000
5.899010000,44.775680000,969.000
5.899010000,44.775540000,968.000
5.899080000,44.775420000,967.000
5.899260000,44.775380000,965.000
5.899510000,44.775300000,964.000
5.899760000,44.775180000,963.000
5.900090000,44.774950000,961.000
5.900300000,44.774880000,959.000
5.900790000,44.774750000,958.000
5.901090000,44.774670000,957.000
5.901340000,44.774630000,956.000
5.901350000,44.774630000,955.000
5.901560000,44.774600000,955.000
5.901950000,44.774530000,954.000
5.902110000,44.774500000,954.000
5.902230000,44.774460000,954.000
5.902570000,44.774320000,954.000
5.902860000,44.774250000,953.000
5.903110000,44.774210000,953.000
5.903500000,44.774070000,953.000
5.903660000,44.774000000,953.000
5.903830000,44.773940000,953.000
5.904020000,44.773920000,953.000
5.904210000,44.773930000,954.000
5.904480000,44.773990000,954.000
5.904830000,44.774080000,954.000
5.905680000,44.774260000,955.000
5.906050000,44.774320000,955.000
5.906250000,44.774330000,955.000
5.906450000,44.774310000,955.000
5.906650000,44.774320000,955.000
5.906810000,44.774370000,955.000
5.906920000,44.774450000,955.000
5.906950000,44.774510000,955.000
5.906950000,44.774650000,955.000
5.906860000,44.774790000,955.000
5.906790000,44.774900000,955.000
5.906770000,44.774990000,955.000
5.906840000,44.775140000,955.000
5.906910000,44.775330000,955.000
5.907000000,44.775520000,955.000
5.907400000,44.777790000,954.000
5.907980000,44.780730000,952.000
5.908620000,44.784160000,949.000
5.908690000,44.784480000,946.000
5.909280000,44.787780000,943.000
5.909410000,44.788440000,940.000
5.909870000,44.790780000,937.000
5.910290000,44.794260000,934.000
5.910560000,44.796480000,931.000
5.910580000,44.796710000,929.000
5.910610000,44.796960000,927.000
5.910970000,44.799720000,924.000
5.911590000,44.804820000,920.000
5.911590000,44.804820000,917.000
5.911730000,44.806000000,914.000
5.911750000,44.806400000,912.000
5.911510000,44.807190000,910.000
5.911300000,44.809390000,905.000
5.911360000,44.809570000,901.000
5.911950000,44.810630000,896.000
5.912150000,44.810920000,891.000
5.912530000,44.811270000,886.000
5.913210000,44.811770000,882.000
5.913380000,44.811950000,878.000
5.913480000,44.812050000,875.000
5.913540000,44.812090000,873.000
5.913630000,44.812190000,871.000
5.913710000,44.812360000,869.000
5.913730000,44.812500000,868.000
5.913590000,44.812680000,866.000
5.913380000,44.813010000,864.000
5.913310000,44.813320000,862.000
5.913230000,44.813440000,861.000
5.913140000,44.813530000,860.000
5.913000000,44.813620000,858.000
5.912460000,44.813910000,857.000
5.912250000,44.814070000,855.000
5.912180000,44.814210000,853.000
5.911870000,44.814420000,852.000
5.911750000,44.814590000,850.000
5.911550000,44.814660000,848.000
5.911370000,44.814640000,847.000
5.911180000,44.814620000,845.000
5.911030000,44.814610000,843.000
5.910870000,44.814670000,842.000
5.910740000,44.814830000,840.000
5.910630000,44.815150000,838.000
5.910590000,44.815610000,835.000
5.910500000,44.815760000,832.000
5.910400000,44.815850000,830.000
5.910300000,44.815940000,828.000
5.910160000,44.815990000,827.000
5.909730000,44.816080000,824.000
5.909240000,44.816110000,822.000
5.908480000,44.816100000,818.000
5.907990000,44.816140000,815.000
5.907340000,44.816130000,810.000
5.907250000,44.816130000,806.000
5.907190000,44.816150000,803.000
5.907160000,44.816180000,801.000
5.907160000,44.816230000,800.000
5.907200000,44.816290000,798.000
5.907260000,44.816330000,797.000
5.907370000,44.816370000,796.000
5.907790000,44.816570000,793.000
5.907960000,44.816660000,790.000
5.908030000,44.816720000,788.000
5.908050000,44.816760000,786.000
5.908050000,44.816820000,785.000
5.908050000,44.816870000,783.000
5.908030000,44.816910000,782.000
5.907450000,44.817630000,777.000
5.907420000,44.817720000,774.000
5.907450000,44.817820000,772.000
5.907490000,44.817890000,770.000
5.907610000,44.817950000,769.000
5.908100000,44.818230000,769.000
5.908240000,44.818300000,770.000
5.908310000,44.818330000,770.000
5.908400000,44.818330000,770.000
5.908670000,44.818300000,770.000
5.909250000,44.818230000,771.000
5.909520000,44.818200000,772.000
5.909830000,44.818170000,772.000
5.909970000,44.818160000,773.000
5.910100000,44.818170000,773.000
5.910290000,44.818210000,773.000
5.910470000,44.818250000,773.000
5.910720000,44.818330000,772.000
5.910870000,44.818370000,772.000
5.910980000,44.818380000,772.000
5.911080000,44.818370000,772.000
5.911180000,44.818350000,772.000
5.911330000,44.818290000,772.000
5.911530000,44.818230000,771.000
5.911730000,44.818190000,771.000
5.912060000,44.818140000,771.000
5.912420000,44.818100000,771.000
5.912650000,44.818080000,771.000
5.912800000,44.818080000,770.000
5.912910000,44.818090000,770.000
5.913130000,44.818140000,770.000
5.913510000,44.818260000,770.000
5.913950000,44.818410000,770.000
5.914090000,44.818470000,770.000
5.914200000,44.818530000,770.000
5.914270000,44.818580000,770.000
5.914350000,44.818670000,770.000
5.914400000,44.818770000,770.000
5.914460000,44.818930000,770.000
5.914540000,44.819030000,770.000
5.914650000,44.819120000,770.000
5.914790000,44.819210000,770.000
5.915040000,44.819340000,771.000
5.915150000,44.819380000,771.000
5.915210000,44.819380000,771.000
5.915260000,44.819390000,771.000
5.915370000,44.819390000,772.000
5.915490000,44.819350000,772.000
5.915610000,44.819290000,772.000
5.915670000,44.819220000,772.000
5.915710000,44.819130000,772.000
5.915750000,44.819010000,772.000
5.915780000,44.818730000,773.000
5.915830000,44.818420000,773.000
5.915850000,44.818330000,773.000
5.915940000,44.818230000,772.000
5.916110000,44.818090000,772.000
5.916330000,44.817910000,772.000
5.916470000,44.817770000,771.000
5.916590000,44.817630000,771.000
5.916720000,44.817460000,770.000
5.916830000,44.817300000,770.000
5.916980000,44.817150000,769.000
5.917080000,44.817050000,770.000
5.917170000,44.816990000,770.000
5.917260000,44.816980000,770.000
5.917330000,44.816980000,771.000
5.917400000,44.816990000,771.000
5.917450000,44.817010000,772.000
5.917520000,44.817040000,772.000
5.917840000,44.817430000,774.000
5.918120000,44.817790000,777.000
5.918190000,44.817860000,779.000
5.918290000,44.817910000,781.000
5.918410000,44.817940000,782.000
5.918990000,44.818080000,785.000
5.919140000,44.818120000,787.000
5.919340000,44.818150000,788.000
5.919480000,44.818170000,790.000
5.919640000,44.818180000,791.000
5.919890000,44.818180000,793.000
5.920280000,44.818190000,794.000
5.920520000,44.818210000,796.000
5.920730000,44.818260000,798.000
5.920980000,44.818310000,799.000
5.921090000,44.818320000,801.000
5.921200000,44.818320000,802.000
5.921320000,44.818300000,803.000
5.921570000,44.818260000,804.000
5.922620000,44.818190000,807.000
5.922880000,44.818180000,810.000
5.923130000,44.818180000,812.000
5.923570000,44.818230000,814.000
5.923780000,44.818240000,816.000
5.924140000,44.818230000,818.000
5.924570000,44.818230000,821.000
5.924880000,44.818220000,823.000
5.925240000,44.818170000,825.000
5.925660000,44.818170000,828.000
5.925920000,44.818170000,830.000
5.926060000,44.818200000,831.000
5.926180000,44.818240000,833.000
5.926310000,44.818320000,834.000
5.926490000,44.818460000,836.000
5.926600000,44.818520000,837.000
5.926700000,44.818550000,838.000
5.926840000,44.818560000,839.000
5.926960000,44.818560000,840.000
5.927090000,44.818540000,840.000
5.927240000,44.818500000,841.000
5.927400000,44.818470000,842.000
5.927550000,44.818450000,843.000
5.927680000,44.818450000,843.000
5.928120000,44.818460000,844.000
5.928390000,44.818480000,846.000
5.928760000,44.818530000,847.000
5.928990000,44.818550000,848.000
5.929330000,44.818560000,850.000
5.929710000,44.818530000,851.000
5.930020000,44.818510000,852.000
5.930310000,44.818470000,853.000
5.930440000,44.818460000,854.000
5.930540000,44.818480000,855.000
5.931020000,44.818570000,856.000
5.931330000,44.818600000,857.000
5.931540000,44.818610000,858.000
5.931730000,44.818590000,858.000
5.931910000,44.818550000,859.000
5.932080000,44.818500000,860.000
5.932200000,44.818470000,861.000
5.932310000,44.818460000,862.000
5.932430000,44.818460000,863.000
5.932560000,44.818480000,863.000
5.932860000,44.818550000,865.000
5.932960000,44.818570000,866.000
5.933020000,44.818600000,867.000
5.933050000,44.818620000,867.000
5.933090000,44.818640000,868.000
5.933110000,44.818670000,869.000
5.933140000,44.818690000,869.000
5.933150000,44.818720000,869.000
5.933160000,44.818740000,870.000
5.933170000,44.818780000,870.000
5.933180000,44.818830000,870.000
5.933170000,44.818900000,871.000
5.933160000,44.818960000,871.000
5.933130000,44.819030000,872.000
5.933070000,44.819100000,873.000
5.932990000,44.819160000,873.000
5.932900000,44.819200000,874.000
5.932750000,44.819250000,875.000
5.932510000,44.819310000,876.000
5.932270000,44.819350000,877.000
5.932160000,44.819380000,879.000
5.932110000,44.819410000,879.000
5.932080000,44.819450000,880.000
5.932080000,44.819500000,881.000
5.932100000,44.819520000,881.000
5.932150000,44.819550000,882.000
5.932220000,44.819570000,882.000
5.932340000,44.819570000,883.000
5.932490000,44.819560000,883.000
5.932640000,44.819550000,884.000
5.932800000,44.819570000,885.000
5.932950000,44.819580000,886.000
5.934040000,44.819720000,889.000
5.934350000,44.819740000,891.000
5.934560000,44.819750000,893.000
5.934730000,44.819750000,894.000
5.934890000,44.819730000,895.000
5.935040000,44.819700000,896.000
5.935180000,44.819660000,897.000
5.935330000,44.819590000,898.000
5.935440000,44.819530000,899.000
5.935710000,44.819360000,900.000
5.935730000,44.819350000,900.000
5.935860000,44.819290000,901.000
5.936060000,44.819210000,902.000
5.936660000,44.819000000,903.000
5.936820000,44.818950000,904.000
5.936940000,44.818930000,905.000
5.937060000,44.818920000,906.000
5.937220000,44.818900000,906.000
5.937400000,44.818910000,907.000
5.937570000,44.818920000,908.000
5.937850000,44.818970000,909.000
5.938060000,44.818990000,910.000
5.938230000,44.819000000,911.000
5.938390000,44.819010000,912.000
5.938570000,44.819010000,912.000
5.938800000,44.818990000,913.000
5.939160000,44.818950000,914.000
5.939260000,44.818940000,915.000
5.939360000,44.818940000,916.000
5.939450000,44.818940000,917.000
5.939600000,44.818960000,917.000
5.939710000,44.818980000,918.000
5.940240000,44.819070000,919.000
5.940650000,44.819140000,921.000
5.940970000,44.819190000,923.000
5.941100000,44.819210000,924.000
5.941230000,44.819210000,925.000
5.941350000,44.819210000,926.000
5.941500000,44.819200000,927.000
5.941610000,44.819180000,927.000
5.941710000,44.819150000,928.000
5.941920000,44.819070000,929.000
5.942070000,44.819020000,929.000
5.942210000,44.818990000,929.000
5.942290000,44.818980000,929.000
5.942290000,44.818980000,929.000
5.942360000,44.818960000,929.000
5.942510000,44.818960000,929.000
5.942670000,44.818960000,929.000
5.943240000,44.818980000,929.000
5.943600000,44.818990000,929.000
5.943730000,44.819000000,929.000
5.944120000,44.819010000,929.000
5.944550000,44.819020000,929.000
5.944690000,44.819020000,930.000
5.945180000,44.819030000,930.000
5.945380000,44.819030000,930.000
5.945480000,44.819040000,930.000
5.945610000,44.819050000,930.000
5.945730000,44.819090000,930.000
5.945800000,44.819150000,930.000
5.945900000,44.819290000,930.000
5.945950000,44.819370000,931.000
5.946100000,44.819590000,931.000
5.946300000,44.819670000,931.000
5.946330000,44.819700000,931.000
5.946380000,44.819750000,931.000
5.946410000,44.819810000,931.000
5.946360000,44.819850000,931.000
5.946270000,44.819950000,931.000
5.946230000,44.820020000,931.000
5.946220000,44.820100000,931.000
5.946260000,44.820150000,931.000
5.946320000,44.820190000,930.000
5.946420000,44.820230000,930.000
5.946860000,44.820340000,928.000
5.947050000,44.820400000,927.000
5.947230000,44.820460000,926.000
5.947280000,44.820480000,925.000
5.947820000,44.820660000,923.000
5.948390000,44.820830000,921.000
5.948650000,44.820910000,919.000
5.948820000,44.820980000,917.000
5.948970000,44.821040000,916.000
5.949160000,44.821140000,915.000
5.949350000,44.821260000,914.000
5.949610000,44.821450000,912.000
5.949830000,44.821610000,911.000
5.949990000,44.821710000,909.000
5.950220000,44.821820000,908.000
5.950580000,44.821980000,907.000
5.950870000,44.822110000,905.000
5.951210000,44.822250000,903.000
5.951410000,44.822320000,901.000
5.951570000,44.822360000,900.000
5.952270000,44.822540000,897.000
5.952400000,44.822600000,895.000
5.952480000,44.822650000,893.000
5.952530000,44.822680000,892.000
5.952580000,44.822740000,891.000
5.952610000,44.822790000,891.000
5.952620000,44.822840000,890.000
5.952620000,44.822900000,889.000
5.952600000,44.822950000,889.000
5.952570000,44.823000000,888.000
5.952530000,44.823040000,888.000
5.952470000,44.823080000,888.000
5.952420000,44.823100000,888.000
5.952350000,44.823120000,887.000
5.952280000,44.823130000,887.000
5.952200000,44.823130000,887.000
5.952100000,44.823120000,887.000
5.951980000,44.823110000,887.000
5.951850000,44.823080000,887.000
5.951590000,44.823030000,887.000
5.951400000,44.823000000,886.000
5.951190000,44.822980000,886.000
5.950970000,44.822960000,886.000
5.950230000,44.822950000,885.000
5.950130000,44.822940000,885.000
5.949710000,44.822940000,885.000
5.949270000,44.822930000,885.000
5.949030000,44.822930000,884.000
5.948810000,44.822940000,884.000
5.948670000,44.822950000,884.000
5.948530000,44.822970000,884.000
5.948230000,44.823010000,884.000
5.948010000,44.823030000,884.000
5.947880000,44.823050000,884.000
5.947690000,44.823060000,884.000
5.947290000,44.823050000,884.000
5.947070000,44.823050000,883.000
5.946910000,44.823070000,883.000
5.946650000,44.823110000,882.000
5.946290000,44.823170000,882.000
5.945930000,44.823240000,881.000
5.945610000,44.823320000,880.000
5.945370000,44.823390000,879.000
5.945190000,44.823440000,878.000
5.944980000,44.823530000,877.000
5.944810000,44.823600000,876.000
5.944680000,44.823680000,876.000
5.944460000,44.823800000,875.000
5.944120000,44.824000000,875.000
5.944000000,44.824050000,875.000
5.943890000,44.824100000,875.000
5.943750000,44.824150000,875.000
5.943640000,44.824180000,875.000
5.943430000,44.824220000,875.000
5.942570000,44.824390000,875.000
5.942220000,44.824460000,874.000
5.941950000,44.824510000,874.000
5.941730000,44.824530000,874.000
5.941440000,44.824550000,873.000
5.941340000,44.824550000,873.000
5.940680000,44.824580000,872.000
5.938990000,44.824660000,871.000
5.937810000,44.824730000,869.000
5.937760000,44.824730000,868.000
5.937760000,44.824730000,868.000
5.937020000,44.824770000,867.000
5.936750000,44.824790000,866.000
5.936430000,44.824820000,865.000
5.936000000,44.824870000,864.000
5.935150000,44.824990000,863.000
5.934760000,44.825050000,863.000
5.934500000,44.825100000,862.000
5.934240000,44.825160000,861.000
5.933960000,44.825220000,861.000
5.933300000,44.825420000,861.000
5.932940000,44.825530000,861.000
5.932780000,44.825590000,861.000
5.932640000,44.825640000,861.000
5.932530000,44.825700000,861.000
5.932430000,44.825760000,861.000
5.932340000,44.825830000,861.000
5.932270000,44.825900000,861.000
5.932190000,44.825990000,862.000
5.932120000,44.826100000,862.000
5.932040000,44.826240000,862.000
5.931970000,44.826360000,862.000
5.931890000,44.826460000,862.000
5.931800000,44.826560000,862.000
5.931730000,44.826620000,862.000
5.931640000,44.826690000,863.000
5.931540000,44.826750000,863.000
5.931440000,44.826790000,863.000
5.931300000,44.826840000,863.000
5.931140000,44.826890000,863.000
5.930250000,44.827180000,863.000
5.929520000,44.827420000,863.000
5.929160000,44.827520000,864.000
5.928920000,44.827590000,865.000
5.928680000,44.827640000,867.000
5.928260000,44.827710000,869.000
5.927880000,44.827760000,871.000
5.927680000,44.827800000,873.000
5.927530000,44.827840000,874.000
5.927390000,44.827890000,876.000
5.927260000,44.827940000,877.000
5.927130000,44.828000000,878.000
5.927010000,44.828070000,879.000
5.926710000,44.828250000,880.000
5.926590000,44.828330000,881.000
5.926410000,44.828410000,883.000
5.926240000,44.828480000,884.000
5.926080000,44.828520000,884.000
5.925940000,44.828540000,885.000
5.925160000,44.828610000,887.000
5.924920000,44.828640000,889.000
5.924710000,44.828670000,890.000
5.924500000,44.828720000,891.000
5.924180000,44.828790000,892.000
5.923320000,44.829020000,893.000
5.922550000,44.829250000,895.000
5.921570000,44.829560000,897.000
5.920870000,44.829790000,900.000
5.920710000,44.829860000,902.000
5.920590000,44.829910000,904.000
5.920490000,44.829970000,905.000
5.920380000,44.830040000,906.000
5.920300000,44.830110000,907.000
5.920210000,44.830210000,908.000
5.920130000,44.830300000,909.000
5.919980000,44.830510000,910.000
5.919860000,44.830640000,911.000
5.919810000,44.830700000,912.000
5.919740000,44.830760000,913.000
5.919650000,44.830830000,914.000
5.919500000,44.830910000,914.000
5.919130000,44.831070000,915.000
5.918920000,44.831180000,915.000
5.918780000,44.831270000,915.000
5.918590000,44.831400000,916.000
5.918450000,44.831500000,916.000
5.918290000,44.831590000,917.000
5.918140000,44.831660000,917.000
5.917950000,44.831730000,917.000
5.917730000,44.831790000,918.000
5.917520000,44.831820000,918.000
5.917260000,44.831840000,918.000
5.916460000,44.831850000,919.000
5.916090000,44.831850000,919.000
5.915640000,44.831870000,920.000
5.914860000,44.831900000,920.000
5.914540000,44.831900000,921.000
5.914040000,44.831910000,921.000
5.913540000,44.831930000,921.000
5.913010000,44.831950000,920.000
5.912330000,44.831960000,920.000
5.912110000,44.831980000,920.000
5.911770000,44.831990000,919.000
5.911570000,44.832000000,918.000
5.911100000,44.832050000,917.000
5.910970000,44.832080000,916.000
5.910840000,44.832130000,916.000
5.910800000,44.832200000,915.000
5.910800000,44.832280000,914.000
5.910860000,44.832340000,914.000
5.910970000,44.832360000,914.000
5.911350000,44.832350000,913.000
5.911590000,44.832360000,912.000
5.911770000,44.832390000,911.000
5.911960000,44.832460000,911.000
5.912150000,44.832560000,910.000
5.912310000,44.832660000,910.000
5.912430000,44.832800000,909.000
5.912690000,44.833150000,908.000
5.912800000,44.833280000,908.000
5.912930000,44.833400000,907.000
5.912990000,44.833460000,906.000
5.913070000,44.833520000,906.000
5.913160000,44.833570000,906.000
5.913320000,44.833650000,905.000
5.913540000,44.833730000,905.000
5.913740000,44.833810000,904.000
5.913920000,44.833900000,903.000
5.914080000,44.833980000,902.000
5.914170000,44.834050000,901.000
5.914320000,44.834160000,900.000
5.914450000,44.834260000,899.000
5.914520000,44.834340000,898.000
5.914560000,44.834400000,897.000
5.914600000,44.834470000,896.000
5.914610000,44.834540000,896.000
5.914610000,44.834600000,895.000
5.914600000,44.834650000,895.000
5.914580000,44.834720000,894.000
5.914530000,44.834780000,894.000
5.914470000,44.834840000,893.000
5.914400000,44.834890000,893.000
5.914320000,44.834930000,892.000
5.914230000,44.834960000,892.000
5.914130000,44.834980000,891.000
5.914030000,44.834980000,891.000
5.913930000,44.834970000,891.000
5.913780000,44.834940000,891.000
5.913470000,44.834840000,891.000
5.912980000,44.834670000,891.000
5.912570000,44.834540000,892.000
5.912250000,44.834470000,892.000
5.911920000,44.834410000,893.000
5.911690000,44.834370000,893.000
5.911390000,44.834330000,893.000
5.911210000,44.834310000,893.000
5.911000000,44.834320000,892.000
5.910780000,44.834340000,892.000
5.910380000,44.834400000,891.000
5.910210000,44.834420000,891.000
5.910050000,44.834420000,890.000
5.909860000,44.834430000,890.000
5.909670000,44.834420000,889.000
5.909040000,44.834360000,888.000
5.908720000,44.834320000,888.000
5.908450000,44.834300000,888.000
5.908100000,44.834290000,888.000
5.907700000,44.834290000,888.000
5.907590000,44.834280000,888.000
5.907490000,44.834270000,889.000
5.907400000,44.834250000,889.000
5.907310000,44.834230000,889.000
5.907200000,44.834180000,889.000
5.906940000,44.834050000,889.000
5.906630000,44.833880000,890.000
5.906360000,44.833750000,890.000
5.905910000,44.833550000,890.000
5.905450000,44.833380000,891.000
5.905120000,44.833260000,891.000
5.904890000,44.833190000,891.000
5.904670000,44.833140000,892.000
5.904480000,44.833110000,892.000
5.904260000,44.833080000,892.000
5.904060000,44.833060000,892.000
5.903700000,44.833050000,893.000
5.903200000,44.833040000,894.000
5.902850000,44.833030000,896.000
5.902670000,44.833030000,897.000
5.902430000,44.833050000,898.000
5.902100000,44.833070000,899.000
5.901890000,44.833080000,900.000
5.901650000,44.833080000,901.000
5.901430000,44.833050000,901.000
5.901200000,44.833020000,902.000
5.901070000,44.832990000,903.000
5.900920000,44.832950000,904.000
5.900790000,44.832910000,904.000
5.900650000,44.832870000,905.000
5.900430000,44.832780000,905.000
5.899520000,44.832430000,907.000
5.898950000,44.832230000,908.000
5.898010000,44.831920000,909.000
5.897820000,44.831870000,909.000
5.897660000,44.831840000,909.000
5.897500000,44.831810000,910.000
5.897380000,44.831810000,910.000
5.897290000,44.831800000,909.000
5.897190000,44.831810000,909.000
5.897080000,44.831830000,909.000
5.896940000,44.831870000,909.000
5.896760000,44.831930000,909.000
5.896600000,44.832020000,909.000
5.896120000,44.832350000,909.000
5.895800000,44.832570000,909.000
5.895620000,44.832680000,910.000
5.895500000,44.832750000,910.000
5.895350000,44.832820000,910.000
5.894640000,44.833130000,911.000
5.894350000,44.833260000,911.000
5.894200000,44.833310000,912.000
5.894080000,44.833340000,912.000
5.893970000,44.833350000,912.000
5.893810000,44.833330000,912.000
5.893740000,44.833330000,912.000
5.893610000,44.833290000,912.000
5.893460000,44.833220000,912.000
5.893340000,44.833150000,912.000
5.893130000,44.832990000,912.000
5.892890000,44.832810000,912.000
5.892730000,44.832700000,911.000
5.892610000,44.832650000,911.000
5.892400000,44.832590000,911.000
5.891790000,44.832480000,911.000
5.891470000,44.832410000,911.000
5.891270000,44.832370000,910.000
5.891120000,44.832360000,910.000
5.890990000,44.832370000,910.000
5.890790000,44.832390000,910.000
5.890650000,44.832440000,909.000
5.890470000,44.832510000,909.000
5.890320000,44.832590000,909.000
5.890000000,44.832800000,909.000
5.889160000,44.833400000,908.000
5.888380000,44.833990000,907.000
5.888030000,44.834270000,906.000
5.887880000,44.834380000,905.000
5.887570000,44.834660000,904.000
5.887180000,44.835060000,903.000
5.886930000,44.835350000,902.000
5.886690000,44.835680000,902.000
5.886590000,44.835810000,901.000
5.886490000,44.835920000,901.000
5.886410000,44.835990000,901.000
5.886330000,44.836040000,901.000
5.886220000,44.836110000,901.000
5.886080000,44.836170000,901.000
5.885840000,44.836280000,901.000
5.885360000,44.836470000,901.000
5.885200000,44.836540000,901.000
5.885060000,44.836580000,901.000
5.884920000,44.836600000,902.000
5.884710000,44.836620000,902.000
5.884520000,44.836620000,902.000
5.883740000,44.836610000,902.000
5.882950000,44.836600000,902.000
5.882710000,44.836610000,902.000
5.882410000,44.836630000,902.000
5.882160000,44.836660000,902.000
5.881800000,44.836720000,902.000
5.881520000,44.836760000,902.000
5.881270000,44.836770000,902.000
5.881030000,44.836770000,902.000
5.880780000,44.836760000,902.000
5.880370000,44.836730000,902.000
5.879960000,44.836680000,902.000
5.879710000,44.836660000,902.000
5.879550000,44.836670000,902.000
5.879420000,44.836690000,902.000
5.879290000,44.836710000,902.000
5.879130000,44.836760000,903.000
5.879020000,44.836810000,903.000
5.878860000,44.836890000,903.000
5.878760000,44.836970000,903.000
5.878670000,44.837060000,904.000
5.878490000,44.837260000,904.000
5.878290000,44.837500000,905.000
5.878170000,44.837650000,905.000
5.878060000,44.837810000,906.000
5.877940000,44.838010000,906.000
5.877700000,44.838480000,906.000
5.877490000,44.838910000,907.000
5.877390000,44.839100000,907.000
5.877290000,44.839300000,907.000
5.877140000,44.839530000,907.000
5.876990000,44.839710000,908.000
5.876880000,44.839850000,908.000
5.876750000,44.839990000,908.000
5.876640000,44.840080000,909.000
5.876520000,44.840180000,909.000
5.876290000,44.840350000,910.000
5.876140000,44.840420000,911.000
5.875990000,44.840490000,911.000
5.875910000,44.840530000,912.000
5.875780000,44.840580000,912.000
5.875680000,44.840600000,913.000
5.875540000,44.840620000,913.000
5.875380000,44.840630000,913.000
5.875240000,44.840630000,914.000
5.875200000,44.840620000,914.000
5.875020000,44.840600000,914.000
5.874730000,44.840560000,914.000
5.874360000,44.840510000,913.000
5.874180000,44.840500000,913.000
5.874080000,44.840500000,913.000
5.873980000,44.840500000,912.000
5.873880000,44.840510000,912.000
5.873780000,44.840540000,912.000
5.873680000,44.840580000,912.000
5.873560000,44.840620000,911.000
5.873440000,44.840700000,911.000
5.873040000,44.841010000,911.000
5.872720000,44.841250000,910.000
5.871960000,44.841790000,909.000
5.871450000,44.842190000,907.000
5.870990000,44.842550000,906.000
5.870810000,44.842680000,905.000
5.870530000,44.842940000,904.000
5.870160000,44.843290000,904.000
5.870020000,44.843420000,903.000
5.869850000,44.843570000,903.000
5.869620000,44.843730000,903.000
5.869330000,44.843900000,903.000
5.869100000,44.844020000,903.000
5.868960000,44.844080000,903.000
5.868810000,44.844150000,903.000
5.868670000,44.844190000,902.000
5.868510000,44.844240000,902.000
5.868340000,44.844280000,901.000
5.868160000,44.844320000,901.000
5.867910000,44.844370000,900.000
5.867650000,44.844410000,899.000
5.867360000,44.844440000,898.000
5.867020000,44.844480000,897.000
5.865370000,44.844630000,894.000
5.865020000,44.844670000,892.000
5.864720000,44.844720000,890.000
5.864490000,44.844750000,889.000
5.864230000,44.844810000,888.000
5.863860000,44.844900000,887.000
5.863420000,44.845020000,886.000
5.862960000,44.845120000,885.000
5.862710000,44.845200000,884.000
5.862510000,44.845280000,884.000
5.862310000,44.845370000,883.000
5.862050000,44.845510000,883.000
5.861780000,44.845680000,882.000
5.861650000,44.845770000,882.000
5.861550000,44.845860000,881.000
5.861480000,44.845940000,881.000
5.861370000,44.846090000,881.000
5.861300000,44.846200000,881.000
5.861240000,44.846310000,880.000
5.861110000,44.846560000,880.000
5.861040000,44.846660000,880.000
5.860980000,44.846740000,879.000
5.860910000,44.846800000,879.000
5.860810000,44.846890000,879.000
5.860690000,44.846960000,878.000
5.860300000,44.847170000,878.000
5.860160000,44.847260000,877.000
5.860060000,44.847330000,876.000
5.859970000,44.847420000,876.000
5.859890000,44.847510000,875.000
5.859830000,44.847610000,875.000
5.859740000,44.847760000,874.000
5.859540000,44.848190000,873.000
5.859380000,44.848550000,872.000
5.859130000,44.849050000,871.000
5.858990000,44.849320000,871.000
5.858780000,44.849680000,870.000
5.858500000,44.850180000,869.000
5.858390000,44.850380000,867.000
5.858320000,44.850520000,866.000
5.858280000,44.850630000,865.000
5.858240000,44.850770000,865.000
5.858190000,44.850980000,864.000
5.858160000,44.851070000,863.000
5.858030000,44.851370000,861.000
5.857900000,44.851630000,860.000
5.857860000,44.851720000,859.000
5.857830000,44.851810000,858.000
5.857820000,44.851930000,857.000
5.857820000,44.852050000,857.000
5.857830000,44.852190000,856.000
5.857830000,44.852230000,856.000
5.857840000,44.852300000,855.000
5.857860000,44.852390000,855.000
5.857890000,44.852510000,855.000
5.857920000,44.852620000,854.000
5.857950000,44.852710000,854.000
5.858000000,44.852800000,854.000
5.858030000,44.852870000,853.000
5.858050000,44.852920000,853.000
5.858210000,44.853200000,853.000
5.858370000,44.853520000,852.000
5.858410000,44.853620000,852.000
5.858440000,44.853690000,851.000
5.858450000,44.853770000,851.000
5.858460000,44.853870000,851.000
5.858450000,44.853970000,850.000
5.858430000,44.854080000,850.000
5.858400000,44.854170000,850.000
5.858370000,44.854240000,849.000
5.858340000,44.854290000,849.000
5.858310000,44.854330000,849.000
5.858280000,44.854370000,849.000
5.858250000,44.854410000,849.000
5.858180000,44.854480000,849.000
5.858130000,44.854520000,848.000
5.857950000,44.854650000,848.000
5.857490000,44.854930000,848.000
5.857330000,44.855050000,847.000
5.857180000,44.855160000,846.000
5.857110000,44.855230000,846.000
5.857020000,44.855320000,845.000
5.856980000,44.855380000,845.000
5.856930000,44.855450000,844.000
5.856900000,44.855520000,844.000
5.856870000,44.855600000,843.000
5.856850000,44.855700000,843.000
5.856840000,44.855790000,842.000
5.856840000,44.855880000,842.000
5.856860000,44.855960000,841.000
5.856890000,44.856060000,840.000
5.856950000,44.856220000,840.000
5.857030000,44.856430000,839.000
5.857070000,44.856540000,838.000
5.857080000,44.856640000,837.000
5.857090000,44.856720000,836.000
5.857080000,44.856930000,835.000
5.857060000,44.857220000,834.000
5.857060000,44.857300000,833.000
5.857070000,44.857390000,833.000
5.857100000,44.857470000,832.000
5.857130000,44.857550000,832.000
5.857170000,44.857610000,831.000
5.857220000,44.857670000,831.000
5.857290000,44.857730000,830.000
5.857380000,44.857780000,830.000
5.857480000,44.857830000,830.000
5.857630000,44.857880000,829.000
5.857680000,44.857900000,829.000
5.857790000,44.857930000,828.000
5.858040000,44.858020000,828.000
5.858290000,44.858110000,827.000
5.858420000,44.858170000,826.000
5.858570000,44.858250000,826.000
5.858710000,44.858350000,825.000
5.858890000,44.858480000,824.000
5.859080000,44.858610000,823.000
5.859290000,44.858750000,822.000
5.859420000,44.858830000,821.000
5.859570000,44.858900000,821.000
5.859710000,44.858960000,820.000
5.859870000,44.859020000,819.000
5.860120000,44.859080000,818.000
5.860430000,44.859170000,817.000
5.860590000,44.859220000,816.000
5.860730000,44.859270000,815.000
5.860890000,44.859350000,814.000
5.861080000,44.859470000,813.000
5.861500000,44.859730000,811.000
5.861830000,44.859930000,809.000
5.861980000,44.860040000,807.000
5.862070000,44.860120000,805.000
5.862170000,44.860210000,804.000
5.862190000,44.860240000,803.000
5.862380000,44.860460000,801.000
5.862620000,44.860770000,799.000
5.862810000,44.861000000,798.000
5.863180000,44.861450000,797.000
5.863330000,44.861650000,796.000
5.863480000,44.861850000,795.000
5.863600000,44.862050000,794.000
5.863990000,44.862720000,793.000
5.864140000,44.862960000,792.000
5.864220000,44.863090000,792.000
5.864300000,44.863200000,791.000
5.864340000,44.863260000,791.000
5.864420000,44.863410000,790.000
5.864480000,44.863530000,790.000
5.864520000,44.863610000,789.000
5.864540000,44.863690000,789.000
5.864550000,44.863770000,788.000
5.864550000,44.863870000,788.000
5.864530000,44.863950000,788.000
5.864490000,44.864040000,788.000
5.864450000,44.864110000,787.000
5.864390000,44.864200000,787.000
5.864330000,44.864260000,787.000
5.864230000,44.864330000,786.000
5.864130000,44.864400000,786.000
5.864030000,44.864460000,786.000
5.863930000,44.864500000,786.000
5.863830000,44.864530000,785.000
5.863750000,44.864540000,785.000
5.863650000,44.864560000,785.000
5.863580000,44.864570000,784.000
5.863480000,44.864570000,784.000
5.863400000,44.864580000,784.000
5.863290000,44.864570000,784.000
5.863180000,44.864550000,784.000
5.862750000,44.864460000,783.000
5.861820000,44.864260000,782.000
5.861760000,44.864240000,781.000
5.860960000,44.864090000,780.000
5.860890000,44.864080000,779.000
5.860620000,44.864040000,778.000
5.859780000,44.863870000,776.000
5.859430000,44.863820000,775.000
5.859010000,44.863760000,773.000
5.859000000,44.863760000,772.000
5.858740000,44.863730000,771.000
5.858220000,44.863650000,770.000
5.857620000,44.863600000,769.000
5.857470000,44.863590000,768.000
5.857340000,44.863590000,768.000
5.857220000,44.863580000,767.000
5.857100000,44.863590000,767.000
5.857010000,44.863590000,767.000
5.856870000,44.863600000,766.000
5.856440000,44.863650000,766.000
5.855990000,44.863690000,766.000
5.855780000,44.863710000,765.000
5.855650000,44.863730000,765.000
5.855510000,44.863750000,765.000
5.855320000,44.863790000,765.000
5.855190000,44.863820000,765.000
5.855000000,44.863880000,765.000
5.854760000,44.863960000,765.000
5.854570000,44.864020000,765.000
5.854350000,44.864090000,765.000
5.854180000,44.864130000,765.000
5.853980000,44.864180000,766.000
5.853760000,44.864220000,766.000
5.853590000,44.864250000,766.000
5.853430000,44.864270000,766.000
5.853340000,44.864290000,766.000
5.853250000,44.864300000,766.000
5.853160000,44.864320000,766.000
5.853060000,44.864350000,767.000
5.852880000,44.864420000,767.000
5.852670000,44.864520000,768.000
5.852350000,44.864690000,769.000
5.851770000,44.865000000,771.000
5.851520000,44.865130000,773.000
5.851470000,44.865150000,774.000
5.850950000,44.865450000,776.000
5.850870000,44.865490000,777.000
5.850790000,44.865530000,778.000
5.850460000,44.865670000,780.000
5.850190000,44.865790000,782.000
5.849930000,44.865910000,784.000
5.849510000,44.866120000,786.000
5.849340000,44.866200000,788.000
5.849100000,44.866330000,790.000
5.848720000,44.866510000,793.000
5.848290000,44.866730000,795.000
5.848110000,44.866800000,797.000
5.847850000,44.866930000,798.000
5.847690000,44.867020000,800.000
5.847330000,44.867200000,801.000
5.847060000,44.867340000,802.000
5.846860000,44.867440000,804.000
5.846560000,44.867560000,805.000
5.846280000,44.867700000,807.000
5.846020000,44.867830000,809.000
5.845940000,44.867870000,810.000
5.845910000,44.867890000,811.000
5.845570000,44.868080000,813.000
5.845320000,44.868210000,815.000
5.845130000,44.868320000,817.000
5.844810000,44.868500000,820.000
5.844640000,44.868590000,822.000
5.844460000,44.868680000,824.000
5.844220000,44.868790000,825.000
5.844140000,44.868810000,826.000
5.844030000,44.868840000,827.000
5.843930000,44.868860000,827.000
5.843820000,44.868870000,828.000
5.843660000,44.868880000,828.000
5.843490000,44.868890000,829.000
5.843210000,44.868900000,829.000
5.843070000,44.868910000,829.000
5.842950000,44.868930000,830.000
5.842860000,44.868950000,830.000
5.842750000,44.868980000,830.000
5.842640000,44.869030000,831.000
5.842540000,44.869070000,831.000
5.842450000,44.869130000,831.000
5.842370000,44.869190000,831.000
5.842280000,44.869280000,832.000
5.842140000,44.869430000,832.000
5.842010000,44.869590000,832.000
5.841980000,44.869620000,832.000
5.841910000,44.869700000,833.000
5.841830000,44.869770000,833.000
5.841720000,44.869840000,833.000
5.841630000,44.869890000,833.000
5.841530000,44.869930000,833.000
5.841400000,44.869970000,833.000
5.841240000,44.870010000,834.000
5.841100000,44.870040000,834.000
5.840960000,44.870050000,834.000
5.840590000,44.870080000,834.000
5.840420000,44.870100000,834.000
5.840300000,44.870120000,835.000
5.840190000,44.870140000,835.000
5.840100000,44.870180000,835.000
5.839960000,44.870240000,835.000
5.839930000,44.870260000,835.000
5.839870000,44.870310000,836.000
5.839810000,44.870370000,836.000
5.839750000,44.870440000,836.000
5.839690000,44.870540000,837.000
5.839620000,44.870700000,837.000
5.839500000,44.870960000,838.000
5.839120000,44.871790000,841.000
5.838740000,44.872590000,844.000
5.838690000,44.872740000,846.000
5.838650000,44.872870000,848.000
5.838630000,44.873010000,849.000
5.838620000,44.873140000,850.000
5.838620000,44.873270000,850.000
5.838620000,44.873440000,851.000
5.838630000,44.873630000,851.000
5.838660000,44.873810000,852.000
5.838700000,44.874060000,852.000
5.838710000,44.874180000,852.000
5.838700000,44.874280000,853.000
5.838690000,44.874370000,853.000
5.838660000,44.874450000,853.000
5.838630000,44.874520000,853.000
5.838570000,44.874600000,853.000
5.838510000,44.874660000,853.000
5.838450000,44.874720000,853.000
5.838330000,44.874830000,853.000
5.838180000,44.874950000,853.000
5.837980000,44.875130000,853.000
5.837810000,44.875280000,852.000
5.837530000,44.875550000,852.000
5.837060000,44.876020000,852.000
5.836980000,44.876080000,851.000
5.836820000,44.876190000,851.000
5.836710000,44.876250000,851.000
5.836610000,44.876290000,851.000
5.836490000,44.876340000,851.000
5.836320000,44.876380000,851.000
5.836190000,44.876400000,851.000
5.836070000,44.876410000,851.000
5.835920000,44.876410000,851.000
5.835780000,44.876400000,851.000
5.835660000,44.876380000,851.000
5.835540000,44.876360000,851.000
5.835430000,44.876320000,851.000
5.835340000,44.876280000,851.000
5.835250000,44.876230000,851.000
5.835100000,44.876140000,851.000
5.835030000,44.876090000,851.000
5.834870000,44.875990000,851.000
5.834760000,44.875930000,851.000
5.834610000,44.875860000,851.000
5.834450000,44.875800000,851.000
5.834330000,44.875760000,851.000
5.834210000,44.875730000,851.000
5.834090000,44.875720000,851.000
5.833930000,44.875710000,850.000
5.833770000,44.875720000,850.000
5.833640000,44.875730000,850.000
5.833500000,44.875750000,850.000
5.833380000,44.875790000,850.000
5.833310000,44.875810000,849.000
5.833260000,44.875840000,849.000
5.833060000,44.875940000,849.000
5.832370000,44.876330000,849.000
5.832270000,44.876390000,848.000
5.832100000,44.876470000,848.000
5.831930000,44.876540000,848.000
5.831730000,44.876640000,848.000
5.831470000,44.876720000,847.000
5.831360000,44.876760000,847.000
5.831010000,44.876920000,847.000
5.830680000,44.877080000,847.000
5.829940000,44.877490000,847.000
5.829710000,44.877610000,847.000
5.829020000,44.877920000,847.000
5.828730000,44.878050000,847.000
5.828270000,44.878290000,847.000
5.827880000,44.878480000,847.000
5.827900000,44.878610000,847.000
5.827910000,44.878730000,847.000
5.827910000,44.878900000,847.000
5.827920000,44.878930000,847.000
5.827980000,44.879150000,847.000
5.828040000,44.879270000,847.000
5.828180000,44.879430000,847.000
5.828330000,44.879540000,847.000
5.829070000,44.880000000,847.000
5.829250000,44.880120000,847.000
5.829410000,44.880250000,848.000
5.829510000,44.880380000,848.000
5.829650000,44.880630000,848.000
5.829840000,44.881030000,849.000
5.829960000,44.881180000,849.000
5.830090000,44.881300000,849.000
5.830490000,44.881570000,850.000
5.830670000,44.881680000,851.000
5.831290000,44.882060000,852.000
5.832590000,44.882900000,854.000
5.833180000,44.883270000,855.000
5.833780000,44.883590000,855.000
5.834300000,44.883810000,855.000
5.835010000,44.884140000,855.000
5.835650000,44.884480000,854.000
5.836060000,44.884770000,854.000
5.836870000,44.885340000,855.000
5.837510000,44.885790000,855.000
5.837640000,44.885930000,855.000
5.837720000,44.886100000,855.000
5.837780000,44.886330000,855.000
5.837900000,44.886920000,854.000
5.837950000,44.887170000,853.000
5.837940000,44.887410000,852.000
5.837870000,44.887620000,852.000
5.837710000,44.888110000,851.000
5.837390000,44.889000000,848.000
5.837280000,44.889180000,846.000
5.837090000,44.889380000,845.000
5.836830000,44.889530000,844.000
5.836470000,44.889710000,843.000
5.836270000,44.889840000,843.000
5.836140000,44.889980000,843.000
5.836070000,44.890100000,843.000
5.836000000,44.890220000,843.000
5.835980000,44.890360000,843.000
5.835980000,44.890510000,843.000
5.836040000,44.890700000,844.000
5.836110000,44.890810000,844.000
5.836260000,44.890990000,844.000
5.836320000,44.891040000,844.000
5.836400000,44.891090000,844.000
5.836520000,44.891170000,845.000
5.836730000,44.891250000,845.000
5.837040000,44.891310000,845.000
5.837270000,44.891320000,846.000
5.837510000,44.891260000,846.000
5.837790000,44.891190000,847.000
5.838210000,44.890940000,847.000
5.838580000,44.890740000,848.000
5.838950000,44.890480000,848.000
5.839230000,44.890320000,847.000
5.839690000,44.890190000,845.000
5.840190000,44.889990000,843.000
5.840930000,44.889570000,840.000
5.841930000,44.888980000,836.000
5.843000000,44.888300000,831.000
5.843660000,44.887840000,826.000
5.844010000,44.887640000,822.000
5.844690000,44.887340000,818.000
5.844890000,44.887250000,815.000
5.844890000,44.887250000,813.000
5.845040000,44.887180000,812.000
5.845320000,44.886990000,810.000
5.845460000,44.886740000,809.000
5.845610000,44.886510000,807.000
5.845770000,44.886350000,806.000
5.846000000,44.886200000,805.000
5.846390000,44.886070000,804.000
5.846690000,44.886040000,802.000
5.846710000,44.886040000,802.000
5.847130000,44.886100000,801.000
5.847550000,44.886260000,799.000
5.848040000,44.886530000,797.000
5.848400000,44.886650000,794.000
5.848710000,44.886700000,792.000
5.848830000,44.886710000,791.000
5.849660000,44.886840000,788.000
5.850310000,44.886960000,785.000
5.850900000,44.887130000,782.000
5.851630000,44.887420000,778.000
5.851830000,44.887570000,775.000
5.851990000,44.887770000,773.000
5.852280000,44.888330000,769.000
5.852410000,44.888590000,766.000
5.852610000,44.888950000,762.000
5.852820000,44.889230000,759.000
5.853070000,44.889480000,756.000
5.853160000,44.889650000,753.000
5.853240000,44.889870000,751.000
5.853290000,44.890130000,749.000
5.853370000,44.890270000,748.000
5.853460000,44.890360000,746.000
5.853550000,44.890470000,745.000
5.853720000,44.890590000,744.000
5.853910000,44.890670000,743.000
5.854280000,44.890790000,742.000
5.854630000,44.890900000,740.000
5.854840000,44.891000000,739.000
5.855040000,44.891170000,737.000
5.855130000,44.891330000,735.000
5.855220000,44.891540000,733.000
5.855320000,44.891780000,731.000
5.855530000,44.892000000,729.000
5.855960000,44.892360000,726.000
5.856170000,44.892510000,723.000
5.856310000,44.892580000,721.000
5.856730000,44.892690000,719.000
5.857000000,44.892870000,717.000
5.857120000,44.893000000,715.000
5.857170000,44.893050000,714.000
5.857310000,44.893260000,713.000
5.857470000,44.893500000,712.000
5.857580000,44.893660000,710.000
5.857720000,44.893780000,709.000
5.857980000,44.893930000,708.000
5.858320000,44.894140000,707.000
5.858640000,44.894350000,705.000
5.858830000,44.894480000,704.000
5.858910000,44.894590000,703.000
5.858970000,44.894740000,703.000
5.859040000,44.894980000,702.000
5.859080000,44.895270000,701.000
5.859110000,44.895520000,700.000
5.859130000,44.895600000,699.000
5.859180000,44.895640000,699.000
5.859300000,44.895770000,699.000
5.859390000,44.895940000,699.000
5.859430000,44.896060000,699.000
5.859510000,44.896200000,699.000
5.859610000,44.896320000,700.000
5.859790000,44.896430000,700.000
5.860020000,44.896510000,701.000
5.860520000,44.896590000,702.000
5.860900000,44.896660000,703.000
5.861110000,44.896740000,703.000
5.861290000,44.896840000,703.000
5.861580000,44.897020000,703.000
5.861890000,44.897150000,703.000
5.862160000,44.897300000,702.000
5.862590000,44.897710000,701.000
5.862750000,44.897870000,700.000
5.862920000,44.898030000,700.000
5.862940000,44.898050000,699.000
5.863070000,44.898140000,699.000
5.863180000,44.898180000,699.000
5.863280000,44.898200000,699.000
5.863390000,44.898210000,699.000
5.863510000,44.898190000,699.000
5.863600000,44.898170000,699.000
5.863710000,44.898110000,699.000
5.863760000,44.898040000,699.000
5.863930000,44.897800000,699.000
5.864040000,44.897680000,699.000
5.864150000,44.897600000,699.000
5.864270000,44.897530000,699.000
5.864440000,44.897460000,699.000
5.865170000,44.897170000,699.000
5.865320000,44.897100000,699.000
5.865460000,44.897010000,698.000
5.865820000,44.896710000,696.000
5.866070000,44.896500000,694.000
5.866230000,44.896400000,692.000
5.866620000,44.896200000,690.000
5.866910000,44.896070000,687.000
5.867080000,44.895970000,685.000
5.867180000,44.895900000,684.000
5.867260000,44.895810000,683.000
5.867340000,44.895700000,682.000
5.867430000,44.895490000,682.000
5.867500000,44.895330000,682.000
5.867590000,44.895230000,682.000
5.867790000,44.895090000,683.000
5.867930000,44.894970000,683.000
5.868130000,44.894730000,684.000
5.868360000,44.894510000,684.000
5.868490000,44.894450000,685.000
5.868590000,44.894430000,685.000
5.868640000,44.894440000,685.000
5.868720000,44.894460000,685.000
5.868900000,44.894570000,685.000
5.868930000,44.894580000,684.000
5.869150000,44.894680000,684.000
5.869320000,44.894570000,684.000
5.869520000,44.894460000,683.000
5.869710000,44.894370000,682.000
5.869920000,44.894260000,682.000
5.870060000,44.894150000,681.000
5.870190000,44.894040000,681.000
5.870370000,44.893880000,680.000
5.870570000,44.893650000,679.000
5.870770000,44.893450000,679.000
5.870870000,44.893360000,679.000
5.871040000,44.893270000,679.000
5.872060000,44.892930000,681.000
5.872170000,44.892900000,682.000
5.873060000,44.892630000,683.000
5.873240000,44.892570000,684.000
5.873380000,44.892510000,685.000
5.873560000,44.892400000,685.000
5.873970000,44.892090000,685.000
5.874400000,44.891720000,685.000
5.874600000,44.891570000,685.000
5.874750000,44.891500000,685.000
5.874880000,44.891450000,685.000
5.875040000,44.891430000,685.000
5.875230000,44.891420000,685.000
5.875520000,44.891420000,686.000
5.876210000,44.891470000,687.000
5.877090000,44.891560000,690.000
5.877370000,44.891620000,692.000
5.877670000,44.891710000,694.000
5.877970000,44.891780000,695.000
5.878190000,44.891820000,696.000
5.878860000,44.891850000,697.000
5.879890000,44.891890000,698.000
5.880260000,44.891870000,698.000
5.880620000,44.891860000,699.000
5.881070000,44.891800000,700.000
5.881150000,44.891800000,700.000
5.881320000,44.891780000,701.000
5.881660000,44.891770000,701.000
5.881860000,44.891770000,702.000
5.882150000,44.891800000,703.000
5.882330000,44.891860000,703.000
5.882530000,44.891960000,704.000
5.882770000,44.892130000,704.000
5.883020000,44.892320000,705.000
5.883220000,44.892460000,706.000
5.883360000,44.892550000,708.000
5.883550000,44.892640000,709.000
5.883740000,44.892710000,710.000
5.884050000,44.892790000,711.000
5.884460000,44.892870000,713.000
5.884770000,44.892940000,714.000
5.885120000,44.893070000,716.000
5.886270000,44.893510000,719.000
5.888390000,44.894410000,725.000
5.889170000,44.894750000,731.000
5.889690000,44.894970000,735.000
5.890190000,44.895180000,739.000
5.892200000,44.896000000,745.000
5.892690000,44.896170000,751.000
5.893340000,44.896350000,756.000
5.893390000,44.896370000,760.000
5.893890000,44.896510000,763.000
5.894460000,44.896640000,767.000
5.894550000,44.896670000,770.000
5.894620000,44.896690000,772.000
5.894860000,44.896780000,774.000
5.895040000,44.896880000,775.000
5.895250000,44.897030000,776.000
5.896160000,44.897720000,778.000
5.896360000,44.897830000,780.000
5.896440000,44.897870000,781.000
5.896560000,44.897930000,782.000
5.896790000,44.898040000,782.000
5.897090000,44.898160000,783.000
5.897120000,44.898170000,784.000
5.897200000,44.898200000,784.000
5.898050000,44.898500000,785.000
5.898150000,44.898530000,785.000
5.898170000,44.898540000,785.000
5.898990000,44.898810000,786.000
5.899000000,44.898820000,787.000
5.899160000,44.898850000,787.000
5.899410000,44.898960000,787.000
5.899680000,44.899060000,788.000
5.900210000,44.899240000,788.000
5.900520000,44.899350000,788.000
5.900770000,44.899400000,788.000
5.900850000,44.899410000,789.000
5.901060000,44.899430000,789.000
5.901260000,44.899440000,789.000
5.901380000,44.899430000,789.000
5.901740000,44.899390000,789.000
5.901810000,44.899390000,790.000
5.902010000,44.899380000,790.000
5.902050000,44.899380000,790.000
5.902180000,44.899380000,790.000
5.902200000,44.899390000,790.000
5.902730000,44.899470000,791.000
5.903170000,44.899660000,791.000
5.903490000,44.899750000,792.000
5.903730000,44.899820000,792.000
5.903830000,44.899850000,793.000
5.903960000,44.899880000,793.000
5.904690000,44.900070000,793.000
5.904790000,44.900090000,792.000
5.904810000,44.900100000,792.000
5.904920000,44.900120000,792.000
5.905310000,44.900180000,792.000
5.905460000,44.900210000,791.000
5.905770000,44.900260000,791.000
5.905950000,44.900290000,791.000
5.906080000,44.900290000,791.000
5.906180000,44.900290000,790.000
5.906360000,44.900280000,790.000
5.906440000,44.900280000,790.000
5.907670000,44.900260000,789.000
5.907740000,44.900260000,789.000
5.908500000,44.900260000,789.000
5.908610000,44.900260000,788.000
5.909030000,44.900250000,788.000
5.909590000,44.900240000,788.000
5.909770000,44.900240000,787.000
5.909920000,44.900210000,787.000
5.910090000,44.900160000,787.000
5.910270000,44.900090000,786.000
5.910530000,44.899940000,786.000
5.910710000,44.899800000,786.000
5.911610000,44.899060000,785.000
5.912600000,44.898230000,784.000
5.912760000,44.898130000,782.000
5.912900000,44.898040000,782.000
5.913180000,44.897900000,781.000
5.913370000,44.897840000,780.000
5.913560000,44.897780000,780.000
5.913770000,44.897730000,779.000
5.913970000,44.897710000,778.000
5.914300000,44.897710000,777.000
5.914570000,44.897710000,776.000
5.914740000,44.897700000,775.000
5.914880000,44.897660000,774.000
5.914990000,44.897590000,773.000
5.915070000,44.897500000,772.000
5.915130000,44.897380000,771.000
5.915230000,44.897080000,770.000
5.915260000,44.896930000,769.000
5.915310000,44.896830000,768.000
5.915380000,44.896750000,767.000
5.915480000,44.896700000,766.000
5.915590000,44.896680000,766.000
5.915730000,44.896680000,765.000
5.916050000,44.896720000,765.000
5.916200000,44.896750000,764.000
5.916310000,44.896800000,764.000
5.916380000,44.896870000,763.000
5.916500000,44.897020000,763.000
5.916580000,44.897130000,763.000
5.916700000,44.897220000,762.000
5.916830000,44.897290000,762.000
5.916940000,44.897320000,761.000
5.917060000,44.897330000,761.000
5.917190000,44.897300000,761.000
5.917440000,44.897240000,760.000
5.917570000,44.897200000,760.000
5.917690000,44.897200000,760.000
5.917840000,44.897220000,760.000
5.918200000,44.897360000,759.000
5.918760000,44.897570000,759.000
5.919280000,44.897770000,759.000
5.919520000,44.897890000,758.000
5.919750000,44.898020000,758.000
5.919970000,44.898120000,757.000
5.920200000,44.898210000,757.000
5.920520000,44.898310000,755.000
5.920670000,44.898350000,754.000
5.920800000,44.898380000,753.000
5.920930000,44.898390000,753.000
5.921180000,44.898380000,752.000
5.921620000,44.898370000,750.000
5.921790000,44.898360000,749.000
5.921960000,44.898310000,748.000
5.922130000,44.898240000,747.000
5.922210000,44.898210000,746.000
5.922330000,44.898160000,745.000
5.922540000,44.898090000,745.000
5.922880000,44.898030000,744.000
5.923630000,44.897910000,743.000
5.924180000,44.897820000,742.000
5.924250000,44.897810000,741.000
5.924320000,44.897790000,741.000
5.924340000,44.897780000,740.000
5.924420000,44.897750000,740.000
5.924480000,44.897720000,740.000
5.924780000,44.897540000,739.000
5.925170000,44.897280000,739.000
5.925380000,44.897130000,740.000
5.925590000,44.896930000,740.000
5.925740000,44.896790000,740.000
5.925990000,44.896630000,740.000
5.926350000,44.896390000,741.000
5.926470000,44.896320000,741.000
5.926600000,44.896270000,742.000
5.926670000,44.896260000,742.000
5.926810000,44.896270000,742.000
5.927150000,44.896450000,743.000
5.928370000,44.897310000,744.000
5.928680000,44.897560000,745.000
5.928800000,44.897640000,745.000
5.928940000,44.897740000,746.000
5.929560000,44.898090000,747.000
5.930310000,44.898520000,749.000
5.931560000,44.899230000,751.000
5.931820000,44.899390000,753.000
5.931840000,44.899400000,754.000
5.932260000,44.899690000,756.000
5.932450000,44.899780000,758.000
5.932690000,44.899840000,760.000
5.933180000,44.899940000,762.000
5.933630000,44.900000000,764.000
5.933790000,44.900020000,765.000
5.934330000,44.900100000,766.000
5.934430000,44.900110000,767.000
5.935070000,44.900140000,767.000
5.935500000,44.900110000,767.000
5.935900000,44.900030000,767.000
5.936350000,44.899910000,767.000
5.936760000,44.899790000,767.000
5.937070000,44.899720000,767.000
5.937390000,44.899650000,768.000
5.938420000,44.899490000,768.000
5.940060000,44.899230000,770.000
5.940320000,44.899190000,771.000
5.940460000,44.899200000,771.000
5.940690000,44.899240000,772.000
5.940970000,44.899330000,773.000
5.941780000,44.899610000,773.000
5.942580000,44.899880000,774.000
5.942660000,44.899920000,775.000
5.942710000,44.899950000,775.000
5.943040000,44.900120000,776.000
5.943200000,44.900180000,776.000
5.943220000,44.900180000,777.000
5.943430000,44.900250000,777.000
5.943840000,44.900330000,778.000
5.944280000,44.900300000,779.000
5.944370000,44.900300000,780.000
5.944460000,44.900290000,780.000
5.944580000,44.900280000,781.000
5.944700000,44.900250000,781.000
5.945170000,44.900100000,782.000
5.945420000,44.900040000,783.000
5.945580000,44.900050000,784.000
5.945770000,44.900090000,785.000
5.945830000,44.900110000,786.000
5.945940000,44.900170000,787.000
5.946020000,44.900250000,788.000
5.946050000,44.900310000,789.000
5.946060000,44.900460000,790.000
5.946060000,44.900520000,790.000
5.946060000,44.900590000,791.000
5.946090000,44.900680000,792.000
5.946170000,44.900820000,793.000
5.946250000,44.900890000,794.000
5.946800000,44.901120000,796.000
5.947860000,44.901480000,798.000
5.948060000,44.901530000,801.000
5.948190000,44.901540000,802.000
5.948410000,44.901510000,804.000
5.948670000,44.901470000,805.000
5.948790000,44.901450000,806.000
5.948970000,44.901470000,807.000
5.948950000,44.901550000,807.000
5.948940000,44.901600000,808.000
5.948810000,44.901820000,809.000
5.948740000,44.901940000,809.000
5.948700000,44.901990000,809.000
5.948700000,44.902000000,810.000
5.948680000,44.902040000,810.000
5.948660000,44.902080000,810.000
5.948580000,44.902240000,809.000
5.948460000,44.902520000,809.000
5.948300000,44.902870000,808.000
5.948280000,44.902920000,808.000
5.948220000,44.903070000,807.000
5.948160000,44.903240000,807.000
5.948110000,44.903420000,806.000
5.948040000,44.903670000,806.000
5.947940000,44.903950000,805.000
5.947840000,44.904340000,805.000
5.947830000,44.904370000,804.000
5.947750000,44.904750000,804.000
5.947730000,44.904810000,804.000
5.947700000,44.904960000,804.000
5.947680000,44.905090000,803.000
5.947620000,44.905350000,803.000
5.947600000,44.905530000,803.000
5.947610000,44.905710000,803.000
5.947640000,44.905850000,802.000
5.947700000,44.906080000,802.000
5.947800000,44.906290000,802.000
5.947900000,44.906370000,801.000
5.948480000,44.906980000,800.000
5.948630000,44.907150000,800.000
5.948700000,44.907290000,799.000
5.948730000,44.907430000,799.000
5.948780000,44.907700000,799.000
5.948840000,44.907940000,799.000
5.948930000,44.908240000,798.000
5.948950000,44.908390000,798.000
5.948990000,44.908610000,798.000
5.949020000,44.908790000,798.000
5.949110000,44.908990000,798.000
5.949250000,44.909190000,798.000
5.949420000,44.909340000,798.000
5.949620000,44.909510000,798.000
5.949780000,44.909660000,799.000
5.949940000,44.909860000,799.000
5.950100000,44.910140000,799.000
5.950280000,44.910430000,800.000
5.950450000,44.910820000,800.000
5.950490000,44.911010000,801.000
5.950550000,44.911300000,801.000
5.950620000,44.911660000,802.000
5.950720000,44.911980000,803.000
5.950750000,44.912120000,803.000
5.950760000,44.912380000,804.000
5.950770000,44.912690000,804.000
5.950800000,44.912920000,805.000
5.950860000,44.913210000,806.000
5.950890000,44.913480000,807.000
5.950910000,44.913690000,808.000
5.950960000,44.913860000,809.000
5.951040000,44.913990000,809.000
5.951220000,44.914190000,810.000
5.951390000,44.914310000,811.000
5.952070000,44.914760000,813.000
5.952540000,44.915060000,814.000
5.953170000,44.915370000,815.000
5.954220000,44.915850000,817.000
5.954970000,44.916120000,819.000
5.956640000,44.916670000,821.000
5.957170000,44.916800000,824.000
5.957740000,44.916920000,826.000
5.958150000,44.917000000,829.000
5.958370000,44.917020000,831.000
5.958630000,44.917000000,833.000
5.958890000,44.916990000,835.000
5.959090000,44.916990000,836.000
5.959250000,44.917010000,838.000
5.959350000,44.917040000,839.000
5.959390000,44.917060000,839.000
5.959540000,44.917150000,840.000
5.959710000,44.917300000,840.000
5.959940000,44.917480000,840.000
5.960270000,44.917710000,840.000
5.960480000,44.917830000,840.000
5.960710000,44.917920000,840.000
5.960970000,44.917990000,840.000
5.961220000,44.918030000,840.000
5.961530000,44.918120000,840.000
5.961730000,44.918240000,840.000
5.961810000,44.918340000,840.000
5.961860000,44.918550000,840.000
5.961890000,44.918620000,841.000
5.961960000,44.918870000,841.000
5.962100000,44.919250000,842.000
5.962170000,44.919420000,842.000
5.962270000,44.919520000,843.000
5.962570000,44.919830000,843.000
5.962670000,44.919930000,844.000
5.962830000,44.920100000,844.000
5.963120000,44.920460000,845.000
5.963430000,44.920880000,847.000
5.963890000,44.921450000,848.000
5.964030000,44.921600000,849.000
5.964300000,44.921820000,850.000
5.964450000,44.921960000,851.000
5.964560000,44.922120000,851.000
5.964670000,44.922360000,851.000
5.964720000,44.922450000,851.000
5.965700000,44.924180000,851.000
5.965830000,44.924380000,852.000
5.965990000,44.924550000,853.000
5.966230000,44.924750000,853.000
5.966370000,44.924880000,854.000
5.966450000,44.925000000,855.000
5.966520000,44.925180000,856.000
5.966710000,44.925710000,858.000
5.966850000,44.926090000,860.000
5.966890000,44.926270000,861.000
5.966940000,44.926520000,862.000
5.966960000,44.926730000,863.000
5.967020000,44.926830000,864.000
5.967090000,44.926960000,865.000
5.967210000,44.927090000,865.000
5.967440000,44.927260000,866.000
5.967740000,44.927470000,866.000
5.968060000,44.927790000,867.000
5.968120000,44.927860000,868.000
5.968140000,44.927880000,868.000
5.968260000,44.928010000,868.000
5.968760000,44.928520000,868.000
5.969080000,44.928860000,868.000
5.969220000,44.929050000,868.000
5.969450000,44.929410000,868.000
5.969560000,44.929540000,869.000
5.969730000,44.929690000,869.000
5.970360000,44.930200000,870.000
5.970450000,44.930300000,870.000
5.970540000,44.930450000,871.000
5.970670000,44.930690000,871.000
5.970880000,44.931110000,872.000
5.971070000,44.931490000,873.000
5.971120000,44.931650000,873.000
5.971130000,44.931780000,873.000
5.971140000,44.931910000,874.000
5.971130000,44.932070000,874.000
5.971080000,44.932650000,874.000
5.971050000,44.932880000,874.000
5.971030000,44.933150000,875.000
5.971030000,44.933280000,875.000
5.971060000,44.933410000,876.000
5.971120000,44.933520000,877.000
5.971300000,44.933830000,878.000
5.971470000,44.934070000,879.000
5.971830000,44.934420000,881.000
5.971910000,44.934490000,882.000
5.972300000,44.934860000,884.000
5.972670000,44.935280000,886.000
5.972750000,44.935340000,888.000
5.972830000,44.935390000,889.000
5.972880000,44.935440000,890.000
5.973280000,44.935780000,891.000
5.973440000,44.935920000,893.000
5.973610000,44.936080000,894.000
5.973660000,44.936120000,895.000
5.973680000,44.936140000,896.000
5.973760000,44.936220000,896.000
5.974020000,44.936450000,897.000
5.974100000,44.936520000,898.000
5.974160000,44.936590000,899.000
5.974160000,44.936650000,899.000
5.974140000,44.936670000,899.000
5.974050000,44.936760000,899.000
5.974030000,44.936780000,900.000
5.973990000,44.936830000,900.000
5.973980000,44.936840000,900.000
5.973440000,44.937430000,900.000
5.973210000,44.937740000,900.000
5.973140000,44.937870000,901.000
5.973130000,44.937890000,901.000
5.973060000,44.938140000,901.000
5.972550000,44.939840000,902.000
5.972020000,44.941680000,904.000
5.971950000,44.941890000,905.000
5.971910000,44.942000000,906.000
5.971880000,44.942070000,906.000
5.971850000,44.942170000,907.000
5.971690000,44.942470000,908.000
5.971440000,44.942910000,909.000
5.971180000,44.943390000,910.000
5.970590000,44.944470000,912.000
5.970270000,44.945060000,914.000
5.970170000,44.945190000,916.000
5.969950000,44.945410000,918.000
5.969680000,44.945650000,919.000
5.969090000,44.946140000,920.000
5.968820000,44.946340000,921.000
5.968790000,44.946390000,922.000
5.968770000,44.946410000,923.000
5.968680000,44.946490000,923.000
5.968270000,44.946860000,924.000
5.967780000,44.947440000,926.000
5.967360000,44.947920000,928.000
5.967270000,44.948060000,929.000
5.967070000,44.948430000,931.000
5.966950000,44.948740000,932.000
5.966690000,44.949410000,936.000
5.966610000,44.949670000,939.000
5.966620000,44.949860000,943.000
5.966610000,44.950150000,946.000
5.966600000,44.950290000,948.000
5.966550000,44.950460000,951.000
5.966450000,44.950700000,953.000
5.966410000,44.950910000,955.000
5.966390000,44.951190000,957.000
5.966420000,44.951500000,958.000
5.966430000,44.951710000,959.000
5.966410000,44.951920000,960.000
5.966240000,44.952520000,961.000
5.966200000,44.952620000,962.000
5.966160000,44.952750000,962.000
5.966060000,44.952930000,962.000
5.965850000,44.953190000,962.000
5.965440000,44.953650000,961.000
5.965200000,44.953900000,961.000
5.964930000,44.954130000,960.000
5.964640000,44.954330000,960.000
5.963900000,44.954800000,961.000
5.962380000,44.955770000,963.000
5.962260000,44.955880000,965.000
5.962200000,44.955940000,966.000
5.961690000,44.956600000,967.000
5.961590000,44.956710000,969.000
5.961460000,44.956900000,970.000
5.961450000,44.956990000,970.000
5.961460000,44.957050000,971.000
5.961490000,44.957100000,972.000
5.961640000,44.957290000,972.000
5.961700000,44.957400000,973.000
5.961710000,44.957520000,973.000
5.961700000,44.957650000,973.000
5.961580000,44.958120000,974.000
5.961510000,44.958530000,975.000
5.961430000,44.958680000,976.000
5.961160000,44.958970000,977.000
5.961070000,44.959090000,978.000
5.961020000,44.959230000,978.000
5.961020000,44.959400000,979.000
5.961080000,44.959790000,981.000
5.961130000,44.960050000,984.000
5.961170000,44.960330000,987.000
5.961200000,44.960530000,989.000
5.961250000,44.960690000,992.000
5.961320000,44.960840000,994.000
5.961430000,44.960970000,996.000
5.961540000,44.961100000,998.000
5.961580000,44.961220000,999.000
5.961580000,44.961330000,1000.000
5.961560000,44.961520000,1002.000
5.961490000,44.961820000,1003.000
5.961440000,44.961970000,1005.000
5.961440000,44.961970000,1005.000
5.961390000,44.962100000,1006.000
5.961370000,44.962230000,1007.000
5.961370000,44.962380000,1008.000
5.961470000,44.962740000,1010.000
5.961560000,44.963070000,1011.000
5.961570000,44.963170000,1012.000
5.961550000,44.963260000,1013.000
5.961470000,44.963360000,1013.000
5.961270000,44.963650000,1014.000
5.961230000,44.963740000,1014.000
5.961200000,44.963860000,1014.000
5.961240000,44.963980000,1014.000
5.961300000,44.964090000,1014.000
5.961400000,44.964250000,1014.000
5.961440000,44.964360000,1014.000
5.961410000,44.964470000,1014.000
5.961350000,44.964550000,1014.000
5.961200000,44.964650000,1014.000
5.960940000,44.964810000,1014.000
5.960820000,44.964920000,1014.000
5.960760000,44.965040000,1014.000
5.960750000,44.965170000,1014.000
5.960780000,44.965380000,1014.000
5.960900000,44.965820000,1015.000
5.960920000,44.966010000,1015.000
5.960910000,44.966200000,1016.000
5.960870000,44.966440000,1016.000
5.960860000,44.966620000,1017.000
5.961080000,44.967440000,1017.000
5.961250000,44.968140000,1017.000
5.961300000,44.968380000,1018.000
5.961320000,44.968600000,1018.000
5.961290000,44.968790000,1018.000
5.961260000,44.968940000,1019.000
5.961080000,44.969340000,1019.000
5.960880000,44.969750000,1020.000
5.960760000,44.969910000,1020.000
5.960660000,44.970010000,1021.000
5.960330000,44.970170000,1021.000
5.960020000,44.970320000,1022.000
5.959960000,44.970350000,1022.000
5.959650000,44.970500000,1022.000
5.959560000,44.970550000,1023.000
5.959490000,44.970590000,1023.000
5.959450000,44.970620000,1023.000
5.959430000,44.970640000,1023.000
5.959410000,44.970670000,1023.000
5.959390000,44.970700000,1024.000
5.959360000,44.970780000,1024.000
5.959360000,44.970910000,1024.000
5.959390000,44.971010000,1024.000
5.959400000,44.971050000,1024.000
5.959570000,44.971560000,1025.000
5.959650000,44.971770000,1025.000
5.959680000,44.971880000,1026.000
5.960360000,44.973950000,1029.000
5.960420000,44.974130000,1031.000
5.960470000,44.974270000,1033.000
5.960580000,44.974620000,1035.000
5.961080000,44.976180000,1039.000
5.961100000,44.976250000,1042.000
5.961110000,44.976290000,1044.000
5.961310000,44.976840000,1046.000
5.961610000,44.977810000,1049.000
5.961980000,44.978950000,1053.000
5.962060000,44.979110000,1056.000
5.962150000,44.979210000,1059.000
5.962310000,44.979320000,1061.000
5.962820000,44.979600000,1064.000
5.963730000,44.980130000,1070.000
5.963880000,44.980230000,1074.000
5.964030000,44.980390000,1077.000
5.964080000,44.980490000,1080.000
5.964090000,44.980510000,1082.000
5.964090000,44.980600000,1083.000
5.964080000,44.980720000,1085.000
5.964040000,44.980860000,1086.000
5.963970000,44.980970000,1087.000
5.963600000,44.981470000,1090.000
5.963380000,44.981780000,1092.000
5.963280000,44.981950000,1095.000
5.963250000,44.982060000,1096.000
5.963260000,44.982180000,1098.000
5.963300000,44.982330000,1099.000
5.963400000,44.982470000,1099.000
5.963500000,44.982550000,1100.000
5.963640000,44.982620000,1100.000
5.963780000,44.982690000,1101.000
5.964130000,44.982780000,1101.000
5.964570000,44.982890000,1102.000
5.964660000,44.982920000,1102.000
5.964740000,44.982940000,1102.000
5.964890000,44.982980000,1103.000
5.964990000,44.983010000,1103.000
5.965060000,44.983040000,1103.000
5.965230000,44.983120000,1104.000
5.965480000,44.983280000,1105.000
5.966520000,44.984090000,1108.000
5.966640000,44.984180000,1111.000
5.967510000,44.984820000,1115.000
5.967710000,44.984970000,1119.000
5.967920000,44.985120000,1121.000
5.968210000,44.985360000,1124.000
5.968660000,44.985730000,1127.000
5.968910000,44.985850000,1129.000
5.969060000,44.985910000,1131.000
5.969290000,44.985970000,1133.000
5.969500000,44.986000000,1134.000
5.969660000,44.986020000,1136.000
5.970250000,44.986060000,1138.000
5.970390000,44.986080000,1139.000
5.970500000,44.986130000,1141.000
5.970550000,44.986190000,1142.000
5.970570000,44.986250000,1142.000
5.970560000,44.986300000,1143.000
5.970540000,44.986360000,1144.000
5.970410000,44.986490000,1145.000
5.970280000,44.986600000,1146.000
5.969920000,44.986890000,1147.000
5.969660000,44.987100000,1149.000
5.969290000,44.987430000,1151.000
5.969040000,44.987650000,1154.000
5.968720000,44.987920000,1156.000
5.966490000,44.989780000,1165.000
5.966250000,44.989980000,1172.000
5.965990000,44.990200000,1177.000
5.965940000,44.990280000,1180.000
5.965940000,44.990340000,1182.000
5.966000000,44.990420000,1184.000
5.966120000,44.990470000,1185.000
5.966310000,44.990510000,1186.000
5.967390000,44.990740000,1188.000
5.967570000,44.990780000,1190.000
5.968110000,44.990890000,1193.000
5.968660000,44.991020000,1195.000
5.968740000,44.991050000,1197.000
5.968830000,44.991110000,1199.000
5.968860000,44.991150000,1200.000
5.968850000,44.991210000,1201.000
5.968750000,44.991350000,1202.000
5.968590000,44.991520000,1203.000
5.967760000,44.992420000,1207.000
5.967370000,44.992820000,1212.000
5.967020000,44.993220000,1216.000
5.966430000,44.994030000,1221.000
5.966030000,44.994550000,1226.000
5.965780000,44.994800000,1230.000
5.965670000,44.994880000,1233.000
5.965590000,44.994950000,1236.000
5.965520000,44.995020000,1237.000
5.965500000,44.995080000,1239.000
5.965510000,44.995140000,1240.000
5.965570000,44.995210000,1241.000
5.965650000,44.995240000,1241.000
5.965910000,44.995280000,1242.000
5.966460000,44.995370000,1244.000
5.967940000,44.995620000,1248.000
5.968960000,44.995800000,1253.000
5.969370000,44.995850000,1257.000
5.969880000,44.995940000,1261.000
5.970240000,44.996000000,1265.000
5.971110000,44.996130000,1269.000
5.971420000,44.996170000,1273.000
5.972040000,44.996200000,1277.000
5.972310000,44.996210000,1280.000
5.972410000,44.996210000,1283.000
5.972830000,44.996240000,1285.000
5.972930000,44.996260000,1286.000
5.972990000,44.996310000,1287.000
5.973000000,44.996380000,1288.000
5.972930000,44.996450000,1289.000
5.972800000,44.996560000,1290.000
5.972630000,44.996690000,1291.000
5.972460000,44.996870000,1292.000
5.972160000,44.997250000,1293.000
5.971570000,44.997970000,1296.000
5.971380000,44.998200000,1299.000
5.971290000,44.998310000,1301.000
5.970850000,44.998850000,1304.000
5.970680000,44.999030000,1306.000
5.970460000,44.999220000,1309.000
5.970220000,44.999450000,1311.000
5.969850000,44.999810000,1314.000
5.969780000,44.999860000,1316.000
5.969430000,45.000210000,1318.000
5.969380000,45.000270000,1320.000
5.969260000,45.000430000,1322.000
5.969160000,45.000590000,1324.000
5.969100000,45.000690000,1325.000
5.968770000,45.001350000,1328.000
5.968400000,45.002030000,1332.000
5.968210000,45.002430000,1336.000
5.967930000,45.002940000,1340.000
5.967680000,45.003450000,1344.000
5.967580000,45.003670000,1347.000
5.967540000,45.003730000,1349.000
5.967510000,45.003810000,1351.000
5.967350000,45.004080000,1352.000
5.967300000,45.004170000,1354.000
5.967230000,45.004320000,1355.000
5.967220000,45.004330000,1356.000
5.967120000,45.004530000,1357.000
5.967040000,45.004740000,1358.000
5.966970000,45.004940000,1359.000
5.966940000,45.005130000,1360.000
5.966930000,45.005310000,1361.000
5.966930000,45.005510000,1362.000
5.966950000,45.005710000,1364.000
5.966970000,45.005810000,1365.000
5.967010000,45.005990000,1366.000
5.967210000,45.007060000,1367.000
5.967380000,45.007940000,1368.000
5.967440000,45.008280000,1368.000
5.967480000,45.008490000,1369.000
5.967540000,45.008800000,1370.000
5.967580000,45.008990000,1371.000
5.967650000,45.009350000,1372.000
5.967860000,45.010560000,1373.000
5.968050000,45.011570000,1372.000
5.968230000,45.012500000,1369.000
5.968310000,45.012810000,1367.000
5.968340000,45.012890000,1365.000
5.968520000,45.013490000,1364.000
5.968890000,45.014650000,1362.000
5.969140000,45.015400000,1358.000
5.969190000,45.015570000,1355.000
5.969260000,45.015710000,1353.000
5.969360000,45.015840000,1350.000
5.969510000,45.016040000,1348.000
5.970020000,45.016690000,1345.000
5.970520000,45.017280000,1340.000
5.970610000,45.017380000,1336.000
5.970670000,45.017460000,1334.000
5.971150000,45.018020000,1330.000
5.971590000,45.018610000,1325.000
5.971710000,45.018740000,1321.000
5.971810000,45.018840000,1319.000
5.971890000,45.018900000,1317.000
5.972010000,45.018970000,1316.000
5.972800000,45.019350000,1315.000
5.972890000,45.019420000,1314.000
5.972960000,45.019500000,1314.000
5.973030000,45.019640000,1313.000
5.973110000,45.019870000,1313.000
5.973180000,45.020120000,1312.000
5.973220000,45.020330000,1311.000
5.973280000,45.020830000,1309.000
5.973380000,45.021660000,1305.000
5.973480000,45.022440000,1299.000
5.973520000,45.022860000,1294.000
5.973570000,45.023150000,1290.000
5.973600000,45.023230000,1287.000
5.973690000,45.023470000,1284.000
5.973960000,45.024020000,1281.000
5.974140000,45.024390000,1277.000
5.974280000,45.024750000,1273.000
5.974340000,45.024920000,1270.000
5.974520000,45.025620000,1266.000
5.974720000,45.026310000,1261.000
5.974760000,45.026490000,1258.000
5.974760000,45.026730000,1254.000
5.974740000,45.027110000,1251.000
5.974730000,45.027430000,1248.000
5.974740000,45.027600000,1246.000
5.974760000,45.027690000,1244.000
5.974810000,45.027820000,1242.000
5.975270000,45.028730000,1238.000
5.975740000,45.029710000,1235.000
5.975790000,45.029800000,1233.000
5.975860000,45.029910000,1231.000
5.975950000,45.029990000,1230.000
5.976030000,45.030070000,1229.000
5.976060000,45.030110000,1228.000
5.976070000,45.030160000,1228.000
5.976060000,45.030180000,1228.000
5.976030000,45.030200000,1227.000
5.975990000,45.030210000,1227.000
5.975930000,45.030200000,1227.000
5.975870000,45.030150000,1227.000
5.975820000,45.030080000,1227.000
5.975690000,45.029920000,1226.000
5.975440000,45.029640000,1225.000
5.974380000,45.028580000,1220.000
5.974210000,45.028410000,1217.000
5.974050000,45.028280000,1214.000
5.973670000,45.028000000,1211.000
5.973400000,45.027790000,1209.000
5.973270000,45.027680000,1207.000
5.973100000,45.027500000,1205.000
5.973030000,45.027460000,1203.000
5.972970000,45.027460000,1202.000
5.972930000,45.027470000,1201.000
5.972910000,45.027510000,1201.000
5.972920000,45.027550000,1200.000
5.973040000,45.027690000,1199.000
5.973160000,45.027840000,1198.000
5.973270000,45.028020000,1197.000
5.973530000,45.028570000,1195.000
5.973690000,45.028820000,1192.000
5.973850000,45.028980000,1190.000
5.973980000,45.029190000,1188.000
5.974010000,45.029250000,1187.000
5.974150000,45.029630000,1185.000
5.974170000,45.029660000,1183.000
5.974210000,45.029780000,1182.000
5.974330000,45.029920000,1181.000
5.974790000,45.030610000,1178.000
5.974910000,45.030820000,1175.000
5.974950000,45.030940000,1173.000
5.974950000,45.031370000,1171.000
5.974970000,45.031640000,1168.000
5.974990000,45.031720000,1165.000
5.975020000,45.031810000,1163.000
5.975070000,45.032020000,1161.000
5.975060000,45.032140000,1159.000
5.975040000,45.032240000,1157.000
5.975000000,45.032320000,1156.000
5.974980000,45.032360000,1155.000
5.974960000,45.032470000,1153.000
5.974960000,45.032590000,1152.000
5.974950000,45.032680000,1151.000
5.974880000,45.032760000,1149.000
5.974330000,45.033240000,1146.000
5.974240000,45.033340000,1143.000
5.974190000,45.033430000,1141.000
5.974170000,45.033680000,1139.000
5.974130000,45.033920000,1137.000
5.974100000,45.034170000,1136.000
5.974120000,45.034300000,1134.000
5.974160000,45.034480000,1133.000
5.974250000,45.034640000,1132.000
5.974430000,45.034880000,1130.000
5.974530000,45.034960000,1129.000
5.974610000,45.034990000,1128.000
5.974700000,45.035000000,1128.000
5.974980000,45.034990000,1127.000
5.975170000,45.035010000,1127.000
5.975270000,45.035040000,1127.000
5.975360000,45.035090000,1126.000
5.975530000,45.035190000,1126.000
5.975890000,45.035490000,1126.000
5.976080000,45.035710000,1126.000
5.976260000,45.035940000,1126.000
5.976670000,45.036580000,1125.000
5.976790000,45.036740000,1125.000
5.976930000,45.036920000,1124.000
5.977030000,45.037030000,1123.000
5.977150000,45.037180000,1121.000
5.977400000,45.037530000,1120.000
5.977460000,45.037580000,1118.000
5.977540000,45.037610000,1117.000
5.977620000,45.037610000,1116.000
5.977690000,45.037590000,1116.000
5.977780000,45.037550000,1115.000
5.977860000,45.037500000,1114.000
5.977960000,45.037410000,1114.000
5.978070000,45.037320000,1113.000
5.978140000,45.037220000,1112.000
5.978170000,45.037180000,1111.000
5.978180000,45.037130000,1111.000
5.978210000,45.037090000,1110.000
5.978240000,45.037060000,1110.000
5.978300000,45.037040000,1109.000
5.978350000,45.037040000,1109.000
5.978380000,45.037050000,1109.000
5.978410000,45.037070000,1108.000
5.978430000,45.037100000,1108.000
5.978420000,45.037140000,1108.000
5.978260000,45.037310000,1107.000
5.978080000,45.037570000,1106.000
5.977970000,45.037710000,1104.000
5.977880000,45.037830000,1103.000
5.977830000,45.037890000,1102.000
5.977780000,45.037930000,1101.000
5.977680000,45.037960000,1101.000
5.977620000,45.037980000,1100.000
5.977560000,45.037990000,1099.000
5.977500000,45.037990000,1099.000
5.977440000,45.037980000,1098.000
5.977380000,45.037960000,1098.000
5.977210000,45.037830000,1097.000
5.976820000,45.037570000,1096.000
5.976770000,45.037560000,1094.000
5.976670000,45.037520000,1093.000
5.976400000,45.037460000,1091.000
5.976160000,45.037420000,1089.000
5.975950000,45.037410000,1087.000
5.975620000,45.037420000,1084.000
5.975500000,45.037430000,1082.000
5.975330000,45.037430000,1080.000
5.975210000,45.037410000,1078.000
5.975110000,45.037380000,1076.000
5.974940000,45.037310000,1074.000
5.974770000,45.037240000,1072.000
5.974680000,45.037230000,1071.000
5.974620000,45.037240000,1069.000
5.974580000,45.037260000,1068.000
5.974570000,45.037300000,1067.000
5.974580000,45.037340000,1066.000
5.974650000,45.037390000,1065.000
5.975590000,45.037760000,1062.000
5.976470000,45.038130000,1058.000
5.976550000,45.038180000,1054.000
5.976770000,45.038360000,1051.000
5.976920000,45.038480000,1049.000
5.977310000,45.038810000,1046.000
5.977420000,45.038870000,1045.000
5.977480000,45.038890000,1043.000
5.977540000,45.038920000,1042.000
5.977590000,45.038970000,1041.000
5.977770000,45.039270000,1040.000
5.977870000,45.039310000,1039.000
5.977920000,45.039330000,1038.000
5.978020000,45.039370000,1037.000
5.978180000,45.039400000,1036.000
5.978240000,45.039490000,1036.000
5.978290000,45.039580000,1035.000
5.978330000,45.039710000,1034.000
5.978360000,45.039850000,1033.000
5.978440000,45.039950000,1032.000
5.978510000,45.040090000,1031.000
5.978700000,45.040280000,1029.000
5.978820000,45.040390000,1028.000
5.978940000,45.040470000,1026.000
5.979130000,45.040510000,1025.000
5.979300000,45.040540000,1023.000
5.979430000,45.040600000,1022.000
5.979590000,45.040690000,1021.000
5.979720000,45.040760000,1020.000
5.979850000,45.040790000,1018.000
5.980190000,45.040800000,1017.000
5.980500000,45.040810000,1016.000
5.980640000,45.040810000,1015.000
5.980740000,45.040830000,1015.000
5.980860000,45.040880000,1015.000
5.980990000,45.040960000,1015.000
5.981220000,45.041150000,1016.000
5.981720000,45.041630000,1016.000
5.981840000,45.041760000,1017.000
5.981940000,45.041850000,1018.000
5.982070000,45.041960000,1018.000
5.982720000,45.042680000,1021.000
5.982950000,45.042930000,1023.000
5.983020000,45.043040000,1024.000
5.983090000,45.043180000,1026.000
5.983140000,45.043420000,1027.000
5.983210000,45.043730000,1029.000
5.983250000,45.043860000,1030.000
5.983320000,45.043950000,1030.000
5.983470000,45.044060000,1030.000
5.983690000,45.044180000,1029.000
5.983940000,45.044350000,1028.000
5.984110000,45.044480000,1027.000
5.984260000,45.044620000,1026.000
5.984380000,45.044790000,1025.000
5.984480000,45.045000000,1023.000
5.984510000,45.045150000,1022.000
5.984530000,45.045570000,1020.000
5.984600000,45.046540000,1017.000
5.984600000,45.046850000,1014.000
5.984600000,45.047090000,1011.000
5.984610000,45.047230000,1009.000
5.984640000,45.047340000,1008.000
5.984680000,45.047490000,1006.000
5.984770000,45.047630000,1005.000
5.984890000,45.047870000,1002.000
5.984940000,45.047960000,1000.000
5.984960000,45.048050000,999.000
5.984970000,45.048180000,997.000
5.984940000,45.048300000,995.000
5.984910000,45.048370000,994.000
5.984860000,45.048480000,992.000
5.984850000,45.048540000,991.000
5.984860000,45.048620000,989.000
5.984880000,45.048680000,988.000
5.984940000,45.048750000,987.000
5.985010000,45.048820000,986.000
5.985300000,45.049080000,984.000
5.985370000,45.049170000,982.000
5.985380000,45.049270000,980.000
5.985380000,45.049350000,978.000
5.985350000,45.049440000,977.000
5.985330000,45.049520000,975.000
5.985320000,45.049580000,974.000
5.985340000,45.049660000,973.000
5.985380000,45.049790000,972.000
5.985500000,45.049990000,970.000
5.985550000,45.050040000,968.000
5.985620000,45.050090000,967.000
5.985690000,45.050120000,966.000
5.985760000,45.050140000,965.000
5.985870000,45.050150000,964.000
5.986010000,45.050140000,963.000
5.986140000,45.050120000,962.000
5.986260000,45.050120000,960.000
5.986420000,45.050140000,959.000
5.986710000,45.050210000,957.000
5.986820000,45.050250000,956.000
5.986900000,45.050290000,955.000
5.986970000,45.050350000,954.000
5.987060000,45.050450000,953.000
5.987110000,45.050540000,953.000
5.987160000,45.050630000,953.000
5.987200000,45.050750000,952.000
5.987200000,45.050820000,952.000
5.987170000,45.051020000,952.000
5.987170000,45.051080000,952.000
5.987170000,45.051200000,952.000
5.987190000,45.051270000,952.000
5.987230000,45.051330000,951.000
5.987300000,45.051380000,951.000
5.987380000,45.051410000,951.000
5.987520000,45.051430000,951.000
5.987710000,45.051420000,951.000
5.987870000,45.051410000,951.000
5.988090000,45.051400000,951.000
5.988240000,45.051410000,951.000
5.988440000,45.051460000,950.000
5.988500000,45.051480000,950.000
5.988680000,45.051540000,949.000
5.988740000,45.051560000,949.000
5.989000000,45.051640000,949.000
5.989090000,45.051700000,948.000
5.989160000,45.051760000,948.000
5.989350000,45.051950000,947.000
5.989470000,45.052060000,947.000
5.989570000,45.052140000,946.000
5.989680000,45.052230000,946.000
5.989780000,45.052320000,945.000
5.989830000,45.052420000,945.000
5.989860000,45.052520000,944.000
5.989860000,45.052670000,944.000
5.989850000,45.052840000,943.000
5.989780000,45.053040000,942.000
5.989750000,45.053170000,941.000
5.989790000,45.053330000,939.000
5.989800000,45.053430000,938.000
5.989770000,45.053520000,937.000
5.989660000,45.053630000,936.000
5.989510000,45.053780000,935.000
5.989410000,45.053920000,934.000
5.989300000,45.054170000,932.000
5.989180000,45.054390000,931.000
5.989080000,45.054560000,930.000
5.989020000,45.054650000,929.000
5.989000000,45.054770000,929.000
5.989020000,45.054890000,928.000
5.989060000,45.054990000,928.000
5.989130000,45.055120000,928.000
5.989230000,45.055350000,928.000
5.989340000,45.055620000,928.000
5.989380000,45.055700000,928.000
5.989440000,45.055750000,928.000
5.989520000,45.055790000,928.000
5.989750000,45.055850000,928.000
5.989790000,45.055860000,928.000
5.989860000,45.055870000,928.000
5.990100000,45.055880000,928.000
5.990420000,45.055840000,927.000
5.991170000,45.055670000,924.000
5.991410000,45.055620000,921.000
5.991560000,45.055610000,919.000
5.991740000,45.055570000,916.000
5.991870000,45.055540000,914.000
5.992000000,45.055500000,913.000
5.992110000,45.055460000,911.000
5.992210000,45.055410000,910.000
5.992320000,45.055370000,908.000
5.992380000,45.055360000,907.000
5.992450000,45.055360000,906.000
5.992530000,45.055380000,905.000
5.992590000,45.055410000,905.000
5.992630000,45.055450000,905.000
5.992650000,45.055490000,905.000
5.992670000,45.055540000,905.000
5.992700000,45.055640000,906.000
5.992730000,45.055700000,907.000
5.992770000,45.055760000,907.000
5.992840000,45.055820000,908.000
5.992910000,45.055890000,909.000
5.993110000,45.056030000,911.000
5.993160000,45.056080000,912.000
5.993220000,45.056130000,913.000
5.993270000,45.056200000,914.000
5.993370000,45.056320000,915.000
5.993590000,45.056650000,918.000
5.993890000,45.057000000,921.000
5.993970000,45.057100000,923.000
5.994010000,45.057220000,925.000
5.994060000,45.057340000,926.000
5.994120000,45.057530000,926.000
5.994240000,45.057820000,927.000
5.994270000,45.057940000,927.000
5.994270000,45.057970000,928.000
5.994270000,45.058010000,928.000
5.994250000,45.058090000,928.000
5.994230000,45.058150000,928.000
5.994230000,45.058200000,928.000
5.994230000,45.058240000,928.000
5.994240000,45.058270000,928.000
5.994250000,45.058310000,928.000
5.994280000,45.058340000,928.000
5.994410000,45.058390000,928.000
5.994540000,45.058440000,928.000
5.994680000,45.058510000,928.000
5.994780000,45.058590000,928.000
5.994870000,45.058720000,928.000
5.994910000,45.058770000,928.000
5.994960000,45.058820000,927.000
5.995090000,45.058940000,927.000
5.995430000,45.059180000,925.000
5.995520000,45.059290000,924.000
5.995560000,45.059360000,923.000
5.995560000,45.059450000,922.000
5.995520000,45.059560000,922.000
5.995480000,45.059670000,921.000
5.995480000,45.059730000,920.000
5.995490000,45.059800000,919.000
5.995500000,45.059850000,919.000
5.995540000,45.059910000,918.000
5.995700000,45.060100000,917.000
5.996000000,45.060430000,916.000
5.996070000,45.060530000,914.000
5.996090000,45.060580000,913.000
5.996100000,45.060630000,913.000
5.996090000,45.060730000,912.000
5.996090000,45.060790000,911.000
5.996110000,45.060830000,911.000
5.996130000,45.060880000,911.000
5.996180000,45.060930000,910.000
5.996220000,45.061010000,910.000
5.996230000,45.061070000,909.000
5.996200000,45.061160000,909.000
5.996170000,45.061250000,908.000
5.996150000,45.061380000,908.000
5.996140000,45.061460000,907.000
5.996100000,45.061580000,906.000
5.996090000,45.061620000,906.000
5.996080000,45.061680000,906.000
5.996110000,45.061740000,905.000
5.996200000,45.061850000,905.000
5.996240000,45.061920000,904.000
5.996280000,45.062020000,903.000
5.996320000,45.062090000,903.000
5.996520000,45.062270000,902.000
5.996760000,45.062490000,900.000
5.996910000,45.062670000,898.000
5.997120000,45.062930000,895.000
5.997200000,45.063050000,892.000
5.997270000,45.063230000,890.000
5.997350000,45.063360000,887.000
5.997470000,45.063540000,884.000
5.997510000,45.063720000,882.000
5.997540000,45.063910000,879.000
5.997500000,45.064000000,877.000
5.997460000,45.064040000,875.000
5.997420000,45.064090000,874.000
5.997390000,45.064130000,873.000
5.997390000,45.064170000,872.000
5.997390000,45.064210000,871.000
5.997410000,45.064260000,871.000
5.997460000,45.064320000,870.000
5.997850000,45.064710000,868.000
5.998020000,45.064890000,866.000
5.998080000,45.064980000,864.000
5.998150000,45.065150000,862.000
5.998210000,45.065250000,861.000
5.998360000,45.065430000,859.000
5.998530000,45.065580000,857.000
5.998980000,45.065950000,858.000
5.999100000,45.066070000,859.000
5.999170000,45.066160000,860.000
5.999220000,45.066250000,862.000
5.999300000,45.066420000,863.000
5.999390000,45.066650000,865.000
5.999420000,45.066760000,867.000
5.999400000,45.066880000,869.000
5.999330000,45.066960000,871.000
5.999280000,45.067040000,872.000
5.999270000,45.067100000,873.000
5.999290000,45.067180000,874.000
5.999390000,45.067370000,873.000
5.999490000,45.067610000,870.000
5.999660000,45.067950000,865.000
5.999730000,45.068060000,860.000
5.999810000,45.068120000,856.000
6.000000000,45.068220000,852.000
6.000100000,45.068290000,848.000
6.000200000,45.068370000,845.000
6.000330000,45.068540000,840.000
6.000350000,45.068570000,837.000
6.000400000,45.068660000,834.000
6.000410000,45.068700000,832.000
6.000440000,45.068760000,830.000
6.000440000,45.068810000,828.000
6.000420000,45.068850000,827.000
6.000400000,45.068890000,826.000
6.000360000,45.068930000,825.000
6.000020000,45.069100000,824.000
5.999920000,45.069150000,823.000
5.999850000,45.069220000,822.000
5.999840000,45.069320000,820.000
5.999880000,45.069440000,819.000
5.999890000,45.069500000,818.000
5.999900000,45.069540000,818.000
5.999900000,45.069580000,817.000
5.999890000,45.069630000,816.000
5.999870000,45.069670000,816.000
5.999850000,45.069720000,815.000
5.999840000,45.069750000,815.000
5.999840000,45.069780000,815.000
5.999850000,45.069820000,814.000
5.999870000,45.069850000,814.000
5.999890000,45.069880000,813.000
5.999920000,45.069900000,813.000
5.999960000,45.069920000,813.000
5.999980000,45.069940000,813.000
6.000030000,45.069950000,812.000
6.000080000,45.069950000,812.000
6.000120000,45.069950000,812.000
6.000150000,45.069950000,811.000
6.000230000,45.069920000,811.000
6.000280000,45.069890000,811.000
6.000360000,45.069840000,810.000
6.000510000,45.069730000,809.000
6.000610000,45.069680000,809.000
6.001020000,45.069630000,809.000
6.001370000,45.069600000,809.000
6.001540000,45.069590000,809.000
6.001720000,45.069610000,809.000
6.001930000,45.069640000,809.000
6.002020000,45.069670000,809.000
6.002100000,45.069710000,810.000
6.002170000,45.069790000,810.000
6.002210000,45.069880000,810.000
6.002230000,45.070080000,810.000
6.002250000,45.070310000,811.000
6.002250000,45.070390000,811.000
6.002280000,45.070470000,811.000
6.002300000,45.070520000,811.000
6.002350000,45.070560000,810.000
6.002630000,45.070700000,810.000
6.002780000,45.070780000,809.000
6.002930000,45.070870000,807.000
6.003300000,45.071150000,806.000
6.003530000,45.071300000,804.000
6.003630000,45.071350000,802.000
6.003710000,45.071370000,801.000
6.003880000,45.071400000,800.000
6.004060000,45.071410000,799.000
6.004210000,45.071400000,798.000
6.004390000,45.071370000,797.000
6.004500000,45.071360000,796.000
6.004570000,45.071360000,795.000
6.004630000,45.071370000,794.000
6.004710000,45.071390000,794.000
6.004810000,45.071430000,793.000
6.005110000,45.071570000,792.000
6.005220000,45.071610000,791.000
6.005330000,45.071640000,790.000
6.005630000,45.071720000,789.000
6.006130000,45.071840000,788.000
6.006300000,45.071870000,786.000
6.006380000,45.071880000,785.000
6.006500000,45.071890000,784.000
6.006620000,45.071870000,783.000
6.006710000,45.071850000,782.000
6.006770000,45.071820000,782.000
6.006850000,45.071780000,781.000
6.006960000,45.071710000,780.000
6.007050000,45.071660000,779.000
6.007150000,45.071610000,778.000
6.007240000,45.071600000,777.000
6.007350000,45.071590000,777.000
6.007470000,45.071600000,776.000
6.009000000,45.071960000,771.000
6.009140000,45.071980000,767.000
6.009270000,45.071990000,764.000
6.009860000,45.072000000,760.000
6.010030000,45.072010000,756.000
6.010210000,45.072050000,753.000
6.010430000,45.072110000,750.000
6.010650000,45.072170000,747.000
6.011410000,45.072440000,741.000
6.013300000,45.073130000,737.000
6.014200000,45.073450000,734.000
6.014390000,45.073530000,732.000
6.014520000,45.073590000,731.000
6.014820000,45.073780000,730.000
6.014940000,45.073830000,730.000
6.015070000,45.073860000,730.000
6.015160000,45.073880000,729.000
6.015270000,45.073880000,729.000
6.015360000,45.073880000,729.000
6.015380000,45.073870000,729.000
6.015440000,45.073860000,729.000
6.015560000,45.073810000,729.000
6.015640000,45.073760000,729.000
6.015710000,45.073710000,729.000
6.015770000,45.073660000,729.000
6.015860000,45.073500000,729.000
6.015980000,45.073320000,729.000
6.016200000,45.073030000,729.000
6.016380000,45.072860000,729.000
6.016980000,45.072280000,730.000
6.017140000,45.072150000,730.000
6.017250000,45.072100000,730.000
6.017330000,45.072070000,730.000
6.017420000,45.072060000,730.000
6.017530000,45.072060000,730.000
6.017630000,45.072070000,730.000
6.017810000,45.072110000,730.000
6.018000000,45.072170000,730.000
6.018400000,45.071670000,730.000
6.018810000,45.071150000,729.000
6.019450000,45.070230000,727.000
6.019670000,45.069920000,725.000
6.019900000,45.069620000,723.000
6.020580000,45.068720000,721.000
6.021140000,45.067990000,719.000
6.021310000,45.067780000,717.000
6.021310000,45.067780000,716.000
6.021670000,45.067340000,716.000
6.021870000,45.067070000,716.000
6.021950000,45.066980000,715.000
6.022010000,45.066890000,715.000
6.022440000,45.066330000,715.000
6.022780000,45.065850000,716.000
6.023600000,45.064790000,716.000
6.023860000,45.064470000,717.000
6.023950000,45.064350000,717.000
6.024240000,45.063970000,717.000
6.024360000,45.063720000,717.000
6.024380000,45.063670000,717.000
6.024360000,45.063610000,717.000
6.024360000,45.063560000,717.000
6.024380000,45.063510000,717.000
6.024420000,45.063470000,717.000
6.024470000,45.063430000,717.000
6.024550000,45.063410000,717.000
6.024630000,45.063400000,717.000
6.024810000,45.063190000,717.000
6.024900000,45.063080000,717.000
6.024980000,45.062960000,717.000
6.025130000,45.062750000,717.000
6.025220000,45.062640000,717.000
6.025480000,45.062300000,717.000
6.025570000,45.062190000,717.000
6.025910000,45.061760000,717.000
6.025980000,45.061610000,717.000
6.026140000,45.061380000,716.000
6.026350000,45.061140000,716.000
6.026570000,45.060880000,716.000
6.026970000,45.060360000,717.000
6.027210000,45.060040000,717.000
6.027280000,45.059950000,718.000
6.027360000,45.059850000,718.000
6.027420000,45.059770000,718.000
6.027620000,45.059510000,719.000
6.027670000,45.059440000,719.000
6.027720000,45.059370000,719.000
6.028040000,45.058950000,719.000
6.028080000,45.058890000,720.000
6.028130000,45.058830000,720.000
6.028230000,45.058690000,720.000
6.028670000,45.058100000,720.000
6.028760000,45.057990000,720.000
6.029010000,45.057650000,720.000
6.029030000,45.057620000,720.000
6.029110000,45.057510000,720.000
6.029190000,45.057380000,720.000
6.029270000,45.057240000,720.000
6.029320000,45.057150000,720.000
6.029380000,45.057020000,720.000
6.029460000,45.056840000,720.000
6.029510000,45.056620000,720.000
6.029550000,45.056460000,720.000
6.029590000,45.056290000,719.000
6.029640000,45.055950000,719.000
6.029670000,45.055830000,719.000
6.029700000,45.055640000,719.000
6.029730000,45.055520000,719.000
6.029710000,45.055510000,719.000
6.029710000,45.055510000,719.000
6.029730000,45.055520000,719.000
6.029760000,45.055310000,719.000
6.029800000,45.055180000,719.000
6.029840000,45.055110000,719.000
6.029900000,45.055000000,720.000
6.029970000,45.054970000,720.000
6.030070000,45.054950000,720.000
6.030300000,45.054950000,720.000
6.030420000,45.054930000,720.000
6.030550000,45.054920000,720.000
6.030590000,45.054920000,721.000
6.030690000,45.054900000,721.000
6.030790000,45.054890000,721.000
6.031060000,45.054870000,721.000
6.031240000,45.054860000,721.000
6.031470000,45.054830000,721.000
6.031570000,45.054810000,721.000
6.031780000,45.054760000,721.000
6.031910000,45.054740000,721.000
6.032000000,45.054760000,721.000
6.032400000,45.054900000,720.000
6.032760000,45.055110000,720.000
6.032910000,45.055230000,719.000
6.032970000,45.055290000,719.000
6.033680000,45.055900000,718.000
6.033800000,45.056000000,718.000
6.033840000,45.056040000,717.000
6.033990000,45.056190000,717.000
6.034060000,45.056240000,717.000
6.034160000,45.056330000,717.000
6.034320000,45.056480000,717.000
6.034350000,45.056510000,718.000
6.034740000,45.056870000,718.000
6.035360000,45.057400000,718.000
6.035660000,45.057670000,719.000
6.035690000,45.057700000,719.000
6.035690000,45.057700000,719.000
6.035840000,45.057830000,720.000
6.035930000,45.057910000,720.000
6.036070000,45.058030000,720.000
6.036260000,45.058160000,720.000
6.036550000,45.058350000,720.000
6.036640000,45.058410000,721.000
6.037080000,45.058690000,721.000
6.037120000,45.058720000,721.000
6.037190000,45.058770000,721.000
6.037360000,45.058880000,721.000
6.037390000,45.058890000,721.000
6.037500000,45.058950000,721.000
6.037670000,45.059020000,721.000
6.037760000,45.059060000,721.000
6.037830000,45.059050000,721.000
6.037890000,45.059060000,721.000
6.037950000,45.059080000,721.000
6.037990000,45.059110000,721.000
6.038030000,45.059150000,721.000
6.038050000,45.059180000,721.000
6.038060000,45.059220000,721.000
6.038050000,45.059270000,721.000
6.038040000,45.059300000,721.000
6.038010000,45.059340000,721.000
6.037970000,45.059370000,721.000
6.037930000,45.059390000,721.000
6.037870000,45.059460000,721.000
6.037840000,45.059520000,721.000
6.037810000,45.059630000,721.000
6.037780000,45.059730000,721.000
6.037780000,45.059790000,721.000
6.037750000,45.059940000,721.000
6.037720000,45.060160000,721.000
6.037680000,45.060320000,721.000
6.037620000,45.060630000,720.000
6.037530000,45.061020000,720.000
6.037470000,45.061230000,720.000
6.037410000,45.061470000,719.000
6.037380000,45.061570000,719.000
6.037340000,45.061660000,719.000
6.037300000,45.061750000,718.000
6.037250000,45.061840000,718.000
6.037130000,45.062040000,718.000
6.037090000,45.062100000,718.000
6.037030000,45.062220000,718.000
6.036990000,45.062310000,718.000
6.036970000,45.062400000,718.000
6.036970000,45.062470000,718.000
6.036980000,45.062560000,718.000
6.037000000,45.062650000,718.000
6.037020000,45.062720000,719.000
6.037060000,45.062790000,719.000
6.037100000,45.062850000,719.000
6.037150000,45.062920000,719.000
6.037240000,45.062990000,719.000
6.038200000,45.063680000,720.000
6.038920000,45.064190000,721.000
6.038980000,45.064230000,722.000
6.039180000,45.064370000,722.000
6.039470000,45.064580000,723.000
6.039990000,45.064970000,724.000
6.040030000,45.065010000,725.000
6.040090000,45.065080000,725.000
6.040100000,45.065120000,726.000
6.040120000,45.065170000,727.000
6.040110000,45.065260000,727.000
6.040080000,45.065370000,728.000
6.039990000,45.065610000,730.000
6.039630000,45.066500000,734.000
6.039590000,45.066650000,738.000
6.039480000,45.067360000,743.000
6.039420000,45.067750000,748.000
6.039410000,45.067800000,752.000
6.039390000,45.067880000,754.000
6.039250000,45.068170000,758.000
6.039240000,45.068240000,760.000
6.039240000,45.068310000,762.000
6.039300000,45.068620000,765.000
6.039300000,45.068720000,768.000
6.039250000,45.068920000,770.000
6.039190000,45.069150000,773.000
6.039150000,45.069270000,775.000
6.039100000,45.069370000,778.000
6.038960000,45.069600000,780.000
6.038870000,45.069760000,783.000
6.038780000,45.069960000,786.000
6.038720000,45.070120000,788.000
6.038700000,45.070250000,791.000
6.038690000,45.070370000,793.000
6.038700000,45.070530000,795.000
6.038750000,45.070760000,798.000
6.038800000,45.070910000,800.000
6.038940000,45.071360000,804.000
6.038980000,45.071540000,806.000
6.038990000,45.071740000,809.000
6.039000000,45.071780000,811.000
6.039020000,45.071820000,812.000
6.039050000,45.071850000,813.000
6.039100000,45.071870000,814.000
6.039160000,45.071870000,815.000
6.039210000,45.071860000,815.000
6.039260000,45.071840000,816.000
6.039280000,45.071820000,816.000
6.039290000,45.071790000,816.000
6.039290000,45.071730000,817.000
6.039210000,45.071460000,818.000
6.039140000,45.071170000,820.000
6.039120000,45.071050000,821.000
6.039140000,45.070930000,823.000
6.039180000,45.070790000,824.000
6.039260000,45.070620000,826.000
6.039340000,45.070470000,827.000
6.039420000,45.070360000,829.000
6.039540000,45.070230000,830.000
6.039640000,45.070140000,832.000
6.040010000,45.069860000,834.000
6.040080000,45.069800000,835.000
6.040240000,45.069620000,837.000
6.040310000,45.069570000,839.000
6.040560000,45.069410000,840.000
6.040750000,45.069310000,842.000
6.040810000,45.069260000,844.000
6.040840000,45.069230000,845.000
6.040860000,45.069170000,846.000
6.040870000,45.069130000,847.000
6.040950000,45.068780000,848.000
6.041060000,45.068320000,851.000
6.041090000,45.068190000,854.000
6.041140000,45.068060000,856.000
6.041250000,45.067830000,858.000
6.041460000,45.067460000,861.000
6.041850000,45.066840000,866.000
6.041910000,45.066720000,870.000
6.042030000,45.066480000,874.000
6.042060000,45.066440000,877.000
6.042080000,45.066420000,879.000
6.042120000,45.066400000,880.000
6.042160000,45.066400000,882.000
6.042200000,45.066410000,882.000
6.042240000,45.066430000,883.000
6.042260000,45.066450000,884.000
6.042260000,45.066490000,884.000
6.042250000,45.066520000,885.000
6.042140000,45.066700000,886.000
6.041850000,45.067310000,887.000
6.041750000,45.067530000,888.000
6.041750000,45.067580000,889.000
6.041750000,45.067650000,889.000
6.041860000,45.067950000,890.000
6.041890000,45.067990000,890.000
6.041930000,45.068010000,890.000
6.041970000,45.068010000,890.000
6.042020000,45.068010000,891.000
6.042060000,45.067990000,891.000
6.042080000,45.067960000,891.000
6.042090000,45.067920000,891.000
6.042090000,45.067890000,891.000
6.042070000,45.067860000,891.000
6.041950000,45.067710000,891.000
6.041920000,45.067660000,891.000
6.041910000,45.067600000,891.000
6.041920000,45.067530000,891.000
6.041950000,45.067470000,891.000
6.042000000,45.067380000,891.000
6.042080000,45.067300000,891.000
6.042210000,45.067190000,891.000
6.042510000,45.066940000,890.000
6.042580000,45.066870000,890.000
6.042660000,45.066780000,889.000
6.042750000,45.066610000,889.000
6.042860000,45.066390000,888.000
6.043050000,45.066040000,888.000
6.043100000,45.065970000,888.000
6.043140000,45.065940000,889.000
6.043190000,45.065930000,890.000
6.043240000,45.065930000,890.000
6.043270000,45.065950000,891.000
6.043300000,45.065970000,892.000
6.043320000,45.066000000,893.000
6.043330000,45.066030000,894.000
6.043330000,45.066070000,895.000
6.043240000,45.066220000,897.000
6.043210000,45.066290000,899.000
6.043150000,45.066610000,904.000
6.043100000,45.066790000,909.000
6.043050000,45.066860000,913.000
6.042870000,45.067080000,918.000
6.042820000,45.067170000,923.000
6.042810000,45.067250000,927.000
6.042820000,45.067500000,932.000
6.042820000,45.067590000,935.000
6.042800000,45.067650000,938.000
6.042660000,45.067950000,942.000
6.042630000,45.068040000,945.000
6.042620000,45.068100000,947.000
6.042610000,45.068180000,949.000
6.042610000,45.068320000,951.000
6.042660000,45.068840000,956.000
6.042680000,45.068870000,959.000
6.042700000,45.068890000,961.000
6.042720000,45.068900000,963.000
6.042760000,45.068900000,964.000
6.042800000,45.068900000,965.000
6.042840000,45.068890000,966.000
6.042870000,45.068870000,966.000
6.042890000,45.068850000,967.000
6.042890000,45.068820000,968.000
6.042900000,45.068790000,968.000
6.042890000,45.068730000,969.000
6.042810000,45.068540000,970.000
6.042800000,45.068480000,971.000
6.042800000,45.068400000,972.000
6.042810000,45.068320000,973.000
6.042850000,45.068220000,973.000
6.042910000,45.068150000,973.000
6.043210000,45.067800000,974.000
6.043650000,45.067260000,975.000
6.043680000,45.067230000,975.000
6.043730000,45.067200000,975.000
6.043780000,45.067180000,976.000
6.043820000,45.067180000,976.000
6.043870000,45.067180000,976.000
6.043920000,45.067190000,976.000
6.043980000,45.067220000,976.000
6.044030000,45.067250000,976.000
6.044140000,45.067360000,976.000
6.044470000,45.067680000,977.000
6.044520000,45.067750000,978.000
6.044540000,45.067790000,979.000
6.044610000,45.067910000,980.000
6.044680000,45.068080000,981.000
6.044740000,45.068260000,982.000
6.044840000,45.068690000,984.000
6.044860000,45.068760000,985.000
6.044900000,45.068820000,986.000
6.044970000,45.068890000,987.000
6.045050000,45.068960000,988.000
6.045300000,45.069120000,989.000
6.045360000,45.069160000,990.000
6.045390000,45.069190000,991.000
6.045440000,45.069260000,992.000
6.045630000,45.069510000,993.000
6.045710000,45.069650000,994.000
6.045820000,45.069930000,996.000
6.045860000,45.069990000,998.000
6.045910000,45.070050000,999.000
6.046000000,45.070120000,1000.000
6.046100000,45.070180000,1001.000
6.046710000,45.070500000,1003.000
6.046850000,45.070590000,1005.000
6.046960000,45.070680000,1007.000
6.047670000,45.071440000,1012.000
6.047810000,45.071570000,1017.000
6.047960000,45.071700000,1020.000
6.048120000,45.071800000,1023.000
6.048150000,45.071830000,1025.000
6.048170000,45.071860000,1027.000
6.048170000,45.071890000,1028.000
6.048160000,45.071920000,1029.000
6.048140000,45.071950000,1029.000
6.048110000,45.071970000,1030.000
6.048070000,45.071980000,1031.000
6.048030000,45.071980000,1031.000
6.047980000,45.071980000,1032.000
6.047940000,45.071960000,1032.000
6.047890000,45.071940000,1032.000
6.047740000,45.071730000,1033.000
6.047640000,45.071640000,1034.000
6.047510000,45.071540000,1034.000
6.047330000,45.071400000,1035.000
6.047220000,45.071330000,1036.000
6.046910000,45.071160000,1037.000
6.046820000,45.071110000,1038.000
6.046720000,45.071080000,1039.000
6.046640000,45.071060000,1039.000
6.046410000,45.071040000,1040.000
6.046170000,45.071040000,1041.000
6.045090000,45.071090000,1043.000
6.044980000,45.071090000,1045.000
6.044900000,45.071070000,1046.000
6.044780000,45.071040000,1047.000
6.044450000,45.070900000,1048.000
6.044410000,45.070880000,1049.000
6.044360000,45.070880000,1050.000
6.044310000,45.070890000,1050.000
6.044270000,45.070910000,1051.000
6.044250000,45.070930000,1051.000
6.044240000,45.070960000,1052.000
6.044240000,45.070990000,1052.000
6.044250000,45.071020000,1052.000
6.044280000,45.071040000,1052.000
6.044370000,45.071090000,1053.000
6.044780000,45.071260000,1054.000
6.044890000,45.071310000,1054.000
6.045050000,45.071340000,1055.000
6.045970000,45.071500000,1057.000
6.046080000,45.071520000,1059.000
6.046180000,45.071540000,1060.000
6.046350000,45.071600000,1062.000
6.046430000,45.071650000,1063.000
6.046530000,45.071700000,1064.000
6.046750000,45.071860000,1065.000
6.046860000,45.071960000,1066.000
6.046950000,45.072050000,1067.000
6.047610000,45.072850000,1071.000
6.047650000,45.072910000,1073.000
6.047670000,45.072970000,1075.000
6.047690000,45.073050000,1076.000
6.047700000,45.073320000,1078.000
6.047720000,45.073360000,1079.000
6.047750000,45.073410000,1080.000
6.047800000,45.073460000,1081.000
6.047830000,45.073490000,1081.000
6.047880000,45.073520000,1082.000
6.047940000,45.073550000,1082.000
6.048040000,45.073580000,1083.000
6.048510000,45.073680000,1084.000
6.048610000,45.073690000,1085.000
6.048700000,45.073680000,1086.000
6.048780000,45.073660000,1087.000
6.048840000,45.073640000,1087.000
6.048940000,45.073580000,1088.000
6.049100000,45.073460000,1089.000
6.049200000,45.073390000,1089.000
6.049280000,45.073360000,1090.000
6.049390000,45.073330000,1091.000
6.049540000,45.073300000,1092.000
6.049700000,45.073260000,1093.000
6.049810000,45.073220000,1094.000
6.049930000,45.073160000,1096.000
6.050980000,45.072500000,1101.000
6.051080000,45.072440000,1104.000
6.051130000,45.072430000,1107.000
6.051180000,45.072440000,1109.000
6.051220000,45.072450000,1110.000
6.051250000,45.072480000,1111.000
6.051270000,45.072510000,1112.000
6.051260000,45.072540000,1113.000
6.051240000,45.072570000,1114.000
6.051200000,45.072610000,1114.000
6.051000000,45.072690000,1115.000
6.050940000,45.072730000,1115.000
6.050860000,45.072780000,1116.000
6.050760000,45.072880000,1117.000
6.050190000,45.073600000,1119.000
6.050110000,45.073680000,1121.000
6.050020000,45.073740000,1122.000
6.049750000,45.073910000,1124.000
6.049690000,45.073960000,1125.000
6.049650000,45.074010000,1126.000
6.049610000,45.074070000,1127.000
6.049580000,45.074200000,1129.000
6.049570000,45.074480000,1131.000
6.049550000,45.074550000,1133.000
6.049510000,45.074640000,1135.000
6.049450000,45.074700000,1137.000
6.049370000,45.074760000,1138.000
6.049300000,45.074800000,1139.000
6.049120000,45.074870000,1141.000
6.048760000,45.074990000,1144.000
6.048660000,45.075010000,1146.000
6.048590000,45.075020000,1148.000
6.048510000,45.075020000,1149.000
6.048370000,45.074990000,1150.000
6.048240000,45.074950000,1152.000
6.048120000,45.074910000,1153.000
6.047910000,45.074820000,1155.000
6.047790000,45.074760000,1156.000
6.047730000,45.074760000,1158.000
6.047690000,45.074760000,1158.000
6.047650000,45.074770000,1159.000
6.047620000,45.074790000,1159.000
6.047600000,45.074820000,1160.000
6.047590000,45.074850000,1160.000
6.047600000,45.074880000,1161.000
6.047630000,45.074900000,1161.000
6.047670000,45.074920000,1161.000
6.047710000,45.074930000,1162.000
6.047800000,45.074950000,1162.000
6.047960000,45.074970000,1163.000
6.048020000,45.074990000,1163.000
6.048150000,45.075030000,1164.000
6.048590000,45.075210000,1166.000
6.048710000,45.075230000,1167.000
6.048900000,45.075250000,1169.000
6.049490000,45.075240000,1171.000
6.049630000,45.075220000,1173.000
6.049730000,45.075200000,1174.000
6.049820000,45.075170000,1175.000
6.049880000,45.075140000,1176.000
6.049960000,45.075090000,1177.000
6.050010000,45.075050000,1177.000
6.050050000,45.074980000,1178.000
6.050100000,45.074880000,1179.000
6.050200000,45.074590000,1180.000
6.050240000,45.074510000,1181.000
6.050290000,45.074460000,1182.000
6.050350000,45.074420000,1183.000
6.050460000,45.074370000,1183.000
6.050680000,45.074280000,1184.000
6.050770000,45.074230000,1185.000
6.050840000,45.074180000,1186.000
6.051670000,45.073570000,1188.000
6.051740000,45.073510000,1190.000
6.051850000,45.073390000,1192.000
6.051950000,45.073260000,1193.000
6.051980000,45.073230000,1194.000
6.052020000,45.073210000,1194.000
6.052050000,45.073200000,1195.000
6.052090000,45.073200000,1195.000
6.052130000,45.073210000,1196.000
6.052160000,45.073230000,1196.000
6.052180000,45.073260000,1196.000
6.052180000,45.073280000,1196.000
6.052170000,45.073300000,1196.000
6.052130000,45.073340000,1197.000
6.051930000,45.073510000,1197.000
6.051590000,45.073820000,1198.000
6.051060000,45.074390000,1200.000
6.050960000,45.074510000,1202.000
6.050910000,45.074600000,1203.000
6.050850000,45.074700000,1205.000
6.050810000,45.074820000,1206.000
6.050770000,45.074920000,1207.000
6.050700000,45.075220000,1209.000
6.050680000,45.075310000,1211.000
6.050640000,45.075380000,1212.000
6.050590000,45.075460000,1214.000
6.050350000,45.075760000,1216.000
6.050270000,45.075840000,1217.000
6.050200000,45.075890000,1219.000
6.050110000,45.075930000,1220.000
6.049760000,45.076030000,1222.000
6.049520000,45.076110000,1224.000
6.049300000,45.076190000,1225.000
6.049080000,45.076300000,1227.000
6.048980000,45.076350000,1229.000
6.048880000,45.076370000,1230.000
6.048800000,45.076380000,1231.000
6.048700000,45.076380000,1232.000
6.048610000,45.076370000,1233.000
6.048370000,45.076330000,1234.000
6.048170000,45.076290000,1235.000
6.048080000,45.076280000,1236.000
6.048010000,45.076290000,1237.000
6.047950000,45.076300000,1238.000
6.047650000,45.076400000,1239.000
6.047350000,45.076500000,1240.000
6.047290000,45.076550000,1242.000
6.047280000,45.076570000,1242.000
6.047280000,45.076600000,1243.000
6.047300000,45.076630000,1244.000
6.047330000,45.076650000,1244.000
6.047380000,45.076670000,1244.000
6.047430000,45.076670000,1245.000
6.047490000,45.076650000,1245.000
6.047700000,45.076560000,1246.000
6.047830000,45.076510000,1247.000
6.047890000,45.076490000,1247.000
6.047950000,45.076490000,1248.000
6.048030000,45.076490000,1248.000
6.048120000,45.076500000,1249.000
6.048320000,45.076560000,1249.000
6.048560000,45.076670000,1250.000
6.048660000,45.076700000,1251.000
6.048770000,45.076720000,1252.000
6.048910000,45.076730000,1253.000
6.049060000,45.076730000,1254.000
6.049350000,45.076720000,1255.000
6.049470000,45.076710000,1256.000
6.049550000,45.076700000,1257.000
6.049640000,45.076680000,1257.000
6.049920000,45.076570000,1259.000
6.050020000,45.076540000,1260.000
6.050170000,45.076520000,1262.000
6.050530000,45.076500000,1264.000
6.050610000,45.076490000,1266.000
6.050710000,45.076470000,1267.000
6.050810000,45.076440000,1269.000
6.050940000,45.076390000,1270.000
6.051050000,45.076330000,1271.000
6.051230000,45.076210000,1273.000
6.051440000,45.076070000,1275.000
6.051550000,45.075980000,1277.000
6.051610000,45.075920000,1279.000
6.051780000,45.075680000,1281.000
6.052100000,45.075190000,1283.000
6.052170000,45.075070000,1285.000
6.052180000,45.075030000,1287.000
6.052210000,45.074860000,1288.000
6.052230000,45.074820000,1289.000
6.052300000,45.074780000,1290.000
6.052340000,45.074770000,1290.000
6.052390000,45.074760000,1291.000
6.052440000,45.074780000,1291.000
6.052480000,45.074790000,1291.000
6.052500000,45.074820000,1292.000
6.052510000,45.074850000,1292.000
6.052510000,45.074890000,1292.000
6.052480000,45.074930000,1292.000
6.052430000,45.075000000,1293.000
6.052340000,45.075060000,1293.000
6.052260000,45.075160000,1293.000
6.052220000,45.075230000,1294.000
6.052100000,45.075540000,1295.000
6.051990000,45.075760000,1296.000
6.051960000,45.075860000,1298.000
6.051910000,45.076130000,1300.000
6.051880000,45.076260000,1302.000
6.051760000,45.076620000,1304.000
6.051720000,45.076700000,1306.000
6.051650000,45.076790000,1308.000
6.051630000,45.076820000,1310.000
6.051550000,45.076880000,1311.000
6.051490000,45.076930000,1312.000
6.051430000,45.076970000,1313.000
6.051350000,45.077020000,1314.000
6.051200000,45.077110000,1315.000
6.050870000,45.077250000,1317.000
6.050730000,45.077330000,1318.000
6.050330000,45.077600000,1321.000
6.050110000,45.077730000,1323.000
6.049630000,45.077990000,1326.000
6.049480000,45.078050000,1329.000
6.049410000,45.078060000,1331.000
6.049360000,45.078070000,1332.000
6.049300000,45.078060000,1333.000
6.049150000,45.078020000,1334.000
6.049030000,45.077970000,1335.000
6.048980000,45.077950000,1336.000
6.048910000,45.077940000,1337.000
6.048750000,45.077930000,1338.000
6.048540000,45.077950000,1339.000
6.048440000,45.077940000,1340.000
6.048340000,45.077930000,1341.000
6.048220000,45.077900000,1341.000
6.047970000,45.077810000,1343.000
6.047900000,45.077800000,1343.000
6.047850000,45.077810000,1344.000
6.047810000,45.077850000,1345.000
6.047800000,45.077870000,1345.000
6.047800000,45.077900000,1346.000
6.047810000,45.077930000,1346.000
6.047870000,45.077970000,1347.000
6.047920000,45.077990000,1347.000
6.048180000,45.078020000,1348.000
6.048300000,45.078050000,1349.000
6.048510000,45.078110000,1350.000
6.048680000,45.078170000,1351.000
6.048840000,45.078240000,1352.000
6.049120000,45.078380000,1353.000
6.049200000,45.078410000,1355.000
6.049260000,45.078430000,1356.000
6.049340000,45.078440000,1356.000
6.049430000,45.078440000,1357.000
6.049650000,45.078440000,1358.000
6.049810000,45.078430000,1359.000
6.050040000,45.078400000,1360.000
6.050140000,45.078380000,1361.000
6.050370000,45.078320000,1362.000
6.051710000,45.077830000,1366.000
6.051820000,45.077800000,1369.000
6.052120000,45.077740000,1372.000
6.052240000,45.077710000,1374.000
6.052360000,45.077660000,1375.000
6.052520000,45.077580000,1376.000
6.052730000,45.077470000,1378.000
6.052850000,45.077380000,1379.000
6.053120000,45.077110000,1380.000
6.053170000,45.077080000,1382.000
6.053220000,45.077060000,1382.000
6.053270000,45.077060000,1383.000
6.053330000,45.077060000,1384.000
6.053380000,45.077070000,1384.000
6.053430000,45.077090000,1385.000
6.053470000,45.077110000,1385.000
6.053520000,45.077170000,1385.000
6.053550000,45.077230000,1386.000
6.053590000,45.077510000,1387.000
6.053620000,45.077600000,1388.000
6.053650000,45.077670000,1389.000
6.053710000,45.077750000,1389.000
6.053840000,45.077890000,1391.000
6.054080000,45.078180000,1393.000
6.054660000,45.079170000,1398.000
6.054700000,45.079300000,1403.000
6.054700000,45.079360000,1406.000
6.054690000,45.079430000,1408.000
6.054630000,45.079590000,1410.000
6.054620000,45.079650000,1412.000
6.054630000,45.079740000,1413.000
6.054690000,45.080030000,1416.000
6.054790000,45.080400000,1419.000
6.054840000,45.080540000,1421.000
6.054880000,45.080620000,1423.000
6.054940000,45.080680000,1425.000
6.055010000,45.080730000,1426.000
6.055090000,45.080770000,1428.000
6.055180000,45.080800000,1429.000
6.055240000,45.080820000,1430.000
6.055320000,45.080820000,1430.000
6.055380000,45.080810000,1431.000
6.055440000,45.080790000,1432.000
6.055500000,45.080760000,1432.000
6.055540000,45.080730000,1433.000
6.055570000,45.080680000,1433.000
6.055630000,45.080560000,1434.000
6.055690000,45.080400000,1435.000
6.055740000,45.080310000,1436.000
6.055810000,45.080240000,1436.000
6.055880000,45.080200000,1437.000
6.055970000,45.080160000,1438.000
6.056070000,45.080140000,1438.000
6.056260000,45.080100000,1439.000
6.056500000,45.080060000,1440.000
6.056610000,45.080060000,1441.000
6.056710000,45.080060000,1442.000
6.056800000,45.080070000,1443.000
6.056910000,45.080090000,1444.000
6.056990000,45.080120000,1444.000
6.057550000,45.080360000,1446.000
6.058270000,45.080630000,1448.000
6.058560000,45.080740000,1451.000
6.058670000,45.080800000,1452.000
6.058730000,45.080830000,1453.000
6.058790000,45.080870000,1454.000
6.058820000,45.080900000,1455.000
6.058910000,45.080970000,1456.000
6.059000000,45.081030000,1456.000
6.059090000,45.081080000,1457.000
6.059210000,45.081130000,1458.000
6.059510000,45.081220000,1458.000
6.059650000,45.081270000,1459.000
6.059740000,45.081300000,1460.000
6.059900000,45.081400000,1461.000
6.060050000,45.081500000,1462.000
6.060130000,45.081530000,1463.000
6.060450000,45.081630000,1464.000
6.060750000,45.081720000,1465.000
6.061050000,45.081800000,1466.000
6.061340000,45.081880000,1468.000
6.061470000,45.081910000,1469.000
6.061790000,45.081990000,1470.000
6.062190000,45.082120000,1472.000
6.062270000,45.082170000,1474.000
6.062320000,45.082210000,1475.000
6.062330000,45.082240000,1476.000
6.062320000,45.082270000,1476.000
6.062300000,45.082300000,1477.000
6.062280000,45.082320000,1477.000
6.062240000,45.082340000,1478.000
6.062210000,45.082350000,1478.000
6.062170000,45.082350000,1479.000
6.062120000,45.082340000,1479.000
6.062050000,45.082300000,1480.000
6.061820000,45.082170000,1481.000
6.061740000,45.082130000,1482.000
6.061620000,45.082100000,1483.000
6.061420000,45.082090000,1484.000
6.061270000,45.082100000,1486.000
6.060470000,45.082160000,1489.000
6.059950000,45.082190000,1492.000
6.059820000,45.082190000,1495.000
6.059710000,45.082200000,1496.000
6.059600000,45.082210000,1498.000
6.058980000,45.082210000,1498.000
6.058720000,45.082230000,1499.000
6.058680000,45.082230000,1500.000
6.058330000,45.082230000,1500.000
6.058230000,45.082230000,1500.000
6.058170000,45.082240000,1500.000
6.058000000,45.082270000,1501.000
6.057930000,45.082290000,1501.000
6.057910000,45.082300000,1501.000
6.057830000,45.082340000,1501.000
6.057760000,45.082390000,1501.000
6.057700000,45.082450000,1501.000
6.057660000,45.082510000,1501.000
6.057640000,45.082550000,1501.000
6.057620000,45.082590000,1501.000
6.057600000,45.082740000,1502.000
6.057590000,45.082980000,1503.000
6.057590000,45.083080000,1504.000
6.057580000,45.083190000,1505.000
6.057480000,45.083540000,1507.000
6.057470000,45.083580000,1508.000
6.057480000,45.083630000,1509.000
6.057500000,45.083660000,1510.000
6.057530000,45.083680000,1511.000
6.057560000,45.083690000,1511.000
6.057610000,45.083690000,1512.000
6.057650000,45.083680000,1512.000
6.057680000,45.083670000,1512.000
6.057720000,45.083640000,1513.000
6.057870000,45.083420000,1514.000
6.057940000,45.083360000,1515.000
6.058060000,45.083280000,1516.000
6.058180000,45.083210000,1517.000
6.058300000,45.083160000,1518.000
6.058480000,45.083100000,1519.000
6.058610000,45.083060000,1520.000
6.058830000,45.083020000,1522.000
6.058880000,45.083010000,1523.000
6.059010000,45.083010000,1524.000
6.059190000,45.083010000,1526.000
6.059320000,45.083010000,1527.000
6.059690000,45.083020000,1529.000
6.059890000,45.083040000,1531.000
6.060070000,45.083070000,1533.000
6.060730000,45.083200000,1537.000
6.061430000,45.083340000,1540.000
6.061930000,45.083460000,1543.000
6.062040000,45.083470000,1546.000
6.062150000,45.083480000,1547.000
6.062400000,45.083490000,1549.000
6.062520000,45.083490000,1550.000
6.062560000,45.083500000,1551.000
6.062610000,45.083530000,1552.000
6.062640000,45.083570000,1552.000
6.062620000,45.083620000,1553.000
6.062600000,45.083640000,1553.000
6.062570000,45.083650000,1553.000
6.062510000,45.083660000,1554.000
6.062450000,45.083660000,1554.000
6.062230000,45.083610000,1555.000
6.062100000,45.083600000,1555.000
6.061960000,45.083590000,1556.000
6.061660000,45.083590000,1557.000
6.061460000,45.083610000,1558.000
6.061330000,45.083640000,1560.000
6.061010000,45.083770000,1561.000
6.060700000,45.083910000,1563.000
6.060590000,45.083960000,1565.000
6.060490000,45.084030000,1566.000
6.060430000,45.084080000,1567.000
6.060370000,45.084140000,1568.000
6.060300000,45.084250000,1569.000
6.060240000,45.084350000,1570.000
6.060220000,45.084430000,1571.000
6.060180000,45.084560000,1572.000
6.060120000,45.084770000,1574.000
6.060090000,45.084930000,1576.000
6.060030000,45.085150000,1578.000
6.059980000,45.085280000,1580.000
6.059940000,45.085360000,1581.000
6.059820000,45.085540000,1583.000
6.059740000,45.085650000,1585.000
6.059630000,45.085780000,1586.000
6.059440000,45.085960000,1589.000
6.059160000,45.086210000,1591.000
6.058920000,45.086440000,1594.000
6.058750000,45.086620000,1597.000
6.058520000,45.086900000,1599.000
6.058380000,45.087090000,1602.000
6.058260000,45.087280000,1604.000
6.058220000,45.087340000,1606.000
6.058140000,45.087450000,1608.000
6.058080000,45.087510000,1609.000
6.057970000,45.087600000,1611.000
6.057830000,45.087690000,1612.000
6.057760000,45.087740000,1613.000
6.057380000,45.087980000,1615.000
6.057040000,45.088180000,1617.000
6.056870000,45.088270000,1619.000
6.056720000,45.088320000,1620.000
6.056650000,45.088340000,1621.000
6.056540000,45.088350000,1622.000
6.056500000,45.088350000,1623.000
6.056390000,45.088340000,1624.000
6.056320000,45.088320000,1625.000
6.056250000,45.088290000,1625.000
6.056130000,45.088230000,1626.000
6.055980000,45.088120000,1627.000
6.055950000,45.088110000,1627.000
6.055930000,45.088110000,1628.000
6.055870000,45.088120000,1628.000
6.055830000,45.088140000,1629.000
6.055820000,45.088160000,1629.000
6.055820000,45.088180000,1629.000
6.055830000,45.088200000,1629.000
6.055990000,45.088360000,1630.000
6.056160000,45.088610000,1632.000
6.056290000,45.088820000,1633.000
6.056350000,45.088900000,1635.000
6.056430000,45.088960000,1636.000
6.056480000,45.088990000,1637.000
6.056540000,45.089020000,1638.000
6.056650000,45.089050000,1639.000
6.056920000,45.089100000,1641.000
6.057090000,45.089130000,1642.000
6.057220000,45.089140000,1643.000
6.057550000,45.089150000,1645.000
6.057910000,45.089170000,1647.000
6.058080000,45.089160000,1649.000
6.058260000,45.089150000,1651.000
6.058470000,45.089110000,1652.000
6.059870000,45.088850000,1657.000
6.060010000,45.088820000,1660.000
6.060140000,45.088770000,1663.000
6.060340000,45.088680000,1665.000
6.060390000,45.088670000,1667.000
6.060430000,45.088670000,1668.000
6.060460000,45.088680000,1669.000
6.060460000,45.088700000,1670.000
6.060470000,45.088700000,1670.000
6.060480000,45.088730000,1671.000
6.060480000,45.088750000,1671.000
6.060460000,45.088780000,1671.000
6.060240000,45.088930000,1672.000
6.059920000,45.089280000,1674.000
6.059740000,45.089490000,1676.000
6.059540000,45.089670000,1679.000
6.059480000,45.089720000,1680.000
6.059130000,45.089990000,1683.000
6.058480000,45.090430000,1686.000
6.058480000,45.090430000,1689.000
6.058350000,45.090520000,1691.000
6.058230000,45.090600000,1692.000
6.058100000,45.090680000,1694.000
6.057940000,45.090770000,1696.000
6.057680000,45.090910000,1697.000
6.057170000,45.091160000,1700.000
6.057040000,45.091220000,1702.000
6.056750000,45.091310000,1705.000
6.056610000,45.091350000,1706.000
6.056600000,45.091350000,1708.000
6.056480000,45.091390000,1709.000
6.056400000,45.091400000,1710.000
6.056300000,45.091410000,1711.000
6.056040000,45.091410000,1712.000
6.055760000,45.091390000,1713.000
6.055490000,45.091350000,1714.000
6.055430000,45.091360000,1715.000
6.055380000,45.091370000,1715.000
6.055360000,45.091390000,1716.000
6.055340000,45.091430000,1716.000
6.055350000,45.091470000,1717.000
6.055390000,45.091520000,1717.000
6.055440000,45.091550000,1717.000
6.055530000,45.091570000,1718.000
6.055660000,45.091580000,1718.000
6.055810000,45.091580000,1719.000
6.055970000,45.091590000,1719.000
6.056150000,45.091630000,1720.000
6.056850000,45.091800000,1721.000
6.057090000,45.091830000,1723.000
6.057210000,45.091840000,1724.000
6.057380000,45.091840000,1726.000
6.058190000,45.091780000,1729.000
6.058870000,45.091740000,1733.000
6.059080000,45.091710000,1736.000
6.059210000,45.091680000,1738.000
6.059440000,45.091640000,1740.000
6.060420000,45.091440000,1744.000
6.061030000,45.091300000,1748.000
6.061110000,45.091280000,1750.000
6.061210000,45.091250000,1753.000
6.061300000,45.091210000,1754.000
6.061340000,45.091220000,1755.000
6.061380000,45.091230000,1756.000
6.061430000,45.091210000,1757.000
6.061840000,45.091050000,1758.000
6.061980000,45.091010000,1760.000
6.062330000,45.090930000,1762.000
6.062600000,45.090860000,1764.000
6.062870000,45.090800000,1765.000
6.063120000,45.090750000,1767.000
6.063360000,45.090740000,1769.000
6.063620000,45.090720000,1771.000
6.063730000,45.090710000,1773.000
6.063820000,45.090690000,1774.000
6.063960000,45.090640000,1775.000
6.064060000,45.090600000,1776.000
6.064170000,45.090560000,1777.000
6.064330000,45.090520000,1778.000
6.064530000,45.090490000,1779.000
6.064810000,45.090460000,1780.000
6.064870000,45.090450000,1781.000
6.065120000,45.090430000,1781.000
6.065210000,45.090430000,1782.000
6.065310000,45.090450000,1782.000
6.065360000,45.090480000,1783.000
6.065390000,45.090500000,1783.000
6.065410000,45.090520000,1783.000
6.065430000,45.090550000,1783.000
6.065470000,45.090620000,1784.000
6.065490000,45.090690000,1784.000
6.065500000,45.090790000,1784.000
6.065500000,45.090840000,1784.000
6.065480000,45.090870000,1785.000
6.065440000,45.090920000,1785.000
6.065400000,45.090960000,1785.000
6.065340000,45.090980000,1785.000
6.065250000,45.090990000,1785.000
6.065150000,45.091010000,1786.000
6.065070000,45.091010000,1786.000
6.064900000,45.091000000,1786.000
6.064750000,45.091010000,1786.000
6.064620000,45.091030000,1787.000
6.064490000,45.091060000,1787.000
6.064350000,45.091090000,1788.000
6.064210000,45.091140000,1788.000
6.064080000,45.091190000,1789.000
6.063920000,45.091260000,1789.000
6.063620000,45.091480000,1790.000
6.063500000,45.091570000,1791.000
6.063370000,45.091650000,1791.000
6.063040000,45.091810000,1792.000
6.062770000,45.091940000,1793.000
6.062560000,45.092050000,1794.000
6.062450000,45.092110000,1795.000
6.062330000,45.092200000,1796.000
6.062250000,45.092260000,1796.000
6.061950000,45.092490000,1797.000
6.061870000,45.092540000,1798.000
6.061790000,45.092580000,1798.000
6.061720000,45.092610000,1799.000
6.061640000,45.092630000,1799.000
6.061530000,45.092650000,1799.000
6.061320000,45.092690000,1800.000
6.061260000,45.092710000,1800.000
6.061210000,45.092730000,1801.000
6.061200000,45.092750000,1801.000
6.061200000,45.092780000,1801.000
6.061220000,45.092810000,1801.000
6.061260000,45.092820000,1801.000
6.061300000,45.092830000,1802.000
6.061340000,45.092830000,1802.000
6.061540000,45.092770000,1802.000
6.061650000,45.092750000,1802.000
6.061780000,45.092730000,1803.000
6.062420000,45.092670000,1804.000
6.063000000,45.092620000,1806.000
6.063490000,45.092590000,1808.000
6.063650000,45.092600000,1810.000
6.064280000,45.092650000,1812.000
6.064410000,45.092660000,1814.000
6.064780000,45.092700000,1816.000
6.064940000,45.092720000,1818.000
6.065320000,45.092800000,1820.000
6.065830000,45.092910000,1821.000
6.065940000,45.092920000,1823.000
6.066190000,45.092950000,1824.000
6.066640000,45.092960000,1825.000
6.066770000,45.092980000,1825.000
6.066860000,45.093010000,1826.000
6.067030000,45.093060000,1827.000
6.067310000,45.093200000,1827.000
6.067370000,45.093240000,1828.000
6.067500000,45.093320000,1828.000
6.067550000,45.093290000,1828.000
6.067690000,45.093270000,1829.000
6.067800000,45.093250000,1829.000
6.068200000,45.093090000,1829.000
6.068280000,45.093070000,1829.000
6.068320000,45.093050000,1829.000
6.068310000,45.093020000,1829.000
6.068310000,45.092990000,1828.000
6.068320000,45.092960000,1828.000
6.068350000,45.092940000,1828.000
6.068380000,45.092920000,1828.000
6.068420000,45.092910000,1828.000
6.068440000,45.092910000,1828.000
6.068460000,45.092900000,1828.000
6.068480000,45.092910000,1828.000
6.068500000,45.092910000,1828.000
6.068610000,45.092900000,1828.000
6.068730000,45.092890000,1828.000
6.068940000,45.092800000,1828.000
6.069220000,45.092670000,1827.000
6.069220000,45.092670000,1827.000
6.069440000,45.092570000,1827.000
6.069660000,45.092490000,1826.000
6.069880000,45.092440000,1826.000
6.070010000,45.092420000,1826.000
6.070200000,45.092420000,1826.000
6.070380000,45.092420000,1826.000
6.070770000,45.092440000,1826.000
6.071330000,45.092480000,1826.000
6.071500000,45.092500000,1826.000
6.071670000,45.092500000,1826.000
6.071850000,45.092510000,1826.000
6.071920000,45.092510000,1826.000
6.071950000,45.092510000,1826.000
6.071970000,45.092500000,1826.000
6.072020000,45.092500000,1826.000
6.072070000,45.092510000,1826.000
6.072100000,45.092530000,1826.000
6.072130000,45.092560000,1826.000
6.072140000,45.092600000,1826.000
6.072140000,45.092630000,1826.000
6.072120000,45.092660000,1826.000
6.072100000,45.092680000,1826.000
6.072060000,45.092700000,1826.000
6.071990000,45.092750000,1826.000
6.071890000,45.092820000,1827.000
6.071810000,45.092880000,1827.000
6.071790000,45.092920000,1828.000
6.071780000,45.092930000,1828.000
6.071730000,45.093020000,1828.000
6.071660000,45.093150000,1829.000
6.071610000,45.093240000,1830.000
6.071370000,45.093630000,1832.000
6.071140000,45.094070000,1834.000
6.071120000,45.094100000,1836.000
6.070940000,45.094510000,1839.000
6.070910000,45.094570000,1840.000
        </coordinates>
      </LineString>
    </Placemark>
  </Document>
</kml>
