<?xml version="1.0" encoding="UTF-8"?>
<kml xmlns="http://www.opengis.net/kml/2.2">
  <Document>
    <name>Tour de France 2026 - Stage 08</name>
    <Style id="routeStyle">
      <LineStyle>
        <color>ff111111</color>
        <width>4</width>
      </LineStyle>
    </Style>
    <Placemark>
      <name>Tour de France 2026 - Stage 08</name>
      <styleUrl>#routeStyle</styleUrl>
      <LineString>
        <tessellate>1</tessellate>
        <coordinates>
0.765840000,45.172260000,111.000
0.765980000,45.171920000,110.000
0.766160000,45.171540000,110.000
0.766290000,45.171310000,110.000
0.766410000,45.171120000,109.000
0.766550000,45.170930000,109.000
0.766820000,45.170580000,108.000
0.767020000,45.170350000,108.000
0.767280000,45.170110000,107.000
0.767470000,45.169950000,107.000
0.767760000,45.169720000,106.000
0.768020000,45.169510000,105.000
0.768290000,45.169300000,105.000
0.768410000,45.169230000,104.000
0.768540000,45.169150000,103.000
0.768720000,45.169020000,103.000
0.768810000,45.168960000,103.000
0.768870000,45.168910000,103.000
0.768920000,45.168850000,103.000
0.768920000,45.168830000,103.000
0.768940000,45.168800000,103.000
0.768960000,45.168770000,103.000
0.768970000,45.168750000,103.000
0.769010000,45.168720000,103.000
0.769040000,45.168700000,103.000
0.769100000,45.168680000,103.000
0.769190000,45.168630000,103.000
0.769250000,45.168570000,103.000
0.769300000,45.168490000,103.000
0.769400000,45.168330000,103.000
0.769470000,45.168170000,103.000
0.769500000,45.168100000,103.000
0.769640000,45.167670000,103.000
0.769730000,45.167370000,103.000
0.769820000,45.167090000,103.000
0.769900000,45.166910000,104.000
0.769960000,45.166790000,104.000
0.770180000,45.166430000,104.000
0.770440000,45.165990000,105.000
0.771470000,45.164310000,106.000
0.771660000,45.164010000,107.000
0.771770000,45.163870000,108.000
0.771900000,45.163730000,109.000
0.772050000,45.163590000,110.000
0.772570000,45.163180000,111.000
0.772700000,45.163090000,112.000
0.772870000,45.162920000,113.000
0.773340000,45.162430000,115.000
0.773780000,45.161940000,115.000
0.774510000,45.161130000,113.000
0.775540000,45.160020000,109.000
0.775570000,45.159990000,107.000
0.775770000,45.159770000,106.000
0.777090000,45.158380000,105.000
0.777290000,45.158180000,105.000
0.777470000,45.158030000,106.000
0.777680000,45.157870000,106.000
0.778040000,45.157600000,107.000
0.778710000,45.157110000,108.000
0.779470000,45.156530000,110.000
0.779910000,45.156200000,110.000
0.780620000,45.155650000,110.000
0.781220000,45.155190000,108.000
0.781460000,45.155000000,108.000
0.781650000,45.154830000,107.000
0.782550000,45.154010000,108.000
0.782720000,45.153880000,109.000
0.782860000,45.153710000,110.000
0.782920000,45.153650000,110.000
0.782970000,45.153580000,111.000
0.782940000,45.153520000,111.000
0.782950000,45.153460000,111.000
0.782990000,45.153400000,111.000
0.783040000,45.153350000,111.000
0.783100000,45.153320000,111.000
0.783170000,45.153310000,111.000
0.783250000,45.153310000,111.000
0.783330000,45.153320000,110.000
0.783450000,45.153310000,110.000
0.783530000,45.153290000,110.000
0.783700000,45.153220000,110.000
0.783840000,45.153170000,110.000
0.784270000,45.152920000,109.000
0.786000000,45.152000000,108.000
0.786720000,45.151640000,108.000
0.786910000,45.151540000,107.000
0.787160000,45.151420000,107.000
0.787460000,45.151300000,107.000
0.787820000,45.151180000,107.000
0.788160000,45.151080000,108.000
0.788510000,45.150970000,108.000
0.788770000,45.150910000,108.000
0.789050000,45.150860000,108.000
0.789410000,45.150800000,107.000
0.790100000,45.150720000,107.000
0.791280000,45.150630000,106.000
0.791630000,45.150600000,105.000
0.791790000,45.150580000,105.000
0.791920000,45.150550000,105.000
0.792000000,45.150520000,104.000
0.792080000,45.150480000,104.000
0.792110000,45.150440000,104.000
0.792140000,45.150410000,104.000
0.792190000,45.150380000,104.000
0.792240000,45.150350000,105.000
0.792290000,45.150340000,105.000
0.792350000,45.150330000,105.000
0.792410000,45.150330000,105.000
0.792460000,45.150330000,105.000
0.792520000,45.150350000,105.000
0.792570000,45.150370000,105.000
0.792620000,45.150400000,105.000
0.792660000,45.150430000,105.000
0.792740000,45.150450000,105.000
0.792820000,45.150460000,105.000
0.792910000,45.150470000,105.000
0.793040000,45.150460000,105.000
0.793990000,45.150370000,106.000
0.794920000,45.150290000,106.000
0.795340000,45.150240000,106.000
0.795810000,45.150150000,106.000
0.796150000,45.150070000,106.000
0.796480000,45.149950000,106.000
0.796760000,45.149870000,106.000
0.797010000,45.149740000,106.000
0.797200000,45.149630000,106.000
0.797380000,45.149510000,106.000
0.797560000,45.149380000,106.000
0.797770000,45.149190000,106.000
0.797950000,45.149010000,106.000
0.798090000,45.148830000,106.000
0.798190000,45.148670000,106.000
0.798320000,45.148470000,107.000
0.798420000,45.148270000,107.000
0.798500000,45.148010000,108.000
0.798550000,45.147790000,108.000
0.798600000,45.147520000,109.000
0.798620000,45.147310000,110.000
0.798650000,45.147080000,110.000
0.798690000,45.146890000,111.000
0.798770000,45.146660000,112.000
0.798860000,45.146480000,112.000
0.798960000,45.146320000,112.000
0.799120000,45.146120000,112.000
0.799270000,45.145960000,112.000
0.799480000,45.145790000,112.000
0.799710000,45.145630000,111.000
0.800240000,45.145300000,111.000
0.800400000,45.145200000,111.000
0.800530000,45.145090000,111.000
0.800680000,45.144980000,110.000
0.800780000,45.144880000,110.000
0.800930000,45.144720000,110.000
0.801060000,45.144560000,109.000
0.801170000,45.144380000,109.000
0.801250000,45.144130000,109.000
0.801290000,45.144010000,109.000
0.801310000,45.143910000,108.000
0.801320000,45.143800000,108.000
0.801320000,45.143720000,108.000
0.801310000,45.143640000,108.000
0.801290000,45.143580000,108.000
0.801230000,45.143480000,108.000
0.801170000,45.143460000,108.000
0.801130000,45.143430000,108.000
0.801070000,45.143380000,108.000
0.801050000,45.143310000,108.000
0.801050000,45.143240000,108.000
0.801080000,45.143200000,108.000
0.801130000,45.143150000,109.000
0.801200000,45.143110000,109.000
0.801250000,45.143100000,109.000
0.801300000,45.143090000,109.000
0.801380000,45.143060000,109.000
0.801430000,45.143030000,109.000
0.801500000,45.142990000,109.000
0.801580000,45.142890000,109.000
0.801910000,45.142490000,110.000
0.802100000,45.142290000,110.000
0.802300000,45.142060000,111.000
0.802550000,45.141830000,111.000
0.802590000,45.141810000,111.000
0.803920000,45.140770000,112.000
0.804030000,45.140690000,113.000
0.804670000,45.140240000,114.000
0.804740000,45.140180000,114.000
0.804780000,45.140120000,114.000
0.804820000,45.140070000,115.000
0.804840000,45.140030000,115.000
0.804850000,45.140000000,115.000
0.804840000,45.139970000,115.000
0.804850000,45.139920000,115.000
0.804860000,45.139900000,115.000
0.804880000,45.139870000,115.000
0.804940000,45.139830000,115.000
0.804990000,45.139810000,115.000
0.805060000,45.139800000,115.000
0.805120000,45.139800000,115.000
0.805210000,45.139780000,115.000
0.805260000,45.139750000,115.000
0.805380000,45.139690000,115.000
0.805460000,45.139640000,115.000
0.807290000,45.138270000,116.000
0.807850000,45.137860000,116.000
0.808440000,45.137410000,116.000
0.808650000,45.137260000,116.000
0.810660000,45.135780000,116.000
0.810870000,45.135620000,116.000
0.811170000,45.135390000,116.000
0.811330000,45.135260000,116.000
0.811580000,45.135020000,116.000
0.811820000,45.134790000,116.000
0.811970000,45.134670000,115.000
0.812120000,45.134580000,115.000
0.812260000,45.134500000,115.000
0.812470000,45.134420000,115.000
0.812650000,45.134370000,115.000
0.812890000,45.134310000,115.000
0.813080000,45.134280000,115.000
0.813260000,45.134270000,115.000
0.813640000,45.134280000,115.000
0.813760000,45.134280000,115.000
0.813870000,45.134280000,115.000
0.813940000,45.134270000,115.000
0.813980000,45.134240000,115.000
0.814050000,45.134210000,115.000
0.814120000,45.134190000,115.000
0.814200000,45.134190000,115.000
0.814280000,45.134200000,115.000
0.814340000,45.134210000,115.000
0.814390000,45.134240000,115.000
0.814440000,45.134280000,115.000
0.814510000,45.134320000,115.000
0.814590000,45.134350000,115.000
0.814690000,45.134370000,115.000
0.814770000,45.134380000,115.000
0.814900000,45.134380000,115.000
0.815320000,45.134370000,116.000
0.815690000,45.134370000,116.000
0.816160000,45.134360000,116.000
0.816450000,45.134320000,116.000
0.816700000,45.134270000,116.000
0.816950000,45.134200000,116.000
0.817180000,45.134120000,116.000
0.817410000,45.134030000,116.000
0.817670000,45.133900000,117.000
0.818000000,45.133720000,117.000
0.820020000,45.132630000,121.000
0.820290000,45.132520000,123.000
0.820500000,45.132440000,125.000
0.820710000,45.132380000,126.000
0.822680000,45.131920000,126.000
0.823990000,45.131610000,126.000
0.824690000,45.131450000,125.000
0.825190000,45.131370000,125.000
0.825640000,45.131320000,124.000
0.826630000,45.131230000,124.000
0.827130000,45.131180000,123.000
0.827210000,45.131170000,123.000
0.827300000,45.131150000,123.000
0.827390000,45.131140000,122.000
0.827500000,45.131120000,122.000
0.828200000,45.130980000,122.000
0.828370000,45.130950000,122.000
0.828550000,45.130910000,122.000
0.828640000,45.130900000,122.000
0.829250000,45.130770000,122.000
0.829340000,45.130760000,122.000
0.829400000,45.130740000,122.000
0.829510000,45.130710000,122.000
0.829730000,45.130650000,122.000
0.829990000,45.130570000,122.000
0.830520000,45.130380000,122.000
0.831290000,45.130100000,122.000
0.832050000,45.129820000,122.000
0.834370000,45.128990000,122.000
0.835240000,45.128680000,123.000
0.835700000,45.128550000,123.000
0.837530000,45.128180000,125.000
0.837970000,45.128030000,127.000
0.838300000,45.127910000,128.000
0.838740000,45.127690000,129.000
0.840200000,45.126900000,130.000
0.841180000,45.126360000,131.000
0.841820000,45.126000000,131.000
0.842880000,45.125370000,132.000
0.843920000,45.124710000,132.000
0.844690000,45.124230000,132.000
0.845950000,45.123420000,131.000
0.847010000,45.122770000,131.000
0.847120000,45.122720000,131.000
0.847450000,45.122550000,131.000
0.847590000,45.122490000,131.000
0.847820000,45.122380000,131.000
0.848310000,45.122180000,131.000
0.848730000,45.122030000,131.000
0.848950000,45.121970000,132.000
0.849210000,45.121900000,132.000
0.849690000,45.121790000,132.000
0.849880000,45.121760000,133.000
0.850250000,45.121720000,133.000
0.850590000,45.121690000,133.000
0.850980000,45.121680000,134.000
0.851280000,45.121690000,134.000
0.851760000,45.121710000,134.000
0.852230000,45.121780000,134.000
0.853190000,45.121950000,135.000
0.854140000,45.122120000,135.000
0.854590000,45.122210000,135.000
0.854860000,45.122280000,135.000
0.855030000,45.122300000,135.000
0.855640000,45.122410000,135.000
0.855690000,45.122420000,135.000
0.856820000,45.122620000,134.000
0.857070000,45.122660000,134.000
0.857630000,45.122760000,134.000
0.858510000,45.122910000,134.000
0.858790000,45.122950000,134.000
0.859070000,45.122970000,134.000
0.859310000,45.122980000,134.000
0.859590000,45.122970000,135.000
0.859840000,45.122960000,135.000
0.860070000,45.122930000,136.000
0.860250000,45.122900000,137.000
0.860280000,45.122890000,137.000
0.860500000,45.122840000,138.000
0.860790000,45.122750000,139.000
0.861470000,45.122530000,141.000
0.862080000,45.122340000,143.000
0.862440000,45.122260000,144.000
0.862820000,45.122210000,145.000
0.863230000,45.122200000,145.000
0.864180000,45.122190000,146.000
0.865080000,45.122200000,146.000
0.865520000,45.122210000,146.000
0.865770000,45.122200000,146.000
0.867230000,45.122160000,145.000
0.869230000,45.122100000,144.000
0.870150000,45.122090000,144.000
0.870430000,45.122110000,144.000
0.870750000,45.122150000,143.000
0.871070000,45.122190000,143.000
0.871680000,45.122310000,143.000
0.872920000,45.122560000,143.000
0.873160000,45.122600000,144.000
0.873400000,45.122620000,144.000
0.873600000,45.122640000,144.000
0.873810000,45.122640000,145.000
0.874120000,45.122630000,145.000
0.874470000,45.122610000,146.000
0.874810000,45.122560000,147.000
0.875420000,45.122450000,148.000
0.875850000,45.122380000,149.000
0.876320000,45.122340000,149.000
0.877150000,45.122300000,149.000
0.879090000,45.122230000,149.000
0.881120000,45.122140000,148.000
0.881730000,45.122120000,147.000
0.882230000,45.122130000,147.000
0.882990000,45.122170000,147.000
0.883990000,45.122220000,148.000
0.884360000,45.122260000,149.000
0.884650000,45.122290000,149.000
0.884920000,45.122340000,150.000
0.885250000,45.122420000,150.000
0.885590000,45.122510000,150.000
0.886230000,45.122720000,149.000
0.886910000,45.122950000,149.000
0.887080000,45.123010000,149.000
0.887080000,45.123010000,149.000
0.887570000,45.123160000,149.000
0.889680000,45.123840000,149.000
0.889900000,45.123910000,149.000
0.890040000,45.123960000,149.000
0.890200000,45.124010000,149.000
0.890490000,45.124070000,149.000
0.891220000,45.124190000,149.000
0.891580000,45.124260000,149.000
0.893390000,45.124560000,149.000
0.893880000,45.124630000,149.000
0.894280000,45.124670000,150.000
0.894500000,45.124690000,150.000
0.894690000,45.124710000,151.000
0.894930000,45.124750000,151.000
0.895210000,45.124800000,152.000
0.896570000,45.125140000,153.000
0.897160000,45.125290000,153.000
0.897890000,45.125470000,153.000
0.898900000,45.125700000,153.000
0.899860000,45.125900000,152.000
0.900310000,45.125960000,152.000
0.900750000,45.126000000,152.000
0.901240000,45.126000000,152.000
0.901550000,45.125980000,152.000
0.901850000,45.125940000,152.000
0.902170000,45.125860000,152.000
0.902460000,45.125780000,152.000
0.903020000,45.125620000,152.000
0.904480000,45.125200000,153.000
0.904760000,45.125160000,153.000
0.905030000,45.125130000,153.000
0.907380000,45.125030000,154.000
0.907740000,45.125030000,154.000
0.908060000,45.125030000,154.000
0.908560000,45.125100000,155.000
0.908840000,45.125150000,155.000
0.909140000,45.125220000,155.000
0.909530000,45.125360000,156.000
0.909910000,45.125510000,156.000
0.911250000,45.126150000,157.000
0.911490000,45.126230000,157.000
0.911810000,45.126340000,158.000
0.912230000,45.126440000,158.000
0.912710000,45.126510000,158.000
0.913220000,45.126540000,158.000
0.914460000,45.126620000,158.000
0.914990000,45.126680000,158.000
0.917320000,45.127160000,159.000
0.917860000,45.127290000,159.000
0.918280000,45.127430000,160.000
0.919500000,45.127930000,161.000
0.920360000,45.128280000,162.000
0.920860000,45.128490000,163.000
0.921050000,45.128550000,163.000
0.921370000,45.128620000,163.000
0.921710000,45.128680000,163.000
0.924090000,45.128980000,162.000
0.926190000,45.129230000,163.000
0.926590000,45.129250000,165.000
0.926930000,45.129230000,167.000
0.927240000,45.129200000,168.000
0.927560000,45.129150000,169.000
0.928170000,45.129020000,170.000
0.928730000,45.128840000,171.000
0.928970000,45.128760000,172.000
0.929660000,45.128520000,173.000
0.930420000,45.128230000,173.000
0.931810000,45.127660000,172.000
0.932150000,45.127540000,172.000
0.932530000,45.127430000,171.000
0.933020000,45.127340000,172.000
0.934490000,45.127200000,173.000
0.935780000,45.127000000,174.000
0.937310000,45.126740000,174.000
0.938220000,45.126510000,174.000
0.938930000,45.126310000,174.000
0.939280000,45.126240000,174.000
0.939620000,45.126200000,174.000
0.940390000,45.126170000,174.000
0.941150000,45.126140000,174.000
0.941630000,45.126080000,174.000
0.941970000,45.126010000,175.000
0.942170000,45.125950000,175.000
0.942450000,45.125850000,176.000
0.942550000,45.125810000,177.000
0.942840000,45.125680000,178.000
0.943170000,45.125510000,179.000
0.943440000,45.125330000,181.000
0.943810000,45.125030000,182.000
0.944480000,45.124430000,182.000
0.944690000,45.124290000,182.000
0.944910000,45.124160000,181.000
0.945320000,45.123970000,180.000
0.946450000,45.123700000,178.000
0.946720000,45.123620000,177.000
0.946960000,45.123540000,176.000
0.947190000,45.123450000,176.000
0.947490000,45.123290000,177.000
0.948200000,45.122790000,178.000
0.948740000,45.122500000,180.000
0.949660000,45.122090000,182.000
0.950010000,45.121940000,183.000
0.950010000,45.121940000,184.000
0.950910000,45.121550000,185.000
0.951300000,45.121410000,186.000
0.952060000,45.121160000,187.000
0.952480000,45.121010000,186.000
0.952640000,45.120940000,186.000
0.952860000,45.120850000,186.000
0.953460000,45.120530000,185.000
0.953710000,45.120380000,185.000
0.954090000,45.120140000,184.000
0.954260000,45.120040000,184.000
0.954510000,45.119920000,184.000
0.954860000,45.119760000,184.000
0.955440000,45.119560000,184.000
0.956640000,45.119320000,184.000
0.957210000,45.119160000,184.000
0.958200000,45.118790000,184.000
0.958810000,45.118620000,183.000
0.959280000,45.118540000,183.000
0.959580000,45.118490000,182.000
0.960230000,45.118440000,183.000
0.960420000,45.118440000,183.000
0.964160000,45.118360000,186.000
0.964540000,45.118370000,188.000
0.964850000,45.118390000,189.000
0.965160000,45.118440000,190.000
0.965430000,45.118500000,190.000
0.965720000,45.118580000,191.000
0.966000000,45.118680000,191.000
0.966250000,45.118790000,191.000
0.966520000,45.118930000,191.000
0.969960000,45.121000000,191.000
0.970810000,45.121510000,191.000
0.971080000,45.121630000,191.000
0.971310000,45.121730000,191.000
0.972870000,45.122210000,191.000
0.973080000,45.122290000,191.000
0.973300000,45.122390000,191.000
0.973570000,45.122550000,192.000
0.974620000,45.123230000,193.000
0.974870000,45.123360000,194.000
0.975090000,45.123470000,195.000
0.976080000,45.123900000,197.000
0.976510000,45.124050000,198.000
0.976830000,45.124160000,199.000
0.977150000,45.124260000,200.000
0.977650000,45.124360000,201.000
0.978060000,45.124420000,202.000
0.978370000,45.124450000,202.000
0.978690000,45.124480000,202.000
0.979200000,45.124480000,203.000
0.979900000,45.124440000,203.000
0.979930000,45.124440000,203.000
0.980800000,45.124390000,203.000
0.981020000,45.124390000,203.000
0.981300000,45.124410000,203.000
0.981470000,45.124450000,203.000
0.981680000,45.124520000,202.000
0.981890000,45.124630000,202.000
0.981980000,45.124710000,202.000
0.982070000,45.124790000,202.000
0.982180000,45.124940000,202.000
0.982300000,45.125130000,202.000
0.982520000,45.125530000,202.000
0.982690000,45.125730000,203.000
0.982990000,45.125950000,203.000
0.983270000,45.126120000,203.000
0.984450000,45.126740000,204.000
0.984810000,45.126930000,205.000
0.984960000,45.126990000,206.000
0.985070000,45.127040000,206.000
0.985370000,45.127140000,207.000
0.985490000,45.127160000,207.000
0.985750000,45.127210000,207.000
0.985920000,45.127250000,207.000
0.985990000,45.127260000,208.000
0.986790000,45.127410000,208.000
0.987700000,45.127590000,208.000
0.988190000,45.127690000,208.000
0.988340000,45.127730000,208.000
0.988670000,45.127840000,208.000
0.989200000,45.128070000,208.000
0.989620000,45.128270000,208.000
0.989830000,45.128370000,208.000
0.990070000,45.128470000,208.000
0.990600000,45.128710000,208.000
0.990890000,45.128830000,208.000
0.991090000,45.128880000,208.000
0.991220000,45.128910000,208.000
0.991570000,45.128960000,208.000
0.993720000,45.129140000,209.000
0.993930000,45.129150000,209.000
0.998500000,45.129530000,210.000
0.999360000,45.129600000,212.000
0.999900000,45.129630000,213.000
1.001140000,45.129610000,216.000
1.001510000,45.129620000,218.000
1.002040000,45.129660000,219.000
1.002410000,45.129720000,219.000
1.002760000,45.129790000,220.000
1.003170000,45.129900000,220.000
1.003450000,45.129990000,220.000
1.003530000,45.130010000,220.000
1.005600000,45.130580000,219.000
1.007550000,45.131130000,220.000
1.007930000,45.131250000,221.000
1.008530000,45.131440000,221.000
1.008720000,45.131500000,222.000
1.008720000,45.131500000,222.000
1.011090000,45.132250000,224.000
1.012130000,45.132590000,226.000
1.012380000,45.132690000,227.000
1.012610000,45.132800000,228.000
1.013100000,45.133050000,228.000
1.013190000,45.133100000,229.000
1.014120000,45.133570000,230.000
1.015300000,45.134150000,231.000
1.016550000,45.134740000,231.000
1.016990000,45.134910000,232.000
1.017350000,45.135030000,233.000
1.017750000,45.135130000,235.000
1.018140000,45.135210000,236.000
1.018520000,45.135270000,237.000
1.019020000,45.135310000,239.000
1.022120000,45.135520000,241.000
1.022280000,45.135530000,243.000
1.022790000,45.135560000,244.000
1.023300000,45.135600000,246.000
1.023750000,45.135670000,247.000
1.024510000,45.135790000,248.000
1.026190000,45.136090000,251.000
1.028570000,45.136490000,257.000
1.029120000,45.136590000,262.000
1.029540000,45.136670000,265.000
1.030050000,45.136740000,267.000
1.030480000,45.136780000,268.000
1.030810000,45.136790000,269.000
1.031030000,45.136790000,269.000
1.031370000,45.136760000,269.000
1.031670000,45.136720000,269.000
1.031940000,45.136670000,269.000
1.032180000,45.136590000,269.000
1.032450000,45.136510000,269.000
1.032690000,45.136410000,268.000
1.032920000,45.136310000,268.000
1.033470000,45.136020000,267.000
1.036060000,45.134550000,265.000
1.036280000,45.134450000,264.000
1.036500000,45.134380000,263.000
1.036810000,45.134300000,262.000
1.037120000,45.134250000,261.000
1.037390000,45.134240000,261.000
1.037610000,45.134250000,261.000
1.037880000,45.134270000,261.000
1.038120000,45.134310000,261.000
1.038320000,45.134360000,261.000
1.038550000,45.134420000,261.000
1.038780000,45.134510000,260.000
1.038930000,45.134580000,260.000
1.039250000,45.134790000,259.000
1.040000000,45.135350000,258.000
1.040500000,45.135700000,256.000
1.041850000,45.136460000,255.000
1.043150000,45.137230000,254.000
1.044090000,45.137760000,253.000
1.044720000,45.138120000,253.000
1.045270000,45.138430000,254.000
1.045610000,45.138590000,254.000
1.045770000,45.138640000,254.000
1.046050000,45.138720000,254.000
1.047950000,45.139110000,255.000
1.048320000,45.139210000,255.000
1.048660000,45.139300000,256.000
1.049150000,45.139470000,257.000
1.049480000,45.139610000,257.000
1.050030000,45.139920000,258.000
1.051140000,45.140610000,260.000
1.051520000,45.140810000,261.000
1.051990000,45.141020000,261.000
1.052300000,45.141120000,262.000
1.052610000,45.141200000,262.000
1.052910000,45.141270000,261.000
1.053210000,45.141330000,261.000
1.055000000,45.141530000,260.000
1.055500000,45.141580000,260.000
1.056350000,45.141670000,260.000
1.057270000,45.141770000,260.000
1.058210000,45.141870000,261.000
1.058830000,45.141940000,261.000
1.059090000,45.141980000,261.000
1.061460000,45.142250000,260.000
1.061870000,45.142280000,260.000
1.061870000,45.142280000,260.000
1.062060000,45.142300000,260.000
1.062300000,45.142310000,260.000
1.062790000,45.142300000,260.000
1.063130000,45.142270000,260.000
1.063470000,45.142220000,260.000
1.063730000,45.142180000,261.000
1.063890000,45.142150000,261.000
1.064780000,45.141910000,261.000
1.065000000,45.141860000,261.000
1.065190000,45.141830000,262.000
1.065380000,45.141800000,262.000
1.065630000,45.141780000,262.000
1.065970000,45.141760000,263.000
1.066120000,45.141760000,263.000
1.066520000,45.141740000,264.000
1.066610000,45.141730000,264.000
1.066760000,45.141710000,264.000
1.067000000,45.141660000,265.000
1.067250000,45.141590000,265.000
1.067580000,45.141450000,266.000
1.067700000,45.141390000,266.000
1.068040000,45.141240000,266.000
1.068130000,45.141200000,267.000
1.068230000,45.141150000,267.000
1.068370000,45.141080000,267.000
1.068590000,45.140990000,267.000
1.068840000,45.140920000,268.000
1.069070000,45.140900000,268.000
1.069410000,45.140860000,268.000
1.069550000,45.140850000,269.000
1.069620000,45.140840000,269.000
1.069940000,45.140810000,269.000
1.070450000,45.140750000,269.000
1.070660000,45.140730000,269.000
1.071060000,45.140690000,268.000
1.071290000,45.140660000,268.000
1.071410000,45.140650000,268.000
1.071480000,45.140640000,267.000
1.071470000,45.140590000,267.000
1.071470000,45.140550000,267.000
1.071350000,45.140020000,266.000
1.071260000,45.139640000,266.000
1.071250000,45.139580000,265.000
1.071210000,45.139410000,265.000
1.071130000,45.139050000,264.000
1.071040000,45.138530000,262.000
1.071030000,45.138510000,261.000
1.070980000,45.138320000,260.000
1.070930000,45.138110000,259.000
1.070920000,45.138090000,259.000
1.070890000,45.137970000,258.000
1.070820000,45.137650000,257.000
1.070820000,45.137530000,256.000
1.070840000,45.137470000,256.000
1.070900000,45.137390000,255.000
1.070950000,45.137320000,254.000
1.071100000,45.137220000,254.000
1.071290000,45.137210000,253.000
1.071300000,45.137210000,252.000
1.071660000,45.137260000,251.000
1.072090000,45.137340000,250.000
1.072440000,45.137450000,249.000
1.073000000,45.137670000,247.000
1.073040000,45.137690000,245.000
1.073290000,45.137790000,244.000
1.073390000,45.137830000,243.000
1.074250000,45.138160000,241.000
1.074520000,45.138300000,239.000
1.074690000,45.138440000,238.000
1.074960000,45.138760000,236.000
1.075000000,45.138810000,235.000
1.075120000,45.138870000,234.000
1.075360000,45.138940000,233.000
1.075620000,45.138950000,232.000
1.075730000,45.138930000,232.000
1.075880000,45.138890000,231.000
1.076040000,45.138820000,231.000
1.076170000,45.138720000,230.000
1.076250000,45.138640000,230.000
1.076300000,45.138530000,229.000
1.076320000,45.138390000,229.000
1.076290000,45.138250000,229.000
1.076210000,45.138000000,228.000
1.076200000,45.137850000,228.000
1.076320000,45.137480000,226.000
1.076340000,45.137370000,225.000
1.076350000,45.137320000,224.000
1.076330000,45.137260000,223.000
1.076320000,45.137200000,223.000
1.076300000,45.137100000,222.000
1.076180000,45.136840000,221.000
1.076170000,45.136830000,220.000
1.076000000,45.136540000,218.000
1.075760000,45.136210000,217.000
1.075680000,45.136060000,215.000
1.075640000,45.135950000,214.000
1.075620000,45.135820000,213.000
1.075620000,45.135720000,212.000
1.075640000,45.135560000,211.000
1.075690000,45.135380000,211.000
1.075840000,45.135130000,210.000
1.075990000,45.134980000,209.000
1.076380000,45.134780000,208.000
1.076530000,45.134600000,208.000
1.076580000,45.134420000,207.000
1.076560000,45.134210000,206.000
1.076480000,45.134060000,205.000
1.076140000,45.133720000,204.000
1.076020000,45.133550000,202.000
1.075900000,45.133270000,201.000
1.075650000,45.132340000,198.000
1.075560000,45.131710000,195.000
1.075550000,45.131650000,193.000
1.075450000,45.130840000,191.000
1.075400000,45.130620000,189.000
1.075240000,45.130250000,187.000
1.075210000,45.130100000,185.000
1.075220000,45.129990000,184.000
1.075320000,45.129830000,183.000
1.075440000,45.129720000,182.000
1.075790000,45.129500000,182.000
1.075940000,45.129360000,181.000
1.076150000,45.129080000,180.000
1.076290000,45.128950000,180.000
1.076490000,45.128820000,179.000
1.076610000,45.128760000,178.000
1.077310000,45.128450000,177.000
1.078120000,45.128010000,176.000
1.078880000,45.127630000,174.000
1.079250000,45.127470000,173.000
1.080110000,45.127250000,171.000
1.080450000,45.127120000,170.000
1.080810000,45.126900000,169.000
1.081090000,45.126640000,168.000
1.081770000,45.125770000,167.000
1.082220000,45.125200000,167.000
1.082760000,45.124510000,166.000
1.083190000,45.123980000,165.000
1.083590000,45.123560000,165.000
1.083710000,45.123460000,164.000
1.083950000,45.123270000,164.000
1.084240000,45.123090000,164.000
1.084680000,45.122920000,163.000
1.085740000,45.122600000,163.000
1.086130000,45.122450000,162.000
1.086780000,45.122190000,161.000
1.087330000,45.122050000,161.000
1.088120000,45.121910000,161.000
1.089090000,45.121790000,161.000
1.089440000,45.121720000,161.000
1.089440000,45.121720000,161.000
1.089600000,45.121690000,162.000
1.090100000,45.121540000,162.000
1.090450000,45.121400000,162.000
1.091020000,45.121130000,162.000
1.091350000,45.121030000,161.000
1.091620000,45.120990000,161.000
1.091780000,45.120990000,161.000
1.092010000,45.120990000,161.000
1.092210000,45.120990000,160.000
1.092470000,45.120950000,160.000
1.092520000,45.120930000,160.000
1.092690000,45.120860000,160.000
1.092850000,45.120770000,160.000
1.093010000,45.120620000,159.000
1.093280000,45.120330000,159.000
1.093470000,45.120200000,159.000
1.093700000,45.120100000,159.000
1.093980000,45.120020000,158.000
1.094280000,45.119990000,158.000
1.094590000,45.120020000,158.000
1.094900000,45.120060000,158.000
1.095140000,45.120050000,158.000
1.095290000,45.120010000,157.000
1.095870000,45.119810000,157.000
1.096200000,45.119740000,157.000
1.096730000,45.119710000,157.000
1.099160000,45.119730000,156.000
1.100120000,45.119740000,156.000
1.100520000,45.119730000,155.000
1.101010000,45.119670000,154.000
1.101230000,45.119640000,154.000
1.103710000,45.119260000,152.000
1.104500000,45.119110000,151.000
1.105220000,45.118940000,150.000
1.106000000,45.118710000,150.000
1.106900000,45.118390000,150.000
1.107750000,45.118040000,150.000
1.109200000,45.117360000,148.000
1.109560000,45.117180000,147.000
1.111200000,45.116390000,146.000
1.111480000,45.116240000,145.000
1.111800000,45.116060000,144.000
1.112160000,45.115930000,143.000
1.113010000,45.115670000,142.000
1.113190000,45.115590000,141.000
1.113320000,45.115530000,141.000
1.113600000,45.115360000,140.000
1.113900000,45.115170000,139.000
1.114190000,45.114980000,139.000
1.114630000,45.114750000,138.000
1.117350000,45.113450000,138.000
1.118140000,45.113070000,137.000
1.119390000,45.112470000,135.000
1.120020000,45.112160000,133.000
1.120230000,45.112060000,132.000
1.120570000,45.111900000,131.000
1.124410000,45.110050000,129.000
1.125200000,45.109670000,129.000
1.125760000,45.109400000,128.000
1.126800000,45.108970000,128.000
1.127150000,45.108830000,128.000
1.127850000,45.108600000,127.000
1.129090000,45.108250000,127.000
1.129790000,45.108070000,126.000
1.130390000,45.107900000,126.000
1.130680000,45.107820000,126.000
1.131350000,45.107620000,125.000
1.132450000,45.107310000,125.000
1.133370000,45.107060000,125.000
1.134040000,45.106880000,124.000
1.135050000,45.106600000,123.000
1.135500000,45.106490000,123.000
1.136330000,45.106310000,122.000
1.136400000,45.106290000,122.000
1.136680000,45.106230000,122.000
1.137260000,45.106110000,122.000
1.137310000,45.106090000,122.000
1.137470000,45.106040000,122.000
1.138750000,45.105590000,121.000
1.139720000,45.105280000,120.000
1.139830000,45.105250000,119.000
1.141940000,45.104630000,118.000
1.143060000,45.104300000,117.000
1.143190000,45.104240000,117.000
1.143500000,45.104120000,116.000
1.144040000,45.103870000,116.000
1.144420000,45.103670000,116.000
1.145180000,45.103280000,116.000
1.145470000,45.103160000,116.000
1.145940000,45.103050000,116.000
1.146380000,45.102980000,116.000
1.147010000,45.102920000,115.000
1.147680000,45.102870000,115.000
1.147970000,45.102850000,114.000
1.148590000,45.102800000,114.000
1.149060000,45.102720000,114.000
1.149650000,45.102580000,114.000
1.150120000,45.102420000,115.000
1.150570000,45.102230000,115.000
1.150990000,45.101990000,115.000
1.151180000,45.101860000,115.000
1.151500000,45.101620000,114.000
1.151780000,45.101380000,114.000
1.152160000,45.101050000,113.000
1.152540000,45.100650000,112.000
1.153080000,45.100030000,112.000
1.153760000,45.098940000,112.000
1.154210000,45.097820000,112.000
1.154360000,45.097460000,112.000
1.154360000,45.097460000,112.000
1.154600000,45.096860000,111.000
1.154710000,45.096580000,111.000
1.154770000,45.096390000,111.000
1.154830000,45.096180000,111.000
1.154980000,45.095430000,112.000
1.155180000,45.094580000,112.000
1.155260000,45.094300000,112.000
1.155330000,45.094070000,112.000
1.155530000,45.093590000,111.000
1.156210000,45.092130000,109.000
1.156270000,45.091980000,108.000
1.156510000,45.091460000,107.000
1.156700000,45.091020000,106.000
1.156870000,45.090540000,106.000
1.156950000,45.090250000,106.000
1.157020000,45.089860000,106.000
1.157090000,45.089390000,106.000
1.157140000,45.088900000,106.000
1.157150000,45.088550000,106.000
1.157150000,45.088140000,106.000
1.157000000,45.087040000,105.000
1.156980000,45.086610000,105.000
1.156970000,45.086260000,104.000
1.157020000,45.085910000,104.000
1.157090000,45.085610000,103.000
1.157200000,45.085300000,103.000
1.157620000,45.084480000,102.000
1.157870000,45.084060000,102.000
1.158040000,45.083820000,101.000
1.158200000,45.083620000,101.000
1.158400000,45.083450000,101.000
1.158570000,45.083320000,101.000
1.158830000,45.083160000,101.000
1.159110000,45.082940000,101.000
1.159330000,45.082740000,101.000
1.159590000,45.082440000,100.000
1.159760000,45.082210000,100.000
1.159890000,45.081990000,100.000
1.160180000,45.081410000,100.000
1.160330000,45.081140000,100.000
1.160490000,45.080920000,99.000
1.160780000,45.080620000,99.000
1.161290000,45.080170000,98.000
1.162190000,45.079390000,96.000
1.162510000,45.079180000,95.000
1.162760000,45.079050000,94.000
1.163150000,45.078880000,94.000
1.164420000,45.078450000,95.000
1.164750000,45.078350000,95.000
1.165070000,45.078280000,94.000
1.166940000,45.077970000,93.000
1.168250000,45.077750000,91.000
1.168240000,45.077940000,90.000
1.168240000,45.077940000,89.000
1.168250000,45.077750000,89.000
1.170790000,45.077320000,87.000
1.171790000,45.077160000,86.000
1.172210000,45.076970000,84.000
1.172480000,45.076790000,83.000
1.172490000,45.076760000,82.000
1.172490000,45.076740000,82.000
1.172500000,45.076710000,81.000
1.172520000,45.076690000,81.000
1.172490000,45.076590000,81.000
1.172470000,45.076520000,81.000
1.172440000,45.076460000,80.000
1.172380000,45.076390000,80.000
1.172360000,45.076320000,80.000
1.172340000,45.076240000,80.000
1.172210000,45.075890000,80.000
1.172040000,45.075450000,81.000
1.172000000,45.075360000,82.000
1.171850000,45.074980000,82.000
1.171800000,45.074850000,83.000
1.171660000,45.074500000,84.000
1.171510000,45.074210000,85.000
1.171410000,45.074060000,85.000
1.171280000,45.073910000,86.000
1.171160000,45.073780000,86.000
1.171010000,45.073650000,86.000
1.169840000,45.072820000,87.000
1.168460000,45.071860000,87.000
1.168160000,45.071650000,87.000
1.166650000,45.070590000,87.000
1.166540000,45.070520000,87.000
1.166130000,45.070240000,86.000
1.166030000,45.070160000,86.000
1.165950000,45.070080000,85.000
1.165870000,45.070030000,85.000
1.165810000,45.069970000,85.000
1.165770000,45.069940000,85.000
1.165730000,45.069920000,85.000
1.165710000,45.069910000,84.000
1.165690000,45.069890000,84.000
1.165690000,45.069870000,84.000
1.165690000,45.069850000,84.000
1.165710000,45.069820000,84.000
1.165710000,45.069750000,84.000
1.165710000,45.069700000,84.000
1.165720000,45.069630000,84.000
1.165750000,45.069610000,84.000
1.165770000,45.069510000,83.000
1.165830000,45.069270000,83.000
1.166140000,45.068010000,82.000
1.166140000,45.068010000,81.000
1.166330000,45.067280000,80.000
1.166450000,45.066810000,79.000
1.166470000,45.066730000,78.000
1.166650000,45.065980000,76.000
1.166680000,45.065840000,75.000
1.166700000,45.065670000,75.000
1.166710000,45.065530000,75.000
1.166710000,45.065440000,75.000
1.166690000,45.065400000,75.000
1.166660000,45.065330000,75.000
1.166650000,45.065290000,75.000
1.166630000,45.065270000,75.000
1.166630000,45.065250000,75.000
1.166640000,45.065230000,75.000
1.166660000,45.065220000,75.000
1.166670000,45.065220000,75.000
1.166690000,45.065210000,75.000
1.166700000,45.065210000,75.000
1.166760000,45.065190000,75.000
1.166890000,45.065170000,75.000
1.167290000,45.065130000,75.000
1.167290000,45.065110000,76.000
1.167310000,45.065070000,76.000
1.167650000,45.064280000,76.000
1.167650000,45.064180000,77.000
1.167650000,45.064060000,77.000
1.167600000,45.063920000,77.000
1.167590000,45.063890000,77.000
1.167570000,45.063830000,77.000
1.167460000,45.063630000,77.000
1.167250000,45.063440000,77.000
1.167220000,45.063410000,77.000
1.167240000,45.063400000,77.000
1.167290000,45.063350000,77.000
1.167350000,45.063290000,77.000
1.167460000,45.063160000,77.000
1.167550000,45.063050000,77.000
1.167650000,45.062920000,77.000
1.167730000,45.062820000,77.000
1.167860000,45.062650000,77.000
1.168190000,45.062210000,78.000
1.168390000,45.061960000,79.000
1.168560000,45.061730000,79.000
1.168710000,45.061540000,80.000
1.168780000,45.061450000,81.000
1.168840000,45.061370000,81.000
1.169000000,45.061140000,82.000
1.169050000,45.061050000,82.000
1.169110000,45.060950000,83.000
1.169150000,45.060880000,83.000
1.169190000,45.060800000,83.000
1.169200000,45.060760000,83.000
1.169220000,45.060680000,83.000
1.169240000,45.060590000,83.000
1.169240000,45.060530000,83.000
1.169240000,45.060450000,83.000
1.169230000,45.060360000,83.000
1.169200000,45.060230000,83.000
1.169180000,45.060180000,83.000
1.168920000,45.059270000,83.000
1.168900000,45.059170000,83.000
1.168780000,45.058790000,83.000
1.168630000,45.058250000,84.000
1.168500000,45.057810000,84.000
1.168460000,45.057770000,85.000
1.168420000,45.057710000,85.000
1.168370000,45.057670000,86.000
1.168330000,45.057630000,86.000
1.168310000,45.057630000,86.000
1.168270000,45.057620000,86.000
1.168170000,45.057620000,86.000
1.168110000,45.057630000,86.000
1.168070000,45.057650000,86.000
1.168020000,45.057670000,86.000
1.167930000,45.057740000,86.000
1.167860000,45.057810000,86.000
1.167770000,45.057900000,86.000
1.167690000,45.057990000,86.000
1.167560000,45.058150000,85.000
1.167370000,45.058430000,85.000
1.167110000,45.058840000,84.000
1.166760000,45.059400000,83.000
1.166760000,45.059400000,82.000
1.166500000,45.059800000,81.000
1.166320000,45.060080000,81.000
1.166160000,45.060330000,81.000
1.166100000,45.060420000,80.000
1.165850000,45.060820000,80.000
1.165800000,45.060900000,80.000
1.165690000,45.061110000,80.000
1.165660000,45.061200000,80.000
1.165620000,45.061320000,80.000
1.165600000,45.061380000,79.000
1.165520000,45.061810000,79.000
1.165490000,45.061980000,79.000
1.165470000,45.062100000,79.000
1.165420000,45.062280000,79.000
1.165410000,45.062360000,78.000
1.165370000,45.062530000,78.000
1.165360000,45.062600000,78.000
1.165350000,45.062630000,78.000
1.165240000,45.062610000,78.000
1.165100000,45.062610000,78.000
1.165010000,45.062620000,78.000
1.164900000,45.062640000,78.000
1.164670000,45.062700000,78.000
1.164380000,45.062800000,78.000
1.164030000,45.062900000,78.000
1.163800000,45.062970000,78.000
1.163670000,45.063010000,78.000
1.163560000,45.063050000,78.000
1.163470000,45.063110000,78.000
1.163360000,45.063180000,78.000
1.163270000,45.063260000,78.000
1.163210000,45.063330000,78.000
1.162830000,45.063790000,78.000
1.162730000,45.063910000,77.000
1.162710000,45.063950000,77.000
1.162710000,45.063950000,77.000
1.162600000,45.064100000,77.000
1.162580000,45.064160000,77.000
1.162570000,45.064170000,77.000
1.162570000,45.064170000,77.000
1.162560000,45.064210000,77.000
1.162560000,45.064230000,77.000
1.162550000,45.064230000,77.000
1.162330000,45.064240000,76.000
1.162310000,45.064240000,76.000
1.162170000,45.064260000,76.000
1.162120000,45.064280000,76.000
1.162070000,45.064300000,76.000
1.161930000,45.064440000,76.000
1.161640000,45.064890000,75.000
1.161610000,45.064920000,75.000
1.161590000,45.064960000,75.000
1.161530000,45.065050000,74.000
1.161490000,45.065040000,74.000
1.161270000,45.064980000,74.000
1.160970000,45.064870000,74.000
1.160950000,45.064850000,74.000
1.160920000,45.064830000,74.000
1.160660000,45.064630000,74.000
1.160530000,45.064490000,74.000
1.160470000,45.064430000,74.000
1.160470000,45.064430000,74.000
1.160430000,45.064390000,74.000
1.160270000,45.064100000,74.000
1.160160000,45.063880000,75.000
1.159870000,45.063290000,75.000
1.159570000,45.062620000,75.000
1.159480000,45.062240000,75.000
1.159460000,45.062170000,75.000
1.159410000,45.062030000,75.000
1.158980000,45.061130000,74.000
1.158650000,45.060430000,74.000
1.158580000,45.060010000,74.000
1.158540000,45.059720000,74.000
1.158450000,45.059430000,74.000
1.158430000,45.059380000,74.000
1.158110000,45.058810000,74.000
1.157080000,45.056840000,74.000
1.156950000,45.056360000,74.000
1.156800000,45.055870000,74.000
1.156400000,45.055010000,74.000
1.156260000,45.054800000,74.000
1.156000000,45.054470000,75.000
1.155230000,45.053560000,75.000
1.154660000,45.052930000,76.000
1.154300000,45.052580000,76.000
1.153960000,45.052200000,75.000
1.153510000,45.051590000,75.000
1.151800000,45.049700000,73.000
1.151530000,45.049410000,73.000
1.150920000,45.048760000,73.000
1.150470000,45.048280000,73.000
1.149920000,45.047810000,74.000
1.149310000,45.047250000,74.000
1.148580000,45.046490000,74.000
1.148130000,45.046000000,73.000
1.147910000,45.045750000,73.000
1.147790000,45.045530000,73.000
1.147730000,45.045330000,73.000
1.147610000,45.044960000,74.000
1.147510000,45.044710000,74.000
1.147380000,45.044460000,75.000
1.147260000,45.044290000,75.000
1.147120000,45.044160000,76.000
1.146900000,45.044080000,76.000
1.146500000,45.043970000,76.000
1.145030000,45.043590000,76.000
1.144720000,45.043460000,76.000
1.144000000,45.043090000,76.000
1.143290000,45.042850000,75.000
1.141460000,45.042370000,75.000
1.140950000,45.042170000,74.000
1.140900000,45.042150000,74.000
1.140900000,45.042150000,73.000
1.140440000,45.041980000,73.000
1.140070000,45.041850000,73.000
1.139650000,45.041680000,72.000
1.139280000,45.041520000,72.000
1.138630000,45.041220000,71.000
1.138300000,45.041040000,71.000
1.137510000,45.040500000,71.000
1.136540000,45.039840000,72.000
1.135780000,45.039250000,72.000
1.135390000,45.038930000,73.000
1.134770000,45.038360000,73.000
1.134270000,45.037860000,74.000
1.134170000,45.037770000,74.000
1.133800000,45.037370000,74.000
1.133350000,45.036900000,74.000
1.132990000,45.036380000,74.000
1.132420000,45.035600000,73.000
1.131770000,45.034830000,73.000
1.131230000,45.034190000,72.000
1.130730000,45.033630000,72.000
1.130500000,45.033300000,72.000
1.130370000,45.033020000,71.000
1.130160000,45.032600000,71.000
1.129910000,45.032140000,71.000
1.129810000,45.031840000,71.000
1.129810000,45.031580000,71.000
1.129810000,45.031170000,71.000
1.129840000,45.030790000,72.000
1.129860000,45.030340000,72.000
1.129900000,45.030030000,73.000
1.130020000,45.029670000,73.000
1.130100000,45.029460000,72.000
1.130210000,45.029120000,72.000
1.130330000,45.028840000,72.000
1.130390000,45.028760000,72.000
1.130510000,45.028680000,71.000
1.130750000,45.028530000,71.000
1.130890000,45.028410000,71.000
1.130990000,45.028260000,71.000
1.131130000,45.028030000,71.000
1.131170000,45.027920000,71.000
1.131250000,45.027690000,71.000
1.131340000,45.027260000,71.000
1.131330000,45.026900000,72.000
1.131330000,45.026560000,72.000
1.131320000,45.026180000,72.000
1.131290000,45.025890000,72.000
1.131300000,45.025750000,72.000
1.131300000,45.025430000,72.000
1.131290000,45.024950000,72.000
1.131280000,45.024720000,72.000
1.131250000,45.024590000,72.000
1.131190000,45.024380000,72.000
1.131060000,45.024110000,73.000
1.130770000,45.023570000,74.000
1.130630000,45.023430000,74.000
1.130350000,45.023240000,75.000
1.130210000,45.023150000,76.000
1.129880000,45.022890000,77.000
1.129820000,45.022800000,77.000
1.129800000,45.022690000,78.000
1.129810000,45.022600000,78.000
1.129880000,45.022490000,78.000
1.130080000,45.022330000,78.000
1.130370000,45.022100000,78.000
1.130500000,45.021960000,78.000
1.130530000,45.021790000,77.000
1.130500000,45.021590000,77.000
1.130400000,45.021360000,77.000
1.130230000,45.021210000,77.000
1.130180000,45.021180000,77.000
1.129990000,45.021090000,77.000
1.129680000,45.021000000,78.000
1.129540000,45.021000000,78.000
1.129100000,45.021120000,79.000
1.128540000,45.021360000,81.000
1.127890000,45.021680000,83.000
1.127750000,45.021710000,85.000
1.127580000,45.021720000,86.000
1.127150000,45.021660000,86.000
1.126350000,45.021570000,87.000
1.124440000,45.021360000,88.000
1.124170000,45.021300000,88.000
1.123970000,45.021210000,88.000
1.123610000,45.021020000,87.000
1.123550000,45.021010000,87.000
1.121840000,45.020790000,85.000
1.120690000,45.020460000,83.000
1.118760000,45.019770000,80.000
1.118680000,45.019880000,77.000
1.118520000,45.020230000,76.000
1.118140000,45.020900000,75.000
1.118030000,45.021060000,74.000
1.117930000,45.021260000,73.000
1.117860000,45.021430000,73.000
1.117780000,45.021610000,72.000
1.117740000,45.021720000,72.000
1.117550000,45.022210000,72.000
1.117460000,45.022420000,72.000
1.117440000,45.022470000,72.000
1.117410000,45.022540000,72.000
1.117440000,45.022550000,72.000
1.117460000,45.022560000,72.000
1.117470000,45.022580000,72.000
1.117470000,45.022600000,72.000
1.117460000,45.022620000,72.000
1.117450000,45.022640000,72.000
1.117420000,45.022650000,72.000
1.117400000,45.022660000,72.000
1.117360000,45.022660000,72.000
1.117330000,45.022650000,72.000
1.117300000,45.022620000,72.000
1.117290000,45.022600000,72.000
1.117290000,45.022590000,72.000
1.117300000,45.022570000,72.000
1.117180000,45.022540000,72.000
1.116670000,45.022420000,72.000
1.116620000,45.022410000,72.000
1.116460000,45.022370000,72.000
1.116350000,45.022340000,72.000
1.115990000,45.022250000,73.000
1.115800000,45.022210000,73.000
1.115700000,45.022190000,73.000
1.115570000,45.022180000,73.000
1.115430000,45.022180000,73.000
1.115030000,45.022190000,73.000
1.114880000,45.022200000,73.000
1.114680000,45.022210000,74.000
1.114480000,45.022210000,74.000
1.114280000,45.022190000,74.000
1.114100000,45.022170000,74.000
1.113950000,45.022150000,74.000
1.113800000,45.022120000,74.000
1.113640000,45.022080000,75.000
1.113500000,45.022040000,75.000
1.113360000,45.021990000,76.000
1.113210000,45.021930000,76.000
1.113020000,45.021840000,77.000
1.112880000,45.021760000,77.000
1.112720000,45.021670000,78.000
1.112530000,45.021540000,79.000
1.111940000,45.021110000,80.000
1.111780000,45.021010000,81.000
1.111630000,45.020920000,82.000
1.111430000,45.020830000,83.000
1.111230000,45.020750000,84.000
1.111070000,45.020700000,85.000
1.110900000,45.020660000,86.000
1.110720000,45.020620000,87.000
1.110520000,45.020590000,87.000
1.110350000,45.020570000,88.000
1.110150000,45.020560000,89.000
1.109920000,45.020560000,90.000
1.109600000,45.020600000,90.000
1.109290000,45.020650000,91.000
1.108940000,45.020740000,92.000
1.108510000,45.020870000,93.000
1.107880000,45.021050000,94.000
1.107380000,45.021180000,95.000
1.106910000,45.021270000,96.000
1.106610000,45.021310000,96.000
1.106340000,45.021340000,97.000
1.106130000,45.021320000,98.000
1.105940000,45.021300000,99.000
1.105740000,45.021250000,99.000
1.105540000,45.021180000,100.000
1.105350000,45.021090000,101.000
1.105240000,45.021020000,102.000
1.105090000,45.020890000,103.000
1.104960000,45.020750000,104.000
1.104860000,45.020580000,105.000
1.104800000,45.020390000,106.000
1.104790000,45.020270000,107.000
1.104800000,45.020130000,107.000
1.104830000,45.020010000,108.000
1.104920000,45.019830000,108.000
1.105090000,45.019560000,108.000
1.105250000,45.019340000,107.000
1.105400000,45.019070000,107.000
1.105530000,45.018820000,107.000
1.105610000,45.018610000,106.000
1.105670000,45.018380000,106.000
1.105710000,45.018120000,106.000
1.105730000,45.017900000,105.000
1.105710000,45.017680000,104.000
1.105670000,45.017480000,103.000
1.105660000,45.017470000,103.000
1.105650000,45.017390000,102.000
1.105500000,45.017000000,101.000
1.105490000,45.016980000,101.000
1.105430000,45.016800000,100.000
1.105260000,45.016150000,98.000
1.105250000,45.016100000,97.000
1.105190000,45.015880000,97.000
1.105110000,45.015700000,97.000
1.105050000,45.015590000,97.000
1.104950000,45.015450000,97.000
1.104570000,45.015070000,97.000
1.104450000,45.014960000,97.000
1.104250000,45.014770000,97.000
1.104050000,45.014560000,98.000
1.103880000,45.014330000,99.000
1.103880000,45.014330000,99.000
1.103700000,45.014080000,100.000
1.103470000,45.013780000,102.000
1.103270000,45.013510000,104.000
1.103180000,45.013380000,105.000
1.103090000,45.013210000,107.000
1.103010000,45.013040000,108.000
1.102940000,45.012710000,110.000
1.102910000,45.012460000,111.000
1.102900000,45.012290000,112.000
1.102900000,45.012140000,113.000
1.102920000,45.011980000,114.000
1.102940000,45.011800000,114.000
1.103000000,45.011600000,114.000
1.103060000,45.011400000,115.000
1.103140000,45.011180000,115.000
1.103200000,45.011010000,116.000
1.103240000,45.010810000,116.000
1.103250000,45.010720000,116.000
1.103240000,45.010610000,116.000
1.103200000,45.010330000,115.000
1.103150000,45.010020000,114.000
1.103090000,45.009730000,113.000
1.103050000,45.009590000,112.000
1.103010000,45.009480000,111.000
1.102950000,45.009370000,110.000
1.102840000,45.009250000,109.000
1.102770000,45.009190000,109.000
1.102680000,45.009140000,108.000
1.102590000,45.009090000,108.000
1.102490000,45.009060000,107.000
1.102360000,45.009030000,107.000
1.102240000,45.009010000,106.000
1.101820000,45.008970000,105.000
1.101400000,45.008950000,104.000
1.100510000,45.008890000,102.000
1.100230000,45.008880000,100.000
1.100000000,45.008880000,99.000
1.099740000,45.008900000,97.000
1.099450000,45.008930000,96.000
1.099150000,45.008990000,96.000
1.098860000,45.009070000,95.000
1.098520000,45.009190000,94.000
1.098220000,45.009320000,94.000
1.097950000,45.009480000,93.000
1.097800000,45.009580000,92.000
1.097100000,45.010200000,91.000
1.096890000,45.010370000,91.000
1.096510000,45.010610000,90.000
1.096170000,45.010830000,90.000
1.095930000,45.011030000,90.000
1.095280000,45.011670000,90.000
1.094850000,45.012130000,90.000
1.093890000,45.013170000,90.000
1.093560000,45.013490000,90.000
1.093440000,45.013600000,90.000
1.093180000,45.013800000,89.000
1.093180000,45.013800000,88.000
1.092700000,45.014170000,87.000
1.092360000,45.014470000,86.000
1.092070000,45.014790000,84.000
1.091750000,45.015230000,82.000
1.091540000,45.015560000,81.000
1.091450000,45.015750000,80.000
1.091390000,45.015920000,80.000
1.091370000,45.016030000,79.000
1.091340000,45.016150000,79.000
1.091250000,45.016360000,79.000
1.091130000,45.016510000,79.000
1.090070000,45.017340000,79.000
1.089510000,45.017740000,79.000
1.089280000,45.017890000,79.000
1.088850000,45.018090000,79.000
1.088580000,45.018200000,79.000
1.088190000,45.018320000,80.000
1.087590000,45.018440000,80.000
1.087270000,45.018500000,80.000
1.086620000,45.018720000,81.000
1.086350000,45.018810000,82.000
1.086050000,45.018890000,82.000
1.085660000,45.018950000,83.000
1.085560000,45.018970000,83.000
1.084160000,45.019120000,84.000
1.083790000,45.019150000,85.000
1.083470000,45.019150000,86.000
1.082930000,45.019080000,86.000
1.082600000,45.019070000,86.000
1.082310000,45.019070000,87.000
1.081850000,45.019120000,87.000
1.081350000,45.019200000,87.000
1.080940000,45.019170000,87.000
1.080640000,45.019190000,88.000
1.080160000,45.019250000,89.000
1.079970000,45.019260000,89.000
1.079780000,45.019260000,90.000
1.079590000,45.019230000,90.000
1.079190000,45.019130000,91.000
1.078850000,45.019030000,91.000
1.078020000,45.018860000,91.000
1.077730000,45.018770000,92.000
1.077350000,45.018620000,91.000
1.075510000,45.017550000,91.000
1.074920000,45.017210000,91.000
1.074470000,45.016920000,91.000
1.074060000,45.016610000,91.000
1.073660000,45.016260000,92.000
1.073170000,45.015750000,92.000
1.072750000,45.015210000,93.000
1.072520000,45.014800000,93.000
1.072280000,45.014240000,94.000
1.072180000,45.013920000,94.000
1.071990000,45.012820000,94.000
1.072000000,45.012230000,93.000
1.072070000,45.011820000,92.000
1.072250000,45.011350000,91.000
1.072440000,45.010940000,90.000
1.072510000,45.010690000,88.000
1.072510000,45.010490000,87.000
1.072440000,45.010210000,86.000
1.072180000,45.009320000,85.000
1.072140000,45.009170000,84.000
1.072110000,45.009070000,84.000
1.071960000,45.008420000,83.000
1.071940000,45.008350000,83.000
1.071630000,45.006970000,83.000
1.071520000,45.006490000,83.000
1.071320000,45.005540000,83.000
1.071250000,45.005190000,83.000
1.071230000,45.005020000,83.000
1.071230000,45.004870000,83.000
1.071250000,45.004590000,83.000
1.071370000,45.004010000,82.000
1.071410000,45.003720000,81.000
1.071420000,45.003440000,80.000
1.071360000,45.003080000,78.000
1.071110000,45.002140000,76.000
1.071100000,45.002110000,75.000
1.071080000,45.002040000,74.000
1.071020000,45.001870000,73.000
1.070780000,45.001040000,75.000
1.070740000,45.000750000,76.000
1.070710000,44.999810000,79.000
1.070720000,44.998680000,79.000
1.070700000,44.998070000,79.000
1.070620000,44.997570000,79.000
1.070620000,44.997570000,79.000
1.070530000,44.997000000,79.000
1.070510000,44.996810000,79.000
1.070510000,44.996770000,79.000
1.070520000,44.996600000,80.000
1.070570000,44.996300000,80.000
1.070630000,44.995970000,80.000
1.070670000,44.995610000,81.000
1.070620000,44.995310000,81.000
1.070380000,44.994730000,81.000
1.070250000,44.994430000,81.000
1.070010000,44.993890000,81.000
1.069840000,44.993640000,81.000
1.069660000,44.993400000,80.000
1.069330000,44.993030000,79.000
1.068840000,44.992580000,78.000
1.068450000,44.992310000,76.000
1.068200000,44.992210000,74.000
1.067910000,44.992150000,74.000
1.067610000,44.992140000,73.000
1.067320000,44.992160000,73.000
1.067230000,44.992190000,72.000
1.067080000,44.992240000,72.000
1.066800000,44.992350000,72.000
1.065320000,44.992920000,73.000
1.064920000,44.993080000,73.000
1.064720000,44.993160000,73.000
1.064050000,44.993430000,73.000
1.063480000,44.993640000,72.000
1.063200000,44.993710000,72.000
1.062790000,44.993750000,71.000
1.062360000,44.993720000,71.000
1.062100000,44.993630000,70.000
1.061980000,44.993580000,70.000
1.061840000,44.993470000,70.000
1.061750000,44.993370000,69.000
1.061720000,44.993300000,69.000
1.061690000,44.993210000,69.000
1.061690000,44.991970000,68.000
1.061680000,44.991060000,70.000
1.061680000,44.990650000,72.000
1.061690000,44.990400000,75.000
1.061690000,44.989980000,78.000
1.061680000,44.989750000,80.000
1.061680000,44.989640000,82.000
1.061700000,44.989560000,83.000
1.061730000,44.989500000,84.000
1.061770000,44.989420000,84.000
1.061940000,44.989240000,85.000
1.062050000,44.989150000,86.000
1.062210000,44.989050000,87.000
1.062380000,44.988960000,87.000
1.062700000,44.988810000,88.000
1.063170000,44.988590000,89.000
1.063260000,44.988540000,90.000
1.063330000,44.988470000,91.000
1.063410000,44.988380000,92.000
1.063520000,44.988210000,92.000
1.063630000,44.988020000,93.000
1.063690000,44.987910000,94.000
1.063790000,44.987810000,95.000
1.063940000,44.987660000,95.000
1.064100000,44.987520000,96.000
1.064150000,44.987450000,97.000
1.064170000,44.987380000,97.000
1.064150000,44.987320000,98.000
1.064120000,44.987270000,98.000
1.064070000,44.987220000,99.000
1.064010000,44.987190000,99.000
1.063940000,44.987170000,99.000
1.063850000,44.987160000,100.000
1.063770000,44.987170000,100.000
1.063690000,44.987190000,100.000
1.063150000,44.987440000,100.000
1.062770000,44.987620000,100.000
1.062570000,44.987710000,99.000
1.062400000,44.987760000,99.000
1.062240000,44.987800000,99.000
1.062050000,44.987830000,99.000
1.061860000,44.987840000,98.000
1.061660000,44.987840000,98.000
1.061480000,44.987820000,98.000
1.061270000,44.987790000,98.000
1.061170000,44.987770000,97.000
1.061020000,44.987730000,97.000
1.060830000,44.987660000,97.000
1.060440000,44.987510000,96.000
1.060200000,44.987400000,96.000
1.059980000,44.987290000,95.000
1.059600000,44.987080000,95.000
1.059360000,44.986930000,94.000
1.059160000,44.986790000,94.000
1.058940000,44.986600000,93.000
1.058820000,44.986450000,92.000
1.058750000,44.986310000,91.000
1.058680000,44.986120000,90.000
1.058650000,44.985910000,89.000
1.058520000,44.984670000,86.000
1.058490000,44.984580000,84.000
1.058420000,44.984420000,83.000
1.058150000,44.983990000,82.000
1.058030000,44.983740000,81.000
1.057900000,44.983450000,80.000
1.057820000,44.983250000,80.000
1.057760000,44.983110000,79.000
1.057680000,44.982950000,79.000
1.057610000,44.982800000,79.000
1.057540000,44.982670000,79.000
1.057410000,44.982500000,78.000
1.057170000,44.982240000,78.000
1.056930000,44.982000000,77.000
1.056680000,44.981740000,77.000
1.056680000,44.981740000,77.000
1.056380000,44.981430000,76.000
1.055960000,44.981010000,76.000
1.055710000,44.980740000,75.000
1.055420000,44.980430000,75.000
1.054980000,44.980020000,74.000
1.054830000,44.979860000,74.000
1.054630000,44.979660000,73.000
1.054550000,44.979580000,73.000
1.054400000,44.979420000,73.000
1.054020000,44.978710000,74.000
1.053660000,44.978170000,77.000
1.053520000,44.977960000,79.000
1.053320000,44.977710000,81.000
1.053200000,44.977570000,82.000
1.053040000,44.977450000,83.000
1.052420000,44.977090000,85.000
1.052060000,44.976940000,87.000
1.051680000,44.976840000,88.000
1.050230000,44.976660000,91.000
1.048770000,44.976480000,92.000
1.048380000,44.976410000,94.000
1.048140000,44.976390000,94.000
1.047830000,44.976370000,95.000
1.047360000,44.976380000,96.000
1.046970000,44.976370000,95.000
1.046570000,44.976340000,95.000
1.046110000,44.976290000,93.000
1.045910000,44.976240000,92.000
1.045550000,44.976150000,91.000
1.045200000,44.976060000,90.000
1.044900000,44.975960000,88.000
1.044420000,44.975760000,88.000
1.044190000,44.975660000,87.000
1.043900000,44.975560000,87.000
1.043700000,44.975480000,87.000
1.043490000,44.975420000,87.000
1.043320000,44.975350000,87.000
1.043180000,44.975250000,88.000
1.042950000,44.975060000,88.000
1.042390000,44.974510000,88.000
1.042330000,44.974430000,89.000
1.042280000,44.974350000,89.000
1.042260000,44.974270000,89.000
1.042250000,44.974190000,89.000
1.042260000,44.974100000,89.000
1.042300000,44.973980000,89.000
1.042370000,44.973800000,89.000
1.042530000,44.973450000,89.000
1.042930000,44.972580000,89.000
1.043000000,44.972370000,89.000
1.043070000,44.972120000,89.000
1.043290000,44.971260000,88.000
1.043430000,44.970710000,86.000
1.043510000,44.970500000,85.000
1.043600000,44.970310000,85.000
1.043630000,44.970240000,84.000
1.043950000,44.969520000,83.000
1.044050000,44.969340000,83.000
1.044130000,44.969230000,83.000
1.044240000,44.969080000,82.000
1.044390000,44.968880000,82.000
1.044440000,44.968820000,82.000
1.044600000,44.968610000,82.000
1.044680000,44.968510000,82.000
1.044710000,44.968470000,82.000
1.044770000,44.968390000,83.000
1.044780000,44.968360000,83.000
1.045010000,44.968050000,83.000
1.045080000,44.967970000,84.000
1.045470000,44.967470000,84.000
1.045520000,44.967360000,85.000
1.045540000,44.967250000,85.000
1.045530000,44.967140000,86.000
1.045390000,44.966270000,87.000
1.045370000,44.966070000,87.000
1.045360000,44.965850000,88.000
1.045350000,44.965640000,88.000
1.045360000,44.965430000,89.000
1.045390000,44.965180000,89.000
1.045500000,44.964480000,91.000
1.045540000,44.964300000,93.000
1.045580000,44.964200000,94.000
1.045640000,44.964090000,95.000
1.045720000,44.964000000,95.000
1.045780000,44.963910000,96.000
1.045830000,44.963800000,97.000
1.045860000,44.963690000,98.000
1.045900000,44.963560000,98.000
1.045920000,44.963460000,99.000
1.045980000,44.963370000,99.000
1.046110000,44.963220000,100.000
1.046230000,44.963000000,101.000
1.046310000,44.962880000,102.000
1.046330000,44.962800000,103.000
1.046330000,44.962720000,103.000
1.046290000,44.962650000,104.000
1.046230000,44.962590000,105.000
1.046140000,44.962560000,105.000
1.046000000,44.962530000,106.000
1.045890000,44.962540000,106.000
1.045740000,44.962600000,107.000
1.045340000,44.962790000,108.000
1.045210000,44.962850000,109.000
1.045130000,44.962870000,109.000
1.045050000,44.962890000,110.000
1.044970000,44.962880000,110.000
1.044880000,44.962870000,111.000
1.044800000,44.962830000,111.000
1.044690000,44.962780000,111.000
1.044500000,44.962630000,112.000
1.044140000,44.962340000,113.000
1.043980000,44.962180000,114.000
1.043800000,44.961890000,115.000
1.043680000,44.961790000,115.000
1.043530000,44.961740000,116.000
1.043210000,44.961620000,117.000
1.043150000,44.961560000,118.000
1.043110000,44.961470000,119.000
1.043090000,44.961370000,120.000
1.043120000,44.961260000,121.000
1.043230000,44.961120000,122.000
1.043370000,44.960860000,124.000
1.043500000,44.960620000,126.000
1.043620000,44.960280000,129.000
1.043650000,44.960070000,132.000
1.043640000,44.959930000,134.000
1.043630000,44.959830000,136.000
1.043610000,44.959770000,137.000
1.043560000,44.959700000,138.000
1.043500000,44.959660000,138.000
1.043400000,44.959640000,139.000
1.043220000,44.959670000,139.000
1.043020000,44.959760000,139.000
1.042730000,44.959900000,139.000
1.042480000,44.959990000,139.000
1.042040000,44.960060000,139.000
1.041160000,44.960390000,139.000
1.041010000,44.960420000,139.000
1.040890000,44.960420000,139.000
1.040750000,44.960410000,139.000
1.039840000,44.960210000,140.000
1.039610000,44.960190000,140.000
1.039060000,44.960200000,141.000
1.038350000,44.960280000,142.000
1.038080000,44.960290000,143.000
1.037930000,44.960270000,144.000
1.037810000,44.960240000,144.000
1.037700000,44.960190000,145.000
1.037620000,44.960120000,145.000
1.037580000,44.960030000,145.000
1.037570000,44.959930000,146.000
1.037600000,44.959640000,146.000
1.037650000,44.959350000,147.000
1.037590000,44.958210000,148.000
1.037640000,44.957940000,149.000
1.037810000,44.957570000,149.000
1.038130000,44.957230000,149.000
1.038420000,44.956970000,149.000
1.038470000,44.956910000,148.000
1.038510000,44.956840000,148.000
1.038500000,44.956770000,148.000
1.038200000,44.956030000,148.000
1.038140000,44.955870000,147.000
1.038120000,44.955770000,147.000
1.038130000,44.955670000,147.000
1.038170000,44.955530000,148.000
1.038180000,44.955400000,148.000
1.038150000,44.955250000,148.000
1.038050000,44.955120000,149.000
1.037410000,44.954420000,150.000
1.037280000,44.954210000,151.000
1.037220000,44.953960000,151.000
1.037240000,44.953530000,152.000
1.037660000,44.952020000,153.000
1.037700000,44.951790000,154.000
1.037710000,44.951550000,154.000
1.037670000,44.951280000,155.000
1.037570000,44.950980000,155.000
1.037410000,44.950750000,155.000
1.037050000,44.950340000,155.000
1.036270000,44.949630000,155.000
1.035940000,44.949300000,155.000
1.035760000,44.949120000,154.000
1.035660000,44.949010000,154.000
1.035550000,44.948860000,154.000
1.035450000,44.948730000,154.000
1.035290000,44.948500000,154.000
1.035040000,44.948070000,154.000
1.034850000,44.947740000,154.000
1.034750000,44.947580000,154.000
1.034650000,44.947450000,153.000
1.034490000,44.947300000,153.000
1.034370000,44.947180000,153.000
1.034010000,44.946960000,153.000
1.033780000,44.946860000,153.000
1.033450000,44.946770000,153.000
1.032550000,44.946570000,152.000
1.032390000,44.946510000,152.000
1.032190000,44.946390000,151.000
1.031540000,44.945970000,150.000
1.030750000,44.945320000,149.000
1.030600000,44.945230000,147.000
1.030450000,44.945150000,146.000
1.030270000,44.945090000,145.000
1.030080000,44.945040000,144.000
1.029950000,44.945020000,144.000
1.029830000,44.945010000,143.000
1.029700000,44.945020000,142.000
1.029550000,44.945030000,142.000
1.029420000,44.945060000,141.000
1.029250000,44.945090000,141.000
1.029110000,44.945100000,140.000
1.028950000,44.945090000,139.000
1.028260000,44.944950000,138.000
1.027650000,44.944820000,136.000
1.027480000,44.944760000,135.000
1.027390000,44.944720000,134.000
1.027340000,44.944650000,133.000
1.027310000,44.944570000,132.000
1.027300000,44.944490000,132.000
1.027300000,44.944410000,131.000
1.027350000,44.944340000,131.000
1.027430000,44.944250000,130.000
1.027730000,44.944070000,129.000
1.027950000,44.943930000,128.000
1.028080000,44.943800000,127.000
1.028150000,44.943660000,126.000
1.028190000,44.943430000,125.000
1.028190000,44.943280000,124.000
1.028180000,44.943150000,122.000
1.028120000,44.943000000,121.000
1.028000000,44.942800000,120.000
1.027840000,44.942530000,118.000
1.027700000,44.942340000,116.000
1.027540000,44.942150000,114.000
1.027320000,44.941960000,112.000
1.027030000,44.941740000,111.000
1.026910000,44.941680000,110.000
1.026830000,44.941660000,109.000
1.026760000,44.941650000,108.000
1.026690000,44.941650000,108.000
1.026550000,44.941650000,108.000
1.026400000,44.941680000,107.000
1.026250000,44.941710000,107.000
1.026140000,44.941720000,107.000
1.026030000,44.941710000,106.000
1.025950000,44.941680000,106.000
1.025870000,44.941630000,106.000
1.025820000,44.941550000,106.000
1.025810000,44.941490000,106.000
1.025830000,44.941410000,105.000
1.025980000,44.941230000,105.000
1.026280000,44.940940000,105.000
1.026320000,44.940870000,104.000
1.026340000,44.940790000,103.000
1.026300000,44.940610000,102.000
1.026230000,44.940410000,101.000
1.026070000,44.940070000,100.000
1.025790000,44.939440000,97.000
1.025720000,44.939300000,94.000
1.025620000,44.939160000,92.000
1.025520000,44.939060000,91.000
1.025440000,44.938990000,90.000
1.025300000,44.938900000,90.000
1.025140000,44.938780000,89.000
1.024890000,44.938610000,89.000
1.024730000,44.938500000,88.000
1.024570000,44.938420000,88.000
1.024460000,44.938370000,88.000
1.024320000,44.938310000,88.000
1.024210000,44.938270000,88.000
1.024080000,44.938230000,87.000
1.023690000,44.938100000,87.000
1.022920000,44.937870000,87.000
1.022600000,44.937760000,86.000
1.022430000,44.937690000,85.000
1.022280000,44.937590000,85.000
1.022230000,44.937560000,84.000
1.022230000,44.937560000,83.000
1.022180000,44.937540000,83.000
1.022090000,44.937500000,83.000
1.021980000,44.937470000,82.000
1.021630000,44.937390000,81.000
1.021400000,44.937330000,80.000
1.021260000,44.937290000,79.000
1.021160000,44.937230000,78.000
1.021080000,44.937180000,78.000
1.021000000,44.937100000,77.000
1.020970000,44.937060000,76.000
1.020950000,44.936980000,76.000
1.020930000,44.936910000,75.000
1.020920000,44.936830000,75.000
1.020940000,44.936680000,74.000
1.020980000,44.936510000,74.000
1.021010000,44.936430000,74.000
1.021000000,44.936340000,74.000
1.021010000,44.936320000,74.000
1.021000000,44.936300000,74.000
1.020940000,44.936210000,74.000
1.020900000,44.936190000,74.000
1.020880000,44.936170000,74.000
1.020870000,44.936140000,74.000
1.020870000,44.936120000,74.000
1.020880000,44.936090000,74.000
1.020900000,44.936070000,74.000
1.020930000,44.936050000,74.000
1.020970000,44.936040000,74.000
1.021010000,44.936040000,74.000
1.021050000,44.936050000,74.000
1.021080000,44.936060000,74.000
1.021180000,44.936050000,74.000
1.021280000,44.936050000,74.000
1.021350000,44.936070000,74.000
1.021420000,44.936080000,74.000
1.021880000,44.936170000,74.000
1.022040000,44.936190000,74.000
1.023540000,44.936480000,74.000
1.023600000,44.936500000,74.000
1.024460000,44.936660000,74.000
1.025390000,44.936830000,76.000
1.025460000,44.936850000,77.000
1.026040000,44.936970000,78.000
1.026300000,44.937020000,79.000
1.026360000,44.937040000,80.000
1.026670000,44.937130000,80.000
1.027060000,44.937270000,81.000
1.027370000,44.937400000,82.000
1.027630000,44.937530000,82.000
1.027840000,44.937650000,83.000
1.028010000,44.937760000,84.000
1.028350000,44.938000000,84.000
1.028610000,44.938220000,85.000
1.028810000,44.938420000,85.000
1.029000000,44.938630000,86.000
1.029080000,44.938760000,86.000
1.029220000,44.938980000,87.000
1.029330000,44.939190000,87.000
1.029810000,44.940070000,88.000
1.029920000,44.940250000,88.000
1.030040000,44.940390000,88.000
1.030180000,44.940560000,88.000
1.030330000,44.940720000,88.000
1.031040000,44.941400000,88.000
1.031330000,44.941670000,87.000
1.031510000,44.941810000,87.000
1.031710000,44.941950000,87.000
1.031920000,44.942070000,88.000
1.032190000,44.942190000,89.000
1.032410000,44.942280000,90.000
1.032790000,44.942400000,91.000
1.033100000,44.942500000,92.000
1.033500000,44.942600000,94.000
1.034450000,44.942850000,94.000
1.035170000,44.942990000,95.000
1.036160000,44.943100000,95.000
1.036720000,44.943180000,94.000
1.037200000,44.943260000,94.000
1.037770000,44.943410000,94.000
1.038780000,44.943710000,93.000
1.039370000,44.943870000,92.000
1.039870000,44.943980000,92.000
1.040990000,44.944190000,92.000
1.041540000,44.944320000,91.000
1.042040000,44.944490000,91.000
1.042420000,44.944650000,90.000
1.042760000,44.944810000,90.000
1.042930000,44.944890000,89.000
1.043450000,44.945150000,89.000
1.043750000,44.945300000,88.000
1.044160000,44.945520000,89.000
1.044600000,44.945740000,89.000
1.044790000,44.945820000,89.000
1.044970000,44.945890000,90.000
1.045190000,44.945950000,90.000
1.045400000,44.946000000,91.000
1.045600000,44.946020000,91.000
1.045780000,44.946040000,92.000
1.045980000,44.946030000,92.000
1.046180000,44.946010000,93.000
1.046400000,44.945970000,93.000
1.046880000,44.945840000,94.000
1.048030000,44.945470000,96.000
1.049150000,44.945120000,98.000
1.049780000,44.944920000,99.000
1.050090000,44.944850000,99.000
1.050380000,44.944820000,99.000
1.050610000,44.944790000,99.000
1.050850000,44.944770000,99.000
1.051050000,44.944770000,99.000
1.051050000,44.944770000,98.000
1.051090000,44.944770000,98.000
1.051330000,44.944770000,98.000
1.051630000,44.944800000,97.000
1.052080000,44.944850000,97.000
1.053000000,44.944960000,96.000
1.053640000,44.945040000,95.000
1.053880000,44.945060000,95.000
1.054130000,44.945060000,94.000
1.054330000,44.945060000,93.000
1.054510000,44.945040000,93.000
1.054710000,44.945010000,94.000
1.054920000,44.944980000,94.000
1.055180000,44.944920000,95.000
1.055310000,44.944890000,96.000
1.055420000,44.944850000,97.000
1.055540000,44.944820000,98.000
1.055650000,44.944770000,98.000
1.055830000,44.944700000,99.000
1.055960000,44.944640000,100.000
1.056060000,44.944580000,101.000
1.056220000,44.944470000,102.000
1.056790000,44.944050000,104.000
1.057300000,44.943650000,104.000
1.057490000,44.943510000,103.000
1.058420000,44.942790000,101.000
1.058580000,44.942660000,99.000
1.058660000,44.942580000,98.000
1.058820000,44.942430000,97.000
1.059240000,44.941940000,96.000
1.059340000,44.941820000,95.000
1.059460000,44.941700000,94.000
1.059610000,44.941580000,94.000
1.059700000,44.941520000,93.000
1.059850000,44.941420000,93.000
1.060010000,44.941330000,93.000
1.060190000,44.941250000,92.000
1.060300000,44.941210000,92.000
1.060410000,44.941180000,92.000
1.060530000,44.941140000,93.000
1.060680000,44.941100000,93.000
1.060970000,44.941030000,94.000
1.061620000,44.940910000,96.000
1.061900000,44.940850000,97.000
1.062350000,44.940760000,99.000
1.062770000,44.940680000,101.000
1.062980000,44.940620000,102.000
1.063170000,44.940570000,103.000
1.063300000,44.940520000,103.000
1.063380000,44.940490000,104.000
1.063600000,44.940400000,104.000
1.063880000,44.940240000,104.000
1.064340000,44.939940000,104.000
1.064860000,44.939550000,104.000
1.065030000,44.939380000,104.000
1.065150000,44.939240000,104.000
1.065250000,44.939090000,104.000
1.065350000,44.938940000,104.000
1.065410000,44.938830000,104.000
1.065480000,44.938650000,103.000
1.065540000,44.938430000,103.000
1.066030000,44.936890000,102.000
1.066130000,44.936600000,102.000
1.066200000,44.936420000,101.000
1.066280000,44.936260000,101.000
1.066360000,44.936130000,101.000
1.066470000,44.935990000,101.000
1.066670000,44.935770000,101.000
1.066940000,44.935530000,101.000
1.067460000,44.935080000,101.000
1.067970000,44.934640000,101.000
1.068340000,44.934320000,101.000
1.068520000,44.934150000,101.000
1.068780000,44.933940000,101.000
1.068950000,44.933820000,102.000
1.069120000,44.933730000,102.000
1.069300000,44.933640000,102.000
1.069510000,44.933550000,102.000
1.069760000,44.933470000,103.000
1.070590000,44.933270000,104.000
1.071200000,44.933140000,104.000
1.071650000,44.933020000,105.000
1.071860000,44.932970000,106.000
1.071920000,44.932950000,107.000
1.072140000,44.932870000,107.000
1.072400000,44.932750000,107.000
1.072630000,44.932620000,107.000
1.072800000,44.932500000,108.000
1.073000000,44.932350000,108.000
1.073180000,44.932190000,108.000
1.073340000,44.932010000,108.000
1.073460000,44.931860000,108.000
1.073550000,44.931710000,108.000
1.073640000,44.931520000,108.000
1.073710000,44.931320000,108.000
1.073760000,44.931110000,108.000
1.073770000,44.930960000,107.000
1.073770000,44.930700000,106.000
1.073750000,44.930390000,105.000
1.073750000,44.930110000,104.000
1.073750000,44.930000000,103.000
1.073770000,44.929820000,102.000
1.073820000,44.929650000,101.000
1.073860000,44.929520000,101.000
1.073900000,44.929440000,101.000
1.073930000,44.929370000,101.000
1.074020000,44.929230000,101.000
1.074060000,44.929170000,101.000
1.074250000,44.928970000,102.000
1.074320000,44.928910000,102.000
1.074410000,44.928840000,103.000
1.074610000,44.928700000,103.000
1.074770000,44.928610000,104.000
1.074980000,44.928510000,104.000
1.075080000,44.928460000,105.000
1.075230000,44.928410000,105.000
1.075540000,44.928300000,106.000
1.075840000,44.928210000,107.000
1.076410000,44.928020000,107.000
1.077430000,44.927680000,108.000
1.078170000,44.927450000,108.000
1.078560000,44.927320000,109.000
1.079170000,44.927120000,108.000
1.079600000,44.926970000,108.000
1.079980000,44.926830000,108.000
1.080160000,44.926750000,108.000
1.080250000,44.926710000,107.000
1.080390000,44.926620000,107.000
1.080570000,44.926500000,107.000
1.080740000,44.926330000,107.000
1.080830000,44.926230000,107.000
1.080890000,44.926150000,107.000
1.081220000,44.925700000,107.000
1.081320000,44.925590000,107.000
1.081410000,44.925490000,107.000
1.081510000,44.925400000,107.000
1.081610000,44.925310000,107.000
1.081810000,44.925170000,107.000
1.081980000,44.925050000,107.000
1.082210000,44.924930000,107.000
1.082440000,44.924820000,107.000
1.082680000,44.924730000,107.000
1.082960000,44.924660000,107.000
1.083120000,44.924620000,107.000
1.083280000,44.924590000,107.000
1.083610000,44.924530000,108.000
1.084380000,44.924410000,108.000
1.084600000,44.924380000,109.000
1.084820000,44.924340000,109.000
1.085050000,44.924280000,109.000
1.085290000,44.924210000,110.000
1.085620000,44.924090000,110.000
1.086940000,44.923590000,110.000
1.087470000,44.923400000,111.000
1.087850000,44.923250000,111.000
1.088030000,44.923160000,111.000
1.088440000,44.922970000,110.000
1.088740000,44.922810000,110.000
1.089210000,44.922570000,110.000
1.089500000,44.922420000,110.000
1.089740000,44.922310000,110.000
1.089990000,44.922200000,110.000
1.090170000,44.922140000,111.000
1.090340000,44.922100000,111.000
1.090500000,44.922070000,111.000
1.090630000,44.922050000,112.000
1.090900000,44.922040000,112.000
1.091070000,44.922050000,112.000
1.091230000,44.922070000,112.000
1.091550000,44.922120000,113.000
1.091880000,44.922180000,113.000
1.092090000,44.922210000,114.000
1.092310000,44.922220000,114.000
1.092650000,44.922230000,115.000
1.092830000,44.922220000,115.000
1.093080000,44.922200000,115.000
1.093830000,44.922080000,116.000
1.094360000,44.921990000,117.000
1.094800000,44.921880000,117.000
1.095340000,44.921730000,118.000
1.095980000,44.921510000,118.000
1.096480000,44.921310000,119.000
1.096970000,44.921090000,119.000
1.097510000,44.920810000,119.000
1.097920000,44.920550000,119.000
1.099220000,44.919610000,118.000
1.099710000,44.919260000,118.000
1.100090000,44.918990000,118.000
1.100380000,44.918800000,117.000
1.100720000,44.918630000,117.000
1.101020000,44.918500000,117.000
1.101350000,44.918390000,117.000
1.101700000,44.918310000,117.000
1.102000000,44.918250000,117.000
1.103620000,44.917980000,118.000
1.104110000,44.917910000,119.000
1.104530000,44.917860000,119.000
1.105120000,44.917820000,120.000
1.106060000,44.917770000,120.000
1.106430000,44.917740000,120.000
1.106680000,44.917700000,120.000
1.106890000,44.917660000,120.000
1.107050000,44.917600000,120.000
1.107190000,44.917540000,121.000
1.107360000,44.917450000,121.000
1.107540000,44.917310000,121.000
1.107720000,44.917140000,121.000
1.107800000,44.917000000,121.000
1.107880000,44.916830000,121.000
1.108200000,44.915310000,122.000
1.108250000,44.915110000,122.000
1.108320000,44.914920000,122.000
1.108440000,44.914700000,123.000
1.108570000,44.914510000,123.000
1.108740000,44.914320000,124.000
1.108920000,44.914150000,124.000
1.109090000,44.914000000,124.000
1.109320000,44.913860000,125.000
1.109470000,44.913780000,125.000
1.109660000,44.913700000,125.000
1.109940000,44.913590000,125.000
1.110150000,44.913530000,125.000
1.110450000,44.913440000,126.000
1.110450000,44.913440000,126.000
1.111100000,44.913250000,126.000
1.111380000,44.913160000,126.000
1.111680000,44.913050000,126.000
1.111960000,44.912920000,126.000
1.112270000,44.912720000,126.000
1.112480000,44.912550000,126.000
1.112610000,44.912390000,126.000
1.112710000,44.912230000,126.000
1.112820000,44.912040000,126.000
1.113170000,44.911100000,125.000
1.113350000,44.910580000,125.000
1.113420000,44.910390000,125.000
1.113510000,44.910210000,125.000
1.113630000,44.909990000,125.000
1.113740000,44.909840000,125.000
1.113830000,44.909740000,125.000
1.114870000,44.908700000,125.000
1.115480000,44.908100000,125.000
1.116680000,44.906940000,126.000
1.116880000,44.906780000,127.000
1.117040000,44.906670000,127.000
1.117240000,44.906570000,128.000
1.117430000,44.906500000,128.000
1.117630000,44.906450000,128.000
1.117840000,44.906400000,128.000
1.118080000,44.906380000,128.000
1.118260000,44.906370000,128.000
1.118350000,44.906370000,128.000
1.119410000,44.906410000,128.000
1.119960000,44.906420000,129.000
1.120250000,44.906420000,130.000
1.120460000,44.906400000,131.000
1.120630000,44.906380000,132.000
1.120820000,44.906330000,134.000
1.121020000,44.906270000,135.000
1.121290000,44.906160000,136.000
1.121890000,44.905890000,139.000
1.122100000,44.905810000,140.000
1.122340000,44.905740000,141.000
1.122560000,44.905690000,142.000
1.122780000,44.905660000,143.000
1.123040000,44.905640000,143.000
1.123330000,44.905630000,143.000
1.124110000,44.905590000,144.000
1.124660000,44.905560000,144.000
1.124960000,44.905570000,144.000
1.125180000,44.905590000,145.000
1.125400000,44.905630000,145.000
1.125600000,44.905680000,145.000
1.125820000,44.905750000,145.000
1.126590000,44.906050000,146.000
1.126840000,44.906130000,146.000
1.127060000,44.906190000,147.000
1.127280000,44.906240000,147.000
1.127500000,44.906270000,147.000
1.127750000,44.906300000,147.000
1.128010000,44.906320000,147.000
1.128250000,44.906320000,147.000
1.128440000,44.906300000,147.000
1.128640000,44.906290000,147.000
1.128900000,44.906260000,146.000
1.129250000,44.906190000,146.000
1.129620000,44.906110000,146.000
1.129880000,44.906070000,146.000
1.130060000,44.906040000,146.000
1.130250000,44.906030000,146.000
1.130440000,44.906020000,146.000
1.130660000,44.906030000,146.000
1.131050000,44.906060000,146.000
1.131550000,44.906110000,147.000
1.131810000,44.906130000,147.000
1.131970000,44.906140000,147.000
1.132140000,44.906150000,147.000
1.132290000,44.906150000,147.000
1.132460000,44.906140000,148.000
1.132700000,44.906120000,148.000
1.133130000,44.906060000,148.000
1.133660000,44.905970000,149.000
1.133810000,44.905950000,150.000
1.133970000,44.905930000,150.000
1.134150000,44.905920000,150.000
1.134300000,44.905920000,151.000
1.134440000,44.905920000,151.000
1.134610000,44.905940000,151.000
1.134820000,44.905980000,152.000
1.135200000,44.906080000,152.000
1.135890000,44.906270000,152.000
1.136160000,44.906330000,152.000
1.136390000,44.906390000,152.000
1.136590000,44.906420000,151.000
1.136890000,44.906440000,151.000
1.137260000,44.906470000,151.000
1.137520000,44.906490000,151.000
1.137690000,44.906530000,151.000
1.137870000,44.906570000,151.000
1.138080000,44.906640000,150.000
1.138270000,44.906730000,150.000
1.138440000,44.906820000,150.000
1.138580000,44.906940000,150.000
1.138670000,44.907060000,150.000
1.138770000,44.907220000,150.000
1.139030000,44.907740000,150.000
1.139140000,44.907890000,150.000
1.139220000,44.907980000,150.000
1.139370000,44.908110000,150.000
1.139500000,44.908210000,150.000
1.139690000,44.908290000,150.000
1.139820000,44.908340000,150.000
1.139940000,44.908380000,150.000
1.140270000,44.908440000,150.000
1.140560000,44.908470000,151.000
1.140910000,44.908500000,151.000
1.141190000,44.908520000,151.000
1.142230000,44.908590000,151.000
1.142700000,44.908620000,151.000
1.142840000,44.908640000,151.000
1.142990000,44.908670000,151.000
1.143160000,44.908720000,151.000
1.143350000,44.908790000,151.000
1.143490000,44.908860000,151.000
1.143630000,44.908950000,151.000
1.143820000,44.909090000,152.000
1.143990000,44.909230000,152.000
1.144150000,44.909360000,152.000
1.144510000,44.909650000,153.000
1.145780000,44.910680000,155.000
1.146230000,44.911050000,156.000
1.146480000,44.911260000,157.000
1.147070000,44.911730000,157.000
1.147440000,44.912010000,158.000
1.147560000,44.912090000,158.000
1.147730000,44.912170000,158.000
1.147880000,44.912220000,159.000
1.148060000,44.912260000,159.000
1.148250000,44.912290000,160.000
1.148460000,44.912310000,161.000
1.148720000,44.912340000,161.000
1.148990000,44.912350000,162.000
1.149270000,44.912380000,163.000
1.149510000,44.912420000,164.000
1.149770000,44.912470000,165.000
1.150100000,44.912540000,166.000
1.150420000,44.912610000,166.000
1.150660000,44.912660000,166.000
1.150980000,44.912730000,167.000
1.151460000,44.912840000,167.000
1.151760000,44.912900000,166.000
1.151940000,44.912950000,166.000
1.152120000,44.913030000,166.000
1.152210000,44.913070000,166.000
1.152330000,44.913160000,166.000
1.152490000,44.913290000,166.000
1.152620000,44.913420000,166.000
1.152750000,44.913560000,166.000
1.152910000,44.913680000,166.000
1.153050000,44.913760000,167.000
1.153170000,44.913830000,167.000
1.153350000,44.913890000,168.000
1.153450000,44.913910000,168.000
1.153510000,44.913930000,168.000
1.153630000,44.913940000,169.000
1.153690000,44.913940000,169.000
1.153870000,44.913940000,169.000
1.154050000,44.913930000,169.000
1.154230000,44.913890000,170.000
1.154420000,44.913830000,170.000
1.154590000,44.913750000,171.000
1.154740000,44.913650000,171.000
1.154880000,44.913540000,171.000
1.155090000,44.913360000,172.000
1.155250000,44.913260000,172.000
1.155390000,44.913180000,173.000
1.155530000,44.913110000,173.000
1.155680000,44.913060000,173.000
1.155850000,44.913020000,173.000
1.155960000,44.912990000,174.000
1.156130000,44.912970000,174.000
1.156300000,44.912950000,174.000
1.156520000,44.912940000,174.000
1.156600000,44.912930000,175.000
1.156710000,44.912930000,175.000
1.156870000,44.912900000,175.000
1.157020000,44.912860000,175.000
1.157180000,44.912800000,176.000
1.157590000,44.912670000,176.000
1.158040000,44.912510000,177.000
1.158480000,44.912340000,178.000
1.158650000,44.912260000,179.000
1.158820000,44.912170000,180.000
1.159040000,44.912030000,181.000
1.159290000,44.911860000,182.000
1.159640000,44.911630000,183.000
1.159830000,44.911530000,184.000
1.160000000,44.911470000,185.000
1.160120000,44.911440000,185.000
1.160260000,44.911420000,186.000
1.160380000,44.911420000,186.000
1.160580000,44.911440000,187.000
1.160760000,44.911480000,188.000
1.160980000,44.911580000,188.000
1.161240000,44.911700000,189.000
1.161380000,44.911760000,190.000
1.161510000,44.911790000,190.000
1.161630000,44.911820000,191.000
1.161780000,44.911830000,191.000
1.161910000,44.911810000,191.000
1.162060000,44.911780000,191.000
1.162160000,44.911740000,191.000
1.162280000,44.911680000,191.000
1.162370000,44.911600000,191.000
1.162460000,44.911490000,191.000
1.162540000,44.911380000,191.000
1.162800000,44.910990000,191.000
1.162980000,44.910720000,191.000
1.163080000,44.910580000,191.000
1.163180000,44.910480000,191.000
1.163300000,44.910390000,191.000
1.163420000,44.910310000,191.000
1.163520000,44.910260000,192.000
1.163640000,44.910210000,192.000
1.163750000,44.910180000,192.000
1.163930000,44.910140000,193.000
1.164060000,44.910130000,193.000
1.164220000,44.910130000,194.000
1.164490000,44.910140000,194.000
1.165020000,44.910180000,195.000
1.165560000,44.910220000,196.000
1.165840000,44.910240000,197.000
1.166000000,44.910270000,198.000
1.166210000,44.910330000,199.000
1.166400000,44.910410000,200.000
1.166630000,44.910510000,201.000
1.166810000,44.910580000,201.000
1.166950000,44.910620000,202.000
1.167080000,44.910630000,202.000
1.167210000,44.910640000,203.000
1.167340000,44.910630000,203.000
1.167490000,44.910600000,204.000
1.167640000,44.910540000,204.000
1.167770000,44.910460000,205.000
1.167890000,44.910370000,205.000
1.168040000,44.910240000,206.000
1.168270000,44.910030000,207.000
1.168490000,44.909840000,207.000
1.168640000,44.909730000,208.000
1.168810000,44.909660000,209.000
1.168950000,44.909600000,209.000
1.169120000,44.909560000,210.000
1.169290000,44.909530000,210.000
1.169520000,44.909510000,211.000
1.169750000,44.909530000,212.000
1.170070000,44.909560000,212.000
1.170470000,44.909630000,213.000
1.170860000,44.909690000,214.000
1.171160000,44.909740000,215.000
1.171390000,44.909790000,216.000
1.171600000,44.909870000,217.000
1.171710000,44.909920000,218.000
1.171850000,44.910010000,218.000
1.172010000,44.910130000,219.000
1.172150000,44.910280000,220.000
1.172320000,44.910530000,221.000
1.172480000,44.910680000,221.000
1.172670000,44.910780000,222.000
1.172830000,44.910820000,223.000
1.173020000,44.910860000,223.000
1.173220000,44.910850000,224.000
1.173410000,44.910810000,224.000
1.173580000,44.910760000,224.000
1.173730000,44.910670000,225.000
1.173930000,44.910490000,225.000
1.174070000,44.910320000,226.000
1.174510000,44.909820000,227.000
1.175210000,44.909080000,228.000
1.175420000,44.908830000,230.000
1.175660000,44.908600000,231.000
1.175900000,44.908410000,232.000
1.176170000,44.908240000,233.000
1.176430000,44.908120000,234.000
1.176650000,44.908040000,234.000
1.176830000,44.907990000,235.000
1.177140000,44.907920000,236.000
1.177490000,44.907850000,237.000
1.178120000,44.907740000,238.000
1.178740000,44.907630000,240.000
1.178980000,44.907590000,241.000
1.179210000,44.907530000,241.000
1.179570000,44.907430000,242.000
1.179840000,44.907330000,243.000
1.180360000,44.907140000,243.000
1.180580000,44.907080000,244.000
1.180800000,44.907030000,244.000
1.181090000,44.906990000,245.000
1.181300000,44.906970000,245.000
1.182470000,44.906870000,245.000
1.182690000,44.906870000,245.000
1.182880000,44.906860000,245.000
1.183050000,44.906860000,245.000
1.183180000,44.906870000,245.000
1.183310000,44.906890000,245.000
1.183460000,44.906930000,245.000
1.183630000,44.906990000,245.000
1.183780000,44.907060000,245.000
1.183880000,44.907120000,246.000
1.183990000,44.907200000,246.000
1.184080000,44.907290000,246.000
1.184210000,44.907440000,247.000
1.184650000,44.908020000,249.000
1.184770000,44.908170000,250.000
1.184910000,44.908300000,251.000
1.185050000,44.908390000,252.000
1.185190000,44.908470000,253.000
1.185320000,44.908530000,254.000
1.185460000,44.908580000,254.000
1.185620000,44.908620000,255.000
1.185790000,44.908650000,255.000
1.185990000,44.908660000,256.000
1.186170000,44.908650000,256.000
1.186360000,44.908620000,256.000
1.186570000,44.908570000,256.000
1.186730000,44.908520000,257.000
1.186880000,44.908450000,257.000
1.187000000,44.908380000,257.000
1.187160000,44.908260000,257.000
1.187250000,44.908160000,258.000
1.187360000,44.908020000,258.000
1.187420000,44.907890000,258.000
1.187500000,44.907710000,259.000
1.187630000,44.907410000,259.000
1.187730000,44.907240000,260.000
1.187830000,44.907120000,261.000
1.187930000,44.907020000,262.000
1.188100000,44.906900000,263.000
1.188260000,44.906800000,263.000
1.188500000,44.906680000,264.000
1.189110000,44.906420000,266.000
1.189220000,44.906360000,267.000
1.189310000,44.906300000,267.000
1.189420000,44.906210000,267.000
1.189540000,44.906110000,268.000
1.189600000,44.906020000,268.000
1.189640000,44.905960000,268.000
1.189670000,44.905870000,268.000
1.189700000,44.905790000,268.000
1.189710000,44.905720000,268.000
1.189710000,44.905650000,268.000
1.189700000,44.905540000,268.000
1.189690000,44.905410000,267.000
1.189650000,44.905250000,267.000
1.189610000,44.905090000,267.000
1.189600000,44.904980000,267.000
1.189590000,44.904870000,267.000
1.189610000,44.904760000,267.000
1.189690000,44.904590000,267.000
1.189760000,44.904480000,267.000
1.189860000,44.904370000,267.000
1.189970000,44.904280000,267.000
1.190120000,44.904180000,267.000
1.190360000,44.904060000,267.000
1.190650000,44.903920000,267.000
1.191070000,44.903730000,267.000
1.191320000,44.903620000,267.000
1.191530000,44.903560000,267.000
1.191720000,44.903520000,266.000
1.191920000,44.903490000,266.000
1.192100000,44.903490000,266.000
1.192430000,44.903500000,266.000
1.192690000,44.903510000,265.000
1.192960000,44.903500000,265.000
1.193160000,44.903470000,265.000
1.193420000,44.903420000,264.000
1.193450000,44.903410000,264.000
1.193450000,44.903410000,264.000
1.193820000,44.903340000,263.000
1.194020000,44.903300000,263.000
1.194270000,44.903280000,262.000
1.194490000,44.903260000,262.000
1.194690000,44.903270000,261.000
1.194920000,44.903290000,260.000
1.195160000,44.903310000,258.000
1.195390000,44.903310000,257.000
1.195610000,44.903300000,256.000
1.195790000,44.903280000,255.000
1.195980000,44.903250000,254.000
1.196180000,44.903200000,252.000
1.196460000,44.903100000,251.000
1.196590000,44.903040000,250.000
1.196650000,44.903010000,249.000
1.196700000,44.902970000,248.000
1.196710000,44.902950000,248.000
1.196720000,44.902930000,247.000
1.196740000,44.902900000,247.000
1.196760000,44.902890000,247.000
1.196790000,44.902870000,247.000
1.196820000,44.902850000,246.000
1.196860000,44.902830000,246.000
1.196900000,44.902820000,246.000
1.196950000,44.902820000,246.000
1.197010000,44.902820000,245.000
1.197050000,44.902820000,245.000
1.197090000,44.902830000,245.000
1.197120000,44.902840000,245.000
1.197160000,44.902860000,245.000
1.197190000,44.902880000,244.000
1.197220000,44.902900000,244.000
1.197240000,44.902920000,244.000
1.197260000,44.902960000,244.000
1.197270000,44.902990000,244.000
1.197270000,44.903030000,243.000
1.197350000,44.903110000,243.000
1.197430000,44.903150000,243.000
1.197550000,44.903210000,242.000
1.197720000,44.903310000,242.000
1.198190000,44.903470000,240.000
1.198480000,44.903570000,239.000
1.198710000,44.903650000,238.000
1.198860000,44.903720000,237.000
1.198990000,44.903790000,236.000
1.199180000,44.903940000,235.000
1.199490000,44.904250000,234.000
1.199690000,44.904440000,233.000
1.199820000,44.904540000,232.000
1.199960000,44.904630000,231.000
1.200120000,44.904710000,231.000
1.200310000,44.904770000,230.000
1.200500000,44.904810000,229.000
1.200680000,44.904840000,229.000
1.200840000,44.904850000,228.000
1.201070000,44.904830000,227.000
1.201250000,44.904810000,226.000
1.201460000,44.904770000,226.000
1.201600000,44.904730000,225.000
1.201800000,44.904640000,224.000
1.201940000,44.904570000,223.000
1.202080000,44.904480000,222.000
1.202270000,44.904320000,221.000
1.202610000,44.904000000,219.000
1.202930000,44.903700000,217.000
1.203050000,44.903590000,216.000
1.203240000,44.903440000,215.000
1.203470000,44.903300000,214.000
1.203570000,44.903250000,213.000
1.203730000,44.903190000,212.000
1.203840000,44.903150000,211.000
1.204020000,44.903110000,211.000
1.204220000,44.903070000,210.000
1.204360000,44.903050000,210.000
1.204580000,44.903020000,209.000
1.204840000,44.903020000,208.000
1.205030000,44.903020000,208.000
1.205420000,44.903010000,207.000
1.205630000,44.902990000,206.000
1.205730000,44.902980000,205.000
1.205820000,44.902970000,204.000
1.206020000,44.902920000,203.000
1.206260000,44.902840000,202.000
1.206440000,44.902760000,201.000
1.206610000,44.902660000,199.000
1.206730000,44.902580000,198.000
1.206830000,44.902510000,197.000
1.206990000,44.902390000,195.000
1.207190000,44.902230000,194.000
1.207580000,44.901940000,191.000
1.207740000,44.901830000,189.000
1.207840000,44.901760000,188.000
1.207970000,44.901680000,187.000
1.208090000,44.901620000,186.000
1.208210000,44.901570000,186.000
1.208310000,44.901530000,185.000
1.208740000,44.901390000,184.000
1.208830000,44.901350000,184.000
1.208980000,44.901290000,183.000
1.209100000,44.901220000,183.000
1.209180000,44.901170000,182.000
1.209300000,44.901070000,182.000
1.209450000,44.900910000,181.000
1.209620000,44.900680000,181.000
1.209660000,44.900600000,180.000
1.209750000,44.900530000,180.000
1.209840000,44.900460000,179.000
1.209900000,44.900430000,179.000
1.209910000,44.900420000,179.000
1.209950000,44.900400000,178.000
1.210040000,44.900360000,178.000
1.210110000,44.900340000,178.000
1.210230000,44.900300000,178.000
1.210410000,44.900260000,177.000
1.210570000,44.900230000,177.000
1.210710000,44.900210000,177.000
1.210900000,44.900170000,176.000
1.211050000,44.900130000,176.000
1.211180000,44.900100000,175.000
1.211290000,44.900080000,175.000
1.211360000,44.900040000,174.000
1.211410000,44.900010000,174.000
1.211450000,44.899980000,174.000
1.211500000,44.899940000,174.000
1.211550000,44.899880000,173.000
1.211610000,44.899800000,173.000
1.211940000,44.899360000,172.000
1.211990000,44.899290000,171.000
1.212030000,44.899250000,171.000
1.212070000,44.899200000,170.000
1.212100000,44.899170000,170.000
1.212130000,44.899160000,169.000
1.212210000,44.899150000,169.000
1.212540000,44.898560000,167.000
1.212570000,44.898500000,166.000
1.212770000,44.898130000,164.000
1.212830000,44.897990000,163.000
1.212850000,44.897930000,162.000
1.212870000,44.897850000,161.000
1.212900000,44.897690000,160.000
1.212940000,44.897490000,159.000
1.212930000,44.897400000,159.000
1.212910000,44.897370000,159.000
1.212890000,44.897350000,158.000
1.212880000,44.897310000,158.000
1.212880000,44.897280000,158.000
1.212900000,44.897250000,158.000
1.212920000,44.897230000,158.000
1.212950000,44.897130000,159.000
1.212950000,44.897070000,159.000
1.212950000,44.897000000,159.000
1.212940000,44.896900000,159.000
1.212940000,44.896850000,159.000
1.212900000,44.896570000,159.000
1.212850000,44.896270000,160.000
1.212840000,44.896120000,160.000
1.212850000,44.896050000,160.000
1.212810000,44.895750000,161.000
1.212720000,44.895080000,161.000
1.212670000,44.894690000,161.000
1.212660000,44.894640000,162.000
1.212630000,44.894440000,162.000
1.212600000,44.894240000,162.000
1.212530000,44.893750000,162.000
1.212530000,44.893740000,162.000
1.212530000,44.893740000,162.000
1.212530000,44.893570000,163.000
1.212540000,44.893410000,163.000
1.212560000,44.893290000,163.000
1.212640000,44.893090000,163.000
1.212700000,44.892960000,163.000
1.212910000,44.892550000,164.000
1.213060000,44.892260000,164.000
1.213110000,44.892140000,165.000
1.213130000,44.892100000,165.000
1.213260000,44.891730000,166.000
1.213300000,44.891550000,166.000
1.213360000,44.891350000,165.000
1.213410000,44.891210000,165.000
1.213430000,44.891160000,164.000
1.213460000,44.891090000,164.000
1.213550000,44.890910000,164.000
1.213670000,44.890740000,163.000
1.214010000,44.890370000,162.000
1.214040000,44.890350000,161.000
1.214140000,44.890240000,160.000
1.214170000,44.890210000,160.000
1.214300000,44.890050000,159.000
1.214390000,44.889920000,158.000
1.214420000,44.889880000,158.000
1.214420000,44.889880000,158.000
1.214450000,44.889830000,157.000
1.214480000,44.889790000,157.000
1.214550000,44.889650000,157.000
1.214590000,44.889540000,157.000
1.214600000,44.889480000,157.000
1.214610000,44.889460000,156.000
1.214610000,44.889390000,156.000
1.214620000,44.889340000,156.000
1.214610000,44.889290000,156.000
1.214580000,44.889220000,156.000
1.214550000,44.889150000,156.000
1.214490000,44.889040000,155.000
1.214480000,44.889010000,155.000
1.214450000,44.888960000,155.000
1.214400000,44.888870000,155.000
1.214380000,44.888830000,155.000
1.214340000,44.888730000,155.000
1.214330000,44.888690000,155.000
1.214320000,44.888620000,154.000
1.214340000,44.888520000,154.000
1.214360000,44.888450000,154.000
1.214390000,44.888400000,154.000
1.214440000,44.888350000,154.000
1.214510000,44.888290000,154.000
1.214590000,44.888250000,153.000
1.214700000,44.888190000,153.000
1.214810000,44.888140000,152.000
1.215110000,44.888000000,151.000
1.215210000,44.887940000,151.000
1.215310000,44.887890000,150.000
1.215400000,44.887830000,149.000
1.215460000,44.887790000,149.000
1.215700000,44.887610000,148.000
1.215820000,44.887510000,147.000
1.215890000,44.887460000,146.000
1.215960000,44.887410000,145.000
1.216010000,44.887370000,145.000
1.216020000,44.887360000,144.000
1.216110000,44.887280000,144.000
1.216170000,44.887090000,143.000
1.216260000,44.886790000,142.000
1.216270000,44.886750000,142.000
1.216340000,44.886500000,141.000
1.216420000,44.886180000,141.000
1.216430000,44.886150000,141.000
1.216440000,44.886100000,140.000
1.216450000,44.886050000,140.000
1.216460000,44.886020000,140.000
1.216470000,44.885930000,140.000
1.216480000,44.885800000,140.000
1.216470000,44.885720000,140.000
1.216420000,44.885410000,139.000
1.216400000,44.885290000,139.000
1.216380000,44.885170000,139.000
1.216370000,44.885110000,139.000
1.216280000,44.884670000,139.000
1.216270000,44.884610000,139.000
1.216180000,44.884210000,139.000
1.216180000,44.884190000,139.000
1.216080000,44.883580000,140.000
1.216060000,44.883530000,140.000
1.216040000,44.883480000,140.000
1.216010000,44.883390000,140.000
1.216010000,44.883300000,140.000
1.216010000,44.883280000,140.000
1.215940000,44.882890000,139.000
1.215830000,44.882270000,138.000
1.215800000,44.882060000,136.000
1.215800000,44.882060000,135.000
1.215730000,44.881700000,134.000
1.215730000,44.881670000,133.000
1.215720000,44.881620000,133.000
1.215630000,44.881160000,132.000
1.215570000,44.880960000,132.000
1.215550000,44.880780000,132.000
1.215540000,44.880670000,132.000
1.215540000,44.880630000,132.000
1.215550000,44.880490000,132.000
1.215560000,44.880370000,132.000
1.215610000,44.880220000,132.000
1.215620000,44.880170000,132.000
1.215730000,44.879890000,132.000
1.215920000,44.879600000,132.000
1.216130000,44.879260000,132.000
1.216160000,44.879220000,132.000
1.216170000,44.879150000,132.000
1.216160000,44.879080000,132.000
1.216150000,44.879030000,132.000
1.216140000,44.878970000,132.000
1.216120000,44.878920000,132.000
1.216080000,44.878900000,132.000
1.216070000,44.878890000,132.000
1.216040000,44.878870000,132.000
1.216020000,44.878840000,132.000
1.215880000,44.878720000,132.000
1.215760000,44.878640000,132.000
1.215550000,44.878520000,132.000
1.215460000,44.878460000,132.000
1.215350000,44.878380000,132.000
1.215260000,44.878310000,133.000
1.215150000,44.878260000,133.000
1.214960000,44.878200000,133.000
1.214770000,44.878140000,133.000
1.214600000,44.878070000,133.000
1.214450000,44.877990000,133.000
1.214340000,44.877920000,133.000
1.214270000,44.877860000,133.000
1.214270000,44.877860000,133.000
1.214260000,44.877850000,133.000
1.214180000,44.877780000,133.000
1.214100000,44.877720000,133.000
1.214020000,44.877610000,133.000
1.213930000,44.877500000,133.000
1.213750000,44.877350000,133.000
1.213640000,44.877270000,133.000
1.213570000,44.877210000,133.000
1.213550000,44.877210000,133.000
1.213480000,44.877180000,133.000
1.213430000,44.877130000,134.000
1.213400000,44.877070000,134.000
1.213400000,44.877020000,134.000
1.213440000,44.876960000,134.000
1.213450000,44.876880000,134.000
1.213430000,44.876820000,134.000
1.213390000,44.876730000,134.000
1.213320000,44.876620000,135.000
1.213250000,44.876510000,135.000
1.213200000,44.876440000,135.000
1.213180000,44.876380000,136.000
1.212990000,44.876080000,136.000
1.212970000,44.876040000,136.000
1.212940000,44.876000000,137.000
1.212860000,44.875960000,137.000
1.212780000,44.875930000,137.000
1.212750000,44.875920000,137.000
1.212720000,44.875900000,137.000
1.212700000,44.875880000,138.000
1.212700000,44.875850000,138.000
1.212710000,44.875820000,138.000
1.212730000,44.875760000,138.000
1.212730000,44.875700000,138.000
1.212720000,44.875680000,138.000
1.212730000,44.875640000,138.000
1.212330000,44.875020000,139.000
1.212080000,44.874600000,139.000
1.212050000,44.874560000,139.000
1.211980000,44.874450000,139.000
1.211940000,44.874400000,139.000
1.211690000,44.874000000,138.000
1.211660000,44.873950000,138.000
1.211400000,44.873530000,137.000
1.211360000,44.873470000,136.000
1.211100000,44.873050000,135.000
1.211050000,44.872980000,135.000
1.210970000,44.872870000,134.000
1.210880000,44.872790000,133.000
1.210780000,44.872710000,132.000
1.210660000,44.872640000,131.000
1.210080000,44.872390000,130.000
1.209970000,44.872340000,129.000
1.209870000,44.872260000,128.000
1.209750000,44.872180000,127.000
1.209700000,44.872110000,126.000
1.209630000,44.872030000,125.000
1.209540000,44.871900000,124.000
1.209470000,44.871750000,123.000
1.209360000,44.871640000,122.000
1.209320000,44.871580000,122.000
1.209240000,44.871510000,121.000
1.209170000,44.871490000,121.000
1.209140000,44.871470000,121.000
1.209100000,44.871420000,121.000
1.209080000,44.871370000,121.000
1.209090000,44.871320000,121.000
1.209130000,44.871270000,121.000
1.209190000,44.871230000,121.000
1.209260000,44.871220000,121.000
1.209330000,44.871210000,121.000
1.209370000,44.871220000,121.000
1.209620000,44.871140000,122.000
1.209820000,44.871030000,122.000
1.209950000,44.870900000,122.000
1.210240000,44.870600000,122.000
1.210440000,44.870330000,123.000
1.210530000,44.870070000,123.000
1.210950000,44.868940000,122.000
1.211040000,44.868700000,121.000
1.211070000,44.868520000,121.000
1.211070000,44.868340000,120.000
1.211010000,44.868150000,120.000
1.210880000,44.867990000,120.000
1.210740000,44.867840000,120.000
1.209400000,44.866770000,120.000
1.209180000,44.866560000,120.000
1.209040000,44.866380000,121.000
1.208900000,44.866090000,121.000
1.208840000,44.865850000,121.000
1.208840000,44.865630000,122.000
1.208880000,44.865380000,122.000
1.209000000,44.865060000,123.000
1.209110000,44.864730000,123.000
1.209460000,44.863720000,125.000
1.209630000,44.863400000,126.000
1.209840000,44.863110000,127.000
1.209870000,44.863080000,128.000
1.210020000,44.862960000,128.000
1.210270000,44.862810000,129.000
1.210600000,44.862650000,128.000
1.211110000,44.862410000,128.000
1.211720000,44.862140000,128.000
1.212070000,44.861920000,127.000
1.212250000,44.861750000,127.000
1.212330000,44.861610000,127.000
1.212400000,44.861390000,127.000
1.212440000,44.860900000,128.000
1.212490000,44.860680000,128.000
1.212590000,44.860540000,128.000
1.212790000,44.860350000,129.000
1.212970000,44.860220000,129.000
1.213320000,44.859990000,128.000
1.213510000,44.859830000,127.000
1.213620000,44.859720000,126.000
1.213690000,44.859630000,125.000
1.213760000,44.859490000,124.000
1.213880000,44.858980000,123.000
1.213910000,44.858730000,121.000
1.213900000,44.858560000,119.000
1.213850000,44.858420000,118.000
1.213820000,44.858280000,117.000
1.213750000,44.858080000,117.000
1.213700000,44.857820000,117.000
1.213680000,44.857640000,117.000
1.213740000,44.857360000,117.000
1.213790000,44.857180000,117.000
1.214050000,44.856690000,117.000
1.214230000,44.856310000,117.000
1.214270000,44.856100000,117.000
1.214260000,44.855940000,117.000
1.214170000,44.855670000,117.000
1.214100000,44.855470000,117.000
1.214070000,44.855210000,117.000
1.214130000,44.854930000,117.000
1.214230000,44.854560000,117.000
1.214380000,44.854220000,117.000
1.214570000,44.853830000,118.000
1.214800000,44.853460000,119.000
1.214910000,44.853210000,119.000
1.214980000,44.853030000,119.000
1.214980000,44.852830000,119.000
1.214970000,44.852530000,119.000
1.214930000,44.851830000,118.000
1.214920000,44.851530000,117.000
1.214920000,44.851480000,117.000
1.214930000,44.851180000,116.000
1.215000000,44.850910000,115.000
1.215140000,44.850650000,115.000
1.215490000,44.850200000,114.000
1.215540000,44.850070000,114.000
1.215550000,44.850020000,114.000
1.215580000,44.849890000,114.000
1.215560000,44.849750000,113.000
1.215550000,44.849660000,113.000
1.215550000,44.849610000,113.000
1.215360000,44.849350000,113.000
1.215150000,44.849150000,113.000
1.214730000,44.848760000,113.000
1.214450000,44.848450000,112.000
1.214300000,44.848200000,112.000
1.214270000,44.848040000,112.000
1.214280000,44.847860000,112.000
1.214380000,44.847610000,112.000
1.214580000,44.847280000,111.000
1.215020000,44.846610000,111.000
1.215140000,44.846340000,110.000
1.215150000,44.846190000,110.000
1.215090000,44.845910000,109.000
1.215060000,44.845820000,109.000
1.214950000,44.845460000,110.000
1.214940000,44.845310000,110.000
1.214990000,44.845080000,111.000
1.215090000,44.844900000,111.000
1.215210000,44.844750000,112.000
1.215490000,44.844460000,113.000
1.215650000,44.844300000,113.000
1.215720000,44.844180000,114.000
1.215790000,44.844050000,115.000
1.215820000,44.843850000,115.000
1.215780000,44.843660000,115.000
1.215510000,44.843000000,116.000
1.215450000,44.842690000,116.000
1.215460000,44.842530000,117.000
1.215510000,44.842340000,117.000
1.215740000,44.841570000,115.000
1.215830000,44.841280000,113.000
1.215910000,44.841050000,112.000
1.216110000,44.840420000,109.000
1.216210000,44.840070000,107.000
1.216240000,44.839920000,106.000
1.216230000,44.839700000,106.000
1.216190000,44.839480000,106.000
1.215860000,44.838950000,106.000
1.215790000,44.838770000,106.000
1.215800000,44.838590000,107.000
1.215820000,44.838450000,107.000
1.215910000,44.838280000,107.000
1.216180000,44.837940000,107.000
1.216420000,44.837650000,107.000
1.216500000,44.837480000,107.000
1.216550000,44.837270000,107.000
1.216570000,44.836890000,107.000
1.216580000,44.836460000,107.000
1.216590000,44.836290000,107.000
1.216640000,44.836020000,106.000
1.216720000,44.835750000,106.000
1.216870000,44.835420000,105.000
1.217030000,44.835180000,105.000
1.217250000,44.834910000,104.000
1.217520000,44.834660000,103.000
1.217810000,44.834400000,103.000
1.218260000,44.834100000,103.000
1.218420000,44.833930000,103.000
1.218560000,44.833750000,103.000
1.218670000,44.833560000,103.000
1.218730000,44.833380000,103.000
1.218760000,44.833200000,103.000
1.218830000,44.832710000,103.000
1.218950000,44.831870000,104.000
1.219010000,44.831600000,105.000
1.219110000,44.831370000,105.000
1.219340000,44.831040000,105.000
1.219560000,44.830830000,105.000
1.219950000,44.830530000,104.000
1.220390000,44.830330000,103.000
1.220710000,44.830180000,102.000
1.221150000,44.829990000,101.000
1.221450000,44.829840000,100.000
1.221750000,44.829660000,100.000
1.221840000,44.829600000,99.000
1.222260000,44.829240000,99.000
1.222490000,44.829060000,99.000
1.222780000,44.828740000,99.000
1.222950000,44.828480000,99.000
1.223100000,44.828190000,98.000
1.223160000,44.827950000,97.000
1.223180000,44.827840000,96.000
1.223190000,44.827800000,95.000
1.223140000,44.827620000,94.000
1.223050000,44.827440000,93.000
1.222960000,44.827370000,91.000
1.222860000,44.827290000,90.000
1.222720000,44.827220000,89.000
1.222580000,44.827170000,88.000
1.222450000,44.827110000,87.000
1.222350000,44.827070000,86.000
1.222320000,44.827070000,86.000
1.222290000,44.827070000,85.000
1.222270000,44.827060000,85.000
1.222250000,44.827040000,84.000
1.222240000,44.827030000,84.000
1.222240000,44.827010000,84.000
1.222250000,44.826990000,84.000
1.222260000,44.826980000,84.000
1.222270000,44.826970000,83.000
1.222290000,44.826960000,83.000
1.222310000,44.826960000,83.000
1.222330000,44.826960000,83.000
1.222350000,44.826960000,83.000
1.222410000,44.826860000,83.000
1.222540000,44.826630000,82.000
1.223360000,44.825360000,80.000
1.223450000,44.825240000,78.000
1.223580000,44.825130000,77.000
1.223730000,44.825030000,77.000
1.224530000,44.824630000,77.000
1.225510000,44.824150000,78.000
1.225720000,44.824020000,79.000
1.225880000,44.823880000,79.000
1.225980000,44.823760000,80.000
1.226050000,44.823630000,80.000
1.226230000,44.823220000,80.000
1.226600000,44.822290000,79.000
1.226720000,44.822120000,79.000
1.226900000,44.821970000,79.000
1.228860000,44.820610000,81.000
1.229160000,44.820460000,82.000
1.229590000,44.820900000,83.000
1.229860000,44.820840000,84.000
1.229980000,44.820800000,84.000
1.230060000,44.820770000,85.000
1.230170000,44.820710000,85.000
1.230240000,44.820640000,86.000
1.230440000,44.820450000,86.000
1.230710000,44.820180000,87.000
1.230880000,44.820010000,87.000
1.231000000,44.819880000,87.000
1.231190000,44.819650000,87.000
1.231360000,44.819460000,87.000
1.231730000,44.819180000,86.000
1.232230000,44.818820000,86.000
1.232450000,44.818690000,85.000
1.232600000,44.818610000,85.000
1.232720000,44.818560000,85.000
1.232900000,44.818500000,85.000
1.233230000,44.818380000,86.000
1.233370000,44.818320000,86.000
1.233400000,44.818300000,87.000
1.233810000,44.818090000,88.000
1.233930000,44.818020000,88.000
1.234020000,44.817950000,89.000
1.234100000,44.817870000,89.000
1.234150000,44.817780000,90.000
1.234160000,44.817710000,90.000
1.234170000,44.817650000,90.000
1.234130000,44.817520000,91.000
1.233880000,44.817110000,91.000
1.233410000,44.816380000,91.000
1.233070000,44.815840000,92.000
1.232420000,44.814830000,92.000
1.232010000,44.814180000,93.000
1.231700000,44.813690000,94.000
1.231590000,44.813490000,96.000
1.231520000,44.813270000,97.000
1.231460000,44.813140000,98.000
1.231390000,44.813020000,100.000
1.231290000,44.812910000,101.000
1.231130000,44.812800000,102.000
1.230920000,44.812670000,103.000
1.230770000,44.812550000,104.000
1.230490000,44.812300000,105.000
1.230280000,44.812090000,106.000
1.230120000,44.811930000,107.000
1.230020000,44.811810000,108.000
1.229950000,44.811740000,108.000
1.229890000,44.811640000,109.000
1.229820000,44.811500000,109.000
1.229770000,44.811400000,110.000
1.229730000,44.811280000,110.000
1.229700000,44.811150000,111.000
1.229680000,44.810980000,111.000
1.229670000,44.810500000,112.000
1.229630000,44.810400000,113.000
1.229550000,44.810300000,113.000
1.229350000,44.810140000,114.000
1.228980000,44.809850000,115.000
1.228750000,44.809720000,116.000
1.228560000,44.809590000,117.000
1.228410000,44.809490000,118.000
1.228280000,44.809340000,119.000
1.228120000,44.809180000,120.000
1.227970000,44.808950000,121.000
1.227860000,44.808720000,122.000
1.227740000,44.808300000,124.000
1.227590000,44.807750000,126.000
1.227490000,44.807520000,128.000
1.227300000,44.807320000,130.000
1.227050000,44.807200000,132.000
1.226850000,44.807090000,133.000
1.226630000,44.807000000,134.000
1.226460000,44.806930000,134.000
1.226340000,44.806850000,134.000
1.226260000,44.806770000,135.000
1.226240000,44.806740000,135.000
1.226210000,44.806670000,135.000
1.226170000,44.806580000,135.000
1.226180000,44.806480000,135.000
1.226250000,44.806380000,134.000
1.226340000,44.806300000,134.000
1.226460000,44.806250000,134.000
1.226580000,44.806220000,134.000
1.226790000,44.806240000,134.000
1.227000000,44.806240000,134.000
1.227240000,44.806200000,134.000
1.227410000,44.806140000,134.000
1.227660000,44.806070000,134.000
1.227780000,44.806040000,135.000
1.227970000,44.805990000,135.000
1.228220000,44.805930000,136.000
1.228380000,44.805900000,137.000
1.228600000,44.805900000,137.000
1.228770000,44.805920000,138.000
1.229030000,44.805970000,139.000
1.229210000,44.806020000,140.000
1.229380000,44.806080000,141.000
1.229530000,44.806180000,141.000
1.229980000,44.806570000,143.000
1.230160000,44.806640000,144.000
1.230320000,44.806680000,144.000
1.230490000,44.806680000,145.000
1.230670000,44.806670000,145.000
1.230810000,44.806660000,146.000
1.230910000,44.806610000,146.000
1.230930000,44.806540000,146.000
1.230910000,44.806500000,146.000
1.230890000,44.806460000,147.000
1.230840000,44.806370000,147.000
1.230730000,44.806290000,147.000
1.230630000,44.806210000,147.000
1.230560000,44.806110000,147.000
1.230500000,44.805970000,147.000
1.230390000,44.805730000,148.000
1.230270000,44.805420000,148.000
1.230240000,44.805390000,148.000
1.230140000,44.805270000,148.000
1.229880000,44.805100000,148.000
1.229280000,44.804730000,148.000
1.229170000,44.804630000,148.000
1.229090000,44.804500000,148.000
1.229070000,44.804410000,148.000
1.229080000,44.804340000,148.000
1.229090000,44.804260000,148.000
1.229130000,44.804120000,148.000
1.229140000,44.803960000,148.000
1.229170000,44.803840000,148.000
1.229230000,44.803730000,148.000
1.229320000,44.803600000,149.000
1.229410000,44.803520000,149.000
1.229500000,44.803470000,150.000
1.229610000,44.803420000,150.000
1.229790000,44.803420000,151.000
1.230000000,44.803400000,152.000
1.230150000,44.803340000,152.000
1.230270000,44.803210000,153.000
1.230340000,44.803040000,154.000
1.230340000,44.802820000,155.000
1.230220000,44.802630000,156.000
1.230010000,44.802500000,157.000
1.229760000,44.802430000,158.000
1.229460000,44.802350000,159.000
1.229200000,44.802330000,159.000
1.228860000,44.802380000,160.000
1.228700000,44.802430000,160.000
1.228570000,44.802510000,160.000
1.228510000,44.802610000,161.000
1.228370000,44.802800000,161.000
1.228240000,44.802890000,162.000
1.228050000,44.802930000,162.000
1.227870000,44.802910000,162.000
1.227730000,44.802840000,163.000
1.227630000,44.802730000,164.000
1.227540000,44.802650000,164.000
1.227380000,44.802570000,165.000
1.227240000,44.802550000,166.000
1.227110000,44.802560000,166.000
1.227000000,44.802600000,167.000
1.226920000,44.802690000,167.000
1.226850000,44.802790000,168.000
1.226760000,44.802900000,169.000
1.226580000,44.802990000,169.000
1.226470000,44.803060000,170.000
1.226350000,44.803120000,171.000
1.226240000,44.803180000,172.000
1.226120000,44.803250000,172.000
1.225970000,44.803330000,173.000
1.225820000,44.803400000,173.000
1.225650000,44.803450000,174.000
1.225470000,44.803470000,174.000
1.225320000,44.803480000,175.000
1.225130000,44.803410000,175.000
1.224910000,44.803310000,176.000
1.224630000,44.803240000,176.000
1.224430000,44.803220000,177.000
1.224200000,44.803240000,177.000
1.224050000,44.803280000,178.000
1.223840000,44.803360000,178.000
1.223690000,44.803410000,179.000
1.223450000,44.803450000,179.000
1.223210000,44.803450000,179.000
1.223030000,44.803430000,178.000
1.222930000,44.803400000,178.000
1.222840000,44.803320000,178.000
1.222810000,44.803300000,178.000
1.222730000,44.803220000,177.000
1.222730000,44.803220000,177.000
1.222560000,44.803040000,177.000
1.222380000,44.802860000,176.000
1.222130000,44.802650000,176.000
1.221870000,44.802470000,175.000
1.221670000,44.802330000,174.000
1.221440000,44.802190000,174.000
1.221250000,44.802100000,174.000
1.221080000,44.802060000,174.000
1.220880000,44.802050000,174.000
1.220810000,44.802020000,175.000
1.220760000,44.801980000,175.000
1.220750000,44.801930000,175.000
1.220670000,44.801930000,175.000
1.220470000,44.801910000,176.000
1.220230000,44.801880000,176.000
1.220030000,44.801810000,177.000
1.219960000,44.801780000,177.000
1.219780000,44.801690000,178.000
1.219650000,44.801620000,178.000
1.219490000,44.801540000,179.000
1.219320000,44.801500000,179.000
1.219300000,44.801490000,179.000
1.219210000,44.801460000,180.000
1.219110000,44.801480000,180.000
1.219080000,44.801500000,180.000
1.218880000,44.801570000,181.000
1.218340000,44.801740000,182.000
1.218230000,44.801790000,182.000
1.218150000,44.801840000,183.000
1.218060000,44.801920000,183.000
1.217990000,44.802000000,184.000
1.217890000,44.802130000,185.000
1.217810000,44.802240000,185.000
1.217790000,44.802260000,185.000
1.217720000,44.802290000,186.000
1.217620000,44.802300000,186.000
1.217540000,44.802300000,186.000
1.217080000,44.802240000,187.000
1.216970000,44.802220000,188.000
1.216870000,44.802160000,189.000
1.216800000,44.802080000,189.000
1.216730000,44.801900000,191.000
1.216700000,44.801830000,192.000
1.216630000,44.801770000,193.000
1.216500000,44.801740000,194.000
1.216410000,44.801730000,194.000
1.216260000,44.801700000,195.000
1.216220000,44.801860000,196.000
1.216200000,44.801930000,197.000
1.216190000,44.802330000,199.000
1.215770000,44.802250000,202.000
1.215390000,44.802170000,203.000
1.215290000,44.802150000,203.000
1.214790000,44.802060000,203.000
1.214270000,44.801960000,201.000
1.214230000,44.801960000,200.000
1.213950000,44.801570000,199.000
1.213680000,44.801220000,197.000
1.213610000,44.801100000,195.000
1.213520000,44.801050000,194.000
1.213510000,44.801030000,193.000
1.213460000,44.800960000,192.000
1.213120000,44.801080000,191.000
1.212260000,44.801350000,189.000
1.212090000,44.801420000,188.000
1.211890000,44.801510000,186.000
1.211690000,44.801660000,185.000
1.211470000,44.801750000,184.000
1.211180000,44.801780000,183.000
1.210660000,44.801810000,181.000
1.210360000,44.801830000,180.000
1.210180000,44.801840000,178.000
1.209950000,44.801870000,177.000
1.209750000,44.801920000,176.000
1.209560000,44.801960000,175.000
1.209340000,44.801960000,174.000
1.209130000,44.801930000,173.000
1.208920000,44.801880000,172.000
1.208760000,44.801790000,171.000
1.208710000,44.801750000,171.000
1.208600000,44.801690000,170.000
1.208470000,44.801580000,169.000
1.208380000,44.801500000,168.000
1.208280000,44.801420000,168.000
1.208180000,44.801330000,167.000
1.207990000,44.801200000,166.000
1.207820000,44.801140000,165.000
1.207750000,44.801110000,164.000
1.206780000,44.800800000,162.000
1.206560000,44.800760000,160.000
1.206270000,44.800790000,159.000
1.206060000,44.800870000,159.000
1.205800000,44.801040000,158.000
1.205710000,44.801110000,158.000
1.205640000,44.801210000,158.000
1.205580000,44.801320000,158.000
1.205560000,44.801440000,158.000
1.205610000,44.801570000,158.000
1.205690000,44.801660000,158.000
1.206010000,44.801810000,158.000
1.206160000,44.801910000,158.000
1.206620000,44.802310000,157.000
1.206840000,44.802510000,156.000
1.206980000,44.802590000,156.000
1.207230000,44.802700000,155.000
1.208420000,44.803150000,154.000
1.209180000,44.803540000,151.000
1.209580000,44.803820000,149.000
1.210350000,44.804060000,146.000
1.210960000,44.804270000,143.000
1.211010000,44.804300000,141.000
1.211010000,44.804370000,139.000
1.210950000,44.804410000,138.000
1.210860000,44.804410000,137.000
1.209960000,44.804230000,133.000
1.208260000,44.803850000,124.000
1.207460000,44.803490000,117.000
1.205830000,44.802980000,109.000
1.204350000,44.802380000,101.000
1.203970000,44.802210000,95.000
1.203740000,44.802170000,91.000
1.203630000,44.802150000,87.000
1.203540000,44.802130000,85.000
1.203480000,44.802120000,83.000
1.203440000,44.802100000,82.000
1.203420000,44.802120000,82.000
1.203390000,44.802130000,81.000
1.203380000,44.802130000,81.000
1.203390000,44.802160000,80.000
1.203390000,44.802210000,80.000
1.203400000,44.802240000,80.000
1.203420000,44.802330000,80.000
1.203540000,44.802670000,79.000
1.203580000,44.802780000,78.000
1.203720000,44.803190000,77.000
1.203740000,44.803240000,77.000
1.204090000,44.804240000,75.000
1.204140000,44.804360000,73.000
1.204390000,44.805070000,72.000
1.204540000,44.805480000,72.000
1.204700000,44.805930000,71.000
1.204890000,44.806480000,71.000
1.204940000,44.806620000,71.000
1.204980000,44.806760000,71.000
1.205070000,44.806990000,71.000
1.205140000,44.807210000,72.000
1.205220000,44.807430000,72.000
1.205370000,44.807850000,73.000
1.205590000,44.808460000,74.000
1.205670000,44.808640000,74.000
1.205570000,44.808650000,75.000
1.205370000,44.808650000,75.000
1.205180000,44.808650000,75.000
1.204130000,44.808660000,75.000
1.201130000,44.808660000,74.000
1.200640000,44.808670000,74.000
1.200460000,44.808680000,74.000
1.200260000,44.808680000,75.000
1.199940000,44.808710000,75.000
1.199750000,44.808730000,75.000
1.199550000,44.808770000,75.000
1.199310000,44.808820000,76.000
1.199030000,44.808890000,76.000
1.198780000,44.808970000,76.000
1.198570000,44.809040000,77.000
1.198330000,44.809130000,77.000
1.198110000,44.809220000,77.000
1.197980000,44.809280000,77.000
1.197870000,44.809340000,77.000
1.197690000,44.809450000,77.000
1.197550000,44.809570000,77.000
1.197470000,44.809650000,77.000
1.197410000,44.809730000,77.000
1.197360000,44.809810000,77.000
1.197300000,44.809960000,76.000
1.197270000,44.810070000,76.000
1.197250000,44.810140000,76.000
1.197210000,44.810360000,76.000
1.197180000,44.810630000,76.000
1.197110000,44.810960000,76.000
1.197060000,44.811140000,76.000
1.197010000,44.811280000,76.000
1.196950000,44.811430000,76.000
1.196930000,44.811480000,76.000
1.196900000,44.811540000,76.000
1.196820000,44.811680000,76.000
1.196750000,44.811810000,76.000
1.196590000,44.812050000,76.000
1.196480000,44.812200000,76.000
1.196000000,44.812810000,76.000
1.194500000,44.814720000,76.000
1.194050000,44.815320000,75.000
1.193740000,44.815750000,75.000
1.193520000,44.816050000,75.000
1.193160000,44.816510000,75.000
1.193100000,44.816570000,75.000
1.193100000,44.816570000,75.000
1.192500000,44.817240000,75.000
1.192090000,44.817730000,75.000
1.191650000,44.818200000,75.000
1.191240000,44.818650000,75.000
1.191190000,44.818700000,75.000
1.190550000,44.819410000,74.000
1.189810000,44.820220000,73.000
1.188880000,44.821250000,73.000
1.188450000,44.821730000,72.000
1.188020000,44.822200000,72.000
1.187860000,44.822380000,72.000
1.187850000,44.822390000,72.000
1.187660000,44.822590000,71.000
1.187260000,44.823000000,71.000
1.186940000,44.823320000,71.000
1.186450000,44.823730000,70.000
1.186110000,44.824020000,70.000
1.185930000,44.824150000,70.000
1.185760000,44.824270000,70.000
1.185580000,44.824380000,70.000
1.185460000,44.824460000,70.000
1.185310000,44.824540000,71.000
1.185020000,44.824680000,71.000
1.184720000,44.824820000,71.000
1.184560000,44.824900000,71.000
1.184500000,44.824940000,71.000
1.184470000,44.824950000,71.000
1.184410000,44.824980000,71.000
1.184220000,44.825080000,71.000
1.183940000,44.825200000,71.000
1.183830000,44.825240000,71.000
1.183630000,44.825320000,71.000
1.183600000,44.825330000,71.000
1.183510000,44.825370000,71.000
1.183480000,44.825380000,71.000
1.183460000,44.825390000,71.000
1.183440000,44.825400000,71.000
1.183220000,44.825480000,71.000
1.182760000,44.825660000,71.000
1.182590000,44.825730000,71.000
1.182300000,44.825840000,71.000
1.182060000,44.825930000,71.000
1.181770000,44.826040000,71.000
1.181430000,44.826170000,71.000
1.181010000,44.826320000,71.000
1.180420000,44.826510000,71.000
1.179860000,44.826690000,71.000
1.179760000,44.826730000,71.000
1.179430000,44.826850000,72.000
1.178860000,44.827040000,74.000
1.178680000,44.827090000,75.000
1.178550000,44.827100000,77.000
1.178480000,44.827110000,78.000
1.178330000,44.827110000,79.000
1.178200000,44.827110000,80.000
1.177870000,44.827060000,81.000
1.177710000,44.827040000,82.000
1.177620000,44.827020000,83.000
1.177520000,44.826990000,84.000
1.177170000,44.826880000,86.000
1.176630000,44.826680000,86.000
1.176540000,44.826650000,87.000
1.176380000,44.826580000,87.000
1.176300000,44.826540000,87.000
1.176130000,44.826440000,86.000
1.175930000,44.826290000,86.000
1.175800000,44.826170000,86.000
1.175690000,44.826090000,86.000
1.175550000,44.825990000,85.000
1.175490000,44.825950000,85.000
1.175410000,44.825890000,85.000
1.175370000,44.825860000,85.000
1.175300000,44.825800000,84.000
1.175160000,44.825680000,84.000
1.175050000,44.825570000,84.000
1.174990000,44.825530000,84.000
1.174920000,44.825480000,84.000
1.174800000,44.825420000,84.000
1.174700000,44.825380000,84.000
1.174580000,44.825360000,84.000
1.174410000,44.825330000,84.000
1.174180000,44.825310000,84.000
1.173890000,44.825270000,84.000
1.173290000,44.825200000,84.000
1.172760000,44.825140000,84.000
1.172360000,44.825090000,84.000
1.172210000,44.825070000,84.000
1.172050000,44.825050000,84.000
1.171850000,44.825020000,84.000
1.171700000,44.824990000,84.000
1.171300000,44.824910000,84.000
1.170480000,44.824730000,84.000
1.170230000,44.824670000,84.000
1.170110000,44.824650000,84.000
1.169750000,44.824550000,84.000
1.169480000,44.824460000,84.000
1.169180000,44.824370000,84.000
1.168840000,44.824250000,84.000
1.168500000,44.824140000,84.000
1.168390000,44.824100000,84.000
1.168170000,44.824040000,84.000
1.167990000,44.824000000,84.000
1.167730000,44.823930000,84.000
1.167570000,44.823890000,84.000
1.167110000,44.823710000,83.000
1.165780000,44.823100000,82.000
1.165220000,44.822820000,81.000
1.164880000,44.822650000,81.000
1.164580000,44.822520000,80.000
1.164290000,44.822420000,80.000
1.163860000,44.822290000,80.000
1.163450000,44.822180000,79.000
1.162650000,44.822020000,79.000
1.161950000,44.821870000,78.000
1.161590000,44.821810000,78.000
1.161320000,44.821790000,77.000
1.160860000,44.821760000,77.000
1.160200000,44.821750000,76.000
1.159950000,44.821760000,75.000
1.159710000,44.821800000,75.000
1.159500000,44.821840000,75.000
1.159220000,44.821930000,75.000
1.158930000,44.822050000,75.000
1.158660000,44.822190000,76.000
1.158400000,44.822360000,76.000
1.158180000,44.822510000,77.000
1.158080000,44.822580000,77.000
1.157730000,44.822810000,78.000
1.157490000,44.823010000,78.000
1.157420000,44.823070000,79.000
1.156910000,44.823510000,78.000
1.156800000,44.823590000,78.000
1.155870000,44.824270000,78.000
1.155560000,44.824540000,77.000
1.155200000,44.824930000,77.000
1.154890000,44.825340000,78.000
1.154810000,44.825450000,78.000
1.154750000,44.825540000,78.000
1.154610000,44.825840000,78.000
1.154470000,44.826140000,78.000
1.154200000,44.826780000,78.000
1.153830000,44.827620000,78.000
1.153040000,44.829440000,76.000
1.152950000,44.829660000,75.000
1.152880000,44.829690000,74.000
1.152850000,44.829730000,74.000
1.152810000,44.829870000,73.000
1.152780000,44.829920000,73.000
1.152750000,44.829940000,72.000
1.152710000,44.829950000,72.000
1.152660000,44.829940000,72.000
1.152630000,44.829920000,72.000
1.152630000,44.829920000,72.000
1.152660000,44.829940000,72.000
1.152710000,44.829950000,72.000
1.152750000,44.829940000,71.000
1.152780000,44.829920000,71.000
1.152810000,44.829870000,71.000
1.152850000,44.829730000,71.000
1.152880000,44.829690000,71.000
1.152950000,44.829660000,71.000
1.152940000,44.829750000,70.000
1.152930000,44.829840000,70.000
1.152920000,44.830100000,70.000
1.152920000,44.830550000,69.000
1.152920000,44.830990000,68.000
1.152920000,44.831720000,68.000
1.152910000,44.832000000,68.000
1.152910000,44.832260000,68.000
1.152910000,44.832320000,68.000
1.152910000,44.832360000,68.000
1.152920000,44.832400000,68.000
1.152960000,44.832470000,68.000
1.152970000,44.832490000,68.000
1.153020000,44.832560000,68.000
1.153090000,44.832620000,68.000
1.153250000,44.832750000,68.000
1.153700000,44.833050000,68.000
1.154090000,44.833330000,68.000
1.154130000,44.833370000,68.000
1.154070000,44.833420000,68.000
1.154010000,44.833490000,68.000
1.153970000,44.833560000,68.000
1.153930000,44.833610000,68.000
1.153830000,44.833700000,68.000
1.153770000,44.833740000,68.000
1.153690000,44.833760000,68.000
1.153530000,44.833800000,68.000
1.153280000,44.833840000,68.000
1.153100000,44.833880000,68.000
1.152960000,44.833920000,68.000
1.152740000,44.834010000,68.000
1.152540000,44.834120000,68.000
1.152420000,44.834240000,68.000
1.152330000,44.834400000,68.000
1.152290000,44.834500000,67.000
1.152160000,44.834780000,67.000
1.152060000,44.835070000,67.000
1.151620000,44.836200000,67.000
1.151490000,44.836520000,67.000
1.151320000,44.836810000,67.000
1.151150000,44.837040000,67.000
1.151020000,44.837160000,67.000
1.150870000,44.837290000,67.000
1.150720000,44.837410000,67.000
1.150540000,44.837520000,67.000
1.150360000,44.837610000,66.000
1.150140000,44.837710000,66.000
1.149320000,44.838010000,66.000
1.148780000,44.838210000,66.000
1.148690000,44.838250000,66.000
1.148640000,44.838280000,66.000
1.148580000,44.838300000,66.000
1.148510000,44.838340000,66.000
1.148320000,44.838430000,66.000
1.148080000,44.838550000,67.000
1.147370000,44.838900000,67.000
1.147290000,44.838940000,68.000
1.147270000,44.838950000,68.000
1.147190000,44.838990000,69.000
1.146950000,44.839110000,70.000
1.146850000,44.839150000,71.000
1.146790000,44.839170000,72.000
1.146730000,44.839190000,72.000
1.146670000,44.839190000,73.000
1.146210000,44.839250000,75.000
1.145810000,44.839290000,77.000
1.145710000,44.839310000,79.000
1.145620000,44.839310000,80.000
1.145430000,44.839330000,82.000
1.144490000,44.839360000,85.000
1.143970000,44.839360000,86.000
1.143780000,44.839370000,86.000
1.143560000,44.839400000,86.000
1.143400000,44.839420000,85.000
1.143240000,44.839460000,84.000
1.142650000,44.839670000,82.000
1.142100000,44.839850000,79.000
1.142030000,44.839870000,76.000
1.141990000,44.839880000,75.000
1.141840000,44.839920000,74.000
1.141560000,44.840000000,74.000
1.141300000,44.840060000,75.000
1.141180000,44.840090000,75.000
1.141060000,44.840110000,76.000
1.140270000,44.840250000,78.000
1.140170000,44.840260000,79.000
1.139480000,44.840350000,82.000
1.139060000,44.840410000,83.000
1.138820000,44.840440000,83.000
1.138630000,44.840470000,82.000
1.138470000,44.840510000,82.000
1.138340000,44.840550000,81.000
1.138040000,44.840680000,80.000
1.137830000,44.840750000,79.000
1.137810000,44.840750000,78.000
1.137570000,44.840800000,77.000
1.137500000,44.840800000,76.000
1.137360000,44.840820000,75.000
1.137160000,44.840810000,75.000
1.136950000,44.840780000,74.000
1.136390000,44.840650000,74.000
1.135780000,44.840530000,77.000
1.135160000,44.840360000,80.000
1.134870000,44.840270000,83.000
1.134680000,44.840200000,86.000
1.134420000,44.840110000,88.000
1.133400000,44.839760000,90.000
1.132760000,44.839550000,90.000
1.132530000,44.839460000,91.000
1.132380000,44.839410000,91.000
1.132060000,44.839250000,91.000
1.131700000,44.839040000,90.000
1.130790000,44.838480000,87.000
1.130510000,44.838310000,84.000
1.130250000,44.838180000,81.000
1.129990000,44.838090000,79.000
1.129660000,44.837990000,77.000
1.129380000,44.837930000,76.000
1.129230000,44.837920000,76.000
1.129100000,44.837920000,75.000
1.128980000,44.837920000,75.000
1.128750000,44.837940000,75.000
1.128410000,44.837990000,74.000
1.128230000,44.838030000,74.000
1.128070000,44.838060000,74.000
1.127660000,44.838170000,74.000
1.127520000,44.838200000,74.000
1.127360000,44.838230000,74.000
1.127210000,44.838240000,73.000
1.127070000,44.838240000,73.000
1.126900000,44.838240000,73.000
1.126740000,44.838230000,73.000
1.125810000,44.838100000,72.000
1.125720000,44.838090000,72.000
1.123680000,44.837810000,70.000
1.122680000,44.837660000,69.000
1.120010000,44.837300000,69.000
1.115980000,44.836730000,69.000
1.108380000,44.835670000,68.000
1.106340000,44.835380000,67.000
1.105820000,44.835320000,67.000
1.105470000,44.835310000,66.000
1.105190000,44.835290000,66.000
1.104780000,44.835270000,66.000
1.104230000,44.835270000,65.000
1.103540000,44.835310000,65.000
1.103010000,44.835370000,65.000
1.102360000,44.835480000,65.000
1.101550000,44.835630000,66.000
1.100550000,44.835810000,68.000
1.099730000,44.835980000,69.000
1.099120000,44.836100000,69.000
1.097620000,44.836370000,70.000
1.097100000,44.836440000,70.000
1.096590000,44.836550000,71.000
1.096220000,44.836640000,72.000
1.095890000,44.836730000,73.000
1.095580000,44.836820000,73.000
1.095170000,44.836960000,74.000
1.094590000,44.837200000,74.000
1.094510000,44.837220000,74.000
1.093540000,44.837630000,74.000
1.093480000,44.837650000,74.000
1.093320000,44.837710000,74.000
1.093000000,44.837820000,73.000
1.091740000,44.838170000,73.000
1.090380000,44.838590000,72.000
1.090050000,44.838690000,71.000
1.089770000,44.838790000,70.000
1.089460000,44.838910000,70.000
1.089230000,44.839010000,69.000
1.088990000,44.839130000,69.000
1.088570000,44.839390000,69.000
1.088160000,44.839710000,69.000
1.086940000,44.840840000,70.000
1.084410000,44.843190000,68.000
1.083770000,44.843770000,66.000
1.083430000,44.844120000,65.000
1.083090000,44.844540000,64.000
1.082530000,44.845380000,63.000
1.082430000,44.845530000,63.000
1.082270000,44.845770000,62.000
1.081970000,44.846140000,62.000
1.081580000,44.846530000,62.000
1.081420000,44.846670000,62.000
1.080830000,44.847190000,62.000
1.079190000,44.848620000,63.000
1.079150000,44.848650000,63.000
1.078760000,44.848980000,63.000
1.078260000,44.849340000,63.000
1.077080000,44.850070000,62.000
1.076650000,44.850360000,62.000
1.076430000,44.850550000,62.000
1.076230000,44.850750000,63.000
1.076090000,44.850900000,63.000
1.075960000,44.851070000,63.000
1.075870000,44.851220000,63.000
1.075760000,44.851430000,64.000
1.075440000,44.852350000,64.000
1.075330000,44.852570000,65.000
1.075290000,44.852640000,65.000
1.075150000,44.852860000,66.000
1.074990000,44.853030000,66.000
1.074700000,44.853280000,67.000
1.074010000,44.853760000,68.000
1.072700000,44.854630000,70.000
1.070860000,44.855840000,71.000
1.069310000,44.856870000,71.000
1.068860000,44.857150000,71.000
1.068460000,44.857350000,71.000
1.068000000,44.857540000,72.000
1.066380000,44.858110000,73.000
1.065910000,44.858280000,74.000
1.065840000,44.858310000,74.000
1.065690000,44.858380000,74.000
1.065330000,44.858580000,74.000
1.065000000,44.858820000,74.000
1.064440000,44.859270000,73.000
1.064390000,44.859300000,72.000
1.064150000,44.859470000,72.000
1.063860000,44.859640000,71.000
1.063760000,44.859680000,71.000
1.063480000,44.859790000,71.000
1.063350000,44.859830000,71.000
1.063060000,44.859920000,70.000
1.062510000,44.860020000,70.000
1.062070000,44.860100000,69.000
1.061270000,44.860240000,69.000
1.060920000,44.860300000,69.000
1.060230000,44.860420000,69.000
1.059750000,44.860530000,70.000
1.059310000,44.860700000,70.000
1.056420000,44.862000000,70.000
1.056010000,44.862180000,70.000
1.054840000,44.862710000,70.000
1.054110000,44.863020000,69.000
1.053600000,44.863250000,69.000
1.052890000,44.863600000,68.000
1.052720000,44.863670000,67.000
1.051470000,44.864250000,66.000
1.051140000,44.864380000,65.000
1.050820000,44.864490000,64.000
1.050530000,44.864570000,64.000
1.050160000,44.864650000,64.000
1.049570000,44.864740000,63.000
1.048960000,44.864790000,63.000
1.048280000,44.864770000,63.000
1.047900000,44.864740000,63.000
1.047710000,44.864720000,63.000
1.047540000,44.864690000,63.000
1.047080000,44.864620000,63.000
1.046920000,44.864600000,63.000
1.046690000,44.864550000,63.000
1.045320000,44.864250000,63.000
1.044780000,44.864120000,63.000
1.044260000,44.863940000,63.000
1.043840000,44.863790000,63.000
1.043250000,44.863580000,63.000
1.043130000,44.863530000,63.000
1.041970000,44.863070000,63.000
1.041060000,44.862710000,63.000
1.040920000,44.862650000,63.000
1.040460000,44.862430000,63.000
1.039980000,44.862180000,62.000
1.039650000,44.861970000,62.000
1.039480000,44.861840000,62.000
1.039330000,44.861690000,62.000
1.039290000,44.861640000,61.000
1.039140000,44.861460000,61.000
1.039120000,44.861430000,61.000
1.039000000,44.861240000,61.000
1.038820000,44.860920000,61.000
1.038460000,44.860220000,60.000
1.037860000,44.859130000,60.000
1.037210000,44.857960000,61.000
1.036800000,44.857240000,61.000
1.036170000,44.856050000,61.000
1.035190000,44.854330000,61.000
1.035050000,44.854100000,61.000
1.034870000,44.853790000,61.000
1.034670000,44.853470000,62.000
1.034440000,44.853170000,62.000
1.034160000,44.852850000,62.000
1.034160000,44.852850000,62.000
1.033870000,44.852530000,62.000
1.033610000,44.852260000,62.000
1.032530000,44.851130000,62.000
1.032460000,44.851050000,62.000
1.032290000,44.850870000,62.000
1.032230000,44.850810000,62.000
1.031340000,44.849890000,62.000
1.030980000,44.849520000,62.000
1.030660000,44.849200000,62.000
1.030250000,44.848830000,61.000
1.029880000,44.848540000,61.000
1.029530000,44.848280000,61.000
1.029270000,44.848110000,61.000
1.028880000,44.847900000,61.000
1.028370000,44.847640000,61.000
1.023150000,44.845080000,60.000
1.022860000,44.844920000,60.000
1.022660000,44.844810000,60.000
1.022530000,44.844710000,59.000
1.022360000,44.844580000,59.000
1.022160000,44.844410000,59.000
1.021990000,44.844250000,59.000
1.021790000,44.844030000,58.000
1.021650000,44.843840000,58.000
1.021510000,44.843630000,58.000
1.021390000,44.843430000,58.000
1.021270000,44.843180000,58.000
1.021200000,44.842980000,58.000
1.021130000,44.842770000,58.000
1.021070000,44.842370000,58.000
1.021060000,44.841980000,59.000
1.021130000,44.841570000,59.000
1.021520000,44.840270000,62.000
1.021600000,44.839970000,65.000
1.021650000,44.839750000,67.000
1.021670000,44.839530000,69.000
1.021650000,44.839300000,70.000
1.021600000,44.839070000,71.000
1.021480000,44.838670000,72.000
1.021100000,44.837500000,73.000
1.021000000,44.837180000,74.000
1.020920000,44.836960000,74.000
1.020800000,44.836700000,75.000
1.020690000,44.836450000,75.000
1.020440000,44.835950000,75.000
1.020210000,44.835510000,75.000
1.019900000,44.834950000,74.000
1.019400000,44.834230000,73.000
1.018700000,44.833360000,71.000
1.017810000,44.832310000,71.000
1.017360000,44.831780000,71.000
1.016490000,44.830780000,72.000
1.015940000,44.830220000,74.000
1.015800000,44.830090000,76.000
1.014030000,44.828410000,79.000
1.013400000,44.827800000,81.000
1.013190000,44.827600000,84.000
1.012890000,44.827370000,85.000
1.012720000,44.827250000,87.000
1.012500000,44.827130000,88.000
1.012250000,44.827020000,89.000
1.012010000,44.826920000,89.000
1.011090000,44.826610000,90.000
1.010340000,44.826350000,90.000
1.009720000,44.826120000,90.000
1.009410000,44.826000000,90.000
1.008590000,44.825620000,90.000
1.007700000,44.825170000,89.000
1.007050000,44.824780000,89.000
1.006680000,44.824540000,88.000
1.006410000,44.824350000,88.000
1.004250000,44.822630000,88.000
1.003980000,44.822430000,88.000
1.003690000,44.822240000,88.000
1.003310000,44.822050000,87.000
1.003090000,44.821970000,87.000
1.002880000,44.821910000,87.000
1.002660000,44.821850000,86.000
1.002440000,44.821810000,86.000
1.002230000,44.821780000,86.000
1.001990000,44.821760000,85.000
1.001730000,44.821760000,85.000
1.001440000,44.821760000,84.000
1.001080000,44.821780000,83.000
0.999740000,44.821840000,80.000
0.998340000,44.821880000,76.000
0.997890000,44.821870000,73.000
0.997600000,44.821850000,71.000
0.996320000,44.821720000,68.000
0.995420000,44.821620000,66.000
0.995220000,44.821610000,64.000
0.994880000,44.821590000,63.000
0.994560000,44.821610000,62.000
0.994350000,44.821630000,62.000
0.994150000,44.821670000,61.000
0.993860000,44.821730000,61.000
0.993690000,44.821770000,61.000
0.993480000,44.821840000,61.000
0.993320000,44.821900000,61.000
0.993140000,44.821980000,61.000
0.991920000,44.822700000,61.000
0.991780000,44.822820000,61.000
0.991390000,44.822990000,61.000
0.991020000,44.823070000,61.000
0.990880000,44.823090000,61.000
0.990540000,44.823110000,61.000
0.990200000,44.823090000,61.000
0.989680000,44.822990000,61.000
0.989600000,44.822980000,61.000
0.989510000,44.822990000,61.000
0.989470000,44.823010000,61.000
0.989430000,44.823020000,61.000
0.989360000,44.823020000,61.000
0.989300000,44.823010000,61.000
0.989240000,44.822980000,61.000
0.989200000,44.822950000,61.000
0.989180000,44.822910000,61.000
0.989160000,44.822870000,61.000
0.989170000,44.822830000,61.000
0.989110000,44.822720000,61.000
0.989050000,44.822650000,61.000
0.988960000,44.822550000,61.000
0.988790000,44.822450000,61.000
0.988670000,44.822380000,61.000
0.988540000,44.822340000,61.000
0.988180000,44.822270000,62.000
0.988060000,44.822250000,62.000
0.987830000,44.822210000,62.000
0.987520000,44.822160000,62.000
0.987390000,44.822140000,62.000
0.987170000,44.822110000,62.000
0.986760000,44.822060000,62.000
0.986600000,44.822040000,62.000
0.986490000,44.822020000,62.000
0.985660000,44.821940000,62.000
0.985390000,44.821920000,62.000
0.983980000,44.821780000,61.000
0.983740000,44.821730000,61.000
0.983670000,44.821710000,61.000
0.983570000,44.821670000,61.000
0.983440000,44.821680000,61.000
0.983380000,44.821680000,61.000
0.982940000,44.821670000,61.000
0.982310000,44.821650000,61.000
0.979700000,44.821550000,62.000
0.979480000,44.821550000,62.000
0.979280000,44.821570000,63.000
0.978710000,44.821670000,63.000
0.978310000,44.821730000,63.000
0.978150000,44.821750000,63.000
0.977600000,44.821780000,63.000
0.973890000,44.821810000,62.000
0.973190000,44.821810000,61.000
0.972050000,44.821700000,61.000
0.969010000,44.821370000,60.000
0.968220000,44.821290000,60.000
0.967790000,44.821280000,61.000
0.967450000,44.821270000,61.000
0.967160000,44.821280000,61.000
0.966740000,44.821310000,61.000
0.966160000,44.821360000,62.000
0.965830000,44.821400000,62.000
0.965620000,44.821440000,62.000
0.965140000,44.821550000,61.000
0.964670000,44.821670000,61.000
0.963180000,44.822150000,59.000
0.959000000,44.823530000,58.000
0.954660000,44.824980000,57.000
0.954400000,44.825100000,56.000
0.952780000,44.825660000,56.000
0.951600000,44.826060000,55.000
0.950820000,44.826320000,55.000
0.949000000,44.826940000,56.000
0.947880000,44.827320000,57.000
0.947440000,44.827500000,57.000
0.946770000,44.827810000,57.000
0.946360000,44.828020000,57.000
0.945860000,44.828290000,58.000
0.945490000,44.828500000,58.000
0.945140000,44.828720000,58.000
0.942650000,44.830400000,59.000
0.942220000,44.830700000,60.000
0.942020000,44.830850000,60.000
0.941850000,44.831000000,60.000
0.941700000,44.831150000,60.000
0.941550000,44.831310000,60.000
0.941200000,44.831720000,60.000
0.939690000,44.833550000,59.000
0.939240000,44.834070000,59.000
0.938860000,44.834490000,58.000
0.938570000,44.834790000,58.000
0.938240000,44.835080000,57.000
0.937230000,44.835880000,57.000
0.935360000,44.837320000,58.000
0.935020000,44.837600000,58.000
0.934700000,44.837920000,58.000
0.933230000,44.839550000,59.000
0.932950000,44.839830000,60.000
0.932670000,44.840080000,60.000
0.932320000,44.840350000,61.000
0.930640000,44.841540000,61.000
0.930270000,44.841760000,61.000
0.929880000,44.841940000,61.000
0.929440000,44.842110000,61.000
0.928930000,44.842280000,61.000
0.925270000,44.843330000,61.000
0.924740000,44.843490000,61.000
0.924070000,44.843680000,61.000
0.921540000,44.844410000,61.000
0.918810000,44.845200000,61.000
0.916940000,44.845740000,61.000
0.916800000,44.845780000,61.000
0.915630000,44.846120000,62.000
0.915170000,44.846260000,62.000
0.914200000,44.846540000,62.000
0.914050000,44.846580000,62.000
0.913890000,44.846620000,62.000
0.913770000,44.846640000,62.000
0.913680000,44.846660000,62.000
0.913590000,44.846660000,62.000
0.913490000,44.846660000,62.000
0.913360000,44.846650000,62.000
0.913230000,44.846630000,62.000
0.913120000,44.846610000,62.000
0.913010000,44.846590000,62.000
0.912900000,44.846560000,62.000
0.912690000,44.846490000,62.000
0.912160000,44.846310000,62.000
0.912100000,44.846280000,63.000
0.911990000,44.846240000,63.000
0.911840000,44.846190000,63.000
0.911640000,44.846120000,64.000
0.911590000,44.846100000,64.000
0.911430000,44.846030000,64.000
0.911180000,44.845960000,64.000
0.911110000,44.845950000,65.000
0.911070000,44.845980000,65.000
0.910980000,44.846020000,65.000
0.910900000,44.846020000,65.000
0.910370000,44.846020000,65.000
0.909690000,44.846030000,65.000
0.909530000,44.846030000,65.000
0.909430000,44.846030000,65.000
0.908510000,44.846050000,64.000
0.908290000,44.846070000,64.000
0.908080000,44.846100000,64.000
0.907570000,44.846240000,64.000
0.907490000,44.846260000,63.000
0.907120000,44.846350000,63.000
0.906850000,44.846410000,63.000
0.905890000,44.846530000,63.000
0.905430000,44.846630000,62.000
0.905000000,44.846770000,62.000
0.904630000,44.846910000,62.000
0.903620000,44.847290000,63.000
0.903450000,44.847370000,63.000
0.902720000,44.847720000,64.000
0.902100000,44.847990000,65.000
0.901970000,44.848100000,65.000
0.901890000,44.848170000,66.000
0.901900000,44.848200000,66.000
0.901900000,44.848220000,66.000
0.901880000,44.848250000,66.000
0.901860000,44.848260000,67.000
0.901830000,44.848280000,67.000
0.901800000,44.848280000,67.000
0.901760000,44.848290000,67.000
0.901720000,44.848280000,67.000
0.901680000,44.848260000,67.000
0.901650000,44.848240000,67.000
0.901640000,44.848220000,67.000
0.901650000,44.848170000,67.000
0.901550000,44.848060000,67.000
0.901390000,44.847920000,67.000
0.901070000,44.847750000,67.000
0.899760000,44.847160000,68.000
0.897240000,44.846040000,71.000
0.896850000,44.845860000,73.000
0.896720000,44.845800000,75.000
0.896440000,44.845640000,77.000
0.895960000,44.845320000,79.000
0.895760000,44.845180000,82.000
0.895500000,44.845050000,84.000
0.894130000,44.844490000,88.000
0.893470000,44.844210000,91.000
0.893200000,44.844080000,94.000
0.892940000,44.843930000,96.000
0.892140000,44.843380000,98.000
0.891860000,44.843210000,99.000
0.891600000,44.843100000,101.000
0.891340000,44.843030000,103.000
0.891060000,44.842990000,104.000
0.890660000,44.842980000,106.000
0.890440000,44.842980000,107.000
0.888690000,44.842990000,111.000
0.888140000,44.842960000,113.000
0.887670000,44.842910000,116.000
0.887270000,44.842820000,117.000
0.886890000,44.842710000,119.000
0.886720000,44.842640000,120.000
0.886380000,44.842520000,121.000
0.886020000,44.842380000,122.000
0.885810000,44.842330000,124.000
0.885610000,44.842280000,125.000
0.885400000,44.842250000,126.000
0.885160000,44.842230000,128.000
0.884960000,44.842230000,129.000
0.884720000,44.842240000,130.000
0.884500000,44.842260000,132.000
0.884280000,44.842290000,133.000
0.883880000,44.842400000,135.000
0.883300000,44.842590000,138.000
0.882240000,44.842950000,142.000
0.881960000,44.843010000,145.000
0.881650000,44.843030000,148.000
0.881310000,44.843010000,151.000
0.880990000,44.842940000,153.000
0.880650000,44.842800000,155.000
0.880290000,44.842600000,157.000
0.879480000,44.842070000,161.000
0.878990000,44.841770000,164.000
0.878720000,44.841610000,167.000
0.878580000,44.841530000,169.000
0.878430000,44.841460000,171.000
0.878280000,44.841420000,172.000
0.878200000,44.841400000,173.000
0.878130000,44.841380000,174.000
0.877970000,44.841350000,175.000
0.877790000,44.841340000,175.000
0.877630000,44.841330000,176.000
0.877460000,44.841340000,177.000
0.877160000,44.841390000,178.000
0.877030000,44.841430000,179.000
0.876870000,44.841480000,180.000
0.876580000,44.841640000,181.000
0.876360000,44.841830000,182.000
0.876050000,44.842220000,183.000
0.875900000,44.842390000,184.000
0.875670000,44.842550000,185.000
0.875520000,44.842640000,186.000
0.875360000,44.842700000,186.000
0.875230000,44.842750000,187.000
0.875050000,44.842790000,187.000
0.874860000,44.842800000,188.000
0.874690000,44.842810000,188.000
0.874310000,44.842800000,189.000
0.871430000,44.842270000,189.000
0.871230000,44.842240000,189.000
0.870820000,44.842150000,189.000
0.870480000,44.842050000,189.000
0.870260000,44.841930000,190.000
0.870080000,44.841790000,190.000
0.869930000,44.841620000,190.000
0.869820000,44.841430000,190.000
0.869760000,44.841220000,190.000
0.869750000,44.841000000,190.000
0.869790000,44.840780000,190.000
0.869920000,44.840410000,188.000
0.869970000,44.840180000,187.000
0.869940000,44.839930000,185.000
0.869870000,44.839720000,183.000
0.869740000,44.839530000,181.000
0.869570000,44.839370000,179.000
0.869320000,44.839210000,177.000
0.869020000,44.839100000,176.000
0.868670000,44.839030000,174.000
0.868500000,44.839020000,173.000
0.868330000,44.839020000,172.000
0.867970000,44.839050000,171.000
0.867240000,44.839200000,169.000
0.866690000,44.839310000,168.000
0.865400000,44.839560000,164.000
0.864570000,44.839720000,160.000
0.863860000,44.839860000,156.000
0.863470000,44.839900000,153.000
0.863110000,44.839890000,151.000
0.862620000,44.839840000,149.000
0.861960000,44.839750000,148.000
0.861210000,44.839640000,147.000
0.860770000,44.839580000,145.000
0.860540000,44.839560000,144.000
0.860340000,44.839550000,143.000
0.860140000,44.839560000,142.000
0.859910000,44.839590000,140.000
0.859520000,44.839660000,139.000
0.859170000,44.839760000,137.000
0.858910000,44.839870000,136.000
0.858840000,44.839910000,135.000
0.858720000,44.839970000,134.000
0.857700000,44.840630000,132.000
0.857520000,44.840730000,131.000
0.857280000,44.840830000,130.000
0.857010000,44.840910000,129.000
0.856680000,44.840960000,129.000
0.856300000,44.840980000,128.000
0.855050000,44.840940000,127.000
0.854710000,44.840950000,126.000
0.854570000,44.840970000,125.000
0.854360000,44.841000000,124.000
0.854100000,44.841060000,124.000
0.854000000,44.841090000,123.000
0.852860000,44.841470000,122.000
0.852450000,44.841640000,122.000
0.852060000,44.841830000,121.000
0.851440000,44.842140000,120.000
0.851150000,44.842300000,120.000
0.850880000,44.842500000,119.000
0.850630000,44.842750000,119.000
0.850320000,44.843130000,118.000
0.849890000,44.843900000,117.000
0.849730000,44.844100000,117.000
0.849560000,44.844290000,116.000
0.849250000,44.844540000,116.000
0.849040000,44.844690000,115.000
0.848740000,44.844860000,115.000
0.847770000,44.845290000,115.000
0.847240000,44.845500000,114.000
0.847000000,44.845570000,114.000
0.846690000,44.845660000,114.000
0.845460000,44.845860000,113.000
0.845040000,44.845950000,111.000
0.844710000,44.846030000,111.000
0.843660000,44.846350000,109.000
0.842630000,44.846660000,109.000
0.842340000,44.846720000,108.000
0.842060000,44.846730000,108.000
0.841740000,44.846710000,108.000
0.841460000,44.846640000,108.000
0.841220000,44.846550000,108.000
0.840990000,44.846420000,108.000
0.840790000,44.846270000,108.000
0.840470000,44.845970000,107.000
0.840250000,44.845800000,107.000
0.840000000,44.845680000,106.000
0.839720000,44.845580000,105.000
0.837320000,44.844930000,103.000
0.835380000,44.844400000,105.000
0.834410000,44.844130000,107.000
0.834080000,44.844060000,110.000
0.833720000,44.844030000,112.000
0.833520000,44.844040000,114.000
0.833520000,44.844040000,115.000
0.833370000,44.844050000,116.000
0.833030000,44.844130000,117.000
0.832470000,44.844310000,119.000
0.832120000,44.844410000,121.000
0.831770000,44.844480000,123.000
0.831430000,44.844510000,123.000
0.831100000,44.844490000,123.000
0.830950000,44.844470000,122.000
0.830740000,44.844420000,122.000
0.830410000,44.844320000,120.000
0.830120000,44.844160000,119.000
0.829910000,44.844000000,117.000
0.829520000,44.843640000,114.000
0.829290000,44.843460000,112.000
0.829000000,44.843310000,110.000
0.828690000,44.843220000,107.000
0.828350000,44.843190000,105.000
0.827990000,44.843200000,102.000
0.827620000,44.843270000,100.000
0.827260000,44.843420000,97.000
0.826790000,44.843660000,95.000
0.825590000,44.844260000,93.000
0.825180000,44.844460000,92.000
0.825090000,44.844500000,91.000
0.824880000,44.844630000,90.000
0.824600000,44.844810000,90.000
0.824340000,44.845040000,89.000
0.824040000,44.845350000,88.000
0.823840000,44.845550000,88.000
0.823610000,44.845730000,87.000
0.823290000,44.845940000,87.000
0.822960000,44.846110000,86.000
0.822590000,44.846250000,85.000
0.822070000,44.846380000,83.000
0.820340000,44.846740000,79.000
0.819870000,44.846840000,77.000
0.819480000,44.846950000,74.000
0.819120000,44.847090000,72.000
0.818950000,44.847170000,70.000
0.818510000,44.847410000,69.000
0.818120000,44.847610000,67.000
0.817690000,44.847800000,66.000
0.815240000,44.848660000,66.000
0.814820000,44.848810000,65.000
0.814400000,44.848930000,65.000
0.813530000,44.849130000,63.000
0.813090000,44.849260000,62.000
0.812750000,44.849420000,61.000
0.812400000,44.849630000,60.000
0.811880000,44.850000000,59.000
0.811510000,44.850280000,59.000
0.811240000,44.850500000,58.000
0.811140000,44.850600000,58.000
0.811080000,44.850670000,58.000
0.811010000,44.850780000,58.000
0.810930000,44.850970000,58.000
0.810900000,44.851090000,58.000
0.810890000,44.851220000,59.000
0.810890000,44.851370000,59.000
0.810960000,44.851810000,60.000
0.811010000,44.852200000,61.000
0.811010000,44.852450000,62.000
0.810990000,44.852710000,63.000
0.810900000,44.853110000,63.000
0.810830000,44.853470000,63.000
0.810790000,44.853580000,62.000
0.810730000,44.853690000,61.000
0.810640000,44.853810000,61.000
0.810470000,44.853960000,60.000
0.810290000,44.854060000,59.000
0.810030000,44.854150000,58.000
0.809730000,44.854210000,57.000
0.809520000,44.854210000,57.000
0.809310000,44.854200000,56.000
0.809040000,44.854150000,55.000
0.808450000,44.854040000,55.000
0.808360000,44.854020000,54.000
0.808280000,44.854000000,54.000
0.807520000,44.853830000,53.000
0.807260000,44.853760000,52.000
0.807050000,44.853680000,52.000
0.806900000,44.853590000,51.000
0.806740000,44.853480000,51.000
0.806390000,44.853130000,52.000
0.806210000,44.852970000,52.000
0.805590000,44.852600000,52.000
0.805370000,44.852440000,53.000
0.805200000,44.852280000,53.000
0.804950000,44.851980000,55.000
0.804700000,44.851710000,57.000
0.804220000,44.851300000,59.000
0.804010000,44.851120000,61.000
0.803810000,44.850970000,63.000
0.803490000,44.850780000,64.000
0.802420000,44.850210000,63.000
0.801960000,44.849950000,62.000
0.801510000,44.849690000,61.000
0.800990000,44.849350000,59.000
0.800210000,44.848910000,57.000
0.799450000,44.848500000,56.000
0.797740000,44.847610000,55.000
0.795630000,44.846480000,54.000
0.793160000,44.845070000,52.000
0.792360000,44.844540000,51.000
0.792130000,44.844380000,51.000
0.791860000,44.844140000,51.000
0.791500000,44.843690000,51.000
0.791460000,44.843640000,52.000
0.791430000,44.843590000,52.000
0.791360000,44.843570000,52.000
0.791100000,44.843380000,52.000
0.790650000,44.843130000,52.000
0.790340000,44.842940000,52.000
0.789910000,44.842690000,52.000
0.789690000,44.842600000,52.000
0.789590000,44.842570000,52.000
0.788810000,44.842320000,52.000
0.786180000,44.841490000,52.000
0.785710000,44.841300000,52.000
0.784540000,44.840810000,53.000
0.784110000,44.840680000,54.000
0.783730000,44.840620000,54.000
0.783350000,44.840590000,54.000
0.782860000,44.840530000,54.000
0.782590000,44.840480000,54.000
0.782160000,44.840370000,54.000
0.781530000,44.840200000,53.000
0.781230000,44.840150000,53.000
0.780960000,44.840160000,52.000
0.780680000,44.840190000,51.000
0.780190000,44.840270000,50.000
0.779890000,44.840310000,50.000
0.779560000,44.840300000,49.000
0.779220000,44.840250000,48.000
0.778290000,44.840030000,46.000
0.777840000,44.839910000,45.000
0.777320000,44.839760000,45.000
0.776900000,44.839620000,44.000
0.774770000,44.838910000,44.000
0.773080000,44.838350000,43.000
0.772570000,44.838190000,43.000
0.772070000,44.838050000,43.000
0.769490000,44.837420000,43.000
0.768480000,44.837200000,42.000
0.766200000,44.836930000,41.000
0.765890000,44.836900000,41.000
0.765610000,44.836880000,41.000
0.764610000,44.836870000,41.000
0.764300000,44.836860000,41.000
0.763460000,44.836840000,42.000
0.763320000,44.836840000,43.000
0.762940000,44.836820000,43.000
0.762820000,44.836820000,43.000
0.762310000,44.836800000,43.000
0.761930000,44.836800000,44.000
0.761860000,44.836800000,44.000
0.761150000,44.836870000,44.000
0.760750000,44.836890000,44.000
0.760260000,44.836880000,44.000
0.759850000,44.836830000,44.000
0.758370000,44.836560000,43.000
0.757780000,44.836470000,42.000
0.757130000,44.836420000,42.000
0.756550000,44.836410000,42.000
0.755550000,44.836460000,42.000
0.755380000,44.836460000,43.000
0.755230000,44.836460000,43.000
0.755050000,44.836440000,43.000
0.754870000,44.836410000,43.000
0.754580000,44.836340000,43.000
0.752190000,44.835640000,42.000
0.751800000,44.835490000,42.000
0.751610000,44.835390000,41.000
0.751420000,44.835290000,41.000
0.749460000,44.834170000,41.000
0.749190000,44.834020000,42.000
0.748940000,44.833930000,42.000
0.748820000,44.833890000,43.000
0.748520000,44.833840000,43.000
0.748150000,44.833810000,44.000
0.747400000,44.833850000,45.000
0.745570000,44.833930000,48.000
0.743410000,44.833820000,49.000
0.743060000,44.833800000,49.000
0.741930000,44.833730000,48.000
0.741500000,44.833680000,47.000
0.741070000,44.833600000,46.000
0.740830000,44.833560000,45.000
0.740730000,44.833560000,45.000
0.740620000,44.833580000,44.000
0.740500000,44.833630000,44.000
0.740460000,44.833660000,43.000
0.740440000,44.833710000,43.000
0.740430000,44.833780000,43.000
0.740220000,44.834730000,41.000
0.740010000,44.835680000,41.000
0.739980000,44.835830000,41.000
0.739990000,44.835970000,42.000
0.739980000,44.836010000,42.000
0.740180000,44.836050000,42.000
0.740260000,44.836100000,43.000
0.740330000,44.836150000,43.000
0.740350000,44.836220000,43.000
0.740390000,44.836540000,44.000
0.740390000,44.836560000,44.000
0.740390000,44.836600000,44.000
0.740420000,44.836920000,44.000
0.740440000,44.837090000,44.000
0.740450000,44.837160000,44.000
0.740450000,44.837220000,44.000
0.740450000,44.837350000,43.000
0.740430000,44.837420000,43.000
0.740350000,44.837460000,43.000
0.740270000,44.837490000,43.000
0.740160000,44.837500000,43.000
0.739120000,44.837610000,42.000
0.739080000,44.837610000,42.000
0.739040000,44.837620000,42.000
0.738530000,44.837670000,42.000
0.738470000,44.837670000,42.000
0.738320000,44.837670000,42.000
0.737910000,44.837650000,42.000
0.737670000,44.837630000,43.000
0.737590000,44.837620000,43.000
0.737590000,44.837620000,43.000
0.737170000,44.837600000,43.000
0.737120000,44.837600000,43.000
0.736790000,44.837570000,44.000
0.736570000,44.837510000,44.000
0.736490000,44.837470000,44.000
0.736430000,44.837420000,44.000
0.736390000,44.837370000,44.000
0.736360000,44.837300000,44.000
0.736220000,44.836710000,44.000
0.736150000,44.836370000,44.000
0.736140000,44.836290000,44.000
0.736130000,44.836220000,44.000
0.736060000,44.835870000,44.000
0.736050000,44.835810000,44.000
0.735940000,44.835790000,44.000
0.735660000,44.835770000,44.000
0.734160000,44.835690000,44.000
0.734020000,44.835680000,44.000
0.732140000,44.835570000,44.000
0.731990000,44.835560000,44.000
0.728060000,44.835340000,43.000
0.727270000,44.835300000,43.000
0.725960000,44.835230000,43.000
0.725740000,44.835210000,42.000
0.725100000,44.835180000,42.000
0.724490000,44.835200000,42.000
0.724150000,44.835150000,42.000
0.723960000,44.835130000,42.000
0.723770000,44.835110000,42.000
0.723330000,44.835090000,42.000
0.722860000,44.835060000,42.000
0.720460000,44.834940000,42.000
0.718890000,44.834840000,42.000
0.718720000,44.834830000,42.000
0.718630000,44.834820000,42.000
0.718320000,44.834800000,42.000
0.717180000,44.834740000,42.000
0.715210000,44.834630000,42.000
0.713160000,44.834520000,41.000
0.711780000,44.834430000,42.000
0.710570000,44.834360000,42.000
0.710380000,44.834330000,43.000
0.710210000,44.834300000,43.000
0.710160000,44.834280000,43.000
0.709870000,44.834170000,44.000
0.709730000,44.834110000,44.000
0.709250000,44.833890000,44.000
0.708690000,44.833680000,45.000
0.708140000,44.833530000,45.000
0.707550000,44.833420000,46.000
0.707200000,44.833390000,46.000
0.706860000,44.833370000,46.000
0.706610000,44.833360000,46.000
0.706400000,44.833360000,46.000
0.706200000,44.833370000,46.000
0.705960000,44.833380000,46.000
0.705810000,44.833390000,46.000
0.705680000,44.833410000,46.000
0.705550000,44.833430000,46.000
0.705470000,44.833440000,46.000
0.705350000,44.833480000,45.000
0.705250000,44.833520000,45.000
0.705160000,44.833570000,45.000
0.705070000,44.833620000,45.000
0.705030000,44.833640000,45.000
0.704780000,44.833790000,45.000
0.704610000,44.833880000,45.000
0.704560000,44.833900000,45.000
0.704500000,44.833920000,44.000
0.704400000,44.833940000,44.000
0.704220000,44.833970000,44.000
0.702870000,44.834200000,44.000
0.701950000,44.834340000,43.000
0.698530000,44.834850000,43.000
0.698070000,44.834920000,42.000
0.697720000,44.834980000,42.000
0.693990000,44.835560000,42.000
0.690830000,44.836040000,43.000
0.690460000,44.836100000,44.000
0.682430000,44.837320000,43.000
0.681580000,44.837450000,43.000
0.680750000,44.837600000,42.000
0.679970000,44.837760000,42.000
0.679140000,44.837930000,42.000
0.677320000,44.838410000,42.000
0.675220000,44.839040000,41.000
0.673480000,44.839570000,41.000
0.668850000,44.840970000,42.000
0.668360000,44.841100000,44.000
0.668140000,44.841140000,45.000
0.667890000,44.841180000,45.000
0.667140000,44.841270000,46.000
0.666680000,44.841320000,47.000
0.664960000,44.841470000,49.000
0.664730000,44.841480000,49.000
0.663170000,44.841600000,49.000
0.662620000,44.841630000,49.000
0.662070000,44.841630000,48.000
0.660730000,44.841650000,48.000
0.657650000,44.841680000,47.000
0.657230000,44.841710000,47.000
0.656790000,44.841750000,46.000
0.655970000,44.841850000,46.000
0.655560000,44.841880000,46.000
0.655210000,44.841870000,46.000
0.654810000,44.841850000,46.000
0.654460000,44.841810000,45.000
0.654160000,44.841780000,45.000
0.653910000,44.841790000,45.000
0.653680000,44.841820000,44.000
0.653620000,44.841820000,44.000
0.653450000,44.841840000,44.000
0.653230000,44.841870000,43.000
0.652980000,44.841910000,43.000
0.652830000,44.841920000,43.000
0.652730000,44.841930000,42.000
0.651980000,44.842100000,42.000
0.651600000,44.842180000,41.000
0.651440000,44.842220000,41.000
0.651230000,44.842280000,41.000
0.651060000,44.842320000,41.000
0.650670000,44.842440000,41.000
0.649870000,44.842770000,41.000
0.648870000,44.843130000,41.000
0.648310000,44.843310000,41.000
0.647750000,44.843490000,41.000
0.646680000,44.843770000,41.000
0.642700000,44.844790000,41.000
0.640410000,44.845390000,41.000
0.637000000,44.846260000,41.000
0.635750000,44.846580000,40.000
0.635750000,44.846580000,40.000
0.635410000,44.846670000,40.000
0.635000000,44.846780000,40.000
0.634320000,44.846950000,39.000
0.633850000,44.847070000,39.000
0.633610000,44.847130000,39.000
0.633530000,44.847150000,39.000
0.632140000,44.847510000,39.000
0.631950000,44.847560000,39.000
0.630310000,44.847980000,39.000
0.630230000,44.848000000,39.000
0.629770000,44.848120000,39.000
0.629130000,44.848280000,39.000
0.626730000,44.848900000,39.000
0.626620000,44.848930000,39.000
0.626540000,44.848950000,39.000
0.626460000,44.848970000,39.000
0.625230000,44.849290000,40.000
0.624840000,44.849380000,40.000
0.624750000,44.849410000,40.000
0.621880000,44.850140000,40.000
0.620960000,44.850380000,40.000
0.620510000,44.850490000,40.000
0.618790000,44.850930000,39.000
0.618120000,44.851100000,39.000
0.617240000,44.851330000,39.000
0.615700000,44.851740000,38.000
0.615580000,44.851760000,38.000
0.615380000,44.851790000,38.000
0.614980000,44.851860000,38.000
0.614930000,44.851870000,38.000
0.614870000,44.851890000,39.000
0.614850000,44.851920000,39.000
0.614810000,44.851950000,39.000
0.614720000,44.851980000,39.000
0.614640000,44.851990000,39.000
0.614550000,44.851980000,39.000
0.614500000,44.851960000,39.000
0.614350000,44.851980000,40.000
0.614210000,44.852030000,40.000
0.614000000,44.852090000,40.000
0.613720000,44.852150000,40.000
0.612790000,44.852290000,41.000
0.612390000,44.852360000,41.000
0.609110000,44.852880000,40.000
0.608540000,44.852970000,39.000
0.607880000,44.853070000,39.000
0.606920000,44.853220000,39.000
0.605950000,44.853380000,39.000
0.604810000,44.853560000,38.000
0.603960000,44.853690000,37.000
0.603410000,44.853780000,36.000
0.602680000,44.853920000,35.000
0.601800000,44.854120000,35.000
0.601250000,44.854210000,35.000
0.600620000,44.854290000,35.000
0.600490000,44.854310000,35.000
0.599630000,44.854390000,34.000
0.598780000,44.854450000,34.000
0.597050000,44.854470000,34.000
0.596970000,44.854470000,34.000
0.596490000,44.854490000,34.000
0.596050000,44.854530000,35.000
0.595760000,44.854600000,36.000
0.595300000,44.854770000,37.000
0.595050000,44.854830000,37.000
0.594640000,44.854890000,38.000
0.594510000,44.854910000,39.000
0.594360000,44.854930000,40.000
0.594200000,44.854950000,40.000
0.594040000,44.854970000,40.000
0.593730000,44.855020000,41.000
0.593670000,44.855020000,41.000
0.593090000,44.855080000,41.000
0.592090000,44.855150000,42.000
0.591860000,44.855160000,42.000
0.591660000,44.855160000,43.000
0.590270000,44.855270000,43.000
0.589540000,44.855290000,43.000
0.585920000,44.855300000,43.000
0.584790000,44.855300000,43.000
0.584340000,44.855270000,42.000
0.584020000,44.855230000,42.000
0.583490000,44.855170000,42.000
0.583140000,44.855150000,42.000
0.579140000,44.855160000,42.000
0.578540000,44.855180000,42.000
0.578030000,44.855210000,42.000
0.577730000,44.855260000,43.000
0.576880000,44.855370000,43.000
0.576430000,44.855410000,43.000
0.575590000,44.855450000,43.000
0.574270000,44.855530000,42.000
0.573440000,44.855570000,42.000
0.573180000,44.855580000,41.000
0.572740000,44.855570000,41.000
0.572090000,44.855610000,41.000
0.571660000,44.855670000,41.000
0.570430000,44.855740000,41.000
0.569870000,44.855760000,41.000
0.569640000,44.855760000,41.000
0.569310000,44.855750000,41.000
0.569180000,44.855730000,41.000
0.568910000,44.855700000,41.000
0.568670000,44.855660000,41.000
0.568390000,44.855630000,41.000
0.568200000,44.855590000,41.000
0.568060000,44.855580000,41.000
0.567350000,44.855490000,41.000
0.567070000,44.855450000,41.000
0.566890000,44.855430000,41.000
0.566440000,44.855370000,41.000
0.565900000,44.855280000,41.000
0.565780000,44.855260000,41.000
0.564740000,44.855070000,41.000
0.564460000,44.855020000,40.000
0.562620000,44.854680000,40.000
0.562460000,44.854660000,39.000
0.562400000,44.854640000,39.000
0.561380000,44.854460000,38.000
0.561300000,44.854450000,37.000
0.555970000,44.853490000,37.000
0.554410000,44.853210000,37.000
0.552150000,44.852810000,37.000
0.551880000,44.852760000,37.000
0.550350000,44.852480000,36.000
0.550190000,44.852450000,36.000
0.549970000,44.852460000,35.000
0.549810000,44.852480000,35.000
0.549770000,44.852510000,35.000
0.549710000,44.852540000,35.000
0.549650000,44.852550000,35.000
0.549590000,44.852540000,35.000
0.549530000,44.852520000,35.000
0.549480000,44.852490000,35.000
0.549450000,44.852460000,35.000
0.549430000,44.852410000,35.000
0.549270000,44.852320000,35.000
0.549100000,44.852250000,35.000
0.548890000,44.852220000,35.000
0.548550000,44.852160000,35.000
0.548170000,44.852100000,35.000
0.546920000,44.851880000,35.000
0.546870000,44.851870000,35.000
0.544770000,44.851480000,35.000
0.543750000,44.851300000,35.000
0.541460000,44.850880000,35.000
0.541020000,44.850860000,34.000
0.540840000,44.850880000,34.000
0.540770000,44.850910000,34.000
0.540690000,44.850910000,34.000
0.540620000,44.850900000,34.000
0.540550000,44.850870000,34.000
0.540510000,44.850820000,34.000
0.540350000,44.850730000,34.000
0.539900000,44.850610000,34.000
0.539860000,44.850600000,34.000
0.538280000,44.850320000,34.000
0.537390000,44.850200000,34.000
0.537170000,44.850170000,35.000
0.537110000,44.850170000,35.000
0.537000000,44.850200000,35.000
0.536950000,44.850220000,35.000
0.536880000,44.850240000,35.000
0.536810000,44.850240000,35.000
0.536740000,44.850220000,35.000
0.536680000,44.850190000,35.000
0.536640000,44.850160000,35.000
0.536620000,44.850120000,35.000
0.536570000,44.850090000,35.000
0.536430000,44.850030000,35.000
0.536390000,44.850020000,35.000
0.535970000,44.849910000,35.000
0.535620000,44.849850000,35.000
0.535210000,44.849780000,35.000
0.535170000,44.849770000,35.000
0.534990000,44.849770000,35.000
0.534890000,44.849770000,35.000
0.534820000,44.849770000,35.000
0.534770000,44.849780000,35.000
0.534670000,44.849810000,35.000
0.534600000,44.849860000,34.000
0.534520000,44.849890000,34.000
0.534410000,44.849920000,34.000
0.534290000,44.849920000,34.000
0.534180000,44.849900000,34.000
0.534080000,44.849850000,34.000
0.534000000,44.849790000,34.000
0.533940000,44.849710000,34.000
0.533920000,44.849610000,33.000
0.533950000,44.849510000,33.000
0.534020000,44.849430000,33.000
0.534090000,44.849380000,33.000
0.534170000,44.849350000,33.000
0.534280000,44.849290000,33.000
0.534390000,44.849200000,33.000
0.534430000,44.849120000,33.000
0.534470000,44.849020000,33.000
0.534570000,44.848830000,33.000
0.534650000,44.848560000,33.000
0.534720000,44.848300000,33.000
0.534890000,44.847680000,33.000
0.534970000,44.847330000,33.000
0.535010000,44.846900000,33.000
0.535030000,44.846690000,33.000
0.535060000,44.846280000,33.000
0.535060000,44.846280000,33.000
0.535190000,44.844700000,32.000
0.535230000,44.844260000,32.000
0.535240000,44.843830000,32.000
0.535200000,44.843470000,32.000
0.535140000,44.843230000,32.000
0.535020000,44.842830000,33.000
0.534860000,44.842460000,33.000
0.534650000,44.842100000,33.000
0.534410000,44.841770000,33.000
0.533940000,44.841190000,33.000
0.533670000,44.840860000,33.000
0.533480000,44.840630000,33.000
0.532550000,44.839480000,33.000
0.532320000,44.839220000,34.000
0.530980000,44.837570000,37.000
0.530820000,44.837400000,39.000
0.530360000,44.836930000,41.000
0.529410000,44.836010000,43.000
0.526550000,44.833240000,44.000
0.525860000,44.832560000,45.000
0.525660000,44.832380000,45.000
0.525380000,44.832160000,46.000
0.524990000,44.831890000,46.000
0.524640000,44.831680000,46.000
0.524210000,44.831480000,46.000
0.523730000,44.831280000,46.000
0.521720000,44.830600000,46.000
0.517080000,44.829060000,47.000
0.512440000,44.827510000,48.000
0.511820000,44.827350000,49.000
0.511290000,44.827240000,49.000
0.510890000,44.827190000,49.000
0.510520000,44.827150000,49.000
0.510000000,44.827130000,49.000
0.509620000,44.827140000,49.000
0.509190000,44.827160000,49.000
0.508710000,44.827210000,49.000
0.508230000,44.827290000,49.000
0.507720000,44.827410000,49.000
0.507180000,44.827570000,49.000
0.506180000,44.827930000,48.000
0.505700000,44.828080000,48.000
0.505300000,44.828160000,48.000
0.504960000,44.828200000,48.000
0.504590000,44.828210000,48.000
0.504190000,44.828190000,48.000
0.503800000,44.828130000,48.000
0.503560000,44.828070000,48.000
0.503300000,44.828000000,48.000
0.503020000,44.827920000,48.000
0.502840000,44.827850000,49.000
0.502510000,44.827700000,49.000
0.502420000,44.827660000,49.000
0.502310000,44.827620000,49.000
0.502190000,44.827600000,49.000
0.502090000,44.827600000,49.000
0.502010000,44.827620000,49.000
0.501910000,44.827620000,49.000
0.501810000,44.827600000,49.000
0.501720000,44.827570000,49.000
0.501650000,44.827520000,49.000
0.501610000,44.827480000,49.000
0.501580000,44.827430000,49.000
0.501510000,44.827370000,49.000
0.501440000,44.827330000,49.000
0.501350000,44.827290000,49.000
0.501150000,44.827230000,49.000
0.501060000,44.827210000,49.000
0.500910000,44.827180000,49.000
0.500690000,44.827150000,49.000
0.500240000,44.827140000,49.000
0.499540000,44.827100000,49.000
0.493560000,44.826510000,46.000
0.491380000,44.826300000,44.000
0.490490000,44.826220000,43.000
0.489440000,44.826140000,43.000
0.488930000,44.826140000,44.000
0.488540000,44.826170000,44.000
0.488170000,44.826210000,45.000
0.488000000,44.826250000,45.000
0.487930000,44.826280000,46.000
0.487840000,44.826330000,46.000
0.487790000,44.826380000,46.000
0.487720000,44.826410000,46.000
0.487650000,44.826440000,46.000
0.487560000,44.826440000,46.000
0.487480000,44.826430000,46.000
0.487410000,44.826410000,46.000
0.487390000,44.826400000,46.000
0.487290000,44.826390000,46.000
0.487160000,44.826400000,46.000
0.487050000,44.826420000,46.000
0.486870000,44.826470000,46.000
0.486680000,44.826530000,46.000
0.486110000,44.826650000,46.000
0.485310000,44.826840000,45.000
0.484260000,44.827100000,45.000
0.482270000,44.827580000,44.000
0.480030000,44.828130000,43.000
0.479660000,44.828220000,43.000
0.479300000,44.828310000,42.000
0.479120000,44.828360000,42.000
0.478990000,44.828400000,42.000
0.478540000,44.828570000,41.000
0.478390000,44.828680000,41.000
0.478340000,44.828730000,41.000
0.478310000,44.828810000,41.000
0.478250000,44.828890000,40.000
0.478160000,44.828940000,40.000
0.478110000,44.829000000,40.000
0.478070000,44.829080000,40.000
0.478040000,44.829160000,40.000
0.478010000,44.829380000,40.000
0.478020000,44.829410000,40.000
0.478020000,44.829440000,40.000
0.478070000,44.829770000,39.000
0.478080000,44.829830000,39.000
0.478220000,44.830520000,38.000
0.478350000,44.831200000,37.000
0.478380000,44.831360000,36.000
0.478400000,44.831490000,35.000
0.478460000,44.831810000,35.000
0.478460000,44.831810000,35.000
0.478490000,44.831980000,34.000
0.478590000,44.832520000,34.000
0.478640000,44.832770000,34.000
0.478750000,44.833310000,33.000
0.478780000,44.833460000,33.000
0.478810000,44.833630000,33.000
0.478890000,44.834060000,33.000
0.479120000,44.835370000,33.000
0.479140000,44.835490000,33.000
0.479160000,44.835600000,33.000
0.479380000,44.836670000,33.000
0.479400000,44.836750000,33.000
0.479480000,44.837180000,33.000
0.479520000,44.837400000,32.000
0.479580000,44.837700000,32.000
0.479600000,44.837810000,32.000
0.479640000,44.838010000,32.000
0.479700000,44.838310000,32.000
0.479740000,44.838490000,32.000
0.479770000,44.838610000,32.000
0.479770000,44.838650000,32.000
0.479860000,44.839160000,32.000
0.479920000,44.839480000,32.000
0.479970000,44.839720000,31.000
0.479970000,44.839750000,31.000
0.479980000,44.839830000,31.000
0.480010000,44.839930000,31.000
0.480430000,44.842100000,31.000
0.480450000,44.842190000,30.000
0.480560000,44.842840000,30.000
0.480570000,44.842870000,30.000
0.480580000,44.842970000,30.000
0.480830000,44.842950000,30.000
0.481190000,44.842920000,31.000
0.481470000,44.842930000,31.000
0.481670000,44.842960000,31.000
0.481710000,44.842970000,31.000
0.481970000,44.842990000,31.000
0.482220000,44.843030000,31.000
0.482700000,44.843090000,32.000
0.482920000,44.843120000,32.000
0.482960000,44.843130000,33.000
0.483190000,44.843160000,33.000
0.483440000,44.843190000,34.000
0.483510000,44.843200000,34.000
0.483960000,44.843290000,34.000
0.484200000,44.843330000,35.000
0.484360000,44.843360000,35.000
0.484410000,44.843340000,36.000
0.484470000,44.843340000,36.000
0.484520000,44.843350000,36.000
0.484570000,44.843370000,36.000
0.484600000,44.843400000,36.000
0.484610000,44.843430000,36.000
0.484620000,44.843450000,36.000
0.484770000,44.843530000,36.000
0.485010000,44.843660000,36.000
0.485570000,44.843910000,36.000
0.485980000,44.844070000,35.000
0.486020000,44.844090000,35.000
0.486020000,44.844090000,34.000
0.488940000,44.845360000,33.000
0.489010000,44.845390000,32.000
0.489170000,44.845450000,31.000
0.489250000,44.845480000,31.000
0.489380000,44.845450000,30.000
0.489490000,44.845440000,30.000
0.489590000,44.845480000,30.000
0.489790000,44.845470000,30.000
0.489870000,44.845440000,30.000
0.489980000,44.845390000,30.000
0.490720000,44.845010000,30.000
0.491330000,44.844700000,30.000
0.491870000,44.844430000,30.000
0.491950000,44.844390000,31.000
0.492280000,44.844230000,31.000
0.492460000,44.844140000,31.000
0.492640000,44.844050000,31.000
0.492850000,44.843940000,31.000
0.492900000,44.843920000,32.000
0.492980000,44.843880000,32.000
0.493690000,44.843520000,32.000
0.493850000,44.843460000,32.000
0.493870000,44.843450000,32.000
0.493960000,44.843440000,32.000
0.494190000,44.843400000,32.000
0.494190000,44.843400000,33.000
0.494330000,44.843390000,33.000
0.495250000,44.843340000,33.000
0.495320000,44.843340000,33.000
0.496960000,44.843250000,33.000
0.497200000,44.843230000,33.000
0.498140000,44.843180000,33.000
0.498210000,44.843180000,33.000
0.498340000,44.843180000,33.000
0.498480000,44.843180000,33.000
0.498780000,44.843220000,33.000
0.498910000,44.843250000,33.000
0.499570000,44.843370000,33.000
0.499900000,44.843440000,33.000
0.501180000,44.843670000,33.000
0.504770000,44.844320000,33.000
0.506290000,44.844600000,33.000
0.507470000,44.844810000,33.000
0.507470000,44.844810000,33.000
0.508810000,44.845060000,33.000
0.510680000,44.845400000,33.000
0.510760000,44.845410000,33.000
0.510890000,44.845440000,33.000
0.510850000,44.845530000,33.000
0.510740000,44.845810000,33.000
0.510440000,44.846550000,33.000
0.510330000,44.846890000,33.000
0.510310000,44.846960000,33.000
0.510280000,44.847050000,33.000
0.510180000,44.847290000,33.000
0.510130000,44.847450000,33.000
0.510100000,44.847540000,33.000
0.510040000,44.847770000,33.000
0.509990000,44.847980000,33.000
0.509970000,44.848260000,33.000
0.508300000,44.847930000,32.000
0.508140000,44.847890000,32.000
0.506910000,44.847630000,32.000
0.506270000,44.847490000,32.000
0.506110000,44.847460000,32.000
0.506110000,44.847460000,32.000
0.504800000,44.847160000,32.000
0.503640000,44.846910000,32.000
0.502490000,44.846650000,32.000
0.502360000,44.846640000,32.000
0.502280000,44.846630000,32.000
0.501810000,44.846560000,32.000
0.501810000,44.846560000,32.000
0.501040000,44.846440000,31.000
        </coordinates>
      </LineString>
    </Placemark>
  </Document>
</kml>
