<?xml version="1.0" encoding="UTF-8"?>
<kml xmlns="http://www.opengis.net/kml/2.2">
  <Document>
    <name>Tour de France 2026 - Stage 07</name>
    <Style id="routeStyle">
      <LineStyle>
        <color>ff111111</color>
        <width>4</width>
      </LineStyle>
    </Style>
    <Placemark>
      <name>Tour de France 2026 - Stage 07</name>
      <styleUrl>#routeStyle</styleUrl>
      <LineString>
        <tessellate>1</tessellate>
        <coordinates>
-0.583890000,43.680390000,116.100
-0.583890000,43.680390000,116.100
-0.583890000,43.680410000,116.000
-0.583840000,43.680600000,114.700
-0.583790000,43.680720000,113.600
-0.583790000,43.680740000,113.500
-0.583680000,43.680930000,111.500
-0.583620000,43.681050000,110.800
-0.583540000,43.681180000,110.000
-0.583360000,43.681420000,108.400
-0.583120000,43.681730000,106.200
-0.582970000,43.681930000,103.600
-0.582830000,43.682120000,101.000
-0.582760000,43.682230000,99.600
-0.582700000,43.682320000,98.400
-0.582640000,43.682460000,97.000
-0.582610000,43.682550000,96.100
-0.582550000,43.682820000,93.600
-0.582530000,43.682890000,93.000
-0.582450000,43.683280000,90.200
-0.582400000,43.683650000,89.100
-0.582390000,43.683750000,88.900
-0.582240000,43.684820000,84.300
-0.582220000,43.685000000,83.300
-0.582150000,43.685530000,81.200
-0.582100000,43.685890000,79.900
-0.582080000,43.686010000,79.700
-0.582020000,43.686430000,78.800
-0.581960000,43.686880000,77.800
-0.581920000,43.687140000,77.300
-0.581910000,43.687230000,77.200
-0.581900000,43.687290000,77.100
-0.581870000,43.687370000,76.900
-0.581800000,43.687820000,76.000
-0.581750000,43.688180000,75.400
-0.581670000,43.688730000,75.000
-0.581600000,43.689180000,74.600
-0.581550000,43.689610000,72.500
-0.581520000,43.689960000,71.000
-0.581520000,43.689990000,70.900
-0.581520000,43.690050000,70.900
-0.581440000,43.690690000,71.600
-0.581420000,43.690870000,71.700
-0.581360000,43.691330000,71.700
-0.581270000,43.691950000,71.300
-0.581260000,43.692060000,71.300
-0.581250000,43.692130000,71.300
-0.581160000,43.692660000,70.200
-0.581060000,43.693380000,66.700
-0.581040000,43.693560000,66.300
-0.580900000,43.694530000,63.800
-0.580850000,43.694890000,63.200
-0.580760000,43.695580000,63.000
-0.580640000,43.696480000,63.000
-0.580550000,43.697120000,63.700
-0.580540000,43.697220000,63.900
-0.580530000,43.697290000,64.000
-0.580470000,43.697700000,65.900
-0.580410000,43.698170000,69.800
-0.580400000,43.698230000,70.300
-0.580380000,43.698410000,71.100
-0.580290000,43.698980000,70.400
-0.580220000,43.699450000,69.600
-0.580180000,43.699800000,68.900
-0.580170000,43.699840000,68.800
-0.580080000,43.700510000,71.100
-0.580070000,43.700560000,71.400
-0.580030000,43.700850000,73.100
-0.579990000,43.701180000,74.600
-0.579940000,43.701640000,76.900
-0.579920000,43.701820000,78.300
-0.579890000,43.702000000,79.700
-0.579840000,43.702360000,82.700
-0.579810000,43.702530000,83.900
-0.579660000,43.703610000,91.100
-0.579640000,43.703790000,92.800
-0.579480000,43.704860000,100.300
-0.579430000,43.705220000,102.000
-0.579410000,43.705400000,102.700
-0.579360000,43.705690000,103.900
-0.579290000,43.706150000,102.800
-0.579250000,43.706540000,100.900
-0.579210000,43.706630000,100.300
-0.579200000,43.706680000,100.000
-0.579160000,43.706850000,98.000
-0.579160000,43.706870000,97.800
-0.579130000,43.707080000,95.400
-0.579100000,43.707270000,93.400
-0.579090000,43.707300000,93.000
-0.579070000,43.707510000,90.800
-0.579040000,43.707740000,89.700
-0.579010000,43.707870000,89.100
-0.578920000,43.708730000,85.100
-0.578890000,43.708980000,83.900
-0.578870000,43.709140000,83.100
-0.578890000,43.709190000,82.900
-0.578840000,43.709510000,81.700
-0.578800000,43.709810000,80.600
-0.578780000,43.709990000,80.000
-0.578760000,43.710170000,80.200
-0.578730000,43.710350000,80.400
-0.578710000,43.710530000,80.700
-0.578690000,43.710710000,81.000
-0.578670000,43.710890000,81.400
-0.578640000,43.711070000,82.300
-0.578630000,43.711190000,82.800
-0.578570000,43.711610000,84.400
-0.578510000,43.712030000,86.400
-0.578470000,43.712390000,88.100
-0.578460000,43.712480000,88.500
-0.578450000,43.712570000,89.100
-0.578390000,43.712960000,92.000
-0.578340000,43.713430000,95.900
-0.578280000,43.713910000,100.700
-0.578250000,43.714180000,103.300
-0.578230000,43.714320000,104.700
-0.578220000,43.714360000,105.100
-0.578200000,43.714540000,106.800
-0.578150000,43.714630000,107.800
-0.578150000,43.714650000,108.000
-0.578140000,43.714690000,108.300
-0.578110000,43.714830000,109.700
-0.578100000,43.714900000,110.400
-0.578080000,43.715010000,111.300
-0.578050000,43.715190000,110.700
-0.578040000,43.715230000,110.600
-0.577980000,43.715540000,109.400
-0.577980000,43.715550000,109.400
-0.577960000,43.715660000,108.900
-0.577960000,43.715690000,108.800
-0.577930000,43.715850000,108.000
-0.577920000,43.715990000,107.700
-0.577910000,43.716060000,107.600
-0.577900000,43.716110000,107.400
-0.577890000,43.716170000,107.300
-0.577870000,43.716250000,107.000
-0.577840000,43.716340000,106.700
-0.577740000,43.716830000,105.000
-0.577670000,43.717190000,103.600
-0.577630000,43.717350000,103.000
-0.577620000,43.717440000,102.700
-0.577610000,43.717480000,102.600
-0.577620000,43.717540000,102.300
-0.577460000,43.718120000,97.500
-0.577000000,43.719880000,90.400
-0.576940000,43.720130000,89.500
-0.576810000,43.720660000,87.300
-0.576720000,43.721010000,84.300
-0.576660000,43.721240000,82.100
-0.576610000,43.721410000,81.200
-0.576520000,43.721770000,80.900
-0.576000000,43.723710000,93.600
-0.575860000,43.724260000,96.200
-0.575720000,43.724800000,98.100
-0.575590000,43.725330000,97.800
-0.575450000,43.725860000,96.000
-0.575410000,43.726020000,95.300
-0.575330000,43.726270000,94.300
-0.575290000,43.726410000,93.800
-0.575230000,43.726620000,93.100
-0.575140000,43.726940000,93.000
-0.575090000,43.727170000,92.800
-0.575050000,43.727300000,92.500
-0.575010000,43.727380000,92.200
-0.574990000,43.727410000,92.100
-0.574950000,43.727480000,91.800
-0.574810000,43.727670000,90.200
-0.573800000,43.728940000,77.800
-0.573720000,43.729040000,76.800
-0.573590000,43.729200000,75.600
-0.573220000,43.729660000,74.000
-0.573040000,43.729880000,72.900
-0.572890000,43.730070000,72.400
-0.572740000,43.730250000,72.600
-0.572560000,43.730450000,72.100
-0.572380000,43.730630000,71.300
-0.572330000,43.730670000,71.000
-0.572160000,43.730810000,69.700
-0.571930000,43.730980000,67.700
-0.571790000,43.731110000,66.100
-0.571710000,43.731200000,65.100
-0.571690000,43.731220000,64.800
-0.571640000,43.731290000,64.200
-0.571570000,43.731380000,63.300
-0.571530000,43.731480000,62.700
-0.571480000,43.731600000,61.900
-0.571470000,43.731630000,61.700
-0.571450000,43.731710000,61.300
-0.571380000,43.731960000,60.000
-0.571370000,43.732000000,59.800
-0.571240000,43.732670000,56.900
-0.571210000,43.732780000,55.900
-0.571190000,43.732890000,54.800
-0.571100000,43.733350000,50.600
-0.571010000,43.733700000,49.900
-0.570920000,43.734030000,48.900
-0.570920000,43.734050000,48.800
-0.570910000,43.734060000,48.800
-0.570880000,43.734200000,48.400
-0.570830000,43.734390000,48.300
-0.570830000,43.734400000,48.300
-0.570780000,43.734580000,48.300
-0.570600000,43.735380000,49.600
-0.570450000,43.736090000,52.500
-0.570180000,43.737360000,54.600
-0.570180000,43.737400000,54.600
-0.570160000,43.737470000,54.400
-0.570140000,43.737550000,54.100
-0.569970000,43.738170000,50.700
-0.569920000,43.738250000,50.000
-0.569880000,43.738320000,49.500
-0.569830000,43.738430000,49.100
-0.569780000,43.738550000,48.800
-0.569720000,43.738670000,48.500
-0.569710000,43.738690000,48.500
-0.569650000,43.738800000,48.200
-0.569580000,43.738930000,48.000
-0.569500000,43.739060000,47.800
-0.569330000,43.739320000,47.500
-0.569240000,43.739450000,47.500
-0.569110000,43.739630000,47.700
-0.569080000,43.739670000,47.800
-0.569040000,43.739740000,47.900
-0.568930000,43.739900000,48.000
-0.568840000,43.740030000,48.100
-0.568770000,43.740140000,48.700
-0.568760000,43.740150000,48.700
-0.568730000,43.740190000,48.900
-0.568670000,43.740270000,49.400
-0.568320000,43.740750000,52.500
-0.568320000,43.740760000,52.600
-0.568290000,43.740790000,52.700
-0.568210000,43.740910000,53.300
-0.568200000,43.740910000,53.300
-0.568170000,43.740960000,53.500
-0.568090000,43.741060000,54.000
-0.568090000,43.741070000,54.000
-0.567980000,43.741220000,54.800
-0.567910000,43.741310000,55.300
-0.567860000,43.741380000,55.700
-0.567850000,43.741390000,55.800
-0.567740000,43.741540000,56.800
-0.567740000,43.741550000,56.800
-0.567630000,43.741700000,57.800
-0.567540000,43.741830000,58.500
-0.567410000,43.742000000,59.500
-0.567280000,43.742180000,60.600
-0.566920000,43.742670000,64.200
-0.566900000,43.742690000,64.400
-0.566810000,43.742810000,65.600
-0.566800000,43.742820000,65.700
-0.566660000,43.743010000,67.700
-0.566490000,43.743200000,70.600
-0.566350000,43.743370000,73.400
-0.566200000,43.743530000,76.600
-0.566110000,43.743640000,78.800
-0.565950000,43.743790000,82.200
-0.565890000,43.743850000,83.600
-0.565730000,43.744010000,86.700
-0.565690000,43.744040000,87.300
-0.565570000,43.744160000,89.500
-0.565410000,43.744300000,90.900
-0.565360000,43.744340000,91.300
-0.565210000,43.744470000,92.200
-0.565040000,43.744610000,92.900
-0.564990000,43.744650000,93.100
-0.564780000,43.744820000,95.000
-0.564750000,43.744840000,95.300
-0.564740000,43.744840000,95.400
-0.564580000,43.744970000,97.000
-0.564570000,43.744970000,97.100
-0.564370000,43.745120000,99.200
-0.564300000,43.745170000,99.900
-0.564200000,43.745240000,100.700
-0.564130000,43.745290000,101.200
-0.563970000,43.745410000,102.300
-0.563960000,43.745420000,102.400
-0.563780000,43.745540000,103.600
-0.563640000,43.745640000,104.600
-0.563600000,43.745670000,104.900
-0.563440000,43.745790000,106.200
-0.563430000,43.745800000,106.300
-0.563300000,43.745900000,106.600
-0.563260000,43.745930000,106.500
-0.563150000,43.746000000,106.000
-0.562860000,43.746220000,104.800
-0.562550000,43.746440000,103.800
-0.562150000,43.746740000,101.500
-0.562070000,43.746790000,101.100
-0.561960000,43.746830000,100.600
-0.561960000,43.746830000,100.600
-0.561890000,43.746800000,100.400
-0.561830000,43.746790000,100.300
-0.561760000,43.746790000,100.000
-0.561700000,43.746790000,99.800
-0.561630000,43.746810000,99.700
-0.561560000,43.746820000,99.700
-0.561520000,43.746850000,99.700
-0.561470000,43.746890000,99.600
-0.561430000,43.746920000,99.600
-0.561390000,43.746960000,99.500
-0.561370000,43.746990000,99.400
-0.561360000,43.747010000,99.400
-0.561350000,43.747050000,99.300
-0.561350000,43.747080000,99.200
-0.561350000,43.747130000,99.100
-0.561360000,43.747170000,98.900
-0.561370000,43.747210000,98.800
-0.561350000,43.747280000,98.600
-0.561330000,43.747320000,98.500
-0.561290000,43.747370000,98.400
-0.561230000,43.747420000,98.200
-0.561110000,43.747520000,98.000
-0.560990000,43.747610000,97.700
-0.560850000,43.747710000,97.500
-0.560760000,43.747760000,97.200
-0.560750000,43.747780000,97.200
-0.560690000,43.747810000,97.000
-0.560580000,43.747890000,96.600
-0.560520000,43.747930000,96.400
-0.560410000,43.748020000,96.100
-0.560350000,43.748060000,95.900
-0.560230000,43.748150000,95.600
-0.560220000,43.748160000,95.500
-0.560170000,43.748190000,95.400
-0.560170000,43.748200000,95.400
-0.560060000,43.748270000,95.200
-0.559980000,43.748330000,95.000
-0.559880000,43.748400000,95.100
-0.559790000,43.748460000,95.200
-0.559700000,43.748520000,95.200
-0.559590000,43.748590000,95.300
-0.559510000,43.748640000,95.400
-0.559450000,43.748680000,95.400
-0.559390000,43.748720000,95.500
-0.559310000,43.748760000,95.500
-0.559260000,43.748800000,95.600
-0.559180000,43.748840000,95.600
-0.559130000,43.748870000,95.800
-0.558970000,43.748950000,96.400
-0.558760000,43.749070000,97.300
-0.558550000,43.749190000,98.100
-0.558530000,43.749190000,98.200
-0.558330000,43.749300000,98.400
-0.558320000,43.749310000,98.300
-0.558130000,43.749410000,97.900
-0.558110000,43.749420000,97.900
-0.557880000,43.749540000,97.300
-0.557740000,43.749630000,96.700
-0.557670000,43.749670000,96.400
-0.557460000,43.749800000,95.500
-0.557250000,43.749930000,95.000
-0.557170000,43.749990000,94.800
-0.557060000,43.750070000,95.000
-0.556860000,43.750220000,95.000
-0.556830000,43.750240000,95.000
-0.556670000,43.750360000,94.700
-0.556600000,43.750420000,94.300
-0.556510000,43.750500000,93.600
-0.556480000,43.750520000,93.400
-0.556440000,43.750550000,93.100
-0.556330000,43.750640000,92.100
-0.556320000,43.750650000,92.000
-0.556270000,43.750690000,91.500
-0.556170000,43.750780000,90.400
-0.556160000,43.750790000,90.300
-0.556130000,43.750810000,90.000
-0.556010000,43.750920000,89.200
-0.555960000,43.750970000,88.900
-0.555870000,43.751070000,88.500
-0.555790000,43.751140000,88.200
-0.555720000,43.751210000,87.900
-0.555630000,43.751310000,87.500
-0.555450000,43.751490000,86.200
-0.555320000,43.751640000,84.800
-0.555310000,43.751660000,84.600
-0.555180000,43.751820000,83.400
-0.555060000,43.751980000,82.200
-0.555040000,43.752010000,81.900
-0.554900000,43.752190000,81.400
-0.554830000,43.752290000,81.200
-0.554820000,43.752300000,81.100
-0.554790000,43.752350000,80.900
-0.554770000,43.752370000,80.900
-0.554710000,43.752450000,80.500
-0.554710000,43.752460000,80.500
-0.554670000,43.752510000,80.300
-0.554600000,43.752610000,80.600
-0.554590000,43.752620000,80.600
-0.554500000,43.752750000,80.800
-0.554480000,43.752770000,80.800
-0.554470000,43.752780000,80.800
-0.554440000,43.752820000,80.800
-0.554370000,43.752920000,80.700
-0.554360000,43.752930000,80.700
-0.554360000,43.752940000,80.700
-0.554320000,43.752980000,80.600
-0.554240000,43.753090000,80.300
-0.554240000,43.753100000,80.300
-0.554230000,43.753100000,80.200
-0.554130000,43.753250000,80.000
-0.554100000,43.753280000,80.100
-0.554010000,43.753410000,80.300
-0.553890000,43.753560000,80.300
-0.553890000,43.753570000,80.300
-0.553850000,43.753620000,80.200
-0.553840000,43.753630000,80.200
-0.553770000,43.753720000,79.900
-0.553730000,43.753770000,79.600
-0.553700000,43.753800000,79.400
-0.553550000,43.753970000,77.900
-0.553500000,43.754020000,77.300
-0.553400000,43.754130000,75.900
-0.553360000,43.754180000,75.400
-0.553250000,43.754290000,76.500
-0.553090000,43.754450000,77.900
-0.553020000,43.754510000,78.100
-0.552920000,43.754600000,78.000
-0.552920000,43.754610000,78.000
-0.552860000,43.754650000,77.800
-0.552760000,43.754740000,77.100
-0.552750000,43.754750000,77.000
-0.552710000,43.754790000,76.500
-0.552600000,43.754880000,75.100
-0.552590000,43.754890000,74.900
-0.552580000,43.754900000,74.700
-0.552540000,43.754930000,74.100
-0.552440000,43.755020000,73.400
-0.552400000,43.755050000,73.800
-0.552380000,43.755060000,74.000
-0.552270000,43.755150000,75.100
-0.552220000,43.755190000,75.500
-0.552210000,43.755200000,75.600
-0.552100000,43.755290000,76.300
-0.552050000,43.755330000,76.500
-0.552040000,43.755340000,76.600
-0.551940000,43.755420000,76.800
-0.551930000,43.755430000,76.900
-0.551880000,43.755470000,76.900
-0.551860000,43.755480000,76.900
-0.551710000,43.755600000,76.700
-0.551680000,43.755630000,76.600
-0.551610000,43.755690000,76.600
-0.551550000,43.755740000,76.500
-0.551500000,43.755780000,76.400
-0.551450000,43.755830000,76.200
-0.551440000,43.755840000,76.200
-0.551330000,43.755940000,76.700
-0.551150000,43.756110000,76.800
-0.551000000,43.756270000,76.500
-0.550930000,43.756360000,76.200
-0.550890000,43.756420000,76.000
-0.550870000,43.756440000,75.800
-0.550770000,43.756580000,75.600
-0.550770000,43.756590000,75.600
-0.550740000,43.756620000,75.600
-0.550730000,43.756630000,75.600
-0.550620000,43.756830000,76.100
-0.550550000,43.756970000,76.400
-0.550500000,43.757080000,76.600
-0.550470000,43.757140000,76.600
-0.550460000,43.757160000,76.600
-0.550430000,43.757250000,76.700
-0.550430000,43.757260000,76.800
-0.550410000,43.757310000,76.800
-0.550400000,43.757350000,76.800
-0.550350000,43.757540000,76.800
-0.550320000,43.757720000,76.400
-0.550310000,43.757790000,76.300
-0.550310000,43.757800000,76.300
-0.550300000,43.757850000,76.100
-0.550290000,43.757920000,76.000
-0.550290000,43.758030000,75.900
-0.550290000,43.758120000,75.900
-0.550300000,43.758320000,76.000
-0.550330000,43.758520000,73.800
-0.550370000,43.758720000,71.400
-0.550430000,43.758910000,69.300
-0.550480000,43.759040000,67.900
-0.550530000,43.759160000,66.500
-0.550530000,43.759170000,66.400
-0.550580000,43.759280000,66.600
-0.550790000,43.759640000,68.500
-0.550920000,43.759820000,70.400
-0.551070000,43.759990000,73.200
-0.551150000,43.760080000,73.200
-0.551220000,43.760150000,73.100
-0.551300000,43.760220000,73.100
-0.551390000,43.760320000,72.700
-0.551570000,43.760460000,73.000
-0.551620000,43.760500000,73.000
-0.551760000,43.760600000,72.400
-0.551800000,43.760620000,72.300
-0.551960000,43.760730000,71.200
-0.551980000,43.760740000,71.200
-0.552170000,43.760850000,70.200
-0.552180000,43.760860000,70.000
-0.552370000,43.760960000,68.900
-0.552380000,43.760970000,68.700
-0.552590000,43.761080000,67.600
-0.552800000,43.761180000,66.900
-0.552990000,43.761270000,66.000
-0.553200000,43.761360000,65.200
-0.553410000,43.761460000,63.500
-0.553670000,43.761580000,60.800
-0.554040000,43.761750000,57.900
-0.554250000,43.761850000,57.000
-0.554350000,43.761890000,57.100
-0.554460000,43.761940000,56.900
-0.554670000,43.762040000,56.200
-0.555360000,43.762360000,50.900
-0.556150000,43.762710000,46.600
-0.556200000,43.762730000,46.400
-0.556320000,43.762790000,46.000
-0.556520000,43.762880000,45.200
-0.556690000,43.762960000,44.500
-0.556700000,43.762960000,44.500
-0.556880000,43.763070000,43.400
-0.557070000,43.763170000,42.400
-0.557090000,43.763190000,42.200
-0.557100000,43.763190000,42.200
-0.557190000,43.763250000,41.600
-0.557200000,43.763260000,41.500
-0.557250000,43.763290000,41.200
-0.557400000,43.763390000,40.800
-0.557560000,43.763510000,40.400
-0.557740000,43.763660000,39.800
-0.557890000,43.763800000,39.200
-0.557910000,43.763820000,39.100
-0.557980000,43.763880000,38.900
-0.558020000,43.763920000,38.800
-0.558030000,43.763930000,38.800
-0.558110000,43.764020000,38.500
-0.558150000,43.764070000,38.400
-0.558150000,43.764080000,38.300
-0.558160000,43.764090000,38.300
-0.558190000,43.764130000,38.200
-0.558220000,43.764190000,38.100
-0.558250000,43.764270000,38.100
-0.558280000,43.764420000,38.000
-0.558280000,43.764420000,38.000
-0.558240000,43.764470000,38.100
-0.558220000,43.764520000,38.100
-0.558210000,43.764560000,38.100
-0.558200000,43.764600000,38.100
-0.558210000,43.764630000,38.100
-0.558210000,43.764650000,38.100
-0.558230000,43.764680000,38.000
-0.558250000,43.764700000,38.000
-0.558270000,43.764730000,38.000
-0.558300000,43.764750000,38.000
-0.558330000,43.764760000,38.000
-0.558350000,43.764780000,38.100
-0.558380000,43.764790000,38.200
-0.558400000,43.764800000,38.200
-0.558430000,43.764810000,38.300
-0.558460000,43.764820000,38.500
-0.558480000,43.764830000,38.500
-0.558510000,43.764840000,38.600
-0.558530000,43.764850000,38.700
-0.558670000,43.764950000,39.200
-0.558730000,43.765000000,39.400
-0.558780000,43.765080000,39.700
-0.558800000,43.765140000,39.900
-0.558830000,43.765240000,40.200
-0.558850000,43.765320000,40.400
-0.558880000,43.765490000,40.800
-0.558890000,43.765540000,40.900
-0.558920000,43.765670000,41.200
-0.558940000,43.765790000,41.400
-0.558940000,43.765940000,41.400
-0.558940000,43.765960000,41.400
-0.558940000,43.766000000,41.400
-0.558940000,43.766100000,41.300
-0.558920000,43.766360000,41.100
-0.558920000,43.766390000,41.100
-0.558910000,43.766490000,41.100
-0.558900000,43.766590000,41.000
-0.558870000,43.766840000,40.200
-0.558740000,43.767550000,37.800
-0.558740000,43.767560000,37.800
-0.558710000,43.767740000,38.700
-0.558630000,43.768210000,40.800
-0.558530000,43.768780000,41.500
-0.558470000,43.769090000,41.800
-0.558410000,43.769450000,41.600
-0.558380000,43.769630000,41.500
-0.558380000,43.769640000,41.400
-0.558240000,43.770400000,39.400
-0.558180000,43.770720000,38.400
-0.558090000,43.771010000,37.900
-0.558040000,43.771180000,37.900
-0.557840000,43.771720000,37.400
-0.557590000,43.772230000,37.000
-0.557490000,43.772420000,37.000
-0.557250000,43.772900000,37.300
-0.557230000,43.772940000,37.400
-0.557210000,43.772980000,37.400
-0.557200000,43.772990000,37.400
-0.557140000,43.773140000,37.400
-0.557030000,43.773420000,37.400
-0.556920000,43.773760000,37.300
-0.556860000,43.773940000,37.200
-0.556820000,43.774120000,37.200
-0.556780000,43.774290000,37.300
-0.556750000,43.774540000,37.600
-0.556730000,43.774650000,37.700
-0.556720000,43.774780000,37.800
-0.556710000,43.774830000,37.900
-0.556680000,43.774980000,38.000
-0.556660000,43.775050000,38.100
-0.556600000,43.775180000,38.100
-0.556600000,43.775180000,38.100
-0.556490000,43.775230000,38.100
-0.556420000,43.775280000,38.000
-0.556400000,43.775300000,38.000
-0.556380000,43.775330000,38.100
-0.556370000,43.775360000,38.100
-0.556360000,43.775410000,38.100
-0.556360000,43.775480000,38.200
-0.556380000,43.775540000,38.300
-0.556400000,43.775560000,38.400
-0.556420000,43.775590000,38.400
-0.556450000,43.775610000,38.500
-0.556470000,43.775630000,38.500
-0.556520000,43.775660000,38.600
-0.556570000,43.775690000,38.700
-0.556640000,43.775710000,38.800
-0.556700000,43.775840000,39.100
-0.556720000,43.775960000,38.800
-0.556740000,43.776100000,38.600
-0.556750000,43.776240000,38.300
-0.556770000,43.776380000,38.100
-0.556790000,43.776530000,37.900
-0.556810000,43.776680000,37.700
-0.556840000,43.776840000,38.600
-0.556860000,43.777010000,39.500
-0.556860000,43.777080000,39.800
-0.556870000,43.777130000,40.100
-0.556870000,43.777170000,40.200
-0.556880000,43.777340000,41.000
-0.556890000,43.777510000,41.800
-0.556890000,43.777850000,42.200
-0.556890000,43.777890000,42.200
-0.556890000,43.777900000,42.200
-0.556880000,43.777980000,42.300
-0.556870000,43.778080000,42.400
-0.556860000,43.778260000,42.700
-0.556830000,43.778510000,42.700
-0.556750000,43.778920000,42.300
-0.556730000,43.779050000,42.200
-0.556720000,43.779100000,42.100
-0.556710000,43.779150000,42.100
-0.556700000,43.779230000,42.100
-0.556680000,43.779330000,42.200
-0.556600000,43.779850000,42.900
-0.556520000,43.780300000,43.200
-0.556410000,43.780920000,43.600
-0.556300000,43.781600000,43.100
-0.556280000,43.781690000,43.100
-0.556280000,43.781730000,43.200
-0.556260000,43.781910000,43.900
-0.556220000,43.782240000,45.100
-0.556140000,43.782720000,46.500
-0.556130000,43.782800000,46.700
-0.556120000,43.782850000,46.800
-0.556110000,43.782900000,47.000
-0.556090000,43.782980000,47.200
-0.556090000,43.783030000,47.300
-0.555880000,43.784190000,45.800
-0.555680000,43.785380000,46.500
-0.555350000,43.787270000,45.000
-0.555150000,43.788440000,44.800
-0.555120000,43.788610000,45.100
-0.555090000,43.788790000,45.500
-0.555080000,43.788860000,45.600
-0.555070000,43.788910000,45.600
-0.555050000,43.789040000,45.800
-0.555020000,43.789190000,46.100
-0.554990000,43.789410000,46.600
-0.554970000,43.789510000,46.800
-0.554960000,43.789570000,47.000
-0.554950000,43.789620000,47.100
-0.554930000,43.789700000,47.300
-0.554890000,43.789960000,48.000
-0.554850000,43.790240000,48.800
-0.554830000,43.790470000,49.300
-0.554830000,43.790520000,49.500
-0.554820000,43.790580000,49.600
-0.554790000,43.790830000,50.200
-0.554790000,43.790880000,50.300
-0.554780000,43.790940000,50.400
-0.554770000,43.791010000,50.400
-0.554730000,43.791220000,50.600
-0.554680000,43.791540000,50.900
-0.554600000,43.792000000,51.400
-0.554460000,43.792820000,52.300
-0.554370000,43.793280000,53.100
-0.554310000,43.793620000,54.600
-0.554310000,43.793630000,54.700
-0.554300000,43.793700000,55.000
-0.554290000,43.793740000,55.200
-0.554240000,43.793970000,56.200
-0.554170000,43.794230000,57.100
-0.554110000,43.794430000,57.100
-0.554090000,43.794470000,57.100
-0.554000000,43.794740000,56.900
-0.553950000,43.794880000,56.900
-0.553940000,43.794900000,56.800
-0.553840000,43.795120000,56.600
-0.553750000,43.795330000,56.400
-0.553580000,43.795650000,56.000
-0.553480000,43.795850000,55.800
-0.553330000,43.796130000,56.100
-0.553200000,43.796430000,57.000
-0.553070000,43.796750000,58.200
-0.553040000,43.796820000,58.600
-0.553000000,43.796880000,58.900
-0.552970000,43.796920000,59.200
-0.552930000,43.796960000,59.400
-0.552860000,43.797020000,59.900
-0.552860000,43.797020000,59.900
-0.552820000,43.797030000,59.900
-0.552780000,43.797050000,60.100
-0.552740000,43.797060000,60.200
-0.552710000,43.797080000,60.400
-0.552670000,43.797110000,60.600
-0.552650000,43.797130000,60.800
-0.552620000,43.797160000,61.000
-0.552600000,43.797180000,61.200
-0.552580000,43.797210000,61.500
-0.552570000,43.797230000,61.600
-0.552560000,43.797250000,61.800
-0.552560000,43.797280000,62.100
-0.552550000,43.797300000,62.200
-0.552550000,43.797320000,62.400
-0.552550000,43.797350000,62.700
-0.552550000,43.797370000,62.800
-0.552560000,43.797400000,63.000
-0.552580000,43.797430000,63.200
-0.552600000,43.797460000,63.400
-0.552620000,43.797490000,63.600
-0.552650000,43.797510000,63.600
-0.552680000,43.797540000,63.600
-0.552720000,43.797560000,63.500
-0.552750000,43.797580000,63.500
-0.552780000,43.797710000,63.600
-0.552790000,43.797780000,63.700
-0.552800000,43.797850000,63.700
-0.552780000,43.797990000,63.900
-0.552760000,43.798170000,64.100
-0.552720000,43.798430000,64.700
-0.552670000,43.798680000,65.800
-0.552620000,43.798950000,67.000
-0.552560000,43.799180000,68.000
-0.552500000,43.799380000,68.800
-0.552480000,43.799420000,68.800
-0.552480000,43.799430000,68.900
-0.552470000,43.799470000,69.000
-0.552400000,43.799650000,69.300
-0.552320000,43.799880000,69.700
-0.552290000,43.799940000,69.800
-0.552210000,43.800120000,69.600
-0.552100000,43.800340000,69.100
-0.551970000,43.800570000,68.600
-0.551850000,43.800800000,68.400
-0.551710000,43.801020000,68.800
-0.551650000,43.801120000,69.000
-0.551580000,43.801240000,69.500
-0.551530000,43.801320000,69.700
-0.551480000,43.801410000,70.000
-0.551450000,43.801460000,70.100
-0.551310000,43.801680000,70.600
-0.551260000,43.801780000,70.900
-0.551190000,43.801900000,71.300
-0.551170000,43.801950000,71.500
-0.551140000,43.801990000,71.600
-0.551100000,43.802070000,71.900
-0.551070000,43.802120000,72.200
-0.551060000,43.802140000,72.200
-0.551050000,43.802150000,72.300
-0.551000000,43.802240000,72.700
-0.550950000,43.802320000,73.100
-0.550910000,43.802400000,73.500
-0.550880000,43.802450000,73.700
-0.550870000,43.802470000,73.800
-0.550860000,43.802490000,73.900
-0.550780000,43.802610000,73.900
-0.550670000,43.802800000,73.600
-0.550530000,43.803020000,73.400
-0.550390000,43.803250000,73.100
-0.550270000,43.803440000,73.100
-0.550260000,43.803470000,73.200
-0.550170000,43.803600000,73.300
-0.550120000,43.803690000,73.400
-0.549990000,43.803910000,73.700
-0.549970000,43.803940000,73.700
-0.549850000,43.804130000,73.800
-0.549650000,43.804470000,73.700
-0.549470000,43.804760000,73.000
-0.549460000,43.804790000,72.900
-0.549260000,43.805120000,71.600
-0.549250000,43.805130000,71.500
-0.549050000,43.805470000,70.800
-0.548870000,43.805750000,70.600
-0.548800000,43.805860000,70.500
-0.548770000,43.805910000,70.400
-0.548750000,43.805940000,70.400
-0.548700000,43.806030000,70.300
-0.548550000,43.806270000,70.200
-0.548500000,43.806350000,70.300
-0.548500000,43.806360000,70.300
-0.548470000,43.806410000,70.400
-0.548450000,43.806440000,70.500
-0.548350000,43.806600000,70.900
-0.548250000,43.806780000,71.100
-0.547980000,43.807230000,71.700
-0.547700000,43.807680000,72.300
-0.547500000,43.808020000,71.500
-0.547230000,43.808450000,71.200
-0.547110000,43.808660000,71.300
-0.547100000,43.808680000,71.300
-0.546980000,43.808910000,71.200
-0.546860000,43.809130000,70.900
-0.546810000,43.809230000,70.700
-0.546750000,43.809360000,70.500
-0.546730000,43.809400000,70.400
-0.546660000,43.809570000,70.000
-0.546650000,43.809580000,70.000
-0.546580000,43.809740000,69.700
-0.546550000,43.809820000,69.500
-0.546440000,43.810050000,69.200
-0.546330000,43.810280000,68.900
-0.546150000,43.810600000,68.600
-0.546090000,43.810690000,68.600
-0.546070000,43.810720000,68.600
-0.546010000,43.810820000,68.600
-0.545950000,43.810910000,68.800
-0.545930000,43.810930000,68.800
-0.545850000,43.811040000,69.000
-0.545710000,43.811240000,68.900
-0.545540000,43.811450000,68.700
-0.545380000,43.811670000,68.500
-0.545210000,43.811870000,68.900
-0.545150000,43.811960000,69.000
-0.545050000,43.812090000,69.100
-0.544900000,43.812310000,69.400
-0.544760000,43.812530000,69.700
-0.544630000,43.812760000,69.700
-0.544500000,43.812980000,69.600
-0.544390000,43.813160000,69.500
-0.544300000,43.813310000,69.300
-0.544100000,43.813640000,69.800
-0.543960000,43.813860000,70.000
-0.543830000,43.814080000,70.100
-0.543700000,43.814300000,70.100
-0.543570000,43.814520000,70.200
-0.543370000,43.814840000,70.500
-0.543200000,43.815130000,71.100
-0.543170000,43.815170000,71.200
-0.543130000,43.815250000,71.400
-0.543100000,43.815300000,71.600
-0.543040000,43.815390000,71.700
-0.543030000,43.815410000,71.800
-0.543000000,43.815460000,71.900
-0.542850000,43.815710000,72.200
-0.542650000,43.816050000,72.300
-0.542450000,43.816380000,73.100
-0.542430000,43.816400000,73.200
-0.542320000,43.816600000,73.800
-0.542130000,43.816910000,73.900
-0.541980000,43.817130000,74.000
-0.541760000,43.817430000,74.100
-0.541530000,43.817740000,75.400
-0.541380000,43.817950000,76.200
-0.541230000,43.818150000,76.500
-0.541090000,43.818370000,76.500
-0.540960000,43.818590000,75.800
-0.540890000,43.818710000,75.600
-0.540840000,43.818810000,75.600
-0.540820000,43.818840000,75.600
-0.540800000,43.818880000,75.800
-0.540740000,43.819000000,76.000
-0.540720000,43.819030000,76.100
-0.540720000,43.819050000,76.200
-0.540660000,43.819170000,76.400
-0.540620000,43.819250000,76.400
-0.540530000,43.819470000,76.100
-0.540440000,43.819700000,75.400
-0.540350000,43.819920000,74.500
-0.540270000,43.820130000,73.900
-0.540240000,43.820210000,73.700
-0.540220000,43.820250000,73.600
-0.540210000,43.820270000,73.600
-0.540170000,43.820380000,73.400
-0.540160000,43.820380000,73.400
-0.540110000,43.820490000,73.200
-0.540060000,43.820600000,73.100
-0.540000000,43.820710000,73.000
-0.539890000,43.820900000,73.000
-0.539880000,43.820930000,73.000
-0.539780000,43.821090000,73.100
-0.539770000,43.821120000,73.100
-0.539630000,43.821340000,73.300
-0.539580000,43.821420000,73.400
-0.539560000,43.821460000,73.400
-0.539490000,43.821570000,73.500
-0.539480000,43.821590000,73.600
-0.539370000,43.821790000,73.600
-0.539300000,43.821890000,73.600
-0.539290000,43.821910000,73.600
-0.539100000,43.822210000,73.600
-0.539030000,43.822330000,73.700
-0.538890000,43.822550000,74.200
-0.538850000,43.822630000,74.700
-0.538700000,43.822870000,75.900
-0.538600000,43.823020000,76.500
-0.538420000,43.823300000,77.000
-0.538310000,43.823480000,77.000
-0.538200000,43.823640000,77.200
-0.538120000,43.823760000,77.300
-0.538040000,43.823870000,77.400
-0.537980000,43.823970000,77.400
-0.537900000,43.824070000,77.500
-0.537850000,43.824130000,77.600
-0.537820000,43.824160000,77.600
-0.537770000,43.824200000,77.800
-0.537680000,43.824250000,78.000
-0.537680000,43.824250000,78.000
-0.537650000,43.824250000,78.000
-0.537630000,43.824250000,78.100
-0.537610000,43.824250000,78.100
-0.537590000,43.824250000,78.100
-0.537570000,43.824260000,78.100
-0.537540000,43.824260000,78.200
-0.537520000,43.824260000,78.200
-0.537500000,43.824270000,78.200
-0.537470000,43.824280000,78.400
-0.537450000,43.824290000,78.500
-0.537420000,43.824310000,78.700
-0.537400000,43.824320000,78.800
-0.537380000,43.824340000,78.900
-0.537360000,43.824360000,79.000
-0.537340000,43.824380000,79.100
-0.537320000,43.824400000,79.200
-0.537320000,43.824410000,79.200
-0.537310000,43.824420000,79.200
-0.537300000,43.824430000,79.300
-0.537300000,43.824440000,79.300
-0.537290000,43.824460000,79.400
-0.537290000,43.824470000,79.400
-0.537290000,43.824480000,79.400
-0.537280000,43.824490000,79.400
-0.537280000,43.824510000,79.400
-0.537280000,43.824530000,79.500
-0.537280000,43.824550000,79.500
-0.537280000,43.824570000,79.500
-0.537290000,43.824590000,79.500
-0.537290000,43.824610000,79.500
-0.537300000,43.824630000,79.500
-0.537310000,43.824650000,79.500
-0.537320000,43.824660000,79.500
-0.537330000,43.824680000,79.500
-0.537350000,43.824690000,79.500
-0.537360000,43.824700000,79.500
-0.537380000,43.824720000,79.500
-0.537390000,43.824730000,79.500
-0.537410000,43.824740000,79.500
-0.537430000,43.824750000,79.500
-0.537430000,43.824820000,79.600
-0.537430000,43.824880000,79.800
-0.537420000,43.824930000,79.900
-0.537410000,43.824980000,80.000
-0.537390000,43.825030000,80.000
-0.537310000,43.825160000,80.100
-0.537230000,43.825270000,80.200
-0.537130000,43.825450000,80.300
-0.537030000,43.825600000,80.300
-0.536910000,43.825800000,80.300
-0.536770000,43.826000000,80.900
-0.536640000,43.826190000,81.700
-0.536410000,43.826470000,82.100
-0.536400000,43.826480000,82.100
-0.536370000,43.826520000,82.100
-0.536090000,43.826840000,81.900
-0.535740000,43.827220000,82.600
-0.535550000,43.827480000,83.900
-0.535400000,43.827690000,84.900
-0.535280000,43.827880000,86.000
-0.534900000,43.828460000,89.800
-0.534570000,43.829010000,91.000
-0.534310000,43.829450000,89.800
-0.534120000,43.829760000,89.200
-0.533920000,43.830100000,88.400
-0.533810000,43.830280000,88.100
-0.533660000,43.830540000,87.900
-0.533390000,43.830970000,87.400
-0.533320000,43.831100000,86.700
-0.533200000,43.831300000,85.800
-0.532990000,43.831660000,84.400
-0.532820000,43.831980000,85.700
-0.532740000,43.832140000,86.500
-0.532680000,43.832270000,87.200
-0.532660000,43.832330000,87.500
-0.532530000,43.832620000,88.900
-0.532490000,43.832740000,89.000
-0.532320000,43.833140000,89.300
-0.532170000,43.833480000,88.900
-0.532090000,43.833630000,88.400
-0.531990000,43.833810000,87.900
-0.531870000,43.834030000,87.200
-0.531760000,43.834190000,86.800
-0.531660000,43.834360000,86.600
-0.531640000,43.834390000,86.500
-0.531550000,43.834520000,86.400
-0.531550000,43.834520000,86.400
-0.531530000,43.834520000,86.400
-0.531510000,43.834530000,86.400
-0.531490000,43.834540000,86.400
-0.531460000,43.834550000,86.500
-0.531440000,43.834560000,86.500
-0.531420000,43.834570000,86.500
-0.531400000,43.834580000,86.500
-0.531390000,43.834590000,86.500
-0.531360000,43.834610000,86.500
-0.531330000,43.834630000,86.500
-0.531310000,43.834660000,86.400
-0.531290000,43.834690000,86.400
-0.531280000,43.834710000,86.300
-0.531260000,43.834740000,86.300
-0.531260000,43.834770000,86.200
-0.531250000,43.834800000,86.100
-0.531250000,43.834820000,86.000
-0.531260000,43.834830000,86.000
-0.531260000,43.834850000,85.900
-0.531270000,43.834870000,85.900
-0.531270000,43.834880000,85.800
-0.531280000,43.834900000,85.800
-0.531290000,43.834910000,85.700
-0.531300000,43.834930000,85.600
-0.531280000,43.835000000,85.500
-0.531250000,43.835070000,85.500
-0.531220000,43.835140000,85.500
-0.531130000,43.835300000,85.700
-0.531110000,43.835330000,85.800
-0.531010000,43.835490000,86.100
-0.530960000,43.835570000,86.300
-0.530750000,43.835900000,86.700
-0.530540000,43.836220000,86.100
-0.530280000,43.836700000,86.600
-0.530270000,43.836700000,86.700
-0.530260000,43.836740000,86.700
-0.529990000,43.837250000,87.300
-0.529700000,43.837790000,87.100
-0.529570000,43.838020000,86.500
-0.529380000,43.838330000,85.500
-0.528870000,43.839180000,84.000
-0.528740000,43.839400000,83.700
-0.528550000,43.839720000,83.300
-0.528460000,43.839870000,83.200
-0.528280000,43.840160000,83.100
-0.528240000,43.840220000,83.200
-0.528230000,43.840250000,83.200
-0.528170000,43.840350000,83.400
-0.528140000,43.840390000,83.500
-0.527910000,43.840770000,84.000
-0.527580000,43.841310000,84.300
-0.526930000,43.842360000,86.700
-0.526770000,43.842630000,87.500
-0.526390000,43.843220000,88.400
-0.526360000,43.843280000,88.400
-0.526040000,43.843790000,86.700
-0.526000000,43.843850000,86.400
-0.525850000,43.844080000,85.400
-0.525710000,43.844280000,84.800
-0.525550000,43.844490000,84.500
-0.525300000,43.844830000,83.700
-0.525110000,43.845040000,83.300
-0.525040000,43.845100000,83.500
-0.524990000,43.845140000,83.700
-0.524940000,43.845180000,84.000
-0.524860000,43.845220000,84.300
-0.524750000,43.845260000,84.700
-0.524750000,43.845260000,84.700
-0.524730000,43.845260000,84.700
-0.524720000,43.845260000,84.700
-0.524710000,43.845260000,84.700
-0.524690000,43.845250000,84.700
-0.524680000,43.845250000,84.700
-0.524660000,43.845250000,84.800
-0.524650000,43.845250000,84.800
-0.524630000,43.845250000,84.800
-0.524600000,43.845250000,84.900
-0.524560000,43.845260000,85.000
-0.524530000,43.845270000,85.100
-0.524500000,43.845280000,85.100
-0.524470000,43.845290000,85.200
-0.524440000,43.845300000,85.300
-0.524410000,43.845310000,85.400
-0.524390000,43.845330000,85.500
-0.524380000,43.845340000,85.500
-0.524370000,43.845350000,85.600
-0.524360000,43.845360000,85.600
-0.524350000,43.845360000,85.600
-0.524340000,43.845370000,85.700
-0.524330000,43.845380000,85.700
-0.524320000,43.845390000,85.700
-0.524310000,43.845400000,85.800
-0.524300000,43.845430000,85.900
-0.524280000,43.845450000,86.000
-0.524270000,43.845480000,86.000
-0.524260000,43.845510000,86.100
-0.524260000,43.845530000,86.200
-0.524260000,43.845560000,86.300
-0.524260000,43.845590000,86.400
-0.524270000,43.845610000,86.400
-0.524270000,43.845630000,86.500
-0.524280000,43.845640000,86.500
-0.524280000,43.845650000,86.500
-0.524290000,43.845660000,86.500
-0.524290000,43.845670000,86.600
-0.524300000,43.845680000,86.600
-0.524310000,43.845690000,86.600
-0.524320000,43.845710000,86.700
-0.524250000,43.845820000,87.000
-0.524210000,43.845870000,87.100
-0.524170000,43.845920000,87.200
-0.524120000,43.845970000,87.200
-0.523980000,43.846070000,87.100
-0.523800000,43.846220000,87.000
-0.523350000,43.846570000,86.800
-0.523030000,43.846840000,86.700
-0.522740000,43.847090000,86.600
-0.522720000,43.847100000,86.600
-0.522670000,43.847150000,86.700
-0.522630000,43.847190000,86.700
-0.522590000,43.847230000,86.700
-0.522440000,43.847380000,86.900
-0.522160000,43.847650000,87.300
-0.521900000,43.847950000,88.600
-0.521800000,43.848070000,89.300
-0.521680000,43.848230000,90.400
-0.521670000,43.848240000,90.500
-0.521660000,43.848250000,90.600
-0.521550000,43.848400000,90.900
-0.521500000,43.848460000,90.800
-0.521440000,43.848550000,90.700
-0.521440000,43.848560000,90.700
-0.521340000,43.848710000,90.500
-0.521300000,43.848760000,90.500
-0.521300000,43.848770000,90.500
-0.521110000,43.849090000,90.100
-0.520930000,43.849420000,89.600
-0.520570000,43.850070000,88.000
-0.520390000,43.850390000,87.700
-0.520360000,43.850430000,87.700
-0.520310000,43.850520000,87.700
-0.520300000,43.850540000,87.700
-0.520300000,43.850550000,87.700
-0.520270000,43.850600000,87.700
-0.520210000,43.850710000,87.800
-0.520200000,43.850720000,87.800
-0.520010000,43.851070000,88.000
-0.519660000,43.851720000,87.600
-0.519360000,43.852340000,87.700
-0.519280000,43.852570000,88.100
-0.519280000,43.852580000,88.100
-0.519150000,43.852950000,89.600
-0.518960000,43.853510000,90.800
-0.518800000,43.853960000,90.600
-0.518610000,43.854520000,90.800
-0.518560000,43.854660000,90.800
-0.518560000,43.854680000,90.800
-0.518540000,43.854720000,90.700
-0.518500000,43.854840000,90.700
-0.518480000,43.854900000,90.600
-0.518420000,43.855090000,90.600
-0.518380000,43.855190000,90.700
-0.518330000,43.855360000,90.900
-0.518320000,43.855370000,90.900
-0.518270000,43.855540000,91.300
-0.518260000,43.855550000,91.400
-0.518240000,43.855600000,91.500
-0.518220000,43.855670000,91.600
-0.518200000,43.855720000,91.800
-0.518180000,43.855770000,91.900
-0.518050000,43.856160000,90.700
-0.517850000,43.856750000,88.600
-0.517750000,43.857030000,89.200
-0.517630000,43.857320000,89.700
-0.517480000,43.857620000,90.000
-0.517460000,43.857660000,90.000
-0.517270000,43.857990000,90.000
-0.517190000,43.858120000,90.000
-0.517130000,43.858220000,90.000
-0.517090000,43.858280000,90.000
-0.517060000,43.858340000,90.000
-0.516990000,43.858450000,90.000
-0.516990000,43.858460000,90.000
-0.516960000,43.858500000,90.000
-0.516890000,43.858620000,90.000
-0.516800000,43.858770000,90.000
-0.516200000,43.859760000,88.300
-0.515930000,43.860220000,87.600
-0.515900000,43.860260000,87.500
-0.515610000,43.860790000,86.900
-0.515370000,43.861270000,85.800
-0.515310000,43.861370000,85.500
-0.515220000,43.861580000,85.100
-0.515060000,43.861860000,84.400
-0.514910000,43.862110000,84.800
-0.514820000,43.862250000,85.200
-0.514770000,43.862350000,85.500
-0.514610000,43.862580000,86.600
-0.514600000,43.862600000,86.700
-0.514560000,43.862650000,87.000
-0.514520000,43.862690000,87.300
-0.514480000,43.862740000,87.600
-0.514340000,43.862880000,88.400
-0.514160000,43.863060000,89.400
-0.514060000,43.863170000,89.900
-0.513940000,43.863320000,90.500
-0.513860000,43.863440000,90.900
-0.513800000,43.863550000,91.300
-0.513730000,43.863690000,91.700
-0.513640000,43.863840000,92.300
-0.513480000,43.864100000,93.300
-0.513450000,43.864150000,93.500
-0.513430000,43.864200000,93.700
-0.513420000,43.864270000,93.800
-0.513380000,43.864460000,94.200
-0.513340000,43.864620000,94.500
-0.513310000,43.864700000,94.700
-0.513280000,43.864770000,94.900
-0.513250000,43.864850000,95.100
-0.513190000,43.864960000,95.500
-0.513180000,43.864970000,95.500
-0.513020000,43.865220000,96.500
-0.512930000,43.865370000,96.900
-0.512810000,43.865580000,97.200
-0.512600000,43.865910000,97.200
-0.512430000,43.866170000,97.500
-0.512250000,43.866430000,98.200
-0.512160000,43.866590000,98.700
-0.512140000,43.866630000,98.800
-0.511910000,43.867010000,101.200
-0.511900000,43.867010000,101.200
-0.511900000,43.867020000,101.300
-0.511890000,43.867040000,101.400
-0.511760000,43.867250000,102.700
-0.511740000,43.867290000,102.900
-0.511500000,43.867670000,104.500
-0.511410000,43.867810000,104.800
-0.511060000,43.868380000,105.200
-0.510980000,43.868510000,104.800
-0.510890000,43.868680000,104.300
-0.510870000,43.868720000,104.200
-0.510700000,43.869070000,102.900
-0.510540000,43.869340000,101.100
-0.510440000,43.869510000,99.800
-0.510400000,43.869590000,99.200
-0.510330000,43.869710000,98.300
-0.510240000,43.869850000,97.200
-0.510000000,43.870250000,96.000
-0.509970000,43.870370000,96.100
-0.509940000,43.870420000,96.100
-0.509920000,43.870460000,96.200
-0.509810000,43.870640000,96.200
-0.509670000,43.870870000,95.800
-0.509620000,43.870950000,95.200
-0.509520000,43.871120000,94.000
-0.509480000,43.871180000,93.600
-0.509310000,43.871440000,91.300
-0.509200000,43.871610000,89.600
-0.509170000,43.871660000,89.100
-0.508990000,43.871950000,88.000
-0.508570000,43.872640000,84.800
-0.508290000,43.873120000,82.400
-0.508200000,43.873230000,81.800
-0.508080000,43.873420000,81.000
-0.508000000,43.873560000,80.500
-0.507880000,43.873740000,79.900
-0.507860000,43.873780000,79.800
-0.507700000,43.874050000,78.900
-0.507680000,43.874080000,78.800
-0.507320000,43.874670000,77.700
-0.507260000,43.874770000,77.400
-0.507010000,43.875210000,76.600
-0.506990000,43.875240000,76.600
-0.506890000,43.875400000,76.500
-0.506770000,43.875600000,76.600
-0.506650000,43.875780000,76.800
-0.506590000,43.875890000,77.100
-0.506530000,43.875980000,77.300
-0.506480000,43.876060000,77.500
-0.506360000,43.876260000,77.700
-0.506240000,43.876460000,77.800
-0.506180000,43.876550000,77.800
-0.506090000,43.876700000,77.400
-0.505870000,43.877070000,74.700
-0.505800000,43.877180000,74.100
-0.505760000,43.877260000,73.800
-0.505740000,43.877300000,73.600
-0.505450000,43.877800000,72.500
-0.504960000,43.878560000,71.500
-0.504730000,43.878950000,69.100
-0.504700000,43.879010000,68.600
-0.504650000,43.879100000,67.900
-0.504600000,43.879180000,67.100
-0.504480000,43.879380000,64.700
-0.504250000,43.879760000,61.800
-0.504240000,43.879770000,61.700
-0.504150000,43.879920000,61.200
-0.504070000,43.880060000,61.100
-0.503960000,43.880240000,61.400
-0.503830000,43.880450000,62.000
-0.503780000,43.880520000,62.200
-0.503730000,43.880590000,62.500
-0.503600000,43.880810000,63.300
-0.503490000,43.881010000,64.100
-0.503400000,43.881160000,64.700
-0.503250000,43.881410000,65.700
-0.503240000,43.881420000,65.700
-0.503190000,43.881510000,66.100
-0.503080000,43.881690000,67.000
-0.503020000,43.881800000,67.600
-0.502890000,43.882010000,68.800
-0.502830000,43.882120000,69.300
-0.502720000,43.882290000,70.100
-0.502650000,43.882410000,70.600
-0.502650000,43.882460000,70.700
-0.502580000,43.882540000,71.000
-0.502450000,43.882770000,71.500
-0.502390000,43.882880000,71.900
-0.502100000,43.883330000,73.400
-0.502000000,43.883500000,73.000
-0.501910000,43.883670000,72.300
-0.501890000,43.883710000,72.200
-0.501700000,43.884000000,70.900
-0.501690000,43.884030000,70.800
-0.501420000,43.884450000,68.800
-0.501280000,43.884710000,67.800
-0.501180000,43.884870000,67.300
-0.501090000,43.885010000,67.000
-0.501080000,43.885030000,66.800
-0.501060000,43.885070000,66.500
-0.500990000,43.885170000,65.800
-0.500950000,43.885240000,65.300
-0.500850000,43.885400000,64.100
-0.500820000,43.885450000,63.700
-0.500720000,43.885620000,62.500
-0.500680000,43.885690000,61.900
-0.500650000,43.885740000,61.600
-0.500630000,43.885750000,61.500
-0.500550000,43.885900000,60.700
-0.500520000,43.885950000,60.500
-0.500430000,43.886120000,59.900
-0.500200000,43.886500000,58.500
-0.500000000,43.886830000,57.000
-0.499890000,43.886990000,56.100
-0.499890000,43.886990000,56.100
-0.499880000,43.886990000,56.100
-0.499870000,43.886990000,56.200
-0.499860000,43.886990000,56.200
-0.499850000,43.886990000,56.200
-0.499840000,43.886990000,56.200
-0.499830000,43.886990000,56.200
-0.499820000,43.887000000,56.100
-0.499810000,43.887000000,56.100
-0.499800000,43.887010000,56.100
-0.499790000,43.887010000,56.100
-0.499780000,43.887020000,56.000
-0.499770000,43.887020000,56.000
-0.499760000,43.887030000,56.000
-0.499750000,43.887030000,56.000
-0.499740000,43.887040000,55.900
-0.499730000,43.887050000,55.900
-0.499720000,43.887060000,55.800
-0.499720000,43.887070000,55.800
-0.499710000,43.887080000,55.700
-0.499710000,43.887090000,55.600
-0.499700000,43.887090000,55.600
-0.499700000,43.887100000,55.600
-0.499700000,43.887110000,55.500
-0.499700000,43.887120000,55.400
-0.499700000,43.887130000,55.400
-0.499700000,43.887140000,55.300
-0.499700000,43.887150000,55.300
-0.499710000,43.887160000,55.200
-0.499710000,43.887170000,55.100
-0.499710000,43.887180000,55.100
-0.499720000,43.887190000,55.000
-0.499730000,43.887200000,54.900
-0.499740000,43.887210000,54.800
-0.499750000,43.887220000,54.800
-0.499760000,43.887230000,54.700
-0.499770000,43.887230000,54.700
-0.499780000,43.887240000,54.600
-0.499790000,43.887240000,54.600
-0.499800000,43.887250000,54.600
-0.499810000,43.887250000,54.600
-0.499820000,43.887260000,54.500
-0.499830000,43.887260000,54.500
-0.499840000,43.887260000,54.500
-0.499850000,43.887260000,54.500
-0.499870000,43.887260000,54.500
-0.499880000,43.887270000,54.400
-0.499890000,43.887270000,54.400
-0.500010000,43.887440000,53.400
-0.500040000,43.887470000,53.200
-0.500140000,43.887560000,52.900
-0.500240000,43.887730000,52.600
-0.500300000,43.887900000,52.300
-0.500350000,43.888070000,52.000
-0.500390000,43.888310000,51.600
-0.500420000,43.888360000,51.500
-0.500420000,43.888360000,51.500
-0.500690000,43.888820000,50.600
-0.500850000,43.889070000,50.100
-0.500880000,43.889120000,50.100
-0.501020000,43.889350000,49.600
-0.501080000,43.889490000,49.200
-0.501090000,43.889540000,49.100
-0.501120000,43.889710000,48.700
-0.501140000,43.889770000,48.600
-0.501200000,43.890030000,48.000
-0.501210000,43.890240000,47.600
-0.501210000,43.890260000,47.600
-0.501200000,43.890400000,47.400
-0.501180000,43.890550000,47.200
-0.501190000,43.890720000,46.900
-0.501190000,43.890770000,46.800
-0.501220000,43.890890000,46.200
-0.501270000,43.891110000,44.400
-0.501280000,43.891140000,44.200
-0.501360000,43.891260000,43.000
-0.501380000,43.891300000,42.700
-0.501440000,43.891380000,41.900
-0.501510000,43.891490000,40.800
-0.501510000,43.891490000,40.800
-0.501530000,43.891530000,40.500
-0.501600000,43.891640000,39.400
-0.501690000,43.891760000,39.900
-0.501730000,43.891830000,40.400
-0.501830000,43.891980000,41.600
-0.501840000,43.891990000,41.700
-0.501990000,43.892220000,43.200
-0.501990000,43.892240000,43.300
-0.501970000,43.892270000,43.600
-0.501950000,43.892280000,43.800
-0.501850000,43.892330000,44.600
-0.501850000,43.892330000,44.600
-0.501720000,43.892390000,45.700
-0.501660000,43.892420000,46.200
-0.501360000,43.892560000,46.200
-0.501490000,43.893010000,46.100
-0.501490000,43.893010000,46.100
-0.501350000,43.893020000,45.900
-0.501170000,43.893040000,45.500
-0.501000000,43.893050000,45.300
-0.500710000,43.893080000,45.000
-0.500710000,43.893080000,45.000
-0.500190000,43.893140000,45.200
-0.499940000,43.893160000,45.400
-0.498990000,43.893250000,46.600
-0.498830000,43.893270000,46.700
-0.498670000,43.893280000,46.700
-0.497950000,43.893350000,47.000
-0.497760000,43.893370000,47.000
-0.497420000,43.893390000,47.000
-0.497330000,43.893370000,47.100
-0.497300000,43.893370000,47.100
-0.497150000,43.893390000,47.300
-0.496930000,43.893420000,47.400
-0.496900000,43.893420000,47.400
-0.496710000,43.893470000,47.500
-0.496580000,43.893500000,47.400
-0.496470000,43.893530000,47.300
-0.496270000,43.893600000,47.200
-0.496250000,43.893610000,47.200
-0.495820000,43.893820000,47.600
-0.495720000,43.893870000,47.800
-0.495700000,43.893890000,47.800
-0.495220000,43.894130000,48.700
-0.494640000,43.894430000,47.900
-0.494400000,43.894560000,47.500
-0.493750000,43.894920000,46.500
-0.493540000,43.895040000,46.200
-0.493370000,43.895130000,45.900
-0.492910000,43.895380000,45.500
-0.492490000,43.895610000,45.300
-0.492020000,43.895860000,46.200
-0.491750000,43.896010000,46.700
-0.491550000,43.896120000,46.700
-0.491440000,43.896180000,46.600
-0.490930000,43.896460000,46.200
-0.490750000,43.896560000,46.300
-0.490550000,43.896680000,46.700
-0.490140000,43.896900000,47.300
-0.489910000,43.897020000,47.700
-0.489870000,43.897040000,47.800
-0.489750000,43.897100000,47.900
-0.489700000,43.897130000,48.000
-0.489420000,43.897280000,48.500
-0.489170000,43.897420000,49.000
-0.488770000,43.897640000,49.100
-0.488640000,43.897710000,49.100
-0.488250000,43.897940000,48.900
-0.488080000,43.898030000,48.600
-0.487480000,43.898340000,48.100
-0.487380000,43.898400000,48.200
-0.487250000,43.898470000,48.400
-0.486980000,43.898610000,48.600
-0.486710000,43.898750000,48.400
-0.486270000,43.898980000,47.400
-0.486230000,43.899000000,47.300
-0.486080000,43.899090000,47.000
-0.485990000,43.899140000,46.900
-0.485890000,43.899190000,46.900
-0.485600000,43.899350000,46.600
-0.484500000,43.899950000,46.300
-0.484340000,43.900040000,46.500
-0.483840000,43.900310000,46.000
-0.483390000,43.900550000,45.600
-0.483160000,43.900660000,45.400
-0.483160000,43.900660000,45.400
-0.483150000,43.900660000,45.400
-0.483150000,43.900650000,45.400
-0.483140000,43.900650000,45.400
-0.483130000,43.900650000,45.400
-0.483120000,43.900650000,45.400
-0.483110000,43.900650000,45.400
-0.483100000,43.900650000,45.400
-0.483090000,43.900650000,45.400
-0.483080000,43.900650000,45.400
-0.483060000,43.900650000,45.400
-0.483050000,43.900650000,45.400
-0.483040000,43.900650000,45.400
-0.483030000,43.900650000,45.400
-0.483020000,43.900650000,45.400
-0.483010000,43.900660000,45.400
-0.483000000,43.900660000,45.400
-0.482990000,43.900660000,45.400
-0.482990000,43.900670000,45.400
-0.482980000,43.900670000,45.400
-0.482970000,43.900680000,45.400
-0.482960000,43.900680000,45.400
-0.482950000,43.900690000,45.300
-0.482940000,43.900700000,45.300
-0.482940000,43.900710000,45.300
-0.482930000,43.900710000,45.300
-0.482930000,43.900720000,45.300
-0.482930000,43.900730000,45.200
-0.482920000,43.900730000,45.200
-0.482920000,43.900740000,45.200
-0.482920000,43.900750000,45.200
-0.482920000,43.900760000,45.200
-0.482920000,43.900770000,45.200
-0.482920000,43.900780000,45.100
-0.482920000,43.900790000,45.100
-0.482920000,43.900800000,45.100
-0.482920000,43.900810000,45.100
-0.482930000,43.900810000,45.100
-0.482930000,43.900820000,45.000
-0.482930000,43.900830000,45.000
-0.482940000,43.900830000,45.000
-0.482940000,43.900840000,45.000
-0.482950000,43.900840000,45.000
-0.482960000,43.900850000,45.000
-0.482960000,43.900860000,45.000
-0.482970000,43.900860000,45.000
-0.482980000,43.900870000,44.900
-0.482990000,43.900870000,44.900
-0.483000000,43.900880000,44.900
-0.483010000,43.900880000,44.900
-0.483020000,43.900890000,44.900
-0.483030000,43.900890000,44.900
-0.483040000,43.900890000,44.900
-0.483050000,43.900900000,44.900
-0.483060000,43.900900000,44.900
-0.483070000,43.900900000,44.900
-0.483080000,43.900900000,44.900
-0.483100000,43.900900000,44.900
-0.483160000,43.901000000,44.700
-0.483190000,43.901030000,44.600
-0.483190000,43.901110000,44.500
-0.483160000,43.901370000,44.000
-0.483120000,43.901540000,43.700
-0.483070000,43.901670000,43.600
-0.483040000,43.901720000,43.600
-0.482950000,43.901850000,43.700
-0.482730000,43.902130000,44.100
-0.482550000,43.902390000,44.800
-0.482500000,43.902460000,45.000
-0.482450000,43.902540000,45.000
-0.482370000,43.902580000,45.100
-0.482360000,43.902590000,45.100
-0.482330000,43.902650000,45.100
-0.482300000,43.902760000,45.200
-0.482280000,43.902840000,45.200
-0.482250000,43.902970000,45.200
-0.482240000,43.903080000,45.300
-0.482280000,43.903170000,45.400
-0.482440000,43.903420000,45.800
-0.482440000,43.903430000,45.800
-0.482450000,43.903430000,45.800
-0.482520000,43.903460000,45.700
-0.482610000,43.903540000,45.100
-0.482770000,43.903670000,44.100
-0.482800000,43.903690000,43.900
-0.482950000,43.903800000,43.300
-0.483040000,43.903870000,43.000
-0.483280000,43.904050000,42.100
-0.483350000,43.904100000,41.800
-0.483930000,43.904530000,39.700
-0.484060000,43.904630000,39.500
-0.484100000,43.904660000,39.400
-0.484370000,43.904860000,39.600
-0.484620000,43.905050000,40.300
-0.485030000,43.905350000,41.900
-0.485080000,43.905390000,42.200
-0.485340000,43.905550000,43.400
-0.485540000,43.905700000,44.500
-0.485640000,43.905780000,45.100
-0.485690000,43.905830000,45.500
-0.485730000,43.905870000,45.700
-0.485920000,43.906120000,46.600
-0.485920000,43.906120000,46.600
-0.485910000,43.906140000,46.600
-0.485900000,43.906160000,46.600
-0.485890000,43.906190000,46.600
-0.485890000,43.906210000,46.600
-0.485900000,43.906240000,46.600
-0.485900000,43.906260000,46.700
-0.485910000,43.906290000,46.700
-0.485920000,43.906310000,46.800
-0.485940000,43.906340000,46.800
-0.485970000,43.906370000,46.900
-0.485990000,43.906390000,47.000
-0.486030000,43.906410000,47.100
-0.486060000,43.906430000,47.100
-0.486100000,43.906450000,47.200
-0.486140000,43.906460000,47.300
-0.486220000,43.906470000,47.400
-0.486280000,43.906530000,47.500
-0.486330000,43.906580000,47.600
-0.486410000,43.906690000,47.700
-0.486440000,43.906770000,47.700
-0.486440000,43.906770000,47.700
-0.486430000,43.906810000,47.700
-0.486410000,43.906860000,47.700
-0.486390000,43.906910000,47.800
-0.486350000,43.907050000,47.900
-0.486300000,43.907400000,48.200
-0.486290000,43.907640000,48.800
-0.486340000,43.907890000,49.500
-0.486370000,43.908070000,50.100
-0.486400000,43.908270000,50.800
-0.486430000,43.908420000,51.300
-0.486470000,43.908730000,52.300
-0.486480000,43.908860000,52.800
-0.486470000,43.908940000,53.000
-0.486440000,43.909030000,53.300
-0.486410000,43.909110000,53.500
-0.486410000,43.909120000,53.500
-0.486370000,43.909200000,53.900
-0.486320000,43.909260000,54.300
-0.486310000,43.909270000,54.400
-0.486250000,43.909330000,54.800
-0.486180000,43.909400000,55.200
-0.486090000,43.909460000,55.500
-0.485990000,43.909520000,55.800
-0.485760000,43.909620000,55.800
-0.485680000,43.909660000,55.600
-0.485540000,43.909710000,55.100
-0.485320000,43.909800000,54.700
-0.485220000,43.909830000,54.400
-0.485100000,43.909880000,54.200
-0.484880000,43.909970000,54.000
-0.484660000,43.910050000,53.400
-0.484440000,43.910140000,53.200
-0.484000000,43.910300000,53.000
-0.483780000,43.910390000,52.900
-0.483510000,43.910490000,52.400
-0.483120000,43.910650000,51.500
-0.483040000,43.910680000,51.100
-0.482980000,43.910700000,50.800
-0.482920000,43.910730000,50.500
-0.482680000,43.910840000,48.700
-0.482560000,43.910900000,47.600
-0.482520000,43.910910000,47.300
-0.482430000,43.910970000,46.800
-0.482370000,43.911010000,46.600
-0.482370000,43.911020000,46.600
-0.482320000,43.911060000,46.300
-0.482270000,43.911130000,46.200
-0.482190000,43.911230000,45.800
-0.482120000,43.911330000,45.500
-0.482030000,43.911480000,45.100
-0.481960000,43.911600000,44.700
-0.481920000,43.911650000,44.500
-0.481890000,43.911700000,44.400
-0.481830000,43.911770000,44.100
-0.481790000,43.911800000,43.900
-0.481750000,43.911840000,43.700
-0.481650000,43.911910000,43.300
-0.481610000,43.911930000,43.300
-0.481530000,43.911970000,43.200
-0.481410000,43.912030000,43.000
-0.481390000,43.912050000,42.900
-0.481230000,43.912120000,42.800
-0.481200000,43.912140000,42.700
-0.481020000,43.912220000,42.600
-0.480800000,43.912350000,42.300
-0.480790000,43.912350000,42.300
-0.480660000,43.912440000,42.200
-0.480620000,43.912470000,42.100
-0.480560000,43.912530000,42.100
-0.480470000,43.912620000,42.700
-0.480390000,43.912740000,43.500
-0.480290000,43.912880000,44.300
-0.480230000,43.913010000,45.000
-0.480190000,43.913130000,45.600
-0.480160000,43.913230000,46.100
-0.480160000,43.913290000,46.300
-0.480160000,43.913320000,46.400
-0.480170000,43.913430000,46.500
-0.480190000,43.913510000,46.600
-0.480240000,43.913640000,46.800
-0.480390000,43.913970000,47.700
-0.480420000,43.914050000,48.100
-0.480600000,43.914460000,48.800
-0.481070000,43.915510000,50.300
-0.481150000,43.915680000,51.000
-0.481160000,43.915700000,51.100
-0.481260000,43.915930000,52.200
-0.481340000,43.916120000,53.000
-0.481430000,43.916290000,53.800
-0.481520000,43.916410000,54.600
-0.481550000,43.916440000,54.900
-0.481650000,43.916550000,55.700
-0.481840000,43.916710000,56.200
-0.482370000,43.917120000,58.200
-0.482480000,43.917200000,58.600
-0.482880000,43.917510000,60.900
-0.483400000,43.917910000,61.200
-0.483910000,43.918300000,62.100
-0.484080000,43.918430000,62.400
-0.484590000,43.918820000,62.300
-0.484760000,43.918950000,62.200
-0.484880000,43.919040000,62.200
-0.485790000,43.919730000,61.000
-0.485900000,43.919810000,60.600
-0.485940000,43.919850000,60.500
-0.487450000,43.921000000,64.800
-0.487830000,43.921290000,66.000
-0.488350000,43.921680000,67.100
-0.488520000,43.921810000,67.500
-0.488730000,43.921970000,67.700
-0.489590000,43.922630000,67.000
-0.490160000,43.923060000,68.200
-0.490460000,43.923290000,68.900
-0.490810000,43.923560000,69.200
-0.490930000,43.923640000,69.400
-0.491080000,43.923720000,69.600
-0.491140000,43.923740000,69.700
-0.491220000,43.923770000,69.800
-0.491370000,43.923810000,69.900
-0.491590000,43.923850000,70.200
-0.491850000,43.923880000,70.100
-0.492410000,43.923930000,69.500
-0.492700000,43.923960000,69.600
-0.492850000,43.923980000,69.700
-0.493980000,43.924090000,71.500
-0.495440000,43.924240000,72.000
-0.495680000,43.924270000,71.500
-0.495780000,43.924280000,71.300
-0.495930000,43.924290000,71.000
-0.495990000,43.924300000,71.000
-0.496130000,43.924300000,70.900
-0.496180000,43.924300000,70.800
-0.496180000,43.924300000,70.800
-0.496230000,43.924300000,70.800
-0.496400000,43.924290000,70.600
-0.496500000,43.924260000,70.400
-0.496580000,43.924220000,70.200
-0.496650000,43.924190000,70.100
-0.496730000,43.924140000,69.800
-0.496790000,43.924090000,69.700
-0.496840000,43.924040000,69.600
-0.496870000,43.923990000,69.500
-0.496970000,43.923850000,69.400
-0.497180000,43.923510000,69.400
-0.497900000,43.922370000,71.100
-0.497950000,43.922290000,70.900
-0.498220000,43.921900000,70.600
-0.498300000,43.921790000,70.700
-0.499430000,43.920030000,69.300
-0.499610000,43.919750000,69.200
-0.499990000,43.919160000,68.000
-0.500420000,43.918490000,65.900
-0.500650000,43.918160000,65.500
-0.501040000,43.917550000,66.700
-0.501470000,43.916880000,66.400
-0.501670000,43.916570000,65.900
-0.501960000,43.916090000,65.100
-0.502060000,43.915930000,64.700
-0.502140000,43.915840000,64.400
-0.502240000,43.915770000,64.500
-0.502330000,43.915710000,64.700
-0.502440000,43.915650000,64.900
-0.502560000,43.915610000,65.100
-0.502700000,43.915580000,65.200
-0.502790000,43.915570000,65.300
-0.502880000,43.915550000,65.400
-0.502970000,43.915550000,65.300
-0.503050000,43.915560000,65.300
-0.503340000,43.915590000,65.300
-0.503700000,43.915630000,64.500
-0.504130000,43.915670000,63.500
-0.504520000,43.915720000,62.900
-0.505440000,43.915820000,64.100
-0.505850000,43.915870000,66.000
-0.505990000,43.915890000,66.000
-0.506100000,43.915900000,66.000
-0.506190000,43.915920000,66.000
-0.506340000,43.915950000,66.000
-0.506490000,43.915980000,65.900
-0.507420000,43.916150000,65.300
-0.507480000,43.916170000,65.200
-0.507680000,43.916210000,65.000
-0.508970000,43.916450000,63.500
-0.510240000,43.916690000,62.100
-0.510250000,43.916690000,62.100
-0.510490000,43.916730000,62.200
-0.511200000,43.916870000,62.700
-0.511940000,43.917000000,63.700
-0.512100000,43.917030000,64.000
-0.512180000,43.917050000,64.100
-0.512360000,43.917100000,64.500
-0.512520000,43.917160000,64.900
-0.512650000,43.917230000,65.000
-0.512760000,43.917310000,65.100
-0.512790000,43.917340000,65.100
-0.512790000,43.917340000,65.100
-0.512840000,43.917400000,65.300
-0.512850000,43.917420000,65.300
-0.512900000,43.917480000,65.500
-0.512960000,43.917580000,65.500
-0.513010000,43.917670000,65.500
-0.513280000,43.918270000,67.500
-0.513360000,43.918430000,68.300
-0.513530000,43.918780000,69.900
-0.513610000,43.918950000,70.700
-0.513690000,43.919120000,71.600
-0.513770000,43.919290000,72.600
-0.514030000,43.919850000,75.900
-0.514090000,43.919970000,76.600
-0.514170000,43.920140000,76.500
-0.514270000,43.920350000,75.700
-0.514350000,43.920520000,75.000
-0.514500000,43.920820000,73.700
-0.514660000,43.921160000,71.400
-0.514740000,43.921330000,70.400
-0.515010000,43.921900000,68.700
-0.515060000,43.922010000,68.600
-0.515140000,43.922180000,68.400
-0.515250000,43.922390000,68.000
-0.515460000,43.922840000,66.900
-0.515650000,43.923240000,66.100
-0.516510000,43.925060000,67.100
-0.516750000,43.925600000,68.400
-0.516810000,43.925750000,68.700
-0.516900000,43.925990000,68.600
-0.516990000,43.926280000,68.400
-0.517030000,43.926380000,68.400
-0.517090000,43.926630000,68.500
-0.517140000,43.926810000,69.000
-0.517150000,43.926860000,69.200
-0.517240000,43.927190000,70.100
-0.517290000,43.927400000,70.600
-0.517330000,43.927480000,70.800
-0.517350000,43.927510000,70.800
-0.517380000,43.927540000,70.900
-0.517430000,43.927590000,71.100
-0.517500000,43.927620000,71.100
-0.517590000,43.927650000,71.500
-0.517760000,43.927700000,72.200
-0.517760000,43.927700000,72.200
-0.517720000,43.927890000,72.600
-0.517680000,43.928130000,73.000
-0.517680000,43.928360000,73.500
-0.517690000,43.928550000,73.700
-0.517710000,43.928720000,73.900
-0.517770000,43.928940000,74.300
-0.517820000,43.929090000,74.500
-0.517860000,43.929250000,74.500
-0.517900000,43.929380000,74.200
-0.518140000,43.930170000,72.000
-0.518150000,43.930230000,71.900
-0.518160000,43.930270000,71.900
-0.518450000,43.931290000,72.100
-0.518500000,43.931460000,72.200
-0.518550000,43.931640000,72.200
-0.518760000,43.932410000,70.100
-0.518800000,43.932520000,69.800
-0.519040000,43.933330000,69.800
-0.519190000,43.933840000,72.000
-0.519300000,43.934200000,74.100
-0.519320000,43.934260000,74.100
-0.519360000,43.934380000,74.000
-0.519470000,43.934660000,74.000
-0.519500000,43.934730000,74.000
-0.519630000,43.935030000,73.900
-0.519660000,43.935100000,73.600
-0.519870000,43.935540000,71.100
-0.520220000,43.936230000,67.800
-0.520510000,43.936830000,67.700
-0.520600000,43.937000000,67.800
-0.520790000,43.937390000,68.000
-0.520930000,43.937670000,69.300
-0.521090000,43.938010000,71.900
-0.521250000,43.938320000,74.400
-0.521580000,43.939000000,75.900
-0.521660000,43.939170000,76.000
-0.521770000,43.939390000,74.200
-0.521860000,43.939570000,73.000
-0.521860000,43.939570000,73.000
-0.521910000,43.939680000,72.300
-0.522000000,43.939840000,71.300
-0.522170000,43.940180000,69.300
-0.522280000,43.940410000,67.800
-0.522740000,43.941330000,66.100
-0.522980000,43.941850000,68.500
-0.523490000,43.942870000,71.100
-0.523600000,43.943080000,70.600
-0.523660000,43.943200000,70.400
-0.523750000,43.943370000,69.900
-0.524000000,43.943880000,68.700
-0.524610000,43.945090000,68.300
-0.524740000,43.945340000,69.300
-0.524780000,43.945440000,69.600
-0.524860000,43.945610000,70.200
-0.525030000,43.945950000,71.000
-0.525120000,43.946120000,70.900
-0.525300000,43.946480000,70.900
-0.525640000,43.947160000,70.200
-0.525730000,43.947330000,70.400
-0.526060000,43.947980000,67.600
-0.526300000,43.948490000,65.400
-0.526550000,43.949000000,65.100
-0.526680000,43.949280000,64.800
-0.526800000,43.949510000,64.400
-0.526970000,43.949850000,64.000
-0.526990000,43.949880000,64.000
-0.527330000,43.950470000,64.400
-0.527570000,43.950810000,64.800
-0.527880000,43.951300000,64.800
-0.528460000,43.952100000,67.100
-0.528580000,43.952260000,67.000
-0.528990000,43.952840000,67.500
-0.529120000,43.953030000,67.900
-0.529170000,43.953180000,68.400
-0.529200000,43.953240000,68.500
-0.529300000,43.953490000,68.000
-0.529380000,43.953750000,67.000
-0.529430000,43.953930000,66.400
-0.529460000,43.954090000,65.900
-0.529470000,43.954210000,65.600
-0.529470000,43.954480000,65.600
-0.529470000,43.954580000,65.600
-0.529500000,43.955600000,66.300
-0.529510000,43.955660000,66.400
-0.529510000,43.955730000,66.500
-0.529550000,43.956980000,66.700
-0.529550000,43.957490000,67.600
-0.529550000,43.957930000,67.300
-0.529560000,43.958570000,66.700
-0.529560000,43.958750000,66.400
-0.529560000,43.959490000,64.600
-0.529570000,43.959860000,63.100
-0.529580000,43.960370000,62.300
-0.529570000,43.960580000,62.200
-0.529520000,43.961030000,61.500
-0.529490000,43.961290000,61.300
-0.529490000,43.961310000,61.300
-0.529490000,43.961340000,61.200
-0.529470000,43.961580000,61.100
-0.529430000,43.961950000,60.900
-0.529430000,43.962170000,61.900
-0.529440000,43.962220000,62.100
-0.529460000,43.962390000,62.800
-0.529500000,43.962540000,63.300
-0.529540000,43.962650000,63.500
-0.529590000,43.962830000,64.000
-0.529630000,43.962970000,64.300
-0.529640000,43.963000000,64.400
-0.529700000,43.963180000,64.900
-0.529910000,43.963880000,65.800
-0.530000000,43.964200000,65.800
-0.530260000,43.965080000,64.100
-0.530310000,43.965260000,63.800
-0.530360000,43.965430000,63.500
-0.530620000,43.966310000,61.900
-0.530670000,43.966490000,62.200
-0.530900000,43.967300000,63.300
-0.531020000,43.967720000,63.800
-0.531100000,43.968010000,64.000
-0.531180000,43.968390000,63.700
-0.531190000,43.968430000,63.700
-0.531230000,43.968760000,63.300
-0.531380000,43.969830000,64.000
-0.531410000,43.970120000,63.900
-0.531520000,43.970910000,61.600
-0.531540000,43.971090000,61.800
-0.531610000,43.971630000,62.200
-0.531640000,43.971810000,62.500
-0.531650000,43.971880000,62.600
-0.531660000,43.971980000,62.800
-0.531720000,43.972380000,63.800
-0.531760000,43.972700000,64.900
-0.531870000,43.973420000,67.400
-0.531890000,43.973570000,67.600
-0.531940000,43.973930000,67.800
-0.532040000,43.974670000,69.000
-0.532200000,43.975850000,74.000
-0.532220000,43.976030000,73.800
-0.532270000,43.976440000,73.300
-0.532420000,43.977470000,71.200
-0.532530000,43.978320000,67.200
-0.532690000,43.979330000,67.400
-0.532770000,43.979920000,69.400
-0.532770000,43.979960000,69.500
-0.532860000,43.980720000,71.000
-0.532900000,43.981040000,71.500
-0.532910000,43.981290000,72.100
-0.532910000,43.981450000,72.500
-0.532900000,43.981600000,72.800
-0.532850000,43.981770000,73.200
-0.532790000,43.981970000,73.700
-0.532100000,43.983690000,74.000
-0.532090000,43.983710000,74.000
-0.532050000,43.983820000,74.000
-0.531680000,43.984680000,70.600
-0.531660000,43.984730000,70.300
-0.531610000,43.984850000,69.700
-0.531590000,43.984900000,69.500
-0.531540000,43.985020000,69.000
-0.531450000,43.985230000,68.500
-0.531320000,43.985540000,68.000
-0.531290000,43.985610000,67.900
-0.531270000,43.985660000,67.800
-0.531250000,43.985710000,67.700
-0.531180000,43.985890000,67.600
-0.531110000,43.986060000,67.600
-0.530970000,43.986400000,67.400
-0.530820000,43.986780000,67.000
-0.530180000,43.988280000,63.700
-0.530070000,43.988490000,63.200
-0.530060000,43.988530000,63.200
-0.529790000,43.989140000,63.700
-0.529750000,43.989260000,63.800
-0.529680000,43.989430000,63.700
-0.529680000,43.989460000,63.700
-0.529670000,43.989480000,63.700
-0.529610000,43.989630000,63.600
-0.529590000,43.989700000,63.500
-0.529520000,43.989870000,63.400
-0.529510000,43.989890000,63.400
-0.529480000,43.990000000,63.200
-0.529450000,43.990090000,63.400
-0.529430000,43.990200000,63.400
-0.529380000,43.990600000,63.700
-0.529380000,43.990720000,63.700
-0.529350000,43.991040000,64.600
-0.529260000,43.991320000,65.700
-0.529250000,43.991490000,66.300
-0.529240000,43.991580000,66.700
-0.529220000,43.991890000,66.800
-0.529210000,43.992020000,66.600
-0.529190000,43.992380000,66.200
-0.529190000,43.992400000,66.200
-0.529180000,43.992530000,66.200
-0.529170000,43.992710000,67.000
-0.529160000,43.992770000,67.300
-0.529140000,43.993020000,68.500
-0.529150000,43.993100000,68.900
-0.529150000,43.993170000,69.200
-0.529130000,43.993280000,69.700
-0.529080000,43.993420000,69.600
-0.528950000,43.993630000,68.900
-0.528760000,43.993900000,68.000
-0.528390000,43.994410000,67.000
-0.528070000,43.994830000,68.300
-0.527700000,43.995330000,68.700
-0.527470000,43.995700000,67.600
-0.527220000,43.996170000,67.800
-0.527000000,43.996600000,69.600
-0.526850000,43.996890000,70.000
-0.526750000,43.997080000,70.200
-0.526440000,43.997700000,71.200
-0.526280000,43.998010000,71.800
-0.526090000,43.998380000,72.100
-0.525980000,43.998580000,72.400
-0.525980000,43.998590000,72.400
-0.525890000,43.998760000,72.500
-0.525600000,43.999350000,73.300
-0.524810000,44.000860000,74.900
-0.524720000,44.001030000,75.000
-0.524370000,44.001710000,75.300
-0.524050000,44.002330000,76.400
-0.523970000,44.002500000,76.700
-0.523880000,44.002670000,77.200
-0.523790000,44.002840000,77.700
-0.523360000,44.003680000,82.100
-0.523120000,44.004140000,84.200
-0.522970000,44.004430000,85.300
-0.522930000,44.004520000,85.600
-0.522910000,44.004580000,85.700
-0.522850000,44.004750000,86.200
-0.522830000,44.004870000,86.500
-0.522830000,44.004910000,86.600
-0.522830000,44.004960000,86.700
-0.522840000,44.005050000,86.900
-0.522850000,44.005150000,87.000
-0.522910000,44.005510000,87.300
-0.522940000,44.005690000,87.400
-0.522970000,44.005870000,87.500
-0.523000000,44.006020000,87.800
-0.523000000,44.006050000,87.800
-0.523030000,44.006220000,88.100
-0.523070000,44.006400000,88.500
-0.523100000,44.006580000,88.800
-0.523130000,44.006760000,89.000
-0.523150000,44.006860000,88.900
-0.523160000,44.006940000,88.900
-0.523250000,44.007460000,88.300
-0.523330000,44.007930000,86.500
-0.523360000,44.008010000,86.200
-0.523400000,44.008140000,85.800
-0.523430000,44.008200000,85.600
-0.523470000,44.008260000,85.400
-0.523510000,44.008330000,85.200
-0.523550000,44.008380000,85.000
-0.523590000,44.008440000,84.800
-0.523660000,44.008500000,84.500
-0.523670000,44.008510000,84.500
-0.523750000,44.008570000,84.200
-0.523830000,44.008630000,84.000
-0.523840000,44.008640000,83.900
-0.523930000,44.008700000,83.600
-0.524010000,44.008750000,83.400
-0.524130000,44.008820000,83.100
-0.524460000,44.008980000,81.700
-0.524620000,44.009070000,81.300
-0.524660000,44.009080000,81.200
-0.524800000,44.009170000,81.000
-0.524820000,44.009180000,80.900
-0.524910000,44.009230000,80.600
-0.525010000,44.009300000,80.200
-0.525100000,44.009370000,79.800
-0.525170000,44.009430000,79.500
-0.525190000,44.009450000,79.400
-0.525310000,44.009580000,78.700
-0.525400000,44.009710000,78.100
-0.525470000,44.009840000,77.400
-0.525530000,44.009970000,76.800
-0.525550000,44.010010000,76.700
-0.525600000,44.010150000,77.600
-0.525630000,44.010200000,78.000
-0.525820000,44.010730000,81.400
-0.525880000,44.011000000,82.100
-0.525900000,44.011050000,82.100
-0.525950000,44.011200000,82.200
-0.525960000,44.011230000,82.200
-0.526080000,44.011580000,82.600
-0.526130000,44.011720000,82.600
-0.526140000,44.011750000,82.500
-0.526210000,44.011920000,82.100
-0.526270000,44.012100000,81.700
-0.526330000,44.012270000,81.100
-0.526620000,44.013100000,79.700
-0.526690000,44.013320000,80.000
-0.526780000,44.013570000,80.900
-0.526840000,44.013750000,81.500
-0.526900000,44.013920000,82.000
-0.526960000,44.014100000,82.500
-0.527040000,44.014340000,82.300
-0.527080000,44.014510000,81.900
-0.527090000,44.014630000,81.600
-0.527080000,44.014680000,81.600
-0.526980000,44.015300000,81.400
-0.526950000,44.015480000,81.400
-0.526880000,44.015920000,81.400
-0.526790000,44.016370000,81.700
-0.526670000,44.017050000,81.500
-0.526650000,44.017160000,81.500
-0.526640000,44.017230000,81.500
-0.526460000,44.018300000,91.400
-0.526400000,44.018580000,92.900
-0.526340000,44.018890000,94.300
-0.526310000,44.019070000,95.100
-0.526170000,44.019780000,92.500
-0.525990000,44.020880000,90.500
-0.525930000,44.021250000,89.800
-0.525900000,44.021430000,89.500
-0.525790000,44.022140000,87.300
-0.525780000,44.022220000,87.000
-0.525670000,44.022850000,84.400
-0.525630000,44.023100000,83.200
-0.525610000,44.023210000,82.700
-0.525580000,44.023390000,82.400
-0.525520000,44.023750000,84.400
-0.525490000,44.023900000,85.200
-0.525400000,44.024460000,88.900
-0.525350000,44.024710000,90.800
-0.525320000,44.024850000,91.900
-0.525280000,44.025170000,93.200
-0.525260000,44.025690000,93.800
-0.525300000,44.026120000,93.300
-0.525350000,44.026290000,92.800
-0.525410000,44.026530000,91.900
-0.525540000,44.026860000,91.800
-0.525650000,44.027130000,92.600
-0.525880000,44.027660000,94.100
-0.525880000,44.027680000,94.100
-0.526090000,44.028210000,94.800
-0.526280000,44.028660000,95.800
-0.526380000,44.028900000,96.400
-0.526380000,44.028910000,96.400
-0.526450000,44.029080000,96.800
-0.526520000,44.029250000,98.100
-0.526590000,44.029420000,100.100
-0.526600000,44.029440000,100.400
-0.526660000,44.029600000,102.200
-0.526730000,44.029770000,104.400
-0.526800000,44.029940000,106.500
-0.526830000,44.030010000,107.200
-0.526870000,44.030110000,107.500
-0.527080000,44.030630000,108.600
-0.527140000,44.030790000,108.900
-0.527150000,44.030810000,109.000
-0.527300000,44.031150000,106.900
-0.527370000,44.031320000,105.700
-0.527430000,44.031460000,104.600
-0.527440000,44.031490000,104.400
-0.527650000,44.032010000,103.000
-0.527660000,44.032040000,103.000
-0.527770000,44.032310000,103.300
-0.527880000,44.032580000,103.400
-0.527980000,44.032830000,102.300
-0.528060000,44.033000000,101.500
-0.528110000,44.033140000,100.700
-0.528350000,44.033690000,98.300
-0.528510000,44.034080000,96.400
-0.528750000,44.034550000,95.300
-0.528820000,44.034680000,95.100
-0.528900000,44.034840000,94.900
-0.529140000,44.035320000,94.600
-0.529330000,44.035690000,93.900
-0.529410000,44.035860000,93.700
-0.529470000,44.035980000,93.800
-0.529500000,44.036030000,93.800
-0.529580000,44.036200000,93.900
-0.529670000,44.036360000,94.000
-0.529790000,44.036590000,94.200
-0.530020000,44.037040000,94.800
-0.530110000,44.037210000,94.900
-0.530110000,44.037220000,94.900
-0.530290000,44.037550000,94.500
-0.530360000,44.037670000,94.100
-0.530650000,44.038040000,93.500
-0.530750000,44.038150000,93.600
-0.530880000,44.038270000,93.600
-0.531090000,44.038430000,92.100
-0.531460000,44.038680000,89.000
-0.531550000,44.038740000,88.400
-0.531560000,44.038750000,88.300
-0.531650000,44.038800000,87.800
-0.531750000,44.038870000,87.000
-0.531820000,44.038920000,86.400
-0.531930000,44.038990000,85.600
-0.532120000,44.039110000,84.100
-0.532290000,44.039220000,83.100
-0.532310000,44.039230000,83.000
-0.532320000,44.039240000,83.000
-0.532480000,44.039340000,82.500
-0.532680000,44.039470000,82.900
-0.532860000,44.039590000,83.400
-0.533240000,44.039830000,84.500
-0.533340000,44.039900000,84.800
-0.533420000,44.039950000,84.900
-0.533440000,44.039960000,84.900
-0.533490000,44.039990000,85.000
-0.533600000,44.040060000,85.000
-0.533800000,44.040190000,84.700
-0.533900000,44.040250000,84.600
-0.533990000,44.040310000,84.400
-0.534110000,44.040400000,84.100
-0.534160000,44.040440000,84.000
-0.534320000,44.040580000,83.400
-0.534350000,44.040610000,83.300
-0.534470000,44.040720000,83.100
-0.534580000,44.040820000,83.000
-0.534610000,44.040860000,82.900
-0.534720000,44.040990000,82.300
-0.534860000,44.041140000,81.600
-0.535050000,44.041400000,80.300
-0.535160000,44.041570000,79.500
-0.535170000,44.041600000,79.300
-0.535260000,44.041760000,78.400
-0.535260000,44.041770000,78.300
-0.535290000,44.041860000,77.800
-0.535320000,44.041940000,77.200
-0.535350000,44.042010000,76.800
-0.535410000,44.042300000,74.800
-0.535420000,44.042360000,74.400
-0.535460000,44.042660000,73.100
-0.535470000,44.042730000,72.900
-0.535500000,44.042910000,72.400
-0.535530000,44.043090000,71.900
-0.535560000,44.043270000,71.500
-0.535580000,44.043460000,72.000
-0.535580000,44.043600000,72.700
-0.535570000,44.043820000,73.800
-0.535550000,44.044020000,74.900
-0.535540000,44.044070000,75.200
-0.535510000,44.044250000,76.200
-0.535500000,44.044470000,77.300
-0.535500000,44.044560000,77.800
-0.535510000,44.044660000,78.200
-0.535520000,44.044710000,78.400
-0.535520000,44.044810000,78.900
-0.535530000,44.044860000,79.100
-0.535590000,44.045120000,79.400
-0.535610000,44.045200000,79.300
-0.535680000,44.045510000,79.100
-0.535730000,44.045750000,79.100
-0.535740000,44.045800000,79.100
-0.535780000,44.046290000,78.000
-0.535810000,44.046690000,77.100
-0.535810000,44.046800000,77.200
-0.535820000,44.046870000,77.300
-0.535830000,44.047130000,77.600
-0.535830000,44.047190000,77.600
-0.535850000,44.047580000,78.100
-0.535860000,44.047580000,78.100
-0.535870000,44.047770000,78.300
-0.535890000,44.048220000,78.800
-0.535890000,44.048230000,78.800
-0.535920000,44.048740000,78.800
-0.535920000,44.048870000,78.800
-0.535940000,44.049150000,78.700
-0.535940000,44.049170000,78.800
-0.535950000,44.049380000,79.700
-0.535960000,44.049670000,81.000
-0.535980000,44.049940000,82.200
-0.535990000,44.050100000,82.800
-0.536010000,44.050520000,84.400
-0.536020000,44.050750000,85.200
-0.536020000,44.050760000,85.300
-0.536020000,44.050870000,85.500
-0.536020000,44.050930000,85.300
-0.536010000,44.051000000,85.200
-0.536000000,44.051230000,84.600
-0.535990000,44.051340000,84.400
-0.535950000,44.051540000,84.000
-0.535940000,44.051640000,83.800
-0.535880000,44.051900000,83.300
-0.535850000,44.051990000,83.200
-0.535790000,44.052180000,82.800
-0.535670000,44.052500000,82.400
-0.535520000,44.052840000,83.600
-0.535250000,44.053410000,83.900
-0.534950000,44.054010000,83.900
-0.534630000,44.054680000,86.500
-0.534620000,44.054700000,86.500
-0.534590000,44.054760000,86.800
-0.534300000,44.055350000,90.000
-0.534110000,44.055730000,92.500
-0.534100000,44.055750000,92.700
-0.533730000,44.056490000,91.700
-0.533600000,44.056770000,91.300
-0.533580000,44.056810000,91.200
-0.533400000,44.057200000,89.700
-0.533200000,44.057700000,88.700
-0.533080000,44.058040000,89.100
-0.533020000,44.058230000,89.100
-0.533000000,44.058310000,89.000
-0.532910000,44.058640000,89.000
-0.532880000,44.058810000,88.900
-0.532830000,44.059010000,88.800
-0.532760000,44.059360000,86.200
-0.532710000,44.059710000,81.800
-0.532690000,44.059880000,79.700
-0.532670000,44.060070000,78.100
-0.532650000,44.060240000,77.800
-0.532650000,44.060300000,77.800
-0.532630000,44.060530000,77.400
-0.532630000,44.060600000,77.300
-0.532630000,44.060610000,77.300
-0.532620000,44.060680000,77.200
-0.532620000,44.060690000,77.200
-0.532610000,44.061010000,77.400
-0.532610000,44.061040000,77.500
-0.532610000,44.061060000,77.500
-0.532600000,44.061450000,78.400
-0.532600000,44.061480000,78.500
-0.532590000,44.061590000,78.700
-0.532590000,44.061710000,79.100
-0.532570000,44.062020000,80.200
-0.532570000,44.062030000,80.300
-0.532550000,44.062510000,82.000
-0.532550000,44.062550000,81.900
-0.532530000,44.062910000,81.000
-0.532520000,44.063250000,80.200
-0.532520000,44.063440000,79.700
-0.532520000,44.063470000,79.600
-0.532520000,44.063510000,79.500
-0.532570000,44.063820000,78.700
-0.532610000,44.063980000,78.300
-0.532710000,44.064340000,77.600
-0.532820000,44.064750000,77.200
-0.532970000,44.065270000,77.800
-0.533090000,44.065730000,79.400
-0.533150000,44.065930000,80.000
-0.533250000,44.066310000,81.000
-0.533330000,44.066610000,81.900
-0.533370000,44.066770000,82.400
-0.533380000,44.066790000,82.400
-0.533490000,44.067190000,83.500
-0.533590000,44.067550000,84.300
-0.533680000,44.067810000,85.000
-0.533740000,44.067950000,85.400
-0.533780000,44.068000000,85.600
-0.533840000,44.068100000,85.900
-0.533920000,44.068220000,86.400
-0.534060000,44.068380000,87.200
-0.534230000,44.068560000,87.900
-0.534450000,44.068750000,88.200
-0.534640000,44.068910000,88.200
-0.535100000,44.069300000,89.200
-0.535240000,44.069420000,90.300
-0.535370000,44.069530000,91.200
-0.535680000,44.069800000,92.500
-0.536220000,44.070250000,92.700
-0.536580000,44.070550000,91.700
-0.536660000,44.070630000,91.300
-0.536820000,44.070770000,90.500
-0.536930000,44.070860000,90.200
-0.536990000,44.070900000,90.100
-0.537550000,44.071380000,88.400
-0.537790000,44.071590000,87.300
-0.538080000,44.071830000,86.600
-0.538120000,44.071870000,86.700
-0.538620000,44.072290000,87.100
-0.539200000,44.072790000,86.700
-0.539640000,44.073160000,88.100
-0.540090000,44.073540000,88.700
-0.540340000,44.073750000,89.400
-0.540570000,44.073970000,89.900
-0.540700000,44.074100000,90.000
-0.540770000,44.074180000,90.000
-0.540890000,44.074330000,89.700
-0.540980000,44.074450000,89.700
-0.541100000,44.074620000,89.600
-0.541240000,44.074830000,89.400
-0.541440000,44.075150000,89.100
-0.541500000,44.075240000,89.000
-0.541540000,44.075310000,89.000
-0.541760000,44.075650000,88.600
-0.542100000,44.076210000,88.100
-0.542410000,44.076710000,87.000
-0.542670000,44.077140000,87.000
-0.543000000,44.077660000,86.400
-0.543140000,44.077900000,86.200
-0.543170000,44.077940000,86.200
-0.543270000,44.078110000,86.100
-0.543370000,44.078270000,86.100
-0.543660000,44.078730000,86.000
-0.543680000,44.078760000,86.000
-0.543880000,44.079090000,84.900
-0.544190000,44.079590000,84.000
-0.544210000,44.079620000,83.900
-0.544220000,44.079650000,83.900
-0.544420000,44.079980000,83.400
-0.544500000,44.080100000,83.500
-0.544520000,44.080140000,83.600
-0.544840000,44.080660000,84.100
-0.545030000,44.080960000,84.500
-0.545300000,44.081400000,86.600
-0.545620000,44.081930000,88.300
-0.546060000,44.082650000,88.800
-0.546450000,44.083300000,85.800
-0.546620000,44.083580000,86.000
-0.546690000,44.083710000,86.300
-0.546730000,44.083790000,86.500
-0.546730000,44.083790000,86.500
-0.546770000,44.083860000,86.600
-0.546850000,44.084050000,87.000
-0.546850000,44.084070000,87.000
-0.546890000,44.084190000,87.200
-0.546900000,44.084230000,87.200
-0.546910000,44.084270000,87.200
-0.546930000,44.084360000,87.300
-0.546950000,44.084510000,87.400
-0.546950000,44.084620000,87.500
-0.546960000,44.085080000,87.900
-0.546980000,44.085720000,87.700
-0.546980000,44.085800000,87.600
-0.546980000,44.085980000,87.700
-0.546980000,44.086340000,87.900
-0.546990000,44.086650000,88.200
-0.546990000,44.086880000,88.100
-0.547000000,44.087570000,87.900
-0.547010000,44.087870000,87.400
-0.547020000,44.088450000,86.900
-0.547030000,44.088950000,87.600
-0.547040000,44.089230000,87.900
-0.547040000,44.089440000,87.700
-0.547060000,44.089910000,87.500
-0.547070000,44.090340000,87.900
-0.547070000,44.090350000,87.900
-0.547080000,44.090520000,88.100
-0.547080000,44.090650000,88.300
-0.547080000,44.090700000,88.300
-0.547080000,44.090910000,88.900
-0.547090000,44.090980000,89.200
-0.547090000,44.091220000,90.400
-0.547060000,44.091450000,91.400
-0.547050000,44.091510000,91.600
-0.547030000,44.091600000,92.000
-0.547020000,44.091630000,92.100
-0.546970000,44.091800000,92.500
-0.546970000,44.091810000,92.500
-0.546850000,44.092190000,93.400
-0.546850000,44.092220000,93.500
-0.546820000,44.092310000,93.700
-0.546720000,44.092620000,93.500
-0.546710000,44.092670000,93.300
-0.546580000,44.093090000,91.300
-0.546570000,44.093140000,91.100
-0.546450000,44.093520000,90.300
-0.546410000,44.093640000,90.300
-0.546300000,44.094020000,89.800
-0.546270000,44.094120000,89.600
-0.546140000,44.094540000,89.200
-0.546110000,44.094650000,89.100
-0.545930000,44.095240000,88.400
-0.545920000,44.095260000,88.400
-0.545860000,44.095470000,87.900
-0.545760000,44.095820000,87.400
-0.545610000,44.096300000,88.300
-0.545550000,44.096490000,88.600
-0.545500000,44.096680000,88.900
-0.545490000,44.096730000,89.200
-0.545470000,44.096780000,89.500
-0.545430000,44.096900000,90.200
-0.545310000,44.097270000,92.400
-0.545260000,44.097430000,93.300
-0.545210000,44.097600000,93.800
-0.545180000,44.097740000,93.900
-0.545170000,44.097810000,93.900
-0.545160000,44.097910000,94.000
-0.545180000,44.098030000,94.100
-0.545230000,44.098160000,94.200
-0.545310000,44.098290000,94.300
-0.545330000,44.098330000,94.400
-0.545390000,44.098440000,94.200
-0.545430000,44.098490000,94.100
-0.545570000,44.098710000,93.800
-0.545660000,44.098860000,93.500
-0.545820000,44.099110000,93.100
-0.545980000,44.099350000,91.600
-0.546120000,44.099560000,90.300
-0.546120000,44.099570000,90.200
-0.546250000,44.099780000,89.100
-0.546300000,44.099910000,88.400
-0.546310000,44.100020000,88.000
-0.546310000,44.100110000,88.000
-0.546300000,44.100180000,88.000
-0.546280000,44.100290000,88.000
-0.546270000,44.100320000,88.000
-0.546260000,44.100380000,88.000
-0.546250000,44.100440000,88.000
-0.546220000,44.100610000,87.900
-0.546220000,44.100630000,87.900
-0.546130000,44.100970000,88.000
-0.546100000,44.101060000,88.200
-0.546080000,44.101110000,88.300
-0.546000000,44.101360000,88.900
-0.546000000,44.101370000,88.900
-0.545920000,44.101620000,89.700
-0.545830000,44.101930000,90.000
-0.545800000,44.102030000,90.000
-0.545770000,44.102110000,90.100
-0.545720000,44.102280000,90.300
-0.545610000,44.102630000,90.200
-0.545450000,44.103100000,88.800
-0.545380000,44.103310000,88.300
-0.545340000,44.103470000,87.700
-0.545320000,44.103530000,87.600
-0.545260000,44.103700000,87.000
-0.545250000,44.103720000,86.900
-0.545160000,44.103990000,85.700
-0.545100000,44.104200000,84.800
-0.545050000,44.104350000,84.300
-0.545050000,44.104370000,84.300
-0.545030000,44.104440000,84.000
-0.544960000,44.104650000,83.300
-0.544960000,44.104710000,83.100
-0.544940000,44.104790000,82.900
-0.544840000,44.105060000,82.600
-0.544800000,44.105200000,83.100
-0.544740000,44.105380000,83.700
-0.544630000,44.105730000,84.700
-0.544590000,44.105910000,85.300
-0.544580000,44.106030000,85.700
-0.544580000,44.106140000,86.100
-0.544600000,44.106230000,86.300
-0.544620000,44.106390000,86.900
-0.544630000,44.106450000,87.100
-0.544640000,44.106490000,87.200
-0.544660000,44.106630000,87.700
-0.544700000,44.106810000,88.100
-0.544720000,44.106930000,88.300
-0.544770000,44.107160000,88.700
-0.544820000,44.107460000,89.300
-0.544880000,44.107780000,89.900
-0.544970000,44.108290000,90.900
-0.544990000,44.108380000,90.900
-0.545130000,44.109130000,89.700
-0.545240000,44.109750000,90.300
-0.545330000,44.110200000,90.900
-0.545340000,44.110270000,91.000
-0.545360000,44.110380000,91.200
-0.545440000,44.110830000,92.000
-0.545530000,44.111270000,93.500
-0.545560000,44.111400000,94.100
-0.545560000,44.111450000,94.200
-0.545630000,44.111800000,95.500
-0.545650000,44.111910000,95.700
-0.545660000,44.111980000,95.800
-0.545690000,44.112160000,96.200
-0.545760000,44.112560000,96.800
-0.545870000,44.113120000,97.200
-0.545890000,44.113230000,97.300
-0.545930000,44.113410000,97.500
-0.545960000,44.113590000,97.500
-0.546040000,44.114050000,97.000
-0.546090000,44.114300000,96.700
-0.546270000,44.115170000,95.600
-0.546290000,44.115270000,95.300
-0.546330000,44.115450000,94.900
-0.546480000,44.116170000,94.000
-0.546780000,44.117870000,92.000
-0.546790000,44.117930000,92.000
-0.546820000,44.118110000,92.100
-0.546850000,44.118290000,92.200
-0.546880000,44.118460000,92.500
-0.546920000,44.118640000,92.800
-0.546950000,44.118800000,93.100
-0.546950000,44.118820000,93.100
-0.546980000,44.119000000,93.400
-0.547080000,44.119510000,94.500
-0.547210000,44.120080000,95.700
-0.547310000,44.120600000,95.500
-0.547310000,44.120620000,95.500
-0.547340000,44.120880000,95.600
-0.547370000,44.121080000,95.400
-0.547400000,44.121440000,95.000
-0.547400000,44.121590000,94.900
-0.547420000,44.122000000,96.300
-0.547440000,44.122490000,98.600
-0.547470000,44.123200000,103.100
-0.547470000,44.123210000,103.200
-0.547480000,44.123570000,104.000
-0.547490000,44.123750000,104.000
-0.547510000,44.124450000,103.000
-0.547540000,44.125080000,101.200
-0.547540000,44.125090000,101.200
-0.547540000,44.125150000,101.200
-0.547580000,44.126180000,102.700
-0.547600000,44.126760000,105.000
-0.547610000,44.126890000,105.200
-0.547610000,44.126940000,105.200
-0.547620000,44.127120000,105.500
-0.547620000,44.127300000,105.700
-0.547650000,44.127930000,105.300
-0.547650000,44.128020000,105.200
-0.547660000,44.128190000,105.000
-0.547670000,44.128370000,104.900
-0.547690000,44.128890000,106.500
-0.547690000,44.129090000,107.100
-0.547700000,44.129270000,107.100
-0.547720000,44.129670000,106.400
-0.547730000,44.130110000,105.600
-0.547730000,44.130170000,105.500
-0.547740000,44.130350000,105.200
-0.547750000,44.130720000,104.500
-0.547780000,44.131250000,105.800
-0.547780000,44.131450000,106.600
-0.547800000,44.131970000,108.000
-0.547820000,44.132340000,109.000
-0.547840000,44.132870000,109.100
-0.547840000,44.133050000,108.900
-0.547850000,44.133070000,108.900
-0.547860000,44.133410000,108.700
-0.547860000,44.133470000,108.600
-0.547870000,44.133820000,108.500
-0.547820000,44.134170000,107.900
-0.547720000,44.134550000,107.900
-0.547630000,44.134860000,108.100
-0.547320000,44.135830000,106.800
-0.547190000,44.136240000,107.000
-0.547010000,44.136820000,107.800
-0.546780000,44.137570000,108.900
-0.546690000,44.137890000,109.000
-0.546490000,44.138530000,108.500
-0.546380000,44.138900000,107.600
-0.546110000,44.139810000,106.000
-0.545980000,44.140230000,105.300
-0.545900000,44.140500000,104.800
-0.545720000,44.141110000,105.200
-0.545620000,44.141400000,106.400
-0.545340000,44.142320000,109.200
-0.545260000,44.142590000,109.900
-0.545210000,44.142770000,110.400
-0.544990000,44.143470000,112.500
-0.544930000,44.143640000,113.000
-0.544920000,44.143680000,113.100
-0.544830000,44.143990000,114.000
-0.544770000,44.144170000,114.400
-0.544640000,44.144590000,112.200
-0.544440000,44.145260000,109.700
-0.544260000,44.145830000,109.600
-0.544070000,44.146450000,111.500
-0.543970000,44.146750000,112.000
-0.543580000,44.148020000,111.800
-0.543520000,44.148220000,111.600
-0.543350000,44.148770000,111.700
-0.543130000,44.149470000,113.200
-0.542940000,44.150080000,114.200
-0.542780000,44.150600000,116.700
-0.542560000,44.151310000,118.800
-0.542420000,44.151750000,119.500
-0.542280000,44.152180000,117.500
-0.542120000,44.152710000,115.700
-0.542110000,44.152750000,115.600
-0.541960000,44.153220000,114.800
-0.541860000,44.153540000,114.700
-0.541700000,44.154010000,114.800
-0.541610000,44.154310000,115.200
-0.541520000,44.154590000,116.000
-0.541170000,44.155730000,119.200
-0.541050000,44.156170000,119.600
-0.540760000,44.157100000,119.400
-0.540410000,44.158240000,122.100
-0.540220000,44.158850000,122.100
-0.540130000,44.159150000,122.000
-0.540040000,44.159440000,121.300
-0.539950000,44.159710000,120.700
-0.539930000,44.159790000,120.500
-0.539730000,44.160400000,119.200
-0.539540000,44.161020000,118.200
-0.539480000,44.161200000,118.000
-0.539430000,44.161370000,117.800
-0.539380000,44.161540000,117.700
-0.539320000,44.161720000,117.900
-0.539270000,44.161890000,118.800
-0.539210000,44.162070000,119.800
-0.539200000,44.162110000,120.000
-0.538990000,44.162780000,122.700
-0.538930000,44.162940000,122.900
-0.538880000,44.163120000,123.100
-0.538630000,44.163910000,122.300
-0.538450000,44.164480000,121.000
-0.538380000,44.164700000,120.500
-0.538340000,44.164830000,120.200
-0.538330000,44.164880000,120.100
-0.538270000,44.165060000,120.100
-0.538060000,44.165730000,121.200
-0.538000000,44.165930000,121.400
-0.537950000,44.166110000,121.500
-0.537840000,44.166460000,121.500
-0.537820000,44.166530000,121.400
-0.537640000,44.167100000,119.600
-0.537600000,44.167210000,119.200
-0.537570000,44.167340000,118.700
-0.537450000,44.167740000,117.900
-0.537370000,44.168020000,117.600
-0.537160000,44.168700000,117.700
-0.536910000,44.169490000,117.900
-0.536780000,44.169890000,117.300
-0.536550000,44.170640000,116.800
-0.536480000,44.170880000,116.700
-0.536310000,44.171400000,115.800
-0.536220000,44.171700000,115.700
-0.536060000,44.172240000,117.700
-0.536000000,44.172460000,118.300
-0.535930000,44.172660000,118.800
-0.535920000,44.172710000,118.900
-0.535900000,44.172780000,119.100
-0.535620000,44.173670000,120.300
-0.535580000,44.173810000,120.200
-0.535370000,44.174490000,119.400
-0.535240000,44.174900000,118.500
-0.535120000,44.175310000,118.100
-0.534970000,44.175760000,117.900
-0.534940000,44.175870000,117.800
-0.534900000,44.176000000,117.600
-0.534870000,44.176110000,117.500
-0.534820000,44.176340000,117.400
-0.534790000,44.176490000,117.200
-0.534750000,44.176690000,117.100
-0.534730000,44.176810000,116.900
-0.534700000,44.176920000,116.700
-0.534660000,44.177150000,116.400
-0.534650000,44.177200000,116.400
-0.534620000,44.177390000,116.200
-0.534550000,44.177740000,116.100
-0.534470000,44.178200000,116.300
-0.534410000,44.178560000,116.700
-0.534380000,44.178740000,117.000
-0.534370000,44.178780000,117.000
-0.534310000,44.179110000,117.400
-0.534250000,44.179480000,117.600
-0.534210000,44.179710000,117.700
-0.534110000,44.180260000,117.800
-0.534070000,44.180510000,117.700
-0.533970000,44.181090000,117.900
-0.533930000,44.181340000,118.000
-0.533810000,44.182010000,117.700
-0.533640000,44.183050000,116.300
-0.533560000,44.183510000,115.100
-0.533440000,44.184130000,113.100
-0.533360000,44.184640000,113.000
-0.533240000,44.185340000,112.400
-0.533120000,44.186020000,111.600
-0.533060000,44.186380000,111.200
-0.532960000,44.186970000,111.000
-0.532860000,44.187540000,111.000
-0.532740000,44.188240000,111.600
-0.532650000,44.188810000,112.100
-0.532540000,44.189410000,112.100
-0.532360000,44.190420000,112.300
-0.532140000,44.191710000,110.800
-0.531910000,44.192980000,110.700
-0.531730000,44.194040000,110.100
-0.531730000,44.194050000,110.100
-0.531630000,44.194590000,110.500
-0.531570000,44.194950000,110.900
-0.531540000,44.195090000,110.800
-0.531410000,44.195830000,109.300
-0.531310000,44.196360000,109.100
-0.531290000,44.196480000,109.000
-0.531220000,44.196900000,110.500
-0.531170000,44.197180000,112.300
-0.531160000,44.197260000,112.800
-0.531120000,44.197430000,113.900
-0.531020000,44.197970000,116.800
-0.530990000,44.198150000,117.600
-0.530920000,44.198500000,117.600
-0.530860000,44.198860000,116.200
-0.530860000,44.198880000,116.100
-0.530830000,44.199040000,115.500
-0.530790000,44.199220000,114.800
-0.530760000,44.199400000,114.100
-0.530710000,44.199690000,113.000
-0.530700000,44.199740000,112.800
-0.530600000,44.200270000,111.800
-0.530480000,44.200960000,111.400
-0.530440000,44.201160000,111.500
-0.530360000,44.201560000,111.400
-0.530340000,44.201700000,111.500
-0.530280000,44.202010000,112.800
-0.530220000,44.202350000,114.000
-0.530210000,44.202420000,114.300
-0.530170000,44.202600000,115.100
-0.530140000,44.202830000,116.400
-0.530110000,44.202960000,117.100
-0.530070000,44.203180000,118.200
-0.530050000,44.203320000,118.900
-0.530030000,44.203420000,118.600
-0.529960000,44.203750000,117.200
-0.529880000,44.204220000,115.400
-0.529790000,44.204690000,114.100
-0.529780000,44.204740000,114.000
-0.529750000,44.204920000,113.500
-0.529690000,44.205260000,112.900
-0.529660000,44.205460000,112.600
-0.529540000,44.206070000,110.800
-0.529490000,44.206350000,109.100
-0.529460000,44.206520000,108.000
-0.529420000,44.206750000,107.000
-0.529350000,44.207110000,107.100
-0.529330000,44.207240000,107.100
-0.529310000,44.207340000,107.200
-0.529260000,44.207570000,107.700
-0.529260000,44.207590000,107.900
-0.529190000,44.208020000,110.800
-0.529140000,44.208260000,112.300
-0.529100000,44.208500000,112.300
-0.528990000,44.209080000,110.800
-0.528910000,44.209530000,109.500
-0.528810000,44.210100000,108.300
-0.528730000,44.210490000,107.900
-0.528650000,44.211010000,108.200
-0.528590000,44.211330000,109.000
-0.528580000,44.211390000,109.200
-0.528530000,44.211670000,110.000
-0.528480000,44.211950000,110.200
-0.528420000,44.212290000,110.600
-0.528350000,44.212630000,111.000
-0.528280000,44.213100000,111.000
-0.528230000,44.213360000,111.100
-0.528190000,44.213560000,111.300
-0.528130000,44.213890000,111.600
-0.528130000,44.213930000,111.600
-0.528040000,44.214400000,111.400
-0.528040000,44.214430000,111.300
-0.528000000,44.214610000,111.000
-0.527980000,44.214740000,110.800
-0.527940000,44.214960000,110.500
-0.527930000,44.214980000,110.500
-0.527910000,44.215140000,110.400
-0.527890000,44.215210000,110.400
-0.527860000,44.215320000,110.400
-0.527860000,44.215340000,110.400
-0.527850000,44.215400000,110.300
-0.527830000,44.215500000,110.300
-0.527780000,44.215770000,110.100
-0.527760000,44.215850000,110.100
-0.527730000,44.216010000,110.400
-0.527680000,44.216240000,110.800
-0.527640000,44.216470000,111.000
-0.527590000,44.216690000,111.200
-0.527570000,44.216820000,111.400
-0.527480000,44.217260000,112.500
-0.527440000,44.217450000,113.000
-0.527360000,44.217810000,111.700
-0.527360000,44.217830000,111.700
-0.527290000,44.218170000,110.200
-0.527260000,44.218340000,109.600
-0.527240000,44.218410000,109.500
-0.527180000,44.218700000,109.100
-0.527170000,44.218760000,109.000
-0.527150000,44.218880000,108.800
-0.527110000,44.219090000,108.500
-0.527080000,44.219230000,108.400
-0.527060000,44.219320000,108.400
-0.526990000,44.219660000,108.000
-0.526950000,44.219890000,107.600
-0.526930000,44.219960000,107.400
-0.526880000,44.220250000,107.800
-0.526810000,44.220670000,108.600
-0.526780000,44.220840000,109.000
-0.526710000,44.221250000,109.500
-0.526640000,44.221650000,110.100
-0.526590000,44.221890000,109.600
-0.526490000,44.222460000,108.000
-0.526480000,44.222500000,107.900
-0.526380000,44.223050000,109.700
-0.526330000,44.223310000,110.600
-0.526320000,44.223380000,110.400
-0.526280000,44.223630000,109.000
-0.526240000,44.223850000,108.000
-0.526200000,44.224070000,107.100
-0.526130000,44.224420000,107.000
-0.526110000,44.224560000,106.900
-0.525990000,44.225220000,105.200
-0.525940000,44.225470000,103.300
-0.525870000,44.225870000,100.000
-0.525710000,44.226760000,98.900
-0.525700000,44.226790000,98.900
-0.525610000,44.227300000,98.200
-0.525600000,44.227380000,98.100
-0.525550000,44.227650000,97.900
-0.525450000,44.228180000,97.600
-0.525450000,44.228190000,97.600
-0.525420000,44.228370000,97.700
-0.525330000,44.228870000,99.600
-0.525320000,44.228900000,99.700
-0.525200000,44.229560000,101.900
-0.525130000,44.229970000,103.200
-0.525120000,44.230020000,103.300
-0.525060000,44.230360000,103.500
-0.524990000,44.230770000,103.900
-0.524990000,44.230800000,104.000
-0.524920000,44.231170000,104.100
-0.524890000,44.231340000,104.100
-0.524800000,44.231860000,104.100
-0.524680000,44.232550000,103.800
-0.524610000,44.232940000,105.200
-0.524560000,44.233240000,106.000
-0.524550000,44.233300000,106.200
-0.524520000,44.233470000,106.400
-0.524500000,44.233580000,106.400
-0.524420000,44.233920000,106.400
-0.524390000,44.234010000,106.400
-0.524350000,44.234150000,106.300
-0.524300000,44.234270000,105.600
-0.524160000,44.234660000,103.800
-0.524030000,44.235010000,102.800
-0.523970000,44.235180000,102.300
-0.523840000,44.235530000,101.300
-0.523780000,44.235700000,100.900
-0.523650000,44.236050000,99.900
-0.523530000,44.236400000,98.900
-0.523460000,44.236570000,98.400
-0.522850000,44.238260000,97.000
-0.522750000,44.238460000,97.300
-0.522700000,44.238570000,97.600
-0.522640000,44.238680000,97.800
-0.522510000,44.238890000,98.300
-0.522370000,44.239140000,98.800
-0.522040000,44.239670000,98.700
-0.521820000,44.240050000,98.300
-0.521630000,44.240370000,98.000
-0.521620000,44.240390000,98.000
-0.521470000,44.240650000,97.900
-0.521370000,44.240810000,98.000
-0.521280000,44.240960000,98.000
-0.521230000,44.241070000,98.000
-0.521180000,44.241190000,98.100
-0.521130000,44.241360000,98.200
-0.521040000,44.241980000,97.800
-0.520920000,44.242790000,96.600
-0.520830000,44.243420000,97.000
-0.520710000,44.244060000,97.000
-0.520630000,44.244490000,97.300
-0.520590000,44.244640000,97.400
-0.520510000,44.245020000,97.600
-0.520450000,44.245260000,97.500
-0.520400000,44.245550000,97.500
-0.520360000,44.245730000,97.600
-0.520300000,44.246050000,96.700
-0.520260000,44.246260000,95.800
-0.520240000,44.246340000,95.500
-0.520230000,44.246430000,95.100
-0.520230000,44.246440000,95.000
-0.520190000,44.246810000,94.000
-0.520120000,44.247410000,93.900
-0.520000000,44.248590000,95.000
-0.519980000,44.248760000,95.000
-0.519980000,44.248880000,95.000
-0.519980000,44.249000000,95.000
-0.519990000,44.249130000,95.000
-0.520000000,44.249180000,95.000
-0.520020000,44.249300000,95.300
-0.520180000,44.250070000,96.900
-0.520230000,44.250240000,96.900
-0.520290000,44.250420000,97.000
-0.520340000,44.250590000,97.000
-0.520360000,44.250650000,97.000
-0.520420000,44.250760000,96.900
-0.520480000,44.250850000,96.800
-0.520540000,44.250920000,96.400
-0.520560000,44.250940000,96.300
-0.520760000,44.251110000,95.500
-0.521000000,44.251300000,94.800
-0.521170000,44.251440000,94.400
-0.521280000,44.251560000,94.200
-0.521370000,44.251660000,94.000
-0.521430000,44.251770000,94.100
-0.521460000,44.251870000,94.200
-0.521480000,44.251920000,94.200
-0.521490000,44.251990000,94.300
-0.521500000,44.252150000,94.500
-0.521530000,44.252440000,94.800
-0.521550000,44.252750000,94.900
-0.521560000,44.252800000,94.900
-0.521590000,44.253220000,95.000
-0.521580000,44.253300000,95.000
-0.521580000,44.253740000,95.100
-0.521570000,44.254440000,94.100
-0.521580000,44.255160000,92.200
-0.521580000,44.255630000,92.700
-0.521580000,44.255990000,92.900
-0.521580000,44.256100000,92.900
-0.521610000,44.257260000,91.500
-0.521620000,44.258060000,90.300
-0.521630000,44.258270000,90.000
-0.521630000,44.258390000,90.000
-0.521630000,44.258430000,90.100
-0.521630000,44.258530000,90.200
-0.521630000,44.258660000,90.400
-0.521620000,44.258830000,90.700
-0.521610000,44.258920000,90.900
-0.521590000,44.259060000,91.200
-0.521560000,44.259240000,91.700
-0.521490000,44.259690000,93.200
-0.521450000,44.259940000,94.100
-0.521420000,44.260200000,94.200
-0.521420000,44.260220000,94.200
-0.521390000,44.260520000,94.000
-0.521370000,44.260690000,94.000
-0.521350000,44.260810000,93.900
-0.521300000,44.261130000,92.900
-0.521250000,44.261380000,91.900
-0.521230000,44.261490000,91.400
-0.521210000,44.261590000,90.900
-0.521190000,44.261670000,90.600
-0.521160000,44.261720000,90.500
-0.521140000,44.261780000,90.400
-0.521110000,44.261840000,90.300
-0.521080000,44.261900000,90.200
-0.521050000,44.261950000,90.100
-0.521020000,44.262000000,90.100
-0.520940000,44.262110000,89.900
-0.520380000,44.262720000,89.800
-0.520290000,44.262830000,90.000
-0.520290000,44.262830000,90.000
-0.520420000,44.262840000,89.900
-0.520700000,44.262950000,89.700
-0.520910000,44.263020000,89.600
-0.521040000,44.263060000,89.700
-0.521390000,44.263170000,89.800
-0.521410000,44.263180000,89.800
-0.521870000,44.263320000,90.000
-0.522070000,44.263390000,90.000
-0.522400000,44.263490000,90.000
-0.522650000,44.263570000,89.900
-0.522830000,44.263610000,89.900
-0.523000000,44.263640000,89.800
-0.523320000,44.263650000,89.800
-0.523620000,44.263670000,89.700
-0.523770000,44.263680000,89.600
-0.523840000,44.263680000,89.600
-0.523940000,44.263680000,89.500
-0.524230000,44.263690000,89.500
-0.524420000,44.263700000,89.600
-0.524580000,44.263700000,89.700
-0.524930000,44.263720000,90.000
-0.525560000,44.263740000,89.700
-0.526090000,44.263770000,89.700
-0.526580000,44.263800000,90.200
-0.526850000,44.263820000,90.000
-0.527060000,44.263830000,89.600
-0.527440000,44.263880000,89.100
-0.527900000,44.263930000,88.500
-0.528090000,44.263950000,88.200
-0.528290000,44.263980000,87.900
-0.528570000,44.264010000,87.900
-0.529180000,44.264080000,88.000
-0.529640000,44.264130000,88.000
-0.529950000,44.264160000,88.000
-0.529980000,44.264170000,88.000
-0.530300000,44.264210000,88.800
-0.530460000,44.264230000,89.200
-0.530480000,44.264230000,89.300
-0.530640000,44.264250000,89.700
-0.530860000,44.264270000,90.200
-0.531310000,44.264320000,91.100
-0.531380000,44.264330000,91.300
-0.531470000,44.264340000,91.400
-0.531620000,44.264360000,91.700
-0.531630000,44.264360000,91.700
-0.531870000,44.264390000,91.700
-0.531880000,44.264390000,91.800
-0.531930000,44.264400000,91.800
-0.532120000,44.264420000,91.800
-0.532580000,44.264470000,92.000
-0.532620000,44.264470000,91.900
-0.532870000,44.264500000,91.600
-0.533250000,44.264550000,91.100
-0.533610000,44.264590000,90.700
-0.534050000,44.264640000,90.200
-0.534670000,44.264710000,88.800
-0.534720000,44.264720000,88.700
-0.535030000,44.264760000,88.100
-0.535560000,44.264810000,89.300
-0.536270000,44.264900000,91.100
-0.536370000,44.264910000,91.400
-0.536840000,44.264960000,91.900
-0.537530000,44.265040000,90.800
-0.538630000,44.265170000,89.700
-0.539300000,44.265240000,90.100
-0.540430000,44.265380000,91.900
-0.541360000,44.265490000,90.000
-0.542040000,44.265570000,88.900
-0.542540000,44.265630000,88.700
-0.542790000,44.265660000,88.500
-0.543450000,44.265730000,88.200
-0.543980000,44.265810000,88.800
-0.544000000,44.265820000,88.800
-0.544800000,44.265990000,90.800
-0.545510000,44.266140000,91.100
-0.545670000,44.266170000,90.900
-0.545910000,44.266210000,90.800
-0.545930000,44.266220000,90.700
-0.546260000,44.266250000,90.800
-0.546410000,44.266250000,90.800
-0.546660000,44.266260000,90.900
-0.546740000,44.266260000,90.700
-0.547500000,44.266180000,88.800
-0.548070000,44.266090000,87.200
-0.548120000,44.266080000,87.100
-0.548170000,44.266070000,87.000
-0.548260000,44.266050000,86.700
-0.549020000,44.265920000,86.000
-0.549290000,44.265880000,86.000
-0.549620000,44.265830000,86.600
-0.550060000,44.265790000,87.400
-0.550230000,44.265780000,87.600
-0.550670000,44.265740000,88.200
-0.551240000,44.265690000,89.000
-0.552040000,44.265620000,89.800
-0.552870000,44.265540000,89.400
-0.553540000,44.265480000,88.000
-0.553700000,44.265460000,88.000
-0.554690000,44.265380000,88.400
-0.555750000,44.265280000,88.700
-0.556360000,44.265250000,88.500
-0.556820000,44.265230000,88.600
-0.557150000,44.265230000,88.900
-0.557640000,44.265250000,89.700
-0.557750000,44.265260000,90.000
-0.558310000,44.265320000,91.600
-0.558750000,44.265360000,91.400
-0.558800000,44.265370000,91.300
-0.559250000,44.265410000,90.800
-0.559310000,44.265420000,90.600
-0.559490000,44.265430000,90.200
-0.559960000,44.265480000,89.100
-0.560930000,44.265580000,87.600
-0.561590000,44.265640000,87.700
-0.562190000,44.265700000,87.100
-0.562230000,44.265700000,87.100
-0.562690000,44.265740000,86.800
-0.563010000,44.265780000,87.000
-0.563500000,44.265820000,87.000
-0.563810000,44.265850000,87.000
-0.564000000,44.265870000,87.100
-0.564500000,44.265920000,87.900
-0.564680000,44.265960000,88.300
-0.564980000,44.266040000,89.000
-0.565150000,44.266110000,89.200
-0.565320000,44.266220000,89.400
-0.565410000,44.266290000,89.500
-0.565640000,44.266480000,89.800
-0.566090000,44.266910000,88.900
-0.566560000,44.267400000,87.200
-0.566720000,44.267560000,87.100
-0.566750000,44.267590000,87.200
-0.566910000,44.267740000,87.400
-0.567360000,44.268200000,87.300
-0.567630000,44.268460000,87.400
-0.567650000,44.268470000,87.500
-0.567810000,44.268630000,87.800
-0.568140000,44.268970000,88.100
-0.568300000,44.269120000,88.100
-0.568520000,44.269330000,88.100
-0.568930000,44.269720000,86.900
-0.569410000,44.270090000,85.200
-0.569510000,44.270170000,85.300
-0.569980000,44.270470000,85.600
-0.570340000,44.270680000,86.600
-0.570570000,44.270820000,87.300
-0.571080000,44.271100000,87.900
-0.571240000,44.271200000,87.700
-0.571290000,44.271220000,87.700
-0.571340000,44.271250000,87.600
-0.571370000,44.271270000,87.500
-0.571800000,44.271510000,87.100
-0.572290000,44.271810000,87.200
-0.572540000,44.271990000,87.400
-0.572750000,44.272180000,87.700
-0.572940000,44.272450000,88.000
-0.573120000,44.272700000,87.900
-0.573510000,44.273350000,86.800
-0.573750000,44.273790000,86.800
-0.574200000,44.274540000,85.500
-0.574690000,44.275410000,84.600
-0.574710000,44.275450000,84.500
-0.575080000,44.276080000,84.700
-0.575090000,44.276090000,84.700
-0.575540000,44.276840000,85.500
-0.576090000,44.277710000,86.900
-0.576100000,44.277730000,87.000
-0.576520000,44.278370000,87.200
-0.576590000,44.278470000,87.100
-0.576940000,44.279010000,86.500
-0.577360000,44.279670000,85.300
-0.577560000,44.279990000,84.900
-0.577680000,44.280170000,84.500
-0.577750000,44.280290000,84.400
-0.577890000,44.280510000,84.300
-0.578060000,44.280850000,84.700
-0.578230000,44.281300000,84.900
-0.578260000,44.281390000,85.000
-0.578370000,44.281760000,84.900
-0.578500000,44.282220000,84.100
-0.578660000,44.282800000,83.700
-0.578700000,44.282920000,83.800
-0.578770000,44.283200000,83.900
-0.578860000,44.283520000,84.200
-0.579110000,44.284380000,85.400
-0.579170000,44.284610000,85.500
-0.579360000,44.285320000,85.900
-0.579380000,44.285380000,85.900
-0.579650000,44.286300000,85.000
-0.579700000,44.286480000,84.500
-0.579750000,44.286650000,83.900
-0.579850000,44.287020000,82.700
-0.580000000,44.287530000,81.100
-0.580090000,44.287850000,82.100
-0.580210000,44.288240000,83.100
-0.580340000,44.288690000,83.700
-0.580650000,44.289730000,83.600
-0.580770000,44.290110000,83.100
-0.580910000,44.290580000,83.100
-0.580910000,44.290590000,83.100
-0.580940000,44.290650000,83.200
-0.581180000,44.291420000,82.800
-0.581250000,44.291590000,82.600
-0.581390000,44.291920000,82.800
-0.581560000,44.292280000,83.500
-0.581600000,44.292360000,83.700
-0.581820000,44.292670000,83.700
-0.582110000,44.293010000,83.600
-0.582470000,44.293380000,84.200
-0.582890000,44.293790000,85.100
-0.582890000,44.293800000,85.200
-0.583200000,44.294090000,85.200
-0.583800000,44.294670000,82.700
-0.584340000,44.295200000,81.400
-0.584890000,44.295720000,80.900
-0.585610000,44.296410000,80.300
-0.586020000,44.296820000,80.400
-0.586190000,44.296980000,80.800
-0.586520000,44.297330000,81.600
-0.586600000,44.297440000,81.900
-0.586690000,44.297580000,81.900
-0.586740000,44.297660000,81.700
-0.586800000,44.297750000,81.600
-0.586880000,44.297970000,81.300
-0.587110000,44.298660000,82.000
-0.587360000,44.299410000,83.500
-0.587610000,44.300190000,84.200
-0.587640000,44.300300000,84.200
-0.587720000,44.300550000,84.300
-0.587910000,44.301100000,84.300
-0.588130000,44.301770000,84.400
-0.588220000,44.302040000,83.900
-0.588400000,44.302610000,82.700
-0.588570000,44.303120000,81.400
-0.588760000,44.303660000,81.000
-0.588940000,44.304160000,81.000
-0.589070000,44.304540000,81.400
-0.589180000,44.304860000,81.800
-0.589320000,44.305250000,81.600
-0.589420000,44.305540000,81.200
-0.589460000,44.305670000,80.900
-0.589560000,44.305990000,80.100
-0.589660000,44.306320000,79.000
-0.589680000,44.306420000,78.700
-0.589700000,44.306500000,78.500
-0.589720000,44.306580000,78.200
-0.589730000,44.306660000,78.000
-0.589730000,44.306750000,78.000
-0.589740000,44.306860000,77.900
-0.589730000,44.306980000,77.900
-0.589720000,44.307110000,77.800
-0.589700000,44.307410000,77.800
-0.589700000,44.307450000,77.700
-0.589690000,44.307490000,77.700
-0.589680000,44.307540000,77.800
-0.589670000,44.307590000,77.800
-0.589630000,44.307700000,78.000
-0.589590000,44.308020000,78.300
-0.589580000,44.308120000,78.400
-0.589490000,44.308650000,79.400
-0.589390000,44.309380000,80.400
-0.589360000,44.309550000,80.000
-0.589280000,44.310090000,79.000
-0.589260000,44.310230000,79.200
-0.589140000,44.311000000,80.300
-0.589090000,44.311370000,80.900
-0.589020000,44.311610000,81.300
-0.588890000,44.312100000,79.800
-0.588880000,44.312210000,79.300
-0.588830000,44.312480000,78.100
-0.588760000,44.312780000,78.200
-0.588740000,44.312810000,78.200
-0.588630000,44.313160000,78.500
-0.588330000,44.313880000,79.000
-0.588190000,44.314190000,78.600
-0.588190000,44.314190000,78.600
-0.587890000,44.314860000,76.300
-0.587880000,44.314880000,76.300
-0.587850000,44.314960000,76.100
-0.587680000,44.315330000,76.700
-0.587520000,44.315710000,77.700
-0.587460000,44.315860000,77.900
-0.587350000,44.316100000,77.000
-0.587280000,44.316280000,76.200
-0.587210000,44.316450000,75.500
-0.587130000,44.316620000,74.700
-0.587060000,44.316790000,74.300
-0.587060000,44.316800000,74.300
-0.586950000,44.317050000,74.000
-0.586880000,44.317210000,73.900
-0.586830000,44.317320000,73.900
-0.586660000,44.317720000,74.300
-0.586590000,44.317900000,74.400
-0.586550000,44.318000000,74.500
-0.586400000,44.318350000,74.400
-0.586380000,44.318390000,74.300
-0.586350000,44.318470000,74.200
-0.586330000,44.318530000,74.100
-0.586280000,44.318630000,74.000
-0.586040000,44.319220000,74.000
-0.586020000,44.319270000,74.000
-0.585900000,44.319610000,74.000
-0.585900000,44.319620000,74.000
-0.585860000,44.319780000,74.000
-0.585690000,44.320110000,74.200
-0.585670000,44.320170000,74.200
-0.585630000,44.320270000,74.200
-0.585610000,44.320350000,74.300
-0.585600000,44.320410000,74.300
-0.585600000,44.320470000,74.300
-0.585600000,44.320520000,74.300
-0.585600000,44.320580000,74.300
-0.585610000,44.320640000,74.300
-0.585640000,44.320720000,74.200
-0.585680000,44.320820000,74.200
-0.585730000,44.320940000,74.000
-0.585810000,44.321090000,73.700
-0.585850000,44.321160000,73.600
-0.585870000,44.321220000,73.500
-0.585880000,44.321230000,73.500
-0.586020000,44.321460000,73.400
-0.586080000,44.321560000,73.300
-0.586160000,44.321680000,73.400
-0.586180000,44.321730000,73.200
-0.586190000,44.321770000,73.100
-0.586200000,44.321800000,73.000
-0.586180000,44.321860000,72.900
-0.586170000,44.321890000,72.800
-0.586150000,44.321930000,72.600
-0.586120000,44.321970000,72.500
-0.586090000,44.322020000,72.300
-0.586040000,44.322060000,72.200
-0.585990000,44.322110000,72.000
-0.585980000,44.322120000,72.000
-0.585940000,44.322140000,71.900
-0.585870000,44.322180000,71.800
-0.585780000,44.322220000,71.600
-0.585750000,44.322230000,71.600
-0.585610000,44.322260000,71.300
-0.585460000,44.322290000,71.100
-0.585390000,44.322310000,70.900
-0.585340000,44.322320000,70.800
-0.585260000,44.322350000,70.500
-0.585180000,44.322410000,70.300
-0.585130000,44.322480000,70.200
-0.585100000,44.322560000,70.100
-0.585040000,44.322720000,69.800
-0.584970000,44.322880000,69.600
-0.584910000,44.323000000,69.400
-0.584830000,44.323050000,69.300
-0.584790000,44.323080000,69.200
-0.584740000,44.323110000,69.100
-0.584690000,44.323140000,69.100
-0.584640000,44.323160000,69.000
-0.584580000,44.323180000,68.900
-0.584520000,44.323200000,68.800
-0.584490000,44.323210000,68.700
-0.584480000,44.323220000,68.700
-0.584460000,44.323230000,68.700
-0.584360000,44.323240000,68.400
-0.584260000,44.323250000,68.200
-0.584210000,44.323250000,68.100
-0.583960000,44.323260000,68.400
-0.583590000,44.323280000,69.300
-0.583160000,44.323280000,70.400
-0.582730000,44.323290000,72.000
-0.582680000,44.323290000,72.200
-0.582530000,44.323290000,72.700
-0.582480000,44.323290000,72.900
-0.582200000,44.323280000,73.500
-0.581910000,44.323260000,74.100
-0.581900000,44.323260000,74.100
-0.581600000,44.323240000,74.600
-0.581600000,44.323240000,74.600
-0.581500000,44.323230000,74.600
-0.581410000,44.323230000,74.700
-0.581170000,44.323210000,74.800
-0.581030000,44.323210000,74.900
-0.580980000,44.323200000,74.900
-0.580640000,44.323180000,74.800
-0.580150000,44.323160000,74.400
-0.579920000,44.323150000,74.300
-0.579360000,44.323130000,74.600
-0.579330000,44.323130000,74.700
-0.579140000,44.323120000,74.800
-0.579090000,44.323120000,75.000
-0.578900000,44.323100000,75.500
-0.578660000,44.323080000,76.100
-0.578490000,44.323070000,76.600
-0.578400000,44.323060000,76.800
-0.578320000,44.323050000,77.000
-0.578230000,44.323040000,77.100
-0.578140000,44.323020000,77.200
-0.578060000,44.323000000,77.300
-0.577980000,44.322980000,77.400
-0.577780000,44.322920000,77.700
-0.577160000,44.322740000,78.100
-0.576830000,44.322640000,78.100
-0.576680000,44.322590000,78.100
-0.576370000,44.322500000,78.400
-0.576190000,44.322440000,78.500
-0.576140000,44.322430000,78.500
-0.575570000,44.322250000,78.500
-0.575300000,44.322170000,78.200
-0.575140000,44.322130000,78.100
-0.575030000,44.322090000,78.000
-0.574920000,44.322060000,78.000
-0.574800000,44.322040000,78.100
-0.574650000,44.322020000,78.200
-0.574510000,44.322010000,78.200
-0.574380000,44.322010000,78.300
-0.574370000,44.322010000,78.300
-0.574190000,44.322030000,78.400
-0.574130000,44.322050000,78.400
-0.573980000,44.322080000,78.300
-0.573890000,44.322110000,78.200
-0.573700000,44.322160000,78.000
-0.573360000,44.322240000,77.700
-0.573270000,44.322270000,77.700
-0.573180000,44.322300000,77.800
-0.573100000,44.322330000,77.900
-0.573030000,44.322370000,77.900
-0.572960000,44.322410000,77.900
-0.572940000,44.322430000,78.000
-0.572890000,44.322470000,78.000
-0.572840000,44.322510000,78.000
-0.572800000,44.322550000,78.000
-0.572750000,44.322620000,78.000
-0.572700000,44.322680000,78.100
-0.572650000,44.322740000,78.100
-0.572620000,44.322790000,78.200
-0.572560000,44.322870000,78.300
-0.572460000,44.323020000,78.500
-0.572160000,44.323470000,77.800
-0.572090000,44.323570000,77.400
-0.572030000,44.323660000,77.100
-0.571890000,44.323870000,76.500
-0.571430000,44.324540000,77.200
-0.571410000,44.324570000,77.300
-0.571360000,44.324650000,77.500
-0.571120000,44.324990000,78.000
-0.571100000,44.325030000,78.000
-0.571010000,44.325160000,77.900
-0.570890000,44.325340000,77.900
-0.570870000,44.325370000,78.000
-0.570480000,44.325940000,78.400
-0.570320000,44.326170000,78.400
-0.570120000,44.326470000,78.200
-0.569920000,44.326750000,77.900
-0.569700000,44.327090000,77.500
-0.569680000,44.327100000,77.500
-0.569650000,44.327160000,77.400
-0.569390000,44.327530000,77.100
-0.569240000,44.327750000,77.900
-0.569060000,44.327980000,78.600
-0.568760000,44.328360000,79.500
-0.568690000,44.328440000,79.400
-0.568620000,44.328520000,79.300
-0.568420000,44.328780000,79.100
-0.568140000,44.329090000,79.400
-0.568000000,44.329260000,79.800
-0.567950000,44.329310000,79.900
-0.567690000,44.329620000,80.200
-0.567670000,44.329640000,80.300
-0.567660000,44.329650000,80.300
-0.567610000,44.329710000,80.300
-0.567560000,44.329770000,80.200
-0.567530000,44.329800000,80.200
-0.567010000,44.330410000,82.400
-0.566890000,44.330550000,83.000
-0.566770000,44.330690000,83.500
-0.566750000,44.330720000,83.600
-0.566360000,44.331190000,83.700
-0.566090000,44.331500000,83.000
-0.565850000,44.331780000,82.300
-0.565410000,44.332290000,82.700
-0.565190000,44.332550000,82.400
-0.565010000,44.332790000,81.700
-0.564930000,44.332890000,81.400
-0.564860000,44.332990000,81.200
-0.564610000,44.333330000,80.500
-0.564290000,44.333850000,79.500
-0.564180000,44.334020000,79.200
-0.564140000,44.334090000,79.000
-0.563950000,44.334410000,79.600
-0.563550000,44.335050000,80.900
-0.563510000,44.335120000,80.900
-0.563330000,44.335410000,81.000
-0.563120000,44.335760000,81.100
-0.563070000,44.335830000,81.000
-0.562640000,44.336540000,81.200
-0.562620000,44.336570000,81.200
-0.562540000,44.336700000,81.300
-0.562220000,44.337230000,82.400
-0.561940000,44.337700000,83.500
-0.561840000,44.337840000,83.700
-0.561420000,44.338530000,85.300
-0.561320000,44.338680000,85.500
-0.560950000,44.339290000,85.100
-0.560510000,44.340000000,82.600
-0.560420000,44.340160000,82.500
-0.560160000,44.340570000,82.200
-0.559990000,44.340840000,82.000
-0.559730000,44.341270000,82.800
-0.559550000,44.341570000,83.400
-0.558850000,44.342730000,84.300
-0.558830000,44.342760000,84.300
-0.558360000,44.343510000,83.000
-0.558030000,44.344060000,82.700
-0.557470000,44.344980000,82.900
-0.557280000,44.345280000,83.100
-0.557120000,44.345540000,83.400
-0.556950000,44.345800000,83.600
-0.556920000,44.345840000,83.600
-0.556800000,44.345990000,83.700
-0.556680000,44.346150000,83.800
-0.556580000,44.346270000,83.800
-0.556540000,44.346330000,83.800
-0.556170000,44.346770000,83.400
-0.555980000,44.347000000,83.500
-0.555820000,44.347200000,83.900
-0.555660000,44.347390000,84.200
-0.555560000,44.347510000,84.300
-0.555410000,44.347700000,83.700
-0.555260000,44.347880000,83.000
-0.554800000,44.348420000,81.400
-0.554780000,44.348430000,81.400
-0.554630000,44.348630000,81.400
-0.554500000,44.348780000,81.300
-0.554480000,44.348810000,81.300
-0.553860000,44.349560000,80.700
-0.553800000,44.349640000,80.700
-0.553740000,44.349710000,80.700
-0.553510000,44.349990000,80.800
-0.553120000,44.350450000,81.200
-0.553030000,44.350560000,81.200
-0.553000000,44.350600000,81.200
-0.552970000,44.350640000,81.200
-0.552870000,44.350760000,81.100
-0.552840000,44.350790000,81.100
-0.552370000,44.351360000,82.800
-0.551950000,44.351870000,83.300
-0.551810000,44.352030000,83.300
-0.551610000,44.352280000,83.500
-0.551430000,44.352500000,84.000
-0.551000000,44.353010000,83.300
-0.550990000,44.353030000,83.200
-0.550660000,44.353420000,82.300
-0.550430000,44.353700000,81.700
-0.550130000,44.354060000,81.800
-0.549760000,44.354510000,81.500
-0.549720000,44.354560000,81.500
-0.549680000,44.354610000,81.400
-0.549650000,44.354670000,81.300
-0.549590000,44.354750000,81.200
-0.549510000,44.354880000,81.100
-0.549400000,44.355050000,80.800
-0.549100000,44.355540000,79.900
-0.549030000,44.355650000,79.800
-0.549000000,44.355700000,79.700
-0.548990000,44.355720000,79.700
-0.548900000,44.355870000,79.800
-0.548690000,44.356210000,80.300
-0.548210000,44.357000000,80.300
-0.547820000,44.357650000,80.200
-0.547720000,44.357800000,80.400
-0.547690000,44.357850000,80.400
-0.547420000,44.358290000,80.900
-0.547390000,44.358340000,81.000
-0.547320000,44.358460000,81.300
-0.547290000,44.358510000,81.400
-0.547160000,44.358710000,81.700
-0.547020000,44.358950000,82.100
-0.546920000,44.359110000,82.200
-0.546630000,44.359590000,81.900
-0.546210000,44.360270000,80.200
-0.545440000,44.361520000,79.000
-0.545440000,44.361530000,79.000
-0.545160000,44.361980000,79.100
-0.544910000,44.362400000,79.100
-0.544740000,44.362680000,79.300
-0.544440000,44.363170000,79.700
-0.544380000,44.363280000,79.700
-0.543830000,44.364160000,83.600
-0.543830000,44.364170000,83.600
-0.543730000,44.364330000,84.000
-0.543530000,44.364660000,84.200
-0.543450000,44.364790000,84.200
-0.543230000,44.365150000,82.800
-0.543110000,44.365340000,81.500
-0.542720000,44.365970000,78.300
-0.542640000,44.366100000,78.000
-0.542420000,44.366470000,77.200
-0.542100000,44.366990000,77.200
-0.541640000,44.367730000,78.000
-0.541420000,44.368110000,77.700
-0.541110000,44.368610000,77.200
-0.541110000,44.368610000,77.200
-0.540870000,44.368990000,77.000
-0.540660000,44.369330000,77.000
-0.540240000,44.370020000,76.400
-0.540190000,44.370090000,76.500
-0.539950000,44.370470000,76.600
-0.539690000,44.370900000,76.000
-0.538870000,44.372230000,75.800
-0.538760000,44.372410000,75.900
-0.538510000,44.372810000,76.700
-0.537810000,44.373960000,78.000
-0.537710000,44.374130000,78.400
-0.537610000,44.374280000,78.500
-0.537400000,44.374620000,77.900
-0.537160000,44.375010000,77.400
-0.537020000,44.375230000,77.900
-0.536900000,44.375420000,78.400
-0.536800000,44.375570000,79.000
-0.536650000,44.375810000,80.000
-0.536510000,44.376000000,80.400
-0.536400000,44.376130000,80.700
-0.536330000,44.376210000,80.900
-0.536260000,44.376280000,81.000
-0.536100000,44.376430000,81.400
-0.535900000,44.376600000,81.800
-0.535440000,44.376940000,80.500
-0.535410000,44.376960000,80.500
-0.534880000,44.377370000,80.000
-0.534370000,44.377760000,79.700
-0.534100000,44.377970000,79.500
-0.532720000,44.379020000,78.400
-0.531820000,44.379690000,77.500
-0.531680000,44.379800000,77.000
-0.531510000,44.379940000,76.500
-0.531390000,44.380020000,76.300
-0.530510000,44.380690000,77.300
-0.529230000,44.381660000,78.900
-0.528360000,44.382310000,78.900
-0.527070000,44.383280000,76.100
-0.526560000,44.383660000,75.800
-0.526430000,44.383760000,75.600
-0.525870000,44.384190000,74.000
-0.525600000,44.384390000,73.100
-0.525150000,44.384730000,71.300
-0.525040000,44.384790000,70.800
-0.524550000,44.385150000,71.200
-0.523980000,44.385580000,72.200
-0.523860000,44.385670000,72.300
-0.523740000,44.385760000,72.500
-0.523240000,44.386140000,73.300
-0.522690000,44.386580000,75.300
-0.522450000,44.386780000,75.800
-0.522360000,44.386880000,75.800
-0.521460000,44.387510000,75.200
-0.520150000,44.388510000,74.700
-0.518700000,44.389610000,74.000
-0.517400000,44.390610000,74.500
-0.516590000,44.391220000,73.700
-0.515820000,44.391800000,74.700
-0.515650000,44.391930000,74.700
-0.515140000,44.392320000,73.800
-0.514660000,44.392680000,73.700
-0.514090000,44.393110000,74.300
-0.514050000,44.393140000,74.300
-0.513500000,44.393560000,74.100
-0.513400000,44.393630000,73.900
-0.513180000,44.393800000,73.100
-0.513050000,44.393910000,72.500
-0.513010000,44.393930000,72.400
-0.512670000,44.394190000,71.200
-0.512420000,44.394380000,71.200
-0.512270000,44.394500000,71.200
-0.512250000,44.394510000,71.200
-0.511130000,44.395360000,71.100
-0.510510000,44.395820000,72.000
-0.510430000,44.395890000,71.900
-0.509650000,44.396470000,71.900
-0.509370000,44.396680000,72.000
-0.508380000,44.397440000,75.600
-0.507480000,44.398110000,77.400
-0.507260000,44.398280000,77.300
-0.506710000,44.398690000,76.100
-0.505930000,44.399280000,76.900
-0.505260000,44.399780000,76.000
-0.505200000,44.399830000,75.800
-0.505030000,44.399960000,75.200
-0.504580000,44.400310000,75.100
-0.503920000,44.400810000,74.900
-0.503820000,44.400880000,75.300
-0.503260000,44.401300000,77.000
-0.502960000,44.401540000,76.900
-0.502630000,44.401780000,76.700
-0.502080000,44.402190000,74.400
-0.501410000,44.402670000,74.200
-0.501390000,44.402690000,74.300
-0.501220000,44.402820000,74.900
-0.501050000,44.402950000,75.300
-0.500820000,44.403130000,75.500
-0.500630000,44.403280000,75.600
-0.500380000,44.403470000,76.400
-0.500140000,44.403660000,77.200
-0.500130000,44.403660000,77.200
-0.499970000,44.403790000,77.600
-0.499660000,44.404020000,78.000
-0.499620000,44.404050000,78.100
-0.499450000,44.404180000,78.000
-0.499230000,44.404350000,77.800
-0.498940000,44.404570000,77.200
-0.498590000,44.404840000,76.500
-0.498570000,44.404840000,76.500
-0.498550000,44.404850000,76.400
-0.498530000,44.404860000,76.400
-0.498200000,44.405110000,75.400
-0.498040000,44.405230000,74.800
-0.497880000,44.405350000,74.200
-0.497770000,44.405440000,73.800
-0.497670000,44.405530000,73.500
-0.497600000,44.405600000,73.300
-0.497480000,44.405690000,73.000
-0.497380000,44.405860000,73.000
-0.497200000,44.406170000,72.700
-0.497180000,44.406190000,72.700
-0.497130000,44.406290000,72.500
-0.497000000,44.406520000,72.000
-0.496990000,44.406530000,72.000
-0.496890000,44.406720000,71.500
-0.496820000,44.406840000,71.300
-0.496820000,44.406860000,71.200
-0.496820000,44.406870000,71.200
-0.496820000,44.406890000,71.200
-0.496570000,44.407290000,71.100
-0.496440000,44.407540000,70.900
-0.496420000,44.407580000,70.900
-0.496280000,44.407820000,70.400
-0.496220000,44.407920000,70.200
-0.495950000,44.408410000,69.000
-0.495850000,44.408580000,68.400
-0.495760000,44.408750000,68.100
-0.495750000,44.408750000,68.100
-0.495660000,44.408910000,67.900
-0.495630000,44.408970000,67.800
-0.495410000,44.409350000,69.200
-0.495280000,44.409570000,70.800
-0.495110000,44.409860000,72.400
-0.494960000,44.410140000,72.800
-0.494930000,44.410200000,72.700
-0.494840000,44.410360000,72.400
-0.494770000,44.410500000,72.300
-0.494750000,44.410530000,72.300
-0.494570000,44.410910000,72.300
-0.494530000,44.411050000,72.000
-0.494460000,44.411260000,71.500
-0.494300000,44.411750000,70.300
-0.494300000,44.411760000,70.300
-0.493980000,44.412860000,70.900
-0.493880000,44.413210000,70.900
-0.493810000,44.413450000,70.500
-0.493700000,44.413790000,69.000
-0.493700000,44.413820000,68.800
-0.493550000,44.414280000,66.800
-0.493330000,44.415010000,66.000
-0.493250000,44.415310000,65.800
-0.493200000,44.415480000,65.800
-0.492870000,44.416530000,68.300
-0.492660000,44.417220000,68.500
-0.492550000,44.417550000,68.000
-0.492530000,44.417620000,68.000
-0.492450000,44.417880000,67.700
-0.492410000,44.417990000,67.500
-0.492310000,44.418320000,66.600
-0.492300000,44.418340000,66.500
-0.492290000,44.418370000,66.300
-0.492230000,44.418520000,65.300
-0.492130000,44.418760000,63.900
-0.492080000,44.418900000,63.300
-0.492010000,44.419080000,62.600
-0.491960000,44.419220000,62.400
-0.491890000,44.419490000,62.600
-0.491860000,44.419770000,62.800
-0.491840000,44.419820000,62.800
-0.491800000,44.420000000,63.000
-0.491740000,44.420340000,64.200
-0.491670000,44.420520000,64.900
-0.491550000,44.420850000,65.800
-0.491500000,44.421080000,64.800
-0.491500000,44.421140000,64.500
-0.491490000,44.421210000,64.300
-0.491500000,44.421320000,63.800
-0.491520000,44.421460000,63.200
-0.491520000,44.421510000,63.000
-0.491590000,44.421820000,61.300
-0.491630000,44.422040000,59.800
-0.491660000,44.422180000,58.900
-0.491670000,44.422260000,58.400
-0.491680000,44.422350000,57.900
-0.491700000,44.422450000,57.300
-0.491690000,44.422580000,57.100
-0.491690000,44.422620000,57.100
-0.491680000,44.422650000,57.200
-0.491650000,44.422790000,57.400
-0.491640000,44.422840000,57.400
-0.491630000,44.422910000,57.500
-0.491620000,44.422940000,57.600
-0.491570000,44.423140000,57.800
-0.491470000,44.423500000,59.000
-0.491350000,44.423970000,61.400
-0.491210000,44.424560000,60.600
-0.491170000,44.424710000,60.000
-0.491060000,44.425140000,58.800
-0.490900000,44.425780000,58.200
-0.490850000,44.426020000,58.300
-0.490800000,44.426230000,58.400
-0.490750000,44.426380000,58.500
-0.490680000,44.426620000,58.600
-0.490630000,44.426840000,58.500
-0.490580000,44.427060000,58.400
-0.490530000,44.427160000,58.300
-0.490490000,44.427240000,58.200
-0.490490000,44.427240000,58.200
-0.490410000,44.427450000,58.000
-0.490320000,44.427570000,57.700
-0.490210000,44.427720000,57.400
-0.490130000,44.427820000,57.200
-0.490050000,44.427920000,57.100
-0.490000000,44.428010000,57.000
-0.489870000,44.428220000,57.000
-0.489810000,44.428370000,57.000
-0.489750000,44.428550000,56.700
-0.489700000,44.428680000,56.600
-0.489580000,44.429000000,56.200
-0.489450000,44.429370000,55.800
-0.489420000,44.429500000,55.700
-0.489400000,44.429550000,55.700
-0.489350000,44.429680000,55.500
-0.489350000,44.429680000,55.500
-0.489390000,44.429780000,55.500
-0.489440000,44.429900000,55.400
-0.489480000,44.430010000,55.400
-0.489580000,44.430280000,55.200
-0.489610000,44.430360000,55.100
-0.489630000,44.430400000,55.100
-0.489650000,44.430450000,55.000
-0.489680000,44.430530000,55.000
-0.489940000,44.431230000,55.400
-0.489990000,44.431340000,55.600
-0.490170000,44.431840000,55.800
-0.490260000,44.432060000,55.500
-0.490370000,44.432350000,55.200
-0.490440000,44.432530000,55.000
-0.490550000,44.432800000,55.100
-0.490630000,44.433020000,55.300
-0.490730000,44.433280000,55.700
-0.490810000,44.433480000,56.100
-0.490960000,44.433840000,57.200
-0.491030000,44.434040000,57.800
-0.491040000,44.434080000,57.900
-0.491080000,44.434180000,58.300
-0.491280000,44.434670000,62.100
-0.491290000,44.434700000,62.300
-0.491480000,44.435180000,64.000
-0.491530000,44.435300000,63.800
-0.491690000,44.435700000,62.600
-0.491830000,44.436040000,62.500
-0.491830000,44.436060000,62.500
-0.492050000,44.436610000,62.500
-0.492100000,44.436740000,62.300
-0.492240000,44.437080000,61.400
-0.492290000,44.437220000,60.900
-0.492410000,44.437540000,60.000
-0.492670000,44.438210000,59.700
-0.492740000,44.438380000,59.900
-0.492910000,44.438810000,61.100
-0.493210000,44.439590000,60.600
-0.493230000,44.439630000,60.600
-0.493300000,44.439820000,60.300
-0.493460000,44.440230000,59.800
-0.493560000,44.440490000,59.500
-0.493670000,44.440790000,59.200
-0.494020000,44.441650000,60.300
-0.494020000,44.441670000,60.300
-0.494130000,44.441970000,59.400
-0.494150000,44.442020000,59.200
-0.494290000,44.442370000,58.400
-0.494350000,44.442540000,58.400
-0.494620000,44.443230000,60.700
-0.494730000,44.443500000,60.600
-0.494750000,44.443540000,60.600
-0.494790000,44.443660000,60.200
-0.494810000,44.443720000,60.000
-0.494840000,44.443790000,59.700
-0.494870000,44.443920000,59.100
-0.494880000,44.444080000,58.300
-0.494870000,44.444220000,57.700
-0.494870000,44.444250000,57.700
-0.494850000,44.444330000,57.500
-0.494820000,44.444430000,57.200
-0.494780000,44.444570000,56.900
-0.494670000,44.445010000,56.000
-0.494640000,44.445140000,56.100
-0.494560000,44.445430000,56.200
-0.494350000,44.446250000,58.600
-0.494170000,44.446980000,60.600
-0.494140000,44.447090000,60.500
-0.494040000,44.447510000,60.000
-0.493920000,44.447960000,59.800
-0.493690000,44.448860000,58.800
-0.493490000,44.449660000,57.100
-0.493350000,44.450230000,56.300
-0.493270000,44.450520000,56.700
-0.493150000,44.450970000,56.800
-0.493120000,44.451050000,56.700
-0.492990000,44.451610000,56.100
-0.492790000,44.452400000,56.600
-0.492680000,44.452860000,57.000
-0.492530000,44.453440000,57.300
-0.492410000,44.453900000,58.400
-0.492350000,44.454160000,58.800
-0.492290000,44.454360000,59.000
-0.492200000,44.454720000,59.300
-0.492070000,44.455220000,59.400
-0.491940000,44.455710000,59.300
-0.491880000,44.455950000,59.300
-0.491830000,44.456120000,59.300
-0.491810000,44.456190000,59.200
-0.491790000,44.456300000,59.100
-0.491720000,44.456600000,59.000
-0.491560000,44.457240000,60.600
-0.491500000,44.457390000,61.100
-0.491440000,44.457540000,61.600
-0.491360000,44.457690000,61.800
-0.491350000,44.457700000,61.800
-0.491250000,44.457850000,62.000
-0.491000000,44.458180000,62.100
-0.491000000,44.458180000,62.100
-0.491190000,44.458230000,62.000
-0.491460000,44.458300000,62.000
-0.491950000,44.458410000,62.000
-0.492600000,44.458560000,62.100
-0.492680000,44.458580000,62.100
-0.492920000,44.458630000,62.300
-0.493030000,44.458660000,62.300
-0.493320000,44.458730000,62.500
-0.493980000,44.458860000,64.400
-0.494120000,44.458890000,64.800
-0.494360000,44.458950000,64.300
-0.494880000,44.459060000,62.700
-0.495660000,44.459240000,60.700
-0.495980000,44.459310000,61.000
-0.496200000,44.459360000,61.700
-0.496550000,44.459450000,62.800
-0.496830000,44.459560000,63.100
-0.496870000,44.459590000,63.000
-0.497060000,44.459730000,62.600
-0.497220000,44.459880000,61.800
-0.497280000,44.459980000,61.400
-0.497460000,44.460280000,61.500
-0.497620000,44.460550000,62.100
-0.497740000,44.460760000,62.300
-0.498080000,44.461370000,60.200
-0.498490000,44.462060000,59.700
-0.498800000,44.462600000,60.200
-0.498850000,44.462690000,60.300
-0.499110000,44.463140000,60.300
-0.499390000,44.463590000,60.400
-0.499480000,44.463750000,60.800
-0.499560000,44.463920000,61.100
-0.499630000,44.464080000,61.600
-0.499680000,44.464220000,61.700
-0.499710000,44.464360000,61.400
-0.499730000,44.464590000,60.800
-0.499760000,44.464840000,60.200
-0.499780000,44.465040000,59.700
-0.499800000,44.465220000,59.600
-0.499810000,44.465320000,59.500
-0.499810000,44.465390000,59.400
-0.499880000,44.465930000,59.100
-0.499920000,44.466290000,59.200
-0.499940000,44.466470000,59.200
-0.499960000,44.466650000,59.100
-0.500000000,44.467030000,59.000
-0.500140000,44.468240000,57.200
-0.500160000,44.468440000,56.900
-0.500180000,44.468620000,56.700
-0.500220000,44.468950000,56.500
-0.500320000,44.469810000,56.100
-0.500450000,44.470950000,60.100
-0.500510000,44.471380000,62.400
-0.500560000,44.471890000,64.100
-0.500610000,44.472400000,64.500
-0.500630000,44.472570000,64.400
-0.500670000,44.472910000,64.000
-0.500670000,44.472960000,63.900
-0.500750000,44.473630000,63.600
-0.500750000,44.473650000,63.700
-0.500770000,44.473810000,63.800
-0.500810000,44.474170000,64.100
-0.500830000,44.474330000,63.400
-0.500870000,44.474700000,62.000
-0.500870000,44.474780000,61.700
-0.500890000,44.474880000,61.300
-0.500930000,44.475260000,60.300
-0.500950000,44.475420000,59.900
-0.500980000,44.475700000,59.300
-0.501030000,44.475960000,59.200
-0.501100000,44.476230000,59.500
-0.501190000,44.476480000,59.800
-0.501440000,44.477210000,59.500
-0.501440000,44.477230000,59.500
-0.501500000,44.477400000,59.300
-0.501730000,44.478060000,61.700
-0.501960000,44.478740000,62.200
-0.502210000,44.479500000,60.700
-0.502360000,44.479930000,59.800
-0.502630000,44.480730000,61.800
-0.502640000,44.480770000,61.900
-0.502910000,44.481550000,62.000
-0.503010000,44.481890000,61.700
-0.503210000,44.482450000,60.800
-0.503340000,44.482830000,61.000
-0.503570000,44.483470000,61.500
-0.503780000,44.484100000,60.300
-0.503990000,44.484690000,59.900
-0.504160000,44.485190000,59.800
-0.504320000,44.485680000,59.200
-0.504520000,44.486260000,58.300
-0.504650000,44.486670000,57.400
-0.504650000,44.486680000,57.400
-0.504710000,44.486850000,57.500
-0.504790000,44.487080000,57.500
-0.504930000,44.487470000,57.200
-0.505050000,44.487840000,58.200
-0.505070000,44.487890000,58.400
-0.505130000,44.488080000,59.000
-0.505190000,44.488220000,59.400
-0.505240000,44.488370000,59.700
-0.505300000,44.488520000,59.300
-0.505320000,44.488610000,59.200
-0.505330000,44.488660000,59.100
-0.505360000,44.488820000,58.700
-0.505350000,44.488940000,58.500
-0.505300000,44.489110000,58.400
-0.505230000,44.489250000,58.300
-0.505120000,44.489450000,57.900
-0.505090000,44.489480000,57.800
-0.505010000,44.489610000,57.400
-0.504880000,44.489820000,57.000
-0.504800000,44.489960000,56.800
-0.504790000,44.489970000,56.800
-0.504690000,44.490120000,57.400
-0.504520000,44.490270000,57.900
-0.504490000,44.490300000,58.000
-0.504420000,44.490350000,58.000
-0.504230000,44.490470000,57.900
-0.503930000,44.490640000,57.200
-0.503540000,44.490840000,56.200
-0.503500000,44.490860000,56.100
-0.503490000,44.490870000,56.100
-0.503430000,44.490900000,55.900
-0.503320000,44.490960000,55.500
-0.503290000,44.490980000,55.400
-0.503120000,44.491060000,54.900
-0.503100000,44.491070000,54.900
-0.503080000,44.491080000,54.900
-0.502970000,44.491140000,54.700
-0.502880000,44.491190000,54.600
-0.502870000,44.491190000,54.600
-0.502800000,44.491250000,54.500
-0.502720000,44.491310000,54.500
-0.502710000,44.491320000,54.500
-0.502620000,44.491390000,54.600
-0.502580000,44.491440000,54.600
-0.502540000,44.491490000,54.700
-0.502510000,44.491540000,54.800
-0.502490000,44.491570000,54.900
-0.502460000,44.491640000,55.100
-0.502410000,44.491720000,55.300
-0.502410000,44.491730000,55.400
-0.502380000,44.491790000,55.500
-0.502360000,44.491840000,55.700
-0.502330000,44.491890000,55.800
-0.502320000,44.491930000,55.900
-0.502300000,44.491960000,56.000
-0.502290000,44.491990000,56.100
-0.502290000,44.492000000,56.100
-0.502280000,44.492020000,56.200
-0.502270000,44.492070000,56.300
-0.502250000,44.492140000,56.400
-0.502210000,44.492350000,56.800
-0.502210000,44.492430000,56.900
-0.502190000,44.492580000,57.300
-0.502160000,44.492790000,57.900
-0.502110000,44.492970000,58.400
-0.502090000,44.493000000,58.500
-0.502060000,44.493080000,58.700
-0.502020000,44.493140000,58.900
-0.502010000,44.493150000,58.900
-0.501990000,44.493170000,58.900
-0.501920000,44.493220000,59.000
-0.501920000,44.493220000,59.000
-0.501930000,44.493500000,59.500
-0.501960000,44.493800000,59.900
-0.501990000,44.493910000,60.100
-0.502030000,44.494020000,60.300
-0.502070000,44.494120000,60.400
-0.502150000,44.494230000,60.400
-0.502300000,44.494400000,60.000
-0.502480000,44.494550000,59.600
-0.502530000,44.494580000,59.600
-0.502560000,44.494620000,59.500
-0.502570000,44.494630000,59.500
-0.502630000,44.494670000,59.500
-0.502690000,44.494720000,59.500
-0.502710000,44.494730000,59.500
-0.502720000,44.494740000,59.400
-0.502730000,44.494750000,59.400
-0.502730000,44.494760000,59.400
-0.502750000,44.494780000,59.300
-0.502750000,44.494780000,59.300
-0.502770000,44.494810000,59.200
-0.502770000,44.494820000,59.200
-0.502780000,44.494840000,59.100
-0.502780000,44.494880000,58.900
-0.502740000,44.495120000,58.300
-0.502730000,44.495200000,58.400
-0.502720000,44.495220000,58.400
-0.502730000,44.495300000,58.400
-0.502680000,44.495480000,58.500
-0.502630000,44.495710000,58.700
-0.502590000,44.495880000,58.800
-0.502490000,44.496310000,58.500
-0.502420000,44.496610000,58.300
-0.502390000,44.496710000,58.600
-0.502340000,44.496960000,59.600
-0.502250000,44.497320000,61.300
-0.502230000,44.497410000,61.600
-0.502180000,44.497620000,62.200
-0.502100000,44.497940000,62.500
-0.502070000,44.498090000,62.500
-0.502060000,44.498130000,62.500
-0.502030000,44.498230000,62.500
-0.502020000,44.498280000,62.400
-0.501960000,44.498560000,62.400
-0.501950000,44.498610000,62.400
-0.501940000,44.498660000,62.500
-0.501940000,44.498680000,62.500
-0.501720000,44.499550000,64.200
-0.501680000,44.499740000,65.000
-0.501590000,44.500140000,66.300
-0.501560000,44.500250000,66.500
-0.501470000,44.500680000,66.900
-0.501430000,44.500830000,67.000
-0.501370000,44.501090000,67.000
-0.501310000,44.501340000,67.000
-0.501260000,44.501540000,67.000
-0.501120000,44.502150000,66.200
-0.501100000,44.502220000,66.100
-0.501080000,44.502290000,65.900
-0.501080000,44.502290000,65.900
-0.501060000,44.502390000,65.700
-0.500980000,44.502750000,65.900
-0.500960000,44.502820000,66.000
-0.500820000,44.503370000,67.000
-0.500790000,44.503520000,67.100
-0.500650000,44.504080000,67.500
-0.500570000,44.504440000,68.400
-0.500540000,44.504560000,68.700
-0.500520000,44.504660000,69.000
-0.500520000,44.504700000,69.200
-0.500510000,44.504770000,69.400
-0.500490000,44.505040000,70.100
-0.500480000,44.505370000,69.900
-0.500390000,44.507520000,70.400
-0.500380000,44.507570000,70.400
-0.500350000,44.508600000,70.400
-0.500340000,44.508780000,70.400
-0.500320000,44.509320000,70.200
-0.500310000,44.509590000,69.900
-0.500290000,44.509820000,69.600
-0.500280000,44.510270000,69.700
-0.500270000,44.510580000,70.000
-0.500250000,44.510930000,70.400
-0.500230000,44.511360000,70.800
-0.500210000,44.511640000,71.200
-0.500200000,44.511980000,71.400
-0.500180000,44.512320000,71.500
-0.500100000,44.514350000,72.000
-0.500080000,44.514690000,73.100
-0.500070000,44.514980000,74.000
-0.500060000,44.515270000,73.800
-0.500060000,44.515280000,73.800
-0.500050000,44.515460000,73.600
-0.500050000,44.515580000,73.500
-0.500050000,44.515630000,73.500
-0.500040000,44.515760000,73.300
-0.500020000,44.516180000,73.100
-0.500000000,44.516490000,73.000
-0.499990000,44.516950000,71.600
-0.499970000,44.517370000,69.500
-0.499970000,44.517440000,69.200
-0.499960000,44.517620000,68.900
-0.499940000,44.517950000,68.900
-0.499910000,44.518590000,69.100
-0.499870000,44.519420000,69.800
-0.499840000,44.520080000,70.200
-0.499830000,44.520490000,71.300
-0.499820000,44.520500000,71.300
-0.499820000,44.520670000,71.800
-0.499810000,44.520900000,72.200
-0.499780000,44.521390000,72.300
-0.499760000,44.522110000,71.200
-0.499720000,44.522750000,69.400
-0.499700000,44.523180000,67.900
-0.499670000,44.524150000,68.600
-0.499660000,44.524330000,69.000
-0.499600000,44.525450000,70.000
-0.499590000,44.525630000,69.700
-0.499580000,44.525990000,69.700
-0.499570000,44.526250000,70.000
-0.499560000,44.526530000,70.500
-0.499550000,44.526860000,71.000
-0.499550000,44.526900000,71.000
-0.499560000,44.527040000,71.100
-0.499570000,44.527240000,71.300
-0.499600000,44.527580000,71.400
-0.499660000,44.528160000,71.300
-0.499670000,44.528290000,71.300
-0.499730000,44.528850000,71.200
-0.499730000,44.528870000,71.200
-0.499800000,44.529420000,71.600
-0.499880000,44.530250000,73.500
-0.499920000,44.530640000,74.600
-0.499960000,44.530990000,75.800
-0.500240000,44.533500000,77.300
-0.500260000,44.533680000,77.100
-0.500460000,44.535480000,81.200
-0.500680000,44.537520000,75.800
-0.501160000,44.542010000,80.600
-0.501190000,44.542340000,79.600
-0.501230000,44.542720000,79.300
-0.501280000,44.543170000,79.700
-0.501330000,44.543650000,80.300
-0.501360000,44.543890000,80.800
-0.501400000,44.544290000,81.800
-0.501490000,44.545100000,84.300
-0.501540000,44.545480000,83.400
-0.501550000,44.545530000,83.300
-0.501550000,44.545570000,83.100
-0.501590000,44.545950000,82.000
-0.501600000,44.546000000,81.900
-0.501640000,44.546440000,80.700
-0.501660000,44.546660000,80.000
-0.501670000,44.546820000,80.200
-0.501680000,44.546870000,80.200
-0.501690000,44.546960000,80.300
-0.501720000,44.547090000,80.500
-0.501740000,44.547120000,80.500
-0.501740000,44.547140000,80.500
-0.501770000,44.547190000,80.600
-0.501840000,44.547280000,80.600
-0.501880000,44.547340000,80.600
-0.501930000,44.547390000,80.600
-0.501990000,44.547440000,80.600
-0.502250000,44.547660000,80.400
-0.502580000,44.547960000,80.000
-0.502580000,44.547960000,80.000
-0.502440000,44.547970000,80.100
-0.502280000,44.548010000,80.400
-0.502110000,44.548050000,80.800
-0.501870000,44.548090000,81.300
-0.501650000,44.548100000,81.700
-0.501430000,44.548100000,81.700
-0.501120000,44.548100000,81.700
-0.500920000,44.548090000,81.700
-0.500790000,44.548080000,81.700
-0.500620000,44.548080000,82.000
-0.500600000,44.548080000,82.000
-0.500350000,44.548080000,82.300
-0.499850000,44.548070000,82.600
-0.499700000,44.548070000,82.600
-0.499490000,44.548060000,82.500
-0.499310000,44.548060000,82.400
-0.499250000,44.548060000,82.400
-0.499010000,44.548060000,82.000
-0.498740000,44.548060000,81.500
-0.498720000,44.548060000,81.400
-0.498490000,44.548050000,81.000
-0.498230000,44.548050000,80.500
-0.497750000,44.548040000,79.900
-0.497200000,44.548030000,79.300
-0.496560000,44.548020000,78.800
-0.494450000,44.547990000,80.700
-0.492690000,44.547960000,82.000
-0.492680000,44.547960000,82.000
-0.492430000,44.547960000,82.100
-0.490670000,44.547930000,79.300
-0.490260000,44.547920000,78.800
-0.489760000,44.547910000,78.500
-0.489220000,44.547900000,78.600
-0.489090000,44.547900000,78.500
-0.488940000,44.547900000,78.400
-0.488850000,44.547900000,78.400
-0.488670000,44.547910000,78.200
-0.488500000,44.547940000,78.000
-0.488390000,44.547960000,77.900
-0.488260000,44.548000000,77.900
-0.488100000,44.548060000,77.900
-0.487930000,44.548130000,78.100
-0.487830000,44.548170000,78.200
-0.486560000,44.548650000,79.400
-0.485310000,44.549110000,80.600
-0.485110000,44.549180000,80.900
-0.484740000,44.549320000,81.100
-0.484470000,44.549420000,81.300
-0.484380000,44.549450000,81.400
-0.484250000,44.549500000,81.500
-0.483890000,44.549640000,81.100
-0.483480000,44.549790000,80.400
-0.483100000,44.549940000,79.800
-0.482710000,44.550080000,79.400
-0.482330000,44.550210000,79.300
-0.481950000,44.550350000,79.200
-0.481490000,44.550520000,78.800
-0.481000000,44.550710000,78.100
-0.480610000,44.550850000,77.300
-0.480590000,44.550850000,77.200
-0.480360000,44.550940000,76.800
-0.480230000,44.550980000,76.600
-0.480130000,44.551020000,76.500
-0.479920000,44.551100000,76.500
-0.479850000,44.551120000,76.500
-0.479430000,44.551280000,77.000
-0.479140000,44.551390000,77.600
-0.478750000,44.551530000,78.100
-0.478370000,44.551670000,78.100
-0.477870000,44.551860000,77.900
-0.477490000,44.552000000,77.600
-0.477320000,44.552060000,77.800
-0.476990000,44.552180000,78.100
-0.476570000,44.552340000,78.200
-0.476030000,44.552530000,77.500
-0.475750000,44.552630000,77.300
-0.475550000,44.552710000,77.600
-0.475440000,44.552740000,77.700
-0.475330000,44.552790000,77.900
-0.474890000,44.552950000,78.900
-0.474690000,44.553010000,79.600
-0.474580000,44.553050000,80.000
-0.474430000,44.553090000,80.500
-0.474400000,44.553100000,80.600
-0.474350000,44.553120000,80.800
-0.474230000,44.553150000,81.200
-0.474160000,44.553160000,81.400
-0.474150000,44.553170000,81.500
-0.473930000,44.553220000,82.400
-0.473740000,44.553270000,83.300
-0.473480000,44.553320000,84.400
-0.473250000,44.553380000,85.000
-0.473000000,44.553440000,84.800
-0.472970000,44.553440000,84.700
-0.472930000,44.553450000,84.700
-0.472660000,44.553520000,84.000
-0.472370000,44.553590000,83.200
-0.472030000,44.553670000,82.600
-0.471770000,44.553740000,82.100
-0.471430000,44.553820000,82.100
-0.470990000,44.553920000,82.700
-0.470590000,44.554010000,83.500
-0.470150000,44.554120000,84.500
-0.469530000,44.554270000,84.800
-0.469140000,44.554360000,84.800
-0.468720000,44.554460000,84.300
-0.468310000,44.554560000,83.600
-0.467970000,44.554630000,83.300
-0.467640000,44.554710000,82.800
-0.467500000,44.554750000,82.500
-0.467150000,44.554830000,81.800
-0.466680000,44.554940000,81.100
-0.466200000,44.555050000,82.000
-0.465820000,44.555150000,82.700
-0.465400000,44.555250000,84.500
-0.464940000,44.555360000,86.300
-0.464780000,44.555400000,86.600
-0.464340000,44.555500000,87.400
-0.463920000,44.555600000,87.100
-0.463450000,44.555710000,85.700
-0.462910000,44.555830000,84.500
-0.462870000,44.555840000,84.400
-0.462350000,44.555970000,83.900
-0.461960000,44.556060000,84.300
-0.461470000,44.556180000,84.600
-0.461040000,44.556280000,84.400
-0.460460000,44.556410000,84.200
-0.459950000,44.556540000,84.500
-0.459690000,44.556600000,85.200
-0.459550000,44.556640000,85.600
-0.459180000,44.556730000,86.900
-0.458760000,44.556830000,87.300
-0.458300000,44.556930000,87.600
-0.457830000,44.557050000,86.400
-0.457460000,44.557130000,85.200
-0.457420000,44.557140000,85.100
-0.457020000,44.557230000,84.200
-0.456620000,44.557330000,83.300
-0.456040000,44.557470000,84.300
-0.455690000,44.557550000,84.900
-0.455380000,44.557630000,85.000
-0.455030000,44.557710000,85.500
-0.454630000,44.557810000,85.500
-0.454060000,44.557940000,85.600
-0.453890000,44.557980000,85.900
-0.453650000,44.558040000,86.200
-0.453510000,44.558080000,86.300
-0.452920000,44.558220000,86.700
-0.452370000,44.558340000,86.800
-0.451960000,44.558440000,86.300
-0.451210000,44.558620000,83.500
-0.450780000,44.558720000,81.900
-0.450590000,44.558760000,81.700
-0.450300000,44.558820000,81.500
-0.450120000,44.558850000,81.400
-0.449970000,44.558890000,81.300
-0.449670000,44.558960000,81.100
-0.449300000,44.559040000,80.900
-0.449150000,44.559070000,80.800
-0.449120000,44.559070000,80.800
-0.448950000,44.559090000,80.800
-0.448760000,44.559090000,80.700
-0.448550000,44.559070000,80.600
-0.448240000,44.559050000,80.300
-0.447940000,44.559030000,79.900
-0.447610000,44.559010000,79.500
-0.447400000,44.558990000,79.400
-0.447350000,44.558990000,79.400
-0.446840000,44.558940000,79.200
-0.446260000,44.558910000,78.600
-0.446020000,44.558900000,78.300
-0.445650000,44.558880000,77.300
-0.445190000,44.558860000,75.700
-0.444560000,44.558830000,74.600
-0.444110000,44.558800000,74.100
-0.443900000,44.558790000,73.800
-0.443430000,44.558760000,73.100
-0.442960000,44.558730000,72.500
-0.442620000,44.558710000,72.000
-0.442460000,44.558690000,71.900
-0.442030000,44.558670000,71.800
-0.441670000,44.558630000,71.700
-0.441540000,44.558620000,71.300
-0.441530000,44.558620000,71.300
-0.441290000,44.558610000,70.600
-0.441240000,44.558600000,70.500
-0.440920000,44.558590000,69.500
-0.440780000,44.558580000,69.200
-0.440740000,44.558580000,69.200
-0.440730000,44.558580000,69.200
-0.440540000,44.558560000,68.900
-0.440300000,44.558550000,68.600
-0.439970000,44.558530000,68.200
-0.439760000,44.558520000,68.100
-0.439520000,44.558510000,67.900
-0.439330000,44.558510000,67.700
-0.439100000,44.558510000,67.700
-0.438870000,44.558520000,67.800
-0.438740000,44.558520000,67.800
-0.438580000,44.558530000,67.900
-0.438440000,44.558550000,68.000
-0.438300000,44.558580000,68.000
-0.438270000,44.558590000,67.900
-0.438220000,44.558600000,67.900
-0.438160000,44.558610000,67.800
-0.438040000,44.558640000,67.600
-0.437910000,44.558680000,67.500
-0.437790000,44.558720000,67.300
-0.437630000,44.558790000,67.200
-0.437590000,44.558810000,67.100
-0.437460000,44.558860000,66.800
-0.437290000,44.558920000,66.000
-0.437100000,44.558990000,64.900
-0.436900000,44.559080000,63.600
-0.436870000,44.559090000,63.400
-0.436720000,44.559140000,62.400
-0.436650000,44.559170000,61.900
-0.436520000,44.559220000,60.700
-0.436480000,44.559240000,60.400
-0.436430000,44.559250000,60.000
-0.436270000,44.559310000,58.700
-0.436250000,44.559320000,58.500
-0.436080000,44.559390000,57.200
-0.436030000,44.559400000,56.800
-0.435870000,44.559460000,55.600
-0.435800000,44.559480000,55.300
-0.435750000,44.559490000,55.200
-0.435720000,44.559500000,55.200
-0.435560000,44.559530000,55.000
-0.435390000,44.559560000,54.700
-0.435100000,44.559590000,54.200
-0.434810000,44.559610000,54.700
-0.434660000,44.559620000,55.200
-0.434290000,44.559640000,56.300
-0.433930000,44.559660000,56.700
-0.433590000,44.559680000,56.700
-0.433360000,44.559690000,56.700
-0.433230000,44.559710000,56.500
-0.433200000,44.559710000,56.400
-0.433050000,44.559730000,56.100
-0.432960000,44.559750000,55.900
-0.432920000,44.559760000,55.800
-0.432680000,44.559810000,55.300
-0.432290000,44.559910000,54.600
-0.432020000,44.559980000,53.900
-0.431910000,44.560010000,53.600
-0.431560000,44.560110000,53.100
-0.431540000,44.560110000,53.100
-0.431210000,44.560200000,52.600
-0.430890000,44.560290000,52.200
-0.430570000,44.560380000,51.900
-0.430120000,44.560500000,51.300
-0.430120000,44.560500000,51.300
-0.429830000,44.560600000,50.800
-0.429520000,44.560690000,50.200
-0.429250000,44.560770000,49.500
-0.428930000,44.560870000,49.200
-0.428610000,44.560960000,49.400
-0.428200000,44.561090000,49.200
-0.427760000,44.561220000,48.400
-0.427410000,44.561300000,47.800
-0.427180000,44.561350000,47.600
-0.427030000,44.561380000,47.500
-0.426760000,44.561400000,47.400
-0.426510000,44.561410000,47.300
-0.426200000,44.561400000,47.200
-0.425860000,44.561390000,47.000
-0.425400000,44.561380000,45.800
-0.425030000,44.561370000,44.700
-0.425010000,44.561360000,44.700
-0.425000000,44.561360000,44.600
-0.424570000,44.561360000,44.300
-0.424110000,44.561360000,44.000
-0.424040000,44.561360000,44.000
-0.423710000,44.561350000,44.000
-0.423620000,44.561350000,44.000
-0.423230000,44.561340000,44.100
-0.422950000,44.561340000,44.300
-0.422930000,44.561340000,44.300
-0.422780000,44.561340000,44.400
-0.422490000,44.561370000,44.600
-0.422350000,44.561370000,44.600
-0.422340000,44.561370000,44.600
-0.422220000,44.561360000,44.600
-0.422210000,44.561360000,44.600
-0.422060000,44.561350000,44.600
-0.421950000,44.561340000,44.600
-0.421840000,44.561340000,44.600
-0.421750000,44.561340000,44.600
-0.421720000,44.561350000,44.600
-0.421670000,44.561350000,44.600
-0.421590000,44.561380000,44.500
-0.421520000,44.561400000,44.400
-0.421460000,44.561430000,44.300
-0.421350000,44.561490000,44.000
-0.421240000,44.561560000,43.600
-0.421190000,44.561590000,43.400
-0.421050000,44.561670000,42.800
-0.420760000,44.561800000,42.200
-0.420630000,44.561850000,42.100
-0.420350000,44.561960000,41.700
-0.420240000,44.562000000,41.500
-0.420130000,44.562040000,41.300
-0.419830000,44.562150000,41.200
-0.419670000,44.562220000,41.300
-0.419490000,44.562290000,41.300
-0.419230000,44.562400000,41.200
-0.418920000,44.562520000,41.500
-0.418770000,44.562530000,41.900
-0.418750000,44.562530000,41.900
-0.418720000,44.562530000,42.000
-0.418690000,44.562520000,42.100
-0.418670000,44.562520000,42.100
-0.418630000,44.562510000,42.300
-0.418610000,44.562490000,42.400
-0.418580000,44.562480000,42.400
-0.418500000,44.562440000,42.700
-0.418500000,44.562440000,42.700
-0.418430000,44.562530000,42.600
-0.418370000,44.562610000,42.400
-0.418300000,44.562720000,42.000
-0.418180000,44.562950000,41.000
-0.418050000,44.563230000,39.800
-0.417900000,44.563560000,39.500
-0.417730000,44.563930000,39.700
-0.417720000,44.563960000,39.700
-0.417660000,44.564090000,39.800
-0.417610000,44.564220000,40.100
-0.417600000,44.564230000,40.100
-0.417510000,44.564400000,40.800
-0.417350000,44.564620000,41.300
-0.417220000,44.564800000,41.600
-0.417200000,44.564830000,41.700
-0.417060000,44.565000000,41.900
-0.417050000,44.565020000,41.900
-0.416910000,44.565200000,41.800
-0.416880000,44.565250000,41.700
-0.416840000,44.565290000,41.700
-0.416740000,44.565430000,41.600
-0.416710000,44.565470000,41.600
-0.416620000,44.565590000,41.700
-0.416500000,44.565750000,41.900
-0.416490000,44.565770000,41.900
-0.416360000,44.565950000,42.200
-0.416250000,44.566100000,42.500
-0.416220000,44.566150000,42.600
-0.416180000,44.566200000,42.600
-0.416100000,44.566320000,42.800
-0.416100000,44.566330000,42.800
-0.416010000,44.566470000,42.900
-0.415940000,44.566590000,43.000
-0.415920000,44.566630000,43.100
-0.415840000,44.566780000,42.900
-0.415790000,44.566830000,42.800
-0.415750000,44.566870000,42.700
-0.415710000,44.566900000,42.600
-0.415640000,44.566960000,42.500
-0.415610000,44.566990000,42.400
-0.415540000,44.567050000,42.300
-0.415400000,44.567160000,42.200
-0.415340000,44.567200000,42.100
-0.415300000,44.567230000,42.100
-0.415260000,44.567240000,42.100
-0.415170000,44.567270000,42.100
-0.415060000,44.567300000,42.000
-0.414890000,44.567340000,41.700
-0.414730000,44.567380000,41.300
-0.414450000,44.567460000,40.600
-0.414350000,44.567490000,40.400
-0.414190000,44.567540000,40.100
-0.414090000,44.567560000,39.700
-0.413940000,44.567600000,39.000
-0.413860000,44.567630000,38.700
-0.413670000,44.567680000,38.000
-0.413520000,44.567730000,37.500
-0.413410000,44.567780000,37.300
-0.413230000,44.567900000,37.500
-0.413030000,44.568050000,38.100
-0.413010000,44.568070000,38.200
-0.412930000,44.568150000,38.400
-0.412900000,44.568230000,38.700
-0.412890000,44.568300000,38.900
-0.412890000,44.568360000,39.100
-0.412890000,44.568380000,39.100
-0.412900000,44.568450000,39.300
-0.412890000,44.568530000,39.500
-0.412890000,44.568540000,39.500
-0.412870000,44.568600000,39.600
-0.412860000,44.568620000,39.700
-0.412800000,44.568700000,39.900
-0.412710000,44.568790000,40.100
-0.412620000,44.568870000,40.300
-0.412520000,44.568970000,40.500
-0.412460000,44.569050000,40.800
-0.412430000,44.569100000,40.900
-0.412390000,44.569150000,41.100
-0.412360000,44.569190000,41.300
-0.412330000,44.569240000,41.500
-0.412210000,44.569420000,42.400
-0.412180000,44.569470000,42.600
-0.412160000,44.569490000,42.600
-0.412110000,44.569590000,43.000
-0.411870000,44.569960000,44.100
-0.411750000,44.570170000,44.900
-0.411560000,44.570490000,46.300
-0.411520000,44.570560000,46.600
-0.411460000,44.570670000,47.000
-0.411400000,44.570730000,47.200
-0.411270000,44.570830000,47.500
-0.411170000,44.570900000,47.500
-0.411080000,44.570960000,47.400
-0.410960000,44.571030000,47.200
-0.410760000,44.571150000,46.900
-0.410730000,44.571170000,46.900
-0.410550000,44.571260000,46.700
-0.410290000,44.571420000,46.300
-0.410010000,44.571590000,46.000
-0.409940000,44.571630000,45.900
-0.409530000,44.571880000,45.400
-0.409340000,44.572020000,45.200
-0.408930000,44.572390000,44.400
-0.408580000,44.572700000,44.100
-0.408470000,44.572810000,44.100
-0.408230000,44.573040000,44.300
-0.407820000,44.573440000,45.200
-0.407760000,44.573500000,45.300
-0.407500000,44.573750000,45.500
-0.407240000,44.574020000,46.100
-0.407130000,44.574130000,46.400
-0.407120000,44.574140000,46.400
-0.406990000,44.574290000,47.000
-0.406980000,44.574300000,47.000
-0.406850000,44.574470000,47.600
-0.406750000,44.574610000,48.000
-0.406670000,44.574720000,48.300
-0.406550000,44.574920000,48.700
-0.406430000,44.575100000,49.000
-0.406280000,44.575350000,49.400
-0.406220000,44.575440000,49.500
-0.406150000,44.575550000,49.500
-0.406110000,44.575600000,49.500
-0.405990000,44.575760000,49.400
-0.405780000,44.576020000,48.600
-0.405600000,44.576220000,47.800
-0.405380000,44.576470000,47.300
-0.405040000,44.576860000,48.000
-0.404900000,44.576980000,48.200
-0.404710000,44.577120000,48.100
-0.404500000,44.577280000,47.900
-0.404140000,44.577530000,46.900
-0.403900000,44.577700000,46.400
-0.403700000,44.577870000,45.900
-0.403680000,44.577900000,45.800
-0.403640000,44.577930000,45.700
-0.403610000,44.577970000,45.700
-0.403600000,44.577990000,45.600
-0.403580000,44.578010000,45.600
-0.403500000,44.578110000,45.400
-0.403300000,44.578410000,45.300
-0.403210000,44.578590000,46.000
-0.403180000,44.578640000,46.200
-0.403110000,44.578830000,46.900
-0.403090000,44.578930000,47.400
-0.403080000,44.578990000,47.600
-0.403070000,44.579040000,47.800
-0.403060000,44.579170000,48.300
-0.403060000,44.579180000,48.400
-0.403080000,44.579290000,48.800
-0.403080000,44.579300000,48.800
-0.403090000,44.579440000,49.400
-0.403090000,44.579470000,49.500
-0.403090000,44.579530000,49.700
-0.403090000,44.579580000,49.900
-0.403090000,44.579710000,50.400
-0.403090000,44.579730000,50.500
-0.403070000,44.579860000,51.100
-0.403040000,44.580000000,51.700
-0.403040000,44.580010000,51.700
-0.403020000,44.580070000,52.000
-0.402990000,44.580140000,52.400
-0.402950000,44.580260000,53.000
-0.402890000,44.580380000,53.700
-0.402810000,44.580510000,54.500
-0.402740000,44.580590000,55.100
-0.402650000,44.580700000,55.900
-0.402580000,44.580780000,56.500
-0.402510000,44.580830000,56.900
-0.402470000,44.580860000,57.100
-0.402320000,44.580940000,57.600
-0.402230000,44.580970000,57.800
-0.402080000,44.580990000,58.200
-0.401980000,44.581000000,58.500
-0.401800000,44.581010000,59.000
-0.401750000,44.581010000,59.100
-0.401700000,44.581010000,59.300
-0.401550000,44.581020000,59.200
-0.401500000,44.581020000,59.200
-0.401430000,44.581030000,59.100
-0.401280000,44.581030000,58.900
-0.401100000,44.581040000,58.700
-0.400990000,44.581040000,58.600
-0.400920000,44.581050000,58.600
-0.400790000,44.581070000,58.300
-0.400700000,44.581090000,57.900
-0.400660000,44.581110000,57.700
-0.400610000,44.581140000,57.500
-0.400550000,44.581190000,57.100
-0.400500000,44.581240000,56.800
-0.400390000,44.581320000,56.200
-0.400210000,44.581450000,55.300
-0.400030000,44.581590000,54.300
-0.399780000,44.581770000,53.100
-0.399610000,44.581900000,52.400
-0.399500000,44.581990000,52.000
-0.399350000,44.582120000,51.500
-0.399210000,44.582270000,51.100
-0.399060000,44.582430000,50.600
-0.398870000,44.582650000,50.100
-0.398820000,44.582700000,50.000
-0.398790000,44.582740000,49.900
-0.398720000,44.582820000,49.800
-0.398670000,44.582870000,49.700
-0.398510000,44.583040000,49.300
-0.398510000,44.583050000,49.300
-0.398360000,44.583210000,48.900
-0.398190000,44.583400000,48.500
-0.398010000,44.583580000,48.000
-0.398000000,44.583600000,48.000
-0.397730000,44.583840000,48.000
-0.397530000,44.583990000,48.400
-0.397510000,44.584010000,48.400
-0.397320000,44.584150000,48.700
-0.397030000,44.584370000,48.800
-0.396820000,44.584530000,49.000
-0.396680000,44.584640000,49.100
-0.396650000,44.584670000,49.200
-0.396280000,44.584950000,48.500
-0.395960000,44.585190000,48.800
-0.395810000,44.585300000,49.100
-0.395610000,44.585460000,49.500
-0.395440000,44.585600000,49.700
-0.395290000,44.585720000,49.800
-0.395160000,44.585860000,49.800
-0.394990000,44.586020000,49.700
-0.394840000,44.586170000,49.900
-0.394810000,44.586200000,50.000
-0.394690000,44.586310000,50.100
-0.394520000,44.586420000,50.100
-0.394330000,44.586540000,50.100
-0.394120000,44.586650000,49.700
-0.393790000,44.586790000,48.000
-0.393560000,44.586880000,46.800
-0.393170000,44.587050000,45.500
-0.393050000,44.587110000,45.400
-0.392840000,44.587200000,45.300
-0.392820000,44.587210000,45.300
-0.392540000,44.587340000,45.300
-0.392080000,44.587540000,46.000
-0.391500000,44.587800000,45.900
-0.391190000,44.587930000,46.000
-0.390870000,44.588070000,46.700
-0.390690000,44.588150000,47.300
-0.390540000,44.588220000,47.900
-0.390250000,44.588350000,48.700
-0.390050000,44.588420000,49.100
-0.389990000,44.588430000,49.100
-0.389830000,44.588470000,49.400
-0.389750000,44.588480000,49.600
-0.389600000,44.588510000,49.900
-0.389500000,44.588520000,50.100
-0.389400000,44.588530000,50.300
-0.389130000,44.588550000,50.700
-0.388700000,44.588580000,50.200
-0.388240000,44.588620000,49.800
-0.387790000,44.588640000,50.100
-0.387540000,44.588660000,50.400
-0.387430000,44.588670000,50.400
-0.387290000,44.588690000,50.500
-0.387270000,44.588690000,50.500
-0.387060000,44.588720000,50.600
-0.387040000,44.588730000,50.700
-0.386860000,44.588770000,51.000
-0.386810000,44.588790000,51.200
-0.386640000,44.588830000,51.500
-0.386340000,44.588920000,51.800
-0.386070000,44.589000000,52.100
-0.385870000,44.589060000,52.300
-0.385730000,44.589110000,52.100
-0.385590000,44.589170000,51.800
-0.385460000,44.589230000,51.300
-0.385330000,44.589300000,50.900
-0.385190000,44.589380000,50.500
-0.385090000,44.589440000,50.300
-0.384920000,44.589540000,50.000
-0.384650000,44.589710000,49.300
-0.384630000,44.589720000,49.200
-0.384130000,44.590030000,46.700
-0.383900000,44.590180000,45.200
-0.383510000,44.590420000,43.100
-0.383260000,44.590580000,42.000
-0.382840000,44.590840000,40.800
-0.382550000,44.591020000,39.700
-0.382430000,44.591090000,39.100
-0.382350000,44.591150000,38.700
-0.382120000,44.591280000,37.600
-0.381910000,44.591410000,36.500
-0.381670000,44.591560000,35.300
-0.381550000,44.591630000,34.700
-0.381280000,44.591800000,33.800
-0.380820000,44.592080000,32.500
-0.380710000,44.592150000,32.300
-0.380620000,44.592200000,32.100
-0.380470000,44.592270000,31.700
-0.380300000,44.592350000,31.100
-0.380120000,44.592430000,30.500
-0.379920000,44.592520000,30.100
-0.379840000,44.592560000,30.200
-0.379790000,44.592580000,30.300
-0.379750000,44.592600000,30.400
-0.379660000,44.592640000,30.600
-0.379460000,44.592740000,31.100
-0.379220000,44.592850000,31.700
-0.378930000,44.592980000,32.100
-0.378740000,44.593070000,32.400
-0.378670000,44.593100000,32.500
-0.378480000,44.593190000,32.600
-0.378410000,44.593220000,32.700
-0.378060000,44.593380000,33.000
-0.377820000,44.593490000,32.900
-0.377750000,44.593520000,32.800
-0.377740000,44.593530000,32.800
-0.377620000,44.593600000,32.700
-0.377510000,44.593660000,32.600
-0.377310000,44.593780000,32.200
-0.377130000,44.593910000,31.900
-0.376930000,44.594050000,31.500
-0.376900000,44.594070000,31.400
-0.376880000,44.594080000,31.400
-0.376710000,44.594190000,31.100
-0.376420000,44.594390000,30.600
-0.376170000,44.594570000,30.400
-0.376050000,44.594650000,30.400
-0.375860000,44.594800000,30.500
-0.375700000,44.594950000,30.600
-0.375500000,44.595150000,30.200
-0.375270000,44.595360000,30.100
-0.375100000,44.595530000,30.300
-0.375070000,44.595560000,30.300
-0.375030000,44.595600000,30.400
-0.374610000,44.595990000,30.600
-0.374500000,44.596090000,30.600
-0.374310000,44.596260000,30.600
-0.374180000,44.596370000,30.600
-0.373980000,44.596620000,30.700
-0.373940000,44.596680000,30.700
-0.373900000,44.596730000,30.700
-0.373830000,44.596820000,30.700
-0.373750000,44.596940000,30.700
-0.373670000,44.597050000,30.700
-0.373440000,44.597350000,30.800
-0.373360000,44.597450000,30.900
-0.373330000,44.597490000,31.000
-0.373310000,44.597520000,30.800
-0.373280000,44.597580000,30.500
-0.373260000,44.597630000,30.200
-0.373240000,44.597680000,30.000
-0.373220000,44.597730000,29.700
-0.373190000,44.597820000,29.300
-0.373170000,44.597840000,29.200
-0.373160000,44.597860000,29.100
-0.373150000,44.597880000,29.000
-0.373130000,44.597890000,29.000
-0.373110000,44.597910000,28.900
-0.373090000,44.597930000,28.800
-0.373030000,44.597960000,28.700
-0.372940000,44.597970000,28.600
-0.372860000,44.597980000,28.500
-0.372760000,44.597980000,28.500
-0.372610000,44.597970000,28.500
-0.372430000,44.597960000,28.200
-0.372340000,44.597960000,27.900
-0.372190000,44.597960000,27.300
-0.372060000,44.597990000,26.800
-0.371870000,44.598050000,26.100
-0.371690000,44.598110000,25.400
-0.371490000,44.598180000,24.700
-0.371420000,44.598210000,24.500
-0.371360000,44.598240000,24.300
-0.371310000,44.598260000,24.200
-0.371270000,44.598280000,24.100
-0.371220000,44.598330000,23.900
-0.370980000,44.598530000,23.300
-0.370690000,44.599000000,22.800
-0.370660000,44.599060000,22.800
-0.370630000,44.599100000,22.700
-0.370600000,44.599120000,22.700
-0.370590000,44.599130000,22.700
-0.370560000,44.599150000,22.700
-0.370540000,44.599160000,22.600
-0.370520000,44.599180000,22.700
-0.370430000,44.599220000,22.700
-0.370330000,44.599270000,22.800
-0.370280000,44.599300000,22.800
-0.370220000,44.599330000,22.900
-0.370180000,44.599360000,22.900
-0.370160000,44.599370000,22.900
-0.370110000,44.599410000,23.000
-0.370070000,44.599480000,23.200
-0.370050000,44.599520000,23.300
-0.370040000,44.599550000,23.400
-0.370030000,44.599610000,23.600
-0.370030000,44.599670000,23.800
-0.370030000,44.599730000,24.100
-0.370040000,44.599810000,24.400
-0.370050000,44.599880000,24.600
-0.370070000,44.599950000,24.900
-0.370080000,44.599990000,25.100
-0.370090000,44.600030000,25.100
-0.370110000,44.600100000,25.100
-0.370130000,44.600160000,25.200
-0.370150000,44.600190000,25.200
-0.370160000,44.600240000,25.200
-0.370170000,44.600280000,25.300
-0.370180000,44.600310000,25.300
-0.370180000,44.600340000,25.300
-0.370190000,44.600360000,25.300
-0.370190000,44.600400000,25.300
-0.370200000,44.600610000,25.400
-0.370200000,44.600700000,25.400
-0.370170000,44.601560000,24.500
-0.370130000,44.601680000,24.300
-0.370120000,44.601700000,24.300
-0.370120000,44.601730000,24.300
-0.370120000,44.601790000,24.200
-0.370130000,44.601850000,24.200
-0.370150000,44.602030000,24.200
-0.370170000,44.602160000,24.200
-0.370180000,44.602210000,24.200
-0.370190000,44.602240000,24.100
-0.370210000,44.602290000,24.100
-0.370250000,44.602420000,24.100
-0.370310000,44.602570000,24.400
-0.370370000,44.602700000,25.100
-0.370420000,44.602780000,25.500
-0.370470000,44.602860000,25.900
-0.370500000,44.602910000,26.200
-0.370610000,44.603040000,26.800
-0.370730000,44.603190000,27.400
-0.370840000,44.603310000,27.900
-0.370910000,44.603380000,28.200
-0.370970000,44.603450000,28.400
-0.371040000,44.603520000,28.600
-0.371110000,44.603590000,28.800
-0.371190000,44.603650000,28.900
-0.371290000,44.603720000,29.100
-0.371790000,44.604140000,29.300
-0.372890000,44.605020000,28.600
-0.372950000,44.605070000,28.600
-0.373020000,44.605130000,28.600
-0.373040000,44.605140000,28.600
-0.373320000,44.605370000,28.900
-0.373560000,44.605570000,29.800
-0.373680000,44.605670000,30.400
-0.373780000,44.605770000,30.900
-0.373870000,44.605860000,31.300
-0.373950000,44.605960000,31.700
-0.374030000,44.606070000,32.000
-0.374100000,44.606190000,32.300
-0.374170000,44.606300000,32.600
-0.374230000,44.606440000,32.800
-0.374270000,44.606540000,33.000
-0.374310000,44.606690000,33.100
-0.374330000,44.606790000,32.800
-0.374350000,44.606910000,32.400
-0.374350000,44.607100000,31.800
-0.374330000,44.607260000,31.400
-0.374320000,44.607340000,31.100
-0.374310000,44.607410000,30.900
-0.374260000,44.607570000,30.800
-0.374210000,44.607720000,30.900
-0.374130000,44.607880000,31.000
-0.374040000,44.608020000,31.000
-0.373890000,44.608250000,31.000
-0.373780000,44.608390000,31.100
-0.373750000,44.608440000,31.100
-0.373690000,44.608510000,31.100
-0.373670000,44.608550000,31.200
-0.373620000,44.608620000,31.200
-0.373500000,44.608780000,31.400
-0.373410000,44.608910000,31.600
-0.373310000,44.609060000,31.900
-0.373280000,44.609100000,32.000
-0.373200000,44.609230000,32.300
-0.373170000,44.609270000,32.300
-0.373060000,44.609440000,32.400
-0.372920000,44.609640000,32.400
-0.372750000,44.609930000,32.100
-0.372670000,44.610090000,32.000
-0.372630000,44.610180000,32.100
-0.372590000,44.610260000,32.100
-0.372480000,44.610520000,32.100
-0.372440000,44.610610000,32.200
-0.372390000,44.610720000,32.300
-0.372370000,44.610760000,32.300
-0.372350000,44.610830000,32.400
-0.372330000,44.610900000,32.500
-0.372260000,44.611180000,32.800
-0.372230000,44.611350000,32.900
-0.372210000,44.611500000,32.900
-0.372210000,44.611590000,32.900
-0.372210000,44.611790000,32.500
-0.372210000,44.611990000,31.800
-0.372210000,44.611990000,31.800
-0.372120000,44.612000000,31.400
-0.371910000,44.612010000,30.600
-0.371670000,44.612030000,29.700
-0.371540000,44.612020000,29.700
-0.371430000,44.612000000,29.800
-0.371290000,44.611980000,29.900
-0.371150000,44.611950000,30.000
-0.371020000,44.611920000,30.100
-0.370560000,44.611800000,31.200
-0.369670000,44.611580000,32.900
-0.368660000,44.611290000,32.900
-0.367770000,44.611010000,34.100
-0.367480000,44.610910000,34.700
-0.367350000,44.610850000,35.100
-0.367000000,44.610630000,35.300
-0.366840000,44.610510000,35.200
-0.366690000,44.610380000,34.900
-0.366650000,44.610330000,34.700
-0.366590000,44.610280000,34.300
-0.366580000,44.610260000,34.200
-0.366460000,44.610130000,33.400
-0.366460000,44.610120000,33.300
-0.366450000,44.610120000,33.300
-0.366350000,44.609960000,32.400
-0.366270000,44.609790000,31.800
-0.366270000,44.609790000,31.800
-0.366230000,44.609720000,31.600
-0.366140000,44.609740000,31.300
-0.365770000,44.609740000,30.200
-0.365630000,44.609740000,29.800
-0.365570000,44.609740000,29.700
-0.365510000,44.609730000,29.500
-0.365450000,44.609710000,29.400
-0.365230000,44.609610000,29.300
-0.364320000,44.608990000,30.100
-0.364270000,44.608960000,30.200
-0.363910000,44.608730000,30.200
-0.363680000,44.608600000,29.800
-0.363590000,44.608560000,29.500
-0.363530000,44.608530000,29.400
-0.363510000,44.608520000,29.300
-0.363420000,44.608490000,29.000
-0.363330000,44.608460000,28.700
-0.363240000,44.608440000,28.400
-0.363150000,44.608420000,28.200
-0.363060000,44.608410000,27.900
-0.362950000,44.608400000,27.500
-0.362850000,44.608390000,27.200
-0.362760000,44.608390000,26.800
-0.362660000,44.608390000,26.500
-0.362560000,44.608390000,26.100
-0.362470000,44.608410000,25.800
-0.362380000,44.608420000,25.600
-0.362300000,44.608440000,25.500
-0.362220000,44.608460000,25.300
-0.362140000,44.608490000,25.100
-0.362070000,44.608520000,25.000
-0.361990000,44.608560000,24.800
-0.361580000,44.608770000,24.300
-0.361400000,44.608870000,24.000
-0.360860000,44.609180000,23.100
-0.360810000,44.609200000,23.100
-0.360410000,44.609440000,23.500
-0.360080000,44.609630000,23.800
-0.359940000,44.609740000,24.000
-0.359830000,44.609820000,24.100
-0.359760000,44.609880000,24.300
-0.359710000,44.609930000,24.400
-0.359580000,44.610060000,24.400
-0.359430000,44.610240000,23.900
-0.359310000,44.610380000,23.400
-0.359300000,44.610390000,23.400
-0.359170000,44.610540000,22.700
-0.359040000,44.610700000,22.000
-0.359000000,44.610750000,21.800
-0.358810000,44.611000000,22.100
-0.358680000,44.611210000,22.800
-0.358590000,44.611410000,23.600
-0.358500000,44.611630000,24.400
-0.358480000,44.611700000,24.500
-0.358420000,44.611890000,24.500
-0.358310000,44.612200000,24.600
-0.358200000,44.612510000,25.000
-0.358100000,44.612740000,24.700
-0.358030000,44.612890000,24.300
-0.357930000,44.613050000,23.700
-0.357810000,44.613210000,22.900
-0.357690000,44.613360000,21.900
-0.357520000,44.613560000,21.400
-0.356690000,44.614510000,22.100
-0.355810000,44.615550000,22.600
-0.355470000,44.615980000,21.800
-0.355440000,44.616020000,21.800
-0.355330000,44.616190000,22.000
-0.355280000,44.616260000,22.000
-0.355210000,44.616380000,22.300
-0.355050000,44.616640000,23.000
-0.354730000,44.617190000,24.300
-0.354330000,44.617850000,23.100
-0.354230000,44.618010000,22.600
-0.353850000,44.618660000,20.600
-0.353510000,44.619230000,19.200
-0.353370000,44.619480000,20.100
-0.353340000,44.619540000,20.300
-0.353050000,44.620070000,21.200
-0.353010000,44.620150000,21.300
-0.352830000,44.620490000,21.700
-0.352800000,44.620550000,21.800
-0.352700000,44.620750000,22.200
-0.352660000,44.620820000,22.300
-0.352590000,44.621000000,22.800
-0.352550000,44.621090000,23.000
-0.352530000,44.621130000,23.100
-0.352520000,44.621170000,23.300
-0.352450000,44.621340000,23.700
-0.352440000,44.621390000,23.900
-0.352420000,44.621440000,24.000
-0.352390000,44.621520000,24.200
-0.352360000,44.621610000,24.500
-0.352170000,44.622320000,19.500
-0.352150000,44.622400000,18.900
-0.352140000,44.622420000,18.700
-0.352120000,44.622490000,18.200
-0.352080000,44.622670000,18.900
-0.352050000,44.622750000,19.300
-0.352040000,44.622770000,19.400
-0.352020000,44.622850000,19.700
-0.352010000,44.622860000,19.800
-0.351990000,44.622920000,20.100
-0.351980000,44.622930000,20.100
-0.351960000,44.622970000,20.300
-0.351940000,44.623010000,20.500
-0.351890000,44.623110000,21.000
-0.351840000,44.623180000,21.300
-0.351810000,44.623220000,21.500
-0.351790000,44.623260000,21.700
-0.351730000,44.623330000,22.100
-0.351720000,44.623340000,22.100
-0.351440000,44.623680000,22.800
-0.351410000,44.623720000,22.900
-0.351340000,44.623810000,23.200
-0.351310000,44.623850000,23.400
-0.351150000,44.624030000,24.200
-0.351060000,44.624130000,24.800
-0.351000000,44.624190000,25.000
-0.350930000,44.624260000,25.000
-0.350920000,44.624260000,25.000
-0.350840000,44.624320000,25.000
-0.350740000,44.624400000,24.900
-0.350670000,44.624450000,24.900
-0.350570000,44.624520000,24.800
-0.350410000,44.624620000,24.800
-0.350130000,44.624810000,24.800
-0.349710000,44.624990000,24.300
-0.348920000,44.625180000,21.700
-0.348510000,44.625300000,20.100
-0.348310000,44.625370000,19.400
-0.348230000,44.625400000,19.300
-0.348090000,44.625460000,19.100
-0.347940000,44.625580000,19.100
-0.347810000,44.625690000,19.100
-0.347230000,44.625940000,17.700
-0.347160000,44.625970000,17.300
-0.346510000,44.626260000,15.300
-0.345740000,44.626560000,14.300
-0.345000000,44.627030000,15.100
-0.344600000,44.627280000,14.800
-0.344320000,44.627460000,14.800
-0.343810000,44.627800000,14.200
-0.343600000,44.627930000,14.000
-0.343420000,44.628040000,14.000
-0.343360000,44.628050000,14.000
-0.343310000,44.628080000,14.000
-0.343180000,44.628170000,14.000
-0.342950000,44.628340000,14.000
-0.342760000,44.628510000,14.000
-0.342760000,44.628510000,14.000
-0.342530000,44.628630000,14.300
-0.342430000,44.628700000,14.400
-0.342400000,44.628730000,14.400
-0.342270000,44.628790000,14.500
-0.342080000,44.628890000,14.700
-0.341900000,44.629000000,15.100
-0.341880000,44.629010000,15.100
-0.341680000,44.629120000,15.800
-0.341500000,44.629220000,16.100
-0.341470000,44.629240000,16.200
-0.341410000,44.629270000,16.200
-0.341210000,44.629360000,16.300
-0.341010000,44.629450000,16.400
-0.340820000,44.629540000,16.400
-0.340600000,44.629630000,16.500
-0.340520000,44.629660000,16.500
-0.340500000,44.629670000,16.500
-0.340400000,44.629710000,16.500
-0.340320000,44.629740000,16.500
-0.340230000,44.629770000,16.400
-0.340140000,44.629800000,16.300
-0.340010000,44.629820000,16.200
-0.339810000,44.629830000,16.200
-0.339720000,44.629840000,16.200
-0.339660000,44.629850000,16.200
-0.339590000,44.629860000,16.200
-0.339510000,44.629860000,16.200
-0.339450000,44.629870000,16.200
-0.339400000,44.629890000,16.200
-0.339350000,44.629900000,16.200
-0.339290000,44.629910000,16.200
-0.339240000,44.629930000,16.200
-0.339200000,44.629940000,16.200
-0.339150000,44.629960000,16.300
-0.339030000,44.630000000,16.300
-0.338980000,44.630020000,16.300
-0.338940000,44.630040000,16.300
-0.338630000,44.630190000,16.500
-0.338590000,44.630210000,16.500
-0.338560000,44.630220000,16.500
-0.338530000,44.630240000,16.500
-0.338520000,44.630270000,16.400
-0.338510000,44.630270000,16.400
-0.338510000,44.630300000,16.400
-0.338510000,44.630340000,16.300
-0.338510000,44.630350000,16.300
-0.338540000,44.630540000,16.100
-0.338530000,44.630600000,16.000
-0.338510000,44.630700000,15.800
-0.338510000,44.630700000,15.800
-0.338500000,44.630700000,15.800
-0.338490000,44.630700000,15.800
-0.338480000,44.630700000,15.700
-0.338470000,44.630700000,15.700
-0.338460000,44.630700000,15.700
-0.338460000,44.630710000,15.700
-0.338450000,44.630710000,15.600
-0.338450000,44.630720000,15.600
-0.338450000,44.630730000,15.600
-0.338280000,44.630750000,15.300
-0.338040000,44.630830000,15.400
-0.338020000,44.630840000,15.400
-0.337880000,44.630900000,15.700
-0.337710000,44.630960000,16.100
-0.337570000,44.631010000,16.400
-0.337450000,44.631060000,16.600
-0.337440000,44.631060000,16.600
-0.337400000,44.631070000,16.700
-0.337260000,44.631100000,17.000
-0.337260000,44.631100000,17.000
-0.337250000,44.631100000,17.000
-0.337240000,44.631100000,17.100
-0.337230000,44.631100000,17.100
-0.337220000,44.631100000,17.100
-0.337210000,44.631100000,17.100
-0.337210000,44.631110000,17.100
-0.337200000,44.631110000,17.100
-0.337030000,44.631140000,17.500
-0.337000000,44.631140000,17.600
-0.336890000,44.631140000,17.700
-0.336780000,44.631140000,17.900
-0.336540000,44.631140000,18.200
-0.336480000,44.631140000,18.200
-0.336420000,44.631140000,18.300
-0.335970000,44.631150000,18.700
-0.335810000,44.631150000,18.700
-0.335640000,44.631150000,18.200
-0.335300000,44.631140000,17.200
-0.335250000,44.631140000,17.100
-0.335240000,44.631140000,17.000
-0.334790000,44.631130000,16.300
-0.334780000,44.631130000,16.300
-0.334560000,44.631130000,16.200
-0.334380000,44.631120000,16.100
-0.334200000,44.631120000,16.000
-0.334170000,44.631120000,16.000
-0.334100000,44.631120000,15.800
-0.334040000,44.631120000,15.600
-0.333960000,44.631110000,15.300
-0.333710000,44.631090000,14.500
-0.333710000,44.631090000,14.500
-0.333710000,44.631080000,14.500
-0.333700000,44.631080000,14.500
-0.333690000,44.631070000,14.400
-0.333680000,44.631070000,14.400
-0.333670000,44.631070000,14.400
-0.333670000,44.631060000,14.400
-0.333660000,44.631060000,14.300
-0.333650000,44.631060000,14.300
-0.333640000,44.631060000,14.300
-0.333630000,44.631060000,14.200
-0.333620000,44.631060000,14.200
-0.333610000,44.631060000,14.200
-0.333600000,44.631060000,14.100
-0.333590000,44.631060000,14.100
-0.333590000,44.631070000,14.100
-0.333580000,44.631070000,14.100
-0.333570000,44.631070000,14.100
-0.333560000,44.631070000,14.000
-0.333560000,44.631080000,14.000
-0.333330000,44.631070000,13.300
-0.333140000,44.631090000,12.800
-0.333020000,44.631100000,12.600
-0.332880000,44.631110000,12.200
-0.332830000,44.631110000,12.100
-0.332740000,44.631120000,11.900
-0.332600000,44.631140000,11.600
-0.332550000,44.631150000,11.500
-0.332470000,44.631160000,11.200
-0.332320000,44.631200000,10.500
-0.332170000,44.631250000,9.700
-0.332100000,44.631270000,9.400
-0.332050000,44.631290000,9.300
-0.332020000,44.631300000,9.200
-0.331870000,44.631370000,9.000
-0.331800000,44.631400000,8.900
-0.331720000,44.631420000,8.800
-0.331570000,44.631500000,8.600
-0.331040000,44.631780000,7.900
-0.331020000,44.631790000,7.900
-0.330610000,44.632000000,8.400
-0.330570000,44.632020000,8.400
-0.330240000,44.632190000,8.600
-0.329900000,44.632360000,8.500
-0.329680000,44.632470000,7.800
-0.329460000,44.632580000,6.900
-0.329310000,44.632650000,6.300
-0.329200000,44.632710000,5.900
-0.329080000,44.632760000,5.500
-0.328960000,44.632800000,5.200
-0.328800000,44.632850000,4.800
-0.328560000,44.632910000,4.400
-0.328010000,44.633050000,5.100
-0.327710000,44.633120000,6.000
-0.327480000,44.633180000,6.700
-0.327470000,44.633180000,6.700
-0.327120000,44.633280000,7.300
-0.327000000,44.633310000,7.500
-0.326920000,44.633330000,7.700
-0.326660000,44.633400000,7.800
-0.326510000,44.633450000,7.500
-0.326380000,44.633500000,7.300
-0.326250000,44.633570000,7.100
-0.326150000,44.633630000,7.000
-0.325940000,44.633820000,6.900
-0.325660000,44.634110000,6.900
-0.325380000,44.634410000,6.900
-0.325240000,44.634560000,6.900
-0.325100000,44.634710000,6.900
-0.324950000,44.634860000,6.900
-0.324810000,44.635010000,6.900
-0.324500000,44.635330000,6.900
-0.324140000,44.635700000,6.900
-0.324120000,44.635720000,6.900
-0.324100000,44.635740000,6.900
-0.324060000,44.635780000,6.900
-0.323980000,44.635870000,6.900
-0.323900000,44.635950000,6.900
-0.323890000,44.635960000,6.900
-0.323790000,44.636020000,7.300
-0.323690000,44.636090000,7.800
-0.323570000,44.636140000,8.300
-0.323560000,44.636150000,8.400
-0.323540000,44.636160000,8.500
-0.323520000,44.636170000,8.600
-0.323420000,44.636210000,9.100
-0.323380000,44.636230000,9.300
-0.323150000,44.636310000,9.700
-0.323040000,44.636350000,9.900
-0.322830000,44.636430000,10.100
-0.322820000,44.636430000,10.100
-0.322640000,44.636500000,10.400
-0.322600000,44.636520000,10.500
-0.321750000,44.636840000,11.600
-0.321750000,44.636840000,11.600
-0.322080000,44.637370000,9.400
-0.322120000,44.637420000,9.100
-0.322130000,44.637440000,9.000
-0.322550000,44.638090000,7.700
-0.322520000,44.638240000,7.900
-0.322520000,44.638240000,7.900
-0.322510000,44.638250000,7.900
-0.322500000,44.638250000,7.900
-0.322500000,44.638260000,7.900
-0.322490000,44.638270000,8.000
-0.322490000,44.638280000,8.000
-0.322480000,44.638290000,8.000
-0.322480000,44.638300000,8.000
-0.322480000,44.638310000,8.000
-0.322480000,44.638320000,8.100
-0.322480000,44.638330000,8.100
-0.322490000,44.638330000,8.000
-0.322490000,44.638340000,8.100
-0.322490000,44.638350000,8.100
-0.322430000,44.638440000,8.500
-0.322410000,44.638470000,8.600
-0.322400000,44.638490000,8.700
-0.322340000,44.638540000,9.000
-0.322210000,44.638620000,9.600
-0.322100000,44.638680000,9.700
-0.322150000,44.638800000,10.000
-0.322170000,44.638860000,10.100
-0.322180000,44.638890000,10.100
-0.322220000,44.639030000,10.400
-0.322310000,44.639320000,11.000
-0.322330000,44.639370000,11.100
-0.322350000,44.639420000,11.300
-0.322370000,44.639470000,11.400
-0.322400000,44.639520000,11.500
-0.322460000,44.639600000,11.700
-0.322620000,44.639820000,11.700
-0.322670000,44.639880000,11.600
-0.322980000,44.640300000,12.000
-0.323110000,44.640480000,12.800
-0.323250000,44.640660000,13.700
-0.323290000,44.640710000,14.000
-0.323430000,44.640880000,14.300
-0.323600000,44.641080000,13.800
-0.323740000,44.641230000,13.700
-0.323840000,44.641340000,13.800
-0.324060000,44.641580000,14.600
-0.324110000,44.641650000,15.000
-0.324140000,44.641690000,15.100
-0.324160000,44.641730000,15.000
-0.324180000,44.641770000,14.900
-0.324190000,44.641820000,14.900
-0.324190000,44.641880000,14.900
-0.324180000,44.641920000,14.900
-0.324170000,44.641940000,15.000
-0.324140000,44.641970000,15.100
-0.323280000,44.642350000,17.000
-0.323200000,44.642380000,17.100
-0.322550000,44.642740000,17.900
-0.322490000,44.642790000,17.900
-0.322450000,44.642820000,17.700
-0.322410000,44.642860000,17.600
-0.322390000,44.642920000,17.500
-0.322380000,44.642970000,17.400
-0.322390000,44.643010000,17.500
-0.322430000,44.643110000,17.700
-0.322590000,44.643390000,17.800
-0.322700000,44.643590000,17.700
-0.322830000,44.643790000,17.600
-0.322920000,44.643940000,17.700
-0.322970000,44.644020000,17.800
-0.323170000,44.644290000,18.000
-0.323200000,44.644340000,18.000
-0.323210000,44.644360000,18.000
-0.323220000,44.644400000,18.000
-0.323200000,44.644570000,18.000
-0.323200000,44.644570000,18.000
-0.323200000,44.644580000,18.000
-0.323190000,44.644580000,18.000
-0.323190000,44.644590000,18.000
-0.323190000,44.644600000,18.000
-0.323180000,44.644600000,18.000
-0.323180000,44.644610000,18.000
-0.323180000,44.644620000,18.000
-0.323190000,44.644630000,18.000
-0.323190000,44.644640000,18.000
-0.323200000,44.644650000,18.000
-0.323210000,44.644660000,18.000
-0.323220000,44.644670000,18.000
-0.323230000,44.644670000,18.000
-0.323230000,44.644680000,18.000
-0.323240000,44.644680000,18.000
-0.323250000,44.644680000,18.000
-0.323260000,44.644680000,18.000
-0.323270000,44.644680000,18.000
-0.323270000,44.644690000,18.000
-0.323280000,44.644690000,18.000
-0.323290000,44.644690000,18.000
-0.323300000,44.644690000,18.000
-0.323310000,44.644690000,18.000
-0.323390000,44.644710000,18.100
-0.323430000,44.644720000,18.200
-0.323500000,44.644760000,18.300
-0.323640000,44.644910000,18.700
-0.323790000,44.645090000,19.100
-0.323810000,44.645120000,19.200
-0.323970000,44.645320000,19.600
-0.324000000,44.645340000,19.700
-0.324220000,44.645620000,20.000
-0.324360000,44.645770000,20.000
-0.324470000,44.645860000,20.000
-0.324600000,44.645970000,20.000
-0.324660000,44.646020000,20.000
-0.324810000,44.646130000,20.000
-0.324850000,44.646160000,20.000
-0.324860000,44.646170000,20.000
-0.325010000,44.646290000,20.000
-0.325040000,44.646300000,20.000
-0.325120000,44.646370000,19.900
-0.325190000,44.646410000,19.800
-0.325460000,44.646610000,19.400
-0.325580000,44.646690000,19.400
-0.325740000,44.646800000,19.400
-0.325870000,44.646900000,19.500
-0.325900000,44.646920000,19.600
-0.325920000,44.646930000,19.600
-0.325990000,44.647020000,19.700
-0.326070000,44.647100000,19.900
-0.326110000,44.647140000,20.000
-0.326220000,44.647250000,20.300
-0.326220000,44.647250000,20.300
-0.326020000,44.647410000,20.800
-0.325710000,44.647610000,21.000
-0.325620000,44.647670000,21.100
-0.325610000,44.647680000,21.100
-0.325430000,44.647800000,21.200
-0.325310000,44.647870000,21.300
-0.325240000,44.647920000,21.400
-0.324930000,44.648130000,21.800
-0.324780000,44.648220000,21.900
-0.324730000,44.648260000,21.900
-0.324510000,44.648400000,22.000
-0.324240000,44.648590000,22.000
-0.324200000,44.648620000,22.000
-0.323710000,44.648960000,22.000
-0.323690000,44.648970000,22.000
-0.323160000,44.649340000,22.000
-0.322790000,44.649610000,21.900
-0.322740000,44.649640000,21.900
-0.322400000,44.649860000,21.900
-0.322250000,44.649960000,22.200
-0.322240000,44.649970000,22.300
-0.322070000,44.650070000,22.900
-0.321730000,44.650310000,24.400
-0.321380000,44.650560000,26.100
-0.321080000,44.650750000,27.400
-0.320750000,44.650990000,29.300
-0.320650000,44.651060000,30.000
-0.320260000,44.651320000,32.500
-0.320020000,44.651470000,34.100
-0.319880000,44.651560000,34.700
-0.319440000,44.651830000,36.200
-0.319370000,44.651880000,36.500
-0.319180000,44.652000000,37.200
-0.319050000,44.652070000,37.700
-0.318990000,44.652120000,38.100
-0.318940000,44.652160000,38.500
-0.318920000,44.652180000,38.600
-0.318860000,44.652250000,39.200
-0.318800000,44.652340000,40.000
-0.318740000,44.652440000,40.900
-0.318690000,44.652540000,41.800
-0.318630000,44.652640000,42.800
-0.318530000,44.652800000,44.200
-0.318460000,44.652880000,44.900
-0.318360000,44.652990000,45.800
-0.318300000,44.653070000,46.500
-0.318280000,44.653100000,46.800
-0.318260000,44.653140000,47.100
-0.318130000,44.653240000,48.100
-0.318070000,44.653300000,48.700
-0.318020000,44.653390000,49.500
-0.317990000,44.653500000,50.300
-0.317980000,44.653620000,51.200
-0.317980000,44.653730000,52.100
-0.318020000,44.653830000,53.000
-0.318090000,44.653980000,54.600
-0.318210000,44.654160000,57.000
-0.318280000,44.654270000,57.700
-0.318320000,44.654320000,58.100
-0.318330000,44.654340000,58.200
-0.318420000,44.654470000,58.900
-0.318680000,44.654800000,61.100
-0.318820000,44.654970000,62.400
-0.319020000,44.655220000,62.400
-0.319220000,44.655430000,62.400
-0.319290000,44.655510000,62.500
-0.319470000,44.655700000,63.100
-0.319580000,44.655810000,63.600
-0.319620000,44.655850000,63.800
-0.319860000,44.656100000,64.100
-0.320200000,44.656430000,63.400
-0.320510000,44.656710000,62.900
-0.320540000,44.656740000,62.900
-0.320680000,44.656870000,63.100
-0.320850000,44.657020000,63.400
-0.321010000,44.657160000,64.000
-0.321180000,44.657320000,64.700
-0.321480000,44.657590000,66.500
-0.321600000,44.657700000,67.500
-0.321750000,44.657840000,68.600
-0.321960000,44.658030000,70.200
-0.322120000,44.658230000,71.700
-0.322200000,44.658350000,72.600
-0.322220000,44.658370000,72.900
-0.322280000,44.658500000,74.100
-0.322300000,44.658590000,74.700
-0.322320000,44.658770000,75.700
-0.322300000,44.659190000,78.000
-0.322270000,44.659820000,83.000
-0.322250000,44.660310000,86.000
-0.322250000,44.660470000,86.800
-0.322240000,44.660510000,87.000
-0.322230000,44.660900000,88.700
-0.322220000,44.661180000,88.700
-0.322220000,44.661310000,88.700
-0.322210000,44.661510000,88.700
-0.322210000,44.661780000,89.100
-0.322210000,44.661860000,89.300
-0.322210000,44.661880000,89.400
-0.322180000,44.662560000,91.600
-0.322160000,44.662860000,92.700
-0.322170000,44.663040000,93.300
-0.322160000,44.663200000,93.900
-0.322160000,44.663260000,94.100
-0.322150000,44.663320000,94.400
-0.322120000,44.663410000,94.400
-0.322090000,44.663470000,94.400
-0.322070000,44.663520000,94.400
-0.322050000,44.663560000,94.400
-0.322020000,44.663600000,94.400
-0.322000000,44.663630000,94.500
-0.321970000,44.663670000,94.500
-0.321930000,44.663710000,94.500
-0.321890000,44.663750000,94.600
-0.321840000,44.663800000,94.700
-0.321560000,44.664070000,95.300
-0.321420000,44.664210000,96.000
-0.321190000,44.664440000,97.400
-0.321130000,44.664500000,97.700
-0.321090000,44.664570000,98.000
-0.321030000,44.664660000,98.500
-0.320980000,44.664750000,98.900
-0.320950000,44.664810000,99.100
-0.320920000,44.664900000,99.400
-0.320900000,44.664990000,99.700
-0.320880000,44.665060000,99.800
-0.320880000,44.665070000,99.800
-0.320870000,44.665130000,99.900
-0.320830000,44.665430000,100.000
-0.320770000,44.665900000,100.400
-0.320760000,44.666020000,100.800
-0.320720000,44.666290000,101.900
-0.320710000,44.666350000,102.200
-0.320680000,44.666560000,103.000
-0.320660000,44.666800000,103.200
-0.320630000,44.667060000,102.900
-0.320620000,44.667380000,102.500
-0.320620000,44.667420000,102.400
-0.320610000,44.667880000,102.900
-0.320600000,44.668070000,103.100
-0.320610000,44.668220000,103.300
-0.320610000,44.668270000,103.400
-0.320620000,44.668360000,103.500
-0.320630000,44.668450000,103.600
-0.320650000,44.668540000,103.800
-0.320660000,44.668600000,103.800
-0.320670000,44.668610000,103.900
-0.320700000,44.668700000,104.000
-0.320890000,44.669270000,105.200
-0.321140000,44.670030000,107.500
-0.321260000,44.670560000,108.700
-0.321270000,44.670590000,108.800
-0.321270000,44.670590000,108.800
-0.321300000,44.670740000,109.200
-0.321770000,44.672720000,107.300
-0.321780000,44.672760000,107.400
-0.321810000,44.672930000,107.500
-0.321840000,44.673110000,107.700
-0.321840000,44.673140000,107.700
-0.321860000,44.673220000,107.900
-0.321870000,44.673310000,108.000
-0.321890000,44.673460000,108.400
-0.321910000,44.673780000,109.500
-0.321900000,44.673970000,110.000
-0.321880000,44.674100000,110.300
-0.321870000,44.674190000,110.500
-0.321860000,44.674260000,110.400
-0.321840000,44.674390000,110.100
-0.321820000,44.674490000,110.000
-0.321820000,44.674510000,110.000
-0.321740000,44.674760000,109.500
-0.321650000,44.675020000,108.900
-0.321640000,44.675030000,108.800
-0.321620000,44.675080000,108.600
-0.321500000,44.675330000,107.800
-0.321350000,44.675650000,106.900
-0.321330000,44.675670000,106.800
-0.321260000,44.675800000,106.500
-0.321250000,44.675830000,106.500
-0.321170000,44.675950000,106.700
-0.321150000,44.675960000,106.700
-0.321100000,44.676020000,106.800
-0.321000000,44.676110000,106.900
-0.320830000,44.676240000,106.900
-0.320510000,44.676470000,106.500
-0.320380000,44.676590000,106.500
-0.320310000,44.676640000,106.400
-0.320190000,44.676750000,106.000
-0.320110000,44.676840000,105.800
-0.319960000,44.677010000,105.700
-0.319940000,44.677030000,105.700
-0.319730000,44.677270000,106.100
-0.319480000,44.677560000,106.900
-0.319420000,44.677630000,106.800
-0.319350000,44.677710000,106.700
-0.319000000,44.678130000,106.100
-0.318850000,44.678300000,106.000
-0.318780000,44.678370000,106.000
-0.318680000,44.678480000,105.800
-0.318620000,44.678550000,105.700
-0.318600000,44.678570000,105.700
-0.318580000,44.678590000,105.700
-0.318570000,44.678620000,105.700
-0.318550000,44.678650000,105.600
-0.318540000,44.678710000,105.500
-0.318520000,44.678750000,105.500
-0.318520000,44.678790000,105.500
-0.318520000,44.678820000,105.400
-0.318520000,44.678870000,105.400
-0.318540000,44.679040000,105.200
-0.318550000,44.679090000,105.100
-0.318550000,44.679140000,105.000
-0.318550000,44.679180000,105.000
-0.318540000,44.679230000,104.900
-0.318530000,44.679270000,104.900
-0.318510000,44.679320000,104.900
-0.318450000,44.679440000,104.700
-0.318420000,44.679530000,104.600
-0.318410000,44.679580000,104.500
-0.318390000,44.679630000,104.500
-0.318390000,44.679670000,104.400
-0.318390000,44.679710000,104.400
-0.318390000,44.679740000,104.400
-0.318390000,44.679780000,104.300
-0.318400000,44.679810000,104.300
-0.318410000,44.679830000,104.300
-0.318420000,44.679860000,104.300
-0.318440000,44.679890000,104.200
-0.318450000,44.679910000,104.200
-0.318470000,44.679930000,104.200
-0.318540000,44.679990000,104.300
-0.318680000,44.680090000,104.600
-0.318700000,44.680110000,104.700
-0.318830000,44.680190000,105.100
-0.318860000,44.680210000,105.100
-0.319030000,44.680340000,105.700
-0.319060000,44.680360000,105.700
-0.319100000,44.680390000,105.900
-0.319210000,44.680470000,106.100
-0.319460000,44.680640000,106.100
-0.319690000,44.680790000,106.200
-0.319920000,44.680930000,105.900
-0.320190000,44.681130000,104.600
-0.320250000,44.681190000,104.200
-0.320300000,44.681250000,103.900
-0.320310000,44.681280000,103.800
-0.320320000,44.681320000,103.700
-0.320330000,44.681340000,103.600
-0.320330000,44.681380000,103.500
-0.320330000,44.681420000,103.400
-0.320320000,44.681450000,103.400
-0.320300000,44.681530000,103.200
-0.320220000,44.681710000,103.100
-0.320110000,44.681980000,102.900
-0.320050000,44.682160000,102.600
-0.320000000,44.682290000,102.500
-0.319990000,44.682330000,102.400
-0.319950000,44.682510000,102.000
-0.319920000,44.682690000,101.500
-0.319880000,44.682890000,100.900
-0.319840000,44.683180000,100.100
-0.319820000,44.683300000,99.800
-0.319790000,44.683490000,99.100
-0.319760000,44.683700000,98.200
-0.319720000,44.683810000,97.900
-0.319710000,44.683830000,97.900
-0.319700000,44.683870000,97.700
-0.319650000,44.683970000,97.500
-0.319630000,44.684010000,97.400
-0.319570000,44.684070000,97.500
-0.319510000,44.684120000,97.500
-0.319420000,44.684200000,97.700
-0.319310000,44.684280000,98.000
-0.319140000,44.684420000,98.100
-0.318630000,44.684820000,96.000
-0.318580000,44.684850000,95.800
-0.318450000,44.684950000,95.300
-0.318230000,44.685150000,95.000
-0.318100000,44.685280000,95.000
-0.318020000,44.685360000,94.900
-0.317910000,44.685480000,94.800
-0.317820000,44.685600000,94.700
-0.317740000,44.685700000,94.500
-0.317610000,44.685860000,94.400
-0.317340000,44.686210000,95.000
-0.317180000,44.686430000,95.400
-0.317020000,44.686680000,95.800
-0.316960000,44.686770000,95.700
-0.316940000,44.686820000,95.600
-0.316900000,44.686880000,95.500
-0.316790000,44.687120000,95.200
-0.316710000,44.687300000,95.100
-0.316660000,44.687390000,95.000
-0.316620000,44.687470000,95.000
-0.316580000,44.687560000,95.100
-0.316470000,44.687700000,95.100
-0.316390000,44.687820000,95.100
-0.316200000,44.688110000,94.900
-0.316110000,44.688240000,94.700
-0.316000000,44.688400000,94.100
-0.315990000,44.688420000,94.000
-0.315900000,44.688570000,93.000
-0.315800000,44.688730000,91.900
-0.315790000,44.688750000,91.800
-0.315770000,44.688790000,91.500
-0.315750000,44.688830000,91.200
-0.315740000,44.688870000,90.900
-0.315730000,44.688900000,90.700
-0.315720000,44.688930000,90.500
-0.315710000,44.688960000,90.300
-0.315710000,44.689030000,89.900
-0.315720000,44.689080000,89.700
-0.315720000,44.689090000,89.700
-0.315740000,44.689160000,89.500
-0.315760000,44.689230000,89.500
-0.315780000,44.689260000,89.600
-0.315800000,44.689300000,89.700
-0.315840000,44.689370000,89.800
-0.315870000,44.689420000,89.800
-0.315880000,44.689440000,89.800
-0.315910000,44.689510000,89.800
-0.315940000,44.689580000,89.800
-0.315960000,44.689640000,89.800
-0.315960000,44.689710000,89.700
-0.315960000,44.689770000,89.600
-0.315950000,44.689840000,89.500
-0.315940000,44.689920000,89.400
-0.315920000,44.690000000,89.200
-0.315880000,44.690070000,89.300
-0.315880000,44.690080000,89.300
-0.315840000,44.690170000,89.400
-0.315800000,44.690240000,89.600
-0.315780000,44.690280000,89.800
-0.315700000,44.690400000,90.100
-0.315620000,44.690560000,90.500
-0.315540000,44.690710000,90.800
-0.315500000,44.690780000,90.900
-0.315470000,44.690870000,91.000
-0.315450000,44.690910000,91.100
-0.315440000,44.690950000,91.100
-0.315420000,44.691030000,91.200
-0.315410000,44.691090000,91.300
-0.315410000,44.691120000,91.300
-0.315410000,44.691230000,91.500
-0.315410000,44.691270000,91.500
-0.315420000,44.691300000,91.600
-0.315420000,44.691340000,91.600
-0.315420000,44.691370000,91.600
-0.315430000,44.691400000,91.700
-0.315440000,44.691430000,91.800
-0.315450000,44.691450000,91.800
-0.315540000,44.691700000,92.300
-0.315730000,44.692190000,93.200
-0.315790000,44.692310000,93.600
-0.315870000,44.692480000,94.100
-0.315930000,44.692600000,94.100
-0.315970000,44.692680000,94.000
-0.316000000,44.692760000,93.900
-0.316040000,44.692830000,93.800
-0.316110000,44.692930000,93.600
-0.316190000,44.693050000,93.400
-0.316320000,44.693220000,93.000
-0.316370000,44.693310000,92.700
-0.316410000,44.693370000,92.700
-0.316420000,44.693400000,92.700
-0.316450000,44.693460000,92.700
-0.316480000,44.693550000,92.800
-0.316490000,44.693620000,92.800
-0.316490000,44.693660000,92.800
-0.316490000,44.693700000,92.800
-0.316480000,44.693740000,92.800
-0.316480000,44.693780000,92.800
-0.316470000,44.693820000,92.800
-0.316450000,44.693860000,92.700
-0.316430000,44.693900000,92.700
-0.316410000,44.693940000,92.700
-0.316400000,44.693960000,92.700
-0.316360000,44.694020000,92.600
-0.316300000,44.694110000,92.600
-0.316240000,44.694200000,92.700
-0.315960000,44.694610000,94.800
-0.315720000,44.694940000,96.800
-0.315640000,44.695050000,97.400
-0.315430000,44.695340000,98.300
-0.315120000,44.695700000,99.500
-0.315020000,44.695800000,99.900
-0.314880000,44.695950000,99.600
-0.314870000,44.695950000,99.600
-0.314740000,44.696090000,99.300
-0.314650000,44.696170000,99.100
-0.314320000,44.696470000,98.900
-0.313660000,44.697040000,101.300
-0.313620000,44.697070000,101.400
-0.313140000,44.697440000,103.100
-0.313000000,44.697550000,103.300
-0.312960000,44.697580000,103.300
-0.312980000,44.697640000,103.200
-0.313030000,44.697740000,103.000
-0.313060000,44.697800000,102.800
-0.313100000,44.697860000,102.700
-0.313120000,44.697890000,102.700
-0.313130000,44.697900000,102.600
-0.313130000,44.697920000,102.600
-0.313160000,44.698080000,102.400
-0.313210000,44.698350000,102.000
-0.313320000,44.698920000,100.600
-0.313430000,44.699540000,98.100
-0.313470000,44.699710000,97.300
-0.313470000,44.699730000,97.200
-0.313470000,44.699740000,97.200
-0.313540000,44.700070000,96.400
-0.313540000,44.700100000,96.400
-0.313570000,44.700250000,96.700
-0.313600000,44.700430000,97.000
-0.313610000,44.700450000,97.100
-0.313840000,44.701670000,100.200
-0.313850000,44.701690000,100.100
-0.314150000,44.703280000,97.200
-0.314190000,44.703460000,97.300
-0.314320000,44.704170000,98.800
-0.314480000,44.705020000,103.600
-0.314500000,44.705170000,103.700
-0.314580000,44.705580000,103.900
-0.314600000,44.705710000,103.900
-0.314700000,44.706250000,103.600
-0.314720000,44.706340000,103.500
-0.315060000,44.708250000,104.700
-0.315140000,44.708540000,104.700
-0.315200000,44.708610000,104.600
-0.315280000,44.708710000,104.500
-0.315420000,44.708830000,104.500
-0.315510000,44.708890000,104.500
-0.315640000,44.708990000,104.700
-0.315890000,44.709130000,104.900
-0.315900000,44.709140000,104.900
-0.316620000,44.709540000,103.200
-0.317580000,44.710080000,101.800
-0.317840000,44.710220000,101.500
-0.317890000,44.710250000,101.400
-0.318020000,44.710320000,101.200
-0.318080000,44.710350000,101.200
-0.319720000,44.711230000,97.100
-0.319840000,44.711300000,97.000
-0.320040000,44.711340000,96.800
-0.320300000,44.711380000,97.100
-0.321200000,44.711450000,97.400
-0.322240000,44.711540000,96.900
-0.323180000,44.711610000,99.200
-0.323280000,44.711620000,99.600
-0.324030000,44.711680000,99.200
-0.324160000,44.711700000,99.100
-0.324540000,44.711720000,98.700
-0.324630000,44.711730000,98.600
-0.324740000,44.711740000,98.500
-0.324790000,44.711740000,98.500
-0.324980000,44.711750000,98.300
-0.325170000,44.711740000,98.200
-0.325370000,44.711700000,98.100
-0.325530000,44.711660000,97.900
-0.325600000,44.711640000,97.700
-0.325620000,44.711640000,97.700
-0.326300000,44.711440000,95.000
-0.326990000,44.711220000,92.800
-0.327390000,44.711100000,93.000
-0.327490000,44.711070000,93.100
-0.327600000,44.711040000,93.300
-0.327660000,44.711020000,93.400
-0.327810000,44.710980000,93.700
-0.327850000,44.710960000,93.700
-0.328140000,44.710880000,94.400
-0.328220000,44.710850000,94.600
-0.328550000,44.710760000,94.100
-0.328880000,44.710660000,93.100
-0.329300000,44.710560000,92.300
-0.329590000,44.710490000,91.500
-0.330050000,44.710370000,90.100
-0.330210000,44.710330000,89.900
-0.330310000,44.710310000,89.700
-0.330390000,44.710300000,89.700
-0.330470000,44.710290000,89.600
-0.330510000,44.710290000,89.700
-0.330530000,44.710300000,89.800
-0.330580000,44.710310000,89.900
-0.330620000,44.710340000,90.200
-0.330640000,44.710370000,90.500
-0.330700000,44.710470000,91.400
-0.330740000,44.710600000,92.700
-0.330830000,44.710760000,94.300
-0.330870000,44.710810000,94.700
-0.330910000,44.710860000,94.800
-0.331010000,44.710950000,94.400
-0.331120000,44.711040000,93.900
-0.331150000,44.711080000,93.700
-0.331160000,44.711100000,93.600
-0.331170000,44.711160000,93.300
-0.331190000,44.711200000,93.100
-0.331190000,44.711260000,92.900
-0.331200000,44.711440000,92.100
-0.331180000,44.711620000,91.500
-0.331170000,44.711690000,91.400
-0.331180000,44.711790000,91.200
-0.331200000,44.711860000,91.000
-0.331270000,44.712000000,90.500
-0.331510000,44.712350000,88.900
-0.331580000,44.712450000,88.500
-0.331600000,44.712520000,88.400
-0.331630000,44.712590000,88.700
-0.331630000,44.712600000,88.800
-0.331640000,44.712760000,89.700
-0.331610000,44.713090000,91.700
-0.331600000,44.713130000,91.900
-0.331510000,44.713670000,94.000
-0.331490000,44.713870000,94.500
-0.331490000,44.713920000,94.600
-0.331500000,44.714050000,94.900
-0.331510000,44.714100000,95.000
-0.331550000,44.714260000,94.800
-0.331630000,44.714450000,94.000
-0.331760000,44.714650000,93.500
-0.331990000,44.714920000,93.300
-0.332090000,44.715040000,93.300
-0.332190000,44.715190000,92.800
-0.332270000,44.715370000,92.200
-0.332290000,44.715400000,92.200
-0.332300000,44.715430000,92.100
-0.332310000,44.715520000,91.700
-0.332360000,44.715890000,90.600
-0.332360000,44.715940000,90.500
-0.332370000,44.716120000,90.200
-0.332340000,44.716490000,89.200
-0.332310000,44.716660000,88.500
-0.332200000,44.716900000,87.800
-0.331960000,44.717320000,86.500
-0.331690000,44.717790000,82.100
-0.331480000,44.718150000,78.500
-0.331410000,44.718280000,77.400
-0.331390000,44.718320000,77.100
-0.331020000,44.718930000,72.300
-0.330990000,44.718980000,72.000
-0.330950000,44.719120000,71.200
-0.330910000,44.719280000,70.200
-0.330880000,44.719430000,69.100
-0.330870000,44.719480000,68.800
-0.330870000,44.719560000,68.200
-0.330890000,44.719700000,67.200
-0.330930000,44.719830000,66.300
-0.330980000,44.719900000,65.900
-0.331180000,44.720150000,64.500
-0.331770000,44.720920000,57.600
-0.331860000,44.721030000,57.100
-0.331940000,44.721110000,56.600
-0.332040000,44.721240000,55.700
-0.332070000,44.721350000,55.100
-0.332070000,44.721350000,55.100
-0.332320000,44.721390000,53.800
-0.332570000,44.721430000,52.600
-0.333240000,44.721530000,51.200
-0.333990000,44.721630000,53.400
-0.334230000,44.721670000,53.800
-0.334980000,44.721770000,50.400
-0.335230000,44.721810000,49.400
-0.335480000,44.721840000,48.700
-0.335970000,44.721910000,47.300
-0.336110000,44.721930000,46.800
-0.336250000,44.721940000,46.400
-0.336390000,44.721920000,46.200
-0.336470000,44.721900000,46.100
-0.336590000,44.721860000,46.100
-0.336900000,44.721710000,46.300
-0.337020000,44.721660000,46.200
-0.337110000,44.721620000,46.300
-0.337180000,44.721590000,46.300
-0.337340000,44.721530000,46.500
-0.337540000,44.721490000,46.500
-0.337580000,44.721490000,46.500
-0.337720000,44.721470000,46.800
-0.337830000,44.721470000,46.800
-0.337910000,44.721470000,46.900
-0.338080000,44.721490000,46.700
-0.338170000,44.721500000,46.600
-0.338320000,44.721550000,45.800
-0.338380000,44.721570000,45.700
-0.338770000,44.721710000,45.500
-0.339000000,44.721790000,46.200
-0.339540000,44.721980000,47.100
-0.339770000,44.722050000,47.300
-0.340000000,44.722130000,47.200
-0.340240000,44.722200000,46.300
-0.340470000,44.722270000,45.400
-0.340700000,44.722350000,44.400
-0.340710000,44.722350000,44.300
-0.340830000,44.722370000,43.900
-0.340970000,44.722380000,43.300
-0.341200000,44.722360000,42.500
-0.341700000,44.722300000,41.400
-0.341950000,44.722270000,41.700
-0.342200000,44.722240000,42.100
-0.342210000,44.722240000,42.100
-0.342370000,44.722230000,42.200
-0.342530000,44.722230000,42.200
-0.342700000,44.722240000,42.100
-0.342710000,44.722240000,42.100
-0.342950000,44.722280000,41.500
-0.343030000,44.722290000,41.400
-0.343470000,44.722390000,40.000
-0.343670000,44.722450000,38.800
-0.344230000,44.722600000,37.300
-0.344390000,44.722650000,37.000
-0.344690000,44.722750000,36.700
-0.345150000,44.722890000,37.000
-0.345980000,44.723160000,37.400
-0.346150000,44.723190000,37.100
-0.346330000,44.723220000,36.600
-0.346370000,44.723230000,36.500
-0.346440000,44.723230000,36.200
-0.346440000,44.723230000,36.200
-0.346580000,44.723230000,35.800
-0.346610000,44.723240000,35.600
-0.346850000,44.723230000,35.100
-0.347070000,44.723210000,34.700
-0.347090000,44.723210000,34.700
-0.347290000,44.723180000,34.400
-0.347480000,44.723140000,34.200
-0.347570000,44.723110000,34.100
-0.347640000,44.723080000,34.100
-0.347840000,44.722950000,34.000
-0.348510000,44.722480000,31.800
-0.348570000,44.722450000,31.900
-0.348770000,44.722340000,32.500
-0.349030000,44.722210000,33.100
-0.349430000,44.722070000,33.300
-0.349780000,44.721950000,32.900
-0.350320000,44.721740000,32.000
-0.350480000,44.721680000,31.800
-0.351200000,44.721390000,32.300
-0.351350000,44.721320000,32.200
-0.351390000,44.721300000,32.100
-0.351760000,44.721100000,31.000
-0.351830000,44.721060000,30.800
-0.351960000,44.720990000,30.400
-0.352370000,44.720760000,30.000
-0.352740000,44.720620000,31.400
-0.352800000,44.720600000,31.600
-0.353040000,44.720540000,31.900
-0.353280000,44.720490000,31.900
-0.353350000,44.720480000,32.000
-0.353530000,44.720460000,32.500
-0.353670000,44.720440000,33.000
-0.353780000,44.720430000,33.300
-0.354040000,44.720420000,33.800
-0.354240000,44.720410000,33.900
-0.354290000,44.720410000,33.800
-0.355190000,44.720400000,31.200
-0.355300000,44.720390000,30.700
-0.355350000,44.720380000,30.500
-0.355500000,44.720370000,29.800
-0.355630000,44.720330000,29.500
-0.355850000,44.720250000,28.800
-0.355990000,44.720190000,28.600
-0.356340000,44.720000000,28.000
-0.356740000,44.719790000,32.300
-0.356940000,44.719680000,34.900
-0.356990000,44.719650000,35.600
-0.357110000,44.719590000,36.900
-0.357150000,44.719570000,37.400
-0.357250000,44.719540000,37.900
-0.357380000,44.719510000,38.200
-0.357510000,44.719500000,38.000
-0.357640000,44.719510000,38.100
-0.357650000,44.719520000,37.800
-0.357880000,44.719560000,37.300
-0.358120000,44.719620000,36.300
-0.358360000,44.719670000,35.400
-0.358600000,44.719720000,33.500
-0.358670000,44.719740000,32.900
-0.358830000,44.719770000,31.800
-0.358850000,44.719770000,31.800
-0.358990000,44.719790000,31.100
-0.359100000,44.719780000,31.100
-0.359150000,44.719780000,31.000
-0.359330000,44.719760000,30.800
-0.359350000,44.719760000,30.700
-0.359440000,44.719730000,31.000
-0.359570000,44.719680000,31.500
-0.359570000,44.719670000,31.700
-0.359750000,44.719580000,32.800
-0.359780000,44.719570000,32.800
-0.359900000,44.719520000,33.300
-0.359990000,44.719480000,33.700
-0.360000000,44.719470000,33.800
-0.360100000,44.719450000,34.100
-0.360220000,44.719420000,34.600
-0.360230000,44.719420000,34.600
-0.360360000,44.719410000,34.700
-0.360480000,44.719400000,34.700
-0.360740000,44.719390000,34.600
-0.360980000,44.719370000,34.400
-0.360990000,44.719370000,34.300
-0.361210000,44.719380000,33.600
-0.361240000,44.719380000,33.500
-0.361430000,44.719400000,32.700
-0.361490000,44.719410000,32.400
-0.361670000,44.719460000,31.600
-0.361820000,44.719510000,32.100
-0.362150000,44.719670000,32.400
-0.362590000,44.719850000,32.000
-0.362600000,44.719850000,32.000
-0.362770000,44.719900000,31.200
-0.362830000,44.719910000,31.000
-0.362950000,44.719930000,30.600
-0.363110000,44.719950000,30.100
-0.363240000,44.719950000,30.000
-0.363320000,44.719930000,30.300
-0.363360000,44.719930000,30.200
-0.363480000,44.719890000,30.500
-0.363560000,44.719860000,30.800
-0.363600000,44.719840000,31.100
-0.363730000,44.719760000,32.400
-0.363750000,44.719750000,32.500
-0.363800000,44.719710000,33.300
-0.363890000,44.719670000,34.000
-0.363980000,44.719630000,34.700
-0.364070000,44.719610000,35.000
-0.364160000,44.719600000,35.100
-0.364280000,44.719590000,35.100
-0.364750000,44.719590000,34.300
-0.365000000,44.719600000,33.700
-0.365260000,44.719600000,33.400
-0.365320000,44.719600000,33.400
-0.365410000,44.719590000,33.400
-0.365490000,44.719580000,33.500
-0.365500000,44.719570000,33.600
-0.365570000,44.719560000,33.600
-0.366150000,44.719290000,32.700
-0.366360000,44.719190000,30.700
-0.366570000,44.719100000,29.600
-0.366630000,44.719070000,29.600
-0.366780000,44.719000000,29.900
-0.366950000,44.718920000,29.900
-0.366990000,44.718890000,30.000
-0.367040000,44.718860000,29.900
-0.367150000,44.718760000,30.000
-0.367160000,44.718760000,29.900
-0.367260000,44.718650000,29.800
-0.367290000,44.718610000,29.700
-0.367520000,44.718280000,28.400
-0.367640000,44.718120000,29.300
-0.367720000,44.718010000,30.200
-0.367760000,44.717970000,30.400
-0.367800000,44.717920000,30.800
-0.367910000,44.717850000,31.200
-0.367940000,44.717840000,31.200
-0.368000000,44.717820000,31.200
-0.368100000,44.717790000,31.200
-0.368170000,44.717780000,31.000
-0.368230000,44.717780000,30.800
-0.368420000,44.717770000,30.600
-0.368870000,44.717800000,30.800
-0.369120000,44.717810000,31.000
-0.369370000,44.717830000,30.500
-0.369620000,44.717840000,30.100
-0.370630000,44.717900000,26.900
-0.371640000,44.717950000,26.800
-0.371890000,44.717970000,26.900
-0.372650000,44.718010000,27.100
-0.372900000,44.718020000,26.900
-0.373910000,44.718080000,24.600
-0.374030000,44.718100000,24.100
-0.374130000,44.718130000,23.400
-0.374220000,44.718180000,23.000
-0.374240000,44.718190000,23.000
-0.374240000,44.718200000,22.900
-0.374560000,44.718470000,23.000
-0.374720000,44.718610000,23.100
-0.374810000,44.718680000,23.000
-0.374890000,44.718740000,22.900
-0.374920000,44.718770000,22.700
-0.375020000,44.718820000,22.600
-0.375090000,44.718850000,22.300
-0.375100000,44.718850000,22.300
-0.375200000,44.718880000,22.000
-0.375330000,44.718910000,21.700
-0.375340000,44.718910000,21.700
-0.375520000,44.718930000,21.500
-0.375580000,44.718940000,21.300
-0.375810000,44.718950000,21.200
-0.376140000,44.718980000,20.300
-0.376910000,44.719050000,19.000
-0.377550000,44.719120000,19.600
-0.377590000,44.719130000,19.500
-0.377800000,44.719150000,19.900
-0.377840000,44.719160000,19.800
-0.378020000,44.719190000,20.400
-0.378090000,44.719200000,20.700
-0.378220000,44.719220000,21.100
-0.378680000,44.719290000,22.900
-0.379410000,44.719410000,24.100
-0.379560000,44.719440000,23.700
-0.379780000,44.719480000,23.100
-0.379810000,44.719490000,23.000
-0.380020000,44.719520000,22.600
-0.380060000,44.719520000,22.700
-0.380250000,44.719550000,23.100
-0.380460000,44.719570000,23.600
-0.380660000,44.719580000,24.300
-0.381060000,44.719610000,24.700
-0.381410000,44.719610000,24.900
-0.381540000,44.719590000,25.300
-0.381570000,44.719590000,25.300
-0.381790000,44.719570000,24.900
-0.382010000,44.719540000,23.900
-0.382190000,44.719480000,23.700
-0.382400000,44.719420000,23.400
-0.382550000,44.719410000,22.500
-0.382660000,44.719420000,21.400
-0.382780000,44.719450000,19.900
-0.382780000,44.719450000,19.900
-0.383000000,44.719280000,20.200
-0.383130000,44.719190000,19.900
-0.383250000,44.719110000,20.200
-0.383710000,44.718840000,23.400
-0.384130000,44.718640000,25.300
-0.384300000,44.718550000,26.200
-0.384650000,44.718400000,26.300
-0.385020000,44.718270000,25.400
-0.385250000,44.718190000,25.500
-0.385470000,44.718110000,25.500
-0.385530000,44.718090000,25.500
-0.385700000,44.718040000,25.100
-0.385840000,44.717990000,24.900
-0.386100000,44.717890000,23.700
-0.386300000,44.717800000,22.300
-0.386580000,44.717640000,19.600
-0.386830000,44.717500000,18.000
-0.386950000,44.717430000,18.200
-0.387080000,44.717360000,18.200
-0.387300000,44.717270000,17.400
-0.387600000,44.717150000,16.000
-0.387640000,44.717140000,15.900
-0.387920000,44.717050000,14.500
-0.388190000,44.716980000,12.600
-0.388330000,44.716940000,11.300
-0.388490000,44.716890000,10.800
-0.388540000,44.716880000,10.700
-0.388710000,44.716800000,9.900
-0.388740000,44.716790000,9.800
-0.388900000,44.716720000,9.000
-0.388930000,44.716700000,8.800
-0.389160000,44.716590000,8.000
-0.389310000,44.716500000,8.700
-0.389430000,44.716420000,9.200
-0.389470000,44.716390000,9.300
-0.389520000,44.716340000,9.500
-0.389630000,44.716210000,9.600
-0.389780000,44.716010000,9.400
-0.389970000,44.715760000,9.000
-0.390100000,44.715630000,9.900
-0.390140000,44.715590000,10.200
-0.390260000,44.715490000,10.900
-0.390380000,44.715400000,11.400
-0.390430000,44.715360000,11.600
-0.390660000,44.715240000,12.200
-0.390680000,44.715230000,12.200
-0.391040000,44.715070000,12.000
-0.391640000,44.714850000,12.900
-0.391740000,44.714810000,13.100
-0.392420000,44.714570000,13.200
-0.392870000,44.714400000,11.600
-0.392940000,44.714370000,11.300
-0.393530000,44.714160000,8.800
-0.393620000,44.714120000,9.100
-0.394150000,44.713930000,9.500
-0.394520000,44.713800000,9.300
-0.394590000,44.713780000,9.100
-0.394810000,44.713700000,8.600
-0.395040000,44.713600000,7.900
-0.395050000,44.713600000,7.900
-0.395320000,44.713480000,7.300
-0.395750000,44.713290000,6.300
-0.395800000,44.713260000,6.200
-0.395850000,44.713220000,6.100
-0.395900000,44.713170000,6.200
-0.395900000,44.713170000,6.200
-0.395920000,44.713180000,6.200
-0.395940000,44.713190000,6.200
-0.395960000,44.713190000,6.200
-0.395980000,44.713190000,6.200
-0.396000000,44.713190000,6.200
-0.396020000,44.713190000,6.200
-0.396040000,44.713190000,6.200
-0.396070000,44.713180000,6.200
-0.396080000,44.713200000,6.200
-0.396110000,44.713230000,6.200
-0.396170000,44.713290000,6.100
-0.396250000,44.713340000,6.000
-0.396430000,44.713440000,6.500
-0.396580000,44.713580000,7.400
-0.396670000,44.713670000,8.000
-0.396670000,44.713670000,8.000
-0.396840000,44.713600000,8.700
-0.396940000,44.713550000,8.900
-0.397030000,44.713480000,8.700
-0.397070000,44.713440000,8.500
-0.397160000,44.713370000,8.200
-0.397250000,44.713280000,8.100
-0.397300000,44.713240000,8.200
-0.397570000,44.712990000,9.400
-0.397640000,44.712920000,10.100
-0.397680000,44.712890000,10.500
-0.397910000,44.712670000,12.400
-0.397920000,44.712650000,12.500
-0.398000000,44.712550000,13.000
-0.398030000,44.712510000,13.100
-0.398120000,44.712390000,13.200
-0.398150000,44.712360000,13.300
-0.398160000,44.712360000,13.400
-0.398290000,44.712210000,13.300
-0.398350000,44.712150000,13.300
-0.398390000,44.712110000,13.400
-0.398390000,44.712100000,13.300
-0.398570000,44.711930000,13.200
-0.398700000,44.711800000,12.600
-0.398740000,44.711770000,12.400
-0.398780000,44.711730000,12.100
-0.398850000,44.711680000,11.700
-0.398870000,44.711670000,11.600
-0.398910000,44.711640000,11.600
-0.399000000,44.711580000,11.800
-0.399060000,44.711550000,11.900
-0.399110000,44.711530000,12.000
-0.399360000,44.711450000,11.800
-0.399740000,44.711370000,11.400
-0.399770000,44.711370000,11.400
-0.400010000,44.711320000,11.100
-0.400110000,44.711250000,11.000
-0.400200000,44.711190000,10.800
-0.400300000,44.711100000,10.200
-0.400310000,44.711090000,10.100
-0.400380000,44.711020000,9.500
-0.400450000,44.710940000,8.800
-0.400470000,44.710920000,8.600
-0.400490000,44.710900000,8.400
-0.400600000,44.710810000,7.700
-0.400750000,44.710720000,7.500
-0.400930000,44.710610000,7.800
-0.401230000,44.710440000,8.500
-0.401270000,44.710420000,8.600
-0.401560000,44.710280000,8.900
-0.401620000,44.710250000,8.900
-0.401710000,44.710200000,8.700
-0.401830000,44.710140000,8.200
-0.401900000,44.710110000,8.000
-0.402040000,44.710040000,7.400
-0.402100000,44.710020000,7.200
-0.402180000,44.710000000,7.000
-0.402370000,44.709990000,7.000
-0.402370000,44.709990000,7.000
-0.402370000,44.710000000,7.000
-0.402380000,44.710000000,7.000
-0.402380000,44.710010000,7.100
-0.402390000,44.710010000,7.100
-0.402390000,44.710020000,7.200
-0.402400000,44.710020000,7.200
-0.402400000,44.710030000,7.300
-0.402410000,44.710030000,7.300
-0.402420000,44.710040000,7.400
-0.402430000,44.710040000,7.400
-0.402440000,44.710050000,7.500
-0.402450000,44.710050000,7.500
-0.402460000,44.710050000,7.500
-0.402470000,44.710050000,7.500
-0.402480000,44.710050000,7.500
-0.402490000,44.710060000,7.600
-0.402500000,44.710060000,7.700
-0.402510000,44.710060000,7.700
-0.402520000,44.710060000,7.700
-0.402530000,44.710060000,7.700
-0.402530000,44.710050000,7.600
-0.402540000,44.710050000,7.600
-0.402550000,44.710050000,7.600
-0.402560000,44.710050000,7.600
-0.402570000,44.710040000,7.500
-0.402580000,44.710040000,7.500
-0.402590000,44.710040000,7.500
-0.402590000,44.710030000,7.400
-0.402600000,44.710030000,7.400
-0.402600000,44.710020000,7.300
-0.402610000,44.710020000,7.300
-0.402610000,44.710010000,7.200
-0.402620000,44.710010000,7.300
-0.402620000,44.710000000,7.100
-0.402630000,44.710000000,7.200
-0.402630000,44.709990000,7.100
-0.402990000,44.710110000,8.800
-0.403210000,44.710180000,9.800
-0.403890000,44.710410000,11.400
-0.404240000,44.710520000,12.200
-0.404270000,44.710530000,12.300
-0.404450000,44.710590000,12.800
-0.404470000,44.710590000,12.800
-0.404740000,44.710680000,13.600
-0.404830000,44.710710000,13.800
-0.404940000,44.710740000,14.100
-0.405270000,44.710850000,15.000
-0.405290000,44.710850000,15.000
-0.405530000,44.710930000,16.400
-0.405620000,44.710960000,16.900
-0.405660000,44.710970000,17.000
-0.405700000,44.710980000,17.200
-0.406010000,44.711090000,17.800
-0.406080000,44.711110000,17.600
-0.406160000,44.711140000,17.500
-0.406330000,44.711200000,17.300
-0.406340000,44.711200000,17.200
-0.406720000,44.711330000,16.700
-0.407060000,44.711450000,15.700
-0.407440000,44.711570000,13.500
-0.407720000,44.711660000,12.600
-0.407760000,44.711670000,12.600
-0.407920000,44.711720000,13.200
-0.408010000,44.711750000,13.600
-0.408240000,44.711820000,14.400
-0.408500000,44.711890000,14.900
-0.408690000,44.711950000,15.400
-0.408950000,44.712020000,15.300
-0.409120000,44.712060000,14.900
-0.409240000,44.712100000,15.100
-0.409430000,44.712160000,15.600
-0.409740000,44.712270000,16.400
-0.409990000,44.712360000,16.700
-0.410150000,44.712410000,16.500
-0.410530000,44.712540000,16.600
-0.410620000,44.712570000,17.000
-0.410740000,44.712600000,17.200
-0.411020000,44.712690000,17.800
-0.411220000,44.712750000,17.800
-0.411230000,44.712750000,17.700
-0.411440000,44.712810000,17.300
-0.411580000,44.712860000,17.300
-0.411630000,44.712870000,17.100
-0.411740000,44.712900000,17.000
-0.411850000,44.712940000,17.300
-0.411990000,44.712990000,17.500
-0.412160000,44.713070000,18.000
-0.412250000,44.713110000,18.100
-0.412370000,44.713160000,18.000
-0.412460000,44.713210000,18.100
-0.412530000,44.713250000,18.100
-0.412730000,44.713370000,18.300
-0.412890000,44.713470000,19.100
-0.412900000,44.713470000,18.900
-0.413140000,44.713630000,19.300
-0.413260000,44.713710000,19.000
-0.413480000,44.713850000,18.800
-0.413970000,44.714160000,16.200
-0.414320000,44.714400000,16.300
-0.414380000,44.714440000,16.400
-0.414960000,44.714870000,12.800
-0.415230000,44.715080000,12.400
-0.415760000,44.715500000,11.300
-0.416050000,44.715710000,10.600
-0.416250000,44.715870000,10.600
-0.416310000,44.715910000,10.600
-0.416530000,44.716080000,10.400
-0.416630000,44.716170000,9.900
-0.416690000,44.716220000,9.700
-0.416770000,44.716300000,9.800
-0.416860000,44.716390000,9.900
-0.416940000,44.716480000,10.100
-0.417000000,44.716560000,10.300
-0.417170000,44.716780000,10.700
-0.417230000,44.716880000,10.800
-0.417430000,44.717190000,9.600
-0.417510000,44.717310000,8.700
-0.417580000,44.717420000,8.700
-0.417590000,44.717430000,8.700
-0.417750000,44.717660000,8.800
-0.417850000,44.717790000,8.900
-0.417870000,44.717810000,8.900
-0.417960000,44.717920000,8.900
-0.418020000,44.717980000,8.900
-0.418070000,44.718040000,8.900
-0.418240000,44.718170000,8.800
-0.418270000,44.718190000,8.800
-0.418390000,44.718270000,8.600
-0.418560000,44.718390000,8.700
-0.418630000,44.718430000,9.000
-0.418770000,44.718510000,9.500
-0.418940000,44.718620000,10.200
-0.419150000,44.718730000,10.800
-0.419190000,44.718750000,10.900
-0.419200000,44.718750000,10.900
-0.419370000,44.718820000,11.000
-0.419440000,44.718850000,11.000
-0.419590000,44.718900000,10.700
-0.419640000,44.718920000,10.700
-0.419900000,44.718990000,9.600
-0.420060000,44.719040000,9.000
-0.420540000,44.719160000,7.400
-0.420820000,44.719230000,7.200
-0.421010000,44.719290000,7.700
-0.421370000,44.719380000,7.700
-0.421490000,44.719410000,7.500
-0.421580000,44.719430000,7.300
-0.421710000,44.719470000,7.100
-0.421730000,44.719470000,7.000
-0.422020000,44.719550000,6.800
-0.422210000,44.719600000,6.500
-0.422350000,44.719640000,6.200
-0.422460000,44.719670000,5.900
-0.422540000,44.719690000,5.900
-0.422570000,44.719700000,5.900
-0.422660000,44.719730000,6.000
-0.422830000,44.719800000,6.200
-0.423130000,44.719910000,6.200
-0.423280000,44.719960000,6.100
-0.423360000,44.720000000,6.100
-0.423720000,44.720140000,8.700
-0.423940000,44.720220000,9.700
-0.424420000,44.720400000,9.700
-0.424770000,44.720540000,8.600
-0.424870000,44.720580000,8.100
-0.425040000,44.720650000,7.400
-0.425230000,44.720730000,6.700
-0.425320000,44.720780000,6.400
-0.425560000,44.720910000,6.600
-0.425930000,44.721120000,7.300
-0.426250000,44.721310000,8.200
-0.426280000,44.721330000,8.300
-0.426430000,44.721410000,8.200
-0.426440000,44.721420000,8.200
-0.426480000,44.721440000,8.100
-0.426480000,44.721440000,8.100
-0.426780000,44.721610000,7.800
-0.427220000,44.721860000,9.200
-0.427640000,44.722110000,8.800
-0.428020000,44.722320000,8.800
-0.428200000,44.722420000,8.900
-0.428200000,44.722430000,8.900
-0.428500000,44.722590000,9.600
-0.428620000,44.722650000,10.100
-0.428760000,44.722710000,10.500
-0.428880000,44.722760000,10.900
-0.429090000,44.722850000,11.700
-0.429410000,44.722980000,12.000
-0.429680000,44.723080000,11.800
-0.429870000,44.723160000,11.700
-0.430320000,44.723330000,11.800
-0.430450000,44.723370000,12.600
-0.430550000,44.723400000,13.200
-0.430620000,44.723430000,13.800
-0.430990000,44.723550000,15.800
-0.431260000,44.723640000,17.200
-0.431550000,44.723730000,18.100
-0.431700000,44.723780000,18.600
-0.431780000,44.723800000,18.700
-0.431900000,44.723840000,19.200
-0.432010000,44.723880000,19.700
-0.432050000,44.723890000,19.800
-0.432090000,44.723900000,19.900
-0.432170000,44.723920000,20.000
-0.432260000,44.723950000,20.400
-0.432360000,44.723970000,20.500
-0.432480000,44.724000000,20.700
-0.432630000,44.724030000,20.200
-0.432980000,44.724100000,18.800
-0.433630000,44.724220000,17.200
-0.434010000,44.724290000,17.100
-0.434040000,44.724300000,17.200
-0.434090000,44.724310000,17.200
-0.434540000,44.724390000,16.700
-0.434860000,44.724450000,16.200
-0.435070000,44.724490000,15.900
-0.435180000,44.724510000,16.000
-0.435250000,44.724530000,16.200
-0.435320000,44.724550000,16.300
-0.435420000,44.724580000,16.400
-0.435640000,44.724660000,16.500
-0.435730000,44.724710000,16.600
-0.436000000,44.724800000,16.100
-0.436110000,44.724840000,15.900
-0.436260000,44.724880000,15.500
-0.436360000,44.724910000,15.200
-0.436570000,44.724960000,14.400
-0.436950000,44.725040000,14.000
-0.437490000,44.725150000,14.600
-0.437860000,44.725210000,14.500
-0.438400000,44.725300000,13.800
-0.438650000,44.725340000,13.700
-0.438850000,44.725360000,13.400
-0.438980000,44.725380000,13.200
-0.439160000,44.725400000,12.800
-0.439180000,44.725400000,12.800
-0.439320000,44.725410000,12.700
-0.439530000,44.725420000,12.600
-0.439740000,44.725430000,12.500
-0.439880000,44.725410000,12.100
-0.440390000,44.725420000,11.800
-0.440690000,44.725420000,11.600
-0.440920000,44.725430000,11.400
-0.441030000,44.725430000,11.200
-0.441190000,44.725430000,10.800
-0.441390000,44.725420000,10.200
-0.441500000,44.725410000,9.800
-0.441600000,44.725410000,9.600
-0.441690000,44.725400000,9.300
-0.441780000,44.725400000,9.100
-0.441830000,44.725400000,9.000
-0.441880000,44.725410000,9.000
-0.441940000,44.725410000,8.900
-0.442010000,44.725420000,8.900
-0.442090000,44.725440000,9.000
-0.442160000,44.725460000,9.100
-0.442240000,44.725480000,9.100
-0.442270000,44.725490000,9.100
-0.442350000,44.725510000,9.200
-0.442480000,44.725540000,9.200
-0.442480000,44.725550000,9.300
-0.442600000,44.725580000,9.200
-0.442840000,44.725650000,9.100
-0.443270000,44.725780000,8.800
-0.443290000,44.725790000,8.800
-0.443350000,44.725800000,8.700
-0.443440000,44.725830000,8.700
-0.443590000,44.725870000,9.700
-0.443760000,44.725910000,10.600
-0.443860000,44.725920000,10.700
-0.443940000,44.725940000,11.200
-0.444120000,44.725970000,11.700
-0.444420000,44.726020000,13.100
-0.444900000,44.726080000,14.500
-0.445530000,44.726170000,15.700
-0.445770000,44.726210000,16.100
-0.446110000,44.726260000,15.400
-0.446390000,44.726300000,14.400
-0.446610000,44.726330000,13.400
-0.447120000,44.726400000,11.800
-0.447410000,44.726450000,10.900
-0.447650000,44.726480000,10.500
-0.447790000,44.726500000,10.500
-0.447980000,44.726520000,10.400
-0.448110000,44.726530000,10.300
-0.448230000,44.726540000,10.100
-0.448400000,44.726550000,10.000
-0.448590000,44.726560000,9.800
-0.448800000,44.726560000,9.600
-0.449150000,44.726550000,9.200
-0.449410000,44.726550000,10.000
-0.449760000,44.726550000,11.100
-0.449810000,44.726550000,11.300
-0.449970000,44.726550000,11.800
-0.450150000,44.726550000,11.900
-0.450350000,44.726560000,12.000
-0.450680000,44.726580000,12.300
-0.450830000,44.726600000,12.400
-0.450910000,44.726610000,12.200
-0.451040000,44.726630000,11.900
-0.451370000,44.726690000,11.800
-0.451670000,44.726750000,12.500
-0.451720000,44.726760000,12.800
-0.451960000,44.726810000,14.200
-0.452020000,44.726820000,14.400
-0.452890000,44.726990000,20.200
-0.452960000,44.727010000,20.900
-0.453180000,44.727050000,22.700
-0.453400000,44.727100000,24.200
-0.453970000,44.727210000,23.900
-0.454090000,44.727240000,23.800
-0.454180000,44.727260000,23.500
-0.454270000,44.727290000,23.000
-0.454360000,44.727310000,22.200
-0.454450000,44.727340000,21.600
-0.454530000,44.727380000,21.300
-0.454700000,44.727450000,20.200
-0.455470000,44.727770000,18.700
-0.455570000,44.727820000,18.700
-0.455680000,44.727870000,18.400
-0.455900000,44.727960000,17.900
-0.456110000,44.728060000,18.200
-0.456280000,44.728130000,17.800
-0.456360000,44.728160000,17.500
-0.456450000,44.728200000,17.100
-0.456530000,44.728230000,16.600
-0.456630000,44.728260000,15.800
-0.456670000,44.728270000,15.500
-0.456720000,44.728280000,15.400
-0.456820000,44.728300000,15.200
-0.456900000,44.728320000,15.100
-0.457030000,44.728330000,14.700
-0.457110000,44.728340000,14.600
-0.457180000,44.728340000,14.300
-0.457490000,44.728360000,13.700
-0.457520000,44.728370000,13.900
-0.457570000,44.728370000,13.800
-0.457610000,44.728370000,13.700
-0.457980000,44.728400000,13.500
-0.458320000,44.728420000,13.200
-0.458480000,44.728430000,13.300
-0.458540000,44.728440000,13.500
-0.458640000,44.728450000,13.600
-0.458760000,44.728460000,13.700
-0.458870000,44.728480000,13.900
-0.458950000,44.728490000,14.000
-0.459000000,44.728500000,14.100
-0.459050000,44.728510000,14.200
-0.459120000,44.728530000,14.400
-0.459190000,44.728550000,14.500
-0.459250000,44.728560000,14.400
-0.459270000,44.728570000,14.500
-0.459730000,44.728720000,14.300
-0.459910000,44.728780000,13.900
-0.459960000,44.728800000,13.700
-0.460120000,44.728850000,12.900
-0.460180000,44.728870000,12.600
-0.460220000,44.728890000,12.400
-0.460300000,44.728930000,12.100
-0.460360000,44.728960000,11.900
-0.460440000,44.729000000,11.600
-0.460500000,44.729040000,11.500
-0.460530000,44.729050000,11.300
-0.460660000,44.729140000,11.200
-0.460880000,44.729300000,12.500
-0.461110000,44.729470000,14.200
-0.461370000,44.729680000,14.300
-0.461700000,44.729950000,11.700
-0.461710000,44.729960000,11.700
-0.461860000,44.730090000,11.900
-0.462080000,44.730270000,11.800
-0.462200000,44.730360000,11.400
-0.462240000,44.730400000,11.300
-0.462400000,44.730550000,10.500
-0.462480000,44.730640000,10.000
-0.462550000,44.730710000,9.700
-0.462600000,44.730790000,9.700
-0.462620000,44.730820000,9.700
-0.462630000,44.730830000,9.700
-0.462640000,44.730860000,9.600
-0.462660000,44.730890000,9.600
-0.462700000,44.730980000,9.400
-0.462790000,44.731200000,9.200
-0.462840000,44.731360000,9.500
-0.462850000,44.731410000,9.600
-0.462880000,44.731500000,9.700
-0.462890000,44.731540000,9.800
-0.462910000,44.731620000,10.000
-0.462970000,44.731860000,10.500
-0.462990000,44.731900000,10.800
-0.463010000,44.731920000,11.000
-0.463060000,44.731970000,11.600
-0.463120000,44.732010000,12.100
-0.463170000,44.732040000,12.500
-0.463210000,44.732060000,12.800
-0.463260000,44.732070000,13.100
-0.463450000,44.732100000,13.500
-0.463560000,44.732110000,13.500
-0.463590000,44.732120000,13.600
-0.463890000,44.732150000,13.600
-0.464150000,44.732190000,13.700
-0.464520000,44.732270000,13.100
-0.464690000,44.732320000,12.800
-0.464890000,44.732390000,12.600
-0.465280000,44.732550000,13.100
-0.465380000,44.732600000,14.100
-0.465450000,44.732620000,14.400
-0.465510000,44.732640000,14.700
-0.465580000,44.732670000,15.300
-0.465650000,44.732690000,15.500
-0.465710000,44.732700000,15.600
-0.465770000,44.732720000,15.900
-0.465940000,44.732760000,16.500
-0.466050000,44.732780000,16.700
-0.466910000,44.733000000,19.100
-0.467480000,44.733170000,16.700
-0.468020000,44.733310000,12.400
-0.468120000,44.733340000,11.500
-0.468190000,44.733360000,11.200
-0.468250000,44.733380000,11.000
-0.468280000,44.733390000,10.800
-0.468320000,44.733410000,10.800
-0.468360000,44.733420000,10.800
-0.468400000,44.733440000,11.000
-0.468450000,44.733460000,11.200
-0.468510000,44.733490000,11.600
-0.468690000,44.733580000,12.200
-0.468950000,44.733780000,13.200
-0.469010000,44.733810000,13.000
-0.469070000,44.733850000,12.900
-0.469100000,44.733870000,12.800
-0.469130000,44.733880000,12.600
-0.469140000,44.733890000,12.600
-0.469160000,44.733900000,12.500
-0.469200000,44.733910000,12.200
-0.469270000,44.733940000,11.900
-0.469360000,44.733980000,11.500
-0.469520000,44.734040000,10.500
-0.469650000,44.734090000,9.700
-0.469910000,44.734180000,7.900
-0.470140000,44.734270000,7.700
-0.470190000,44.734290000,7.900
-0.470790000,44.734510000,11.700
-0.470950000,44.734570000,12.700
-0.471000000,44.734590000,13.100
-0.471040000,44.734600000,13.200
-0.471220000,44.734670000,14.200
-0.471450000,44.734750000,15.300
-0.471490000,44.734770000,15.500
-0.471570000,44.734800000,15.800
-0.471680000,44.734830000,16.100
-0.472020000,44.734960000,16.200
-0.472360000,44.735080000,18.300
-0.472580000,44.735160000,19.600
-0.472590000,44.735160000,19.600
-0.472670000,44.735190000,19.900
-0.472720000,44.735210000,20.000
-0.472920000,44.735270000,20.200
-0.473080000,44.735320000,20.100
-0.473170000,44.735360000,20.200
-0.473280000,44.735390000,20.000
-0.473340000,44.735410000,19.800
-0.473430000,44.735440000,19.700
-0.473480000,44.735450000,19.500
-0.473560000,44.735480000,19.400
-0.473660000,44.735500000,19.000
-0.473750000,44.735530000,18.700
-0.473770000,44.735530000,18.500
-0.473900000,44.735570000,18.000
-0.474060000,44.735600000,16.900
-0.474480000,44.735700000,15.600
-0.474590000,44.735730000,15.600
-0.474620000,44.735740000,15.600
-0.474670000,44.735760000,15.800
-0.474710000,44.735770000,15.800
-0.474730000,44.735770000,15.700
-0.474850000,44.735810000,16.000
-0.475430000,44.736020000,22.600
-0.475840000,44.736170000,27.900
-0.475860000,44.736180000,28.000
-0.476060000,44.736250000,28.600
-0.476200000,44.736300000,28.700
-0.476650000,44.736470000,27.700
-0.476740000,44.736500000,27.000
-0.476760000,44.736510000,27.000
-0.476980000,44.736590000,25.700
-0.477060000,44.736620000,25.300
-0.477190000,44.736670000,24.800
-0.477320000,44.736720000,25.100
-0.477410000,44.736750000,25.100
-0.477820000,44.736900000,25.000
-0.478120000,44.737010000,23.700
-0.478260000,44.737060000,22.700
-0.478310000,44.737080000,22.300
-0.478330000,44.737090000,22.200
-0.478420000,44.737120000,22.000
-0.478690000,44.737210000,20.900
-0.478920000,44.737300000,19.800
-0.478990000,44.737320000,19.200
-0.479010000,44.737330000,19.100
-0.479160000,44.737390000,17.900
-0.479240000,44.737420000,17.400
-0.479320000,44.737460000,17.000
-0.479350000,44.737470000,16.800
-0.479390000,44.737490000,16.500
-0.479440000,44.737520000,16.500
-0.479500000,44.737570000,16.900
-0.479540000,44.737590000,16.700
-0.479560000,44.737610000,16.900
-0.479600000,44.737640000,16.900
-0.479630000,44.737660000,16.800
-0.479680000,44.737700000,16.700
-0.479740000,44.737760000,16.700
-0.479810000,44.737840000,16.500
-0.479880000,44.737920000,16.100
-0.480000000,44.738110000,15.100
-0.480110000,44.738310000,15.500
-0.480270000,44.738620000,15.600
-0.480390000,44.738820000,15.300
-0.480520000,44.739030000,14.700
-0.480600000,44.739140000,14.200
-0.480650000,44.739220000,14.300
-0.480680000,44.739250000,14.300
-0.480710000,44.739300000,14.500
-0.480760000,44.739340000,14.300
-0.480810000,44.739400000,14.400
-0.480850000,44.739430000,14.400
-0.480870000,44.739440000,14.300
-0.480920000,44.739490000,14.500
-0.480980000,44.739540000,14.500
-0.481160000,44.739660000,13.800
-0.481480000,44.739870000,10.800
-0.481670000,44.739990000,8.000
-0.481770000,44.740050000,8.900
-0.482010000,44.740210000,10.800
-0.482110000,44.740290000,11.200
-0.482220000,44.740380000,11.300
-0.482350000,44.740490000,10.700
-0.482470000,44.740590000,9.600
-0.482510000,44.740630000,9.200
-0.482630000,44.740740000,9.400
-0.482730000,44.740820000,9.300
-0.482790000,44.740880000,9.700
-0.483150000,44.741210000,9.700
-0.483200000,44.741260000,9.300
-0.483250000,44.741310000,8.800
-0.483360000,44.741410000,7.600
-0.483480000,44.741530000,7.400
-0.483640000,44.741690000,7.300
-0.483660000,44.741710000,7.500
-0.484020000,44.742080000,8.600
-0.484090000,44.742160000,8.100
-0.484220000,44.742290000,7.300
-0.484230000,44.742310000,7.300
-0.484740000,44.742850000,7.700
-0.484910000,44.743020000,6.900
-0.485650000,44.743780000,6.700
-0.485720000,44.743870000,6.400
-0.485790000,44.743950000,6.100
-0.486380000,44.744840000,7.100
-0.486580000,44.745130000,7.700
-0.486680000,44.745290000,9.100
-0.486720000,44.745340000,9.700
-0.486780000,44.745420000,10.500
-0.486850000,44.745510000,11.200
-0.486900000,44.745560000,11.400
-0.487000000,44.745660000,11.400
-0.487100000,44.745760000,11.000
-0.487250000,44.745880000,10.000
-0.487430000,44.746020000,8.600
-0.487890000,44.746360000,8.300
-0.488100000,44.746520000,7.600
-0.488520000,44.746840000,8.500
-0.488570000,44.746900000,9.200
-0.488960000,44.747210000,9.200
-0.489140000,44.747360000,7.700
-0.489320000,44.747490000,7.400
-0.489390000,44.747550000,7.900
-0.489660000,44.747750000,9.200
-0.489880000,44.747920000,9.800
-0.490000000,44.748010000,9.900
-0.490110000,44.748100000,10.100
-0.490200000,44.748180000,10.300
-0.490250000,44.748200000,10.100
-0.490520000,44.748450000,11.700
-0.490660000,44.748600000,12.900
-0.490800000,44.748770000,13.400
-0.491180000,44.749220000,14.000
-0.491230000,44.749280000,14.700
-0.491730000,44.749900000,13.900
-0.491810000,44.749990000,14.000
-0.491850000,44.750040000,14.500
-0.492020000,44.750230000,16.000
-0.492110000,44.750320000,16.200
-0.492310000,44.750560000,16.100
-0.492390000,44.750650000,15.500
-0.492530000,44.750810000,14.400
-0.492710000,44.751010000,17.200
-0.492800000,44.751110000,18.200
-0.493010000,44.751320000,18.400
-0.493220000,44.751530000,16.600
-0.493240000,44.751550000,16.300
-0.493450000,44.751750000,16.100
-0.493810000,44.752060000,17.500
-0.493990000,44.752230000,16.400
-0.494120000,44.752360000,14.800
-0.494190000,44.752440000,14.100
-0.494310000,44.752590000,15.200
-0.494400000,44.752700000,16.100
-0.494440000,44.752740000,16.200
-0.494740000,44.753100000,15.600
-0.495220000,44.753670000,15.100
-0.495420000,44.753920000,15.400
-0.495460000,44.753960000,15.100
-0.495500000,44.754010000,14.800
-0.495600000,44.754120000,13.700
-0.495610000,44.754140000,13.600
-0.495720000,44.754280000,12.500
-0.495730000,44.754290000,12.400
-0.495850000,44.754430000,11.300
-0.496060000,44.754690000,12.100
-0.496130000,44.754790000,12.100
-0.496160000,44.754830000,12.100
-0.496190000,44.754880000,12.000
-0.496430000,44.755230000,9.800
-0.496520000,44.755380000,8.700
-0.496590000,44.755510000,7.700
-0.496660000,44.755630000,6.700
-0.496710000,44.755780000,6.600
-0.496730000,44.755830000,6.600
-0.496770000,44.756020000,7.600
-0.496800000,44.756210000,8.500
-0.496870000,44.756840000,10.400
-0.496870000,44.756860000,10.400
-0.496880000,44.757020000,10.300
-0.496880000,44.757080000,10.300
-0.496880000,44.757100000,10.300
-0.496860000,44.757230000,10.600
-0.496820000,44.757450000,11.200
-0.496690000,44.758090000,8.600
-0.496640000,44.758300000,7.500
-0.496610000,44.758460000,7.300
-0.496570000,44.758520000,7.500
-0.496550000,44.758640000,7.400
-0.496530000,44.758730000,7.300
-0.496520000,44.758760000,7.300
-0.496510000,44.758810000,7.200
-0.496460000,44.758940000,7.000
-0.496450000,44.758940000,7.000
-0.496440000,44.758940000,7.100
-0.496430000,44.758950000,7.100
-0.496420000,44.758950000,7.100
-0.496400000,44.758950000,7.200
-0.496390000,44.758950000,7.200
-0.496380000,44.758960000,7.200
-0.496370000,44.758960000,7.200
-0.496360000,44.758970000,7.200
-0.496350000,44.758970000,7.200
-0.496340000,44.758980000,7.200
-0.496330000,44.758990000,7.200
-0.496320000,44.758990000,7.200
-0.496310000,44.759000000,7.200
-0.496300000,44.759010000,7.200
-0.496290000,44.759020000,7.200
-0.496290000,44.759030000,7.100
-0.496280000,44.759040000,7.100
-0.496280000,44.759050000,7.100
-0.496270000,44.759060000,7.000
-0.496270000,44.759070000,7.000
-0.496270000,44.759080000,6.900
-0.496270000,44.759090000,6.900
-0.496270000,44.759100000,6.800
-0.496270000,44.759110000,6.800
-0.496280000,44.759120000,6.700
-0.496280000,44.759130000,6.700
-0.496280000,44.759140000,6.600
-0.496290000,44.759150000,6.500
-0.496290000,44.759160000,6.500
-0.496300000,44.759170000,6.400
-0.496310000,44.759170000,6.400
-0.496320000,44.759180000,6.400
-0.496320000,44.759190000,6.400
-0.496330000,44.759200000,6.400
-0.496340000,44.759200000,6.400
-0.496360000,44.759210000,6.300
-0.496380000,44.759300000,6.200
-0.496390000,44.759350000,6.100
-0.496380000,44.759410000,6.100
-0.496350000,44.759600000,5.900
-0.496360000,44.759640000,5.800
-0.496280000,44.760010000,5.500
-0.496160000,44.760600000,5.500
-0.496090000,44.760990000,5.400
-0.495970000,44.761540000,5.700
-0.495970000,44.761550000,5.700
-0.495920000,44.761700000,5.800
-0.495850000,44.761910000,5.100
-0.495730000,44.762260000,3.900
-0.495660000,44.762430000,3.300
-0.495310000,44.763410000,5.100
-0.495280000,44.763470000,5.200
-0.495090000,44.763990000,6.900
-0.495060000,44.764090000,7.400
-0.494430000,44.765800000,9.100
-0.494410000,44.765860000,9.000
-0.494100000,44.766700000,10.900
-0.494000000,44.767040000,11.000
-0.493890000,44.767510000,10.900
-0.493810000,44.767850000,10.100
-0.493760000,44.768030000,9.600
-0.493720000,44.768200000,8.800
-0.493570000,44.768850000,7.800
-0.493530000,44.768990000,7.700
-0.493450000,44.769250000,7.300
-0.493340000,44.769510000,7.600
-0.493160000,44.769910000,10.600
-0.493080000,44.770080000,12.300
-0.493030000,44.770190000,13.600
-0.492960000,44.770340000,15.400
-0.492920000,44.770480000,16.600
-0.492900000,44.770610000,17.300
-0.492880000,44.770780000,18.200
-0.492860000,44.770880000,18.700
-0.492850000,44.771290000,17.800
-0.492850000,44.771310000,17.800
-0.492830000,44.771670000,17.300
-0.492770000,44.772150000,16.000
-0.492750000,44.772290000,15.500
-0.492720000,44.772690000,13.900
-0.492720000,44.773010000,12.400
-0.492730000,44.773170000,11.600
-0.492750000,44.773290000,10.800
-0.492760000,44.773390000,10.400
-0.492790000,44.773440000,10.000
-0.492810000,44.773560000,9.600
-0.492840000,44.773830000,9.100
-0.492850000,44.773920000,8.900
-0.492900000,44.774290000,8.400
-0.492910000,44.774330000,8.400
-0.492920000,44.774430000,8.300
-0.492930000,44.774450000,8.300
-0.492930000,44.774470000,8.300
-0.492980000,44.774830000,8.000
-0.493000000,44.774930000,7.900
-0.493030000,44.775140000,7.800
-0.493060000,44.775320000,7.800
-0.493090000,44.775510000,7.600
-0.493130000,44.775770000,7.200
-0.493130000,44.775790000,7.200
-0.493180000,44.776080000,9.700
-0.493200000,44.776150000,10.200
-0.493210000,44.776200000,10.700
-0.493230000,44.776260000,11.100
-0.493260000,44.776320000,11.400
-0.493290000,44.776390000,11.700
-0.493320000,44.776460000,12.000
-0.493380000,44.776560000,12.300
-0.493470000,44.776740000,13.200
-0.493570000,44.776900000,13.700
-0.493680000,44.777080000,13.900
-0.493760000,44.777200000,13.800
-0.493810000,44.777270000,13.500
-0.493850000,44.777310000,13.100
-0.493890000,44.777360000,12.800
-0.493940000,44.777420000,12.200
-0.493980000,44.777460000,11.700
-0.494000000,44.777480000,11.500
-0.494050000,44.777520000,11.000
-0.494110000,44.777570000,10.900
-0.494190000,44.777650000,11.400
-0.494290000,44.777740000,12.500
-0.494420000,44.777850000,13.300
-0.494610000,44.778020000,14.000
-0.495120000,44.778470000,12.800
-0.495170000,44.778550000,13.400
-0.495240000,44.778610000,13.300
-0.495290000,44.778650000,13.200
-0.495380000,44.778720000,12.700
-0.495470000,44.778780000,12.000
-0.495620000,44.778890000,10.600
-0.495630000,44.778900000,10.500
-0.495710000,44.778960000,9.600
-0.495780000,44.779040000,9.000
-0.495780000,44.779040000,9.000
-0.495780000,44.779080000,9.400
-0.495780000,44.779120000,9.700
-0.495780000,44.779150000,10.000
-0.495790000,44.779190000,9.900
-0.495810000,44.779220000,9.300
-0.495840000,44.779250000,8.700
-0.495860000,44.779280000,8.400
-0.495900000,44.779310000,8.000
-0.495930000,44.779330000,7.700
-0.495960000,44.779350000,7.400
-0.495990000,44.779360000,7.200
-0.496030000,44.779370000,6.900
-0.496060000,44.779380000,6.600
-0.496100000,44.779390000,6.300
-0.496140000,44.779400000,6.000
-0.496180000,44.779400000,5.700
-0.496230000,44.779400000,5.300
-0.496280000,44.779390000,5.000
-0.496320000,44.779390000,4.700
-0.496370000,44.779370000,4.400
-0.496410000,44.779360000,4.200
-0.496450000,44.779340000,3.900
-0.496490000,44.779320000,3.700
-0.496520000,44.779290000,3.600
-0.496650000,44.779270000,2.700
-0.496730000,44.779260000,2.700
-0.496810000,44.779260000,2.700
-0.496870000,44.779270000,2.700
-0.496970000,44.779280000,2.700
-0.497110000,44.779310000,2.700
-0.497230000,44.779330000,2.700
-0.497380000,44.779370000,2.700
-0.497420000,44.779390000,2.700
-0.497560000,44.779440000,2.500
-0.497670000,44.779490000,2.200
-0.497850000,44.779570000,1.700
-0.498190000,44.779750000,0.600
-0.498730000,44.780050000,0.400
-0.498860000,44.780100000,0.600
-0.499030000,44.780210000,0.600
-0.499460000,44.780480000,0.800
-0.501560000,44.781780000,2.000
-0.502030000,44.782060000,2.300
-0.502750000,44.782490000,2.100
-0.502790000,44.782520000,2.100
-0.503030000,44.782660000,2.000
-0.503400000,44.782870000,2.000
-0.503430000,44.782910000,2.100
-0.503440000,44.782920000,2.100
-0.503880000,44.783180000,2.500
-0.504060000,44.783280000,2.800
-0.504250000,44.783410000,3.100
-0.504430000,44.783530000,3.100
-0.504550000,44.783620000,3.000
-0.504670000,44.783710000,2.900
-0.504960000,44.783960000,2.300
-0.505040000,44.784030000,2.200
-0.505120000,44.784110000,2.200
-0.505190000,44.784180000,2.200
-0.505190000,44.784190000,2.200
-0.505290000,44.784310000,2.400
-0.505360000,44.784400000,2.500
-0.505390000,44.784460000,2.500
-0.505430000,44.784520000,2.500
-0.505450000,44.784570000,2.500
-0.505490000,44.784670000,2.500
-0.505490000,44.784670000,2.500
-0.505480000,44.784680000,2.500
-0.505470000,44.784690000,2.500
-0.505470000,44.784700000,2.500
-0.505460000,44.784710000,2.500
-0.505460000,44.784720000,2.500
-0.505450000,44.784730000,2.500
-0.505450000,44.784740000,2.500
-0.505440000,44.784760000,2.500
-0.505440000,44.784780000,2.500
-0.505440000,44.784800000,2.500
-0.505440000,44.784820000,2.500
-0.505450000,44.784840000,2.500
-0.505450000,44.784860000,2.500
-0.505460000,44.784880000,2.500
-0.505470000,44.784900000,2.500
-0.505490000,44.784920000,2.400
-0.505500000,44.784940000,2.400
-0.505520000,44.784960000,2.400
-0.505550000,44.784980000,2.300
-0.505570000,44.784990000,2.300
-0.505600000,44.785010000,2.300
-0.505630000,44.785020000,2.300
-0.505660000,44.785030000,2.200
-0.505690000,44.785040000,2.200
-0.505760000,44.785090000,2.100
-0.505820000,44.785140000,2.000
-0.505860000,44.785180000,2.000
-0.505880000,44.785210000,2.100
-0.505900000,44.785230000,2.100
-0.505940000,44.785330000,2.100
-0.506020000,44.785480000,2.200
-0.506100000,44.785660000,2.300
-0.506360000,44.786210000,2.300
-0.506440000,44.786330000,2.300
-0.506600000,44.786670000,2.000
-0.506840000,44.787200000,3.700
-0.507140000,44.787850000,4.500
-0.507600000,44.788840000,4.300
-0.508110000,44.789970000,1.300
-0.508160000,44.790080000,1.300
-0.508170000,44.790090000,1.300
-0.508240000,44.790250000,1.400
-0.508240000,44.790260000,1.400
-0.508450000,44.790730000,2.000
-0.508740000,44.791300000,1.900
-0.508970000,44.791740000,1.700
-0.509090000,44.791950000,1.600
-0.509200000,44.792140000,1.500
-0.509380000,44.792460000,1.300
-0.509570000,44.792790000,2.300
-0.509950000,44.793440000,4.600
-0.510200000,44.793880000,3.500
-0.510510000,44.794420000,3.000
-0.510890000,44.795070000,3.000
-0.511360000,44.795890000,1.700
-0.511840000,44.796680000,0.800
-0.511880000,44.796800000,0.900
-0.511960000,44.796940000,1.100
-0.512020000,44.797040000,1.200
-0.512090000,44.797150000,1.400
-0.512250000,44.797450000,1.900
-0.512390000,44.797670000,2.200
-0.512480000,44.797790000,2.300
-0.512490000,44.797810000,2.400
-0.512560000,44.797920000,2.400
-0.512590000,44.797970000,2.400
-0.512600000,44.798010000,2.400
-0.512610000,44.798020000,2.400
-0.512630000,44.798090000,2.400
-0.512660000,44.798170000,2.500
-0.512680000,44.798260000,2.500
-0.512680000,44.798260000,2.500
-0.512670000,44.798270000,2.500
-0.512660000,44.798290000,2.600
-0.512660000,44.798300000,2.600
-0.512660000,44.798320000,2.600
-0.512650000,44.798330000,2.600
-0.512660000,44.798350000,2.600
-0.512660000,44.798360000,2.700
-0.512660000,44.798380000,2.700
-0.512670000,44.798390000,2.700
-0.512670000,44.798410000,2.700
-0.512680000,44.798420000,2.700
-0.512700000,44.798430000,2.700
-0.512710000,44.798450000,2.700
-0.512720000,44.798460000,2.700
-0.512740000,44.798470000,2.700
-0.512760000,44.798480000,2.600
-0.512770000,44.798490000,2.600
-0.512790000,44.798500000,2.600
-0.512810000,44.798500000,2.500
-0.512830000,44.798510000,2.500
-0.512860000,44.798510000,2.400
-0.512870000,44.798510000,2.300
-0.512880000,44.798520000,2.300
-0.512890000,44.798520000,2.300
-0.512900000,44.798520000,2.300
-0.512910000,44.798520000,2.200
-0.512920000,44.798520000,2.200
-0.512930000,44.798520000,2.200
-0.512950000,44.798540000,2.100
-0.512990000,44.798570000,2.100
-0.513020000,44.798600000,2.000
-0.513030000,44.798630000,2.000
-0.513210000,44.798930000,1.500
-0.513260000,44.799020000,1.300
-0.513380000,44.799220000,1.200
-0.513470000,44.799360000,1.800
-0.513730000,44.799760000,3.000
-0.513830000,44.799850000,3.300
-0.514020000,44.800160000,3.900
-0.514290000,44.800590000,4.100
-0.514480000,44.800910000,4.400
-0.514610000,44.801120000,4.700
-0.514750000,44.801350000,5.100
-0.514890000,44.801580000,5.600
-0.514980000,44.801740000,5.900
-0.515230000,44.802180000,5.500
-0.515620000,44.802880000,4.500
-0.515770000,44.803150000,4.200
-0.516010000,44.803580000,3.700
-0.516430000,44.804340000,1.500
-0.516910000,44.805200000,1.200
-0.516980000,44.805330000,1.600
-0.517010000,44.805440000,1.800
-0.517310000,44.805980000,2.100
-0.517770000,44.806790000,3.700
-0.518070000,44.807310000,2.500
-0.518550000,44.808110000,2.000
-0.518770000,44.808470000,1.100
-0.518830000,44.808550000,0.800
-0.518920000,44.808670000,0.400
-0.519000000,44.808770000,0
-0.519050000,44.808870000,-0.200
-0.519060000,44.808870000,-0.200
-0.519110000,44.808980000,-0.500
-0.519160000,44.809080000,-0.800
-0.519200000,44.809190000,-0.800
-0.519260000,44.809290000,-0.300
-0.519370000,44.809490000,0.600
-0.519440000,44.809600000,1.000
-0.519480000,44.809680000,1.400
-0.519500000,44.809750000,1.600
-0.519520000,44.809860000,2.000
-0.519520000,44.809860000,2.000
-0.519510000,44.809870000,2.000
-0.519500000,44.809880000,2.000
-0.519490000,44.809890000,2.000
-0.519480000,44.809900000,2.100
-0.519480000,44.809910000,2.100
-0.519470000,44.809920000,2.100
-0.519460000,44.809940000,2.200
-0.519460000,44.809950000,2.200
-0.519450000,44.809970000,2.200
-0.519440000,44.809990000,2.300
-0.519440000,44.810020000,2.400
-0.519430000,44.810040000,2.400
-0.519430000,44.810060000,2.500
-0.519440000,44.810080000,2.500
-0.519440000,44.810110000,2.600
-0.519450000,44.810130000,2.700
-0.519450000,44.810150000,2.700
-0.519460000,44.810160000,2.700
-0.519470000,44.810180000,2.800
-0.519480000,44.810190000,2.800
-0.519490000,44.810210000,2.900
-0.519500000,44.810220000,2.900
-0.519520000,44.810240000,3.000
-0.519530000,44.810250000,3.000
-0.519570000,44.810270000,3.100
-0.519600000,44.810300000,3.200
-0.519650000,44.810320000,3.300
-0.519690000,44.810330000,3.400
-0.519740000,44.810340000,3.500
-0.519780000,44.810350000,3.600
-0.519830000,44.810360000,3.700
-0.519880000,44.810360000,3.700
-0.519900000,44.810350000,3.700
-0.519920000,44.810350000,3.700
-0.519950000,44.810350000,3.800
-0.519970000,44.810350000,3.800
-0.519990000,44.810340000,3.800
-0.520010000,44.810340000,3.800
-0.520030000,44.810330000,3.800
-0.520050000,44.810320000,3.800
-0.520230000,44.810410000,4.000
-0.520320000,44.810440000,4.100
-0.520400000,44.810490000,4.200
-0.520460000,44.810530000,4.300
-0.520500000,44.810550000,4.300
-0.520520000,44.810560000,4.300
-0.521420000,44.811270000,6.800
-0.521750000,44.811550000,6.400
-0.521790000,44.811580000,6.400
-0.522170000,44.811890000,6.000
-0.522220000,44.811940000,6.000
-0.522300000,44.812010000,5.900
-0.522390000,44.812080000,5.800
-0.522500000,44.812180000,5.700
-0.522550000,44.812220000,5.700
-0.522860000,44.812480000,5.000
-0.523150000,44.812760000,4.800
-0.523220000,44.812820000,4.700
-0.523300000,44.812910000,4.500
-0.523360000,44.812970000,4.400
-0.523390000,44.813010000,4.400
-0.523470000,44.813100000,4.300
-0.523470000,44.813100000,4.300
-0.523450000,44.813120000,4.300
-0.523430000,44.813140000,4.300
-0.523420000,44.813170000,4.200
-0.523410000,44.813200000,4.200
-0.523400000,44.813220000,4.200
-0.523400000,44.813250000,4.200
-0.523400000,44.813280000,4.100
-0.523400000,44.813310000,4.100
-0.523410000,44.813340000,4.100
-0.523420000,44.813370000,4.100
-0.523440000,44.813390000,4.100
-0.523460000,44.813420000,4.100
-0.523480000,44.813440000,4.200
-0.523500000,44.813470000,4.200
-0.523530000,44.813490000,4.200
-0.523560000,44.813510000,4.200
-0.523580000,44.813520000,4.200
-0.523590000,44.813520000,4.200
-0.523610000,44.813530000,4.300
-0.523620000,44.813530000,4.300
-0.523630000,44.813540000,4.300
-0.523650000,44.813540000,4.300
-0.523660000,44.813550000,4.300
-0.523680000,44.813550000,4.300
-0.523720000,44.813560000,4.300
-0.523760000,44.813570000,4.400
-0.523800000,44.813570000,4.400
-0.523830000,44.813570000,4.400
-0.523870000,44.813570000,4.500
-0.523910000,44.813560000,4.500
-0.523950000,44.813550000,4.500
-0.523990000,44.813540000,4.600
-0.524000000,44.813540000,4.600
-0.524020000,44.813540000,4.600
-0.524030000,44.813530000,4.600
-0.524040000,44.813530000,4.600
-0.524060000,44.813520000,4.700
-0.524070000,44.813520000,4.700
-0.524080000,44.813510000,4.700
-0.524100000,44.813500000,4.700
-0.524280000,44.813520000,4.700
-0.524360000,44.813520000,4.600
-0.524430000,44.813530000,4.600
-0.524560000,44.813550000,4.500
-0.524670000,44.813570000,4.500
-0.524800000,44.813600000,4.400
-0.524880000,44.813620000,4.400
-0.524990000,44.813660000,4.400
-0.525160000,44.813700000,4.500
-0.525170000,44.813710000,4.500
-0.525240000,44.813730000,4.600
-0.525380000,44.813780000,4.800
-0.525430000,44.813800000,4.800
-0.525620000,44.813880000,5.100
-0.525930000,44.814030000,5.500
-0.526010000,44.814060000,5.400
-0.526460000,44.814240000,4.600
-0.526930000,44.814450000,4.400
-0.527160000,44.814580000,4.400
-0.527240000,44.814630000,4.400
-0.527450000,44.814790000,4.600
-0.527610000,44.814940000,4.800
-0.527610000,44.814940000,4.800
-0.527760000,44.815050000,5.100
-0.527890000,44.815170000,5.300
-0.527910000,44.815200000,5.400
-0.528390000,44.815830000,6.100
-0.529140000,44.816820000,5.500
-0.529280000,44.817040000,5.900
-0.529320000,44.817110000,6.100
-0.529370000,44.817180000,6.200
-0.529460000,44.817280000,6.300
-0.529520000,44.817340000,6.400
-0.529770000,44.817690000,5.900
-0.529980000,44.818000000,4.300
-0.530240000,44.818400000,2.600
-0.530740000,44.819150000,4.100
-0.531250000,44.819940000,4.400
-0.531570000,44.820430000,4.100
-0.531730000,44.820660000,3.800
-0.532000000,44.821070000,3.100
-0.532030000,44.821120000,3.000
-0.532110000,44.821240000,2.900
-0.532200000,44.821370000,2.700
-0.532360000,44.821610000,2.400
-0.532450000,44.821740000,2.200
-0.532520000,44.821870000,2.000
-0.532600000,44.822040000,1.900
-0.532770000,44.822320000,1.900
-0.532810000,44.822360000,1.900
-0.532830000,44.822390000,1.900
-0.532860000,44.822430000,2.000
-0.532880000,44.822470000,2.000
-0.532950000,44.822550000,2.200
-0.533080000,44.822690000,2.700
-0.533230000,44.822860000,3.300
-0.533400000,44.823070000,4.000
-0.533430000,44.823130000,4.200
-0.533440000,44.823180000,4.300
-0.533430000,44.823210000,4.400
-0.533420000,44.823230000,4.500
-0.533370000,44.823270000,4.700
-0.533310000,44.823320000,5.000
-0.533210000,44.823380000,5.000
-0.533110000,44.823430000,4.900
-0.533000000,44.823500000,4.800
-0.532920000,44.823530000,4.800
-0.532860000,44.823560000,4.700
-0.532820000,44.823600000,4.600
-0.532820000,44.823620000,4.600
-0.532820000,44.823620000,4.600
-0.532810000,44.823640000,4.500
-0.532800000,44.823680000,4.500
-0.532810000,44.823700000,4.400
-0.532840000,44.823750000,4.400
-0.532970000,44.823910000,4.400
-0.533180000,44.824110000,4.700
-0.533300000,44.824240000,4.700
-0.533430000,44.824370000,4.400
-0.533710000,44.824640000,3.400
-0.533750000,44.824690000,3.200
-0.533830000,44.824760000,3.000
-0.533880000,44.824820000,2.800
-0.534120000,44.825060000,2.000
-0.534230000,44.825160000,1.900
-0.534300000,44.825210000,1.900
-0.534350000,44.825240000,2.000
-0.534370000,44.825250000,2.000
-0.534400000,44.825250000,2.100
-0.534450000,44.825250000,2.100
-0.534500000,44.825250000,2.200
-0.534570000,44.825230000,2.300
-0.534650000,44.825190000,2.500
-0.534840000,44.825090000,2.800
-0.534980000,44.825020000,3.000
-0.535050000,44.824990000,3.200
-0.535110000,44.824970000,3.400
-0.535160000,44.824970000,3.600
-0.535200000,44.824970000,3.700
-0.535270000,44.824990000,4.000
-0.535300000,44.825000000,4.100
-0.535380000,44.825060000,4.400
-0.535650000,44.825270000,5.800
-0.535880000,44.825460000,6.800
-0.535960000,44.825530000,6.500
-0.536040000,44.825600000,6.200
-0.536040000,44.825600000,6.200
-0.536080000,44.825640000,6.100
-0.536280000,44.825770000,5.200
-0.536420000,44.825900000,4.500
-0.536540000,44.825990000,3.800
-0.536630000,44.826070000,3.500
-0.536810000,44.826200000,3.200
-0.536970000,44.826300000,3.000
-0.537160000,44.826450000,3.000
-0.537280000,44.826540000,3.000
-0.537800000,44.826900000,3.300
-0.538070000,44.827080000,3.300
-0.538160000,44.827150000,3.300
-0.538750000,44.827540000,2.500
-0.539280000,44.827860000,1.000
-0.539520000,44.828000000,1.000
-0.540060000,44.828330000,1.000
-0.540110000,44.828360000,1.100
-0.540170000,44.828390000,1.200
-0.540630000,44.828660000,2.200
-0.540940000,44.828850000,2.800
-0.541020000,44.828890000,2.900
-0.541150000,44.828970000,3.000
-0.541490000,44.829160000,3.200
-0.542350000,44.829640000,5.300
-0.542870000,44.829910000,3.300
-0.543410000,44.830190000,2.000
-0.543850000,44.830410000,2.300
-0.544540000,44.830760000,3.700
-0.544630000,44.830810000,3.900
-0.544840000,44.830910000,4.100
-0.545880000,44.831450000,3.800
-0.546160000,44.831610000,3.300
-0.547460000,44.832320000,4.600
-0.547610000,44.832400000,4.300
-0.548230000,44.832710000,4.000
-0.548350000,44.832770000,4.000
-0.548600000,44.832900000,4.500
-0.549450000,44.833330000,5.300
-0.549490000,44.833340000,5.400
-0.550030000,44.833630000,5.600
-0.550030000,44.833630000,5.600
-0.550250000,44.833750000,5.500
-0.550340000,44.833800000,5.400
-0.550640000,44.833960000,5.200
-0.550720000,44.834000000,5.200
-0.550780000,44.834040000,5.200
-0.550900000,44.834090000,4.800
-0.551020000,44.834140000,4.300
-0.551320000,44.834280000,3.700
-0.551710000,44.834480000,3.500
-0.551750000,44.834500000,3.600
-0.551890000,44.834580000,3.900
-0.552060000,44.834660000,4.000
-0.552230000,44.834760000,4.100
-0.552290000,44.834790000,4.100
-0.552340000,44.834820000,4.000
-0.552940000,44.835120000,4.100
-0.553220000,44.835270000,4.300
-0.553220000,44.835270000,4.300
-0.553100000,44.835390000,4.500
-0.552940000,44.835530000,4.600
-0.552650000,44.835790000,4.900
-0.552460000,44.835950000,5.100
-0.552310000,44.836080000,5.300
-0.552190000,44.836180000,5.400
-0.552030000,44.836330000,5.500
-0.551990000,44.836360000,5.500
-0.551950000,44.836390000,5.400
-0.551720000,44.836570000,5.200
-0.551720000,44.836570000,5.200
-0.550950000,44.836180000,7.500
-0.550770000,44.836090000,8.000
-0.550770000,44.836090000,8.000
-0.550720000,44.836040000,8.100
-0.550640000,44.836000000,8.100
-0.550540000,44.835950000,8.000
-0.550810000,44.835680000,8.800
-0.550830000,44.835660000,8.800
-0.550830000,44.835650000,8.800
-0.550950000,44.835530000,8.400
-0.551120000,44.835350000,7.700
-0.551230000,44.835250000,7.300
-0.551330000,44.835130000,7.000
-0.551400000,44.835040000,6.700
-0.551440000,44.834990000,6.500
-0.551480000,44.834950000,6.200
-0.551580000,44.834830000,6.000
-0.551680000,44.834720000,5.900
-0.551860000,44.834540000,5.700
-0.552050000,44.834360000,5.500
-0.552050000,44.834360000,5.500
-0.552100000,44.834310000,5.500
-0.552180000,44.834210000,5.400
-0.552310000,44.834070000,5.300
-0.552420000,44.833920000,5.100
-0.552630000,44.833710000,4.900
-0.552820000,44.833510000,4.700
-0.553070000,44.833260000,4.400
-0.553250000,44.833070000,4.200
-0.553340000,44.832980000,4.200
-0.553400000,44.832930000,4.100
-0.553870000,44.832450000,3.600
-0.554340000,44.831970000,3.100
-0.554510000,44.831800000,2.900
-0.554680000,44.831620000,2.800
-0.554940000,44.831370000,2.500
-0.555190000,44.831130000,2.200
-0.555320000,44.831020000,2.100
-0.555350000,44.830990000,2.100
-0.555390000,44.830950000,2.100
-0.555410000,44.830930000,2.000
-0.555430000,44.830910000,2.100
-0.555490000,44.830850000,2.300
-0.555550000,44.830780000,2.500
-0.555600000,44.830710000,2.700
-0.555600000,44.830700000,2.700
-0.555600000,44.830670000,2.800
-0.555610000,44.830630000,2.900
-0.555600000,44.830610000,3.000
-0.555600000,44.830600000,3.000
-0.555600000,44.830580000,3.100
-0.555590000,44.830560000,3.100
-0.555570000,44.830510000,3.300
-0.555560000,44.830500000,3.300
-0.555540000,44.830470000,3.500
-0.555510000,44.830430000,3.600
-0.555380000,44.830350000,4.100
-0.555280000,44.830310000,4.300
-0.555210000,44.830280000,4.500
-0.555100000,44.830250000,4.700
-0.555050000,44.830220000,4.900
-0.555000000,44.830200000,5.000
-0.554940000,44.830170000,5.100
-0.554890000,44.830150000,5.100
-0.554800000,44.830100000,5.200
-0.554800000,44.830100000,5.200
-0.554860000,44.830010000,5.800
-0.554950000,44.829860000,5.900
-0.555070000,44.829740000,5.900
-0.555200000,44.829640000,5.900
-0.555200000,44.829640000,5.900
-0.555250000,44.829620000,5.800
-0.555320000,44.829610000,5.800
-0.555390000,44.829620000,5.700
-0.555450000,44.829650000,5.700
-0.555490000,44.829670000,5.600
-0.555510000,44.829700000,5.600
-0.555550000,44.829750000,5.500
-0.555610000,44.829810000,5.400
-0.555690000,44.829910000,5.300
-0.555820000,44.830040000,4.900
-0.555940000,44.830140000,4.800
-0.556000000,44.830170000,5.000
-0.556440000,44.830380000,6.400
-0.556770000,44.830550000,7.700
-0.556890000,44.830620000,7.800
-0.556990000,44.830670000,7.800
-0.557080000,44.830720000,7.700
-0.557210000,44.830780000,7.500
-0.557380000,44.830830000,7.200
-0.557490000,44.830860000,7.000
-0.557600000,44.830890000,7.200
-0.557670000,44.830910000,7.400
-0.557800000,44.831020000,7.500
-0.557870000,44.831100000,7.500
-0.557980000,44.831220000,7.300
-0.558030000,44.831290000,7.200
-0.558090000,44.831340000,7.100
-0.558160000,44.831400000,7.000
-0.558210000,44.831430000,6.900
-0.558280000,44.831470000,6.700
-0.558410000,44.831550000,6.500
-0.558410000,44.831550000,6.500
-0.558520000,44.831620000,6.400
-0.558620000,44.831670000,6.300
-0.558670000,44.831700000,6.200
-0.558720000,44.831730000,6.200
-0.559150000,44.831960000,5.600
-0.559330000,44.832070000,5.400
-0.559840000,44.832360000,4.600
-0.560160000,44.832550000,4.400
-0.560930000,44.833010000,5.500
-0.560940000,44.833020000,5.400
-0.561190000,44.833180000,5.300
-0.561460000,44.833380000,4.500
-0.561590000,44.833470000,4.200
-0.561590000,44.833470000,4.200
-0.561790000,44.833610000,4.200
-0.562150000,44.833870000,4.400
-0.562460000,44.834120000,4.100
-0.562710000,44.834310000,4.800
-0.562880000,44.834460000,4.800
-0.562960000,44.834540000,4.600
-0.562960000,44.834540000,4.600
-0.563090000,44.834650000,4.100
-0.563380000,44.834940000,2.000
-0.563480000,44.835060000,2.300
-0.563610000,44.835210000,3.000
-0.563800000,44.835420000,3.200
-0.564000000,44.835650000,2.400
-0.564000000,44.835650000,2.400
-0.564080000,44.835730000,1.900
-0.564180000,44.835830000,1.100
-0.564280000,44.835920000,1.500
-0.564300000,44.835940000,1.500
-0.564460000,44.836070000,2.100
-0.564630000,44.836210000,2.600
-0.564700000,44.836270000,2.800
-0.565160000,44.836650000,3.000
-0.565280000,44.836750000,3.100
-0.565400000,44.836860000,3.200
-0.565400000,44.836860000,3.200
-0.565510000,44.836950000,3.200
-0.565640000,44.837050000,3.300
-0.565870000,44.837240000,3.500
-0.566120000,44.837440000,3.700
-0.566120000,44.837450000,3.600
-0.566130000,44.837450000,3.700
-0.566290000,44.837590000,4.400
-0.566330000,44.837620000,4.600
-0.566450000,44.837720000,4.900
-0.566460000,44.837730000,4.900
-0.566550000,44.837800000,5.000
-0.566730000,44.837960000,4.600
-0.567000000,44.838210000,4.500
-0.567340000,44.838560000,6.200
-0.567520000,44.838750000,7.100
-0.567660000,44.838910000,7.400
-0.567740000,44.839020000,7.500
-0.567850000,44.839160000,7.700
-0.568050000,44.839400000,7.300
-0.568210000,44.839590000,6.900
-0.568210000,44.839600000,6.900
-0.568370000,44.839800000,6.400
-0.568650000,44.840160000,6.200
-0.568650000,44.840160000,6.200
-0.568730000,44.840270000,6.300
-0.568800000,44.840360000,6.300
-0.568870000,44.840470000,6.300
-0.568930000,44.840580000,6.200
-0.568980000,44.840660000,6.100
-0.569020000,44.840730000,6.000
-0.569050000,44.840790000,5.900
-0.569100000,44.840910000,5.600
-0.569180000,44.841080000,5.200
-0.569180000,44.841080000,5.200
-0.569410000,44.841590000,4.800
-0.569650000,44.842170000,6.500
-0.569810000,44.842530000,7.700
-0.569870000,44.842670000,7.100
-0.569890000,44.842720000,6.900
-0.569970000,44.842900000,6.000
-0.570050000,44.843120000,5.100
-0.570120000,44.843340000,4.600
-0.570120000,44.843340000,4.600
-0.570160000,44.843470000,5.300
-0.570170000,44.843520000,5.500
-0.570190000,44.843570000,5.800
-0.570280000,44.843900000,6.900
-0.570310000,44.844010000,7.200
-0.570440000,44.844470000,7.400
-0.570520000,44.844780000,7.300
-0.570530000,44.844840000,7.200
-0.570570000,44.844990000,7.100
-0.570620000,44.845180000,7.100
-0.570670000,44.845370000,7.100
-0.570690000,44.845490000,7.000
-0.570740000,44.845700000,6.800
-0.570750000,44.845750000,6.800
-0.570770000,44.845910000,6.700
-0.570820000,44.846210000,6.900
-0.570820000,44.846380000,6.900
-0.570820000,44.846410000,6.900
-0.570810000,44.846570000,6.900
-0.570800000,44.846680000,6.900
-0.570780000,44.846950000,8.700
-0.570750000,44.847200000,10.100
-0.570740000,44.847220000,10.100
        </coordinates>
      </LineString>
    </Placemark>
  </Document>
</kml>
