<?xml version="1.0" encoding="UTF-8"?>
<kml xmlns="http://www.opengis.net/kml/2.2">
  <Document>
    <name>Tour de France 2026 - Stage 12</name>
    <Style id="routeStyle">
      <LineStyle>
        <color>ff111111</color>
        <width>4</width>
      </LineStyle>
    </Style>
    <Placemark>
      <name>Tour de France 2026 - Stage 12</name>
      <styleUrl>#routeStyle</styleUrl>
      <LineString>
        <tessellate>1</tessellate>
        <coordinates>
3.163650000,46.858780000,237.000
3.163820000,46.858650000,237.000
3.165530000,46.857270000,237.000
3.165590000,46.857220000,237.000
3.165640000,46.857190000,237.000
3.165700000,46.857160000,237.000
3.165770000,46.857130000,237.000
3.165840000,46.857110000,237.000
3.165930000,46.857100000,237.000
3.166000000,46.857090000,237.000
3.166070000,46.857080000,237.000
3.166150000,46.857080000,237.000
3.166260000,46.857080000,237.000
3.167330000,46.857150000,237.000
3.167560000,46.857160000,238.000
3.167710000,46.857160000,238.000
3.167840000,46.857160000,238.000
3.167990000,46.857150000,238.000
3.168110000,46.857130000,238.000
3.168260000,46.857110000,238.000
3.168430000,46.857070000,239.000
3.168600000,46.857030000,239.000
3.168810000,46.856970000,239.000
3.169470000,46.856800000,240.000
3.169780000,46.856730000,240.000
3.169940000,46.856700000,241.000
3.170150000,46.856660000,241.000
3.170420000,46.856600000,241.000
3.170670000,46.856550000,242.000
3.170860000,46.856500000,242.000
3.171140000,46.856420000,242.000
3.171350000,46.856350000,242.000
3.171540000,46.856280000,242.000
3.171750000,46.856190000,242.000
3.171950000,46.856080000,242.000
3.172170000,46.855960000,242.000
3.172350000,46.855850000,242.000
3.172740000,46.855650000,242.000
3.172860000,46.855590000,242.000
3.173000000,46.855490000,242.000
3.173200000,46.855320000,242.000
3.173380000,46.855110000,242.000
3.173380000,46.855110000,242.000
3.173420000,46.855070000,241.000
3.173540000,46.854910000,241.000
3.173620000,46.854760000,241.000
3.173640000,46.854550000,240.000
3.173640000,46.854500000,240.000
3.173600000,46.854390000,239.000
3.173550000,46.854350000,239.000
3.173530000,46.854300000,239.000
3.173110000,46.854180000,238.000
3.172230000,46.854190000,237.000
3.171060000,46.854210000,237.000
3.170760000,46.854190000,236.000
3.170350000,46.854140000,236.000
3.170030000,46.854080000,235.000
3.169640000,46.854000000,235.000
3.168950000,46.853810000,235.000
3.167370000,46.853360000,235.000
3.167000000,46.853260000,234.000
3.166780000,46.853210000,234.000
3.165880000,46.853010000,234.000
3.164970000,46.852980000,234.000
3.164630000,46.852960000,234.000
3.164320000,46.852930000,234.000
3.163620000,46.852760000,234.000
3.163290000,46.852670000,234.000
3.163290000,46.852670000,234.000
3.161550000,46.852230000,233.000
3.160940000,46.852140000,233.000
3.159860000,46.852100000,233.000
3.159190000,46.852050000,233.000
3.158820000,46.851980000,232.000
3.157030000,46.851650000,232.000
3.155750000,46.851240000,230.000
3.154900000,46.851170000,228.000
3.154110000,46.851060000,225.000
3.153510000,46.851010000,224.000
3.152820000,46.851120000,222.000
3.152710000,46.851160000,221.000
3.151900000,46.851520000,220.000
3.151440000,46.851730000,220.000
3.150490000,46.852180000,219.000
3.149220000,46.852990000,217.000
3.148810000,46.853150000,216.000
3.148680000,46.853190000,215.000
3.148580000,46.853210000,214.000
3.148380000,46.853240000,214.000
3.148240000,46.853260000,214.000
3.148090000,46.853270000,213.000
3.147540000,46.853310000,213.000
3.146970000,46.853360000,213.000
3.146720000,46.853380000,213.000
3.146510000,46.853410000,213.000
3.146250000,46.853450000,212.000
3.145990000,46.853500000,212.000
3.145730000,46.853560000,212.000
3.145520000,46.853610000,211.000
3.145390000,46.853650000,211.000
3.145290000,46.853680000,210.000
3.145200000,46.853720000,210.000
3.145090000,46.853770000,210.000
3.144790000,46.853960000,209.000
3.144460000,46.854250000,209.000
3.144170000,46.854700000,208.000
3.143930000,46.855090000,206.000
3.143710000,46.855240000,205.000
3.143400000,46.855400000,204.000
3.141930000,46.855930000,202.000
3.141300000,46.856160000,201.000
3.140880000,46.856320000,200.000
3.140170000,46.856570000,199.000
3.139860000,46.856690000,198.000
3.139810000,46.856710000,197.000
3.139320000,46.856200000,197.000
3.139060000,46.855920000,196.000
3.138960000,46.855780000,196.000
3.138830000,46.855550000,196.000
3.138670000,46.855230000,196.000
3.138370000,46.854600000,197.000
3.137990000,46.853830000,197.000
3.137740000,46.853320000,198.000
3.136330000,46.850410000,199.000
3.136140000,46.850030000,200.000
3.135330000,46.848340000,201.000
3.135150000,46.848080000,202.000
3.134980000,46.847730000,203.000
3.134950000,46.847670000,203.000
3.134910000,46.847610000,203.000
3.134870000,46.847550000,204.000
3.134800000,46.847480000,204.000
3.134730000,46.847400000,204.000
3.134660000,46.847320000,204.000
3.134620000,46.847260000,204.000
3.134570000,46.847190000,204.000
3.134540000,46.847140000,204.000
3.134520000,46.847110000,204.000
3.134480000,46.847030000,204.000
3.134420000,46.846860000,204.000
3.134370000,46.846750000,204.000
3.134330000,46.846690000,204.000
3.134280000,46.846670000,204.000
3.134240000,46.846650000,205.000
3.134210000,46.846620000,205.000
3.134180000,46.846580000,205.000
3.134170000,46.846540000,205.000
3.134170000,46.846500000,205.000
3.134180000,46.846460000,205.000
3.134200000,46.846430000,206.000
3.134230000,46.846400000,206.000
3.134270000,46.846370000,206.000
3.134320000,46.846350000,206.000
3.134370000,46.846330000,206.000
3.134430000,46.846330000,207.000
3.134480000,46.846330000,207.000
3.134550000,46.846340000,207.000
3.134610000,46.846360000,207.000
3.134660000,46.846390000,208.000
3.134770000,46.846400000,208.000
3.134810000,46.846400000,208.000
3.134880000,46.846400000,208.000
3.135080000,46.846340000,209.000
3.135170000,46.846290000,209.000
3.135410000,46.846120000,210.000
3.135600000,46.845980000,211.000
3.135840000,46.845800000,212.000
3.135910000,46.845750000,213.000
3.135960000,46.845710000,213.000
3.136000000,46.845660000,214.000
3.136040000,46.845610000,214.000
3.136070000,46.845560000,214.000
3.136090000,46.845520000,214.000
3.136110000,46.845490000,215.000
3.136110000,46.845460000,215.000
3.136130000,46.845360000,215.000
3.136130000,46.845310000,215.000
3.136120000,46.845260000,215.000
3.136120000,46.845220000,215.000
3.136100000,46.845160000,215.000
3.136080000,46.845100000,215.000
3.136050000,46.845050000,215.000
3.136020000,46.845000000,216.000
3.135980000,46.844950000,216.000
3.135930000,46.844900000,216.000
3.135890000,46.844860000,216.000
3.135830000,46.844810000,216.000
3.135770000,46.844770000,216.000
3.135690000,46.844730000,216.000
3.135620000,46.844700000,216.000
3.135510000,46.844660000,216.000
3.135390000,46.844620000,216.000
3.134840000,46.844490000,217.000
3.134640000,46.844440000,217.000
3.134500000,46.844400000,217.000
3.134380000,46.844350000,217.000
3.134290000,46.844310000,217.000
3.134180000,46.844260000,217.000
3.134080000,46.844190000,217.000
3.134000000,46.844130000,217.000
3.133900000,46.844050000,216.000
3.133770000,46.843910000,216.000
3.132980000,46.843050000,215.000
3.132760000,46.842780000,215.000
3.132630000,46.842610000,214.000
3.132490000,46.842400000,213.000
3.132360000,46.842190000,213.000
3.132230000,46.841920000,213.000
3.132080000,46.841630000,212.000
3.131500000,46.840450000,211.000
3.130770000,46.838950000,210.000
3.130440000,46.838230000,209.000
3.129870000,46.837070000,209.000
3.128390000,46.834040000,210.000
3.128130000,46.833510000,210.000
3.127990000,46.833210000,211.000
3.127880000,46.832960000,212.000
3.127790000,46.832700000,213.000
3.127740000,46.832520000,213.000
3.127650000,46.832200000,214.000
3.127460000,46.831520000,214.000
3.127300000,46.830880000,215.000
3.126290000,46.827020000,217.000
3.125500000,46.824020000,217.000
3.125360000,46.823500000,218.000
3.125310000,46.823270000,218.000
3.125270000,46.823000000,219.000
3.125100000,46.821480000,220.000
3.125010000,46.820700000,221.000
3.124980000,46.820410000,222.000
3.124970000,46.820240000,223.000
3.124970000,46.820140000,224.000
3.124970000,46.820050000,224.000
3.124990000,46.819950000,225.000
3.125020000,46.819870000,225.000
3.125050000,46.819790000,226.000
3.125090000,46.819700000,226.000
3.125270000,46.819380000,226.000
3.125500000,46.818960000,227.000
3.125510000,46.818840000,227.000
3.125510000,46.818790000,227.000
3.125500000,46.818740000,227.000
3.125460000,46.818670000,227.000
3.125430000,46.818650000,227.000
3.125410000,46.818640000,227.000
3.125380000,46.818630000,227.000
3.125370000,46.818610000,227.000
3.125270000,46.818600000,227.000
3.125220000,46.818590000,227.000
3.124950000,46.818580000,227.000
3.124720000,46.818600000,227.000
3.124060000,46.818660000,227.000
3.123900000,46.818670000,227.000
3.123790000,46.818670000,227.000
3.123720000,46.818670000,227.000
3.123630000,46.818660000,227.000
3.123550000,46.818640000,227.000
3.123480000,46.818620000,227.000
3.123400000,46.818590000,227.000
3.123310000,46.818540000,227.000
3.123240000,46.818500000,227.000
3.123190000,46.818460000,227.000
3.123140000,46.818410000,227.000
3.123100000,46.818350000,227.000
3.123060000,46.818280000,227.000
3.123050000,46.818240000,227.000
3.123030000,46.818190000,227.000
3.123030000,46.818140000,227.000
3.123040000,46.818050000,227.000
3.123070000,46.817930000,227.000
3.123330000,46.817010000,227.000
3.123380000,46.816820000,227.000
3.123400000,46.816700000,227.000
3.123420000,46.816570000,227.000
3.123420000,46.816470000,227.000
3.123410000,46.816360000,227.000
3.123390000,46.816250000,227.000
3.123370000,46.816130000,227.000
3.122940000,46.814580000,227.000
3.122620000,46.813450000,227.000
3.122230000,46.812090000,228.000
3.121970000,46.811110000,228.000
3.121870000,46.810740000,228.000
3.121770000,46.810430000,228.000
3.121690000,46.810180000,228.000
3.121580000,46.809880000,229.000
3.121380000,46.809390000,229.000
3.121320000,46.809240000,230.000
3.121260000,46.809080000,230.000
3.121200000,46.808910000,231.000
3.120940000,46.808010000,232.000
3.120140000,46.805390000,232.000
3.120060000,46.805170000,232.000
3.120010000,46.805040000,232.000
3.119960000,46.804960000,232.000
3.119900000,46.804890000,231.000
3.119820000,46.804800000,231.000
3.119730000,46.804720000,231.000
3.119630000,46.804650000,231.000
3.119540000,46.804590000,230.000
3.119420000,46.804530000,230.000
3.119260000,46.804460000,230.000
3.119120000,46.804420000,230.000
3.118970000,46.804380000,229.000
3.118880000,46.804370000,229.000
3.118760000,46.804350000,229.000
3.118620000,46.804340000,228.000
3.118370000,46.804320000,228.000
3.116880000,46.804220000,227.000
3.116610000,46.804190000,226.000
3.116400000,46.804160000,225.000
3.116200000,46.804130000,225.000
3.116110000,46.804100000,224.000
3.116000000,46.804070000,224.000
3.115930000,46.804030000,224.000
3.115820000,46.803980000,224.000
3.115720000,46.803920000,223.000
3.115640000,46.803870000,223.000
3.115560000,46.803800000,223.000
3.115490000,46.803740000,223.000
3.115430000,46.803670000,223.000
3.115370000,46.803590000,223.000
3.115310000,46.803490000,223.000
3.115270000,46.803420000,222.000
3.115250000,46.803370000,222.000
3.115240000,46.803330000,222.000
3.115230000,46.803280000,222.000
3.115220000,46.803220000,222.000
3.115210000,46.803110000,222.000
3.115210000,46.803030000,222.000
3.115190000,46.802940000,222.000
3.115170000,46.802850000,221.000
3.115140000,46.802830000,221.000
3.115110000,46.802800000,221.000
3.115090000,46.802770000,221.000
3.115080000,46.802750000,221.000
3.114950000,46.802710000,220.000
3.114790000,46.802680000,220.000
3.114670000,46.802660000,220.000
3.114490000,46.802630000,219.000
3.112890000,46.802520000,218.000
3.112460000,46.802490000,216.000
3.109180000,46.802250000,213.000
3.109020000,46.802250000,211.000
3.109040000,46.802160000,209.000
3.109080000,46.802000000,209.000
3.109080000,46.801890000,208.000
3.109060000,46.801430000,208.000
3.109110000,46.800900000,207.000
3.110280000,46.799210000,207.000
3.110280000,46.799210000,207.000
3.110290000,46.799190000,207.000
3.110450000,46.798980000,208.000
3.110590000,46.798800000,208.000
3.110650000,46.798700000,208.000
3.111150000,46.798020000,209.000
3.111390000,46.797640000,210.000
3.111490000,46.797530000,211.000
3.111580000,46.797480000,211.000
3.111670000,46.797440000,212.000
3.111760000,46.797360000,212.000
3.111800000,46.797300000,212.000
3.111820000,46.797210000,212.000
3.111820000,46.797110000,212.000
3.111800000,46.796900000,212.000
3.111740000,46.796570000,212.000
3.111350000,46.795820000,212.000
3.111170000,46.795460000,213.000
3.111020000,46.795070000,213.000
3.110880000,46.793710000,213.000
3.110780000,46.792790000,213.000
3.110870000,46.792440000,213.000
3.110980000,46.792080000,212.000
3.111020000,46.791980000,212.000
3.111080000,46.791900000,211.000
3.111140000,46.791850000,211.000
3.111210000,46.791820000,211.000
3.111680000,46.791750000,211.000
3.112270000,46.791540000,211.000
3.112750000,46.791410000,211.000
3.114620000,46.791150000,211.000
3.114790000,46.791120000,211.000
3.114820000,46.791090000,212.000
3.114850000,46.791060000,212.000
3.115090000,46.791110000,212.000
3.115240000,46.791140000,212.000
3.115290000,46.791150000,212.000
3.115340000,46.791160000,213.000
3.115450000,46.791190000,213.000
3.115550000,46.791200000,213.000
3.115650000,46.791220000,213.000
3.115780000,46.791230000,213.000
3.115910000,46.791250000,214.000
3.115940000,46.791260000,214.000
3.116280000,46.791280000,214.000
3.116780000,46.791280000,215.000
3.116780000,46.791280000,215.000
3.117070000,46.791280000,215.000
3.117180000,46.791270000,216.000
3.117310000,46.791260000,216.000
3.118210000,46.791190000,217.000
3.118330000,46.791180000,218.000
3.118330000,46.791240000,218.000
3.118310000,46.791280000,218.000
3.118290000,46.791310000,219.000
3.118260000,46.791350000,219.000
3.118230000,46.791420000,219.000
3.118190000,46.791690000,220.000
3.118180000,46.791830000,220.000
3.118190000,46.791990000,221.000
3.118200000,46.792110000,221.000
3.118230000,46.792350000,221.000
3.118260000,46.792560000,222.000
3.118290000,46.792790000,222.000
3.118350000,46.793170000,223.000
3.118420000,46.793700000,224.000
3.118440000,46.793800000,225.000
3.118470000,46.794010000,225.000
3.118550000,46.794500000,226.000
3.118580000,46.794640000,227.000
3.118720000,46.794990000,227.000
3.118740000,46.795040000,227.000
3.118740000,46.795040000,228.000
3.118810000,46.795260000,228.000
3.118850000,46.795560000,228.000
3.118910000,46.795540000,229.000
3.119030000,46.795520000,229.000
3.120280000,46.795210000,229.000
3.120870000,46.795070000,229.000
3.121600000,46.794890000,228.000
3.122460000,46.794680000,227.000
3.122660000,46.794630000,226.000
3.123070000,46.794530000,225.000
3.123260000,46.794480000,224.000
3.123780000,46.794340000,223.000
3.124350000,46.794200000,222.000
3.124880000,46.794070000,220.000
3.125040000,46.794020000,219.000
3.125280000,46.793860000,218.000
3.125620000,46.793620000,217.000
3.125830000,46.793480000,217.000
3.126100000,46.793340000,217.000
3.126370000,46.793240000,217.000
3.126680000,46.793160000,218.000
3.126970000,46.793140000,218.000
3.127220000,46.793170000,219.000
3.127500000,46.793240000,219.000
3.127710000,46.793340000,220.000
3.129470000,46.794540000,223.000
3.129750000,46.794690000,225.000
3.130170000,46.794820000,227.000
3.131900000,46.795310000,231.000
3.132180000,46.795380000,233.000
3.132440000,46.795450000,235.000
3.133900000,46.795730000,237.000
3.133990000,46.795730000,238.000
3.134080000,46.795740000,239.000
3.134950000,46.795800000,240.000
3.137190000,46.795190000,240.000
3.140320000,46.794530000,241.000
3.140990000,46.794350000,241.000
3.141930000,46.794080000,241.000
3.143250000,46.793680000,240.000
3.143720000,46.793530000,240.000
3.144130000,46.793340000,240.000
3.145000000,46.792910000,240.000
3.145570000,46.792750000,240.000
3.147020000,46.792510000,240.000
3.148700000,46.792160000,240.000
3.149040000,46.792060000,239.000
3.149400000,46.791870000,239.000
3.149670000,46.791640000,238.000
3.150070000,46.791190000,238.000
3.150460000,46.790850000,237.000
3.150900000,46.790540000,237.000
3.151330000,46.790270000,236.000
3.151560000,46.790170000,235.000
3.151840000,46.790080000,235.000
3.152180000,46.790020000,234.000
3.154280000,46.789880000,233.000
3.156160000,46.789790000,232.000
3.156270000,46.789790000,231.000
3.156970000,46.789740000,230.000
3.159440000,46.789640000,234.000
3.159820000,46.789290000,237.000
3.159820000,46.789290000,239.000
3.159440000,46.789640000,241.000
3.159770000,46.789610000,242.000
3.160160000,46.789540000,243.000
3.163140000,46.788540000,245.000
3.164930000,46.787600000,246.000
3.165510000,46.787300000,246.000
3.166310000,46.787160000,247.000
3.172180000,46.786510000,246.000
3.172450000,46.786480000,246.000
3.173830000,46.786320000,246.000
3.174230000,46.786260000,246.000
3.174470000,46.786220000,246.000
3.174710000,46.786170000,246.000
3.174970000,46.786100000,246.000
3.175350000,46.785990000,246.000
3.175890000,46.785780000,246.000
3.176260000,46.785610000,246.000
3.176630000,46.785400000,246.000
3.178740000,46.784070000,247.000
3.179150000,46.783840000,248.000
3.180310000,46.783230000,249.000
3.181340000,46.782710000,249.000
3.181650000,46.782570000,249.000
3.181910000,46.782470000,249.000
3.182280000,46.782350000,249.000
3.182810000,46.782210000,248.000
3.183420000,46.782090000,248.000
3.183860000,46.782020000,247.000
3.184370000,46.781960000,247.000
3.184820000,46.781930000,247.000
3.185150000,46.781930000,248.000
3.185850000,46.781970000,248.000
3.186370000,46.782030000,249.000
3.187700000,46.782310000,250.000
3.188150000,46.782450000,250.000
3.189000000,46.782760000,250.000
3.194770000,46.785340000,248.000
3.197130000,46.786380000,246.000
3.197390000,46.786480000,245.000
3.197610000,46.786540000,244.000
3.197870000,46.786580000,243.000
3.198300000,46.786610000,243.000
3.201760000,46.786710000,242.000
3.203840000,46.786640000,241.000
3.208360000,46.786500000,239.000
3.210780000,46.786400000,239.000
3.211390000,46.786350000,239.000
3.215600000,46.785630000,236.000
3.216130000,46.785560000,234.000
3.216670000,46.785560000,233.000
3.217240000,46.785570000,233.000
3.218550000,46.785660000,233.000
3.219990000,46.785890000,233.000
3.223650000,46.786840000,234.000
3.224090000,46.786910000,234.000
3.224370000,46.786940000,234.000
3.224630000,46.786950000,234.000
3.225030000,46.786930000,233.000
3.225480000,46.786880000,233.000
3.226070000,46.786770000,232.000
3.228100000,46.786200000,230.000
3.229570000,46.785780000,227.000
3.229710000,46.785740000,225.000
3.234480000,46.784410000,220.000
3.236260000,46.783910000,217.000
3.242680000,46.782110000,218.000
3.244670000,46.781540000,220.000
3.245370000,46.781420000,221.000
3.258250000,46.779500000,224.000
3.258300000,46.779490000,226.000
3.258710000,46.779440000,227.000
3.263500000,46.778750000,233.000
3.268440000,46.778040000,238.000
3.270900000,46.777680000,241.000
3.279350000,46.776310000,244.000
3.279620000,46.776260000,245.000
3.280570000,46.776110000,247.000
3.280890000,46.776060000,249.000
3.281160000,46.776020000,250.000
3.286270000,46.775210000,254.000
3.290710000,46.774570000,257.000
3.294240000,46.773950000,259.000
3.299490000,46.773110000,262.000
3.307600000,46.771820000,260.000
3.312280000,46.771100000,257.000
3.314600000,46.770730000,255.000
3.315300000,46.770660000,253.000
3.315470000,46.770650000,252.000
3.316090000,46.770660000,251.000
3.316560000,46.770690000,250.000
3.317700000,46.770810000,249.000
3.323820000,46.771430000,243.000
3.330380000,46.772090000,246.000
3.330380000,46.772090000,248.000
3.333090000,46.772360000,249.000
3.335070000,46.772550000,249.000
3.336270000,46.772670000,247.000
3.337210000,46.772750000,245.000
3.337720000,46.772790000,244.000
3.338710000,46.772850000,243.000
3.339880000,46.772900000,242.000
3.340760000,46.772930000,242.000
3.341950000,46.772950000,241.000
3.343290000,46.772940000,241.000
3.348090000,46.772930000,239.000
3.355510000,46.772890000,234.000
3.359730000,46.772880000,231.000
3.359940000,46.772880000,229.000
3.362380000,46.772880000,226.000
3.363180000,46.772900000,224.000
3.363880000,46.772970000,222.000
3.364750000,46.773120000,220.000
3.375500000,46.775590000,212.000
3.375620000,46.775620000,206.000
3.379140000,46.776430000,204.000
3.379810000,46.776530000,203.000
3.380260000,46.776550000,202.000
3.380750000,46.776540000,202.000
3.389640000,46.776300000,206.000
3.391740000,46.776230000,210.000
3.391990000,46.776230000,213.000
3.392160000,46.776240000,215.000
3.392420000,46.776260000,217.000
3.392670000,46.776290000,218.000
3.392810000,46.776310000,219.000
3.393040000,46.776360000,219.000
3.393230000,46.776420000,219.000
3.393410000,46.776490000,219.000
3.393930000,46.776710000,219.000
3.396150000,46.777720000,217.000
3.396720000,46.777970000,216.000
3.396750000,46.777990000,215.000
3.398090000,46.778600000,213.000
3.402070000,46.780420000,207.000
3.402380000,46.780560000,203.000
3.403740000,46.781190000,200.000
3.404050000,46.781320000,198.000
3.404310000,46.781400000,196.000
3.404520000,46.781440000,196.000
3.404680000,46.781460000,195.000
3.404950000,46.781470000,196.000
3.405280000,46.781470000,196.000
3.407920000,46.781330000,200.000
3.409100000,46.781310000,203.000
3.410090000,46.781310000,205.000
3.410560000,46.781320000,207.000
3.410880000,46.781350000,209.000
3.411200000,46.781400000,210.000
3.424400000,46.783900000,210.000
3.430970000,46.785120000,205.000
3.431160000,46.785130000,201.000
3.431310000,46.785110000,199.000
3.431500000,46.785050000,197.000
3.431570000,46.785020000,196.000
3.431680000,46.785150000,195.000
3.431770000,46.785240000,195.000
3.431920000,46.785390000,195.000
3.432220000,46.785700000,195.000
3.432470000,46.785950000,195.000
3.434380000,46.787870000,196.000
3.437080000,46.790630000,204.000
3.439300000,46.792860000,211.000
3.441590000,46.795170000,216.000
3.442170000,46.795780000,220.000
3.443650000,46.797280000,221.000
3.443800000,46.797450000,222.000
3.443910000,46.797600000,223.000
3.444010000,46.797760000,223.000
3.444120000,46.797970000,223.000
3.444220000,46.798240000,222.000
3.445400000,46.802000000,218.000
3.445540000,46.802460000,215.000
3.446520000,46.805530000,212.000
3.447140000,46.807430000,210.000
3.447610000,46.808890000,210.000
3.447950000,46.809980000,210.000
3.448180000,46.810670000,210.000
3.448400000,46.811320000,210.000
3.448680000,46.812180000,210.000
3.448870000,46.812760000,210.000
3.449450000,46.814520000,208.000
3.450060000,46.816440000,203.000
3.450310000,46.817200000,200.000
3.450510000,46.817770000,197.000
3.450620000,46.818080000,196.000
3.450670000,46.818210000,195.000
3.450740000,46.818440000,194.000
3.450830000,46.818760000,193.000
3.450880000,46.818910000,193.000
3.450890000,46.818950000,192.000
3.450950000,46.819110000,192.000
3.450990000,46.819220000,192.000
3.451400000,46.820460000,192.000
3.451410000,46.820520000,191.000
3.451480000,46.820730000,191.000
3.451500000,46.820770000,191.000
3.451510000,46.820830000,191.000
3.451590000,46.821060000,191.000
3.451670000,46.821310000,191.000
3.451730000,46.821490000,191.000
3.451740000,46.821530000,191.000
3.451760000,46.821570000,191.000
3.451810000,46.821750000,191.000
3.451840000,46.821820000,191.000
3.451970000,46.822230000,191.000
3.452030000,46.822410000,191.000
3.452070000,46.822520000,191.000
3.452100000,46.822630000,191.000
3.452160000,46.822820000,191.000
3.452190000,46.822910000,191.000
3.452210000,46.822960000,191.000
3.452260000,46.823100000,191.000
3.452340000,46.823340000,191.000
3.452400000,46.823520000,191.000
3.452480000,46.823770000,192.000
3.452680000,46.824410000,192.000
3.452740000,46.824580000,192.000
3.453210000,46.826000000,192.000
3.453240000,46.826070000,192.000
3.453300000,46.826190000,192.000
3.453340000,46.826260000,192.000
3.453380000,46.826300000,192.000
3.453500000,46.826410000,192.000
3.453600000,46.826490000,192.000
3.453730000,46.826570000,192.000
3.453860000,46.826640000,192.000
3.454030000,46.826720000,192.000
3.454320000,46.826820000,192.000
3.454460000,46.826880000,192.000
3.454610000,46.826930000,192.000
3.454690000,46.826960000,192.000
3.454750000,46.827010000,192.000
3.454790000,46.826990000,192.000
3.454840000,46.826990000,192.000
3.454890000,46.826990000,192.000
3.454930000,46.827000000,192.000
3.454970000,46.827030000,192.000
3.454990000,46.827060000,192.000
3.455280000,46.827160000,192.000
3.455440000,46.827200000,192.000
3.455540000,46.827240000,192.000
3.455880000,46.827350000,192.000
3.456050000,46.827410000,192.000
3.456130000,46.827430000,192.000
3.456340000,46.827500000,192.000
3.456580000,46.827580000,192.000
3.456760000,46.827640000,192.000
3.456860000,46.827680000,192.000
3.456970000,46.827710000,192.000
3.457040000,46.827730000,192.000
3.458630000,46.828100000,192.000
3.458690000,46.828110000,192.000
3.458740000,46.828140000,192.000
3.458760000,46.828180000,192.000
3.458770000,46.828230000,192.000
3.458780000,46.828240000,192.000
3.458760000,46.828310000,192.000
3.458650000,46.828560000,192.000
3.458520000,46.828980000,192.000
3.458500000,46.829080000,192.000
3.458500000,46.829150000,192.000
3.458520000,46.829220000,192.000
3.458560000,46.829340000,192.000
3.458600000,46.829420000,192.000
3.458720000,46.829600000,192.000
3.458770000,46.829660000,192.000
3.458840000,46.829730000,192.000
3.458900000,46.829800000,192.000
3.459030000,46.829900000,192.000
3.459120000,46.829960000,192.000
3.459190000,46.830000000,192.000
3.459310000,46.830060000,192.000
3.459410000,46.830100000,192.000
3.459590000,46.830150000,192.000
3.459660000,46.830170000,192.000
3.459820000,46.830210000,192.000
3.459950000,46.830240000,192.000
3.460030000,46.830260000,192.000
3.460140000,46.830270000,192.000
3.460260000,46.830290000,192.000
3.460790000,46.830320000,192.000
3.461420000,46.830360000,192.000
3.461490000,46.830360000,193.000
3.461560000,46.830360000,193.000
3.461630000,46.830340000,193.000
3.461900000,46.830250000,193.000
3.462100000,46.830190000,193.000
3.462180000,46.830160000,193.000
3.462510000,46.830060000,193.000
3.462750000,46.829990000,194.000
3.462840000,46.829990000,194.000
3.462860000,46.829980000,194.000
3.462880000,46.829960000,194.000
3.462900000,46.829960000,194.000
3.462920000,46.829960000,194.000
3.462950000,46.829960000,194.000
3.463100000,46.829880000,194.000
3.463280000,46.829830000,194.000
3.463340000,46.829790000,195.000
3.463470000,46.829730000,195.000
3.463570000,46.829660000,195.000
3.463680000,46.829580000,195.000
3.463820000,46.829440000,195.000
3.463880000,46.829390000,195.000
3.463900000,46.829350000,195.000
3.463980000,46.829260000,195.000
3.464020000,46.829230000,195.000
3.464070000,46.829210000,195.000
3.464130000,46.829220000,195.000
3.464360000,46.829330000,195.000
3.466320000,46.830230000,193.000
3.466600000,46.830360000,192.000
3.466620000,46.830370000,192.000
3.466720000,46.830420000,192.000
3.466760000,46.830430000,191.000
3.466920000,46.830500000,191.000
3.467130000,46.830580000,191.000
3.467410000,46.830630000,192.000
3.467590000,46.830640000,192.000
3.467720000,46.830630000,192.000
3.467860000,46.830610000,192.000
3.468070000,46.830570000,192.000
3.468140000,46.830550000,192.000
3.468230000,46.830520000,192.000
3.468870000,46.830370000,193.000
3.468960000,46.830340000,193.000
3.469250000,46.830280000,193.000
3.469800000,46.830160000,193.000
3.469930000,46.830130000,193.000
3.470830000,46.829930000,193.000
3.471200000,46.829850000,193.000
3.471290000,46.829830000,193.000
3.472160000,46.829640000,193.000
3.473270000,46.829390000,193.000
3.473380000,46.829360000,193.000
3.474340000,46.829150000,193.000
3.474350000,46.829140000,194.000
3.474730000,46.829060000,194.000
3.474920000,46.829020000,194.000
3.475820000,46.828880000,195.000
3.476670000,46.828770000,195.000
3.477680000,46.828620000,196.000
3.477820000,46.828600000,197.000
3.478000000,46.828570000,197.000
3.478160000,46.828550000,197.000
3.480360000,46.828250000,199.000
3.480520000,46.828230000,200.000
3.481530000,46.828090000,201.000
3.482250000,46.827990000,202.000
3.482370000,46.827980000,203.000
3.482900000,46.827900000,204.000
3.483610000,46.827810000,205.000
3.483790000,46.827790000,206.000
3.483950000,46.827800000,206.000
3.484110000,46.827810000,206.000
3.484740000,46.827880000,206.000
3.485910000,46.828010000,204.000
3.487820000,46.828210000,202.000
3.488060000,46.828230000,200.000
3.488530000,46.828190000,199.000
3.488570000,46.828150000,198.000
3.488630000,46.828110000,198.000
3.488710000,46.828080000,197.000
3.488800000,46.828070000,197.000
3.488890000,46.828070000,197.000
3.488950000,46.828080000,197.000
3.489010000,46.828100000,197.000
3.489080000,46.828130000,197.000
3.489130000,46.828180000,197.000
3.489170000,46.828250000,197.000
3.489590000,46.828400000,197.000
3.490620000,46.828490000,197.000
3.492680000,46.828710000,198.000
3.494160000,46.828870000,200.000
3.496380000,46.829110000,201.000
3.498400000,46.829350000,201.000
3.498820000,46.829400000,201.000
3.502220000,46.829820000,199.000
3.511520000,46.830990000,197.000
3.511990000,46.831030000,197.000
3.512270000,46.831030000,196.000
3.512680000,46.831030000,196.000
3.514170000,46.830990000,196.000
3.517310000,46.830880000,199.000
3.521440000,46.830750000,203.000
3.523080000,46.830710000,206.000
3.523440000,46.830690000,208.000
3.524440000,46.830660000,209.000
3.528260000,46.830550000,209.000
3.528770000,46.830540000,209.000
3.529240000,46.830550000,210.000
3.529370000,46.830560000,210.000
3.529800000,46.830600000,210.000
3.530500000,46.830720000,211.000
3.533130000,46.831360000,212.000
3.536980000,46.832300000,209.000
3.540250000,46.833090000,206.000
3.540870000,46.833220000,204.000
3.541580000,46.833330000,203.000
3.543580000,46.833620000,203.000
3.548380000,46.834330000,202.000
3.551910000,46.834860000,201.000
3.551910000,46.834860000,201.000
3.561260000,46.836260000,202.000
3.566360000,46.837040000,203.000
3.566470000,46.837050000,204.000
3.572500000,46.837960000,206.000
3.573630000,46.838150000,206.000
3.574220000,46.838290000,205.000
3.574710000,46.838440000,204.000
3.575210000,46.838640000,202.000
3.576020000,46.839130000,202.000
3.576820000,46.839620000,201.000
3.579230000,46.841090000,201.000
3.579630000,46.841260000,202.000
3.579990000,46.841380000,202.000
3.580420000,46.841500000,203.000
3.584450000,46.842480000,207.000
3.589140000,46.843640000,206.000
3.591150000,46.844150000,207.000
3.591970000,46.844400000,207.000
3.592530000,46.844610000,208.000
3.593920000,46.845150000,207.000
3.597380000,46.846510000,206.000
3.597770000,46.846650000,206.000
3.598110000,46.846750000,205.000
3.602050000,46.847680000,204.000
3.602520000,46.847750000,203.000
3.603000000,46.847770000,203.000
3.611830000,46.847270000,209.000
3.614030000,46.847150000,211.000
3.614630000,46.847140000,212.000
3.615130000,46.847160000,213.000
3.615750000,46.847220000,214.000
3.617530000,46.847480000,216.000
3.621810000,46.848070000,215.000
3.625750000,46.848640000,217.000
3.626680000,46.848820000,217.000
3.626670000,46.848890000,217.000
3.626740000,46.848970000,217.000
3.626880000,46.849050000,217.000
3.627170000,46.849200000,216.000
3.627720000,46.849380000,215.000
3.629830000,46.850420000,213.000
3.630450000,46.850820000,211.000
3.631990000,46.852040000,209.000
3.632360000,46.852330000,207.000
3.632600000,46.852480000,205.000
3.632940000,46.852660000,204.000
3.633220000,46.852800000,203.000
3.633490000,46.852900000,202.000
3.633550000,46.852920000,201.000
3.633790000,46.853020000,201.000
3.634200000,46.853140000,200.000
3.634540000,46.853230000,200.000
3.634900000,46.853300000,200.000
3.635560000,46.853390000,200.000
3.636140000,46.853470000,201.000
3.636770000,46.853550000,201.000
3.637600000,46.853660000,202.000
3.638560000,46.853790000,202.000
3.639050000,46.853900000,202.000
3.642600000,46.855200000,202.000
3.643290000,46.855470000,203.000
3.643880000,46.855690000,203.000
3.644440000,46.855910000,204.000
3.646310000,46.856800000,205.000
3.647960000,46.857620000,205.000
3.648080000,46.857660000,204.000
3.648400000,46.857700000,204.000
3.648430000,46.857690000,203.000
3.648460000,46.857690000,203.000
3.648500000,46.857700000,203.000
3.648540000,46.857710000,203.000
3.648560000,46.857730000,203.000
3.648570000,46.857740000,203.000
3.648790000,46.857770000,203.000
3.648860000,46.857770000,202.000
3.649070000,46.857770000,202.000
3.650230000,46.857780000,202.000
3.650470000,46.857790000,202.000
3.650690000,46.857820000,201.000
3.650970000,46.857880000,201.000
3.651240000,46.857960000,201.000
3.651280000,46.857930000,201.000
3.652090000,46.857300000,201.000
3.652670000,46.856840000,202.000
3.652740000,46.856780000,202.000
3.652800000,46.856700000,203.000
3.653180000,46.856090000,203.000
3.653260000,46.856010000,204.000
3.653900000,46.855490000,204.000
3.654470000,46.854810000,203.000
3.654570000,46.854670000,203.000
3.654850000,46.854220000,203.000
3.654900000,46.854120000,203.000
3.654900000,46.854120000,203.000
3.655450000,46.853130000,205.000
3.655700000,46.852690000,207.000
3.655910000,46.852460000,209.000
3.656160000,46.852190000,211.000
3.656890000,46.851640000,211.000
3.657720000,46.851120000,211.000
3.658310000,46.850740000,211.000
3.659300000,46.850350000,211.000
3.659860000,46.850080000,211.000
3.660610000,46.849690000,211.000
3.660950000,46.849540000,210.000
3.661170000,46.849480000,210.000
3.661540000,46.849410000,209.000
3.661800000,46.849280000,209.000
3.662410000,46.848930000,208.000
3.663920000,46.847860000,208.000
3.664080000,46.847660000,209.000
3.664170000,46.847450000,209.000
3.664260000,46.847190000,209.000
3.664280000,46.846620000,210.000
3.664340000,46.846430000,210.000
3.664490000,46.846290000,211.000
3.664690000,46.846170000,211.000
3.666750000,46.845510000,213.000
3.666980000,46.845390000,214.000
3.667160000,46.845230000,215.000
3.667340000,46.845010000,216.000
3.667470000,46.844790000,217.000
3.667530000,46.844640000,218.000
3.667540000,46.844500000,218.000
3.667530000,46.844370000,219.000
3.667480000,46.844210000,220.000
3.667370000,46.844070000,220.000
3.666820000,46.843630000,221.000
3.666700000,46.843530000,222.000
3.666070000,46.843070000,223.000
3.666000000,46.842980000,224.000
3.665960000,46.842880000,224.000
3.665950000,46.842770000,224.000
3.665960000,46.842680000,225.000
3.666000000,46.842560000,225.000
3.666260000,46.842010000,226.000
3.666290000,46.841920000,226.000
3.666300000,46.841870000,226.000
3.669690000,46.840810000,225.000
3.675030000,46.839080000,223.000
3.678490000,46.837990000,221.000
3.683350000,46.836440000,216.000
3.688150000,46.834880000,214.000
3.689110000,46.834560000,213.000
3.689480000,46.834390000,212.000
3.689600000,46.834330000,212.000
3.689720000,46.834280000,211.000
3.689820000,46.834230000,211.000
3.690290000,46.833940000,210.000
3.690420000,46.833850000,210.000
3.690530000,46.833770000,210.000
3.690840000,46.833510000,210.000
3.691710000,46.832680000,211.000
3.693260000,46.831170000,214.000
3.694500000,46.829980000,215.000
3.697560000,46.826990000,215.000
3.698140000,46.826470000,216.000
3.698560000,46.826100000,217.000
3.698820000,46.825900000,218.000
3.699090000,46.825730000,219.000
3.701210000,46.824580000,222.000
3.702940000,46.823640000,222.000
3.703550000,46.823320000,221.000
3.703810000,46.823210000,221.000
3.704100000,46.823150000,221.000
3.705950000,46.822840000,222.000
3.706210000,46.822790000,222.000
3.706420000,46.822740000,223.000
3.706640000,46.822670000,224.000
3.706840000,46.822590000,224.000
3.707540000,46.822210000,226.000
3.708510000,46.821660000,228.000
3.708660000,46.821580000,230.000
3.710390000,46.820600000,231.000
3.710630000,46.820480000,232.000
3.710970000,46.820360000,233.000
3.711070000,46.820330000,234.000
3.715330000,46.819020000,235.000
3.715470000,46.818980000,235.000
3.717180000,46.818440000,233.000
3.717500000,46.818350000,232.000
3.718280000,46.818100000,230.000
3.720550000,46.817400000,230.000
3.720770000,46.817330000,230.000
3.721350000,46.817150000,230.000
3.721550000,46.817090000,230.000
3.723530000,46.816480000,229.000
3.724800000,46.816090000,228.000
3.725560000,46.815850000,229.000
3.725890000,46.815790000,229.000
3.726160000,46.815780000,229.000
3.726370000,46.815810000,229.000
3.726580000,46.815860000,229.000
3.727020000,46.816010000,229.000
3.727270000,46.816100000,229.000
3.730050000,46.817190000,229.000
3.730240000,46.817270000,229.000
3.730730000,46.817460000,228.000
3.732830000,46.818290000,225.000
3.734220000,46.818830000,222.000
3.734750000,46.819020000,220.000
3.735010000,46.819100000,219.000
3.735070000,46.819120000,218.000
3.735310000,46.819170000,217.000
3.735530000,46.819200000,216.000
3.735900000,46.819240000,216.000
3.736320000,46.819260000,215.000
3.736530000,46.819250000,215.000
3.736740000,46.819220000,215.000
3.737040000,46.819160000,214.000
3.737440000,46.819050000,214.000
3.738150000,46.818830000,214.000
3.740180000,46.818210000,213.000
3.743160000,46.817270000,212.000
3.743770000,46.817070000,211.000
3.744370000,46.816830000,211.000
3.744940000,46.816590000,211.000
3.747910000,46.815250000,211.000
3.752140000,46.813360000,214.000
3.754240000,46.812410000,216.000
3.756380000,46.811440000,218.000
3.756820000,46.811250000,219.000
3.757170000,46.811120000,219.000
3.757560000,46.811010000,220.000
3.757970000,46.810930000,220.000
3.758790000,46.810830000,220.000
3.761380000,46.810580000,219.000
3.762020000,46.810500000,218.000
3.762540000,46.810410000,218.000
3.763040000,46.810300000,218.000
3.763410000,46.810200000,217.000
3.763800000,46.810090000,217.000
3.764320000,46.809910000,217.000
3.764830000,46.809710000,217.000
3.765250000,46.809530000,217.000
3.765620000,46.809340000,217.000
3.765930000,46.809170000,217.000
3.766250000,46.808980000,217.000
3.766710000,46.808670000,217.000
3.768450000,46.807420000,218.000
3.768730000,46.807230000,219.000
3.769030000,46.807080000,220.000
3.769150000,46.807030000,220.000
3.769300000,46.806970000,220.000
3.769350000,46.806950000,220.000
3.769620000,46.806870000,221.000
3.769820000,46.806810000,221.000
3.770030000,46.806770000,221.000
3.770320000,46.806730000,221.000
3.770630000,46.806700000,221.000
3.776210000,46.806340000,222.000
3.776530000,46.806330000,222.000
3.776800000,46.806330000,223.000
3.777140000,46.806360000,223.000
3.777760000,46.806450000,223.000
3.778290000,46.806530000,222.000
3.782340000,46.807110000,221.000
3.782820000,46.807170000,221.000
3.783180000,46.807190000,222.000
3.783520000,46.807180000,222.000
3.783880000,46.807140000,223.000
3.784190000,46.807080000,224.000
3.784470000,46.807010000,225.000
3.784770000,46.806920000,225.000
3.786280000,46.806370000,228.000
3.787980000,46.805760000,230.000
3.788990000,46.805440000,232.000
3.790500000,46.804980000,235.000
3.793090000,46.804220000,240.000
3.793560000,46.804090000,242.000
3.794350000,46.803930000,244.000
3.794670000,46.803870000,245.000
3.795100000,46.803780000,246.000
3.800360000,46.802880000,244.000
3.800740000,46.802840000,243.000
3.801140000,46.802840000,242.000
3.801600000,46.802880000,241.000
3.801810000,46.802920000,240.000
3.801980000,46.802980000,240.000
3.802250000,46.803060000,239.000
3.802510000,46.803160000,239.000
3.802730000,46.803290000,238.000
3.802920000,46.803420000,238.000
3.803130000,46.803600000,237.000
3.803630000,46.804170000,236.000
3.803800000,46.804320000,235.000
3.803960000,46.804440000,234.000
3.804230000,46.804590000,233.000
3.804430000,46.804690000,233.000
3.804710000,46.804790000,232.000
3.805720000,46.805080000,230.000
3.806580000,46.805320000,228.000
3.806720000,46.805360000,227.000
3.807370000,46.805550000,225.000
3.808030000,46.805730000,225.000
3.808350000,46.805780000,225.000
3.808630000,46.805810000,225.000
3.808910000,46.805820000,226.000
3.809230000,46.805800000,227.000
3.809490000,46.805770000,228.000
3.809670000,46.805740000,229.000
3.809850000,46.805690000,229.000
3.810490000,46.805500000,231.000
3.810760000,46.805450000,232.000
3.811040000,46.805420000,233.000
3.811340000,46.805410000,233.000
3.811600000,46.805410000,234.000
3.811890000,46.805440000,234.000
3.815560000,46.806030000,236.000
3.815930000,46.806070000,238.000
3.816290000,46.806070000,240.000
3.816560000,46.806070000,242.000
3.816630000,46.806060000,243.000
3.816960000,46.806030000,244.000
3.817110000,46.806010000,245.000
3.817440000,46.805950000,247.000
3.819000000,46.805620000,250.000
3.819370000,46.805560000,253.000
3.819710000,46.805530000,255.000
3.820110000,46.805530000,257.000
3.823700000,46.805660000,263.000
3.824020000,46.805700000,268.000
3.824360000,46.805750000,271.000
3.824550000,46.805800000,273.000
3.824910000,46.805900000,275.000
3.825220000,46.806000000,276.000
3.825500000,46.806130000,278.000
3.826240000,46.806510000,279.000
3.826740000,46.806780000,281.000
3.827320000,46.807100000,283.000
3.827550000,46.807250000,284.000
3.827770000,46.807420000,285.000
3.828020000,46.807670000,286.000
3.828810000,46.808590000,288.000
3.828990000,46.808740000,290.000
3.829230000,46.808870000,292.000
3.829380000,46.808950000,293.000
3.829560000,46.809000000,294.000
3.829790000,46.809040000,295.000
3.830070000,46.809060000,296.000
3.830920000,46.809070000,297.000
3.831740000,46.809070000,299.000
3.832020000,46.809050000,301.000
3.832380000,46.809010000,302.000
3.832780000,46.808930000,302.000
3.833230000,46.808810000,302.000
3.834910000,46.808370000,302.000
3.835710000,46.808150000,302.000
3.836520000,46.807950000,302.000
3.836950000,46.807870000,302.000
3.837380000,46.807820000,302.000
3.837760000,46.807790000,302.000
3.838120000,46.807780000,301.000
3.838510000,46.807800000,301.000
3.838910000,46.807830000,301.000
3.839290000,46.807880000,300.000
3.839630000,46.807950000,300.000
3.840000000,46.808030000,299.000
3.840800000,46.808220000,299.000
3.846660000,46.809690000,299.000
3.849640000,46.810440000,297.000
3.850080000,46.810540000,295.000
3.850480000,46.810600000,294.000
3.850820000,46.810640000,294.000
3.851230000,46.810650000,293.000
3.851690000,46.810640000,293.000
3.852970000,46.810520000,293.000
3.854560000,46.810350000,294.000
3.855120000,46.810290000,295.000
3.855440000,46.810250000,295.000
3.855760000,46.810180000,296.000
3.856220000,46.810070000,297.000
3.858690000,46.809430000,297.000
3.860690000,46.808890000,298.000
3.862920000,46.808310000,298.000
3.863450000,46.808190000,298.000
3.863680000,46.808160000,299.000
3.863930000,46.808140000,299.000
3.864180000,46.808140000,300.000
3.864440000,46.808150000,300.000
3.864630000,46.808160000,301.000
3.865040000,46.808220000,301.000
3.865390000,46.808300000,302.000
3.865680000,46.808410000,302.000
3.865900000,46.808490000,303.000
3.866130000,46.808610000,303.000
3.867810000,46.809610000,305.000
3.868060000,46.809730000,306.000
3.868300000,46.809810000,307.000
3.868550000,46.809880000,308.000
3.868790000,46.809910000,308.000
3.868990000,46.809930000,308.000
3.869190000,46.809930000,309.000
3.870040000,46.809910000,309.000
3.870290000,46.809920000,309.000
3.870600000,46.809940000,309.000
3.870860000,46.810000000,309.000
3.871110000,46.810080000,310.000
3.871300000,46.810180000,310.000
3.871480000,46.810280000,310.000
3.871670000,46.810420000,310.000
3.872400000,46.811090000,311.000
3.872510000,46.811180000,311.000
3.872640000,46.811260000,311.000
3.872790000,46.811360000,311.000
3.872960000,46.811430000,311.000
3.873160000,46.811500000,311.000
3.873380000,46.811550000,311.000
3.873590000,46.811580000,310.000
3.873830000,46.811590000,310.000
3.874060000,46.811590000,310.000
3.874260000,46.811570000,310.000
3.874440000,46.811530000,310.000
3.874870000,46.811410000,309.000
3.875750000,46.811120000,309.000
3.876080000,46.811000000,308.000
3.876510000,46.810860000,307.000
3.877020000,46.810710000,307.000
3.877630000,46.810580000,306.000
3.878320000,46.810440000,305.000
3.879560000,46.810120000,303.000
3.880010000,46.810000000,300.000
3.880330000,46.809890000,298.000
3.880660000,46.809770000,296.000
3.882720000,46.808870000,290.000
3.887130000,46.806940000,280.000
3.887320000,46.806860000,274.000
3.887690000,46.806710000,270.000
3.888060000,46.806610000,268.000
3.888380000,46.806540000,267.000
3.888720000,46.806500000,266.000
3.888990000,46.806490000,266.000
3.889300000,46.806490000,267.000
3.891060000,46.806630000,269.000
3.891410000,46.806630000,270.000
3.891650000,46.806610000,271.000
3.891870000,46.806570000,272.000
3.892140000,46.806480000,273.000
3.892390000,46.806380000,274.000
3.892570000,46.806280000,275.000
3.892780000,46.806130000,275.000
3.893120000,46.805850000,276.000
3.893350000,46.805680000,277.000
3.893590000,46.805520000,277.000
3.893790000,46.805430000,277.000
3.894010000,46.805340000,277.000
3.894310000,46.805270000,277.000
3.894570000,46.805240000,277.000
3.894900000,46.805220000,277.000
3.896420000,46.805270000,276.000
3.896810000,46.805260000,274.000
3.897060000,46.805240000,273.000
3.897320000,46.805210000,272.000
3.897670000,46.805140000,271.000
3.897890000,46.805080000,270.000
3.898150000,46.804980000,269.000
3.898420000,46.804850000,268.000
3.898630000,46.804740000,267.000
3.898700000,46.804700000,266.000
3.899190000,46.804330000,264.000
3.900100000,46.803530000,262.000
3.901430000,46.802400000,257.000
3.901710000,46.802200000,254.000
3.901950000,46.802080000,252.000
3.902170000,46.802000000,251.000
3.902390000,46.801940000,250.000
3.902650000,46.801910000,250.000
3.902880000,46.801900000,250.000
3.903090000,46.801900000,250.000
3.903380000,46.801930000,250.000
3.904250000,46.802040000,251.000
3.904570000,46.802060000,251.000
3.904800000,46.802050000,251.000
3.905040000,46.802010000,252.000
3.905250000,46.801970000,252.000
3.905440000,46.801910000,253.000
3.905590000,46.801840000,253.000
3.905750000,46.801760000,253.000
3.905890000,46.801660000,254.000
3.906010000,46.801550000,254.000
3.906130000,46.801420000,254.000
3.906240000,46.801240000,255.000
3.906640000,46.800370000,256.000
3.906760000,46.800180000,256.000
3.906900000,46.800000000,257.000
3.907060000,46.799860000,258.000
3.907230000,46.799760000,258.000
3.907440000,46.799660000,259.000
3.907640000,46.799590000,259.000
3.907840000,46.799540000,260.000
3.908410000,46.799450000,260.000
3.909480000,46.799310000,261.000
3.910450000,46.799170000,263.000
3.913960000,46.798680000,268.000
3.914370000,46.798610000,271.000
3.914760000,46.798530000,272.000
3.915400000,46.798360000,273.000
3.917330000,46.797870000,271.000
3.917830000,46.797760000,270.000
3.918250000,46.797710000,270.000
3.918570000,46.797680000,270.000
3.918950000,46.797670000,271.000
3.921120000,46.797800000,273.000
3.921430000,46.797800000,274.000
3.921720000,46.797770000,275.000
3.921940000,46.797730000,276.000
3.922130000,46.797670000,277.000
3.922320000,46.797600000,278.000
3.923710000,46.796950000,280.000
3.925720000,46.796000000,281.000
3.926000000,46.795900000,282.000
3.926270000,46.795820000,282.000
3.926460000,46.795790000,283.000
3.926670000,46.795770000,283.000
3.927650000,46.795730000,283.000
3.927900000,46.795700000,283.000
3.928130000,46.795660000,283.000
3.928340000,46.795590000,283.000
3.928590000,46.795500000,283.000
3.929450000,46.795030000,284.000
3.930050000,46.794680000,285.000
3.930430000,46.794500000,287.000
3.930680000,46.794400000,288.000
3.930930000,46.794330000,288.000
3.931140000,46.794290000,289.000
3.931350000,46.794270000,290.000
3.932130000,46.794230000,291.000
3.932370000,46.794200000,291.000
3.932610000,46.794140000,292.000
3.932790000,46.794080000,293.000
3.932950000,46.794000000,293.000
3.933140000,46.793880000,294.000
3.933380000,46.793700000,294.000
3.934160000,46.793010000,297.000
3.936920000,46.790540000,305.000
3.937190000,46.790360000,312.000
3.937450000,46.790210000,316.000
3.937850000,46.790050000,320.000
3.938480000,46.789810000,323.000
3.940110000,46.789070000,328.000
3.940360000,46.788970000,331.000
3.940590000,46.788880000,333.000
3.940820000,46.788820000,335.000
3.940960000,46.788780000,336.000
3.941270000,46.788730000,336.000
3.941550000,46.788720000,337.000
3.941830000,46.788720000,337.000
3.942150000,46.788750000,337.000
3.942450000,46.788810000,337.000
3.942800000,46.788910000,337.000
3.943300000,46.789110000,336.000
3.943550000,46.789190000,335.000
3.943770000,46.789230000,334.000
3.944010000,46.789250000,333.000
3.944250000,46.789250000,332.000
3.944790000,46.789240000,330.000
3.945030000,46.789260000,329.000
3.945230000,46.789310000,327.000
3.945410000,46.789380000,326.000
3.945570000,46.789480000,325.000
3.945690000,46.789590000,324.000
3.945760000,46.789710000,323.000
3.945820000,46.789860000,322.000
3.945900000,46.790110000,321.000
3.945980000,46.790250000,320.000
3.946070000,46.790350000,319.000
3.946190000,46.790430000,318.000
3.946310000,46.790490000,318.000
3.946800000,46.790690000,317.000
3.946960000,46.790770000,316.000
3.947090000,46.790860000,315.000
3.947200000,46.791010000,314.000
3.947350000,46.791260000,313.000
3.947450000,46.791360000,312.000
3.947580000,46.791460000,311.000
3.949180000,46.792330000,307.000
3.949350000,46.792420000,305.000
3.949530000,46.792500000,303.000
3.949710000,46.792560000,301.000
3.949880000,46.792610000,300.000
3.950160000,46.792670000,298.000
3.950430000,46.792710000,297.000
3.950670000,46.792740000,296.000
3.950670000,46.792740000,295.000
3.950840000,46.792770000,294.000
3.951250000,46.792810000,293.000
3.951680000,46.792830000,291.000
3.951980000,46.792840000,290.000
3.952180000,46.792830000,289.000
3.952410000,46.792790000,288.000
3.954460000,46.792390000,286.000
3.956120000,46.792050000,284.000
3.956310000,46.792000000,282.000
3.956470000,46.791940000,281.000
3.956650000,46.791860000,280.000
3.957500000,46.791430000,279.000
3.958060000,46.791150000,279.000
3.958540000,46.790910000,278.000
3.959910000,46.790200000,278.000
3.960110000,46.790100000,278.000
3.961410000,46.789440000,276.000
3.961490000,46.789400000,274.000
3.962350000,46.788960000,272.000
3.963720000,46.788260000,273.000
3.964290000,46.787960000,273.000
3.964610000,46.787810000,274.000
3.965190000,46.787520000,274.000
3.965450000,46.787410000,273.000
3.965530000,46.787390000,273.000
3.965730000,46.787350000,273.000
3.966040000,46.787340000,272.000
3.966230000,46.787360000,272.000
3.966490000,46.787410000,271.000
3.967210000,46.787630000,270.000
3.967810000,46.787810000,269.000
3.968030000,46.787870000,269.000
3.968140000,46.787910000,269.000
3.968220000,46.787960000,269.000
3.968290000,46.787950000,269.000
3.969110000,46.788200000,270.000
3.969430000,46.788290000,270.000
3.969530000,46.788320000,271.000
3.969620000,46.788350000,271.000
3.969910000,46.788440000,271.000
3.970010000,46.788500000,271.000
3.970230000,46.788630000,271.000
3.970310000,46.788690000,271.000
3.970430000,46.788760000,271.000
3.970880000,46.789030000,271.000
3.970960000,46.789090000,271.000
3.971460000,46.789340000,271.000
3.971500000,46.789350000,271.000
3.971660000,46.789400000,271.000
3.972430000,46.789610000,271.000
3.972590000,46.789610000,271.000
3.972700000,46.789610000,271.000
3.972740000,46.789600000,271.000
3.972780000,46.789600000,271.000
3.972820000,46.789610000,271.000
3.972860000,46.789630000,271.000
3.972880000,46.789660000,271.000
3.972970000,46.789650000,271.000
3.973850000,46.789560000,271.000
3.974140000,46.789530000,271.000
3.974380000,46.789510000,272.000
3.974500000,46.789480000,272.000
3.974770000,46.789440000,272.000
3.975160000,46.789340000,272.000
3.975280000,46.789300000,272.000
3.975470000,46.789250000,272.000
3.975550000,46.789230000,272.000
3.975850000,46.789140000,272.000
3.976210000,46.788990000,272.000
3.976400000,46.788900000,272.000
3.976690000,46.788750000,272.000
3.979010000,46.787440000,271.000
3.979790000,46.787000000,271.000
3.980160000,46.786790000,270.000
3.980550000,46.786580000,270.000
3.980820000,46.786420000,270.000
3.981220000,46.786190000,270.000
3.981430000,46.786070000,270.000
3.981720000,46.785910000,270.000
3.981780000,46.785880000,270.000
3.982030000,46.785740000,270.000
3.982180000,46.785650000,270.000
3.982460000,46.785490000,270.000
3.982760000,46.785330000,269.000
3.983070000,46.785150000,269.000
3.983340000,46.785000000,269.000
3.983490000,46.784920000,269.000
3.983820000,46.784730000,269.000
3.983850000,46.784710000,269.000
3.984000000,46.784630000,269.000
3.984020000,46.784620000,268.000
3.984060000,46.784590000,268.000
3.984260000,46.784480000,268.000
3.984730000,46.784200000,268.000
3.985170000,46.783960000,268.000
3.985260000,46.783910000,268.000
3.985320000,46.783870000,268.000
3.988020000,46.782340000,268.000
3.991390000,46.780430000,267.000
3.991610000,46.780310000,266.000
3.993190000,46.779410000,268.000
3.993920000,46.779000000,269.000
3.993990000,46.778960000,270.000
3.994100000,46.778890000,271.000
3.997740000,46.776840000,275.000
3.998130000,46.776610000,277.000
3.998360000,46.776450000,278.000
3.998500000,46.776330000,279.000
3.998610000,46.776220000,279.000
3.999290000,46.775440000,278.000
3.999340000,46.775380000,277.000
4.000570000,46.773960000,278.000
4.000680000,46.773830000,278.000
4.000750000,46.773720000,279.000
4.000830000,46.773580000,279.000
4.000890000,46.773430000,279.000
4.000930000,46.773250000,280.000
4.000950000,46.773110000,280.000
4.000980000,46.772430000,281.000
4.000990000,46.772230000,282.000
4.001040000,46.772060000,283.000
4.001110000,46.771950000,283.000
4.001230000,46.771830000,284.000
4.001380000,46.771730000,285.000
4.001560000,46.771650000,286.000
4.001750000,46.771580000,287.000
4.001970000,46.771530000,288.000
4.002220000,46.771500000,289.000
4.002500000,46.771490000,290.000
4.003290000,46.771480000,292.000
4.003530000,46.771480000,293.000
4.003740000,46.771460000,294.000
4.003920000,46.771440000,295.000
4.004110000,46.771390000,296.000
4.004260000,46.771330000,297.000
4.004430000,46.771260000,298.000
4.004910000,46.771030000,298.000
4.005290000,46.770850000,299.000
4.005510000,46.770720000,300.000
4.005760000,46.770540000,301.000
4.005950000,46.770370000,302.000
4.006220000,46.770070000,302.000
4.006630000,46.769510000,303.000
4.007010000,46.768990000,304.000
4.007160000,46.768840000,304.000
4.007370000,46.768670000,304.000
4.007600000,46.768510000,304.000
4.008390000,46.768030000,303.000
4.008810000,46.767800000,301.000
4.009070000,46.767680000,300.000
4.009350000,46.767580000,299.000
4.009730000,46.767480000,298.000
4.010820000,46.767170000,296.000
4.013260000,46.766480000,294.000
4.016040000,46.765690000,289.000
4.016360000,46.765600000,286.000
4.016500000,46.765560000,285.000
4.018400000,46.765020000,283.000
4.018670000,46.764940000,283.000
4.018860000,46.764880000,283.000
4.018960000,46.764830000,283.000
4.019100000,46.764750000,283.000
4.019210000,46.764660000,283.000
4.019290000,46.764570000,283.000
4.019350000,46.764470000,284.000
4.019410000,46.764350000,284.000
4.019460000,46.764220000,285.000
4.019780000,46.763430000,286.000
4.019820000,46.763350000,287.000
4.019870000,46.763260000,288.000
4.020030000,46.763010000,288.000
4.020080000,46.762950000,289.000
4.021550000,46.761250000,289.000
4.022190000,46.760500000,289.000
4.022510000,46.760150000,289.000
4.022680000,46.759930000,289.000
4.024120000,46.757340000,289.000
4.024380000,46.756860000,289.000
4.024520000,46.756660000,289.000
4.024630000,46.756520000,288.000
4.024730000,46.756400000,288.000
4.024910000,46.756210000,288.000
4.025440000,46.755700000,287.000
4.025570000,46.755560000,286.000
4.025710000,46.755420000,286.000
4.026470000,46.754660000,286.000
4.026510000,46.754610000,286.000
4.026580000,46.754510000,286.000
4.026640000,46.754400000,286.000
4.026680000,46.754310000,286.000
4.026720000,46.754200000,286.000
4.026750000,46.754070000,286.000
4.026900000,46.753430000,287.000
4.026930000,46.753310000,288.000
4.026990000,46.753180000,288.000
4.027050000,46.753060000,289.000
4.027130000,46.752970000,289.000
4.027220000,46.752900000,289.000
4.027330000,46.752840000,290.000
4.027480000,46.752800000,290.000
4.027620000,46.752780000,290.000
4.027780000,46.752780000,291.000
4.027970000,46.752790000,291.000
4.028380000,46.752850000,291.000
4.031380000,46.753230000,296.000
4.033320000,46.753480000,301.000
4.033410000,46.753500000,304.000
4.033530000,46.753510000,307.000
4.034840000,46.753680000,310.000
4.035110000,46.753700000,312.000
4.035290000,46.753700000,314.000
4.035440000,46.753670000,315.000
4.035550000,46.753630000,316.000
4.035640000,46.753570000,317.000
4.035700000,46.753500000,318.000
4.035750000,46.753440000,319.000
4.035770000,46.753370000,319.000
4.035760000,46.753280000,320.000
4.035730000,46.753210000,320.000
4.035680000,46.753140000,321.000
4.035610000,46.753060000,321.000
4.035480000,46.752990000,322.000
4.035330000,46.752930000,322.000
4.034960000,46.752860000,323.000
4.034760000,46.752810000,324.000
4.034620000,46.752770000,325.000
4.034500000,46.752730000,326.000
4.034390000,46.752670000,326.000
4.034310000,46.752600000,327.000
4.034250000,46.752530000,327.000
4.034210000,46.752460000,328.000
4.034200000,46.752380000,328.000
4.034220000,46.752290000,328.000
4.034270000,46.752210000,329.000
4.034350000,46.752100000,329.000
4.035640000,46.750690000,332.000
4.035910000,46.750460000,334.000
4.036130000,46.750330000,337.000
4.036450000,46.750200000,338.000
4.036690000,46.750140000,340.000
4.036950000,46.750110000,342.000
4.037330000,46.750110000,343.000
4.038740000,46.750180000,346.000
4.039340000,46.750190000,349.000
4.039740000,46.750190000,351.000
4.040120000,46.750170000,353.000
4.040410000,46.750130000,355.000
4.040530000,46.750100000,356.000
4.040630000,46.750070000,357.000
4.040720000,46.750000000,358.000
4.040800000,46.749890000,359.000
4.040860000,46.749700000,360.000
4.040950000,46.748500000,362.000
4.040990000,46.748320000,364.000
4.041060000,46.748220000,366.000
4.041160000,46.748160000,367.000
4.041280000,46.748110000,368.000
4.041380000,46.748090000,369.000
4.041510000,46.748090000,370.000
4.041620000,46.748090000,370.000
4.041950000,46.748100000,371.000
4.042160000,46.748060000,372.000
4.042380000,46.748010000,373.000
4.042650000,46.747890000,373.000
4.042840000,46.747750000,374.000
4.042950000,46.747640000,375.000
4.043000000,46.747570000,376.000
4.043070000,46.747440000,377.000
4.043110000,46.747180000,378.000
4.043150000,46.747060000,378.000
4.043210000,46.746970000,379.000
4.043270000,46.746890000,380.000
4.043520000,46.746630000,381.000
4.043610000,46.746480000,381.000
4.043680000,46.746320000,382.000
4.043790000,46.745590000,384.000
4.043810000,46.745500000,385.000
4.043870000,46.745400000,386.000
4.043960000,46.745330000,387.000
4.044060000,46.745270000,387.000
4.044260000,46.745220000,388.000
4.044420000,46.745210000,388.000
4.044640000,46.745220000,388.000
4.044790000,46.745240000,388.000
4.045360000,46.745470000,389.000
4.045530000,46.745520000,389.000
4.045670000,46.745550000,390.000
4.046050000,46.745610000,390.000
4.046590000,46.745690000,390.000
4.046750000,46.745700000,390.000
4.046910000,46.745710000,390.000
4.047150000,46.745720000,390.000
4.047810000,46.745720000,390.000
4.048000000,46.745740000,390.000
4.048170000,46.745780000,390.000
4.048310000,46.745850000,390.000
4.048950000,46.746300000,390.000
4.049380000,46.746530000,390.000
4.049710000,46.746720000,390.000
4.051210000,46.747420000,388.000
4.051410000,46.747500000,386.000
4.051540000,46.747520000,385.000
4.051710000,46.747530000,384.000
4.051970000,46.747510000,384.000
4.052130000,46.747470000,383.000
4.052230000,46.747430000,382.000
4.052310000,46.747380000,382.000
4.052420000,46.747290000,381.000
4.052490000,46.747170000,380.000
4.052500000,46.747030000,380.000
4.052440000,46.746790000,379.000
4.052310000,46.746590000,378.000
4.052060000,46.746280000,377.000
4.052040000,46.746180000,376.000
4.052070000,46.746080000,375.000
4.052140000,46.746000000,375.000
4.052250000,46.745940000,375.000
4.052360000,46.745890000,374.000
4.052570000,46.745850000,374.000
4.053010000,46.745810000,374.000
4.053180000,46.745790000,374.000
4.053370000,46.745730000,374.000
4.053880000,46.745520000,373.000
4.054060000,46.745470000,373.000
4.054160000,46.745470000,373.000
4.054230000,46.745460000,373.000
4.054380000,46.745490000,372.000
4.054960000,46.745660000,371.000
4.055180000,46.745710000,370.000
4.055550000,46.745790000,368.000
4.055830000,46.745840000,367.000
4.056040000,46.745860000,365.000
4.056310000,46.745870000,364.000
4.057080000,46.745860000,362.000
4.057380000,46.745850000,360.000
4.057650000,46.745830000,358.000
4.057970000,46.745800000,357.000
4.058250000,46.745740000,356.000
4.058430000,46.745700000,355.000
4.058530000,46.745650000,354.000
4.058610000,46.745580000,353.000
4.058650000,46.745520000,352.000
4.058650000,46.745440000,352.000
4.058580000,46.745380000,351.000
4.058490000,46.745340000,351.000
4.058240000,46.745240000,350.000
4.058140000,46.745180000,349.000
4.058090000,46.745100000,349.000
4.058070000,46.745060000,348.000
4.058070000,46.744980000,348.000
4.058090000,46.744920000,348.000
4.058170000,46.744840000,347.000
4.058880000,46.744380000,346.000
4.058990000,46.744300000,344.000
4.059080000,46.744200000,343.000
4.059130000,46.744130000,342.000
4.059160000,46.744030000,342.000
4.059160000,46.743940000,341.000
4.059030000,46.743620000,340.000
4.059030000,46.743540000,339.000
4.059050000,46.743480000,339.000
4.059120000,46.743370000,338.000
4.059250000,46.743300000,337.000
4.059480000,46.743220000,336.000
4.059840000,46.743140000,335.000
4.060030000,46.743060000,334.000
4.060170000,46.742980000,334.000
4.060410000,46.742780000,333.000
4.060640000,46.742530000,331.000
4.060750000,46.742380000,330.000
4.060940000,46.742000000,329.000
4.060960000,46.741860000,327.000
4.060970000,46.741750000,326.000
4.060950000,46.741660000,326.000
4.060920000,46.741570000,325.000
4.060880000,46.741460000,324.000
4.060870000,46.741340000,324.000
4.060900000,46.741240000,323.000
4.060970000,46.741150000,323.000
4.061060000,46.741080000,323.000
4.061190000,46.741030000,322.000
4.061370000,46.740980000,322.000
4.061610000,46.740920000,321.000
4.061730000,46.740880000,321.000
4.061870000,46.740800000,320.000
4.061960000,46.740730000,320.000
4.062040000,46.740630000,319.000
4.062210000,46.740340000,319.000
4.062230000,46.740310000,318.000
4.062380000,46.740040000,317.000
4.062480000,46.739850000,317.000
4.062520000,46.739780000,316.000
4.062800000,46.739270000,315.000
4.062900000,46.739140000,314.000
4.062990000,46.739020000,313.000
4.063090000,46.738940000,312.000
4.063230000,46.738860000,312.000
4.063380000,46.738800000,311.000
4.063530000,46.738750000,311.000
4.063990000,46.738680000,311.000
4.064210000,46.738640000,311.000
4.064390000,46.738590000,311.000
4.064520000,46.738520000,311.000
4.064650000,46.738450000,312.000
4.064820000,46.738320000,312.000
4.064960000,46.738200000,312.000
4.065350000,46.737850000,312.000
4.065450000,46.737750000,312.000
4.065500000,46.737670000,312.000
4.065570000,46.737550000,312.000
4.065720000,46.737160000,311.000
4.065880000,46.736740000,310.000
4.066000000,46.736410000,310.000
4.066060000,46.736230000,309.000
4.066110000,46.736030000,308.000
4.066150000,46.735750000,307.000
4.066190000,46.735420000,307.000
4.066220000,46.735190000,306.000
4.066260000,46.735050000,305.000
4.066300000,46.734930000,305.000
4.066400000,46.734740000,305.000
4.066620000,46.734380000,304.000
4.066750000,46.734200000,304.000
4.066840000,46.734080000,303.000
4.066940000,46.733980000,303.000
4.067070000,46.733870000,302.000
4.067220000,46.733760000,302.000
4.067780000,46.733400000,302.000
4.068070000,46.733160000,301.000
4.068950000,46.732160000,300.000
4.069130000,46.731990000,299.000
4.069210000,46.731930000,299.000
4.069320000,46.731890000,298.000
4.069680000,46.731760000,298.000
4.069850000,46.731680000,298.000
4.070030000,46.731540000,298.000
4.072130000,46.728880000,298.000
4.072460000,46.728480000,298.000
4.072640000,46.728330000,298.000
4.072770000,46.728250000,298.000
4.073010000,46.728140000,298.000
4.073270000,46.728080000,298.000
4.073600000,46.728020000,298.000
4.074990000,46.727820000,298.000
4.075330000,46.727760000,298.000
4.075600000,46.727710000,298.000
4.075800000,46.727660000,298.000
4.076000000,46.727580000,298.000
4.076320000,46.727440000,298.000
4.077020000,46.727100000,299.000
4.077370000,46.726930000,299.000
4.077630000,46.726830000,299.000
4.077860000,46.726750000,299.000
4.078160000,46.726650000,298.000
4.079520000,46.726230000,297.000
4.081200000,46.725730000,294.000
4.081560000,46.725610000,293.000
4.081780000,46.725540000,292.000
4.081980000,46.725460000,292.000
4.082120000,46.725390000,291.000
4.082330000,46.725250000,291.000
4.082510000,46.725110000,292.000
4.082650000,46.724960000,292.000
4.082820000,46.724740000,292.000
4.082910000,46.724590000,293.000
4.082940000,46.724540000,293.000
4.083000000,46.724460000,293.000
4.083140000,46.724300000,293.000
4.083330000,46.724110000,292.000
4.083480000,46.723970000,292.000
4.083730000,46.723770000,291.000
4.084080000,46.723550000,290.000
4.084590000,46.723250000,289.000
4.085120000,46.722940000,287.000
4.085960000,46.722450000,286.000
4.086860000,46.721930000,285.000
4.089830000,46.720200000,284.000
4.092840000,46.718470000,284.000
4.096180000,46.716550000,282.000
4.096270000,46.716490000,280.000
4.097430000,46.715820000,280.000
4.098980000,46.714930000,282.000
4.101210000,46.713650000,283.000
4.103740000,46.712200000,283.000
4.106260000,46.710750000,282.000
4.108410000,46.709510000,280.000
4.108410000,46.709510000,279.000
4.113850000,46.706370000,279.000
4.114390000,46.706070000,278.000
4.117890000,46.704110000,274.000
4.120060000,46.702900000,271.000
4.122270000,46.701730000,267.000
4.123940000,46.700850000,263.000
4.128100000,46.698610000,259.000
4.128430000,46.698450000,256.000
4.129160000,46.698050000,254.000
4.130050000,46.697580000,253.000
4.130640000,46.697270000,252.000
4.130680000,46.697240000,252.000
4.131170000,46.696980000,251.000
4.131400000,46.696860000,251.000
4.131490000,46.696810000,251.000
4.131930000,46.696580000,251.000
4.132070000,46.696500000,251.000
4.132570000,46.696230000,251.000
4.132640000,46.696190000,251.000
4.132860000,46.696070000,251.000
4.133200000,46.695880000,251.000
4.133460000,46.695760000,251.000
4.133580000,46.695700000,251.000
4.134210000,46.695400000,251.000
4.134530000,46.695250000,251.000
4.134620000,46.695210000,251.000
4.134840000,46.695100000,251.000
4.135040000,46.695020000,251.000
4.135090000,46.695000000,251.000
4.135140000,46.694970000,251.000
4.135230000,46.694910000,251.000
4.136380000,46.694120000,252.000
4.136590000,46.693970000,253.000
4.136690000,46.693900000,254.000
4.136950000,46.693640000,255.000
4.137280000,46.693610000,256.000
4.137630000,46.693580000,256.000
4.137820000,46.693560000,257.000
4.138080000,46.693540000,258.000
4.138210000,46.693540000,258.000
4.138350000,46.693540000,259.000
4.138490000,46.693560000,259.000
4.138550000,46.693580000,259.000
4.138700000,46.693650000,260.000
4.138780000,46.693670000,260.000
4.138830000,46.693670000,260.000
4.138850000,46.693670000,261.000
4.138960000,46.693660000,261.000
4.139360000,46.693530000,261.000
4.139510000,46.693470000,262.000
4.139810000,46.693400000,262.000
4.139900000,46.693380000,262.000
4.140660000,46.693170000,263.000
4.140890000,46.693110000,263.000
4.141210000,46.693010000,263.000
4.141450000,46.692950000,263.000
4.141610000,46.692910000,264.000
4.145060000,46.692440000,265.000
4.146770000,46.692190000,266.000
4.148740000,46.691910000,269.000
4.149650000,46.691780000,272.000
4.150740000,46.691620000,275.000
4.151080000,46.691540000,277.000
4.151490000,46.691430000,279.000
4.151880000,46.691290000,280.000
4.152140000,46.691170000,281.000
4.152280000,46.691080000,282.000
4.152420000,46.690960000,283.000
4.152520000,46.690850000,284.000
4.152580000,46.690740000,284.000
4.152640000,46.690610000,285.000
4.152660000,46.690480000,285.000
4.152830000,46.689030000,287.000
4.152890000,46.688910000,288.000
4.152960000,46.688750000,288.000
4.153170000,46.688550000,289.000
4.153380000,46.688440000,290.000
4.153630000,46.688340000,291.000
4.154080000,46.688200000,291.000
4.155820000,46.687760000,293.000
4.155880000,46.687750000,294.000
4.160260000,46.686610000,297.000
4.160370000,46.686590000,300.000
4.160690000,46.686520000,302.000
4.161420000,46.686400000,303.000
4.162840000,46.686210000,305.000
4.163190000,46.686150000,307.000
4.163770000,46.686030000,309.000
4.164360000,46.685880000,310.000
4.164800000,46.685790000,311.000
4.165170000,46.685750000,313.000
4.165460000,46.685720000,314.000
4.168200000,46.685590000,317.000
4.168590000,46.685590000,319.000
4.169240000,46.685620000,321.000
4.170590000,46.685710000,323.000
4.171240000,46.685740000,325.000
4.174230000,46.685790000,328.000
4.174780000,46.685800000,330.000
4.175520000,46.685870000,332.000
4.175760000,46.685900000,334.000
4.176040000,46.685920000,335.000
4.177280000,46.686070000,337.000
4.178000000,46.686170000,338.000
4.178520000,46.686260000,339.000
4.178920000,46.686370000,339.000
4.179280000,46.686480000,339.000
4.179660000,46.686640000,339.000
4.180050000,46.686810000,338.000
4.180950000,46.687290000,338.000
4.182580000,46.688190000,337.000
4.183150000,46.688600000,336.000
4.183440000,46.688850000,336.000
4.183790000,46.689230000,337.000
4.184010000,46.689510000,337.000
4.184210000,46.689820000,337.000
4.184550000,46.690410000,338.000
4.184970000,46.691170000,337.000
4.185150000,46.691490000,337.000
4.185710000,46.692470000,336.000
4.185950000,46.692890000,336.000
4.185990000,46.692940000,335.000
4.186100000,46.693080000,335.000
4.186240000,46.693240000,335.000
4.186380000,46.693390000,335.000
4.186450000,46.693460000,335.000
4.187750000,46.694430000,336.000
4.190280000,46.696290000,339.000
4.193130000,46.698370000,344.000
4.194610000,46.699460000,348.000
4.196020000,46.700480000,352.000
4.197550000,46.701630000,354.000
4.197820000,46.701820000,355.000
4.199460000,46.702970000,356.000
4.200000000,46.703300000,357.000
4.200450000,46.703520000,357.000
4.200720000,46.703620000,357.000
4.201240000,46.703780000,356.000
4.201660000,46.703900000,355.000
4.202050000,46.703970000,353.000
4.202530000,46.704020000,352.000
4.203370000,46.704090000,350.000
4.206640000,46.704340000,346.000
4.208400000,46.704480000,344.000
4.211400000,46.704710000,343.000
4.215120000,46.705010000,344.000
4.217150000,46.705160000,344.000
4.217540000,46.705200000,343.000
4.222540000,46.705590000,342.000
4.224770000,46.705770000,341.000
4.224770000,46.705770000,340.000
4.226620000,46.705920000,339.000
4.227400000,46.705980000,339.000
4.230440000,46.706210000,341.000
4.232820000,46.706390000,345.000
4.233160000,46.706430000,348.000
4.233360000,46.706480000,350.000
4.233810000,46.706580000,351.000
4.234090000,46.706650000,352.000
4.235460000,46.707010000,354.000
4.236360000,46.707230000,355.000
4.237490000,46.707600000,356.000
4.239200000,46.708160000,356.000
4.239770000,46.708350000,357.000
4.239860000,46.708370000,357.000
4.244550000,46.709880000,360.000
4.247540000,46.710830000,363.000
4.251920000,46.712220000,365.000
4.253470000,46.712700000,366.000
4.253790000,46.712800000,367.000
4.255390000,46.713310000,367.000
4.257450000,46.713970000,366.000
4.258310000,46.714230000,364.000
4.258980000,46.714440000,362.000
4.259020000,46.714450000,361.000
4.259900000,46.714720000,359.000
4.260230000,46.714830000,358.000
4.260500000,46.714930000,357.000
4.260740000,46.715040000,356.000
4.260970000,46.715160000,355.000
4.261200000,46.715310000,355.000
4.261400000,46.715460000,356.000
4.261720000,46.715720000,357.000
4.261900000,46.715880000,358.000
4.262690000,46.716520000,360.000
4.263140000,46.716900000,362.000
4.263330000,46.717060000,363.000
4.263920000,46.717540000,363.000
4.265670000,46.718960000,364.000
4.265860000,46.719050000,364.000
4.266020000,46.719100000,364.000
4.266170000,46.719130000,363.000
4.266350000,46.719130000,363.000
4.266510000,46.719110000,362.000
4.266660000,46.719070000,361.000
4.266910000,46.718940000,360.000
4.267050000,46.718800000,359.000
4.267410000,46.718450000,358.000
4.267710000,46.718210000,356.000
4.268070000,46.718040000,354.000
4.269180000,46.717670000,352.000
4.269520000,46.717510000,350.000
4.270280000,46.717050000,349.000
4.270600000,46.716890000,347.000
4.271050000,46.716690000,346.000
4.271630000,46.716460000,344.000
4.272340000,46.716220000,343.000
4.273040000,46.716010000,341.000
4.273780000,46.715790000,339.000
4.274360000,46.715650000,337.000
4.275190000,46.715460000,335.000
4.276010000,46.715210000,332.000
4.276680000,46.715010000,331.000
4.277370000,46.714840000,329.000
4.278120000,46.714680000,328.000
4.279050000,46.714470000,327.000
4.279890000,46.714280000,327.000
4.280170000,46.714190000,327.000
4.280340000,46.714100000,327.000
4.280470000,46.714010000,327.000
4.280800000,46.713750000,328.000
4.281380000,46.713160000,329.000
4.282140000,46.712270000,329.000
4.282850000,46.711210000,329.000
4.282970000,46.710990000,329.000
4.283040000,46.710840000,328.000
4.283160000,46.710670000,328.000
4.283540000,46.710280000,327.000
4.284750000,46.709170000,326.000
4.285020000,46.708890000,324.000
4.285070000,46.708850000,323.000
4.285250000,46.708730000,323.000
4.285980000,46.708360000,321.000
4.286670000,46.708020000,320.000
4.286770000,46.707960000,319.000
4.286940000,46.707830000,318.000
4.287180000,46.707610000,317.000
4.287850000,46.706940000,315.000
4.288170000,46.706650000,312.000
4.288360000,46.706540000,310.000
4.288490000,46.706490000,309.000
4.288680000,46.706460000,308.000
4.288850000,46.706440000,307.000
4.289390000,46.706410000,307.000
4.290210000,46.706360000,306.000
4.290390000,46.706350000,305.000
4.290570000,46.706330000,304.000
4.290720000,46.706300000,304.000
4.290900000,46.706240000,304.000
4.291040000,46.706150000,303.000
4.291090000,46.706090000,303.000
4.291340000,46.705750000,303.000
4.291450000,46.705640000,303.000
4.291580000,46.705530000,303.000
4.291780000,46.705400000,303.000
4.292980000,46.704820000,304.000
4.293130000,46.704730000,304.000
4.293280000,46.704680000,304.000
4.293510000,46.704620000,304.000
4.293740000,46.704600000,305.000
4.293960000,46.704610000,305.000
4.294190000,46.704650000,305.000
4.294690000,46.704780000,305.000
4.294970000,46.704860000,306.000
4.295140000,46.704900000,306.000
4.295370000,46.704950000,306.000
4.295560000,46.704980000,306.000
4.295830000,46.704980000,306.000
4.296050000,46.704950000,307.000
4.296310000,46.704890000,307.000
4.296500000,46.704800000,308.000
4.297400000,46.704380000,308.000
4.299310000,46.703450000,310.000
4.299890000,46.703160000,313.000
4.300200000,46.703050000,314.000
4.300350000,46.703000000,316.000
4.300470000,46.703000000,317.000
4.300610000,46.703000000,317.000
4.300830000,46.703020000,318.000
4.301170000,46.703090000,319.000
4.303240000,46.703520000,322.000
4.303450000,46.703530000,324.000
4.303750000,46.703530000,326.000
4.303880000,46.703510000,327.000
4.304240000,46.703440000,328.000
4.304530000,46.703390000,329.000
4.304710000,46.703370000,330.000
4.304940000,46.703360000,331.000
4.305580000,46.703400000,332.000
4.306640000,46.703460000,334.000
4.306790000,46.703450000,335.000
4.306980000,46.703430000,336.000
4.307180000,46.703340000,337.000
4.307390000,46.703210000,337.000
4.307630000,46.702970000,337.000
4.307790000,46.702790000,338.000
4.307890000,46.702710000,338.000
4.307990000,46.702640000,338.000
4.308150000,46.702570000,338.000
4.308290000,46.702540000,338.000
4.308500000,46.702510000,338.000
4.308620000,46.702510000,338.000
4.308730000,46.702510000,338.000
4.309610000,46.702580000,338.000
4.309760000,46.702580000,338.000
4.310000000,46.702580000,337.000
4.310080000,46.702570000,337.000
4.310270000,46.702520000,337.000
4.310450000,46.702460000,337.000
4.310560000,46.702420000,336.000
4.310690000,46.702340000,336.000
4.311000000,46.702160000,336.000
4.311200000,46.701980000,335.000
4.311370000,46.701680000,335.000
4.311540000,46.701460000,336.000
4.311830000,46.701220000,336.000
4.312300000,46.700840000,337.000
4.312930000,46.700410000,338.000
4.313370000,46.700140000,339.000
4.313600000,46.699990000,339.000
4.313800000,46.699880000,339.000
4.313950000,46.699810000,339.000
4.314280000,46.699690000,339.000
4.314860000,46.699500000,339.000
4.315090000,46.699440000,339.000
4.315410000,46.699360000,339.000
4.315590000,46.699330000,339.000
4.315850000,46.699310000,338.000
4.316600000,46.699270000,337.000
4.317360000,46.699230000,336.000
4.318100000,46.699190000,335.000
4.318810000,46.699140000,334.000
4.319080000,46.699120000,333.000
4.319820000,46.699080000,333.000
4.320300000,46.699080000,333.000
4.321380000,46.699170000,332.000
4.323110000,46.699270000,331.000
4.323840000,46.699330000,330.000
4.324010000,46.699340000,330.000
4.324280000,46.699350000,329.000
4.324540000,46.699320000,329.000
4.324620000,46.699300000,328.000
4.324870000,46.699250000,328.000
4.325220000,46.699090000,327.000
4.326270000,46.698610000,326.000
4.326650000,46.698470000,325.000
4.327790000,46.698110000,324.000
4.328430000,46.697910000,324.000
4.330870000,46.697160000,323.000
4.332520000,46.696670000,320.000
4.332940000,46.696610000,318.000
4.333540000,46.696570000,316.000
4.334750000,46.696510000,314.000
4.335070000,46.696510000,313.000
4.335280000,46.696520000,312.000
4.335440000,46.696540000,311.000
4.335710000,46.696590000,310.000
4.335870000,46.696650000,310.000
4.336050000,46.696700000,310.000
4.336320000,46.696780000,309.000
4.336650000,46.696820000,309.000
4.336900000,46.696820000,309.000
4.337090000,46.696780000,309.000
4.337170000,46.696750000,309.000
4.337300000,46.696690000,309.000
4.339530000,46.695470000,310.000
4.340100000,46.695160000,311.000
4.340770000,46.694790000,312.000
4.341620000,46.694290000,312.000
4.341990000,46.694030000,312.000
4.342470000,46.693700000,313.000
4.342660000,46.693570000,313.000
4.342840000,46.693440000,313.000
4.342840000,46.693440000,313.000
4.344040000,46.692620000,314.000
4.344300000,46.692470000,314.000
4.344610000,46.692380000,314.000
4.345180000,46.692330000,313.000
4.345750000,46.692290000,313.000
4.346310000,46.692260000,312.000
4.347210000,46.692210000,311.000
4.348940000,46.692130000,310.000
4.349980000,46.692090000,309.000
4.350670000,46.692040000,308.000
4.350760000,46.692020000,308.000
4.351790000,46.691700000,307.000
4.352580000,46.691460000,306.000
4.352790000,46.691390000,306.000
4.353020000,46.691320000,306.000
4.355130000,46.690790000,307.000
4.355280000,46.690730000,307.000
4.355680000,46.690620000,307.000
4.355820000,46.690600000,307.000
4.355900000,46.690580000,306.000
4.356010000,46.690540000,306.000
4.356050000,46.690500000,306.000
4.356090000,46.690470000,306.000
4.356140000,46.690450000,305.000
4.356200000,46.690440000,305.000
4.356300000,46.690380000,305.000
4.356340000,46.690340000,305.000
4.356370000,46.690280000,304.000
4.356400000,46.690220000,304.000
4.356440000,46.690140000,304.000
4.356500000,46.690040000,303.000
4.356630000,46.689860000,303.000
4.356720000,46.689780000,302.000
4.356840000,46.689610000,302.000
4.357130000,46.689200000,301.000
4.357290000,46.688990000,299.000
4.357640000,46.688520000,298.000
4.357950000,46.688070000,295.000
4.358160000,46.687780000,293.000
4.358200000,46.687740000,291.000
4.358350000,46.687520000,290.000
4.358670000,46.687090000,288.000
4.358930000,46.686720000,287.000
4.359090000,46.686500000,285.000
4.359150000,46.686430000,284.000
4.359740000,46.685610000,283.000
4.359960000,46.685300000,282.000
4.361610000,46.682980000,281.000
4.361980000,46.682540000,280.000
4.362120000,46.682390000,280.000
4.362260000,46.682250000,280.000
4.362520000,46.682010000,279.000
4.363410000,46.681200000,279.000
4.363500000,46.681110000,279.000
4.363520000,46.681090000,279.000
4.363900000,46.680720000,279.000
4.364140000,46.680500000,279.000
4.364330000,46.680310000,279.000
4.364460000,46.680190000,279.000
4.364720000,46.679950000,279.000
4.364730000,46.679940000,279.000
4.364940000,46.679740000,279.000
4.365460000,46.679240000,278.000
4.365450000,46.679060000,278.000
4.365440000,46.678920000,278.000
4.364960000,46.678650000,277.000
4.364820000,46.678550000,277.000
4.364660000,46.678410000,277.000
4.364400000,46.678170000,276.000
4.364130000,46.677900000,276.000
4.363900000,46.677640000,276.000
4.363520000,46.677220000,276.000
4.363410000,46.677110000,276.000
4.362810000,46.676450000,276.000
4.362310000,46.675920000,276.000
4.362040000,46.675610000,277.000
4.361510000,46.675030000,277.000
4.361000000,46.674460000,278.000
4.360910000,46.674390000,278.000
4.360830000,46.674300000,278.000
4.360620000,46.674070000,278.000
4.360530000,46.673930000,278.000
4.360470000,46.673860000,278.000
4.360270000,46.673630000,278.000
4.360190000,46.673550000,278.000
4.360110000,46.673470000,278.000
4.360110000,46.673470000,277.000
4.360100000,46.673450000,277.000
4.359900000,46.673180000,277.000
4.359550000,46.672690000,277.000
4.359450000,46.672530000,277.000
4.359270000,46.672260000,277.000
4.359040000,46.671910000,277.000
4.358690000,46.671400000,277.000
4.358610000,46.671300000,277.000
4.358460000,46.671150000,277.000
4.358510000,46.671120000,277.000
4.358690000,46.671020000,277.000
4.358800000,46.670970000,277.000
4.358860000,46.670950000,278.000
4.359050000,46.670890000,278.000
4.359770000,46.670670000,279.000
4.359820000,46.670660000,279.000
4.360000000,46.670660000,279.000
4.360180000,46.670660000,280.000
4.360290000,46.670680000,280.000
4.360410000,46.670700000,281.000
4.360540000,46.670730000,281.000
4.360760000,46.670860000,281.000
4.360840000,46.670920000,282.000
4.361220000,46.671230000,282.000
4.361290000,46.671290000,283.000
4.361410000,46.671260000,283.000
4.361480000,46.671250000,283.000
4.361600000,46.671260000,283.000
4.361660000,46.671260000,283.000
4.361750000,46.671300000,283.000
4.361820000,46.671350000,283.000
4.361940000,46.671440000,283.000
4.362020000,46.671520000,283.000
4.362210000,46.671690000,283.000
4.362870000,46.672340000,283.000
4.363070000,46.672560000,283.000
4.363500000,46.673020000,284.000
4.363660000,46.673210000,284.000
4.363690000,46.673250000,284.000
4.363930000,46.673510000,284.000
4.364040000,46.673640000,284.000
4.364150000,46.673760000,284.000
4.364250000,46.673870000,285.000
4.364290000,46.673920000,285.000
4.364300000,46.673940000,285.000
4.364360000,46.674010000,285.000
4.364850000,46.674560000,285.000
4.364850000,46.674560000,285.000
4.365070000,46.674810000,285.000
4.365120000,46.674860000,286.000
4.365210000,46.674960000,286.000
4.365400000,46.675180000,286.000
4.365500000,46.675290000,286.000
4.365550000,46.675340000,286.000
4.365730000,46.675530000,286.000
4.365910000,46.675730000,287.000
4.366070000,46.675910000,287.000
4.366150000,46.675980000,287.000
4.366290000,46.675920000,287.000
4.366420000,46.675860000,287.000
4.366670000,46.675760000,287.000
4.366800000,46.675710000,288.000
4.366890000,46.675670000,288.000
4.367560000,46.675380000,288.000
4.367630000,46.675360000,289.000
4.367900000,46.675250000,289.000
4.367900000,46.675250000,290.000
4.368450000,46.675030000,290.000
4.368620000,46.674960000,290.000
4.368710000,46.674930000,291.000
4.368820000,46.674900000,291.000
4.368960000,46.674900000,291.000
4.369170000,46.674900000,292.000
4.369370000,46.674900000,292.000
4.369560000,46.674890000,292.000
4.369750000,46.674870000,293.000
4.369900000,46.674840000,293.000
4.370410000,46.674710000,293.000
4.370470000,46.674700000,294.000
4.370510000,46.674690000,294.000
4.370830000,46.674600000,295.000
4.371010000,46.674550000,295.000
4.371210000,46.674500000,295.000
4.371470000,46.674430000,296.000
4.372170000,46.674240000,296.000
4.372280000,46.674210000,297.000
4.372380000,46.674190000,297.000
4.373760000,46.673810000,298.000
4.373780000,46.673810000,298.000
4.373910000,46.673770000,299.000
4.373990000,46.673830000,299.000
4.374010000,46.673850000,299.000
4.374160000,46.673970000,299.000
4.374230000,46.674040000,299.000
4.374290000,46.674090000,299.000
4.374290000,46.674090000,299.000
4.374350000,46.674140000,299.000
4.374440000,46.674220000,299.000
4.374550000,46.674320000,299.000
4.374610000,46.674330000,299.000
4.374800000,46.674500000,298.000
4.374970000,46.674660000,298.000
4.375530000,46.675160000,298.000
4.375640000,46.675240000,297.000
4.375800000,46.675300000,297.000
4.375840000,46.675310000,296.000
4.375990000,46.675350000,296.000
4.376100000,46.675390000,295.000
4.376160000,46.675390000,295.000
4.376290000,46.675410000,294.000
4.376410000,46.675450000,294.000
4.376500000,46.675520000,293.000
4.376550000,46.675610000,293.000
4.376570000,46.675700000,292.000
4.376560000,46.675750000,292.000
4.376590000,46.675970000,291.000
4.376590000,46.675980000,291.000
4.376620000,46.676090000,290.000
4.376730000,46.676290000,289.000
4.377170000,46.676700000,288.000
4.377200000,46.676730000,287.000
4.377390000,46.676890000,286.000
4.377560000,46.677040000,286.000
4.377860000,46.677260000,287.000
4.378070000,46.677390000,288.000
4.378260000,46.677500000,289.000
4.378380000,46.677570000,289.000
4.378580000,46.677690000,290.000
4.378740000,46.677810000,291.000
4.378830000,46.677900000,292.000
4.379100000,46.678140000,293.000
4.379580000,46.678580000,294.000
4.379610000,46.678610000,295.000
4.380880000,46.679780000,297.000
4.380970000,46.679860000,298.000
4.381020000,46.679910000,299.000
4.381200000,46.680100000,300.000
4.381600000,46.680510000,301.000
4.382190000,46.681120000,302.000
4.382480000,46.681340000,303.000
4.382780000,46.681570000,303.000
4.382980000,46.681690000,304.000
4.383230000,46.681830000,304.000
4.383480000,46.681960000,304.000
4.383510000,46.681970000,304.000
4.383620000,46.682030000,304.000
4.383730000,46.682090000,304.000
4.383850000,46.682160000,304.000
4.384080000,46.682320000,304.000
4.384190000,46.682390000,304.000
4.384950000,46.682880000,304.000
4.385780000,46.683390000,305.000
4.385780000,46.683390000,305.000
4.386020000,46.683530000,305.000
4.386440000,46.683780000,306.000
4.386780000,46.683970000,306.000
4.387450000,46.684300000,307.000
4.387950000,46.684510000,307.000
4.388380000,46.684680000,308.000
4.388800000,46.684810000,308.000
4.389200000,46.684930000,309.000
4.389550000,46.685010000,309.000
4.389810000,46.685060000,309.000
4.390090000,46.685100000,310.000
4.390350000,46.685120000,310.000
4.390410000,46.685120000,310.000
4.390460000,46.685490000,310.000
4.390490000,46.685860000,309.000
4.390510000,46.686050000,309.000
4.390560000,46.686520000,308.000
4.390580000,46.686640000,308.000
4.390600000,46.686820000,307.000
4.390630000,46.687030000,307.000
4.390800000,46.688490000,306.000
4.390810000,46.688590000,306.000
4.390810000,46.688670000,305.000
4.390860000,46.688680000,305.000
4.390910000,46.688700000,305.000
4.390940000,46.688720000,305.000
4.390950000,46.688760000,305.000
4.390940000,46.688790000,305.000
4.390920000,46.688820000,305.000
4.390910000,46.688830000,305.000
4.390890000,46.688940000,305.000
4.390890000,46.689170000,306.000
4.391060000,46.690590000,308.000
4.391070000,46.690620000,309.000
4.391090000,46.690790000,309.000
4.391120000,46.691050000,309.000
4.391220000,46.691890000,308.000
4.391290000,46.692470000,307.000
4.391360000,46.693100000,304.000
4.391380000,46.693270000,302.000
4.391430000,46.693730000,300.000
4.391440000,46.693780000,298.000
4.391450000,46.693960000,297.000
4.391460000,46.694100000,296.000
4.391460000,46.694140000,295.000
4.391460000,46.694170000,294.000
4.391470000,46.694220000,293.000
4.391510000,46.694620000,292.000
4.391560000,46.695210000,290.000
4.391570000,46.695260000,289.000
4.391550000,46.695340000,289.000
4.391470000,46.695560000,288.000
4.391420000,46.695660000,287.000
4.391330000,46.695880000,286.000
4.391390000,46.695890000,286.000
4.391490000,46.695900000,285.000
4.391730000,46.695940000,285.000
4.391870000,46.695960000,284.000
4.391990000,46.695970000,284.000
4.392040000,46.695980000,284.000
4.392600000,46.695990000,283.000
4.393120000,46.695920000,282.000
4.393380000,46.695880000,282.000
4.393520000,46.695880000,282.000
4.393650000,46.695880000,281.000
4.393840000,46.695890000,281.000
4.394010000,46.695910000,281.000
4.394190000,46.695930000,281.000
4.394370000,46.695960000,281.000
4.394710000,46.696020000,281.000
4.395040000,46.696080000,281.000
4.395160000,46.696120000,281.000
4.395270000,46.696160000,281.000
4.395460000,46.696300000,281.000
4.395540000,46.696380000,281.000
4.395600000,46.696470000,281.000
4.396270000,46.697720000,281.000
4.396390000,46.697930000,282.000
4.396570000,46.698150000,282.000
4.396900000,46.698450000,282.000
4.397560000,46.698890000,282.000
4.397840000,46.699070000,282.000
4.398000000,46.699140000,282.000
4.398150000,46.699180000,282.000
4.398210000,46.699200000,283.000
4.398210000,46.699200000,283.000
4.398430000,46.699240000,283.000
4.398560000,46.699250000,283.000
4.398700000,46.699250000,283.000
4.398960000,46.699230000,283.000
4.399210000,46.699190000,283.000
4.399380000,46.699170000,284.000
4.399560000,46.699100000,284.000
4.399840000,46.698950000,284.000
4.400340000,46.698550000,285.000
4.401940000,46.697260000,284.000
4.402050000,46.697200000,284.000
4.402290000,46.697110000,283.000
4.402570000,46.697050000,283.000
4.402840000,46.697050000,283.000
4.403010000,46.697070000,283.000
4.403170000,46.697090000,283.000
4.403320000,46.697130000,283.000
4.403470000,46.697190000,283.000
4.404030000,46.697430000,283.000
4.405180000,46.698020000,284.000
4.406630000,46.699030000,283.000
4.406960000,46.699230000,283.000
4.407100000,46.699290000,282.000
4.407230000,46.699340000,282.000
4.407440000,46.699390000,282.000
4.407630000,46.699450000,282.000
4.407820000,46.699530000,282.000
4.408400000,46.699750000,282.000
4.408720000,46.699860000,283.000
4.409110000,46.699950000,283.000
4.410390000,46.700070000,283.000
4.410750000,46.700090000,284.000
4.411110000,46.700070000,284.000
4.411530000,46.700020000,285.000
4.411760000,46.700010000,285.000
4.411980000,46.700020000,286.000
4.412200000,46.700050000,286.000
4.412400000,46.700120000,286.000
4.412780000,46.700250000,287.000
4.412980000,46.700340000,287.000
4.413150000,46.700430000,287.000
4.413440000,46.700590000,287.000
4.413620000,46.700740000,287.000
4.413770000,46.700890000,286.000
4.413960000,46.701230000,286.000
4.414170000,46.701510000,285.000
4.414280000,46.701620000,285.000
4.414390000,46.701730000,284.000
4.414690000,46.701940000,284.000
4.414900000,46.702080000,283.000
4.415120000,46.702200000,283.000
4.415300000,46.702300000,283.000
4.415510000,46.702400000,283.000
4.415740000,46.702490000,283.000
4.416250000,46.702640000,283.000
4.418180000,46.703170000,284.000
4.419220000,46.703460000,284.000
4.419220000,46.703460000,285.000
4.419820000,46.703630000,285.000
4.420000000,46.703680000,285.000
4.420160000,46.703760000,286.000
4.420340000,46.703850000,286.000
4.420500000,46.703970000,286.000
4.421040000,46.704440000,286.000
4.421280000,46.704610000,287.000
4.421570000,46.704750000,287.000
4.422700000,46.705280000,287.000
4.423800000,46.705870000,287.000
4.424280000,46.706150000,287.000
4.424410000,46.706240000,287.000
4.424790000,46.706460000,287.000
4.425200000,46.706710000,287.000
4.425500000,46.706860000,287.000
4.425800000,46.707020000,288.000
4.426250000,46.707240000,289.000
4.426500000,46.707360000,289.000
4.426640000,46.707400000,290.000
4.426750000,46.707420000,290.000
4.426960000,46.707440000,291.000
4.427170000,46.707440000,291.000
4.427600000,46.707440000,291.000
4.427830000,46.707480000,291.000
4.428040000,46.707550000,290.000
4.428280000,46.707660000,290.000
4.428490000,46.707780000,290.000
4.428710000,46.707920000,289.000
4.428890000,46.708070000,289.000
4.429030000,46.708240000,289.000
4.429080000,46.708320000,288.000
4.429120000,46.708480000,288.000
4.429150000,46.708730000,288.000
4.429190000,46.709010000,288.000
4.429240000,46.709130000,289.000
4.429360000,46.709310000,289.000
4.429490000,46.709460000,289.000
4.429810000,46.709780000,290.000
4.429990000,46.709920000,290.000
4.430230000,46.710070000,291.000
4.430550000,46.710230000,291.000
4.431220000,46.710480000,291.000
4.432010000,46.710720000,291.000
4.432300000,46.710790000,291.000
4.432540000,46.710840000,290.000
4.433460000,46.710930000,290.000
4.433660000,46.710960000,290.000
4.433870000,46.711030000,290.000
4.434500000,46.711320000,289.000
4.434770000,46.711430000,289.000
4.435680000,46.711730000,289.000
4.435900000,46.711800000,289.000
4.436120000,46.711850000,289.000
4.437110000,46.712030000,289.000
4.437600000,46.712120000,289.000
4.438100000,46.712210000,289.000
4.438320000,46.712260000,289.000
4.438530000,46.712320000,289.000
4.438740000,46.712390000,288.000
4.438930000,46.712500000,288.000
4.439580000,46.712960000,288.000
4.439920000,46.713150000,288.000
4.440270000,46.713340000,288.000
4.440400000,46.713460000,288.000
4.440480000,46.713610000,288.000
4.440490000,46.713750000,288.000
4.440450000,46.713900000,288.000
4.439900000,46.715190000,288.000
4.439840000,46.715380000,289.000
4.439800000,46.715600000,289.000
4.439790000,46.715730000,289.000
4.439780000,46.715880000,289.000
4.439810000,46.716090000,290.000
4.440100000,46.716730000,290.000
4.440330000,46.717390000,290.000
4.440420000,46.717540000,290.000
4.440670000,46.717710000,290.000
4.440880000,46.717770000,291.000
4.441090000,46.717810000,291.000
4.441670000,46.717910000,291.000
4.441980000,46.717990000,291.000
4.442290000,46.718110000,292.000
4.442550000,46.718260000,292.000
4.442820000,46.718430000,292.000
4.443010000,46.718630000,292.000
4.443190000,46.718860000,292.000
4.443490000,46.719370000,292.000
4.443530000,46.719440000,292.000
4.443570000,46.719530000,292.000
4.443600000,46.719660000,292.000
4.443620000,46.719790000,292.000
4.443640000,46.719900000,292.000
4.443680000,46.720000000,292.000
4.443750000,46.720110000,292.000
4.443810000,46.720200000,292.000
4.443850000,46.720240000,292.000
4.443950000,46.720330000,292.000
4.443930000,46.720340000,292.000
4.443960000,46.720370000,292.000
4.444020000,46.720400000,292.000
4.444200000,46.720530000,292.000
4.444210000,46.720540000,292.000
4.444570000,46.720790000,292.000
4.444740000,46.720910000,293.000
4.444760000,46.720920000,293.000
4.444950000,46.721040000,293.000
4.445140000,46.721160000,293.000
4.445180000,46.721190000,293.000
4.445380000,46.721290000,293.000
4.445580000,46.721350000,293.000
4.445580000,46.721360000,293.000
4.445610000,46.721360000,293.000
4.445800000,46.721400000,294.000
4.446020000,46.721420000,294.000
4.446090000,46.721420000,294.000
4.446260000,46.721420000,294.000
4.446580000,46.721400000,294.000
4.447130000,46.721330000,294.000
4.447140000,46.721330000,294.000
4.447390000,46.721320000,294.000
4.447450000,46.721320000,294.000
4.447650000,46.721320000,294.000
4.447680000,46.721320000,294.000
4.447910000,46.721360000,294.000
4.448160000,46.721410000,294.000
4.448180000,46.721410000,294.000
4.448400000,46.721470000,294.000
4.448700000,46.721580000,294.000
4.448860000,46.721660000,294.000
4.448980000,46.721700000,294.000
4.449150000,46.721770000,294.000
4.449310000,46.721870000,294.000
4.449450000,46.722000000,294.000
4.449460000,46.722000000,294.000
4.449510000,46.722050000,294.000
4.449600000,46.722140000,294.000
4.449760000,46.722300000,294.000
4.449800000,46.722330000,294.000
4.450180000,46.722710000,294.000
4.450210000,46.722730000,294.000
4.450210000,46.722740000,294.000
4.450230000,46.722760000,294.000
4.450440000,46.722980000,294.000
4.450440000,46.722980000,294.000
4.450490000,46.723030000,294.000
4.450500000,46.723040000,294.000
4.450550000,46.723100000,294.000
4.450730000,46.723280000,294.000
4.450790000,46.723330000,294.000
4.450870000,46.723400000,293.000
4.450960000,46.723470000,293.000
4.451020000,46.723500000,293.000
4.451220000,46.723600000,293.000
4.451500000,46.723680000,293.000
4.451630000,46.723720000,293.000
4.451650000,46.723720000,292.000
4.451660000,46.723720000,292.000
4.452180000,46.723850000,292.000
4.452390000,46.723920000,292.000
4.452420000,46.723930000,292.000
4.452480000,46.723950000,292.000
4.452620000,46.724000000,292.000
4.452820000,46.724070000,292.000
4.452830000,46.724070000,292.000
4.452860000,46.724080000,292.000
4.453270000,46.724250000,292.000
4.453300000,46.724260000,292.000
4.453770000,46.724420000,292.000
4.453780000,46.724420000,292.000
4.453970000,46.724490000,292.000
4.454010000,46.724500000,292.000
4.454660000,46.724750000,292.000
4.455160000,46.724930000,292.000
4.455420000,46.725020000,293.000
4.456010000,46.725240000,293.000
4.456040000,46.725250000,293.000
4.456070000,46.725260000,293.000
4.456090000,46.725260000,293.000
4.456100000,46.725270000,293.000
4.456320000,46.725350000,293.000
4.456560000,46.725430000,293.000
4.456780000,46.725510000,293.000
4.457030000,46.725600000,293.000
4.457240000,46.725670000,293.000
4.457250000,46.725680000,293.000
4.457260000,46.725680000,294.000
4.457450000,46.725740000,294.000
4.457490000,46.725760000,294.000
4.457500000,46.725760000,294.000
4.457720000,46.725840000,294.000
4.457870000,46.725900000,294.000
4.457880000,46.725890000,294.000
4.457940000,46.725910000,294.000
4.458610000,46.726180000,294.000
4.459450000,46.726570000,294.000
4.461190000,46.727360000,295.000
4.461360000,46.727420000,295.000
4.461680000,46.727530000,296.000
4.461730000,46.727560000,296.000
4.461770000,46.727590000,296.000
4.461800000,46.727620000,296.000
4.461860000,46.727600000,297.000
4.461930000,46.727590000,297.000
4.461990000,46.727590000,297.000
4.462070000,46.727600000,297.000
4.462330000,46.727650000,297.000
4.462410000,46.727670000,298.000
4.462450000,46.727670000,298.000
4.462480000,46.727670000,298.000
4.462510000,46.727660000,298.000
4.462530000,46.727650000,298.000
4.462550000,46.727630000,298.000
4.462610000,46.727510000,299.000
4.462620000,46.727490000,299.000
4.462640000,46.727480000,299.000
4.462690000,46.727470000,299.000
4.462760000,46.727470000,299.000
4.462850000,46.727470000,299.000
4.462950000,46.727460000,299.000
4.463080000,46.727450000,300.000
4.463380000,46.727430000,300.000
4.463850000,46.727390000,301.000
4.464250000,46.727360000,301.000
4.467500000,46.727090000,302.000
4.470030000,46.726900000,302.000
4.470250000,46.726880000,301.000
4.470270000,46.726880000,301.000
4.470370000,46.726870000,301.000
4.472800000,46.726660000,305.000
4.477380000,46.726240000,314.000
4.479430000,46.726050000,322.000
4.479660000,46.726030000,328.000
4.479920000,46.726010000,332.000
4.480640000,46.725940000,335.000
4.481300000,46.725880000,338.000
4.481470000,46.725870000,341.000
4.482660000,46.725760000,343.000
4.482770000,46.725750000,345.000
4.482940000,46.725740000,347.000
4.483120000,46.725720000,348.000
4.483280000,46.725710000,349.000
4.483830000,46.725660000,349.000
4.484080000,46.725650000,350.000
4.484340000,46.725620000,350.000
4.484490000,46.725610000,351.000
4.484500000,46.725610000,351.000
4.485040000,46.725560000,351.000
4.485500000,46.725520000,352.000
4.485850000,46.725480000,352.000
4.485860000,46.725480000,352.000
4.486900000,46.725380000,353.000
4.487900000,46.725280000,353.000
4.489130000,46.725180000,354.000
4.489310000,46.725170000,355.000
4.489590000,46.725140000,355.000
4.489790000,46.725110000,356.000
4.489940000,46.725070000,357.000
4.490060000,46.725030000,357.000
4.490150000,46.724990000,358.000
4.490440000,46.724830000,358.000
4.490560000,46.724750000,359.000
4.490770000,46.724610000,360.000
4.490940000,46.724500000,361.000
4.492260000,46.723680000,363.000
4.492350000,46.723620000,365.000
4.492940000,46.723240000,367.000
4.493370000,46.723080000,368.000
4.493710000,46.723010000,369.000
4.494350000,46.722980000,371.000
4.495750000,46.722990000,372.000
4.495930000,46.722990000,373.000
4.497870000,46.723000000,375.000
4.497870000,46.723000000,376.000
4.498200000,46.723010000,377.000
4.498840000,46.723010000,378.000
4.500020000,46.723010000,379.000
4.501680000,46.723010000,380.000
4.501860000,46.723010000,381.000
4.508310000,46.723040000,383.000
4.509140000,46.723040000,385.000
4.509430000,46.723060000,387.000
4.509740000,46.723100000,389.000
4.510100000,46.723190000,391.000
4.510660000,46.723330000,393.000
4.511540000,46.723550000,395.000
4.512580000,46.723810000,397.000
4.513890000,46.724140000,398.000
4.514630000,46.724320000,398.000
4.514770000,46.724360000,398.000
4.515340000,46.724520000,397.000
4.515690000,46.724620000,396.000
4.515970000,46.724710000,395.000
4.516160000,46.724780000,394.000
4.516390000,46.724880000,393.000
4.516560000,46.724950000,392.000
4.518120000,46.725710000,389.000
4.518570000,46.725930000,388.000
4.519310000,46.726290000,388.000
4.519550000,46.726400000,388.000
4.520810000,46.727020000,390.000
4.521450000,46.727340000,391.000
4.521670000,46.727450000,392.000
4.521860000,46.727570000,393.000
4.522180000,46.727800000,394.000
4.522810000,46.728260000,394.000
4.522870000,46.728300000,395.000
4.526840000,46.731400000,394.000
4.530280000,46.734080000,396.000
4.530520000,46.734270000,398.000
4.530670000,46.734380000,399.000
4.530850000,46.734500000,400.000
4.531030000,46.734580000,401.000
4.531360000,46.734720000,402.000
4.533370000,46.735490000,406.000
4.533630000,46.735590000,408.000
4.533830000,46.735650000,410.000
4.534040000,46.735700000,412.000
4.534280000,46.735750000,413.000
4.534910000,46.735850000,415.000
4.535600000,46.735950000,417.000
4.539200000,46.736400000,423.000
4.540490000,46.736570000,427.000
4.540710000,46.736600000,430.000
4.541710000,46.736720000,433.000
4.542550000,46.736830000,435.000
4.543070000,46.736910000,435.000
4.543500000,46.736980000,435.000
4.544100000,46.737080000,435.000
4.544630000,46.737170000,434.000
4.546900000,46.737580000,431.000
4.548260000,46.737840000,430.000
4.548700000,46.737920000,430.000
4.549020000,46.737970000,430.000
4.549220000,46.737990000,430.000
4.549390000,46.738000000,431.000
4.549690000,46.738010000,431.000
4.550560000,46.738010000,431.000
4.550830000,46.738020000,431.000
4.551650000,46.738010000,430.000
4.551730000,46.738010000,429.000
4.551800000,46.738010000,429.000
4.552120000,46.738010000,428.000
4.552490000,46.737990000,428.000
4.553020000,46.737930000,427.000
4.553490000,46.737850000,427.000
4.554140000,46.737700000,427.000
4.555120000,46.737540000,427.000
4.556100000,46.737380000,427.000
4.556310000,46.737350000,428.000
4.557540000,46.737130000,428.000
4.557710000,46.737100000,429.000
4.558100000,46.737040000,430.000
4.558510000,46.737010000,431.000
4.558690000,46.737000000,432.000
4.559190000,46.736980000,433.000
4.559380000,46.736970000,433.000
4.560770000,46.736900000,435.000
4.560880000,46.736890000,436.000
4.561200000,46.736870000,437.000
4.561890000,46.736830000,437.000
4.562620000,46.736790000,438.000
4.562620000,46.736750000,438.000
4.562620000,46.736720000,438.000
4.562670000,46.736650000,438.000
4.562910000,46.736350000,438.000
4.563320000,46.735870000,438.000
4.563670000,46.735480000,438.000
4.563980000,46.735100000,438.000
4.564070000,46.734990000,438.000
4.564270000,46.734750000,438.000
4.564860000,46.734060000,439.000
4.564960000,46.733950000,439.000
4.565880000,46.732870000,441.000
4.566040000,46.732680000,442.000
4.566420000,46.732240000,444.000
4.566450000,46.732200000,444.000
4.566460000,46.732190000,445.000
4.566550000,46.732090000,445.000
4.566680000,46.731930000,445.000
4.567040000,46.731520000,444.000
4.567500000,46.731020000,442.000
4.567590000,46.730910000,440.000
4.567700000,46.730830000,439.000
4.567820000,46.730760000,437.000
4.567950000,46.730690000,436.000
4.568100000,46.730640000,435.000
4.568540000,46.730520000,434.000
4.569270000,46.730330000,431.000
4.569450000,46.730270000,429.000
4.569580000,46.730210000,427.000
4.569660000,46.730150000,425.000
4.569740000,46.730080000,424.000
4.569820000,46.729970000,423.000
4.569890000,46.729840000,422.000
4.570160000,46.729280000,419.000
4.570240000,46.729120000,417.000
4.570310000,46.729040000,416.000
4.570400000,46.728980000,415.000
4.570520000,46.728940000,414.000
4.570630000,46.728920000,413.000
4.570760000,46.728930000,413.000
4.570860000,46.728950000,413.000
4.570990000,46.728990000,412.000
4.571610000,46.729230000,412.000
4.571720000,46.729260000,411.000
4.571840000,46.729280000,411.000
4.571970000,46.729270000,411.000
4.572120000,46.729230000,411.000
4.572210000,46.729180000,410.000
4.572290000,46.729120000,410.000
4.572330000,46.729060000,410.000
4.572340000,46.728980000,410.000
4.572330000,46.728900000,409.000
4.572300000,46.728810000,408.000
4.572080000,46.728240000,406.000
4.572050000,46.728140000,404.000
4.572030000,46.728050000,403.000
4.572040000,46.727960000,402.000
4.572070000,46.727890000,401.000
4.572110000,46.727820000,400.000
4.572170000,46.727770000,399.000
4.572260000,46.727720000,398.000
4.572360000,46.727670000,397.000
4.572460000,46.727650000,397.000
4.572590000,46.727630000,396.000
4.572890000,46.727620000,395.000
4.573010000,46.727610000,394.000
4.573110000,46.727590000,393.000
4.573210000,46.727550000,392.000
4.573310000,46.727500000,391.000
4.573410000,46.727420000,391.000
4.573590000,46.727190000,389.000
4.574260000,46.726290000,386.000
4.574350000,46.726190000,383.000
4.574380000,46.726170000,381.000
4.574440000,46.726130000,380.000
4.574470000,46.726110000,379.000
4.574560000,46.726060000,378.000
4.574670000,46.726000000,377.000
4.574820000,46.725950000,377.000
4.575130000,46.725840000,376.000
4.576020000,46.725560000,374.000
4.576760000,46.725330000,372.000
4.577440000,46.725120000,370.000
4.578300000,46.724850000,368.000
4.578920000,46.724650000,366.000
4.579650000,46.724420000,364.000
4.579940000,46.724330000,362.000
4.580180000,46.724260000,361.000
4.580280000,46.724230000,359.000
4.580380000,46.724220000,359.000
4.580540000,46.724210000,358.000
4.580680000,46.724210000,357.000
4.580810000,46.724220000,357.000
4.580960000,46.724240000,356.000
4.581110000,46.724270000,355.000
4.581210000,46.724300000,355.000
4.581320000,46.724340000,354.000
4.581830000,46.724520000,353.000
4.582090000,46.724620000,352.000
4.582330000,46.724700000,352.000
4.582550000,46.724760000,351.000
4.582790000,46.724820000,350.000
4.584890000,46.725250000,349.000
4.585070000,46.725280000,347.000
4.585220000,46.725300000,346.000
4.585350000,46.725310000,345.000
4.585490000,46.725310000,344.000
4.585680000,46.725310000,343.000
4.585910000,46.725300000,343.000
4.586920000,46.725200000,340.000
4.587420000,46.725150000,338.000
4.587620000,46.725120000,336.000
4.587680000,46.725120000,335.000
4.587940000,46.725080000,334.000
4.589460000,46.724800000,331.000
4.590150000,46.724670000,329.000
4.590900000,46.724540000,326.000
4.591350000,46.724470000,324.000
4.591620000,46.724410000,323.000
4.591800000,46.724370000,322.000
4.592290000,46.724220000,320.000
4.592640000,46.724130000,319.000
4.592800000,46.724110000,318.000
4.592920000,46.724100000,317.000
4.593030000,46.724110000,317.000
4.593110000,46.724120000,316.000
4.593210000,46.724150000,316.000
4.593400000,46.724200000,315.000
4.593570000,46.724240000,315.000
4.593710000,46.724250000,315.000
4.593860000,46.724240000,314.000
4.594010000,46.724210000,314.000
4.594220000,46.724160000,313.000
4.596140000,46.723540000,311.000
4.596470000,46.723440000,309.000
4.596470000,46.723440000,308.000
4.598050000,46.722940000,305.000
4.599030000,46.722620000,302.000
4.599870000,46.722370000,300.000
4.600020000,46.722320000,298.000
4.600160000,46.722300000,296.000
4.600280000,46.722290000,295.000
4.600400000,46.722290000,294.000
4.600550000,46.722310000,294.000
4.600790000,46.722350000,293.000
4.600960000,46.722390000,292.000
4.601640000,46.722560000,291.000
4.601860000,46.722620000,291.000
4.602010000,46.722660000,290.000
4.602040000,46.722670000,290.000
4.602230000,46.722710000,290.000
4.602380000,46.722720000,290.000
4.602440000,46.722710000,290.000
4.602520000,46.722710000,290.000
4.602650000,46.722690000,290.000
4.602790000,46.722640000,290.000
4.602920000,46.722580000,290.000
4.603020000,46.722530000,290.000
4.603770000,46.721950000,290.000
4.604540000,46.721360000,291.000
4.604960000,46.721040000,292.000
4.605150000,46.720880000,293.000
4.605340000,46.720730000,294.000
4.605390000,46.720670000,294.000
4.606010000,46.720080000,295.000
4.606260000,46.719840000,296.000
4.606540000,46.719590000,296.000
4.606810000,46.719360000,297.000
4.607060000,46.719190000,297.000
4.607360000,46.719010000,297.000
4.608700000,46.718270000,297.000
4.610030000,46.717530000,297.000
4.610630000,46.717210000,297.000
4.610900000,46.717070000,297.000
4.611110000,46.716970000,297.000
4.611360000,46.716880000,297.000
4.611830000,46.716710000,297.000
4.611870000,46.716700000,297.000
4.612610000,46.716420000,297.000
4.613530000,46.716080000,297.000
4.613980000,46.715890000,297.000
4.614600000,46.715620000,298.000
4.615370000,46.715300000,300.000
4.615950000,46.715030000,302.000
4.616480000,46.714810000,303.000
4.616730000,46.714720000,304.000
4.617020000,46.714630000,304.000
4.617360000,46.714530000,303.000
4.617430000,46.714500000,303.000
4.619050000,46.714010000,302.000
4.619570000,46.713850000,300.000
4.620710000,46.713510000,300.000
4.621010000,46.713410000,299.000
4.621270000,46.713320000,299.000
4.621520000,46.713220000,298.000
4.621740000,46.713110000,298.000
4.621980000,46.712980000,298.000
4.622150000,46.712850000,298.000
4.622260000,46.712730000,298.000
4.622390000,46.712530000,298.000
4.622550000,46.712270000,298.000
4.622580000,46.712220000,298.000
4.622610000,46.712180000,298.000
4.622650000,46.712110000,298.000
4.622980000,46.711580000,298.000
4.623120000,46.711330000,297.000
4.623160000,46.711260000,297.000
4.623220000,46.711150000,297.000
4.623270000,46.711020000,297.000
4.623310000,46.710870000,297.000
4.623320000,46.710710000,297.000
4.623300000,46.710160000,297.000
4.623310000,46.710120000,297.000
4.623350000,46.709970000,297.000
4.623420000,46.709820000,297.000
4.623490000,46.709730000,296.000
4.623590000,46.709650000,296.000
4.623740000,46.709580000,296.000
4.623970000,46.709520000,295.000
4.624020000,46.709510000,295.000
4.625100000,46.709250000,294.000
4.625370000,46.709200000,292.000
4.625530000,46.709180000,291.000
4.625740000,46.709160000,291.000
4.625890000,46.709160000,290.000
4.626300000,46.709140000,289.000
4.626790000,46.709110000,287.000
4.626960000,46.709100000,285.000
4.627190000,46.709110000,283.000
4.627760000,46.709140000,281.000
4.628710000,46.709200000,278.000
4.628900000,46.709200000,275.000
4.629070000,46.709190000,274.000
4.629240000,46.709170000,273.000
4.629320000,46.709160000,272.000
4.629940000,46.709050000,272.000
4.630140000,46.709010000,271.000
4.630690000,46.708910000,271.000
4.630790000,46.708900000,271.000
4.630820000,46.708900000,271.000
4.630880000,46.708900000,271.000
4.630950000,46.708920000,271.000
4.630980000,46.708930000,271.000
4.631050000,46.708980000,271.000
4.631120000,46.709060000,271.000
4.631560000,46.709570000,271.000
4.631810000,46.709860000,272.000
4.631880000,46.709940000,272.000
4.632080000,46.710170000,273.000
4.632260000,46.710360000,274.000
4.632370000,46.710470000,275.000
4.632460000,46.710530000,275.000
4.632580000,46.710600000,276.000
4.632750000,46.710680000,276.000
4.632940000,46.710760000,277.000
4.633160000,46.710850000,278.000
4.633880000,46.711130000,279.000
4.634050000,46.711190000,280.000
4.634160000,46.711210000,281.000
4.634270000,46.711220000,282.000
4.634390000,46.711220000,283.000
4.634530000,46.711210000,284.000
4.635570000,46.711120000,286.000
4.637590000,46.710950000,291.000
4.638760000,46.710850000,295.000
4.638820000,46.710850000,298.000
4.638940000,46.710850000,299.000
4.639050000,46.710850000,301.000
4.639190000,46.710850000,301.000
4.639220000,46.710850000,302.000
4.639370000,46.710860000,302.000
4.639700000,46.710880000,303.000
4.642400000,46.711080000,304.000
4.643130000,46.711140000,306.000
4.644620000,46.711250000,309.000
4.645050000,46.711290000,312.000
4.645860000,46.711370000,315.000
4.646650000,46.711450000,317.000
4.647190000,46.711490000,320.000
4.647960000,46.711530000,322.000
4.648630000,46.711550000,324.000
4.649210000,46.711560000,326.000
4.649890000,46.711560000,328.000
4.650810000,46.711560000,330.000
4.652610000,46.711550000,332.000
4.653680000,46.711550000,335.000
4.653990000,46.711550000,337.000
4.654280000,46.711590000,338.000
4.654740000,46.711690000,340.000
4.656040000,46.712020000,343.000
4.656300000,46.712090000,345.000
4.656740000,46.712270000,348.000
4.657380000,46.712620000,351.000
4.658040000,46.712990000,355.000
4.658460000,46.713230000,358.000
4.658920000,46.713420000,361.000
4.659750000,46.713680000,363.000
4.660490000,46.713880000,365.000
4.660690000,46.713940000,366.000
4.660910000,46.713990000,367.000
4.661290000,46.714060000,368.000
4.661700000,46.714130000,370.000
4.662340000,46.714230000,371.000
4.662530000,46.714270000,372.000
4.662760000,46.714330000,373.000
4.663060000,46.714410000,374.000
4.663470000,46.714560000,375.000
4.664020000,46.714770000,375.000
4.664670000,46.715030000,376.000
4.664720000,46.715050000,376.000
4.664920000,46.715120000,377.000
4.665010000,46.715160000,377.000
4.665150000,46.715210000,377.000
4.665250000,46.715250000,377.000
4.665350000,46.715270000,377.000
4.665470000,46.715290000,377.000
4.665630000,46.715300000,378.000
4.667240000,46.715280000,378.000
4.667930000,46.715280000,378.000
4.668750000,46.715280000,377.000
4.669200000,46.715280000,377.000
4.669410000,46.715280000,376.000
4.669570000,46.715270000,376.000
4.669710000,46.715250000,375.000
4.669860000,46.715200000,375.000
4.670000000,46.715150000,375.000
4.670110000,46.715080000,374.000
4.670210000,46.715000000,373.000
4.670280000,46.714900000,373.000
4.670340000,46.714790000,372.000
4.670400000,46.714640000,371.000
4.670530000,46.714200000,370.000
4.670590000,46.714020000,368.000
4.670660000,46.713890000,367.000
4.670750000,46.713750000,365.000
4.670850000,46.713640000,364.000
4.671010000,46.713480000,363.000
4.671190000,46.713300000,362.000
4.671290000,46.713190000,361.000
4.671380000,46.713090000,360.000
4.671400000,46.713070000,360.000
4.671480000,46.712940000,359.000
4.671540000,46.712820000,358.000
4.671580000,46.712700000,358.000
4.671680000,46.712440000,357.000
4.671750000,46.712250000,356.000
4.671850000,46.712040000,356.000
4.672030000,46.711740000,355.000
4.672280000,46.711270000,352.000
4.672430000,46.711020000,350.000
4.672550000,46.710870000,347.000
4.672700000,46.710740000,345.000
4.672800000,46.710650000,343.000
4.672900000,46.710570000,342.000
4.673450000,46.710120000,339.000
4.673580000,46.710000000,336.000
4.673670000,46.709920000,335.000
4.673680000,46.709880000,334.000
4.673650000,46.709850000,333.000
4.674270000,46.709450000,331.000
4.675150000,46.708900000,329.000
4.675320000,46.708780000,328.000
4.675470000,46.708670000,326.000
4.675610000,46.708510000,325.000
4.675750000,46.708330000,324.000
4.675910000,46.708150000,323.000
4.676030000,46.708030000,322.000
4.676170000,46.707920000,321.000
4.676330000,46.707820000,320.000
4.676530000,46.707720000,320.000
4.676750000,46.707630000,319.000
4.676950000,46.707570000,318.000
4.677170000,46.707520000,317.000
4.677380000,46.707480000,316.000
4.677610000,46.707450000,316.000
4.677890000,46.707430000,315.000
4.678600000,46.707390000,314.000
4.678850000,46.707360000,313.000
4.679100000,46.707330000,312.000
4.679350000,46.707290000,311.000
4.679610000,46.707240000,310.000
4.679840000,46.707180000,309.000
4.679970000,46.707140000,308.000
4.680020000,46.707130000,308.000
4.680200000,46.707060000,307.000
4.680370000,46.706990000,307.000
4.680580000,46.706900000,306.000
4.680790000,46.706800000,305.000
4.682620000,46.705930000,302.000
4.682860000,46.705820000,300.000
4.682920000,46.705800000,298.000
4.683000000,46.705770000,297.000
4.683320000,46.705680000,296.000
4.683490000,46.705670000,295.000
4.683670000,46.705670000,295.000
4.683870000,46.705690000,294.000
4.684100000,46.705730000,294.000
4.684330000,46.705800000,293.000
4.684550000,46.705890000,293.000
4.684810000,46.706010000,292.000
4.685080000,46.706170000,292.000
4.685650000,46.706570000,290.000
4.686280000,46.707010000,289.000
4.686530000,46.707160000,287.000
4.686690000,46.707260000,286.000
4.686900000,46.707370000,285.000
4.687410000,46.707610000,283.000
4.688510000,46.708130000,281.000
4.688690000,46.708220000,279.000
4.688840000,46.708320000,278.000
4.688940000,46.708420000,277.000
4.689020000,46.708510000,276.000
4.689050000,46.708540000,276.000
4.689130000,46.708670000,275.000
4.689190000,46.708820000,274.000
4.689220000,46.708960000,274.000
4.689220000,46.709100000,273.000
4.689210000,46.709220000,273.000
4.689190000,46.709330000,272.000
4.689170000,46.709410000,272.000
4.689060000,46.709730000,271.000
4.689020000,46.709890000,270.000
4.689000000,46.710030000,269.000
4.689010000,46.710160000,269.000
4.689050000,46.710270000,268.000
4.689100000,46.710390000,268.000
4.689180000,46.710530000,267.000
4.689290000,46.710700000,266.000
4.689400000,46.710860000,266.000
4.689520000,46.711000000,265.000
4.689540000,46.711020000,265.000
4.689620000,46.711110000,264.000
4.689720000,46.711190000,264.000
4.689900000,46.711350000,263.000
4.690080000,46.711490000,263.000
4.690260000,46.711630000,262.000
4.690500000,46.711810000,261.000
4.690770000,46.712000000,261.000
4.690870000,46.712070000,260.000
4.690970000,46.712130000,259.000
4.691080000,46.712180000,259.000
4.691220000,46.712230000,258.000
4.691380000,46.712280000,258.000
4.691530000,46.712310000,258.000
4.691660000,46.712330000,257.000
4.691840000,46.712340000,257.000
4.692000000,46.712340000,257.000
4.692150000,46.712330000,257.000
4.692210000,46.712320000,257.000
4.692270000,46.712310000,257.000
4.692320000,46.712300000,256.000
4.692370000,46.712290000,256.000
4.692490000,46.712250000,256.000
4.692710000,46.712180000,256.000
4.692940000,46.712130000,256.000
4.693070000,46.712100000,256.000
4.693210000,46.712080000,256.000
4.693300000,46.712070000,255.000
4.693370000,46.712060000,255.000
4.693430000,46.712070000,255.000
4.693460000,46.712090000,255.000
4.693510000,46.712120000,255.000
4.693630000,46.712230000,255.000
4.693670000,46.712270000,255.000
4.693730000,46.712330000,255.000
4.693800000,46.712400000,254.000
4.693870000,46.712470000,254.000
4.693950000,46.712520000,254.000
4.694020000,46.712560000,253.000
4.694100000,46.712600000,253.000
4.694320000,46.712650000,253.000
4.694420000,46.712670000,252.000
4.694470000,46.712680000,252.000
4.694600000,46.712700000,252.000
4.694680000,46.712710000,251.000
4.694730000,46.712720000,251.000
4.694940000,46.712760000,251.000
4.695140000,46.712780000,250.000
4.695390000,46.712820000,250.000
4.695640000,46.712870000,249.000
4.695850000,46.712920000,248.000
4.695920000,46.712940000,248.000
4.696270000,46.713010000,247.000
4.696330000,46.713020000,246.000
4.697100000,46.713050000,245.000
4.697200000,46.713060000,244.000
4.697490000,46.713080000,244.000
4.697660000,46.713080000,243.000
4.698100000,46.713080000,242.000
4.698470000,46.713070000,241.000
4.698620000,46.713070000,240.000
4.698830000,46.713080000,239.000
4.698890000,46.713090000,239.000
4.699090000,46.713090000,238.000
4.699490000,46.713100000,238.000
4.700020000,46.713100000,238.000
4.700770000,46.713110000,238.000
4.700950000,46.713110000,238.000
4.701560000,46.713120000,238.000
4.702140000,46.713130000,238.000
4.702190000,46.713130000,238.000
4.702370000,46.713140000,237.000
4.702510000,46.713150000,237.000
4.702610000,46.713160000,237.000
4.702740000,46.713180000,237.000
4.702750000,46.713160000,236.000
4.702790000,46.713130000,236.000
4.702840000,46.713100000,236.000
4.702890000,46.713090000,236.000
4.702950000,46.713080000,236.000
4.703010000,46.713090000,236.000
4.703060000,46.713110000,235.000
4.703100000,46.713130000,235.000
4.703130000,46.713160000,235.000
4.703240000,46.713120000,235.000
4.703390000,46.713080000,235.000
4.703470000,46.713060000,235.000
4.703540000,46.713040000,234.000
4.703600000,46.713040000,234.000
4.703660000,46.713040000,234.000
4.703790000,46.713050000,234.000
4.704270000,46.713160000,233.000
4.704360000,46.713180000,233.000
4.705040000,46.713340000,233.000
4.705180000,46.713370000,233.000
4.706420000,46.713670000,233.000
4.706570000,46.713710000,233.000
4.706840000,46.713790000,233.000
4.707140000,46.713880000,233.000
4.707240000,46.713910000,233.000
4.707330000,46.713930000,233.000
4.707410000,46.713940000,233.000
4.707530000,46.713940000,233.000
4.707690000,46.713940000,233.000
4.708140000,46.713920000,233.000
4.708290000,46.713920000,233.000
4.708360000,46.713910000,233.000
4.708410000,46.713910000,233.000
4.708750000,46.713900000,233.000
4.708910000,46.713890000,232.000
4.709970000,46.713850000,232.000
4.710060000,46.713850000,232.000
4.710210000,46.713850000,232.000
4.710240000,46.713840000,232.000
4.710280000,46.713840000,232.000
4.710590000,46.713830000,232.000
4.711420000,46.713800000,232.000
4.711990000,46.713780000,232.000
4.712280000,46.713760000,232.000
4.712540000,46.713730000,232.000
4.712810000,46.713700000,232.000
4.713160000,46.713640000,231.000
4.713720000,46.713540000,231.000
4.715970000,46.713130000,230.000
4.717510000,46.712870000,229.000
4.718530000,46.712690000,228.000
4.719050000,46.712590000,227.000
4.719540000,46.712500000,227.000
4.720420000,46.712300000,226.000
4.721920000,46.711960000,225.000
4.723580000,46.711570000,223.000
4.725100000,46.711190000,222.000
4.725270000,46.711160000,221.000
4.725650000,46.711080000,220.000
4.725890000,46.711040000,219.000
4.726030000,46.711030000,218.000
4.726320000,46.711000000,218.000
4.726790000,46.710950000,218.000
4.727190000,46.710920000,217.000
4.727550000,46.710890000,217.000
4.727810000,46.710880000,216.000
4.728290000,46.710880000,216.000
4.729200000,46.710890000,215.000
4.730740000,46.710900000,214.000
4.731240000,46.710920000,214.000
4.731740000,46.710950000,213.000
4.732110000,46.710990000,213.000
4.732600000,46.711070000,213.000
4.734540000,46.711360000,213.000
4.736610000,46.711680000,212.000
4.737550000,46.711820000,210.000
4.737750000,46.711850000,209.000
4.737910000,46.711890000,209.000
4.738160000,46.711930000,208.000
4.738470000,46.712010000,208.000
4.738860000,46.712090000,208.000
4.740060000,46.712380000,207.000
4.740450000,46.712480000,207.000
4.740670000,46.712550000,207.000
4.740890000,46.712640000,206.000
4.741900000,46.713100000,206.000
4.743940000,46.714020000,205.000
4.745160000,46.714560000,204.000
4.745850000,46.714840000,204.000
4.745850000,46.714840000,204.000
4.745900000,46.714860000,203.000
4.746570000,46.715120000,203.000
4.748010000,46.715690000,203.000
4.748660000,46.715950000,202.000
4.749010000,46.716110000,202.000
4.749390000,46.716310000,202.000
4.749550000,46.716410000,202.000
4.749840000,46.716590000,202.000
4.750220000,46.716840000,202.000
4.750410000,46.716980000,202.000
4.750690000,46.717260000,202.000
4.750880000,46.717460000,202.000
4.751760000,46.718650000,199.000
4.751880000,46.718810000,196.000
4.752000000,46.718960000,194.000
4.752200000,46.719130000,192.000
4.752400000,46.719280000,190.000
4.752510000,46.719350000,190.000
4.752620000,46.719420000,189.000
4.752850000,46.719560000,189.000
4.753290000,46.719790000,189.000
4.753580000,46.719950000,189.000
4.753820000,46.720080000,190.000
4.754010000,46.720180000,190.000
4.754430000,46.720360000,191.000
4.754730000,46.720470000,191.000
4.755120000,46.720580000,192.000
4.755510000,46.720700000,194.000
4.755990000,46.720800000,195.000
4.756450000,46.720890000,197.000
4.756750000,46.720930000,198.000
4.757030000,46.720960000,200.000
4.757190000,46.720970000,201.000
4.757400000,46.720970000,201.000
4.758290000,46.720990000,202.000
4.758510000,46.721000000,202.000
4.758670000,46.721030000,203.000
4.758770000,46.721050000,203.000
4.758860000,46.721070000,203.000
4.758990000,46.721110000,203.000
4.759110000,46.721150000,203.000
4.759250000,46.721210000,203.000
4.759710000,46.721410000,203.000
4.760560000,46.721790000,203.000
4.760630000,46.721820000,203.000
4.760950000,46.721970000,202.000
4.761780000,46.722320000,202.000
4.761840000,46.722350000,202.000
4.762050000,46.722440000,201.000
4.762460000,46.722620000,201.000
4.762650000,46.722690000,201.000
4.762880000,46.722770000,201.000
4.766480000,46.723800000,201.000
4.769060000,46.724540000,200.000
4.769140000,46.724560000,199.000
4.769560000,46.724740000,198.000
4.770010000,46.725010000,197.000
4.770430000,46.725280000,197.000
4.770760000,46.725480000,196.000
4.771050000,46.725630000,196.000
4.771150000,46.725670000,196.000
4.773150000,46.726390000,196.000
4.774550000,46.726870000,197.000
4.775120000,46.727050000,197.000
4.776280000,46.727490000,196.000
4.778520000,46.728350000,195.000
4.778630000,46.728390000,194.000
4.778760000,46.728450000,193.000
4.780420000,46.729100000,194.000
4.781030000,46.729340000,194.000
4.781330000,46.729470000,195.000
4.781630000,46.729620000,195.000
4.781980000,46.729810000,195.000
4.783210000,46.730500000,194.000
4.783650000,46.730730000,194.000
4.783910000,46.730850000,194.000
4.784250000,46.730980000,194.000
4.785490000,46.731430000,195.000
4.786100000,46.731640000,195.000
4.786500000,46.731780000,195.000
4.786520000,46.731800000,194.000
4.786810000,46.731920000,194.000
4.787060000,46.732070000,194.000
4.788320000,46.732840000,193.000
4.791150000,46.734560000,194.000
4.791740000,46.734930000,194.000
4.792070000,46.735120000,195.000
4.792280000,46.735260000,196.000
4.792510000,46.735430000,197.000
4.792770000,46.735640000,197.000
4.793240000,46.736060000,198.000
4.794010000,46.736730000,199.000
4.794750000,46.737370000,199.000
4.795050000,46.737610000,199.000
4.795410000,46.737880000,198.000
4.796270000,46.738510000,198.000
4.796440000,46.738620000,197.000
4.796620000,46.738720000,197.000
4.796810000,46.738810000,196.000
4.796950000,46.738860000,196.000
4.797090000,46.738900000,196.000
4.797230000,46.738930000,196.000
4.797350000,46.738950000,195.000
4.797790000,46.739010000,195.000
4.798560000,46.739110000,194.000
4.799890000,46.739280000,193.000
4.800340000,46.739340000,192.000
4.800650000,46.739370000,192.000
4.800860000,46.739390000,192.000
4.801110000,46.739410000,192.000
4.801590000,46.739440000,193.000
4.801850000,46.739450000,193.000
4.802330000,46.739480000,194.000
4.802820000,46.739500000,194.000
4.803000000,46.739500000,194.000
4.803190000,46.739490000,195.000
4.803420000,46.739470000,194.000
4.803750000,46.739430000,194.000
4.805200000,46.739220000,192.000
4.805440000,46.739200000,191.000
4.805500000,46.739190000,190.000
4.805730000,46.739170000,189.000
4.805960000,46.739160000,189.000
4.806170000,46.739170000,188.000
4.806400000,46.739180000,188.000
4.806960000,46.739210000,187.000
4.807460000,46.739240000,186.000
4.807930000,46.739260000,186.000
4.808200000,46.739300000,185.000
4.808380000,46.739330000,184.000
4.808670000,46.739390000,184.000
4.808990000,46.739470000,184.000
4.809550000,46.739640000,184.000
4.809940000,46.739780000,184.000
4.810130000,46.739860000,184.000
4.810320000,46.739940000,184.000
4.810620000,46.740070000,184.000
4.810900000,46.740210000,183.000
4.811140000,46.740350000,183.000
4.811540000,46.740580000,183.000
4.811730000,46.740690000,182.000
4.811840000,46.740770000,182.000
4.811930000,46.740830000,182.000
4.812030000,46.740910000,182.000
4.812130000,46.741020000,181.000
4.812230000,46.741130000,181.000
4.812300000,46.741240000,181.000
4.812390000,46.741360000,181.000
4.812690000,46.741810000,180.000
4.813160000,46.742520000,180.000
4.813350000,46.742790000,180.000
4.813460000,46.742940000,180.000
4.813750000,46.743340000,180.000
4.813870000,46.743510000,180.000
4.814040000,46.743740000,180.000
4.814240000,46.743980000,180.000
4.814360000,46.744120000,180.000
4.814480000,46.744260000,179.000
4.814660000,46.744450000,179.000
4.814890000,46.744680000,178.000
4.815110000,46.744910000,178.000
4.815950000,46.745790000,177.000
4.816300000,46.746160000,176.000
4.816340000,46.746210000,176.000
4.816500000,46.746420000,176.000
4.816920000,46.747140000,177.000
4.816990000,46.747250000,177.000
4.817490000,46.748080000,178.000
4.817960000,46.748800000,180.000
4.818180000,46.749130000,182.000
4.818330000,46.749440000,183.000
4.818420000,46.749670000,185.000
4.818600000,46.750150000,186.000
4.818690000,46.750360000,187.000
4.818720000,46.750420000,188.000
4.818790000,46.750530000,188.000
4.818850000,46.750620000,188.000
4.818930000,46.750710000,188.000
4.819020000,46.750810000,188.000
4.819070000,46.750860000,188.000
4.819200000,46.750950000,188.000
4.819380000,46.751090000,188.000
4.819580000,46.751240000,188.000
4.819910000,46.751470000,188.000
4.819980000,46.751520000,187.000
4.820150000,46.751650000,187.000
4.820280000,46.751770000,187.000
4.820400000,46.751870000,186.000
4.820520000,46.751990000,186.000
4.820670000,46.752140000,186.000
4.820800000,46.752290000,185.000
4.820870000,46.752390000,185.000
4.820950000,46.752500000,184.000
4.821070000,46.752680000,184.000
4.821130000,46.752810000,183.000
4.821200000,46.752940000,183.000
4.821460000,46.753460000,182.000
4.821470000,46.753480000,182.000
4.821630000,46.753780000,181.000
4.821730000,46.753950000,180.000
4.821840000,46.754080000,180.000
4.821850000,46.754090000,180.000
4.821890000,46.754130000,179.000
4.822090000,46.754320000,179.000
4.822310000,46.754530000,179.000
4.822400000,46.754680000,178.000
4.822460000,46.754830000,178.000
4.822500000,46.754980000,177.000
4.822520000,46.755100000,177.000
4.822520000,46.755170000,177.000
4.822530000,46.755260000,177.000
4.822570000,46.755560000,176.000
4.822590000,46.755800000,176.000
4.822670000,46.755940000,176.000
4.822680000,46.755970000,176.000
4.822710000,46.756020000,175.000
4.822750000,46.756030000,175.000
4.822780000,46.756050000,175.000
4.822820000,46.756090000,175.000
4.822840000,46.756120000,175.000
4.822840000,46.756160000,175.000
4.822830000,46.756200000,175.000
4.822810000,46.756230000,175.000
4.822790000,46.756250000,175.000
4.822760000,46.756260000,175.000
4.822730000,46.756270000,175.000
4.822700000,46.756320000,174.000
4.822670000,46.756380000,174.000
4.822630000,46.756480000,174.000
4.822640000,46.756580000,174.000
4.822660000,46.756650000,174.000
4.822700000,46.756700000,174.000
4.822740000,46.756760000,174.000
4.822820000,46.756820000,174.000
4.822920000,46.756880000,174.000
4.823030000,46.756920000,174.000
4.823130000,46.756940000,174.000
4.823230000,46.756950000,174.000
4.823360000,46.756950000,174.000
4.824080000,46.756940000,174.000
4.824310000,46.756960000,174.000
4.824550000,46.756980000,174.000
4.824720000,46.757010000,175.000
4.824800000,46.757030000,175.000
4.825060000,46.757090000,175.000
4.825240000,46.757150000,175.000
4.825390000,46.757200000,175.000
4.825580000,46.757280000,176.000
4.825770000,46.757380000,176.000
4.826000000,46.757530000,177.000
4.826300000,46.757720000,178.000
4.826590000,46.757870000,179.000
4.826830000,46.757990000,180.000
4.827560000,46.758330000,182.000
4.828080000,46.758540000,183.000
4.828850000,46.758850000,184.000
4.831550000,46.759940000,184.000
4.833150000,46.760580000,183.000
4.833430000,46.760670000,183.000
4.833650000,46.760740000,182.000
4.833950000,46.760850000,182.000
4.834070000,46.760890000,181.000
4.834350000,46.760990000,181.000
4.834430000,46.761020000,181.000
4.834560000,46.761090000,181.000
4.834620000,46.761120000,181.000
4.834830000,46.761250000,181.000
4.834860000,46.761300000,181.000
4.834890000,46.761320000,182.000
4.834980000,46.761370000,182.000
4.835070000,46.761410000,182.000
4.835180000,46.761450000,182.000
4.835280000,46.761490000,182.000
4.835430000,46.761520000,182.000
4.835820000,46.761610000,182.000
4.835990000,46.761650000,183.000
4.836190000,46.761700000,183.000
4.836380000,46.761750000,183.000
4.836470000,46.761780000,183.000
4.836530000,46.761800000,183.000
4.836590000,46.761840000,184.000
4.836640000,46.761870000,184.000
4.836680000,46.761910000,184.000
4.836720000,46.761940000,184.000
4.836760000,46.762000000,184.000
4.836810000,46.762060000,184.000
4.836860000,46.762140000,184.000
4.836930000,46.762230000,185.000
4.837020000,46.762310000,185.000
4.837110000,46.762380000,185.000
4.837200000,46.762430000,185.000
4.837300000,46.762490000,185.000
4.837490000,46.762570000,186.000
4.838400000,46.762900000,186.000
4.838500000,46.762940000,187.000
4.838960000,46.763090000,187.000
4.839190000,46.763170000,187.000
4.839270000,46.763200000,187.000
4.839400000,46.763250000,187.000
4.839510000,46.763300000,187.000
4.839420000,46.763400000,187.000
4.839400000,46.763410000,187.000
4.839150000,46.763530000,187.000
4.839040000,46.763570000,187.000
4.838970000,46.763620000,187.000
4.838930000,46.763680000,187.000
4.838890000,46.763750000,187.000
4.838880000,46.763780000,187.000
4.838880000,46.763780000,187.000
4.838800000,46.763960000,187.000
4.838780000,46.764000000,187.000
4.838580000,46.764480000,187.000
4.838510000,46.764620000,187.000
4.838440000,46.764740000,187.000
4.838250000,46.764970000,187.000
4.838210000,46.765020000,187.000
4.838160000,46.765070000,187.000
4.838110000,46.765160000,187.000
4.837990000,46.765290000,187.000
4.837810000,46.765510000,187.000
4.837620000,46.765690000,187.000
4.837570000,46.765730000,187.000
4.837450000,46.765830000,187.000
4.837340000,46.765930000,187.000
4.837150000,46.766080000,187.000
4.836940000,46.766260000,187.000
4.836780000,46.766390000,187.000
4.836430000,46.766680000,187.000
4.836200000,46.766890000,187.000
4.836100000,46.766980000,187.000
4.835870000,46.767200000,187.000
4.835830000,46.767240000,186.000
4.835360000,46.767700000,186.000
4.835290000,46.767760000,186.000
4.835120000,46.767930000,185.000
4.834870000,46.768150000,185.000
4.834320000,46.768640000,184.000
4.834280000,46.768680000,183.000
4.834140000,46.768820000,183.000
4.833880000,46.769140000,182.000
4.833820000,46.769230000,182.000
4.833710000,46.769370000,181.000
4.833540000,46.769590000,181.000
4.833450000,46.769730000,180.000
4.833380000,46.769830000,180.000
4.833330000,46.769890000,180.000
4.833170000,46.770120000,179.000
4.833070000,46.770300000,179.000
4.832980000,46.770490000,178.000
4.832920000,46.770610000,178.000
4.832740000,46.771100000,178.000
4.832680000,46.771280000,177.000
4.832620000,46.771480000,177.000
4.832560000,46.771700000,177.000
4.832510000,46.771860000,177.000
4.832510000,46.771890000,177.000
4.832450000,46.772100000,177.000
4.832430000,46.772200000,177.000
4.832430000,46.772280000,177.000
4.832460000,46.772450000,177.000
4.832510000,46.772590000,177.000
4.832610000,46.772760000,177.000
4.832720000,46.772900000,177.000
4.832750000,46.772930000,176.000
4.832790000,46.772970000,176.000
4.832840000,46.773020000,176.000
4.832870000,46.773050000,176.000
4.832940000,46.773120000,176.000
4.832960000,46.773140000,176.000
4.833040000,46.773170000,176.000
4.833160000,46.773240000,176.000
4.833740000,46.773540000,175.000
4.833780000,46.773560000,175.000
4.833830000,46.773600000,175.000
4.834050000,46.773690000,174.000
4.834090000,46.773720000,174.000
4.834120000,46.773750000,174.000
4.834360000,46.773850000,174.000
4.834450000,46.773900000,173.000
4.834510000,46.773930000,173.000
4.835610000,46.774460000,172.000
4.835630000,46.774480000,172.000
4.835950000,46.774630000,171.000
4.836130000,46.774710000,171.000
4.836310000,46.774780000,171.000
4.836520000,46.774840000,171.000
4.836650000,46.774890000,171.000
4.836670000,46.774890000,171.000
4.836830000,46.774950000,171.000
4.836950000,46.774840000,171.000
4.837450000,46.774410000,172.000
4.837550000,46.774320000,172.000
4.837560000,46.774320000,172.000
4.837700000,46.774200000,172.000
4.837810000,46.774120000,172.000
4.838030000,46.774000000,173.000
4.838150000,46.773950000,173.000
4.838150000,46.773950000,173.000
4.838440000,46.773830000,173.000
4.838710000,46.773750000,173.000
4.839270000,46.773630000,174.000
4.840470000,46.773410000,174.000
4.840710000,46.773340000,175.000
4.840740000,46.773320000,175.000
4.840790000,46.773300000,175.000
4.840820000,46.773250000,175.000
4.840860000,46.773210000,175.000
4.840800000,46.772970000,175.000
4.840470000,46.772480000,175.000
4.840120000,46.771940000,175.000
4.839950000,46.771660000,175.000
4.839860000,46.771480000,175.000
4.839760000,46.771280000,175.000
4.839690000,46.771070000,175.000
4.839620000,46.770870000,174.000
4.839550000,46.770560000,174.000
4.839460000,46.770100000,173.000
4.839420000,46.769860000,172.000
4.839380000,46.769640000,172.000
4.839340000,46.769400000,172.000
4.839290000,46.769230000,172.000
4.839220000,46.768960000,172.000
4.839140000,46.768620000,172.000
4.839120000,46.768500000,173.000
4.839100000,46.768410000,173.000
4.839100000,46.768310000,173.000
4.839110000,46.768200000,174.000
4.839130000,46.768100000,174.000
4.839160000,46.767980000,174.000
4.839200000,46.767860000,174.000
4.839260000,46.767750000,174.000
4.839320000,46.767650000,174.000
4.839390000,46.767560000,174.000
4.839460000,46.767490000,174.000
4.839580000,46.767370000,174.000
4.839750000,46.767230000,174.000
4.840120000,46.766980000,174.000
4.840230000,46.766900000,174.000
4.840570000,46.766650000,174.000
4.840720000,46.766540000,174.000
4.840880000,46.766410000,174.000
4.841000000,46.766300000,174.000
4.841120000,46.766170000,174.000
4.841480000,46.765790000,174.000
4.841570000,46.765710000,174.000
4.841740000,46.765580000,174.000
4.841880000,46.765420000,174.000
4.841920000,46.765360000,174.000
4.841940000,46.765280000,174.000
4.841920000,46.765210000,174.000
4.841950000,46.765130000,174.000
4.842010000,46.765060000,174.000
4.842080000,46.765020000,174.000
4.842170000,46.764990000,174.000
4.842240000,46.764980000,175.000
4.842320000,46.764980000,175.000
4.842380000,46.764990000,175.000
4.842440000,46.765010000,175.000
4.842510000,46.765050000,175.000
4.842570000,46.765110000,175.000
4.842600000,46.765190000,175.000
4.842600000,46.765260000,175.000
4.842560000,46.765330000,175.000
4.842490000,46.765390000,175.000
4.842440000,46.765450000,175.000
4.842410000,46.765510000,175.000
4.842400000,46.765590000,175.000
4.842400000,46.765640000,175.000
4.842420000,46.765720000,175.000
4.842620000,46.766240000,176.000
4.842630000,46.766260000,176.000
4.842630000,46.766260000,176.000
4.842870000,46.766700000,176.000
4.842940000,46.766810000,176.000
4.843050000,46.767010000,176.000
4.843280000,46.767400000,176.000
4.843400000,46.767620000,175.000
4.843440000,46.767690000,175.000
4.843450000,46.767740000,175.000
4.843470000,46.767830000,175.000
4.843480000,46.767970000,174.000
4.843490000,46.768100000,174.000
4.843490000,46.768230000,174.000
4.843480000,46.768280000,174.000
4.843470000,46.768370000,174.000
4.843440000,46.768740000,173.000
4.843440000,46.768860000,173.000
4.843420000,46.769050000,173.000
4.843420000,46.769160000,173.000
4.843430000,46.769490000,173.000
4.843440000,46.769690000,173.000
4.843470000,46.769870000,173.000
4.843560000,46.770410000,173.000
4.843590000,46.770530000,173.000
4.843670000,46.770900000,173.000
4.843730000,46.771110000,173.000
4.843880000,46.771610000,174.000
4.844130000,46.772310000,175.000
4.844200000,46.772520000,176.000
4.844290000,46.772700000,176.000
4.844520000,46.773200000,176.000
4.844660000,46.773440000,176.000
4.844750000,46.773600000,176.000
4.844850000,46.773790000,176.000
4.844980000,46.773980000,175.000
4.845030000,46.774040000,175.000
4.845230000,46.774290000,175.000
4.845390000,46.774510000,174.000
4.845530000,46.774690000,174.000
4.845710000,46.774890000,174.000
4.845960000,46.775180000,174.000
4.846100000,46.775300000,174.000
4.846410000,46.775550000,175.000
4.846820000,46.775840000,175.000
4.847290000,46.776120000,176.000
4.847830000,46.776420000,176.000
4.847970000,46.776500000,176.000
4.848400000,46.776740000,176.000
4.848430000,46.776760000,176.000
4.849080000,46.777130000,176.000
        </coordinates>
      </LineString>
    </Placemark>
  </Document>
</kml>
