<?xml version="1.0" encoding="UTF-8"?>
<kml xmlns="http://www.opengis.net/kml/2.2">
  <Document>
    <name>Tour de France 2026 - Stage 03</name>
    <Style id="routeStyle">
      <LineStyle>
        <color>ff111111</color>
        <width>4</width>
      </LineStyle>
    </Style>
    <Placemark>
      <name>Tour de France 2026 - Stage 03</name>
      <styleUrl>#routeStyle</styleUrl>
      <LineString>
        <tessellate>1</tessellate>
        <coordinates>
2.290570000,41.606000000,153.000
2.290560000,41.605940000,152.000
2.290560000,41.605700000,151.000
2.290560000,41.605620000,151.000
2.290560000,41.605610000,150.000
2.290550000,41.605130000,148.000
2.290540000,41.605080000,147.000
2.290540000,41.605060000,146.000
2.290520000,41.604430000,143.000
2.290520000,41.604250000,141.000
2.290520000,41.604240000,140.000
2.290510000,41.604010000,138.000
2.290510000,41.603910000,137.000
2.290510000,41.603860000,136.000
2.290490000,41.603550000,136.000
2.290330000,41.603560000,136.000
2.289520000,41.603640000,136.000
2.288770000,41.603720000,136.000
2.287990000,41.603810000,137.000
2.287610000,41.603850000,138.000
2.287160000,41.603890000,138.000
2.286690000,41.603940000,138.000
2.286320000,41.603970000,138.000
2.285700000,41.603980000,138.000
2.284430000,41.603990000,138.000
2.283030000,41.603990000,137.000
2.282930000,41.603990000,136.000
2.282940000,41.604080000,135.000
2.282940000,41.604190000,134.000
2.282990000,41.604760000,132.000
2.283000000,41.604820000,131.000
2.283040000,41.605290000,131.000
2.283060000,41.605420000,131.000
2.283080000,41.605650000,130.000
2.283090000,41.605830000,130.000
2.283110000,41.606060000,130.000
2.283140000,41.606360000,130.000
2.283140000,41.606410000,130.000
2.283140000,41.606450000,130.000
2.283150000,41.606530000,130.000
2.283200000,41.607050000,130.000
2.283220000,41.607330000,131.000
2.283230000,41.607480000,131.000
2.283240000,41.607610000,132.000
2.283270000,41.607910000,133.000
2.283310000,41.608340000,134.000
2.283320000,41.608420000,136.000
2.283330000,41.608630000,137.000
2.283360000,41.608970000,138.000
2.283380000,41.609220000,139.000
2.283390000,41.609350000,139.000
2.283420000,41.609680000,140.000
2.283420000,41.609740000,140.000
2.283440000,41.609940000,140.000
2.283440000,41.609990000,140.000
2.283490000,41.610430000,140.000
2.283490000,41.610500000,140.000
2.283550000,41.610550000,140.000
2.283600000,41.610590000,140.000
2.283650000,41.610600000,140.000
2.283700000,41.610620000,140.000
2.283750000,41.610650000,140.000
2.283790000,41.610700000,140.000
2.283810000,41.610750000,141.000
2.283810000,41.610810000,141.000
2.283780000,41.610860000,141.000
2.283750000,41.610900000,141.000
2.283700000,41.610930000,142.000
2.283680000,41.610930000,142.000
2.283640000,41.610950000,142.000
2.283570000,41.610950000,142.000
2.283490000,41.610940000,142.000
2.283420000,41.610920000,143.000
2.283340000,41.610940000,143.000
2.283320000,41.610940000,143.000
2.283200000,41.610970000,144.000
2.282840000,41.611110000,145.000
2.282300000,41.611320000,146.000
2.282260000,41.611340000,147.000
2.282240000,41.611350000,148.000
2.282200000,41.611360000,148.000
2.282210000,41.611420000,149.000
2.282200000,41.611480000,149.000
2.282170000,41.611530000,150.000
2.282120000,41.611570000,150.000
2.282060000,41.611610000,150.000
2.281980000,41.611630000,151.000
2.281910000,41.611630000,151.000
2.281830000,41.611620000,151.000
2.281770000,41.611600000,151.000
2.281720000,41.611560000,151.000
2.281690000,41.611530000,151.000
2.281660000,41.611490000,151.000
2.281570000,41.611540000,150.000
2.281470000,41.611560000,150.000
2.280770000,41.611690000,149.000
2.279890000,41.611870000,148.000
2.279800000,41.611890000,147.000
2.279740000,41.611900000,146.000
2.279590000,41.611930000,146.000
2.279210000,41.612000000,145.000
2.278940000,41.612050000,145.000
2.278840000,41.612070000,145.000
2.278610000,41.612120000,145.000
2.277110000,41.612420000,146.000
2.276680000,41.612560000,147.000
2.276590000,41.612590000,148.000
2.275940000,41.612770000,150.000
2.275910000,41.612770000,151.000
2.275180000,41.612980000,154.000
2.274810000,41.613030000,156.000
2.274450000,41.613010000,158.000
2.274170000,41.612970000,160.000
2.273810000,41.612870000,161.000
2.273520000,41.612780000,163.000
2.273190000,41.612640000,164.000
2.272770000,41.612420000,166.000
2.272750000,41.612410000,167.000
2.272710000,41.612400000,168.000
2.272640000,41.612360000,168.000
2.272460000,41.612280000,169.000
2.272440000,41.612290000,170.000
2.272410000,41.612310000,170.000
2.272360000,41.612320000,170.000
2.272300000,41.612320000,170.000
2.272240000,41.612300000,171.000
2.272210000,41.612260000,171.000
2.272190000,41.612220000,171.000
2.272200000,41.612170000,171.000
2.272210000,41.612140000,171.000
2.271770000,41.611900000,172.000
2.271420000,41.611720000,173.000
2.270950000,41.611520000,173.000
2.270580000,41.611400000,174.000
2.270430000,41.611360000,175.000
2.270100000,41.611290000,176.000
2.269930000,41.611250000,176.000
2.269550000,41.611200000,177.000
2.269260000,41.611200000,178.000
2.268700000,41.611220000,178.000
2.268280000,41.611240000,179.000
2.268270000,41.611340000,180.000
2.268210000,41.611420000,180.000
2.268110000,41.611470000,181.000
2.267990000,41.611490000,181.000
2.267630000,41.611590000,181.000
2.267440000,41.611670000,181.000
2.267270000,41.611780000,180.000
2.267150000,41.611870000,180.000
2.267040000,41.612040000,180.000
2.266970000,41.612220000,180.000
2.266850000,41.612880000,179.000
2.266710000,41.613860000,183.000
2.266550000,41.614710000,189.000
2.266520000,41.615370000,193.000
2.266450000,41.616800000,194.000
2.266460000,41.617560000,196.000
2.266600000,41.618270000,199.000
2.266840000,41.618950000,203.000
2.267080000,41.619570000,205.000
2.267460000,41.620600000,205.000
2.267530000,41.620870000,205.000
2.267590000,41.621090000,205.000
2.267690000,41.621580000,203.000
2.267800000,41.622360000,200.000
2.267710000,41.623090000,196.000
2.267610000,41.623590000,193.000
2.267540000,41.623830000,191.000
2.267270000,41.624720000,190.000
2.267180000,41.624910000,189.000
2.267070000,41.625330000,189.000
2.267010000,41.625710000,189.000
2.266990000,41.625980000,189.000
2.266990000,41.626240000,189.000
2.267010000,41.628430000,190.000
2.267020000,41.629710000,188.000
2.267030000,41.630260000,186.000
2.267060000,41.632400000,185.000
2.267080000,41.633910000,189.000
2.267110000,41.635730000,196.000
2.267120000,41.636030000,201.000
2.267120000,41.636080000,204.000
2.267130000,41.636940000,205.000
2.267140000,41.637210000,206.000
2.267140000,41.637880000,206.000
2.267150000,41.638680000,206.000
2.267150000,41.638740000,207.000
2.267160000,41.639510000,208.000
2.267160000,41.639690000,209.000
2.267190000,41.641210000,210.000
2.267200000,41.642450000,210.000
2.267240000,41.644780000,213.000
2.267270000,41.647310000,216.000
2.267270000,41.647860000,218.000
2.267280000,41.648240000,220.000
2.267280000,41.648450000,222.000
2.267310000,41.652350000,225.000
2.267280000,41.653070000,227.000
2.267300000,41.653800000,227.000
2.267320000,41.655490000,226.000
2.267320000,41.655590000,225.000
2.267330000,41.656850000,219.000
2.267330000,41.657380000,213.000
2.267340000,41.657780000,210.000
2.267370000,41.659870000,214.000
2.267370000,41.660140000,218.000
2.267370000,41.660230000,221.000
2.267380000,41.660620000,224.000
2.267400000,41.660980000,228.000
2.267420000,41.661300000,231.000
2.267480000,41.661650000,235.000
2.267600000,41.662200000,239.000
2.267760000,41.662710000,244.000
2.267930000,41.663110000,248.000
2.268170000,41.663600000,251.000
2.268470000,41.664050000,255.000
2.268910000,41.664610000,257.000
2.269740000,41.665460000,256.000
2.270180000,41.665880000,255.000
2.270360000,41.666030000,255.000
2.270920000,41.666530000,254.000
2.271000000,41.666600000,253.000
2.271520000,41.667050000,252.000
2.272300000,41.667730000,250.000
2.273270000,41.668570000,250.000
2.274440000,41.669590000,250.000
2.275020000,41.670100000,249.000
2.275230000,41.670310000,247.000
2.275290000,41.670370000,246.000
2.275540000,41.670660000,244.000
2.275940000,41.671240000,241.000
2.276280000,41.671830000,237.000
2.276410000,41.672130000,234.000
2.276530000,41.672620000,231.000
2.276540000,41.672690000,228.000
2.276620000,41.673140000,225.000
2.276660000,41.673520000,225.000
2.276720000,41.674300000,227.000
2.276770000,41.675010000,231.000
2.276860000,41.675460000,233.000
2.276980000,41.675790000,234.000
2.277200000,41.676470000,234.000
2.277670000,41.677810000,233.000
2.277760000,41.678100000,233.000
2.277890000,41.678410000,234.000
2.277920000,41.678480000,235.000
2.278030000,41.678730000,236.000
2.278180000,41.678980000,237.000
2.278300000,41.679170000,238.000
2.278460000,41.679350000,239.000
2.278690000,41.679610000,241.000
2.278950000,41.679870000,241.000
2.279420000,41.680340000,241.000
2.279590000,41.680560000,241.000
2.279700000,41.680740000,241.000
2.279840000,41.681010000,241.000
2.279890000,41.681140000,241.000
2.279950000,41.681320000,240.000
2.279980000,41.681640000,240.000
2.279980000,41.681980000,240.000
2.279950000,41.682190000,239.000
2.279880000,41.682410000,239.000
2.278810000,41.685490000,239.000
2.278560000,41.686210000,239.000
2.278450000,41.686580000,239.000
2.278410000,41.686760000,240.000
2.278390000,41.686950000,240.000
2.278360000,41.687330000,241.000
2.278380000,41.687720000,243.000
2.278450000,41.688130000,246.000
2.278570000,41.688540000,250.000
2.278640000,41.688720000,254.000
2.278730000,41.688920000,257.000
2.278840000,41.689120000,260.000
2.278930000,41.689240000,262.000
2.279010000,41.689340000,263.000
2.279400000,41.689850000,264.000
2.281310000,41.692340000,266.000
2.281720000,41.692880000,264.000
2.281890000,41.693150000,261.000
2.282040000,41.693450000,258.000
2.282170000,41.693710000,255.000
2.282290000,41.693990000,251.000
2.282440000,41.694410000,249.000
2.282570000,41.694820000,248.000
2.282740000,41.695670000,248.000
2.282830000,41.696110000,248.000
2.282890000,41.696360000,248.000
2.282970000,41.696570000,249.000
2.283030000,41.696740000,249.000
2.283120000,41.696910000,249.000
2.283220000,41.697120000,249.000
2.283350000,41.697330000,249.000
2.283470000,41.697510000,250.000
2.283710000,41.697820000,250.000
2.283800000,41.697940000,250.000
2.283870000,41.698040000,251.000
2.284040000,41.698260000,251.000
2.284530000,41.698930000,252.000
2.284660000,41.699130000,253.000
2.284780000,41.699360000,253.000
2.284900000,41.699620000,254.000
2.284960000,41.699870000,254.000
2.285010000,41.700100000,253.000
2.285030000,41.700310000,252.000
2.285040000,41.700590000,251.000
2.285030000,41.700800000,250.000
2.285000000,41.701020000,248.000
2.284940000,41.701450000,246.000
2.284910000,41.701690000,246.000
2.284900000,41.701720000,246.000
2.284900000,41.701850000,246.000
2.284900000,41.702020000,247.000
2.284920000,41.702210000,248.000
2.284960000,41.702390000,250.000
2.285020000,41.702550000,252.000
2.285100000,41.702730000,254.000
2.285190000,41.702870000,255.000
2.285250000,41.702960000,257.000
2.285780000,41.703680000,261.000
2.285870000,41.703830000,263.000
2.285940000,41.703970000,264.000
2.286010000,41.704160000,264.000
2.286050000,41.704300000,264.000
2.286090000,41.704470000,263.000
2.286110000,41.704630000,262.000
2.286110000,41.704830000,261.000
2.286080000,41.705040000,259.000
2.286020000,41.705310000,257.000
2.285900000,41.705590000,255.000
2.285730000,41.705860000,254.000
2.285260000,41.706400000,255.000
2.284950000,41.706720000,256.000
2.284750000,41.706950000,257.000
2.284500000,41.707160000,259.000
2.283820000,41.707590000,260.000
2.283650000,41.707660000,262.000
2.283390000,41.707770000,263.000
2.282820000,41.707990000,264.000
2.282320000,41.708200000,265.000
2.281900000,41.708390000,266.000
2.281570000,41.708530000,267.000
2.280800000,41.708930000,268.000
2.280370000,41.709180000,269.000
2.279600000,41.709560000,270.000
2.279330000,41.709710000,270.000
2.278720000,41.710070000,271.000
2.278510000,41.710220000,271.000
2.278170000,41.710520000,271.000
2.277420000,41.711350000,272.000
2.276600000,41.712270000,275.000
2.276300000,41.712610000,278.000
2.276010000,41.712870000,281.000
2.275500000,41.713170000,286.000
2.274930000,41.713440000,292.000
2.274670000,41.713590000,298.000
2.274460000,41.713740000,303.000
2.274070000,41.714060000,309.000
2.273860000,41.714250000,313.000
2.273650000,41.714460000,315.000
2.273520000,41.714650000,315.000
2.273380000,41.714880000,315.000
2.273280000,41.715110000,315.000
2.273140000,41.715500000,314.000
2.273010000,41.715950000,312.000
2.272920000,41.716620000,310.000
2.272910000,41.716950000,308.000
2.272920000,41.717150000,306.000
2.272930000,41.717200000,305.000
2.272940000,41.717490000,304.000
2.272950000,41.718070000,302.000
2.272920000,41.718500000,301.000
2.272770000,41.718990000,300.000
2.272680000,41.719190000,300.000
2.272390000,41.719740000,300.000
2.272170000,41.720190000,300.000
2.272120000,41.720270000,300.000
2.272030000,41.720550000,301.000
2.271970000,41.720830000,301.000
2.271980000,41.721110000,302.000
2.272130000,41.721740000,303.000
2.273040000,41.724510000,306.000
2.273120000,41.724810000,308.000
2.273160000,41.725110000,309.000
2.273190000,41.725540000,309.000
2.273120000,41.725940000,310.000
2.273000000,41.726360000,310.000
2.272870000,41.726650000,310.000
2.272730000,41.726890000,311.000
2.272220000,41.727500000,311.000
2.271640000,41.728050000,312.000
2.271190000,41.728540000,313.000
2.271070000,41.728660000,314.000
2.270610000,41.729320000,316.000
2.270320000,41.729880000,318.000
2.269800000,41.731200000,320.000
2.269670000,41.731540000,321.000
2.268850000,41.733710000,322.000
2.268780000,41.734240000,324.000
2.268780000,41.734360000,325.000
2.268790000,41.734590000,326.000
2.268830000,41.735020000,327.000
2.268860000,41.735450000,329.000
2.268860000,41.735670000,330.000
2.268830000,41.735870000,331.000
2.268770000,41.736120000,331.000
2.268680000,41.736350000,331.000
2.268590000,41.736520000,331.000
2.268440000,41.736730000,331.000
2.268220000,41.737000000,331.000
2.267780000,41.737450000,331.000
2.267350000,41.737880000,331.000
2.267130000,41.738100000,331.000
2.266890000,41.738330000,331.000
2.266100000,41.739130000,332.000
2.265770000,41.739470000,332.000
2.265510000,41.739730000,332.000
2.265420000,41.739820000,333.000
2.265150000,41.740090000,333.000
2.264880000,41.740390000,333.000
2.264810000,41.740480000,333.000
2.264750000,41.740570000,333.000
2.264620000,41.740760000,333.000
2.264520000,41.740970000,334.000
2.264450000,41.741180000,334.000
2.264410000,41.741330000,335.000
2.264390000,41.741510000,336.000
2.264380000,41.741700000,337.000
2.264390000,41.741920000,338.000
2.264440000,41.742290000,340.000
2.264510000,41.742670000,341.000
2.264560000,41.743070000,342.000
2.264580000,41.743300000,343.000
2.264570000,41.743850000,343.000
2.264550000,41.744040000,343.000
2.264470000,41.744500000,343.000
2.264370000,41.744970000,343.000
2.264310000,41.745240000,343.000
2.264230000,41.745580000,342.000
2.264190000,41.745770000,342.000
2.264090000,41.746200000,341.000
2.264010000,41.746550000,341.000
2.264010000,41.746590000,340.000
2.263920000,41.746860000,341.000
2.263820000,41.747100000,342.000
2.263740000,41.747260000,343.000
2.263580000,41.747530000,345.000
2.263510000,41.747640000,346.000
2.263380000,41.747820000,347.000
2.263270000,41.747960000,349.000
2.263130000,41.748110000,350.000
2.262940000,41.748280000,352.000
2.262640000,41.748530000,352.000
2.262430000,41.748670000,353.000
2.262200000,41.748810000,353.000
2.262040000,41.748910000,354.000
2.261820000,41.749030000,354.000
2.261530000,41.749180000,354.000
2.261190000,41.749340000,354.000
2.260540000,41.749600000,354.000
2.259780000,41.749880000,354.000
2.259540000,41.749970000,355.000
2.258960000,41.750190000,355.000
2.258070000,41.750520000,356.000
2.257600000,41.750700000,357.000
2.257260000,41.750830000,358.000
2.256970000,41.750910000,359.000
2.256650000,41.750980000,360.000
2.256230000,41.751010000,360.000
2.255970000,41.751000000,361.000
2.255850000,41.750990000,361.000
2.255720000,41.750980000,362.000
2.255300000,41.750910000,363.000
2.253310000,41.750600000,366.000
2.252960000,41.750590000,368.000
2.252620000,41.750620000,369.000
2.252300000,41.750690000,370.000
2.252040000,41.750780000,370.000
2.251650000,41.751010000,370.000
2.251360000,41.751240000,369.000
2.251090000,41.751530000,369.000
2.250910000,41.751860000,369.000
2.250790000,41.752160000,369.000
2.250680000,41.752500000,370.000
2.250470000,41.753180000,371.000
2.250080000,41.754470000,374.000
2.249960000,41.754910000,376.000
2.249770000,41.755480000,380.000
2.249720000,41.755700000,382.000
2.249690000,41.755820000,384.000
2.249680000,41.755950000,386.000
2.249690000,41.756080000,387.000
2.249720000,41.756240000,389.000
2.249850000,41.756660000,388.000
2.249950000,41.756970000,387.000
2.249990000,41.757170000,386.000
2.250010000,41.757320000,385.000
2.250000000,41.757450000,383.000
2.249980000,41.757590000,382.000
2.249930000,41.757720000,381.000
2.249780000,41.758070000,379.000
2.249730000,41.758220000,378.000
2.249690000,41.758400000,378.000
2.249690000,41.758590000,379.000
2.249720000,41.758730000,380.000
2.249790000,41.758910000,381.000
2.249880000,41.759070000,382.000
2.250130000,41.759450000,384.000
2.250830000,41.760500000,388.000
2.251540000,41.761590000,392.000
2.251740000,41.761900000,395.000
2.251800000,41.762010000,397.000
2.251930000,41.762270000,399.000
2.252030000,41.762540000,399.000
2.252080000,41.762770000,399.000
2.252090000,41.762930000,399.000
2.252100000,41.763060000,398.000
2.252100000,41.763220000,398.000
2.252080000,41.763370000,397.000
2.252030000,41.763570000,396.000
2.251970000,41.763750000,395.000
2.251890000,41.763940000,394.000
2.251700000,41.764260000,393.000
2.251470000,41.764550000,393.000
2.251110000,41.764880000,393.000
2.250720000,41.765170000,394.000
2.248750000,41.766600000,398.000
2.248300000,41.767010000,401.000
2.247700000,41.767720000,403.000
2.247480000,41.768030000,405.000
2.246140000,41.770240000,406.000
2.245740000,41.770810000,407.000
2.245580000,41.771060000,408.000
2.245430000,41.771460000,408.000
2.245330000,41.771880000,408.000
2.245230000,41.772340000,409.000
2.245140000,41.772800000,408.000
2.245020000,41.774160000,405.000
2.245030000,41.774600000,405.000
2.245060000,41.775060000,407.000
2.245230000,41.776130000,415.000
2.245500000,41.777190000,419.000
2.245550000,41.777500000,421.000
2.245570000,41.777780000,423.000
2.245590000,41.777990000,424.000
2.245580000,41.778210000,424.000
2.245570000,41.778360000,425.000
2.245550000,41.778490000,426.000
2.245540000,41.778670000,426.000
2.245510000,41.778820000,426.000
2.245470000,41.778990000,427.000
2.245430000,41.779160000,427.000
2.245390000,41.779320000,428.000
2.245190000,41.779910000,428.000
2.245120000,41.780110000,428.000
2.245050000,41.780390000,428.000
2.244980000,41.780680000,427.000
2.244950000,41.780900000,426.000
2.244930000,41.781140000,425.000
2.244920000,41.781420000,423.000
2.244920000,41.781610000,422.000
2.244930000,41.781770000,421.000
2.244950000,41.781910000,420.000
2.244970000,41.782080000,420.000
2.245130000,41.782970000,422.000
2.245150000,41.783120000,423.000
2.245140000,41.783280000,424.000
2.245130000,41.783430000,425.000
2.245100000,41.783590000,426.000
2.245050000,41.783730000,426.000
2.244980000,41.783880000,427.000
2.244860000,41.784060000,428.000
2.244720000,41.784220000,428.000
2.244200000,41.784640000,429.000
2.243880000,41.784860000,430.000
2.241840000,41.786370000,432.000
2.241560000,41.786600000,434.000
2.241240000,41.786960000,435.000
2.240790000,41.787630000,437.000
2.240580000,41.787950000,439.000
2.240380000,41.788300000,440.000
2.240200000,41.788710000,441.000
2.239270000,41.791240000,444.000
2.238960000,41.791730000,447.000
2.238710000,41.792080000,449.000
2.238350000,41.792450000,451.000
2.237500000,41.793010000,453.000
2.236820000,41.793410000,455.000
2.236480000,41.793680000,457.000
2.236280000,41.793860000,458.000
2.235970000,41.794210000,460.000
2.235700000,41.794580000,461.000
2.235260000,41.795190000,461.000
2.235150000,41.795340000,462.000
2.234820000,41.795810000,462.000
2.234500000,41.796210000,461.000
2.234220000,41.796470000,461.000
2.233750000,41.796800000,462.000
2.232770000,41.797390000,463.000
2.232290000,41.797770000,465.000
2.231930000,41.798140000,467.000
2.231240000,41.798940000,470.000
2.230900000,41.799410000,473.000
2.230810000,41.799510000,475.000
2.230580000,41.800060000,478.000
2.230510000,41.800590000,482.000
2.230550000,41.800770000,484.000
2.230580000,41.800910000,486.000
2.230590000,41.801160000,488.000
2.230550000,41.801400000,490.000
2.230380000,41.801720000,492.000
2.230330000,41.801810000,494.000
2.229980000,41.802620000,496.000
2.229830000,41.803030000,499.000
2.229650000,41.803450000,501.000
2.229600000,41.803580000,503.000
2.229420000,41.804270000,505.000
2.229370000,41.804430000,507.000
2.229430000,41.804640000,508.000
2.229750000,41.805390000,511.000
2.229900000,41.805740000,513.000
2.230030000,41.806130000,515.000
2.230090000,41.806330000,516.000
2.230140000,41.806530000,518.000
2.230300000,41.806990000,519.000
2.230400000,41.807340000,521.000
2.230740000,41.808570000,523.000
2.230750000,41.808610000,525.000
2.230800000,41.808730000,526.000
2.230920000,41.809180000,528.000
2.231040000,41.809540000,529.000
2.231280000,41.809950000,529.000
2.232040000,41.811030000,530.000
2.232360000,41.811490000,531.000
2.232450000,41.811620000,531.000
2.232650000,41.811900000,531.000
2.232690000,41.811960000,532.000
2.232980000,41.812360000,532.000
2.233000000,41.812390000,532.000
2.233160000,41.812620000,532.000
2.233300000,41.812830000,533.000
2.233340000,41.812880000,533.000
2.233410000,41.812980000,534.000
2.233410000,41.812980000,534.000
2.233600000,41.813250000,535.000
2.233660000,41.813350000,535.000
2.233710000,41.813410000,536.000
2.233840000,41.813600000,537.000
2.233920000,41.813700000,537.000
2.233970000,41.813770000,538.000
2.234010000,41.813820000,539.000
2.234050000,41.813880000,539.000
2.234250000,41.814170000,540.000
2.234340000,41.814310000,541.000
2.234390000,41.814460000,542.000
2.234430000,41.814680000,542.000
2.234410000,41.814810000,543.000
2.234380000,41.814930000,544.000
2.234320000,41.815080000,545.000
2.234280000,41.815150000,545.000
2.234260000,41.815230000,546.000
2.234160000,41.815500000,547.000
2.234110000,41.815650000,548.000
2.233950000,41.816120000,549.000
2.233940000,41.816290000,550.000
2.233960000,41.816460000,550.000
2.234010000,41.816650000,550.000
2.234030000,41.816720000,550.000
2.234230000,41.817080000,550.000
2.234480000,41.817480000,550.000
2.234590000,41.817740000,550.000
2.234670000,41.817900000,549.000
2.234880000,41.818600000,550.000
2.235020000,41.818940000,552.000
2.235090000,41.819110000,553.000
2.235240000,41.819400000,554.000
2.235290000,41.819500000,556.000
2.235330000,41.819570000,557.000
2.235380000,41.819760000,558.000
2.235400000,41.819870000,558.000
2.235410000,41.819980000,559.000
2.235440000,41.820280000,559.000
2.235490000,41.820700000,559.000
2.235530000,41.821100000,560.000
2.235550000,41.821250000,560.000
2.235560000,41.821370000,560.000
2.235570000,41.821450000,560.000
2.235590000,41.821730000,560.000
2.235630000,41.822100000,561.000
2.235690000,41.822510000,562.000
2.235720000,41.822830000,564.000
2.235730000,41.823010000,565.000
2.235760000,41.823160000,566.000
2.235770000,41.823250000,567.000
2.235770000,41.823410000,568.000
2.235800000,41.823610000,569.000
2.235800000,41.823810000,570.000
2.235790000,41.823880000,571.000
2.235780000,41.824020000,572.000
2.235700000,41.824480000,573.000
2.235690000,41.824510000,574.000
2.235610000,41.824900000,575.000
2.235600000,41.824980000,576.000
2.235580000,41.825100000,577.000
2.235620000,41.825190000,577.000
2.235670000,41.825290000,578.000
2.235680000,41.825330000,578.000
2.235710000,41.825350000,579.000
2.235730000,41.825380000,579.000
2.235740000,41.825400000,579.000
2.235730000,41.825430000,579.000
2.235720000,41.825460000,579.000
2.235690000,41.825480000,579.000
2.235660000,41.825500000,579.000
2.235620000,41.825510000,579.000
2.235570000,41.825510000,579.000
2.235520000,41.825540000,579.000
2.235470000,41.825600000,579.000
2.235430000,41.825790000,579.000
2.235370000,41.826040000,579.000
2.235290000,41.826390000,579.000
2.235210000,41.826920000,579.000
2.235160000,41.827170000,579.000
2.235070000,41.827670000,579.000
2.235030000,41.827900000,578.000
2.235000000,41.828190000,577.000
2.234960000,41.828410000,576.000
2.234920000,41.828780000,575.000
2.234780000,41.829470000,573.000
2.234630000,41.830190000,573.000
2.234470000,41.831080000,573.000
2.233830000,41.834740000,578.000
2.233840000,41.834960000,581.000
2.233790000,41.835450000,583.000
2.233710000,41.836150000,585.000
2.233490000,41.837360000,586.000
2.233320000,41.838390000,587.000
2.233240000,41.838830000,587.000
2.233170000,41.839270000,588.000
2.233120000,41.839650000,588.000
2.233080000,41.840020000,587.000
2.233050000,41.840780000,586.000
2.233020000,41.841270000,584.000
2.233000000,41.841790000,584.000
2.232990000,41.842060000,583.000
2.232970000,41.842320000,583.000
2.232860000,41.844570000,584.000
2.232840000,41.845050000,586.000
2.232840000,41.845210000,587.000
2.232830000,41.845480000,588.000
2.232850000,41.845870000,589.000
2.232870000,41.845950000,590.000
2.232920000,41.846020000,591.000
2.233000000,41.846080000,592.000
2.233130000,41.846110000,592.000
2.233210000,41.846120000,593.000
2.233300000,41.846120000,593.000
2.233470000,41.846090000,594.000
2.233520000,41.846070000,594.000
2.233580000,41.846050000,594.000
2.233650000,41.846010000,594.000
2.233660000,41.845990000,595.000
2.233680000,41.845960000,595.000
2.233710000,41.845940000,595.000
2.233740000,41.845920000,595.000
2.233780000,41.845910000,595.000
2.233810000,41.845900000,595.000
2.233850000,41.845890000,595.000
2.233890000,41.845890000,595.000
2.233930000,41.845900000,595.000
2.233960000,41.845890000,595.000
2.234010000,41.845880000,595.000
2.234050000,41.845870000,595.000
2.234110000,41.845850000,595.000
2.234260000,41.845770000,596.000
2.234490000,41.845630000,596.000
2.235010000,41.845310000,596.000
2.235100000,41.845270000,597.000
2.235130000,41.845250000,597.000
2.235280000,41.845170000,597.000
2.235420000,41.845090000,598.000
2.235630000,41.844970000,598.000
2.235830000,41.844850000,598.000
2.236070000,41.844730000,598.000
2.236320000,41.844640000,599.000
2.236590000,41.844590000,599.000
2.236760000,41.844590000,599.000
2.236960000,41.844610000,600.000
2.238410000,41.844900000,600.000
2.238560000,41.844920000,600.000
2.239120000,41.844900000,600.000
2.239440000,41.844900000,599.000
2.240240000,41.844870000,598.000
2.240240000,41.844870000,597.000
2.240670000,41.844860000,595.000
2.241610000,41.844830000,593.000
2.241690000,41.844830000,592.000
2.241760000,41.844820000,591.000
2.241820000,41.844800000,590.000
2.241860000,41.844790000,590.000
2.241900000,41.844770000,589.000
2.241940000,41.844730000,589.000
2.241960000,41.844720000,589.000
2.241970000,41.844710000,589.000
2.241990000,41.844700000,589.000
2.242010000,41.844690000,589.000
2.242040000,41.844680000,588.000
2.242070000,41.844680000,588.000
2.242090000,41.844670000,588.000
2.242130000,41.844670000,588.000
2.242150000,41.844680000,588.000
2.242180000,41.844690000,588.000
2.242210000,41.844700000,588.000
2.242230000,41.844710000,588.000
2.242250000,41.844730000,588.000
2.242280000,41.844750000,588.000
2.242310000,41.844770000,588.000
2.242340000,41.844780000,588.000
2.242370000,41.844790000,588.000
2.242410000,41.844800000,587.000
2.242450000,41.844800000,587.000
2.242510000,41.844810000,587.000
2.242800000,41.844790000,587.000
2.244350000,41.844750000,585.000
2.247140000,41.844670000,582.000
2.248120000,41.844640000,580.000
2.248370000,41.844630000,579.000
2.248590000,41.844620000,578.000
2.248820000,41.844620000,578.000
2.248840000,41.844620000,578.000
2.248950000,41.844610000,578.000
2.249090000,41.844610000,578.000
2.249140000,41.844610000,578.000
2.249200000,41.844600000,578.000
2.249390000,41.844580000,579.000
2.249520000,41.844560000,579.000
2.249640000,41.844520000,579.000
2.249770000,41.844480000,579.000
2.249870000,41.844430000,580.000
2.249960000,41.844380000,580.000
2.250140000,41.844250000,581.000
2.250340000,41.844120000,581.000
2.250460000,41.844040000,582.000
2.250500000,41.844010000,582.000
2.250960000,41.844380000,583.000
2.250990000,41.844400000,584.000
2.251150000,41.844530000,585.000
2.251490000,41.844750000,586.000
2.251760000,41.844910000,586.000
2.252060000,41.845100000,586.000
2.252820000,41.845550000,586.000
2.253180000,41.845750000,586.000
2.253510000,41.845940000,585.000
2.253790000,41.846110000,585.000
2.254050000,41.846290000,585.000
2.255710000,41.847370000,584.000
2.255840000,41.847450000,583.000
2.255970000,41.847520000,582.000
2.256130000,41.847570000,582.000
2.256340000,41.847610000,581.000
2.256670000,41.847640000,579.000
2.257030000,41.847660000,578.000
2.257240000,41.847680000,577.000
2.257430000,41.847700000,576.000
2.257520000,41.847720000,575.000
2.257630000,41.847750000,574.000
2.257690000,41.847770000,573.000
2.257890000,41.847830000,572.000
2.258090000,41.847940000,571.000
2.258270000,41.848060000,571.000
2.258560000,41.848300000,571.000
2.259640000,41.849240000,571.000
2.259790000,41.849360000,571.000
2.259950000,41.849450000,571.000
2.260100000,41.849520000,571.000
2.261280000,41.849900000,569.000
2.261430000,41.849960000,568.000
2.261570000,41.850030000,568.000
2.261650000,41.850100000,567.000
2.261720000,41.850160000,566.000
2.261860000,41.850300000,566.000
2.262080000,41.850570000,565.000
2.262420000,41.850990000,565.000
2.262940000,41.851610000,564.000
2.263140000,41.851840000,564.000
2.263360000,41.852030000,564.000
2.263500000,41.852150000,564.000
2.263840000,41.852470000,564.000
2.264580000,41.853090000,564.000
2.266430000,41.854660000,564.000
2.266960000,41.855000000,564.000
2.268210000,41.855840000,564.000
2.268790000,41.856220000,563.000
2.269080000,41.856410000,563.000
2.269380000,41.856580000,563.000
2.269530000,41.856620000,563.000
2.269720000,41.856650000,562.000
2.269910000,41.856650000,562.000
2.270080000,41.856640000,562.000
2.270290000,41.856640000,562.000
2.270450000,41.856640000,562.000
2.270650000,41.856650000,562.000
2.270840000,41.856680000,562.000
2.271520000,41.856790000,562.000
2.271890000,41.856860000,562.000
2.272120000,41.856930000,563.000
2.272530000,41.857190000,565.000
2.272780000,41.857370000,566.000
2.273610000,41.857800000,569.000
2.273940000,41.857970000,571.000
2.274130000,41.858050000,572.000
2.274370000,41.858100000,573.000
2.274850000,41.858140000,573.000
2.275140000,41.858180000,574.000
2.275430000,41.858250000,574.000
2.275770000,41.858370000,574.000
2.275970000,41.858470000,574.000
2.276160000,41.858560000,575.000
2.276250000,41.858640000,575.000
2.276310000,41.858730000,576.000
2.276340000,41.858810000,577.000
2.276350000,41.858930000,578.000
2.276320000,41.859040000,579.000
2.276250000,41.859140000,579.000
2.276110000,41.859240000,580.000
2.276000000,41.859340000,581.000
2.275950000,41.859430000,582.000
2.275940000,41.859510000,583.000
2.275970000,41.859580000,584.000
2.276040000,41.859680000,585.000
2.276290000,41.859870000,586.000
2.276450000,41.860040000,588.000
2.276500000,41.860120000,589.000
2.276530000,41.860260000,590.000
2.276510000,41.860370000,590.000
2.276420000,41.860660000,591.000
2.276410000,41.860820000,592.000
2.276460000,41.860920000,592.000
2.276530000,41.861030000,593.000
2.276700000,41.861150000,593.000
2.276820000,41.861210000,593.000
2.277290000,41.861430000,594.000
2.278090000,41.861800000,595.000
2.278630000,41.862060000,596.000
2.278630000,41.862060000,597.000
2.278630000,41.862060000,597.000
2.279140000,41.862380000,598.000
2.279370000,41.862620000,598.000
2.279440000,41.862700000,598.000
2.279620000,41.863040000,599.000
2.280200000,41.864600000,600.000
2.280310000,41.864770000,600.000
2.280400000,41.864900000,601.000
2.280420000,41.864940000,601.000
2.281400000,41.866130000,601.000
2.281700000,41.866580000,602.000
2.281850000,41.866880000,602.000
2.282000000,41.867210000,603.000
2.282150000,41.867550000,604.000
2.282270000,41.867840000,605.000
2.282880000,41.869170000,607.000
2.282960000,41.869240000,608.000
2.283020000,41.869280000,609.000
2.283040000,41.869280000,609.000
2.283060000,41.869290000,610.000
2.283100000,41.869310000,610.000
2.283130000,41.869330000,610.000
2.283160000,41.869350000,610.000
2.283170000,41.869370000,610.000
2.283190000,41.869400000,610.000
2.283210000,41.869430000,610.000
2.283220000,41.869460000,610.000
2.283220000,41.869490000,610.000
2.283210000,41.869520000,610.000
2.283200000,41.869550000,610.000
2.283180000,41.869570000,610.000
2.283140000,41.869590000,610.000
2.283110000,41.869600000,610.000
2.283090000,41.869600000,610.000
2.283000000,41.869780000,610.000
2.282960000,41.869810000,610.000
2.282950000,41.869840000,610.000
2.282840000,41.870050000,610.000
2.282580000,41.870500000,610.000
2.282340000,41.870940000,610.000
2.282340000,41.871070000,610.000
2.282350000,41.871180000,609.000
2.282650000,41.872290000,608.000
2.282730000,41.872590000,607.000
2.282750000,41.872640000,606.000
2.282750000,41.872660000,605.000
2.282760000,41.872710000,605.000
2.282760000,41.872810000,604.000
2.282770000,41.873220000,604.000
2.282700000,41.873510000,603.000
2.282570000,41.873780000,602.000
2.282550000,41.873820000,601.000
2.282580000,41.873830000,600.000
2.282610000,41.873840000,600.000
2.282630000,41.873850000,600.000
2.282650000,41.873860000,600.000
2.282670000,41.873880000,599.000
2.282680000,41.873900000,599.000
2.282690000,41.873920000,599.000
2.282690000,41.873940000,599.000
2.282700000,41.873960000,599.000
2.282690000,41.873990000,599.000
2.282680000,41.874010000,599.000
2.282670000,41.874030000,599.000
2.282640000,41.874050000,599.000
2.282620000,41.874070000,599.000
2.282590000,41.874080000,598.000
2.282570000,41.874090000,598.000
2.282550000,41.874090000,598.000
2.282510000,41.874100000,598.000
2.282480000,41.874100000,598.000
2.282440000,41.874090000,598.000
2.282410000,41.874080000,598.000
2.282380000,41.874060000,598.000
2.282360000,41.874050000,598.000
2.282330000,41.874020000,598.000
2.282320000,41.873990000,597.000
2.282250000,41.873910000,597.000
2.282160000,41.873830000,597.000
2.282060000,41.873760000,597.000
2.282010000,41.873730000,597.000
2.281830000,41.873680000,597.000
2.281560000,41.873650000,596.000
2.281350000,41.873680000,596.000
2.281230000,41.873720000,596.000
2.281180000,41.873750000,596.000
2.281120000,41.873800000,596.000
2.281120000,41.873820000,596.000
2.281120000,41.873830000,596.000
2.281110000,41.873840000,596.000
2.281110000,41.873860000,596.000
2.281090000,41.873880000,596.000
2.281080000,41.873900000,596.000
2.281060000,41.873910000,596.000
2.280890000,41.874100000,596.000
2.280850000,41.874210000,596.000
2.280820000,41.874350000,596.000
2.280800000,41.874480000,596.000
2.280800000,41.874580000,596.000
2.280810000,41.874690000,596.000
2.280830000,41.874800000,596.000
2.280870000,41.874900000,596.000
2.280950000,41.875030000,597.000
2.281130000,41.875230000,597.000
2.281410000,41.875540000,599.000
2.281760000,41.875900000,600.000
2.281850000,41.876000000,602.000
2.281930000,41.876090000,603.000
2.282360000,41.876550000,605.000
2.282780000,41.876990000,605.000
2.283010000,41.877290000,604.000
2.283110000,41.877450000,603.000
2.283180000,41.877580000,601.000
2.283240000,41.877700000,600.000
2.283340000,41.877890000,599.000
2.283440000,41.878100000,598.000
2.283780000,41.878770000,595.000
2.283820000,41.878840000,593.000
2.283920000,41.879040000,593.000
2.284130000,41.879410000,594.000
2.284220000,41.879530000,595.000
2.284300000,41.879620000,597.000
2.284450000,41.879750000,598.000
2.284540000,41.879810000,599.000
2.284680000,41.879900000,600.000
2.284820000,41.879960000,602.000
2.285020000,41.880040000,603.000
2.285110000,41.880060000,604.000
2.285250000,41.880090000,605.000
2.285450000,41.880110000,606.000
2.285610000,41.880110000,606.000
2.285670000,41.880110000,607.000
2.285740000,41.880100000,607.000
2.285800000,41.880070000,607.000
2.285860000,41.880050000,607.000
2.285920000,41.880060000,607.000
2.285980000,41.880080000,607.000
2.286020000,41.880100000,607.000
2.286050000,41.880140000,607.000
2.286070000,41.880170000,607.000
2.286070000,41.880210000,607.000
2.286060000,41.880250000,607.000
2.286030000,41.880280000,607.000
2.286000000,41.880310000,607.000
2.285950000,41.880330000,607.000
2.285900000,41.880340000,607.000
2.285850000,41.880400000,607.000
2.285840000,41.880420000,607.000
2.285820000,41.880440000,607.000
2.285770000,41.880540000,607.000
2.285740000,41.880630000,607.000
2.285710000,41.880760000,607.000
2.285690000,41.880840000,607.000
2.285660000,41.880910000,607.000
2.285600000,41.881000000,607.000
2.283990000,41.882960000,606.000
2.283890000,41.883080000,606.000
2.283790000,41.883200000,605.000
2.283750000,41.883250000,604.000
2.283570000,41.883420000,603.000
2.283360000,41.883580000,602.000
2.283140000,41.883740000,601.000
2.283080000,41.883780000,600.000
2.282950000,41.883880000,599.000
2.282240000,41.884380000,596.000
2.281850000,41.884740000,595.000
2.281540000,41.885110000,593.000
2.281490000,41.885190000,592.000
2.281140000,41.885760000,591.000
2.281110000,41.885820000,591.000
2.280990000,41.886020000,590.000
2.280950000,41.886080000,590.000
2.280870000,41.886230000,589.000
2.280700000,41.886520000,589.000
2.280170000,41.887380000,587.000
2.280030000,41.887640000,585.000
2.279900000,41.887940000,583.000
2.279780000,41.888480000,581.000
2.279420000,41.890580000,579.000
2.279400000,41.890710000,577.000
2.279420000,41.890990000,575.000
2.279440000,41.891080000,573.000
2.279600000,41.891380000,572.000
2.279840000,41.891720000,570.000
2.281460000,41.893770000,564.000
2.282000000,41.894320000,559.000
2.282180000,41.894810000,555.000
2.282390000,41.895120000,552.000
2.282680000,41.895430000,550.000
2.282730000,41.895510000,548.000
2.282900000,41.895770000,546.000
2.282930000,41.895880000,545.000
2.283240000,41.896790000,543.000
2.283270000,41.897000000,542.000
2.283270000,41.897230000,540.000
2.283270000,41.897360000,539.000
2.283260000,41.897620000,538.000
2.283240000,41.897890000,538.000
2.283220000,41.898020000,537.000
2.283180000,41.898140000,537.000
2.283100000,41.898270000,536.000
2.283000000,41.898390000,536.000
2.282050000,41.898940000,535.000
2.281750000,41.899100000,534.000
2.281620000,41.899170000,533.000
2.281580000,41.899190000,533.000
2.281260000,41.899350000,532.000
2.281090000,41.899410000,532.000
2.280920000,41.899460000,531.000
2.280800000,41.899500000,530.000
2.280750000,41.899560000,530.000
2.280740000,41.899590000,530.000
2.280740000,41.899610000,529.000
2.280760000,41.899650000,529.000
2.280800000,41.899680000,529.000
2.280860000,41.899700000,529.000
2.280920000,41.899710000,529.000
2.281210000,41.899730000,528.000
2.281240000,41.899730000,528.000
2.281330000,41.899750000,528.000
2.281430000,41.899790000,527.000
2.281480000,41.899810000,527.000
2.281550000,41.899890000,527.000
2.281590000,41.899980000,526.000
2.281620000,41.900120000,525.000
2.281660000,41.900370000,524.000
2.281720000,41.900620000,523.000
2.281760000,41.900700000,521.000
2.281790000,41.900780000,520.000
2.281940000,41.901010000,519.000
2.282040000,41.901150000,517.000
2.282160000,41.901310000,516.000
2.282180000,41.901340000,515.000
2.282260000,41.901450000,514.000
2.282360000,41.901580000,513.000
2.282390000,41.901650000,512.000
2.282400000,41.901740000,511.000
2.282390000,41.901830000,511.000
2.282380000,41.901900000,510.000
2.282240000,41.902290000,509.000
2.282080000,41.902720000,508.000
2.282060000,41.902760000,507.000
2.281890000,41.903200000,505.000
2.281870000,41.903240000,504.000
2.281530000,41.904160000,502.000
2.281420000,41.904440000,500.000
2.281330000,41.904680000,499.000
2.281320000,41.904690000,498.000
2.281230000,41.904940000,498.000
2.281120000,41.905230000,497.000
2.280770000,41.906160000,496.000
2.280760000,41.906190000,496.000
2.280700000,41.906340000,495.000
2.280620000,41.906540000,495.000
2.280520000,41.906820000,495.000
2.280490000,41.906890000,495.000
2.280350000,41.907190000,496.000
2.280270000,41.907310000,496.000
2.280170000,41.907430000,496.000
2.279970000,41.907610000,496.000
2.279630000,41.907910000,497.000
2.279570000,41.907980000,497.000
2.279460000,41.908100000,497.000
2.279370000,41.908240000,497.000
2.278730000,41.909380000,497.000
2.278410000,41.909950000,496.000
2.278250000,41.910250000,496.000
2.278150000,41.910410000,495.000
2.278060000,41.910560000,494.000
2.278000000,41.910640000,494.000
2.277920000,41.910740000,493.000
2.277790000,41.910870000,492.000
2.277600000,41.911030000,492.000
2.276840000,41.911680000,490.000
2.276440000,41.912030000,489.000
2.276260000,41.912180000,488.000
2.276090000,41.912300000,487.000
2.275750000,41.912530000,486.000
2.275540000,41.912660000,486.000
2.275330000,41.912810000,485.000
2.274290000,41.913530000,485.000
2.274210000,41.913590000,484.000
2.274140000,41.913650000,484.000
2.274010000,41.913780000,484.000
2.273940000,41.913850000,483.000
2.273860000,41.913970000,483.000
2.273740000,41.914200000,483.000
2.273350000,41.914990000,482.000
2.271840000,41.918100000,479.000
2.271010000,41.919810000,478.000
2.270720000,41.920410000,477.000
2.270170000,41.921550000,476.000
2.269720000,41.922510000,474.000
2.268620000,41.924770000,472.000
2.268200000,41.925620000,471.000
2.268200000,41.925700000,470.000
2.268200000,41.925760000,469.000
2.268220000,41.925770000,469.000
2.268240000,41.925790000,468.000
2.268260000,41.925810000,468.000
2.268270000,41.925840000,468.000
2.268270000,41.925860000,468.000
2.268270000,41.925880000,468.000
2.268270000,41.925910000,467.000
2.268260000,41.925930000,467.000
2.268240000,41.925950000,467.000
2.268230000,41.925970000,467.000
2.268210000,41.925990000,467.000
2.268180000,41.926000000,467.000
2.268150000,41.926010000,467.000
2.268120000,41.926020000,467.000
2.268090000,41.926020000,467.000
2.268060000,41.926030000,467.000
2.268030000,41.926020000,467.000
2.267990000,41.926010000,467.000
2.267960000,41.926000000,467.000
2.267930000,41.925990000,467.000
2.267910000,41.925970000,467.000
2.267900000,41.925950000,467.000
2.267880000,41.925930000,467.000
2.267870000,41.925910000,467.000
2.267790000,41.925870000,467.000
2.267670000,41.925850000,467.000
2.267210000,41.925870000,467.000
2.267210000,41.925870000,467.000
2.267090000,41.925880000,467.000
2.266470000,41.925910000,468.000
2.265590000,41.925940000,469.000
2.265320000,41.925950000,470.000
2.264950000,41.925990000,472.000
2.264820000,41.926000000,473.000
2.264530000,41.926030000,474.000
2.264430000,41.926050000,474.000
2.264360000,41.926080000,475.000
2.264360000,41.926090000,475.000
2.264350000,41.926100000,475.000
2.264340000,41.926110000,475.000
2.264340000,41.926120000,476.000
2.264330000,41.926130000,476.000
2.264310000,41.926140000,476.000
2.264380000,41.926250000,476.000
2.264980000,41.927280000,476.000
2.265070000,41.927450000,477.000
2.265130000,41.927560000,477.000
2.265160000,41.927680000,478.000
2.265620000,41.929260000,476.000
2.265640000,41.929330000,475.000
2.265660000,41.929340000,474.000
2.265680000,41.929350000,474.000
2.265700000,41.929370000,473.000
2.265710000,41.929380000,473.000
2.265720000,41.929400000,473.000
2.265730000,41.929420000,473.000
2.265730000,41.929430000,473.000
2.265730000,41.929450000,473.000
2.265720000,41.929460000,473.000
2.265710000,41.929480000,473.000
2.265700000,41.929490000,473.000
2.265690000,41.929500000,473.000
2.265670000,41.929510000,473.000
2.265660000,41.929520000,473.000
2.265640000,41.929530000,473.000
2.265620000,41.929530000,473.000
2.265610000,41.929620000,473.000
2.265580000,41.930100000,474.000
2.265580000,41.930190000,474.000
2.265620000,41.931150000,475.000
2.265630000,41.931290000,476.000
2.265680000,41.931440000,477.000
2.265740000,41.931890000,477.000
2.265860000,41.932320000,476.000
2.265960000,41.932650000,475.000
2.266000000,41.932800000,474.000
2.266070000,41.932950000,473.000
2.266160000,41.933150000,472.000
2.266480000,41.933830000,472.000
2.266790000,41.934260000,471.000
2.266980000,41.934460000,471.000
2.267230000,41.934740000,471.000
2.267300000,41.934800000,471.000
2.267350000,41.934830000,471.000
2.267360000,41.934830000,471.000
2.267380000,41.934830000,471.000
2.267400000,41.934830000,471.000
2.267420000,41.934830000,471.000
2.267440000,41.934840000,471.000
2.267450000,41.934850000,471.000
2.267470000,41.934860000,471.000
2.267480000,41.934870000,471.000
2.267490000,41.934880000,471.000
2.267500000,41.934890000,471.000
2.267510000,41.934910000,471.000
2.267510000,41.934920000,472.000
2.267520000,41.934940000,472.000
2.267520000,41.934950000,472.000
2.267510000,41.934960000,472.000
2.267510000,41.934980000,472.000
2.267500000,41.934990000,472.000
2.267490000,41.935000000,472.000
2.267480000,41.935010000,472.000
2.267470000,41.935030000,472.000
2.267450000,41.935030000,472.000
2.267430000,41.935040000,472.000
2.267420000,41.935050000,472.000
2.267400000,41.935050000,472.000
2.267380000,41.935050000,472.000
2.267360000,41.935050000,472.000
2.267340000,41.935050000,472.000
2.267320000,41.935050000,472.000
2.267300000,41.935040000,473.000
2.267180000,41.935110000,473.000
2.266900000,41.935270000,473.000
2.266070000,41.935750000,475.000
2.265460000,41.936100000,476.000
2.265270000,41.936170000,477.000
2.265230000,41.936220000,478.000
2.265230000,41.936230000,478.000
2.265230000,41.936240000,478.000
2.265230000,41.936240000,479.000
2.265230000,41.936260000,479.000
2.265230000,41.936260000,479.000
2.265220000,41.936280000,479.000
2.265210000,41.936290000,479.000
2.265200000,41.936300000,479.000
2.265190000,41.936300000,479.000
2.265170000,41.936310000,479.000
2.265160000,41.936320000,479.000
2.265270000,41.936460000,479.000
2.265810000,41.937060000,478.000
2.266190000,41.937470000,477.000
2.266410000,41.937770000,476.000
2.266530000,41.937990000,475.000
2.266970000,41.938760000,474.000
2.267580000,41.939860000,471.000
2.267840000,41.940350000,469.000
2.268160000,41.940870000,468.000
2.268240000,41.940980000,467.000
2.268360000,41.941120000,467.000
2.268540000,41.941260000,467.000
2.268730000,41.941400000,467.000
2.268920000,41.941540000,467.000
2.269020000,41.941610000,467.000
2.269140000,41.941700000,466.000
2.269700000,41.942100000,466.000
2.270060000,41.942360000,466.000
2.270210000,41.942480000,466.000
2.270270000,41.942540000,465.000
2.270380000,41.942660000,465.000
2.270460000,41.942790000,465.000
2.270560000,41.943020000,465.000
2.270590000,41.943080000,465.000
2.270710000,41.943330000,465.000
2.271010000,41.943940000,466.000
2.271120000,41.944100000,467.000
2.271320000,41.944360000,468.000
2.271570000,41.944730000,469.000
2.272640000,41.946260000,468.000
2.273060000,41.946860000,468.000
2.273100000,41.946920000,467.000
2.273610000,41.947590000,466.000
2.273660000,41.947640000,466.000
2.273910000,41.947920000,465.000
2.274380000,41.948560000,464.000
2.274510000,41.948800000,463.000
2.274590000,41.948950000,462.000
2.274630000,41.949130000,461.000
2.274720000,41.949300000,460.000
2.274860000,41.949400000,459.000
2.274910000,41.949480000,459.000
2.274950000,41.949560000,458.000
2.274990000,41.949690000,458.000
2.275020000,41.949820000,457.000
2.275030000,41.949940000,457.000
2.275030000,41.950070000,457.000
2.275000000,41.950140000,456.000
2.274960000,41.950210000,456.000
2.274830000,41.950330000,455.000
2.274800000,41.950420000,455.000
2.274780000,41.950510000,455.000
2.274790000,41.950570000,455.000
2.274840000,41.950680000,455.000
2.274970000,41.950850000,454.000
2.275040000,41.950940000,454.000
2.275110000,41.951050000,454.000
2.275430000,41.951300000,454.000
2.275870000,41.951680000,454.000
2.275970000,41.951800000,454.000
2.276110000,41.951880000,454.000
2.276250000,41.951920000,454.000
2.276280000,41.951920000,454.000
2.276320000,41.951920000,454.000
2.276440000,41.951950000,454.000
2.276580000,41.952040000,454.000
2.276840000,41.952230000,455.000
2.277100000,41.952430000,455.000
2.277160000,41.952490000,456.000
2.277170000,41.952530000,456.000
2.277160000,41.952560000,457.000
2.277280000,41.952670000,457.000
2.277500000,41.952790000,457.000
2.277610000,41.952840000,458.000
2.277730000,41.952890000,458.000
2.278280000,41.953080000,459.000
2.278800000,41.953270000,459.000
2.279160000,41.953440000,460.000
2.281010000,41.954420000,460.000
2.281120000,41.954420000,460.000
2.281290000,41.954430000,460.000
2.281310000,41.954420000,459.000
2.281330000,41.954400000,459.000
2.281360000,41.954390000,459.000
2.281390000,41.954380000,459.000
2.281420000,41.954370000,459.000
2.281450000,41.954370000,459.000
2.281480000,41.954370000,459.000
2.281520000,41.954370000,459.000
2.281550000,41.954380000,459.000
2.281590000,41.954390000,459.000
2.281620000,41.954400000,459.000
2.281640000,41.954420000,459.000
2.281670000,41.954430000,459.000
2.281690000,41.954460000,459.000
2.281700000,41.954480000,459.000
2.281720000,41.954500000,459.000
2.281720000,41.954530000,459.000
2.281720000,41.954560000,459.000
2.281720000,41.954580000,459.000
2.281710000,41.954600000,459.000
2.281700000,41.954620000,459.000
2.281820000,41.954880000,459.000
2.281920000,41.954990000,459.000
2.282170000,41.955210000,459.000
2.282800000,41.955680000,459.000
2.282940000,41.955780000,459.000
2.283560000,41.956310000,458.000
2.283740000,41.956460000,458.000
2.283900000,41.956600000,458.000
2.284060000,41.956730000,457.000
2.284190000,41.956840000,457.000
2.284460000,41.957050000,457.000
2.284800000,41.957320000,457.000
2.284870000,41.957380000,457.000
2.285260000,41.957690000,457.000
2.285440000,41.957760000,457.000
2.285550000,41.957830000,457.000
2.285670000,41.957880000,458.000
2.285750000,41.957900000,458.000
2.285850000,41.957920000,458.000
2.285930000,41.957920000,458.000
2.286020000,41.957920000,458.000
2.286110000,41.957900000,458.000
2.286180000,41.957880000,458.000
2.286240000,41.957860000,458.000
2.286310000,41.957830000,458.000
2.286470000,41.957740000,458.000
2.286570000,41.957680000,458.000
2.286690000,41.957610000,458.000
2.286730000,41.957580000,458.000
2.286830000,41.957510000,458.000
2.286970000,41.957390000,458.000
2.287040000,41.957310000,458.000
2.287050000,41.957160000,458.000
2.287050000,41.957100000,457.000
2.287030000,41.957020000,457.000
2.286990000,41.956960000,457.000
2.286950000,41.956910000,457.000
2.286880000,41.956860000,457.000
2.286800000,41.956820000,457.000
2.286700000,41.956800000,457.000
2.286600000,41.956790000,457.000
2.286500000,41.956810000,456.000
2.286400000,41.956830000,456.000
2.286320000,41.956870000,456.000
2.286030000,41.957080000,456.000
2.285700000,41.957270000,456.000
2.285440000,41.957460000,455.000
2.285400000,41.957490000,455.000
2.284980000,41.957780000,455.000
2.284680000,41.957980000,455.000
2.284490000,41.958100000,454.000
2.284250000,41.958240000,454.000
2.283950000,41.958430000,454.000
2.283740000,41.958540000,454.000
2.283430000,41.958720000,454.000
2.282850000,41.959000000,455.000
2.282490000,41.959150000,456.000
2.282200000,41.959270000,457.000
2.281910000,41.959370000,458.000
2.281480000,41.959520000,459.000
2.281200000,41.959600000,459.000
2.280880000,41.959690000,459.000
2.280430000,41.959810000,457.000
2.280180000,41.959870000,456.000
2.279270000,41.960080000,453.000
2.278860000,41.960170000,450.000
2.278690000,41.960200000,448.000
2.278360000,41.960260000,447.000
2.278070000,41.960310000,446.000
2.277750000,41.960350000,446.000
2.277340000,41.960410000,446.000
2.276960000,41.960450000,446.000
2.276360000,41.960500000,447.000
2.276010000,41.960520000,447.000
2.275640000,41.960540000,447.000
2.275100000,41.960550000,448.000
2.274520000,41.960550000,448.000
2.274080000,41.960530000,449.000
2.273660000,41.960510000,449.000
2.273140000,41.960480000,450.000
2.272060000,41.960390000,450.000
2.271650000,41.960360000,451.000
2.271290000,41.960340000,451.000
2.270910000,41.960330000,451.000
2.270490000,41.960330000,452.000
2.268380000,41.960650000,454.000
2.267150000,41.960910000,457.000
2.266650000,41.961060000,459.000
2.266590000,41.961090000,460.000
2.266500000,41.961180000,461.000
2.266480000,41.961190000,462.000
2.266450000,41.961220000,463.000
2.266410000,41.961370000,463.000
2.266410000,41.961490000,464.000
2.266420000,41.961560000,464.000
2.266720000,41.962160000,464.000
2.267180000,41.963110000,464.000
2.267780000,41.964310000,464.000
2.267910000,41.964580000,465.000
2.268100000,41.964940000,466.000
2.268690000,41.966100000,468.000
2.269330000,41.967420000,469.000
2.269430000,41.967640000,470.000
2.270270000,41.969300000,469.000
2.271910000,41.972670000,464.000
2.272170000,41.973190000,461.000
2.273320000,41.975500000,461.000
2.273680000,41.976220000,461.000
2.273750000,41.976310000,461.000
2.273800000,41.976370000,461.000
2.273820000,41.976370000,461.000
2.273840000,41.976370000,461.000
2.273860000,41.976380000,461.000
2.273870000,41.976390000,462.000
2.273880000,41.976400000,462.000
2.273890000,41.976410000,462.000
2.273910000,41.976420000,462.000
2.273920000,41.976430000,462.000
2.273920000,41.976450000,462.000
2.273930000,41.976460000,462.000
2.273930000,41.976470000,462.000
2.273930000,41.976480000,462.000
2.273920000,41.976510000,462.000
2.273910000,41.976530000,462.000
2.273900000,41.976540000,462.000
2.273890000,41.976550000,462.000
2.273900000,41.976650000,462.000
2.273920000,41.976730000,462.000
2.274170000,41.977220000,463.000
2.274210000,41.977320000,463.000
2.274410000,41.977720000,464.000
2.274670000,41.978260000,467.000
2.275240000,41.979420000,471.000
2.275750000,41.980570000,472.000
2.276040000,41.981260000,471.000
2.277150000,41.983880000,469.000
2.277880000,41.985590000,465.000
2.278470000,41.987000000,459.000
2.278670000,41.987470000,455.000
2.278790000,41.987730000,452.000
2.279320000,41.989020000,449.000
2.279320000,41.989020000,447.000
2.279370000,41.989140000,445.000
2.279840000,41.990240000,444.000
2.280760000,41.992350000,442.000
2.281460000,41.994060000,444.000
2.281640000,41.994480000,446.000
2.281720000,41.994640000,447.000
2.281810000,41.994800000,448.000
2.281960000,41.994920000,448.000
2.282040000,41.994970000,449.000
2.282200000,41.995050000,449.000
2.282350000,41.995120000,449.000
2.283120000,41.995380000,449.000
2.283500000,41.995490000,449.000
2.284350000,41.995780000,449.000
2.285190000,41.996060000,448.000
2.285210000,41.996070000,448.000
2.285450000,41.996090000,448.000
2.285500000,41.996100000,448.000
2.285540000,41.996110000,447.000
2.285570000,41.996120000,447.000
2.285770000,41.996180000,447.000
2.285860000,41.996210000,447.000
2.285950000,41.996260000,447.000
2.286000000,41.996290000,447.000
2.286060000,41.996320000,447.000
2.286070000,41.996310000,447.000
2.286080000,41.996310000,447.000
2.286090000,41.996320000,447.000
2.286100000,41.996320000,446.000
2.286110000,41.996320000,446.000
2.286120000,41.996330000,446.000
2.286130000,41.996330000,446.000
2.286130000,41.996340000,446.000
2.286140000,41.996350000,446.000
2.286140000,41.996360000,446.000
2.286140000,41.996360000,446.000
2.286140000,41.996370000,446.000
2.286140000,41.996380000,446.000
2.286130000,41.996390000,446.000
2.286130000,41.996390000,446.000
2.286130000,41.996480000,446.000
2.286140000,41.996540000,446.000
2.286140000,41.996580000,446.000
2.286130000,41.996620000,446.000
2.286110000,41.996640000,446.000
2.286090000,41.996660000,446.000
2.285790000,41.997590000,445.000
2.285780000,41.997610000,445.000
2.285780000,41.997620000,445.000
2.285780000,41.997620000,445.000
2.285790000,41.997630000,445.000
2.285800000,41.997630000,445.000
2.285800000,41.997630000,445.000
2.285810000,41.997630000,445.000
2.285810000,41.997640000,445.000
2.285820000,41.997640000,445.000
2.285820000,41.997640000,445.000
2.285820000,41.997650000,445.000
2.285830000,41.997650000,445.000
2.285830000,41.997660000,445.000
2.285830000,41.997660000,445.000
2.285830000,41.997670000,445.000
2.285830000,41.997670000,445.000
2.285830000,41.997680000,445.000
2.285830000,41.997680000,445.000
2.285830000,41.997680000,445.000
2.285870000,41.997710000,445.000
2.285880000,41.997710000,445.000
2.285930000,41.997750000,445.000
2.286060000,41.997840000,445.000
2.286160000,41.997910000,445.000
2.286260000,41.997990000,445.000
2.286330000,41.998040000,445.000
2.286360000,41.998070000,445.000
2.286380000,41.998090000,445.000
2.286390000,41.998130000,445.000
2.286400000,41.998160000,446.000
2.286400000,41.998200000,446.000
2.286220000,41.998980000,446.000
2.286210000,41.999020000,446.000
2.286200000,41.999070000,447.000
2.285990000,41.999960000,447.000
2.285820000,42.000660000,448.000
2.285790000,42.000890000,450.000
2.285780000,42.000940000,450.000
2.285790000,42.000990000,451.000
2.285800000,42.001040000,451.000
2.285830000,42.001060000,452.000
2.285870000,42.001070000,452.000
2.285910000,42.001090000,452.000
2.285930000,42.001120000,452.000
2.285940000,42.001150000,452.000
2.285930000,42.001170000,452.000
2.285920000,42.001200000,453.000
2.285880000,42.001230000,453.000
2.285840000,42.001240000,453.000
2.285800000,42.001240000,453.000
2.285770000,42.001240000,453.000
2.285740000,42.001230000,453.000
2.285710000,42.001260000,453.000
2.285670000,42.001320000,453.000
2.285660000,42.001360000,454.000
2.285460000,42.002170000,455.000
2.285380000,42.002470000,455.000
2.285370000,42.002520000,456.000
2.285360000,42.002550000,456.000
2.285320000,42.002650000,456.000
2.285220000,42.002790000,456.000
2.284600000,42.003420000,457.000
2.284600000,42.003490000,457.000
2.284550000,42.003560000,457.000
2.284410000,42.003710000,457.000
2.284400000,42.003720000,457.000
2.284330000,42.003780000,457.000
2.284350000,42.003820000,457.000
2.284360000,42.003870000,457.000
2.284340000,42.003910000,458.000
2.284300000,42.003950000,458.000
2.284260000,42.003980000,458.000
2.284210000,42.003990000,458.000
2.284160000,42.004000000,458.000
2.284110000,42.003990000,458.000
2.284070000,42.003970000,458.000
2.284010000,42.004030000,458.000
2.284000000,42.004040000,458.000
2.283730000,42.004300000,458.000
2.283630000,42.004400000,458.000
2.283580000,42.004450000,458.000
2.283460000,42.004570000,458.000
2.283440000,42.004590000,459.000
2.283410000,42.004620000,459.000
2.283190000,42.004830000,459.000
2.283130000,42.004910000,459.000
2.283100000,42.004940000,459.000
2.282910000,42.005130000,459.000
2.282890000,42.005150000,459.000
2.282050000,42.005990000,461.000
2.281970000,42.006080000,462.000
2.281910000,42.006130000,463.000
2.281860000,42.006190000,464.000
2.281630000,42.006420000,465.000
2.281610000,42.006440000,465.000
2.281520000,42.006530000,466.000
2.281440000,42.006610000,466.000
2.281410000,42.006640000,467.000
2.280960000,42.007090000,467.000
2.280920000,42.007130000,467.000
2.280570000,42.007480000,467.000
2.280350000,42.007690000,467.000
2.280300000,42.007740000,467.000
2.280230000,42.007810000,467.000
2.280110000,42.007930000,467.000
2.279810000,42.008230000,467.000
2.279760000,42.008270000,467.000
2.279740000,42.008290000,468.000
2.279610000,42.008430000,468.000
2.279600000,42.008440000,468.000
2.279300000,42.008740000,468.000
2.279270000,42.008780000,468.000
2.279260000,42.008810000,468.000
2.279260000,42.008830000,468.000
2.279230000,42.008900000,468.000
2.279220000,42.008930000,468.000
2.279230000,42.008950000,468.000
2.279250000,42.009000000,468.000
2.279240000,42.009040000,468.000
2.279240000,42.009050000,468.000
2.279210000,42.009100000,468.000
2.279160000,42.009130000,468.000
2.279140000,42.009140000,468.000
2.279090000,42.009160000,468.000
2.279020000,42.009160000,468.000
2.279010000,42.009150000,468.000
2.278820000,42.009240000,468.000
2.278320000,42.009740000,468.000
2.277790000,42.010280000,469.000
2.277270000,42.010800000,470.000
2.277010000,42.011060000,471.000
2.276760000,42.011310000,472.000
2.276420000,42.011650000,474.000
2.276260000,42.011830000,475.000
2.276120000,42.012010000,476.000
2.276030000,42.012160000,477.000
2.275970000,42.012310000,478.000
2.275920000,42.012470000,478.000
2.275900000,42.012620000,479.000
2.275900000,42.012780000,480.000
2.275930000,42.013100000,481.000
2.275950000,42.013430000,482.000
2.275970000,42.013630000,483.000
2.276010000,42.014070000,484.000
2.276040000,42.014290000,486.000
2.276060000,42.014500000,487.000
2.276100000,42.014650000,488.000
2.276160000,42.014800000,489.000
2.276250000,42.014970000,490.000
2.276360000,42.015140000,491.000
2.276600000,42.015460000,492.000
2.277080000,42.016130000,494.000
2.277170000,42.016280000,496.000
2.277230000,42.016430000,498.000
2.277280000,42.016600000,499.000
2.277320000,42.016770000,499.000
2.277310000,42.016880000,500.000
2.277280000,42.017180000,499.000
2.277210000,42.017400000,498.000
2.277110000,42.017610000,498.000
2.276900000,42.017890000,496.000
2.276960000,42.017950000,495.000
2.277000000,42.018060000,495.000
2.276910000,42.018120000,494.000
2.276910000,42.018120000,494.000
2.277000000,42.018060000,494.000
2.276960000,42.017950000,494.000
2.276900000,42.017890000,494.000
2.276660000,42.018110000,494.000
2.276390000,42.018330000,494.000
2.276020000,42.018610000,494.000
2.275680000,42.018880000,495.000
2.275540000,42.019010000,495.000
2.275420000,42.019150000,495.000
2.275160000,42.019650000,496.000
2.274900000,42.020180000,497.000
2.274880000,42.020210000,497.000
2.274880000,42.020340000,498.000
2.274910000,42.020430000,499.000
2.274950000,42.020470000,499.000
2.274960000,42.020500000,499.000
2.274950000,42.020560000,500.000
2.274950000,42.020560000,500.000
2.275030000,42.020620000,500.000
2.275130000,42.020710000,500.000
2.275250000,42.020780000,501.000
2.275350000,42.020870000,501.000
2.275440000,42.020970000,501.000
2.275490000,42.021090000,502.000
2.275580000,42.021290000,502.000
2.275690000,42.021710000,503.000
2.275770000,42.021930000,503.000
2.275830000,42.022200000,503.000
2.275820000,42.022380000,503.000
2.275790000,42.022560000,503.000
2.275760000,42.022730000,503.000
2.275700000,42.022940000,503.000
2.275630000,42.023060000,503.000
2.275520000,42.023380000,504.000
2.275470000,42.023520000,504.000
2.275480000,42.023610000,504.000
2.275490000,42.023760000,505.000
2.275560000,42.023950000,505.000
2.275610000,42.024110000,505.000
2.275920000,42.025020000,506.000
2.276040000,42.025390000,507.000
2.276190000,42.025820000,507.000
2.276320000,42.026230000,507.000
2.276320000,42.026370000,507.000
2.276310000,42.026600000,507.000
2.276200000,42.027180000,507.000
2.276180000,42.027330000,507.000
2.276020000,42.028140000,509.000
2.275820000,42.029140000,512.000
2.275750000,42.029620000,514.000
2.275730000,42.029980000,515.000
2.275740000,42.030100000,516.000
2.275740000,42.030280000,516.000
2.275800000,42.030650000,517.000
2.275900000,42.030990000,517.000
2.275990000,42.031260000,517.000
2.276150000,42.031600000,518.000
2.276340000,42.031920000,519.000
2.276730000,42.032530000,520.000
2.277050000,42.033040000,521.000
2.277310000,42.033450000,522.000
2.277550000,42.033880000,524.000
2.277850000,42.034330000,525.000
2.278010000,42.034620000,526.000
2.278080000,42.034750000,527.000
2.278120000,42.034930000,528.000
2.278130000,42.035070000,529.000
2.278110000,42.035270000,530.000
2.278050000,42.035590000,530.000
2.277950000,42.036190000,532.000
2.277800000,42.037050000,533.000
2.277640000,42.037770000,535.000
2.277580000,42.037930000,536.000
2.277510000,42.038080000,537.000
2.277490000,42.038170000,538.000
2.277480000,42.038260000,539.000
2.277490000,42.038330000,539.000
2.277500000,42.038390000,540.000
2.277520000,42.038430000,540.000
2.277540000,42.038470000,540.000
2.277540000,42.038520000,540.000
2.277530000,42.038580000,540.000
2.277490000,42.038620000,541.000
2.277470000,42.038630000,541.000
2.277420000,42.038660000,541.000
2.277340000,42.038690000,541.000
2.277280000,42.038690000,541.000
2.277260000,42.038690000,541.000
2.277140000,42.038720000,541.000
2.277040000,42.038760000,541.000
2.276940000,42.038800000,541.000
2.276720000,42.038970000,541.000
2.276610000,42.039040000,541.000
2.276440000,42.039140000,541.000
2.276200000,42.039270000,541.000
2.275730000,42.039500000,541.000
2.275190000,42.039750000,541.000
2.274070000,42.040320000,540.000
2.273430000,42.040630000,539.000
2.273270000,42.040730000,538.000
2.273150000,42.040810000,537.000
2.273100000,42.040850000,537.000
2.273110000,42.040870000,536.000
2.273110000,42.040890000,536.000
2.273100000,42.040920000,536.000
2.273080000,42.040950000,536.000
2.273050000,42.040980000,536.000
2.273010000,42.041000000,536.000
2.272960000,42.041010000,536.000
2.272910000,42.041020000,536.000
2.272870000,42.041010000,536.000
2.272830000,42.041000000,536.000
2.272800000,42.040980000,536.000
2.272690000,42.041020000,536.000
2.272590000,42.041070000,536.000
2.272220000,42.041230000,537.000
2.272190000,42.041250000,537.000
2.271900000,42.041410000,537.000
2.271620000,42.041630000,538.000
2.271280000,42.041930000,538.000
2.271150000,42.042030000,539.000
2.270880000,42.042250000,538.000
2.270540000,42.042540000,537.000
2.270180000,42.042840000,536.000
2.269950000,42.043040000,535.000
2.269810000,42.043150000,534.000
2.269730000,42.043230000,533.000
2.269480000,42.043440000,532.000
2.269080000,42.043780000,531.000
2.268670000,42.044100000,528.000
2.268520000,42.044230000,526.000
2.268370000,42.044360000,524.000
2.267870000,42.044780000,522.000
2.267720000,42.044920000,520.000
2.267580000,42.045060000,519.000
2.267650000,42.045290000,518.000
2.267640000,42.045370000,517.000
2.267590000,42.045700000,517.000
2.267380000,42.046180000,517.000
2.267070000,42.046690000,516.000
2.266980000,42.046780000,516.000
2.266810000,42.046940000,515.000
2.266720000,42.047020000,515.000
2.266390000,42.047310000,513.000
2.265730000,42.047950000,511.000
2.265850000,42.048270000,509.000
2.265900000,42.048430000,508.000
2.265390000,42.048530000,507.000
2.265220000,42.048560000,506.000
2.264030000,42.048780000,505.000
2.263900000,42.048760000,504.000
2.263690000,42.048740000,504.000
2.263010000,42.048610000,503.000
2.262690000,42.048650000,503.000
2.262670000,42.048950000,503.000
2.262680000,42.048990000,503.000
2.262680000,42.049010000,503.000
2.262690000,42.049300000,503.000
2.262700000,42.049320000,503.000
2.262720000,42.049740000,503.000
2.262720000,42.049800000,503.000
2.262720000,42.049870000,504.000
2.262730000,42.049870000,504.000
2.262740000,42.049880000,504.000
2.262750000,42.049880000,504.000
2.262760000,42.049890000,504.000
2.262770000,42.049890000,504.000
2.262780000,42.049900000,504.000
2.262790000,42.049910000,504.000
2.262790000,42.049920000,504.000
2.262790000,42.049930000,504.000
2.262790000,42.049930000,504.000
2.262790000,42.049940000,504.000
2.262780000,42.049950000,504.000
2.262780000,42.049960000,505.000
2.262770000,42.049970000,505.000
2.262760000,42.049970000,505.000
2.262750000,42.049980000,505.000
2.262740000,42.049980000,505.000
2.262720000,42.049980000,505.000
2.262710000,42.049980000,505.000
2.262700000,42.049980000,505.000
2.262690000,42.049980000,505.000
2.262670000,42.049980000,505.000
2.262660000,42.049970000,505.000
2.262660000,42.049960000,505.000
2.262650000,42.049960000,505.000
2.262540000,42.050060000,505.000
2.262450000,42.050190000,506.000
2.262210000,42.050550000,506.000
2.262100000,42.050670000,507.000
2.262040000,42.050720000,508.000
2.261970000,42.050760000,508.000
2.261900000,42.050790000,509.000
2.261820000,42.050810000,509.000
2.261750000,42.050820000,509.000
2.261680000,42.050830000,510.000
2.261620000,42.050830000,510.000
2.261540000,42.050830000,510.000
2.261470000,42.050800000,511.000
2.261390000,42.050770000,511.000
2.261360000,42.050750000,511.000
2.260730000,42.050420000,513.000
2.260360000,42.050220000,515.000
2.260120000,42.050100000,518.000
2.260020000,42.050050000,519.000
2.259890000,42.050010000,521.000
2.259840000,42.049990000,522.000
2.259720000,42.049980000,523.000
2.259710000,42.049990000,524.000
2.259690000,42.050000000,524.000
2.259670000,42.050000000,525.000
2.259650000,42.050010000,525.000
2.259600000,42.050060000,526.000
2.259540000,42.050110000,526.000
2.259500000,42.050160000,527.000
2.259500000,42.050240000,527.000
2.259530000,42.050360000,528.000
2.259600000,42.050600000,528.000
2.259750000,42.051120000,529.000
2.259910000,42.051700000,529.000
2.259920000,42.051750000,529.000
2.259920000,42.051800000,529.000
2.259880000,42.051840000,529.000
2.259830000,42.051880000,529.000
2.259740000,42.051920000,529.000
2.259530000,42.051960000,529.000
2.259320000,42.051990000,530.000
2.259190000,42.052010000,530.000
2.259020000,42.052040000,530.000
2.258870000,42.052070000,530.000
2.257970000,42.052210000,531.000
2.257340000,42.052300000,532.000
2.257050000,42.052360000,532.000
2.256490000,42.052530000,533.000
2.256400000,42.052550000,534.000
2.256060000,42.052700000,535.000
2.255910000,42.052780000,536.000
2.255760000,42.052860000,537.000
2.255620000,42.052940000,538.000
2.255620000,42.052940000,538.000
2.255520000,42.053000000,539.000
2.255300000,42.053150000,539.000
2.255230000,42.053200000,540.000
2.255090000,42.053330000,540.000
2.254940000,42.053450000,541.000
2.254830000,42.053570000,541.000
2.254730000,42.053680000,541.000
2.254550000,42.053920000,540.000
2.254450000,42.054080000,538.000
2.254340000,42.054270000,537.000
2.254250000,42.054470000,535.000
2.254180000,42.054660000,533.000
2.254170000,42.054700000,532.000
2.254130000,42.054820000,531.000
2.254090000,42.054980000,530.000
2.254070000,42.055140000,528.000
2.254050000,42.055300000,527.000
2.254050000,42.055490000,527.000
2.254060000,42.055680000,526.000
2.254110000,42.055990000,526.000
2.254190000,42.056290000,526.000
2.254280000,42.056500000,526.000
2.254660000,42.057120000,526.000
2.254700000,42.057200000,526.000
2.254730000,42.057280000,526.000
2.254880000,42.057660000,527.000
2.254960000,42.057850000,527.000
2.255070000,42.058060000,527.000
2.255220000,42.058340000,527.000
2.255360000,42.058640000,527.000
2.255430000,42.058800000,527.000
2.255450000,42.058960000,527.000
2.255440000,42.059230000,527.000
2.255420000,42.059500000,526.000
2.255400000,42.059560000,526.000
2.255380000,42.059590000,526.000
2.255340000,42.059690000,525.000
2.255260000,42.059870000,525.000
2.255070000,42.060220000,524.000
2.254810000,42.060720000,523.000
2.254660000,42.060990000,522.000
2.254500000,42.061280000,521.000
2.254450000,42.061360000,521.000
2.254400000,42.061450000,521.000
2.254330000,42.061540000,521.000
2.254240000,42.061610000,520.000
2.253980000,42.061840000,520.000
2.253690000,42.062040000,520.000
2.253080000,42.062450000,520.000
2.252720000,42.062710000,519.000
2.251560000,42.063490000,518.000
2.251010000,42.063910000,516.000
2.250490000,42.064330000,516.000
2.250220000,42.064540000,516.000
2.250070000,42.064640000,516.000
2.249910000,42.064710000,517.000
2.249660000,42.064830000,518.000
2.249410000,42.064910000,518.000
2.249180000,42.064960000,519.000
2.248950000,42.065010000,520.000
2.248600000,42.065030000,520.000
2.248260000,42.065030000,520.000
2.247920000,42.065030000,520.000
2.247740000,42.065030000,520.000
2.247570000,42.065010000,520.000
2.247370000,42.064980000,520.000
2.247190000,42.064930000,520.000
2.246880000,42.064820000,520.000
2.246490000,42.064690000,519.000
2.245980000,42.064510000,519.000
2.245480000,42.064350000,519.000
2.245060000,42.064230000,520.000
2.244620000,42.064140000,520.000
2.244340000,42.064110000,520.000
2.244050000,42.064100000,521.000
2.243840000,42.064110000,521.000
2.243600000,42.064120000,521.000
2.243440000,42.064130000,522.000
2.243270000,42.064150000,522.000
2.242960000,42.064220000,522.000
2.242790000,42.064270000,523.000
2.242760000,42.064280000,523.000
2.242760000,42.064280000,523.000
2.242640000,42.064310000,523.000
2.242490000,42.064350000,523.000
2.242380000,42.064380000,523.000
2.242290000,42.064400000,523.000
2.242180000,42.064400000,524.000
2.242040000,42.064410000,524.000
2.241620000,42.064400000,524.000
2.241560000,42.064400000,524.000
2.240650000,42.064390000,523.000
2.240500000,42.064410000,523.000
2.240380000,42.064440000,522.000
2.240250000,42.064490000,522.000
2.240120000,42.064570000,521.000
2.240110000,42.064590000,521.000
2.239900000,42.064820000,520.000
2.239780000,42.064930000,520.000
2.239640000,42.065040000,519.000
2.239520000,42.065100000,519.000
2.239370000,42.065140000,518.000
2.239130000,42.065180000,519.000
2.238080000,42.065350000,520.000
2.237030000,42.065540000,523.000
2.236980000,42.065550000,525.000
2.236960000,42.065550000,526.000
2.236860000,42.065590000,527.000
2.236830000,42.065600000,528.000
2.236840000,42.065660000,528.000
2.236920000,42.065910000,528.000
2.236990000,42.066100000,529.000
2.237070000,42.066290000,529.000
2.237240000,42.066660000,529.000
2.237580000,42.067320000,530.000
2.237840000,42.067790000,530.000
2.238120000,42.068250000,531.000
2.238180000,42.068350000,532.000
2.238610000,42.069030000,533.000
2.239100000,42.069740000,535.000
2.239250000,42.069990000,537.000
2.239380000,42.070230000,540.000
2.239510000,42.070550000,542.000
2.239550000,42.070710000,544.000
2.239580000,42.070870000,545.000
2.239610000,42.071070000,545.000
2.239630000,42.071270000,545.000
2.239630000,42.071500000,545.000
2.239610000,42.071730000,545.000
2.239580000,42.072200000,544.000
2.239510000,42.073080000,542.000
2.239560000,42.073370000,541.000
2.239600000,42.073590000,540.000
2.239620000,42.073820000,539.000
2.239590000,42.074100000,539.000
2.239570000,42.074290000,538.000
2.239560000,42.074370000,538.000
2.239580000,42.074460000,537.000
2.239610000,42.074520000,537.000
2.239700000,42.074580000,537.000
2.239750000,42.074600000,537.000
2.239790000,42.074640000,537.000
2.239810000,42.074690000,537.000
2.239810000,42.074740000,537.000
2.239780000,42.074790000,537.000
2.239760000,42.074820000,537.000
2.239730000,42.074860000,536.000
2.239710000,42.074910000,536.000
2.239680000,42.074960000,536.000
2.239660000,42.075040000,536.000
2.239610000,42.075150000,535.000
2.239540000,42.075270000,535.000
2.239480000,42.075370000,534.000
2.239340000,42.075570000,534.000
2.239080000,42.075810000,533.000
2.238560000,42.076250000,531.000
2.237590000,42.077010000,528.000
2.237320000,42.077200000,527.000
2.237040000,42.077380000,527.000
2.236730000,42.077580000,528.000
2.236440000,42.077740000,529.000
2.235960000,42.077960000,531.000
2.235710000,42.078060000,533.000
2.235480000,42.078150000,535.000
2.234630000,42.078450000,538.000
2.233800000,42.078730000,542.000
2.232920000,42.079190000,547.000
2.232830000,42.079350000,550.000
2.232790000,42.079380000,552.000
2.232800000,42.079410000,553.000
2.232800000,42.079440000,554.000
2.232790000,42.079470000,554.000
2.232770000,42.079510000,555.000
2.232730000,42.079540000,555.000
2.232690000,42.079570000,555.000
2.232630000,42.079580000,555.000
2.232570000,42.079580000,555.000
2.232510000,42.079570000,554.000
2.232460000,42.079550000,554.000
2.232420000,42.079510000,554.000
2.232390000,42.079470000,554.000
2.232380000,42.079430000,554.000
2.232390000,42.079380000,554.000
2.232340000,42.079250000,553.000
2.232240000,42.079130000,553.000
2.231970000,42.078820000,552.000
2.231590000,42.078370000,551.000
2.231480000,42.078290000,550.000
2.231430000,42.078270000,549.000
2.231370000,42.078250000,548.000
2.231350000,42.078260000,548.000
2.231330000,42.078270000,547.000
2.231310000,42.078270000,547.000
2.231250000,42.078310000,547.000
2.231210000,42.078340000,546.000
2.231160000,42.078430000,546.000
2.231130000,42.078570000,545.000
2.231140000,42.078790000,544.000
2.231150000,42.079010000,542.000
2.231160000,42.079130000,541.000
2.231140000,42.079240000,540.000
2.231090000,42.079310000,539.000
2.231010000,42.079400000,538.000
2.230820000,42.079550000,537.000
2.230620000,42.079720000,535.000
2.230360000,42.079960000,534.000
2.230180000,42.080140000,534.000
2.230110000,42.080230000,534.000
2.229770000,42.080670000,533.000
2.229490000,42.081070000,533.000
2.229240000,42.081370000,533.000
2.228970000,42.081570000,533.000
2.228880000,42.081670000,533.000
2.228840000,42.081720000,533.000
2.228840000,42.081750000,533.000
2.228830000,42.081780000,533.000
2.228810000,42.081810000,533.000
2.228790000,42.081830000,533.000
2.228760000,42.081900000,533.000
2.228760000,42.082020000,533.000
2.229080000,42.082840000,533.000
2.229100000,42.083000000,533.000
2.229090000,42.083160000,533.000
2.229040000,42.083270000,533.000
2.228870000,42.083590000,533.000
2.228670000,42.083900000,534.000
2.228480000,42.084140000,535.000
2.228140000,42.084490000,536.000
2.227880000,42.084710000,537.000
2.227590000,42.084930000,537.000
2.227370000,42.085080000,538.000
2.226980000,42.085280000,539.000
2.226690000,42.085410000,540.000
2.226320000,42.085530000,541.000
2.225950000,42.085660000,541.000
2.225740000,42.085760000,542.000
2.225460000,42.085930000,543.000
2.225270000,42.086060000,544.000
2.225160000,42.086140000,545.000
2.224960000,42.086310000,546.000
2.224690000,42.086630000,547.000
2.224440000,42.086980000,549.000
2.224220000,42.087350000,551.000
2.224140000,42.087580000,553.000
2.223850000,42.088370000,557.000
2.223640000,42.088890000,562.000
2.223550000,42.089260000,566.000
2.223490000,42.089550000,570.000
2.223460000,42.089930000,572.000
2.223440000,42.090290000,574.000
2.223490000,42.090850000,576.000
2.223500000,42.091300000,578.000
2.223510000,42.091340000,579.000
2.223380000,42.094100000,586.000
2.223380000,42.094210000,591.000
2.223380000,42.094440000,594.000
2.223320000,42.094830000,595.000
2.223320000,42.094910000,596.000
2.223250000,42.095190000,596.000
2.223230000,42.095430000,596.000
2.223200000,42.095650000,596.000
2.223170000,42.095780000,596.000
2.223100000,42.095950000,595.000
2.222980000,42.096170000,595.000
2.222930000,42.096240000,594.000
2.222870000,42.096290000,593.000
2.222800000,42.096400000,593.000
2.222640000,42.096650000,592.000
2.222420000,42.096880000,590.000
2.222230000,42.097060000,589.000
2.222080000,42.097160000,588.000
2.221970000,42.097240000,587.000
2.221840000,42.097310000,586.000
2.221640000,42.097410000,585.000
2.220780000,42.097750000,583.000
2.220250000,42.098030000,581.000
2.219730000,42.098320000,579.000
2.219530000,42.098460000,578.000
2.219530000,42.098460000,577.000
2.219480000,42.098490000,576.000
2.219240000,42.098680000,575.000
2.218840000,42.099030000,573.000
2.218440000,42.099390000,571.000
2.217620000,42.100100000,567.000
2.217350000,42.100330000,565.000
2.217270000,42.100400000,564.000
2.217210000,42.100450000,563.000
2.217050000,42.100600000,562.000
2.216750000,42.100870000,563.000
2.216570000,42.101010000,563.000
2.216190000,42.101330000,564.000
2.215270000,42.102120000,566.000
2.214120000,42.103150000,568.000
2.214040000,42.103210000,570.000
2.213960000,42.103260000,571.000
2.213220000,42.103900000,572.000
2.213150000,42.103960000,573.000
2.212260000,42.104290000,577.000
2.210860000,42.105050000,586.000
2.210290000,42.105500000,589.000
2.209490000,42.106160000,587.000
2.209120000,42.106880000,582.000
2.208670000,42.107760000,579.000
2.208590000,42.107950000,577.000
2.208550000,42.108040000,575.000
2.208190000,42.108870000,574.000
2.208160000,42.108930000,574.000
2.208120000,42.109020000,573.000
2.208070000,42.109150000,573.000
2.208040000,42.109220000,573.000
2.207840000,42.109650000,573.000
2.207730000,42.109900000,573.000
2.207600000,42.110190000,573.000
2.207570000,42.110240000,573.000
2.207090000,42.111270000,574.000
2.206650000,42.112150000,575.000
2.206410000,42.112500000,576.000
2.205420000,42.113710000,578.000
2.204300000,42.114620000,577.000
2.204240000,42.114660000,577.000
2.204060000,42.114780000,576.000
2.203770000,42.114980000,575.000
2.203370000,42.115210000,573.000
2.203030000,42.115370000,573.000
2.203030000,42.115370000,572.000
2.202530000,42.115600000,572.000
2.201310000,42.116140000,574.000
2.201050000,42.116300000,575.000
2.200980000,42.116400000,575.000
2.200960000,42.116550000,576.000
2.200990000,42.116720000,576.000
2.201110000,42.116880000,577.000
2.201630000,42.117830000,578.000
2.201810000,42.118150000,579.000
2.201880000,42.118230000,580.000
2.201910000,42.118300000,581.000
2.201960000,42.118470000,582.000
2.201990000,42.118530000,582.000
2.202050000,42.118580000,583.000
2.202090000,42.118630000,583.000
2.202090000,42.118700000,583.000
2.202070000,42.118760000,584.000
2.202020000,42.118810000,584.000
2.201940000,42.118850000,585.000
2.201840000,42.118860000,585.000
2.201770000,42.118840000,585.000
2.201410000,42.118910000,586.000
2.201090000,42.119090000,587.000
2.200980000,42.119300000,588.000
2.200980000,42.119530000,589.000
2.201040000,42.119810000,590.000
2.201200000,42.120080000,592.000
2.201600000,42.120580000,596.000
2.201960000,42.120890000,599.000
2.202500000,42.121320000,604.000
2.202900000,42.121580000,605.000
2.203300000,42.121850000,605.000
2.203860000,42.122220000,603.000
2.203990000,42.122330000,602.000
2.204150000,42.122460000,600.000
2.204360000,42.122670000,598.000
2.204510000,42.122890000,597.000
2.204680000,42.123170000,597.000
2.204750000,42.123300000,596.000
2.204830000,42.123580000,596.000
2.204850000,42.123880000,597.000
2.204810000,42.124190000,597.000
2.204740000,42.124500000,598.000
2.204620000,42.124730000,598.000
2.204450000,42.124970000,599.000
2.204170000,42.125300000,599.000
2.203860000,42.125530000,600.000
2.203370000,42.125830000,600.000
2.203010000,42.126070000,601.000
2.202690000,42.126330000,601.000
2.202390000,42.126570000,601.000
2.202120000,42.126840000,601.000
2.201840000,42.127240000,600.000
2.201490000,42.127880000,599.000
2.201400000,42.128120000,599.000
2.201340000,42.128380000,599.000
2.201300000,42.128770000,600.000
2.201240000,42.129000000,601.000
2.201240000,42.129390000,602.000
2.201280000,42.129780000,604.000
2.201330000,42.130210000,609.000
2.201410000,42.130630000,616.000
2.201570000,42.131180000,627.000
2.201600000,42.131300000,635.000
2.202030000,42.132440000,652.000
2.202270000,42.132930000,664.000
2.202540000,42.133390000,674.000
2.202770000,42.133670000,681.000
2.203090000,42.134050000,687.000
2.203490000,42.134440000,685.000
2.203890000,42.134750000,678.000
2.204290000,42.134980000,668.000
2.204590000,42.135130000,658.000
2.204790000,42.135220000,649.000
2.204930000,42.135290000,641.000
2.205090000,42.135350000,636.000
2.205320000,42.135420000,632.000
2.205580000,42.135490000,629.000
2.205880000,42.135550000,627.000
2.206120000,42.135590000,625.000
2.206400000,42.135630000,623.000
2.206840000,42.135690000,622.000
2.207280000,42.135770000,620.000
2.207580000,42.135840000,620.000
2.207920000,42.135930000,620.000
2.208230000,42.136030000,620.000
2.208610000,42.136170000,621.000
2.208940000,42.136310000,622.000
2.209230000,42.136440000,623.000
2.209450000,42.136570000,624.000
2.209640000,42.136730000,625.000
2.209750000,42.136840000,625.000
2.209850000,42.136950000,625.000
2.209970000,42.137120000,624.000
2.210060000,42.137310000,623.000
2.210120000,42.137540000,623.000
2.210140000,42.137760000,622.000
2.210130000,42.137960000,621.000
2.210120000,42.138040000,620.000
2.210070000,42.138220000,619.000
2.209880000,42.138650000,618.000
2.209650000,42.139130000,618.000
2.209460000,42.139530000,619.000
2.209320000,42.139820000,621.000
2.209180000,42.140010000,622.000
2.208880000,42.140390000,624.000
2.208290000,42.141020000,626.000
2.208100000,42.141300000,628.000
2.207960000,42.141620000,630.000
2.207820000,42.142200000,632.000
2.207790000,42.142280000,634.000
2.207700000,42.142530000,634.000
2.207550000,42.142870000,634.000
2.207060000,42.143730000,632.000
2.206930000,42.143950000,631.000
2.206550000,42.144630000,630.000
2.206040000,42.145500000,629.000
2.205940000,42.145680000,628.000
2.205850000,42.145820000,628.000
2.205620000,42.146150000,627.000
2.205490000,42.146280000,627.000
2.205360000,42.146420000,626.000
2.204940000,42.146860000,625.000
2.204250000,42.147470000,624.000
2.203790000,42.147940000,623.000
2.203540000,42.148290000,623.000
2.203270000,42.148720000,622.000
2.203070000,42.149020000,622.000
2.202760000,42.149380000,622.000
2.201890000,42.150130000,624.000
2.201580000,42.150490000,626.000
2.201340000,42.150920000,629.000
2.201250000,42.151140000,631.000
2.201200000,42.151370000,633.000
2.201120000,42.152670000,636.000
2.201050000,42.153270000,640.000
2.201010000,42.153560000,643.000
2.200930000,42.153940000,646.000
2.200690000,42.154800000,650.000
2.200610000,42.155010000,654.000
2.200310000,42.156020000,658.000
2.200210000,42.156490000,667.000
2.200180000,42.158210000,696.000
2.200010000,42.159150000,706.000
2.199650000,42.160010000,705.000
2.199490000,42.160220000,702.000
2.198950000,42.160760000,695.000
2.198830000,42.160900000,689.000
2.198520000,42.161260000,682.000
2.198250000,42.161630000,674.000
2.198020000,42.162010000,670.000
2.197990000,42.162070000,667.000
2.197740000,42.162580000,665.000
2.197600000,42.162900000,665.000
2.197530000,42.163220000,665.000
2.197550000,42.163510000,665.000
2.197630000,42.163790000,665.000
2.197750000,42.164030000,664.000
2.197840000,42.164150000,662.000
2.197940000,42.164270000,661.000
2.198070000,42.164400000,660.000
2.198240000,42.164560000,658.000
2.198570000,42.164870000,656.000
2.198770000,42.165080000,653.000
2.198820000,42.165140000,652.000
2.198860000,42.165180000,651.000
2.198900000,42.165180000,650.000
2.198940000,42.165180000,650.000
2.198980000,42.165200000,650.000
2.199020000,42.165220000,650.000
2.199040000,42.165240000,650.000
2.199060000,42.165280000,650.000
2.199160000,42.165400000,650.000
2.199230000,42.165460000,650.000
2.199310000,42.165530000,650.000
2.199400000,42.165600000,651.000
2.199490000,42.165690000,651.000
2.199620000,42.165820000,651.000
2.199700000,42.165930000,652.000
2.199780000,42.166050000,652.000
2.199850000,42.166160000,653.000
2.199900000,42.166280000,653.000
2.199940000,42.166410000,654.000
2.199970000,42.166530000,654.000
2.199990000,42.166670000,655.000
2.199990000,42.166830000,655.000
2.199980000,42.166980000,655.000
2.199950000,42.167120000,655.000
2.199910000,42.167240000,654.000
2.199860000,42.167370000,654.000
2.199800000,42.167470000,654.000
2.199760000,42.167570000,653.000
2.199660000,42.167700000,653.000
2.199540000,42.167830000,653.000
2.199450000,42.167930000,652.000
2.199360000,42.168010000,652.000
2.199200000,42.168130000,652.000
2.198010000,42.168960000,650.000
2.197280000,42.169490000,650.000
2.196390000,42.170100000,651.000
2.195750000,42.170550000,652.000
2.195380000,42.170790000,654.000
2.194540000,42.171370000,659.000
2.193770000,42.171870000,666.000
2.193740000,42.171890000,670.000
2.193460000,42.172100000,673.000
2.193210000,42.172380000,674.000
2.193000000,42.172720000,674.000
2.192940000,42.173050000,673.000
2.193110000,42.175000000,670.000
2.193260000,42.175440000,667.000
2.193320000,42.175600000,665.000
2.193430000,42.175830000,664.000
2.193620000,42.176200000,662.000
2.193730000,42.176410000,661.000
2.193870000,42.176660000,660.000
2.193920000,42.176760000,660.000
2.193970000,42.176900000,659.000
2.194050000,42.177120000,659.000
2.194080000,42.177210000,659.000
2.194140000,42.177460000,659.000
2.194250000,42.177980000,659.000
2.194290000,42.178190000,659.000
2.194370000,42.178550000,659.000
2.194390000,42.178660000,659.000
2.194520000,42.179390000,660.000
2.194620000,42.179860000,661.000
2.194710000,42.180340000,661.000
2.194830000,42.180860000,662.000
2.194960000,42.181360000,663.000
2.195150000,42.182010000,663.000
2.195250000,42.182260000,664.000
2.195290000,42.182380000,665.000
2.195560000,42.183060000,665.000
2.195580000,42.183120000,666.000
2.195660000,42.183390000,666.000
2.195670000,42.183470000,667.000
2.195720000,42.183560000,667.000
2.195790000,42.183670000,667.000
2.195850000,42.183730000,668.000
2.195870000,42.183740000,668.000
2.195900000,42.183750000,668.000
2.195920000,42.183770000,668.000
2.195930000,42.183790000,668.000
2.195940000,42.183810000,668.000
2.195950000,42.183830000,668.000
2.195950000,42.183850000,668.000
2.195950000,42.183870000,668.000
2.195950000,42.183890000,668.000
2.195930000,42.183920000,668.000
2.195920000,42.183930000,668.000
2.195900000,42.183950000,668.000
2.195890000,42.184020000,668.000
2.195890000,42.184100000,668.000
2.195920000,42.184190000,668.000
2.196050000,42.184520000,668.000
2.196070000,42.184570000,668.000
2.196120000,42.184760000,668.000
2.196140000,42.184810000,668.000
2.196410000,42.185600000,667.000
2.196430000,42.185670000,667.000
2.196490000,42.185840000,667.000
2.196550000,42.186010000,667.000
2.196610000,42.186240000,667.000
2.196650000,42.186360000,668.000
2.196670000,42.186500000,668.000
2.196660000,42.186630000,669.000
2.196640000,42.186770000,669.000
2.196610000,42.186830000,670.000
2.196580000,42.186890000,670.000
2.196560000,42.187000000,671.000
2.196550000,42.187060000,671.000
2.196530000,42.187110000,671.000
2.196550000,42.187120000,672.000
2.196570000,42.187130000,672.000
2.196580000,42.187150000,672.000
2.196590000,42.187160000,672.000
2.196600000,42.187180000,672.000
2.196600000,42.187190000,672.000
2.196600000,42.187210000,672.000
2.196600000,42.187230000,672.000
2.196600000,42.187250000,672.000
2.196590000,42.187270000,672.000
2.196580000,42.187280000,673.000
2.196560000,42.187300000,673.000
2.196550000,42.187320000,673.000
2.196530000,42.187330000,673.000
2.196500000,42.187340000,673.000
2.196480000,42.187350000,673.000
2.196460000,42.187350000,673.000
2.196430000,42.187360000,673.000
2.196410000,42.187360000,673.000
2.196130000,42.187550000,674.000
2.195860000,42.187960000,674.000
2.194960000,42.189260000,673.000
2.194590000,42.189620000,673.000
2.194580000,42.189660000,673.000
2.194510000,42.189760000,674.000
2.194500000,42.189840000,675.000
2.194490000,42.189880000,675.000
2.194530000,42.189940000,676.000
2.194530000,42.190000000,676.000
2.194500000,42.190050000,677.000
2.194480000,42.190070000,677.000
2.194440000,42.190100000,677.000
2.194350000,42.190120000,678.000
2.194300000,42.190120000,678.000
2.194250000,42.190110000,678.000
2.193990000,42.190220000,679.000
2.193810000,42.190320000,680.000
2.193370000,42.190610000,682.000
2.192910000,42.190880000,684.000
2.192080000,42.191340000,686.000
2.191610000,42.191590000,687.000
2.191420000,42.191710000,689.000
2.191160000,42.191910000,690.000
2.190990000,42.192070000,691.000
2.190800000,42.192270000,692.000
2.190640000,42.192480000,693.000
2.190510000,42.192710000,693.000
2.190440000,42.192880000,694.000
2.190330000,42.193240000,695.000
2.190280000,42.193590000,696.000
2.190280000,42.193900000,696.000
2.190340000,42.194640000,697.000
2.190350000,42.194720000,697.000
2.190350000,42.194720000,697.000
2.190390000,42.195180000,697.000
2.190480000,42.196280000,697.000
2.190500000,42.196510000,697.000
2.190490000,42.196830000,698.000
2.190460000,42.196970000,698.000
2.190360000,42.197230000,698.000
2.190220000,42.197470000,698.000
2.190060000,42.197670000,699.000
2.189910000,42.197830000,699.000
2.189780000,42.197950000,699.000
2.189600000,42.198070000,699.000
2.189380000,42.198190000,699.000
2.189140000,42.198290000,699.000
2.188880000,42.198390000,699.000
2.188340000,42.198510000,699.000
2.186810000,42.198760000,698.000
2.186430000,42.198840000,697.000
2.186140000,42.198900000,696.000
2.185880000,42.198990000,695.000
2.185630000,42.199090000,693.000
2.185260000,42.199260000,691.000
2.184960000,42.199430000,689.000
2.184720000,42.199610000,687.000
2.184570000,42.199760000,685.000
2.184420000,42.199940000,684.000
2.184290000,42.200130000,683.000
2.184130000,42.200420000,682.000
2.184030000,42.200600000,681.000
2.183460000,42.201650000,680.000
2.183010000,42.202410000,682.000
2.182930000,42.202620000,684.000
2.182910000,42.202660000,686.000
2.182910000,42.202700000,687.000
2.182920000,42.202730000,688.000
2.182940000,42.202770000,688.000
2.182970000,42.202790000,689.000
2.183030000,42.202810000,689.000
2.183070000,42.202840000,690.000
2.183090000,42.202860000,690.000
2.183100000,42.202880000,691.000
2.183120000,42.202920000,691.000
2.183120000,42.202960000,691.000
2.183110000,42.202990000,692.000
2.183110000,42.203010000,692.000
2.183090000,42.203030000,692.000
2.183060000,42.203060000,692.000
2.183010000,42.203100000,693.000
2.182960000,42.203120000,693.000
2.182910000,42.203130000,694.000
2.182840000,42.203150000,694.000
2.182750000,42.203180000,694.000
2.182680000,42.203230000,695.000
2.182640000,42.203270000,695.000
2.182490000,42.203390000,696.000
2.182210000,42.203670000,696.000
2.182140000,42.203730000,697.000
2.182070000,42.203790000,697.000
2.182000000,42.203840000,697.000
2.181940000,42.203890000,698.000
2.181860000,42.203930000,698.000
2.181770000,42.203980000,698.000
2.181630000,42.204050000,699.000
2.181400000,42.204150000,699.000
2.181150000,42.204240000,700.000
2.180940000,42.204300000,700.000
2.180730000,42.204340000,701.000
2.180480000,42.204360000,701.000
2.180200000,42.204370000,700.000
2.179310000,42.204390000,699.000
2.178430000,42.204430000,697.000
2.178060000,42.204480000,696.000
2.177790000,42.204540000,695.000
2.177610000,42.204600000,694.000
2.177440000,42.204650000,694.000
2.175000000,42.205710000,696.000
2.174120000,42.206100000,698.000
2.173480000,42.206380000,700.000
2.172540000,42.206790000,701.000
2.172230000,42.206950000,702.000
2.171910000,42.207140000,703.000
2.171650000,42.207410000,704.000
2.171130000,42.208140000,704.000
2.170960000,42.208380000,704.000
2.170360000,42.209170000,704.000
2.170280000,42.209270000,704.000
2.170180000,42.209390000,704.000
2.170150000,42.209450000,704.000
2.169990000,42.209730000,704.000
2.169930000,42.209880000,704.000
2.169880000,42.209970000,704.000
2.169200000,42.212830000,704.000
2.168860000,42.214200000,706.000
2.168790000,42.214470000,708.000
2.168650000,42.215020000,710.000
2.168590000,42.215520000,711.000
2.168550000,42.215830000,712.000
2.168570000,42.216030000,713.000
2.169560000,42.219280000,714.000
2.169710000,42.219660000,716.000
2.169920000,42.220080000,718.000
2.170510000,42.221290000,723.000
2.170580000,42.221410000,726.000
2.170600000,42.221440000,728.000
2.170650000,42.221690000,730.000
2.170670000,42.221920000,731.000
2.170690000,42.222300000,731.000
2.170690000,42.222420000,732.000
2.170690000,42.222440000,732.000
2.170690000,42.222460000,732.000
2.170690000,42.222480000,732.000
2.170670000,42.222660000,732.000
2.170670000,42.222700000,732.000
2.170690000,42.223040000,732.000
2.170700000,42.223390000,732.000
2.170700000,42.223470000,732.000
2.170670000,42.224070000,732.000
2.170660000,42.224210000,732.000
2.170500000,42.225190000,732.000
2.170360000,42.225740000,732.000
2.170330000,42.225880000,732.000
2.169670000,42.227950000,732.000
2.169600000,42.228190000,732.000
2.169500000,42.228540000,732.000
2.169160000,42.229610000,733.000
2.169080000,42.229850000,734.000
2.169050000,42.229920000,735.000
2.168830000,42.230610000,736.000
2.168780000,42.230770000,737.000
2.168680000,42.231100000,737.000
2.168590000,42.231370000,738.000
2.168520000,42.231620000,738.000
2.168400000,42.232090000,739.000
2.168330000,42.232470000,739.000
2.168300000,42.232820000,739.000
2.168280000,42.232930000,739.000
2.168270000,42.233090000,738.000
2.168150000,42.233970000,738.000
2.168080000,42.234630000,739.000
2.168080000,42.234630000,740.000
2.168070000,42.234720000,741.000
2.168040000,42.234980000,741.000
2.168020000,42.235140000,742.000
2.168010000,42.235330000,743.000
2.168020000,42.235510000,744.000
2.168050000,42.235700000,745.000
2.168090000,42.235880000,746.000
2.168180000,42.236270000,747.000
2.168220000,42.236500000,748.000
2.168230000,42.236710000,748.000
2.168220000,42.236890000,748.000
2.168170000,42.237160000,748.000
2.168090000,42.237560000,748.000
2.168010000,42.237840000,748.000
2.167930000,42.238010000,749.000
2.167790000,42.238220000,749.000
2.167620000,42.238410000,749.000
2.167440000,42.238620000,750.000
2.167010000,42.239110000,750.000
2.166850000,42.239290000,751.000
2.166690000,42.239470000,751.000
2.166520000,42.239650000,752.000
2.166220000,42.239990000,753.000
2.166040000,42.240190000,753.000
2.165700000,42.240570000,754.000
2.165240000,42.241090000,755.000
2.164870000,42.241490000,756.000
2.164720000,42.241670000,756.000
2.164670000,42.241760000,757.000
2.164630000,42.241840000,758.000
2.164610000,42.241920000,758.000
2.164600000,42.241980000,758.000
2.164600000,42.242030000,758.000
2.164610000,42.242150000,759.000
2.164640000,42.242260000,759.000
2.165100000,42.243610000,760.000
2.165120000,42.243900000,761.000
2.165080000,42.244200000,762.000
2.164740000,42.245240000,763.000
2.164660000,42.245450000,764.000
2.164260000,42.246500000,766.000
2.164010000,42.247160000,769.000
2.163970000,42.247430000,771.000
2.164040000,42.247680000,773.000
2.164280000,42.248240000,775.000
2.164330000,42.248470000,777.000
2.164390000,42.248750000,779.000
2.164460000,42.248910000,781.000
2.164570000,42.249010000,782.000
2.164740000,42.249150000,783.000
2.164940000,42.249250000,784.000
2.165270000,42.249420000,786.000
2.165510000,42.249610000,787.000
2.165650000,42.249790000,788.000
2.165740000,42.249970000,789.000
2.165810000,42.250210000,791.000
2.165810000,42.250300000,792.000
2.165810000,42.250400000,792.000
2.165800000,42.250460000,793.000
2.165780000,42.250510000,794.000
2.165760000,42.250580000,794.000
2.165730000,42.250650000,795.000
2.165680000,42.250700000,795.000
2.165630000,42.250750000,795.000
2.165340000,42.250990000,794.000
2.164660000,42.251410000,793.000
2.164300000,42.251720000,792.000
2.164180000,42.251860000,790.000
2.164110000,42.251960000,789.000
2.164100000,42.252140000,788.000
2.164130000,42.252320000,788.000
2.164210000,42.252460000,788.000
2.164300000,42.252570000,789.000
2.164470000,42.252750000,789.000
2.164720000,42.252920000,790.000
2.165060000,42.253180000,792.000
2.165310000,42.253510000,793.000
2.165580000,42.254120000,796.000
2.165650000,42.254420000,797.000
2.165660000,42.254810000,799.000
2.165570000,42.255250000,800.000
2.165330000,42.255570000,801.000
2.164540000,42.256340000,802.000
2.164430000,42.256540000,802.000
2.164390000,42.256760000,802.000
2.164410000,42.256960000,801.000
2.164520000,42.257150000,801.000
2.164630000,42.257310000,800.000
2.164790000,42.257440000,799.000
2.164790000,42.257440000,799.000
2.164790000,42.257440000,798.000
2.165380000,42.257790000,797.000
2.165590000,42.258010000,796.000
2.165630000,42.258080000,795.000
2.165720000,42.258290000,795.000
2.165710000,42.258570000,795.000
2.165270000,42.259670000,796.000
2.164990000,42.260310000,798.000
2.164680000,42.260950000,802.000
2.164540000,42.261110000,806.000
2.164380000,42.261250000,809.000
2.164240000,42.261360000,811.000
2.164060000,42.261450000,814.000
2.163580000,42.261710000,817.000
2.163190000,42.261880000,819.000
2.162930000,42.262020000,819.000
2.162680000,42.262200000,818.000
2.162540000,42.262360000,817.000
2.162440000,42.262560000,815.000
2.162390000,42.262760000,814.000
2.162400000,42.262950000,812.000
2.162540000,42.263340000,809.000
2.162730000,42.263630000,808.000
2.162820000,42.263760000,807.000
2.163140000,42.264260000,808.000
2.163260000,42.264520000,808.000
2.163280000,42.264680000,808.000
2.163280000,42.264790000,809.000
2.163270000,42.264940000,809.000
2.163190000,42.265090000,810.000
2.163100000,42.265220000,810.000
2.162820000,42.265440000,810.000
2.162430000,42.265620000,810.000
2.161780000,42.265860000,810.000
2.161460000,42.266020000,809.000
2.161160000,42.266210000,809.000
2.160750000,42.266650000,810.000
2.160520000,42.267090000,812.000
2.160180000,42.267710000,815.000
2.159890000,42.268260000,819.000
2.159620000,42.268780000,824.000
2.159520000,42.268980000,829.000
2.159390000,42.269410000,835.000
2.159260000,42.270030000,842.000
2.159240000,42.270130000,847.000
2.159190000,42.270410000,849.000
2.159150000,42.270800000,849.000
2.159200000,42.271120000,848.000
2.159510000,42.271700000,846.000
2.159570000,42.271950000,843.000
2.159490000,42.272270000,842.000
2.159210000,42.272830000,843.000
2.159080000,42.273180000,845.000
2.159060000,42.273280000,847.000
2.159070000,42.273420000,848.000
2.159090000,42.273530000,849.000
2.159120000,42.273640000,851.000
2.159190000,42.273800000,852.000
2.159300000,42.273980000,852.000
2.159420000,42.274140000,852.000
2.159560000,42.274310000,852.000
2.159740000,42.274520000,851.000
2.159800000,42.274600000,850.000
2.159860000,42.274750000,849.000
2.159900000,42.274870000,848.000
2.159990000,42.275430000,846.000
2.160000000,42.275650000,844.000
2.159990000,42.275760000,843.000
2.159830000,42.276270000,844.000
2.159630000,42.276920000,846.000
2.159580000,42.277120000,848.000
2.159530000,42.277420000,850.000
2.159530000,42.277560000,851.000
2.159540000,42.277830000,852.000
2.159560000,42.278050000,853.000
2.159610000,42.278340000,854.000
2.159680000,42.278690000,855.000
2.159750000,42.278980000,856.000
2.159800000,42.279250000,857.000
2.159810000,42.279390000,858.000
2.159790000,42.279530000,859.000
2.159710000,42.279730000,860.000
2.159640000,42.279880000,861.000
2.159480000,42.280230000,863.000
2.159300000,42.280690000,866.000
2.159220000,42.280920000,868.000
2.159200000,42.281120000,870.000
2.159200000,42.281230000,871.000
2.159250000,42.281460000,872.000
2.159290000,42.281580000,872.000
2.159370000,42.281780000,872.000
2.159480000,42.282050000,871.000
2.159490000,42.282150000,870.000
2.159500000,42.282270000,870.000
2.159480000,42.282420000,869.000
2.159390000,42.282990000,867.000
2.159360000,42.283170000,867.000
2.159310000,42.283320000,867.000
2.159250000,42.283440000,867.000
2.159180000,42.283580000,867.000
2.159070000,42.283730000,867.000
2.158910000,42.283960000,868.000
2.158830000,42.284090000,869.000
2.158800000,42.284190000,869.000
2.158800000,42.284260000,870.000
2.158800000,42.284360000,870.000
2.158820000,42.284480000,871.000
2.158860000,42.284570000,871.000
2.158920000,42.284650000,872.000
2.159030000,42.284780000,872.000
2.159590000,42.285360000,872.000
2.159890000,42.285700000,871.000
2.160010000,42.285840000,871.000
2.160120000,42.285980000,870.000
2.160240000,42.286140000,869.000
2.160330000,42.286300000,869.000
2.160380000,42.286410000,869.000
2.160450000,42.286580000,869.000
2.160470000,42.286720000,869.000
2.160480000,42.286840000,870.000
2.160480000,42.286960000,871.000
2.160480000,42.287090000,872.000
2.160450000,42.287200000,872.000
2.160420000,42.287380000,873.000
2.160390000,42.287500000,874.000
2.160290000,42.287790000,876.000
2.160240000,42.287970000,877.000
2.160070000,42.288510000,879.000
2.160030000,42.288680000,881.000
2.160020000,42.288800000,882.000
2.160030000,42.288900000,882.000
2.160060000,42.289000000,883.000
2.160110000,42.289130000,883.000
2.160280000,42.289470000,883.000
2.160490000,42.289840000,883.000
2.160630000,42.290020000,883.000
2.160700000,42.290120000,883.000
2.160750000,42.290210000,883.000
2.160770000,42.290320000,884.000
2.160780000,42.290390000,884.000
2.160790000,42.290480000,884.000
2.160850000,42.291160000,885.000
2.160850000,42.291410000,887.000
2.160840000,42.291510000,888.000
2.160810000,42.291600000,889.000
2.160710000,42.291850000,890.000
2.160680000,42.291960000,890.000
2.160670000,42.292070000,891.000
2.160670000,42.292160000,892.000
2.160700000,42.292310000,892.000
2.160740000,42.292430000,893.000
2.160820000,42.292590000,893.000
2.160920000,42.292770000,894.000
2.161020000,42.292910000,894.000
2.161130000,42.293040000,895.000
2.161240000,42.293160000,896.000
2.161410000,42.293310000,896.000
2.161600000,42.293470000,897.000
2.161770000,42.293590000,898.000
2.161980000,42.293720000,898.000
2.162140000,42.293810000,898.000
2.162280000,42.293880000,898.000
2.162430000,42.293950000,898.000
2.162640000,42.294020000,898.000
2.162810000,42.294080000,897.000
2.163070000,42.294160000,897.000
2.163420000,42.294260000,896.000
2.163660000,42.294340000,895.000
2.163980000,42.294470000,894.000
2.164240000,42.294580000,893.000
2.164430000,42.294690000,893.000
2.164530000,42.294760000,892.000
2.164610000,42.294860000,892.000
2.164690000,42.294970000,892.000
2.164760000,42.295130000,892.000
2.164880000,42.295460000,892.000
2.165100000,42.296210000,893.000
2.165190000,42.296490000,893.000
2.165240000,42.296710000,894.000
2.165290000,42.297070000,895.000
2.165360000,42.297590000,897.000
2.165420000,42.298030000,900.000
2.165440000,42.298170000,902.000
2.165460000,42.298270000,903.000
2.165480000,42.298350000,904.000
2.165520000,42.298430000,905.000
2.165580000,42.298520000,905.000
2.165750000,42.298740000,905.000
2.165990000,42.299040000,904.000
2.166160000,42.299260000,903.000
2.166220000,42.299380000,902.000
2.166260000,42.299500000,901.000
2.166420000,42.300030000,899.000
2.166570000,42.300510000,899.000
2.166640000,42.300740000,900.000
2.166730000,42.300930000,900.000
2.166800000,42.301070000,901.000
2.166880000,42.301260000,902.000
2.166900000,42.301320000,902.000
2.166940000,42.301460000,903.000
2.166910000,42.301610000,904.000
2.166900000,42.301620000,904.000
2.166860000,42.301750000,905.000
2.166600000,42.302340000,906.000
2.166480000,42.302580000,908.000
2.166440000,42.302680000,909.000
2.166440000,42.302760000,910.000
2.166490000,42.302960000,911.000
2.166920000,42.304530000,915.000
2.166970000,42.304760000,917.000
2.166980000,42.304850000,919.000
2.166990000,42.305050000,920.000
2.166990000,42.305240000,920.000
2.166980000,42.305430000,921.000
2.166930000,42.305760000,921.000
2.166910000,42.305840000,920.000
2.166900000,42.305900000,920.000
2.166880000,42.306070000,920.000
2.166840000,42.306260000,920.000
2.166820000,42.306310000,920.000
2.166790000,42.306360000,920.000
2.166740000,42.306400000,920.000
2.166670000,42.306440000,920.000
2.166530000,42.306540000,920.000
2.165120000,42.307510000,920.000
2.165060000,42.307550000,920.000
2.164460000,42.307960000,921.000
2.164340000,42.308030000,921.000
2.164260000,42.308080000,921.000
2.164050000,42.308190000,921.000
2.163780000,42.308260000,921.000
2.162630000,42.308530000,921.000
2.161990000,42.308670000,921.000
2.161830000,42.308710000,921.000
2.161620000,42.308790000,922.000
2.161440000,42.308860000,923.000
2.161290000,42.308910000,924.000
2.161200000,42.308940000,925.000
2.161110000,42.309000000,925.000
2.161010000,42.309090000,926.000
2.160920000,42.309160000,927.000
2.160820000,42.309190000,928.000
2.160720000,42.309200000,929.000
2.160630000,42.309200000,930.000
2.160450000,42.309180000,931.000
2.160270000,42.309140000,932.000
2.160070000,42.309090000,933.000
2.159910000,42.309030000,934.000
2.159710000,42.309010000,935.000
2.159550000,42.309000000,936.000
2.159380000,42.309010000,937.000
2.159260000,42.309050000,937.000
2.159160000,42.309110000,938.000
2.159020000,42.309240000,938.000
2.158920000,42.309310000,939.000
2.158790000,42.309370000,939.000
2.158670000,42.309410000,940.000
2.158460000,42.309440000,940.000
2.158230000,42.309480000,940.000
2.157890000,42.309550000,941.000
2.157610000,42.309580000,942.000
2.157250000,42.309630000,942.000
2.156620000,42.309750000,944.000
2.155140000,42.310040000,948.000
2.154630000,42.310140000,952.000
2.154440000,42.310170000,954.000
2.154270000,42.310190000,956.000
2.154080000,42.310170000,956.000
2.153900000,42.310130000,956.000
2.153420000,42.309980000,956.000
2.153420000,42.309980000,956.000
2.153060000,42.309860000,955.000
2.152930000,42.309830000,954.000
2.152770000,42.309820000,954.000
2.152540000,42.309850000,953.000
2.152330000,42.309900000,952.000
2.152180000,42.309950000,952.000
2.152070000,42.310010000,952.000
2.151990000,42.310100000,952.000
2.151880000,42.310280000,952.000
2.151780000,42.310510000,953.000
2.151740000,42.310630000,954.000
2.151720000,42.310780000,955.000
2.151700000,42.311050000,957.000
2.151700000,42.311220000,958.000
2.151680000,42.311350000,959.000
2.151630000,42.311420000,960.000
2.151560000,42.311470000,961.000
2.151410000,42.311530000,962.000
2.151270000,42.311550000,963.000
2.150450000,42.311640000,964.000
2.150250000,42.311670000,965.000
2.149810000,42.311750000,966.000
2.149620000,42.311810000,967.000
2.149510000,42.311850000,968.000
2.148870000,42.312190000,969.000
2.148820000,42.312220000,970.000
2.148490000,42.312400000,972.000
2.148160000,42.312580000,975.000
2.147650000,42.312850000,979.000
2.147500000,42.312930000,982.000
2.147410000,42.312960000,984.000
2.147300000,42.312980000,986.000
2.147190000,42.312980000,988.000
2.146780000,42.312950000,991.000
2.146670000,42.312940000,992.000
2.146420000,42.312920000,994.000
2.146040000,42.312900000,995.000
2.145710000,42.312890000,997.000
2.145610000,42.312870000,998.000
2.145460000,42.312840000,999.000
2.145270000,42.312770000,1000.000
2.145010000,42.312680000,1001.000
2.144950000,42.312660000,1002.000
2.144890000,42.312650000,1003.000
2.144820000,42.312650000,1003.000
2.144710000,42.312650000,1004.000
2.144550000,42.312650000,1004.000
2.144450000,42.312640000,1005.000
2.144270000,42.312620000,1005.000
2.144070000,42.312590000,1006.000
2.143890000,42.312550000,1006.000
2.143780000,42.312510000,1006.000
2.143630000,42.312440000,1007.000
2.143520000,42.312390000,1007.000
2.143400000,42.312370000,1007.000
2.143310000,42.312360000,1007.000
2.143260000,42.312360000,1008.000
2.143230000,42.312370000,1008.000
2.143090000,42.312380000,1008.000
2.142990000,42.312380000,1008.000
2.142920000,42.312370000,1008.000
2.142870000,42.312350000,1008.000
2.142790000,42.312330000,1008.000
2.142760000,42.312300000,1008.000
2.142700000,42.312250000,1008.000
2.142650000,42.312190000,1008.000
2.142550000,42.312070000,1009.000
2.142430000,42.311920000,1009.000
2.142320000,42.311810000,1009.000
2.142270000,42.311770000,1009.000
2.142140000,42.311720000,1009.000
2.141890000,42.311640000,1009.000
2.141680000,42.311580000,1009.000
2.141410000,42.311530000,1009.000
2.141070000,42.311480000,1009.000
2.140720000,42.311440000,1009.000
2.140420000,42.311400000,1009.000
2.140290000,42.311390000,1009.000
2.140170000,42.311380000,1009.000
2.140070000,42.311380000,1009.000
2.139920000,42.311410000,1009.000
2.139860000,42.311420000,1010.000
2.139800000,42.311450000,1010.000
2.139760000,42.311480000,1010.000
2.139710000,42.311520000,1011.000
2.139630000,42.311600000,1011.000
2.139580000,42.311630000,1012.000
2.139510000,42.311660000,1012.000
2.139440000,42.311680000,1013.000
2.139380000,42.311680000,1013.000
2.139310000,42.311680000,1013.000
2.139230000,42.311680000,1014.000
2.139160000,42.311660000,1014.000
2.139000000,42.311620000,1015.000
2.138850000,42.311590000,1016.000
2.138720000,42.311570000,1017.000
2.138590000,42.311560000,1018.000
2.138210000,42.311550000,1019.000
2.137830000,42.311530000,1021.000
2.137490000,42.311510000,1023.000
2.137240000,42.311480000,1024.000
2.137010000,42.311460000,1026.000
2.136780000,42.311430000,1027.000
2.136530000,42.311400000,1028.000
2.136390000,42.311380000,1030.000
2.136230000,42.311380000,1031.000
2.136100000,42.311400000,1031.000
2.135990000,42.311440000,1032.000
2.135890000,42.311510000,1033.000
2.135820000,42.311600000,1034.000
2.135750000,42.311710000,1034.000
2.135680000,42.311810000,1035.000
2.135630000,42.311860000,1036.000
2.135540000,42.311890000,1036.000
2.135460000,42.311920000,1037.000
2.135340000,42.311910000,1037.000
2.135270000,42.311890000,1038.000
2.135200000,42.311840000,1038.000
2.135080000,42.311760000,1038.000
2.134980000,42.311720000,1038.000
2.134850000,42.311700000,1037.000
2.134690000,42.311690000,1037.000
2.134130000,42.311690000,1036.000
2.133030000,42.311670000,1035.000
2.132740000,42.311680000,1033.000
2.132600000,42.311700000,1033.000
2.132480000,42.311750000,1032.000
2.132290000,42.311870000,1033.000
2.132090000,42.311980000,1034.000
2.131670000,42.312110000,1035.000
2.131300000,42.312230000,1037.000
2.131090000,42.312350000,1039.000
2.130790000,42.312610000,1041.000
2.130640000,42.312790000,1043.000
2.130570000,42.312880000,1044.000
2.130530000,42.312970000,1045.000
2.130500000,42.313080000,1045.000
2.130470000,42.313190000,1046.000
2.130460000,42.313260000,1046.000
2.130440000,42.313310000,1046.000
2.130410000,42.313370000,1046.000
2.130380000,42.313410000,1046.000
2.130300000,42.313470000,1046.000
2.130250000,42.313480000,1046.000
2.130190000,42.313490000,1046.000
2.130150000,42.313500000,1046.000
2.130100000,42.313500000,1046.000
2.130050000,42.313490000,1046.000
2.129990000,42.313480000,1046.000
2.129930000,42.313460000,1046.000
2.129760000,42.313390000,1046.000
2.129540000,42.313280000,1046.000
2.129410000,42.313240000,1046.000
2.129290000,42.313210000,1046.000
2.129060000,42.313220000,1046.000
2.128840000,42.313260000,1046.000
2.128350000,42.313380000,1046.000
2.128120000,42.313440000,1047.000
2.128020000,42.313490000,1048.000
2.127930000,42.313550000,1049.000
2.127790000,42.313760000,1050.000
2.127600000,42.313940000,1051.000
2.127400000,42.314080000,1052.000
2.127180000,42.314280000,1053.000
2.127090000,42.314390000,1054.000
2.127030000,42.314520000,1055.000
2.127020000,42.314680000,1057.000
2.127020000,42.314840000,1058.000
2.127020000,42.314960000,1059.000
2.127000000,42.315090000,1061.000
2.126940000,42.315190000,1062.000
2.126850000,42.315270000,1063.000
2.126800000,42.315300000,1064.000
2.126710000,42.315300000,1065.000
2.126620000,42.315280000,1066.000
2.126540000,42.315240000,1067.000
2.126440000,42.315110000,1068.000
2.126270000,42.314940000,1069.000
2.126070000,42.314820000,1071.000
2.125820000,42.314700000,1073.000
2.125670000,42.314600000,1074.000
2.125520000,42.314460000,1075.000
2.125380000,42.314280000,1075.000
2.125230000,42.314170000,1076.000
2.124900000,42.314060000,1076.000
2.123840000,42.313800000,1076.000
2.123680000,42.313780000,1076.000
2.123520000,42.313780000,1076.000
2.123360000,42.313800000,1076.000
2.123210000,42.313840000,1076.000
2.122540000,42.314000000,1077.000
2.122440000,42.314050000,1078.000
2.122370000,42.314110000,1079.000
2.122300000,42.314190000,1079.000
2.122220000,42.314260000,1080.000
2.121980000,42.314320000,1081.000
2.121720000,42.314350000,1081.000
2.121480000,42.314420000,1082.000
2.121250000,42.314480000,1083.000
2.121160000,42.314500000,1083.000
2.121080000,42.314540000,1084.000
2.120950000,42.314670000,1085.000
2.120830000,42.314820000,1085.000
2.120760000,42.314900000,1086.000
2.120690000,42.314930000,1086.000
2.120620000,42.314950000,1087.000
2.120490000,42.314960000,1087.000
2.120340000,42.314920000,1088.000
2.120160000,42.314880000,1088.000
2.119970000,42.314880000,1089.000
2.119800000,42.314920000,1089.000
2.119650000,42.315010000,1090.000
2.119600000,42.315060000,1090.000
2.119540000,42.315140000,1091.000
2.119460000,42.315310000,1091.000
2.119420000,42.315360000,1092.000
2.119350000,42.315410000,1092.000
2.119220000,42.315460000,1092.000
2.119150000,42.315470000,1092.000
2.119030000,42.315460000,1092.000
2.118870000,42.315430000,1093.000
2.118640000,42.315370000,1093.000
2.118440000,42.315350000,1093.000
2.118260000,42.315360000,1093.000
2.118090000,42.315450000,1093.000
2.117880000,42.315510000,1093.000
2.117650000,42.315520000,1093.000
2.117370000,42.315560000,1093.000
2.117050000,42.315630000,1093.000
2.116930000,42.315670000,1094.000
2.116810000,42.315720000,1094.000
2.116700000,42.315800000,1094.000
2.116590000,42.315850000,1095.000
2.116470000,42.315900000,1096.000
2.116340000,42.315930000,1096.000
2.116210000,42.315950000,1097.000
2.116080000,42.315960000,1097.000
2.115590000,42.315970000,1098.000
2.115130000,42.315980000,1100.000
2.114530000,42.315980000,1102.000
2.114360000,42.315990000,1103.000
2.114210000,42.316030000,1104.000
2.114080000,42.316070000,1104.000
2.114030000,42.316090000,1105.000
2.113940000,42.316120000,1105.000
2.113890000,42.316150000,1105.000
2.113850000,42.316180000,1105.000
2.113800000,42.316220000,1105.000
2.113770000,42.316270000,1105.000
2.113720000,42.316440000,1105.000
2.113700000,42.316540000,1105.000
2.113690000,42.316610000,1105.000
2.113590000,42.316960000,1105.000
2.113500000,42.317150000,1105.000
2.113350000,42.317380000,1105.000
2.113230000,42.317630000,1106.000
2.113160000,42.317780000,1107.000
2.113120000,42.317950000,1108.000
2.113070000,42.318280000,1109.000
2.113010000,42.318970000,1111.000
2.113000000,42.319060000,1113.000
2.112960000,42.319160000,1114.000
2.112860000,42.319340000,1115.000
2.112510000,42.320010000,1119.000
2.112450000,42.320090000,1121.000
2.112360000,42.320170000,1123.000
2.112220000,42.320200000,1125.000
2.112070000,42.320210000,1127.000
2.112050000,42.320210000,1128.000
2.111730000,42.320250000,1129.000
2.111430000,42.320270000,1131.000
2.111120000,42.320220000,1133.000
2.110850000,42.320160000,1135.000
2.110590000,42.320080000,1137.000
2.110450000,42.320060000,1138.000
2.110310000,42.320050000,1140.000
2.110050000,42.320070000,1141.000
2.109920000,42.320060000,1143.000
2.109790000,42.320030000,1144.000
2.109680000,42.319980000,1145.000
2.109580000,42.319920000,1146.000
2.109420000,42.319760000,1148.000
2.109010000,42.319190000,1151.000
2.108950000,42.319060000,1152.000
2.108930000,42.318940000,1153.000
2.108900000,42.318680000,1154.000
2.108850000,42.318600000,1154.000
2.108780000,42.318550000,1154.000
2.108690000,42.318510000,1154.000
2.108590000,42.318490000,1154.000
2.108370000,42.318480000,1153.000
2.108150000,42.318500000,1153.000
2.107770000,42.318580000,1152.000
2.106650000,42.318950000,1151.000
2.106090000,42.319120000,1151.000
2.105880000,42.319210000,1152.000
2.105790000,42.319270000,1153.000
2.105710000,42.319330000,1154.000
2.105650000,42.319380000,1155.000
2.105610000,42.319440000,1155.000
2.105550000,42.319570000,1156.000
2.105470000,42.319720000,1158.000
2.105400000,42.319810000,1159.000
2.105290000,42.319880000,1160.000
2.105200000,42.319880000,1161.000
2.105110000,42.319850000,1162.000
2.105010000,42.319810000,1163.000
2.104910000,42.319740000,1164.000
2.104800000,42.319670000,1165.000
2.104600000,42.319630000,1165.000
2.104330000,42.319600000,1166.000
2.104220000,42.319570000,1166.000
2.104140000,42.319530000,1166.000
2.104080000,42.319470000,1166.000
2.104080000,42.319410000,1166.000
2.104090000,42.319360000,1166.000
2.104110000,42.319310000,1166.000
2.104150000,42.319240000,1166.000
2.104270000,42.319070000,1166.000
2.104350000,42.318930000,1166.000
2.104430000,42.318640000,1166.000
2.104440000,42.318510000,1166.000
2.104430000,42.318430000,1166.000
2.104400000,42.318340000,1166.000
2.104340000,42.318300000,1166.000
2.104260000,42.318250000,1167.000
2.104110000,42.318220000,1167.000
2.103420000,42.318130000,1167.000
2.103290000,42.318110000,1167.000
2.103160000,42.318110000,1167.000
2.103030000,42.318120000,1168.000
2.102900000,42.318140000,1168.000
2.102730000,42.318190000,1168.000
2.102610000,42.318260000,1168.000
2.102440000,42.318380000,1168.000
2.102430000,42.318380000,1169.000
2.102280000,42.318540000,1169.000
2.102120000,42.318750000,1169.000
2.101960000,42.318980000,1170.000
2.101780000,42.319260000,1170.000
2.101670000,42.319380000,1171.000
2.101560000,42.319500000,1172.000
2.101380000,42.319630000,1172.000
2.101170000,42.319750000,1173.000
2.100970000,42.319850000,1174.000
2.100710000,42.319950000,1175.000
2.100570000,42.320000000,1176.000
2.100420000,42.320060000,1176.000
2.100310000,42.320140000,1177.000
2.100210000,42.320240000,1178.000
2.100120000,42.320380000,1178.000
2.100070000,42.320530000,1179.000
2.100050000,42.320680000,1180.000
2.100040000,42.320840000,1181.000
2.100100000,42.321350000,1183.000
2.100110000,42.321730000,1185.000
2.100020000,42.321920000,1187.000
2.099940000,42.322000000,1188.000
2.099790000,42.322050000,1190.000
2.099590000,42.322040000,1191.000
2.099320000,42.321990000,1192.000
2.099170000,42.321920000,1194.000
2.099070000,42.321770000,1195.000
2.098930000,42.321550000,1197.000
2.098460000,42.321090000,1199.000
2.098240000,42.320780000,1202.000
2.098030000,42.320530000,1204.000
2.097950000,42.320460000,1205.000
2.097830000,42.320420000,1206.000
2.097690000,42.320420000,1206.000
2.097500000,42.320440000,1207.000
2.097270000,42.320500000,1207.000
2.097060000,42.320600000,1207.000
2.096940000,42.320690000,1207.000
2.096650000,42.321050000,1207.000
2.096560000,42.321130000,1207.000
2.096440000,42.321200000,1207.000
2.096270000,42.321260000,1207.000
2.095950000,42.321350000,1207.000
2.095800000,42.321410000,1207.000
2.095630000,42.321520000,1207.000
2.095480000,42.321620000,1206.000
2.095350000,42.321740000,1206.000
2.095150000,42.321970000,1206.000
2.095030000,42.322120000,1205.000
2.094950000,42.322270000,1205.000
2.094880000,42.322450000,1205.000
2.094860000,42.322590000,1204.000
2.094860000,42.322730000,1205.000
2.094900000,42.322860000,1206.000
2.095280000,42.323810000,1213.000
2.095330000,42.324060000,1219.000
2.095350000,42.324240000,1224.000
2.095330000,42.324400000,1229.000
2.095290000,42.324480000,1232.000
2.095210000,42.324550000,1234.000
2.095130000,42.324590000,1235.000
2.095000000,42.324620000,1236.000
2.094870000,42.324620000,1236.000
2.094650000,42.324610000,1237.000
2.093940000,42.324550000,1237.000
2.093550000,42.324520000,1238.000
2.093320000,42.324510000,1238.000
2.093190000,42.324520000,1238.000
2.093050000,42.324540000,1238.000
2.092930000,42.324600000,1239.000
2.092750000,42.324750000,1239.000
2.092620000,42.324840000,1240.000
2.092480000,42.324920000,1241.000
2.092280000,42.325000000,1242.000
2.092160000,42.325020000,1243.000
2.092060000,42.325020000,1243.000
2.091950000,42.324990000,1244.000
2.091880000,42.324940000,1245.000
2.091810000,42.324840000,1245.000
2.091760000,42.324710000,1246.000
2.091710000,42.324640000,1247.000
2.091630000,42.324550000,1247.000
2.091490000,42.324410000,1248.000
2.091380000,42.324330000,1249.000
2.091260000,42.324280000,1250.000
2.091130000,42.324250000,1250.000
2.090960000,42.324240000,1251.000
2.090710000,42.324240000,1251.000
2.090480000,42.324250000,1252.000
2.090250000,42.324300000,1252.000
2.089580000,42.324520000,1252.000
2.089090000,42.324690000,1253.000
2.088790000,42.324800000,1253.000
2.088070000,42.325150000,1254.000
2.087180000,42.325610000,1255.000
2.087050000,42.325680000,1256.000
2.086950000,42.325750000,1257.000
2.086900000,42.325810000,1258.000
2.086850000,42.325890000,1258.000
2.086820000,42.326030000,1259.000
2.086790000,42.326320000,1261.000
2.086770000,42.326550000,1263.000
2.086750000,42.326680000,1265.000
2.086740000,42.326780000,1266.000
2.086710000,42.326860000,1268.000
2.086660000,42.326900000,1269.000
2.086590000,42.326920000,1270.000
2.086510000,42.326930000,1271.000
2.086400000,42.326910000,1271.000
2.086290000,42.326870000,1272.000
2.086160000,42.326780000,1274.000
2.085870000,42.326570000,1275.000
2.085750000,42.326490000,1277.000
2.085610000,42.326430000,1278.000
2.085450000,42.326400000,1279.000
2.085260000,42.326380000,1280.000
2.084920000,42.326400000,1281.000
2.084610000,42.326400000,1281.000
2.084430000,42.326390000,1282.000
2.084250000,42.326350000,1283.000
2.084070000,42.326310000,1283.000
2.083820000,42.326220000,1284.000
2.083620000,42.326150000,1284.000
2.083490000,42.326110000,1284.000
2.083410000,42.326100000,1285.000
2.083360000,42.326100000,1285.000
2.083290000,42.326100000,1286.000
2.083200000,42.326120000,1286.000
2.083090000,42.326160000,1287.000
2.082600000,42.326430000,1288.000
2.082470000,42.326500000,1290.000
2.082360000,42.326540000,1291.000
2.082230000,42.326560000,1292.000
2.082100000,42.326550000,1293.000
2.082000000,42.326530000,1294.000
2.081880000,42.326490000,1295.000
2.081310000,42.326320000,1297.000
2.081120000,42.326270000,1298.000
2.080980000,42.326250000,1299.000
2.080850000,42.326240000,1300.000
2.080730000,42.326250000,1301.000
2.080620000,42.326260000,1301.000
2.080290000,42.326340000,1301.000
2.079860000,42.326450000,1302.000
2.079610000,42.326500000,1302.000
2.079500000,42.326510000,1302.000
2.079370000,42.326490000,1302.000
2.078840000,42.326360000,1302.000
2.078780000,42.326340000,1302.000
2.078680000,42.326330000,1303.000
2.078570000,42.326320000,1303.000
2.078470000,42.326330000,1303.000
2.078370000,42.326360000,1304.000
2.078260000,42.326410000,1305.000
2.078180000,42.326450000,1305.000
2.078040000,42.326560000,1306.000
2.077930000,42.326660000,1307.000
2.077800000,42.326840000,1308.000
2.077390000,42.327460000,1310.000
2.077230000,42.327680000,1313.000
2.077160000,42.327740000,1315.000
2.077080000,42.327790000,1316.000
2.076990000,42.327810000,1317.000
2.076890000,42.327810000,1318.000
2.076800000,42.327800000,1319.000
2.076750000,42.327780000,1319.000
2.076690000,42.327730000,1320.000
2.076670000,42.327670000,1320.000
2.076660000,42.327640000,1321.000
2.076470000,42.327210000,1322.000
2.076210000,42.326650000,1324.000
2.076010000,42.326220000,1327.000
2.075890000,42.325980000,1328.000
2.075800000,42.325820000,1329.000
2.075710000,42.325720000,1330.000
2.075640000,42.325650000,1330.000
2.075480000,42.325570000,1330.000
2.075310000,42.325500000,1330.000
2.075160000,42.325470000,1330.000
2.074930000,42.325440000,1330.000
2.074770000,42.325430000,1330.000
2.074660000,42.325440000,1330.000
2.074400000,42.325470000,1330.000
2.074200000,42.325520000,1330.000
2.073700000,42.325690000,1330.000
2.073310000,42.325840000,1330.000
2.072820000,42.326080000,1330.000
2.072290000,42.326350000,1331.000
2.072000000,42.326540000,1331.000
2.071860000,42.326650000,1331.000
2.071720000,42.326780000,1332.000
2.071660000,42.326880000,1332.000
2.071630000,42.326970000,1333.000
2.071610000,42.327100000,1334.000
2.071620000,42.327200000,1334.000
2.071670000,42.327300000,1335.000
2.071720000,42.327380000,1336.000
2.071810000,42.327500000,1336.000
2.071870000,42.327550000,1337.000
2.071930000,42.327610000,1338.000
2.072000000,42.327650000,1338.000
2.072140000,42.327710000,1339.000
2.072300000,42.327770000,1340.000
2.072420000,42.327860000,1341.000
2.072830000,42.328200000,1342.000
2.073180000,42.328500000,1344.000
2.073610000,42.328810000,1345.000
2.073720000,42.328930000,1346.000
2.073820000,42.329070000,1346.000
2.073860000,42.329250000,1346.000
2.073910000,42.329500000,1346.000
2.073980000,42.329690000,1345.000
2.074040000,42.329810000,1345.000
2.074080000,42.329910000,1345.000
2.074090000,42.330000000,1345.000
2.074090000,42.330160000,1344.000
2.074100000,42.330310000,1345.000
2.074210000,42.330710000,1347.000
2.074250000,42.330960000,1350.000
2.074230000,42.331090000,1352.000
2.074130000,42.331390000,1356.000
2.074110000,42.331480000,1358.000
2.074140000,42.331580000,1360.000
2.074230000,42.331720000,1363.000
2.074310000,42.331830000,1365.000
2.074330000,42.331890000,1367.000
2.074300000,42.331990000,1368.000
2.074260000,42.332030000,1369.000
2.074190000,42.332070000,1370.000
2.074070000,42.332130000,1371.000
2.073860000,42.332170000,1372.000
2.073480000,42.332200000,1373.000
2.073300000,42.332220000,1373.000
2.073210000,42.332260000,1374.000
2.073110000,42.332320000,1374.000
2.072920000,42.332540000,1375.000
2.072690000,42.332860000,1376.000
2.072490000,42.333170000,1377.000
2.072340000,42.333470000,1379.000
2.072180000,42.333840000,1381.000
2.072140000,42.333960000,1383.000
2.072110000,42.334120000,1385.000
2.072080000,42.334250000,1386.000
2.072060000,42.334320000,1388.000
2.072020000,42.334360000,1389.000
2.071940000,42.334390000,1389.000
2.071740000,42.334390000,1390.000
2.071650000,42.334350000,1391.000
2.071590000,42.334300000,1392.000
2.071530000,42.334210000,1393.000
2.071490000,42.334110000,1394.000
2.071390000,42.333730000,1394.000
2.071330000,42.333530000,1395.000
2.071310000,42.333400000,1395.000
2.071310000,42.332960000,1396.000
2.071320000,42.332520000,1396.000
2.071330000,42.331990000,1397.000
2.071330000,42.331650000,1397.000
2.071330000,42.331540000,1398.000
2.071320000,42.331450000,1398.000
2.071290000,42.331340000,1398.000
2.071240000,42.331240000,1398.000
2.071190000,42.331150000,1399.000
2.071120000,42.331060000,1399.000
2.071030000,42.330980000,1399.000
2.070910000,42.330930000,1399.000
2.070750000,42.330910000,1399.000
2.070140000,42.330810000,1400.000
2.069590000,42.330730000,1400.000
2.069150000,42.330620000,1401.000
2.068690000,42.330460000,1402.000
2.068540000,42.330400000,1402.000
2.068190000,42.330410000,1403.000
2.067280000,42.330430000,1404.000
2.066840000,42.330420000,1405.000
2.066540000,42.330450000,1406.000
2.066060000,42.330600000,1407.000
2.065190000,42.330930000,1409.000
2.064310000,42.331220000,1412.000
2.063700000,42.331410000,1415.000
2.062090000,42.331860000,1419.000
2.061670000,42.331940000,1423.000
2.061390000,42.332000000,1426.000
2.061220000,42.332020000,1428.000
2.061060000,42.332000000,1429.000
2.060990000,42.331980000,1430.000
2.060800000,42.331900000,1431.000
2.060760000,42.331870000,1431.000
2.060730000,42.331800000,1432.000
2.060770000,42.331720000,1432.000
2.060970000,42.331410000,1433.000
2.061120000,42.331070000,1433.000
2.061260000,42.330700000,1434.000
2.061270000,42.330500000,1434.000
2.061280000,42.330460000,1433.000
2.061500000,42.329880000,1430.000
2.061610000,42.329720000,1427.000
2.061610000,42.329720000,1425.000
2.061920000,42.329280000,1422.000
2.061980000,42.329110000,1419.000
2.061860000,42.329010000,1416.000
2.061690000,42.328970000,1414.000
2.061200000,42.328940000,1410.000
2.060930000,42.328900000,1407.000
2.060680000,42.328810000,1405.000
2.060470000,42.328720000,1402.000
2.059760000,42.328270000,1397.000
2.059570000,42.328160000,1393.000
2.059400000,42.328150000,1390.000
2.059100000,42.328230000,1388.000
2.058750000,42.328350000,1386.000
2.058410000,42.328430000,1384.000
2.058110000,42.328460000,1382.000
2.057900000,42.328500000,1380.000
2.057490000,42.328590000,1379.000
2.056870000,42.328600000,1377.000
2.056350000,42.328540000,1375.000
2.056130000,42.328550000,1373.000
2.055190000,42.328730000,1371.000
2.055040000,42.328750000,1369.000
2.054910000,42.328720000,1368.000
2.054600000,42.328500000,1367.000
2.054130000,42.328030000,1363.000
2.053940000,42.327830000,1359.000
2.053820000,42.327620000,1355.000
2.053710000,42.327460000,1351.000
2.053510000,42.327270000,1347.000
2.053350000,42.327120000,1344.000
2.053120000,42.327040000,1340.000
2.052880000,42.326980000,1338.000
2.052530000,42.326970000,1336.000
2.052180000,42.326880000,1335.000
2.051360000,42.326500000,1333.000
2.051270000,42.326460000,1332.000
2.051140000,42.326480000,1331.000
2.051040000,42.326550000,1330.000
2.050990000,42.326600000,1330.000
2.050830000,42.326790000,1330.000
2.050770000,42.326840000,1329.000
2.050690000,42.326860000,1328.000
2.050620000,42.326860000,1328.000
2.050530000,42.326820000,1327.000
2.050040000,42.326450000,1325.000
2.049880000,42.326260000,1323.000
2.049590000,42.325880000,1320.000
2.049270000,42.325610000,1316.000
2.048910000,42.325470000,1313.000
2.048630000,42.325370000,1310.000
2.048310000,42.325180000,1306.000
2.048220000,42.325130000,1303.000
2.047950000,42.325010000,1300.000
2.047720000,42.324910000,1297.000
2.047210000,42.324670000,1293.000
2.047240000,42.324490000,1289.000
2.047260000,42.324380000,1286.000
2.047290000,42.324270000,1284.000
2.047350000,42.324170000,1281.000
2.047380000,42.324110000,1280.000
2.047580000,42.323790000,1277.000
2.047540000,42.323740000,1274.000
2.047430000,42.323570000,1272.000
2.047400000,42.323550000,1270.000
2.047360000,42.323530000,1269.000
2.047320000,42.323510000,1268.000
2.047240000,42.323400000,1266.000
2.047160000,42.323270000,1265.000
2.047150000,42.323260000,1263.000
2.047140000,42.323220000,1262.000
2.047130000,42.323160000,1262.000
2.046950000,42.323040000,1260.000
2.046710000,42.322940000,1258.000
2.046680000,42.322910000,1256.000
2.046660000,42.322880000,1255.000
2.046700000,42.322590000,1253.000
2.046520000,42.322580000,1252.000
2.046270000,42.322550000,1252.000
2.046020000,42.322510000,1252.000
2.045810000,42.322470000,1253.000
2.045630000,42.322460000,1254.000
2.044780000,42.322490000,1256.000
2.042870000,42.322450000,1261.000
2.042800000,42.322440000,1265.000
2.042660000,42.322420000,1268.000
2.042410000,42.322380000,1269.000
2.042000000,42.322280000,1271.000
2.041750000,42.322220000,1271.000
2.041420000,42.322180000,1272.000
2.041080000,42.322160000,1272.000
2.040720000,42.322130000,1273.000
2.039060000,42.322240000,1273.000
2.038680000,42.322240000,1274.000
2.037910000,42.322180000,1274.000
2.037230000,42.322130000,1275.000
2.037080000,42.322130000,1275.000
2.036940000,42.322150000,1276.000
2.036810000,42.322160000,1276.000
2.036700000,42.322200000,1276.000
2.036560000,42.322290000,1276.000
2.036490000,42.322400000,1277.000
2.036450000,42.322540000,1277.000
2.036200000,42.323060000,1279.000
2.035930000,42.323560000,1281.000
2.035820000,42.323700000,1283.000
2.035710000,42.323840000,1285.000
2.035450000,42.324100000,1287.000
2.035290000,42.324270000,1288.000
2.035140000,42.324380000,1289.000
2.035040000,42.324440000,1290.000
2.034900000,42.324440000,1291.000
2.034760000,42.324370000,1292.000
2.034640000,42.324260000,1292.000
2.034620000,42.324220000,1292.000
2.034610000,42.324170000,1293.000
2.034630000,42.324110000,1293.000
2.034660000,42.324060000,1293.000
2.034780000,42.323970000,1294.000
2.034990000,42.323830000,1294.000
2.035120000,42.323730000,1294.000
2.035250000,42.323630000,1295.000
2.035410000,42.323440000,1295.000
2.035460000,42.323340000,1296.000
2.035480000,42.323230000,1297.000
2.035470000,42.323110000,1297.000
2.035430000,42.322970000,1298.000
2.035330000,42.322750000,1299.000
2.035250000,42.322660000,1300.000
2.035140000,42.322610000,1301.000
2.035040000,42.322600000,1302.000
2.034920000,42.322610000,1302.000
2.034800000,42.322650000,1303.000
2.034670000,42.322720000,1304.000
2.034490000,42.322770000,1304.000
2.034100000,42.322840000,1306.000
2.033770000,42.322880000,1307.000
2.033710000,42.322910000,1308.000
2.033640000,42.322940000,1309.000
2.033530000,42.322990000,1310.000
2.033430000,42.323010000,1310.000
2.033290000,42.323020000,1311.000
2.033170000,42.323010000,1312.000
2.033040000,42.323020000,1312.000
2.032720000,42.323070000,1314.000
2.032430000,42.323140000,1315.000
2.032100000,42.323210000,1316.000
2.031640000,42.323290000,1318.000
2.031440000,42.323330000,1320.000
2.031230000,42.323370000,1322.000
2.030940000,42.323410000,1323.000
2.030530000,42.323430000,1325.000
2.030370000,42.323440000,1327.000
2.030070000,42.323430000,1328.000
2.029830000,42.323430000,1330.000
2.029090000,42.323460000,1333.000
2.028610000,42.323480000,1335.000
2.028260000,42.323480000,1338.000
2.027980000,42.323530000,1340.000
2.027870000,42.323520000,1342.000
2.027760000,42.323500000,1344.000
2.027530000,42.323400000,1346.000
2.027440000,42.323380000,1347.000
2.027200000,42.323370000,1349.000
2.027010000,42.323350000,1350.000
2.026000000,42.323110000,1354.000
2.025820000,42.323070000,1357.000
2.025530000,42.323040000,1359.000
2.025360000,42.323020000,1361.000
2.024850000,42.322910000,1363.000
2.024530000,42.322800000,1366.000
2.024240000,42.322650000,1368.000
2.023970000,42.322520000,1370.000
2.023700000,42.322360000,1372.000
2.023380000,42.322020000,1373.000
2.023270000,42.321930000,1375.000
2.023140000,42.321840000,1376.000
2.022840000,42.321720000,1377.000
2.022630000,42.321660000,1378.000
2.022530000,42.321660000,1379.000
2.022440000,42.321660000,1379.000
2.022280000,42.321720000,1380.000
2.022070000,42.321840000,1380.000
2.021910000,42.321930000,1381.000
2.021820000,42.321950000,1381.000
2.021720000,42.321950000,1382.000
2.021630000,42.321930000,1382.000
2.021550000,42.321900000,1382.000
2.021430000,42.321800000,1383.000
2.021330000,42.321700000,1384.000
2.021230000,42.321630000,1384.000
2.021000000,42.321540000,1385.000
2.020800000,42.321510000,1386.000
2.020650000,42.321530000,1387.000
2.020500000,42.321550000,1387.000
2.020180000,42.321620000,1388.000
2.019870000,42.321660000,1389.000
2.019690000,42.321670000,1390.000
2.019450000,42.321670000,1391.000
2.019210000,42.321620000,1393.000
2.019100000,42.321580000,1394.000
2.018730000,42.321280000,1397.000
2.018640000,42.321230000,1399.000
2.018520000,42.321180000,1401.000
2.018430000,42.321160000,1403.000
2.018340000,42.321150000,1404.000
2.018140000,42.321160000,1406.000
2.017870000,42.321100000,1408.000
2.017810000,42.321090000,1410.000
2.017740000,42.321100000,1411.000
2.017530000,42.321170000,1413.000
2.017420000,42.321210000,1414.000
2.017320000,42.321240000,1415.000
2.017190000,42.321240000,1417.000
2.016290000,42.321120000,1417.000
2.015830000,42.321110000,1417.000
2.015520000,42.321090000,1416.000
2.015240000,42.321020000,1415.000
2.015100000,42.320990000,1415.000
2.015000000,42.320960000,1414.000
2.014820000,42.320920000,1414.000
2.014650000,42.320880000,1413.000
2.014550000,42.320860000,1413.000
2.014540000,42.320860000,1413.000
2.014380000,42.320830000,1414.000
2.014320000,42.320810000,1415.000
2.014230000,42.320800000,1415.000
2.014190000,42.320790000,1416.000
2.014170000,42.320810000,1416.000
2.014140000,42.320810000,1417.000
2.014100000,42.320800000,1417.000
2.014080000,42.320790000,1417.000
2.014070000,42.320760000,1418.000
2.013970000,42.320720000,1418.000
2.013860000,42.320710000,1419.000
2.013690000,42.320700000,1420.000
2.013510000,42.320700000,1421.000
2.013340000,42.320660000,1422.000
2.013240000,42.320620000,1424.000
2.013150000,42.320560000,1425.000
2.012890000,42.320290000,1427.000
2.012790000,42.320230000,1429.000
2.012750000,42.320210000,1430.000
2.012640000,42.320180000,1432.000
2.012400000,42.320140000,1433.000
2.012030000,42.320070000,1435.000
2.011670000,42.320000000,1437.000
2.011340000,42.319890000,1438.000
2.011130000,42.319810000,1440.000
2.010660000,42.319730000,1441.000
2.010380000,42.319660000,1443.000
2.009860000,42.319590000,1445.000
2.009680000,42.319590000,1446.000
2.009140000,42.319640000,1449.000
2.008870000,42.319630000,1451.000
2.008610000,42.319630000,1453.000
2.008510000,42.319650000,1455.000
2.008260000,42.319720000,1456.000
2.007530000,42.319890000,1459.000
2.006760000,42.319990000,1463.000
2.006650000,42.319980000,1466.000
2.006500000,42.319970000,1467.000
2.005920000,42.319820000,1469.000
2.005630000,42.319760000,1470.000
2.005500000,42.319740000,1471.000
2.005290000,42.319750000,1472.000
2.005220000,42.319770000,1472.000
2.005080000,42.319850000,1473.000
2.004660000,42.320170000,1474.000
2.004520000,42.320280000,1474.000
2.004450000,42.320380000,1475.000
2.004390000,42.320500000,1476.000
2.004380000,42.320650000,1477.000
2.004480000,42.321020000,1479.000
2.004870000,42.321920000,1483.000
2.004940000,42.322160000,1486.000
2.004930000,42.322700000,1490.000
2.004960000,42.322860000,1493.000
2.005150000,42.323330000,1497.000
2.005150000,42.323430000,1500.000
2.005100000,42.323520000,1502.000
2.004890000,42.323760000,1505.000
2.004450000,42.324150000,1508.000
2.004040000,42.324500000,1511.000
2.003930000,42.324620000,1514.000
2.003860000,42.324770000,1516.000
2.003760000,42.325260000,1518.000
2.003640000,42.325610000,1521.000
2.003360000,42.326060000,1524.000
2.003110000,42.326430000,1527.000
2.003050000,42.326490000,1529.000
2.002880000,42.326630000,1531.000
2.002150000,42.327080000,1535.000
2.001350000,42.327670000,1539.000
2.001020000,42.327970000,1544.000
2.000730000,42.328350000,1549.000
2.000660000,42.328490000,1552.000
2.000600000,42.328660000,1555.000
2.000390000,42.330080000,1563.000
2.000190000,42.330690000,1570.000
1.999940000,42.331290000,1577.000
1.999850000,42.331390000,1582.000
1.999790000,42.331430000,1585.000
1.999710000,42.331460000,1588.000
1.999330000,42.331570000,1590.000
1.999220000,42.331640000,1592.000
1.999120000,42.331710000,1594.000
1.998830000,42.332050000,1598.000
1.998650000,42.332240000,1601.000
1.998490000,42.332380000,1604.000
1.998350000,42.332440000,1606.000
1.998150000,42.332460000,1609.000
1.997090000,42.332490000,1614.000
1.996990000,42.332470000,1618.000
1.996890000,42.332440000,1621.000
1.996810000,42.332400000,1623.000
1.996730000,42.332320000,1625.000
1.996710000,42.332240000,1626.000
1.996720000,42.332150000,1628.000
1.996970000,42.331890000,1630.000
1.997040000,42.331790000,1632.000
1.997070000,42.331690000,1634.000
1.997100000,42.331560000,1636.000
1.997100000,42.331450000,1637.000
1.997110000,42.331000000,1640.000
1.997210000,42.330590000,1644.000
1.997230000,42.330440000,1647.000
1.997210000,42.330260000,1650.000
1.997000000,42.329640000,1654.000
1.996880000,42.329470000,1658.000
1.996670000,42.329190000,1661.000
1.996370000,42.328720000,1666.000
1.996330000,42.328680000,1669.000
1.996270000,42.328650000,1671.000
1.996150000,42.328620000,1673.000
1.996060000,42.328610000,1675.000
1.995680000,42.328670000,1677.000
1.995230000,42.328750000,1680.000
1.994990000,42.328760000,1682.000
1.994680000,42.328760000,1685.000
1.994260000,42.328680000,1688.000
1.993870000,42.328660000,1691.000
1.992960000,42.328660000,1695.000
1.992510000,42.328700000,1698.000
1.991740000,42.328800000,1701.000
1.991300000,42.328880000,1704.000
1.990970000,42.328950000,1708.000
1.990490000,42.329110000,1711.000
1.990230000,42.329220000,1715.000
1.990010000,42.329360000,1718.000
1.989540000,42.329730000,1723.000
1.989310000,42.329910000,1727.000
1.989070000,42.330060000,1731.000
1.988950000,42.330110000,1734.000
1.988800000,42.330130000,1736.000
1.988560000,42.330110000,1738.000
1.988500000,42.330110000,1740.000
1.988500000,42.330110000,1741.000
1.988320000,42.330110000,1742.000
1.988200000,42.330120000,1743.000
1.988100000,42.330160000,1744.000
1.987530000,42.330490000,1747.000
1.987220000,42.330670000,1750.000
1.986970000,42.330810000,1753.000
1.986790000,42.330890000,1755.000
1.986590000,42.330960000,1758.000
1.986190000,42.331110000,1761.000
1.985940000,42.331190000,1763.000
1.985790000,42.331230000,1766.000
1.985620000,42.331260000,1768.000
1.985430000,42.331270000,1770.000
1.985240000,42.331270000,1772.000
1.985080000,42.331280000,1774.000
1.984960000,42.331320000,1775.000
1.984850000,42.331360000,1776.000
1.984730000,42.331450000,1777.000
1.984630000,42.331540000,1777.000
1.984580000,42.331580000,1776.000
1.984590000,42.331640000,1776.000
1.984600000,42.331710000,1776.000
1.984600000,42.331810000,1776.000
1.984570000,42.331870000,1775.000
1.984380000,42.332220000,1774.000
1.984260000,42.332430000,1773.000
1.984210000,42.332590000,1772.000
1.984200000,42.332640000,1771.000
1.984250000,42.332750000,1770.000
1.984290000,42.332800000,1770.000
1.984330000,42.332850000,1769.000
1.984450000,42.332940000,1769.000
1.984790000,42.333120000,1769.000
1.985030000,42.333250000,1770.000
1.985500000,42.333420000,1771.000
1.985730000,42.333490000,1772.000
1.986040000,42.333580000,1774.000
1.986910000,42.333740000,1776.000
1.987090000,42.333760000,1778.000
1.988290000,42.333760000,1780.000
1.988600000,42.333760000,1782.000
1.988760000,42.333760000,1783.000
1.989010000,42.333790000,1784.000
1.989160000,42.333840000,1785.000
1.989260000,42.333920000,1786.000
1.989350000,42.334010000,1786.000
1.989370000,42.334070000,1787.000
1.989450000,42.334420000,1787.000
1.989490000,42.334550000,1788.000
1.990120000,42.335390000,1789.000
1.990190000,42.335490000,1790.000
1.990290000,42.335580000,1791.000
1.990470000,42.335720000,1791.000
1.990770000,42.335890000,1791.000
1.991030000,42.335990000,1791.000
1.991120000,42.336030000,1791.000
1.991110000,42.336230000,1791.000
1.991070000,42.336670000,1791.000
1.991040000,42.337090000,1790.000
1.991030000,42.337260000,1790.000
1.991000000,42.337340000,1789.000
1.990980000,42.337400000,1789.000
1.990940000,42.337450000,1788.000
1.990880000,42.337490000,1788.000
1.990820000,42.337530000,1788.000
1.990740000,42.337560000,1787.000
1.990430000,42.337690000,1787.000
1.990160000,42.337810000,1786.000
1.989700000,42.338050000,1785.000
1.989490000,42.338170000,1783.000
1.989400000,42.338250000,1783.000
1.989340000,42.338310000,1782.000
1.989290000,42.338390000,1781.000
1.989260000,42.338460000,1781.000
1.989240000,42.338540000,1780.000
1.989240000,42.338620000,1779.000
1.989250000,42.338730000,1779.000
1.989490000,42.339400000,1776.000
1.989760000,42.340200000,1773.000
1.989880000,42.340520000,1769.000
1.989950000,42.340660000,1767.000
1.990170000,42.340880000,1766.000
1.990400000,42.341070000,1766.000
1.990520000,42.341170000,1766.000
1.990600000,42.341280000,1766.000
1.990640000,42.341370000,1767.000
1.990650000,42.341460000,1767.000
1.990620000,42.341550000,1767.000
1.990530000,42.341620000,1768.000
1.990390000,42.341700000,1768.000
1.990240000,42.341750000,1769.000
1.990120000,42.341790000,1769.000
1.989710000,42.341830000,1770.000
1.988400000,42.341940000,1771.000
1.988260000,42.341930000,1772.000
1.988030000,42.341850000,1772.000
1.987910000,42.341830000,1773.000
1.987670000,42.341800000,1773.000
1.987550000,42.341760000,1773.000
1.987430000,42.341700000,1774.000
1.987060000,42.341480000,1774.000
1.986810000,42.341370000,1774.000
1.986640000,42.341310000,1773.000
1.986430000,42.341270000,1773.000
1.985510000,42.341190000,1771.000
1.985380000,42.341190000,1770.000
1.985270000,42.341190000,1769.000
1.985050000,42.341270000,1768.000
1.984710000,42.341410000,1767.000
1.984580000,42.341450000,1766.000
1.984500000,42.341460000,1765.000
1.984400000,42.341460000,1764.000
1.984280000,42.341430000,1764.000
1.984170000,42.341390000,1763.000
1.983730000,42.341160000,1762.000
1.983520000,42.341060000,1760.000
1.983320000,42.340990000,1759.000
1.983200000,42.340970000,1758.000
1.983060000,42.340970000,1757.000
1.982920000,42.340990000,1757.000
1.982690000,42.341050000,1756.000
1.982490000,42.341160000,1755.000
1.982300000,42.341300000,1754.000
1.982140000,42.341460000,1754.000
1.981780000,42.341850000,1753.000
1.981700000,42.341970000,1753.000
1.981440000,42.342550000,1753.000
1.981390000,42.342640000,1753.000
1.981310000,42.342720000,1753.000
1.981180000,42.342760000,1753.000
1.981020000,42.342800000,1753.000
1.980630000,42.342840000,1752.000
1.980450000,42.342880000,1751.000
1.980340000,42.342910000,1751.000
1.980250000,42.342950000,1750.000
1.980140000,42.343020000,1749.000
1.979980000,42.343140000,1749.000
1.979540000,42.343570000,1747.000
1.979280000,42.343820000,1746.000
1.978980000,42.344120000,1745.000
1.978870000,42.344250000,1744.000
1.978770000,42.344360000,1743.000
1.978530000,42.344750000,1743.000
1.978440000,42.344930000,1743.000
1.978410000,42.345020000,1742.000
1.978390000,42.345160000,1742.000
1.978140000,42.346630000,1742.000
1.978140000,42.346790000,1742.000
1.978170000,42.346920000,1742.000
1.978190000,42.347010000,1742.000
1.978240000,42.347150000,1743.000
1.978330000,42.347320000,1743.000
1.978400000,42.347420000,1744.000
1.978470000,42.347500000,1744.000
1.978550000,42.347570000,1745.000
1.978660000,42.347620000,1745.000
1.978830000,42.347650000,1745.000
1.979050000,42.347670000,1746.000
1.979320000,42.347690000,1746.000
1.979600000,42.347660000,1747.000
1.980010000,42.347580000,1747.000
1.980240000,42.347580000,1747.000
1.981410000,42.347590000,1745.000
1.981570000,42.347590000,1743.000
1.981710000,42.347620000,1742.000
1.981850000,42.347650000,1741.000
1.982100000,42.347730000,1740.000
1.982200000,42.347770000,1739.000
1.982340000,42.347770000,1738.000
1.982350000,42.347770000,1737.000
1.982350000,42.347770000,1737.000
1.982460000,42.347730000,1737.000
1.982570000,42.347670000,1736.000
1.982860000,42.347490000,1735.000
1.983210000,42.347300000,1734.000
1.983660000,42.347120000,1732.000
1.983910000,42.347050000,1731.000
1.984060000,42.347040000,1729.000
1.984170000,42.347050000,1728.000
1.984280000,42.347110000,1727.000
1.984330000,42.347210000,1727.000
1.984320000,42.347290000,1726.000
1.984300000,42.347380000,1726.000
1.984260000,42.347450000,1726.000
1.984190000,42.347600000,1726.000
1.984160000,42.347700000,1725.000
1.984150000,42.347790000,1725.000
1.984150000,42.347890000,1725.000
1.984170000,42.347990000,1725.000
1.984210000,42.348110000,1725.000
1.984270000,42.348250000,1725.000
1.984360000,42.348390000,1725.000
1.984450000,42.348500000,1725.000
1.984580000,42.348620000,1725.000
1.984730000,42.348700000,1725.000
1.984970000,42.348790000,1725.000
1.985790000,42.349090000,1725.000
1.986120000,42.349200000,1724.000
1.986400000,42.349250000,1724.000
1.986550000,42.349270000,1724.000
1.987610000,42.349320000,1724.000
1.987740000,42.349340000,1724.000
1.987830000,42.349390000,1723.000
1.987970000,42.349490000,1723.000
1.988080000,42.349540000,1723.000
1.988170000,42.349560000,1723.000
1.988290000,42.349550000,1722.000
1.989040000,42.349470000,1722.000
1.989500000,42.349390000,1721.000
1.989880000,42.349350000,1720.000
1.990650000,42.349290000,1719.000
1.991210000,42.349250000,1717.000
1.991480000,42.349240000,1715.000
1.991880000,42.349250000,1712.000
1.992150000,42.349300000,1710.000
1.992870000,42.349460000,1706.000
1.993080000,42.349490000,1703.000
1.993360000,42.349510000,1701.000
1.993450000,42.349530000,1699.000
1.993530000,42.349580000,1698.000
1.993570000,42.349630000,1698.000
1.993630000,42.349720000,1697.000
1.993750000,42.349880000,1697.000
1.993910000,42.349980000,1697.000
1.994110000,42.350080000,1696.000
1.994370000,42.350200000,1696.000
1.994450000,42.350270000,1696.000
1.994460000,42.350360000,1696.000
1.994440000,42.350440000,1696.000
1.994380000,42.350520000,1696.000
1.994270000,42.350550000,1696.000
1.994140000,42.350550000,1696.000
1.993910000,42.350490000,1696.000
1.993470000,42.350350000,1695.000
1.993350000,42.350320000,1695.000
1.993170000,42.350300000,1694.000
1.992990000,42.350290000,1694.000
1.992680000,42.350320000,1694.000
1.992380000,42.350370000,1693.000
1.991880000,42.350400000,1692.000
1.991640000,42.350440000,1692.000
1.991410000,42.350530000,1691.000
1.990680000,42.350790000,1688.000
1.990050000,42.350990000,1684.000
1.989040000,42.351270000,1679.000
1.988660000,42.351430000,1675.000
1.988450000,42.351530000,1673.000
1.988360000,42.351590000,1672.000
1.988310000,42.351650000,1671.000
1.988280000,42.351730000,1671.000
1.988310000,42.351800000,1671.000
1.988360000,42.351880000,1671.000
1.988420000,42.351930000,1671.000
1.988540000,42.352000000,1671.000
1.988610000,42.352050000,1671.000
1.988640000,42.352100000,1672.000
1.988640000,42.352170000,1672.000
1.988610000,42.352220000,1672.000
1.988540000,42.352280000,1672.000
1.988330000,42.352340000,1673.000
1.988230000,42.352350000,1673.000
1.988110000,42.352350000,1674.000
1.988010000,42.352330000,1674.000
1.987880000,42.352290000,1674.000
1.987670000,42.352200000,1674.000
1.987460000,42.352090000,1673.000
1.987360000,42.352040000,1673.000
1.987270000,42.351960000,1673.000
1.987100000,42.351770000,1672.000
1.987010000,42.351690000,1671.000
1.986800000,42.351590000,1671.000
1.986600000,42.351530000,1670.000
1.986290000,42.351500000,1670.000
1.986020000,42.351450000,1669.000
1.985770000,42.351390000,1668.000
1.985540000,42.351350000,1667.000
1.985180000,42.351330000,1666.000
1.984930000,42.351340000,1664.000
1.984690000,42.351370000,1663.000
1.984570000,42.351400000,1661.000
1.984410000,42.351460000,1660.000
1.984210000,42.351590000,1659.000
1.984060000,42.351650000,1657.000
1.983930000,42.351670000,1656.000
1.983780000,42.351670000,1655.000
1.983480000,42.351660000,1654.000
1.983390000,42.351670000,1653.000
1.983310000,42.351690000,1652.000
1.982930000,42.351810000,1652.000
1.982720000,42.351890000,1652.000
1.982520000,42.351960000,1652.000
1.982370000,42.352050000,1652.000
1.981940000,42.352400000,1652.000
1.981720000,42.352560000,1652.000
1.981320000,42.352780000,1653.000
1.981090000,42.352840000,1653.000
1.980760000,42.352910000,1653.000
1.980660000,42.352930000,1653.000
1.980530000,42.352970000,1653.000
1.980440000,42.353050000,1653.000
1.980400000,42.353170000,1653.000
1.980410000,42.353290000,1653.000
1.980450000,42.353390000,1653.000
1.980590000,42.353620000,1653.000
1.980630000,42.353690000,1653.000
1.980660000,42.353750000,1653.000
1.980660000,42.353830000,1653.000
1.980620000,42.353900000,1653.000
1.980560000,42.353940000,1653.000
1.980460000,42.353970000,1653.000
1.980330000,42.353990000,1653.000
1.980200000,42.354010000,1652.000
1.979950000,42.354010000,1652.000
1.979830000,42.353990000,1651.000
1.979370000,42.353900000,1650.000
1.979130000,42.353830000,1649.000
1.978770000,42.353710000,1647.000
1.978570000,42.353650000,1645.000
1.978380000,42.353620000,1644.000
1.978220000,42.353630000,1643.000
1.978020000,42.353650000,1642.000
1.977830000,42.353720000,1641.000
1.977760000,42.353750000,1640.000
1.977510000,42.353880000,1640.000
1.977330000,42.354000000,1639.000
1.977220000,42.354090000,1639.000
1.977090000,42.354200000,1639.000
1.976940000,42.354410000,1640.000
1.976850000,42.354610000,1640.000
1.976820000,42.354690000,1640.000
1.976760000,42.354770000,1640.000
1.976640000,42.354850000,1640.000
1.976530000,42.354860000,1640.000
1.976400000,42.354850000,1641.000
1.976250000,42.354810000,1641.000
1.975830000,42.354680000,1641.000
1.975720000,42.354670000,1641.000
1.975610000,42.354670000,1641.000
1.975480000,42.354690000,1641.000
1.975360000,42.354720000,1642.000
1.975200000,42.354770000,1642.000
1.975010000,42.354840000,1642.000
1.974850000,42.354920000,1642.000
1.974660000,42.355040000,1642.000
1.974490000,42.355170000,1642.000
1.974330000,42.355330000,1643.000
1.974140000,42.355570000,1643.000
1.974060000,42.355640000,1643.000
1.973960000,42.355690000,1643.000
1.973710000,42.355750000,1643.000
1.973250000,42.355840000,1643.000
1.973070000,42.355870000,1643.000
1.972900000,42.355910000,1643.000
1.972740000,42.356000000,1643.000
1.972630000,42.356080000,1643.000
1.972570000,42.356160000,1642.000
1.972500000,42.356270000,1642.000
1.972460000,42.356370000,1642.000
1.972410000,42.356540000,1642.000
1.972360000,42.356630000,1642.000
1.972280000,42.356690000,1642.000
1.972160000,42.356740000,1642.000
1.972050000,42.356740000,1642.000
1.971930000,42.356720000,1641.000
1.971800000,42.356650000,1641.000
1.971250000,42.356390000,1641.000
1.971050000,42.356320000,1640.000
1.970930000,42.356300000,1640.000
1.970810000,42.356300000,1639.000
1.970680000,42.356330000,1639.000
1.970590000,42.356370000,1639.000
1.970520000,42.356430000,1638.000
1.970440000,42.356530000,1638.000
1.970390000,42.356630000,1638.000
1.970350000,42.356720000,1638.000
1.970300000,42.356930000,1637.000
1.970290000,42.357050000,1637.000
1.970310000,42.357200000,1636.000
1.970350000,42.357320000,1635.000
1.970450000,42.357490000,1634.000
1.970600000,42.357680000,1633.000
1.970740000,42.357870000,1632.000
1.970850000,42.358030000,1631.000
1.970890000,42.358140000,1630.000
1.970880000,42.358200000,1629.000
1.970820000,42.358280000,1628.000
1.970760000,42.358310000,1627.000
1.970690000,42.358330000,1627.000
1.970570000,42.358340000,1626.000
1.970270000,42.358350000,1625.000
1.969840000,42.358370000,1624.000
1.969470000,42.358380000,1624.000
1.969050000,42.358390000,1623.000
1.968640000,42.358430000,1622.000
1.968350000,42.358480000,1622.000
1.968270000,42.358500000,1621.000
1.968160000,42.358560000,1621.000
1.968100000,42.358640000,1620.000
1.968070000,42.358800000,1620.000
1.968040000,42.358920000,1620.000
1.967980000,42.359000000,1620.000
1.967880000,42.359080000,1619.000
1.967700000,42.359150000,1619.000
1.967120000,42.359350000,1619.000
1.966940000,42.359380000,1618.000
1.966700000,42.359400000,1618.000
1.966100000,42.359450000,1617.000
1.965780000,42.359490000,1617.000
1.965650000,42.359530000,1616.000
1.965530000,42.359580000,1616.000
1.965300000,42.359710000,1615.000
1.965250000,42.359740000,1614.000
1.965210000,42.359760000,1614.000
1.964930000,42.359950000,1613.000
1.964850000,42.360020000,1612.000
1.964770000,42.360100000,1612.000
1.964690000,42.360230000,1611.000
1.964630000,42.360410000,1610.000
1.964590000,42.360510000,1610.000
1.964570000,42.360600000,1609.000
1.964520000,42.360680000,1608.000
1.964440000,42.360760000,1608.000
1.964340000,42.360810000,1607.000
1.964120000,42.360900000,1607.000
1.963920000,42.360950000,1606.000
1.963680000,42.360980000,1606.000
1.963220000,42.360980000,1605.000
1.962930000,42.360990000,1605.000
1.962660000,42.361020000,1604.000
1.962400000,42.361090000,1604.000
1.962160000,42.361140000,1603.000
1.962010000,42.361190000,1603.000
1.961890000,42.361240000,1603.000
1.961800000,42.361290000,1602.000
1.961710000,42.361370000,1602.000
1.961660000,42.361470000,1602.000
1.961620000,42.361640000,1602.000
1.961630000,42.361730000,1602.000
1.961640000,42.361940000,1602.000
1.961650000,42.362150000,1602.000
1.961670000,42.362290000,1602.000
1.961730000,42.362470000,1602.000
1.961790000,42.362590000,1602.000
1.961860000,42.362680000,1602.000
1.961940000,42.362740000,1602.000
1.962070000,42.362800000,1602.000
1.962300000,42.362870000,1602.000
1.962400000,42.362940000,1602.000
1.962440000,42.363020000,1601.000
1.962450000,42.363100000,1601.000
1.962420000,42.363190000,1600.000
1.962250000,42.363350000,1599.000
1.961990000,42.363530000,1598.000
1.961720000,42.363740000,1596.000
1.961510000,42.363840000,1594.000
1.961360000,42.363860000,1592.000
1.961190000,42.363860000,1590.000
1.961020000,42.363880000,1589.000
1.960910000,42.363890000,1588.000
1.960800000,42.363940000,1587.000
1.960720000,42.364010000,1586.000
1.960620000,42.364110000,1585.000
1.960510000,42.364250000,1584.000
1.960350000,42.364510000,1583.000
1.960310000,42.364600000,1583.000
1.960290000,42.364690000,1582.000
1.960180000,42.365120000,1582.000
1.960150000,42.365320000,1581.000
1.960150000,42.365420000,1581.000
1.960170000,42.365510000,1580.000
1.960160000,42.365670000,1580.000
1.960120000,42.365780000,1579.000
1.959990000,42.366010000,1579.000
1.959700000,42.366530000,1580.000
1.959620000,42.366740000,1581.000
1.959600000,42.366950000,1582.000
1.959600000,42.367200000,1582.000
1.959560000,42.367290000,1583.000
1.959470000,42.367350000,1584.000
1.959350000,42.367370000,1584.000
1.959230000,42.367360000,1585.000
1.959120000,42.367330000,1585.000
1.959040000,42.367260000,1585.000
1.958750000,42.366300000,1584.000
1.958520000,42.365520000,1583.000
1.958330000,42.365050000,1582.000
1.958190000,42.364670000,1581.000
1.958120000,42.364490000,1580.000
1.958060000,42.364310000,1579.000
1.958050000,42.364160000,1579.000
1.958070000,42.364000000,1578.000
1.958080000,42.363850000,1577.000
1.958080000,42.363640000,1577.000
1.958060000,42.363550000,1576.000
1.958020000,42.363360000,1576.000
1.957900000,42.362930000,1575.000
1.957840000,42.362700000,1574.000
1.957780000,42.362560000,1573.000
1.957690000,42.362400000,1572.000
1.957630000,42.362340000,1571.000
1.957550000,42.362240000,1571.000
1.957460000,42.362170000,1570.000
1.957350000,42.362120000,1570.000
1.957170000,42.362050000,1569.000
1.957100000,42.362000000,1569.000
1.957020000,42.361910000,1569.000
1.957000000,42.361860000,1568.000
1.956990000,42.361810000,1568.000
1.957010000,42.361730000,1568.000
1.957040000,42.361630000,1568.000
1.957130000,42.361250000,1567.000
1.957160000,42.361140000,1566.000
1.957180000,42.361060000,1566.000
1.957180000,42.360950000,1566.000
1.957160000,42.360870000,1565.000
1.957080000,42.360700000,1565.000
1.956990000,42.360590000,1564.000
1.956860000,42.360490000,1564.000
1.956670000,42.360380000,1563.000
1.956440000,42.360280000,1563.000
1.956210000,42.360210000,1563.000
1.956080000,42.360220000,1563.000
1.955950000,42.360230000,1563.000
1.955760000,42.360330000,1563.000
1.955340000,42.360610000,1563.000
1.955010000,42.360810000,1563.000
1.954840000,42.360930000,1563.000
1.954730000,42.360970000,1563.000
1.954600000,42.360970000,1563.000
1.954500000,42.360920000,1562.000
1.954430000,42.360840000,1562.000
1.954390000,42.360770000,1562.000
1.954360000,42.360700000,1562.000
1.954330000,42.360600000,1561.000
1.954330000,42.360500000,1561.000
1.954330000,42.360400000,1561.000
1.954360000,42.360040000,1560.000
1.954370000,42.359790000,1559.000
1.954340000,42.359500000,1558.000
1.954320000,42.359400000,1558.000
1.954290000,42.359300000,1557.000
1.954220000,42.359220000,1557.000
1.954170000,42.359170000,1556.000
1.954090000,42.359120000,1556.000
1.954020000,42.359040000,1557.000
1.953990000,42.358980000,1557.000
1.953990000,42.358870000,1557.000
1.954010000,42.358760000,1558.000
1.954180000,42.358290000,1559.000
1.954270000,42.358060000,1560.000
1.954320000,42.357810000,1562.000
1.954360000,42.357500000,1563.000
1.954370000,42.357130000,1564.000
1.954360000,42.356950000,1564.000
1.954310000,42.356850000,1563.000
1.954250000,42.356770000,1563.000
1.954180000,42.356710000,1563.000
1.954070000,42.356650000,1562.000
1.953920000,42.356610000,1562.000
1.953340000,42.356550000,1560.000
1.952040000,42.356370000,1558.000
1.951750000,42.356330000,1556.000
1.951580000,42.356330000,1555.000
1.951430000,42.356340000,1554.000
1.951260000,42.356360000,1553.000
1.950710000,42.356480000,1553.000
1.950490000,42.356500000,1552.000
1.949880000,42.356530000,1552.000
1.949530000,42.356530000,1551.000
1.949460000,42.356520000,1551.000
1.949370000,42.356480000,1551.000
1.949320000,42.356410000,1551.000
1.949310000,42.356330000,1550.000
1.949330000,42.356230000,1550.000
1.949380000,42.356140000,1550.000
1.949470000,42.356060000,1550.000
1.949760000,42.355910000,1550.000
1.950120000,42.355760000,1549.000
1.950400000,42.355600000,1549.000
1.950590000,42.355460000,1549.000
1.950830000,42.355220000,1548.000
1.950920000,42.355140000,1548.000
1.951220000,42.354990000,1548.000
1.951480000,42.354870000,1548.000
1.952140000,42.354590000,1547.000
1.952460000,42.354460000,1547.000
1.952760000,42.354340000,1547.000
1.952900000,42.354270000,1547.000
1.952950000,42.354230000,1547.000
1.953010000,42.354040000,1547.000
1.953000000,42.353950000,1547.000
1.952970000,42.353860000,1547.000
1.952800000,42.353590000,1548.000
1.952760000,42.353490000,1548.000
1.952730000,42.353400000,1548.000
1.952670000,42.353030000,1549.000
1.952640000,42.352600000,1550.000
1.952620000,42.352430000,1550.000
1.952570000,42.352280000,1551.000
1.952500000,42.352170000,1551.000
1.952400000,42.352050000,1551.000
1.952290000,42.351970000,1551.000
1.952160000,42.351920000,1551.000
1.952060000,42.351890000,1551.000
1.951860000,42.351860000,1550.000
1.951490000,42.351830000,1550.000
1.951040000,42.351790000,1550.000
1.950840000,42.351750000,1550.000
1.950670000,42.351700000,1549.000
1.950330000,42.351600000,1549.000
1.950070000,42.351510000,1549.000
1.950030000,42.351490000,1548.000
1.949880000,42.351420000,1548.000
1.949820000,42.351360000,1548.000
1.949770000,42.351270000,1547.000
1.949710000,42.351170000,1547.000
1.949640000,42.351100000,1546.000
1.949350000,42.350910000,1546.000
1.949080000,42.350770000,1545.000
1.948980000,42.350740000,1545.000
1.948880000,42.350730000,1544.000
1.948760000,42.350760000,1544.000
1.948560000,42.350860000,1543.000
1.948450000,42.350900000,1543.000
1.948330000,42.350910000,1542.000
1.948210000,42.350910000,1542.000
1.947810000,42.350810000,1541.000
1.947630000,42.350790000,1541.000
1.947440000,42.350790000,1540.000
1.947290000,42.350810000,1539.000
1.947160000,42.350860000,1539.000
1.946860000,42.350970000,1538.000
1.946770000,42.350990000,1537.000
1.946670000,42.350990000,1537.000
1.946580000,42.350960000,1537.000
1.946520000,42.350910000,1536.000
1.946420000,42.350770000,1536.000
1.946360000,42.350690000,1535.000
1.946290000,42.350620000,1535.000
1.946190000,42.350570000,1534.000
1.946030000,42.350520000,1534.000
1.945830000,42.350490000,1533.000
1.945510000,42.350470000,1533.000
1.945340000,42.350450000,1532.000
1.945210000,42.350420000,1531.000
1.945070000,42.350370000,1531.000
1.944890000,42.350270000,1530.000
1.944700000,42.350140000,1530.000
1.944510000,42.350030000,1529.000
1.944420000,42.349990000,1528.000
1.944320000,42.349990000,1528.000
1.944230000,42.350020000,1527.000
1.944150000,42.350080000,1527.000
1.944120000,42.350140000,1527.000
1.944110000,42.350240000,1526.000
1.944130000,42.350320000,1526.000
1.944180000,42.350440000,1526.000
1.944370000,42.350750000,1527.000
1.944440000,42.350900000,1527.000
1.944450000,42.350980000,1527.000
1.944440000,42.351040000,1528.000
1.944420000,42.351100000,1528.000
1.944400000,42.351140000,1528.000
1.944320000,42.351200000,1528.000
1.944140000,42.351340000,1529.000
1.944000000,42.351480000,1529.000
1.943920000,42.351570000,1530.000
1.943830000,42.351610000,1530.000
1.943710000,42.351630000,1530.000
1.943470000,42.351670000,1531.000
1.943080000,42.351720000,1530.000
1.942640000,42.351760000,1530.000
1.942120000,42.351770000,1528.000
1.941900000,42.351800000,1527.000
1.941600000,42.351880000,1526.000
1.941450000,42.351910000,1525.000
1.941280000,42.351930000,1524.000
1.940920000,42.351930000,1523.000
1.940410000,42.351900000,1521.000
1.940040000,42.351890000,1518.000
1.939570000,42.351890000,1516.000
1.939380000,42.351910000,1514.000
1.939190000,42.351950000,1512.000
1.939080000,42.352000000,1510.000
1.939000000,42.352080000,1508.000
1.938850000,42.352240000,1507.000
1.938790000,42.352310000,1505.000
1.938720000,42.352420000,1504.000
1.938650000,42.352540000,1503.000
1.938610000,42.352660000,1503.000
1.938560000,42.352760000,1502.000
1.938510000,42.352820000,1502.000
1.938420000,42.352890000,1502.000
1.938310000,42.352930000,1501.000
1.938200000,42.352960000,1501.000
1.938080000,42.352970000,1501.000
1.937960000,42.352980000,1501.000
1.937840000,42.352980000,1501.000
1.937720000,42.352960000,1501.000
1.937520000,42.352870000,1501.000
1.937190000,42.352720000,1501.000
1.937070000,42.352680000,1501.000
1.936840000,42.352660000,1501.000
1.936720000,42.352660000,1501.000
1.936600000,42.352670000,1500.000
1.936350000,42.352740000,1500.000
1.935950000,42.352870000,1499.000
1.935790000,42.352890000,1499.000
1.935610000,42.352910000,1498.000
1.935390000,42.352920000,1498.000
1.935220000,42.352910000,1497.000
1.935090000,42.352880000,1497.000
1.935000000,42.352830000,1496.000
1.934890000,42.352780000,1496.000
1.934590000,42.352620000,1495.000
1.934480000,42.352570000,1495.000
1.934350000,42.352540000,1494.000
1.934110000,42.352520000,1493.000
1.933870000,42.352520000,1493.000
1.933750000,42.352530000,1492.000
1.933640000,42.352550000,1491.000
1.933520000,42.352590000,1491.000
1.933420000,42.352630000,1490.000
1.933320000,42.352680000,1490.000
1.933220000,42.352740000,1489.000
1.933140000,42.352800000,1489.000
1.932940000,42.353000000,1488.000
1.932700000,42.353280000,1487.000
1.932610000,42.353410000,1486.000
1.932520000,42.353550000,1485.000
1.932430000,42.353720000,1484.000
1.932410000,42.353820000,1484.000
1.932350000,42.354130000,1484.000
1.932300000,42.354330000,1484.000
1.932200000,42.354600000,1484.000
1.932140000,42.354720000,1484.000
1.932070000,42.354850000,1484.000
1.932060000,42.354910000,1484.000
1.932060000,42.354980000,1484.000
1.932080000,42.355080000,1484.000
1.932070000,42.355160000,1484.000
1.932040000,42.355220000,1483.000
1.932010000,42.355260000,1483.000
1.931930000,42.355340000,1482.000
1.931810000,42.355450000,1482.000
1.931690000,42.355590000,1481.000
1.931610000,42.355740000,1479.000
1.931520000,42.355880000,1478.000
1.931410000,42.356030000,1477.000
1.931290000,42.356190000,1475.000
1.931040000,42.356530000,1473.000
1.930930000,42.356680000,1471.000
1.930870000,42.356770000,1469.000
1.930830000,42.356880000,1468.000
1.930740000,42.357140000,1467.000
1.930730000,42.357210000,1467.000
1.930730000,42.357260000,1467.000
1.930750000,42.357310000,1467.000
1.930790000,42.357350000,1466.000
1.930870000,42.357410000,1466.000
1.930910000,42.357460000,1467.000
1.930940000,42.357500000,1467.000
1.930950000,42.357550000,1467.000
1.930920000,42.357630000,1467.000
1.930870000,42.357670000,1467.000
1.930830000,42.357700000,1467.000
1.930730000,42.357730000,1467.000
1.930440000,42.357810000,1467.000
1.930250000,42.357880000,1467.000
1.930160000,42.357910000,1467.000
1.930100000,42.357960000,1468.000
1.930060000,42.358020000,1468.000
1.930010000,42.358110000,1468.000
1.929840000,42.358370000,1468.000
1.929680000,42.358640000,1467.000
1.929630000,42.358710000,1467.000
1.929580000,42.358740000,1466.000
1.929510000,42.358780000,1466.000
1.929400000,42.358810000,1465.000
1.929280000,42.358820000,1465.000
1.929110000,42.358830000,1464.000
1.928880000,42.358830000,1463.000
1.928430000,42.358800000,1461.000
1.928310000,42.358800000,1460.000
1.928170000,42.358850000,1459.000
1.927570000,42.359130000,1457.000
1.927440000,42.359210000,1455.000
1.927350000,42.359310000,1454.000
1.927200000,42.359600000,1453.000
1.927010000,42.359910000,1452.000
1.926970000,42.360000000,1451.000
1.926920000,42.360180000,1450.000
1.926900000,42.360300000,1450.000
1.926900000,42.360400000,1449.000
1.926870000,42.360480000,1449.000
1.926810000,42.360580000,1448.000
1.926740000,42.360650000,1448.000
1.926660000,42.360710000,1447.000
1.926560000,42.360750000,1447.000
1.926480000,42.360770000,1447.000
1.926360000,42.360790000,1446.000
1.926150000,42.360810000,1446.000
1.926070000,42.360850000,1446.000
1.926010000,42.360890000,1445.000
1.925980000,42.360930000,1445.000
1.925940000,42.361020000,1445.000
1.925880000,42.361250000,1444.000
1.925840000,42.361360000,1443.000
1.925790000,42.361410000,1443.000
1.925720000,42.361450000,1442.000
1.925660000,42.361470000,1442.000
1.925610000,42.361480000,1442.000
1.925550000,42.361480000,1441.000
1.925490000,42.361460000,1441.000
1.925430000,42.361440000,1441.000
1.925230000,42.361360000,1441.000
1.924900000,42.361240000,1440.000
1.924410000,42.361080000,1439.000
1.924280000,42.361040000,1438.000
1.924190000,42.361010000,1437.000
1.924100000,42.361010000,1437.000
1.924000000,42.361040000,1436.000
1.923940000,42.361060000,1436.000
1.923640000,42.361330000,1435.000
1.923430000,42.361540000,1434.000
1.923240000,42.361690000,1433.000
1.923090000,42.361780000,1432.000
1.922910000,42.361850000,1431.000
1.922680000,42.361920000,1430.000
1.922540000,42.361980000,1430.000
1.922430000,42.362100000,1429.000
1.922380000,42.362180000,1428.000
1.922330000,42.362300000,1428.000
1.922310000,42.362470000,1427.000
1.922270000,42.362750000,1426.000
1.922240000,42.362800000,1425.000
1.922210000,42.362830000,1425.000
1.922160000,42.362860000,1424.000
1.922110000,42.362880000,1424.000
1.921990000,42.362920000,1424.000
1.921500000,42.363030000,1423.000
1.921380000,42.363070000,1422.000
1.921190000,42.363140000,1421.000
1.921040000,42.363200000,1421.000
1.920940000,42.363210000,1420.000
1.920810000,42.363210000,1420.000
1.920640000,42.363190000,1419.000
1.920490000,42.363170000,1418.000
1.920350000,42.363180000,1418.000
1.920220000,42.363200000,1417.000
1.920090000,42.363240000,1417.000
1.920000000,42.363290000,1416.000
1.919940000,42.363350000,1416.000
1.919890000,42.363440000,1416.000
1.919850000,42.363560000,1415.000
1.919810000,42.363660000,1415.000
1.919750000,42.363740000,1414.000
1.919650000,42.363850000,1414.000
1.919350000,42.364310000,1413.000
1.919240000,42.364450000,1412.000
1.919150000,42.364530000,1411.000
1.919040000,42.364580000,1410.000
1.918960000,42.364600000,1409.000
1.918860000,42.364620000,1409.000
1.918740000,42.364610000,1408.000
1.918550000,42.364590000,1407.000
1.918350000,42.364560000,1406.000
1.918190000,42.364540000,1406.000
1.918120000,42.364550000,1405.000
1.918040000,42.364560000,1404.000
1.917980000,42.364580000,1404.000
1.917780000,42.364690000,1403.000
1.917730000,42.364710000,1403.000
1.917640000,42.364730000,1402.000
1.917560000,42.364720000,1402.000
1.917450000,42.364680000,1401.000
1.917110000,42.364550000,1400.000
1.916960000,42.364490000,1399.000
1.916780000,42.364450000,1398.000
1.916640000,42.364420000,1397.000
1.916480000,42.364410000,1397.000
1.916300000,42.364420000,1396.000
1.916200000,42.364430000,1395.000
1.916080000,42.364460000,1394.000
1.915960000,42.364490000,1393.000
1.915830000,42.364540000,1392.000
1.915710000,42.364620000,1392.000
1.915560000,42.364730000,1391.000
1.915210000,42.365030000,1389.000
1.915040000,42.365190000,1388.000
1.914890000,42.365400000,1386.000
1.914770000,42.365610000,1385.000
1.914690000,42.365780000,1384.000
1.914630000,42.365980000,1383.000
1.914550000,42.366150000,1382.000
1.914490000,42.366240000,1381.000
1.914410000,42.366320000,1381.000
1.914300000,42.366370000,1381.000
1.914200000,42.366400000,1380.000
1.914110000,42.366410000,1380.000
1.913980000,42.366400000,1380.000
1.913850000,42.366410000,1379.000
1.913700000,42.366440000,1379.000
1.913510000,42.366480000,1379.000
1.913100000,42.366600000,1378.000
1.912720000,42.366680000,1378.000
1.912390000,42.366760000,1377.000
1.912260000,42.366800000,1376.000
1.912090000,42.366900000,1376.000
1.911930000,42.367020000,1375.000
1.911710000,42.367200000,1374.000
1.911290000,42.367530000,1373.000
1.911170000,42.367660000,1372.000
1.911040000,42.367840000,1371.000
1.910870000,42.368160000,1369.000
1.910780000,42.368290000,1367.000
1.910640000,42.368440000,1366.000
1.910490000,42.368610000,1364.000
1.910340000,42.368770000,1362.000
1.910250000,42.368900000,1360.000
1.910120000,42.369210000,1358.000
1.910050000,42.369320000,1356.000
1.909980000,42.369390000,1355.000
1.909900000,42.369450000,1354.000
1.909790000,42.369500000,1353.000
1.909640000,42.369580000,1352.000
1.909470000,42.369680000,1351.000
1.909200000,42.369780000,1349.000
1.908680000,42.369940000,1348.000
1.907980000,42.370160000,1345.000
1.907850000,42.370210000,1343.000
1.907760000,42.370260000,1342.000
1.907710000,42.370290000,1341.000
1.907680000,42.370350000,1340.000
1.907660000,42.370410000,1340.000
1.907670000,42.370470000,1339.000
1.907710000,42.370530000,1339.000
1.907770000,42.370600000,1339.000
1.907850000,42.370670000,1338.000
1.908060000,42.370860000,1338.000
1.908200000,42.371000000,1337.000
1.908370000,42.371130000,1337.000
1.908740000,42.371340000,1336.000
1.908970000,42.371470000,1335.000
1.909010000,42.371500000,1335.000
1.909030000,42.371540000,1334.000
1.909050000,42.371600000,1334.000
1.909040000,42.371670000,1334.000
1.909000000,42.371720000,1334.000
1.908920000,42.371790000,1334.000
1.908820000,42.371830000,1334.000
1.908680000,42.371880000,1334.000
1.908300000,42.371970000,1334.000
1.907930000,42.372060000,1334.000
1.907580000,42.372150000,1334.000
1.907490000,42.372190000,1334.000
1.907390000,42.372260000,1334.000
1.907220000,42.372380000,1334.000
1.907170000,42.372400000,1334.000
1.907110000,42.372420000,1334.000
1.907010000,42.372420000,1334.000
1.906910000,42.372410000,1333.000
1.906680000,42.372380000,1331.000
1.906520000,42.372370000,1329.000
1.906320000,42.372380000,1327.000
1.906160000,42.372410000,1324.000
1.906040000,42.372450000,1322.000
1.905830000,42.372530000,1319.000
1.905750000,42.372590000,1317.000
1.905700000,42.372640000,1314.000
1.905660000,42.372710000,1312.000
1.905630000,42.372820000,1310.000
1.905590000,42.373050000,1307.000
1.905550000,42.373280000,1303.000
1.905550000,42.373380000,1300.000
1.905570000,42.373550000,1299.000
1.905600000,42.373820000,1299.000
1.905610000,42.373990000,1300.000
1.905600000,42.374060000,1301.000
1.905570000,42.374140000,1301.000
1.905510000,42.374250000,1303.000
1.905420000,42.374400000,1304.000
1.905380000,42.374450000,1305.000
1.905340000,42.374480000,1306.000
1.905280000,42.374520000,1307.000
1.905210000,42.374540000,1308.000
1.905100000,42.374550000,1309.000
1.904880000,42.374580000,1310.000
1.904650000,42.374650000,1312.000
1.904530000,42.374670000,1313.000
1.904430000,42.374670000,1315.000
1.904290000,42.374650000,1315.000
1.904050000,42.374630000,1315.000
1.903890000,42.374650000,1315.000
1.903760000,42.374650000,1314.000
1.903670000,42.374650000,1313.000
1.903590000,42.374620000,1313.000
1.903530000,42.374590000,1312.000
1.903210000,42.374320000,1310.000
1.902680000,42.373940000,1308.000
1.902480000,42.373830000,1305.000
1.902290000,42.373760000,1303.000
1.902160000,42.373740000,1301.000
1.902030000,42.373740000,1300.000
1.901920000,42.373760000,1299.000
1.901800000,42.373780000,1298.000
1.901690000,42.373820000,1297.000
1.901590000,42.373880000,1296.000
1.901460000,42.373950000,1295.000
1.901310000,42.374040000,1295.000
1.901160000,42.374170000,1294.000
1.900990000,42.374320000,1292.000
1.900810000,42.374490000,1291.000
1.900680000,42.374630000,1290.000
1.900470000,42.374910000,1289.000
1.900330000,42.375110000,1287.000
1.900200000,42.375330000,1286.000
1.900040000,42.375640000,1284.000
1.899960000,42.375800000,1283.000
1.899900000,42.375910000,1281.000
1.899810000,42.375980000,1280.000
1.899550000,42.376130000,1279.000
1.899460000,42.376200000,1278.000
1.899390000,42.376280000,1277.000
1.899340000,42.376390000,1277.000
1.899230000,42.376620000,1276.000
1.899180000,42.376820000,1274.000
1.899150000,42.377030000,1273.000
1.899120000,42.377200000,1272.000
1.899130000,42.377390000,1271.000
1.899200000,42.377960000,1269.000
1.899250000,42.378340000,1266.000
1.899310000,42.378690000,1264.000
1.899380000,42.378960000,1262.000
1.899480000,42.379200000,1260.000
1.899540000,42.379300000,1258.000
1.899600000,42.379350000,1257.000
1.899700000,42.379420000,1256.000
1.900070000,42.379570000,1254.000
1.900940000,42.379900000,1251.000
1.901040000,42.379960000,1249.000
1.901130000,42.380010000,1248.000
1.901360000,42.380170000,1248.000
1.901470000,42.380250000,1248.000
1.901560000,42.380290000,1248.000
1.901690000,42.380330000,1248.000
1.901790000,42.380350000,1248.000
1.901900000,42.380350000,1249.000
1.902010000,42.380330000,1249.000
1.902100000,42.380300000,1249.000
1.902240000,42.380230000,1250.000
1.902630000,42.380050000,1250.000
1.902720000,42.380020000,1251.000
1.902920000,42.379960000,1252.000
1.903060000,42.379930000,1252.000
1.903190000,42.379910000,1252.000
1.903260000,42.379920000,1252.000
1.903310000,42.379930000,1251.000
1.903400000,42.379960000,1250.000
1.903440000,42.380000000,1249.000
1.903470000,42.380020000,1248.000
1.903490000,42.380050000,1248.000
1.903510000,42.380090000,1247.000
1.903510000,42.380130000,1246.000
1.903510000,42.380170000,1245.000
1.903500000,42.380200000,1245.000
1.903480000,42.380250000,1244.000
1.903450000,42.380320000,1243.000
1.903390000,42.380410000,1241.000
1.903350000,42.380490000,1240.000
1.903330000,42.380560000,1238.000
1.903320000,42.380650000,1237.000
1.903320000,42.380740000,1235.000
1.903320000,42.380860000,1233.000
1.903340000,42.380930000,1231.000
1.903350000,42.380980000,1230.000
1.903370000,42.381030000,1229.000
1.903400000,42.381100000,1227.000
1.903420000,42.381130000,1226.000
1.903490000,42.381240000,1225.000
1.903610000,42.381410000,1222.000
1.903650000,42.381470000,1221.000
1.903680000,42.381530000,1220.000
1.903720000,42.381610000,1219.000
1.903730000,42.381640000,1219.000
1.903820000,42.381940000,1219.000
1.903830000,42.381970000,1219.000
1.903850000,42.382020000,1219.000
1.903890000,42.382060000,1219.000
1.903920000,42.382090000,1219.000
1.903970000,42.382120000,1219.000
1.904020000,42.382140000,1219.000
1.904070000,42.382150000,1219.000
1.904140000,42.382150000,1219.000
1.904220000,42.382150000,1219.000
1.904320000,42.382140000,1219.000
1.904520000,42.382100000,1220.000
1.904680000,42.382060000,1220.000
1.904990000,42.381940000,1220.000
1.905380000,42.381800000,1221.000
1.906030000,42.381600000,1220.000
1.906120000,42.381560000,1219.000
1.906190000,42.381520000,1218.000
1.906320000,42.381440000,1217.000
1.906500000,42.381320000,1217.000
1.906610000,42.381260000,1216.000
1.906660000,42.381240000,1215.000
1.906740000,42.381230000,1214.000
1.906800000,42.381220000,1214.000
1.906860000,42.381230000,1213.000
1.906910000,42.381240000,1213.000
1.906960000,42.381270000,1213.000
1.907010000,42.381290000,1212.000
1.907060000,42.381330000,1212.000
1.907250000,42.381540000,1211.000
1.907280000,42.381610000,1210.000
1.907300000,42.381680000,1210.000
1.907290000,42.381780000,1209.000
1.907260000,42.381850000,1208.000
1.907210000,42.381940000,1207.000
1.907070000,42.382200000,1206.000
1.906910000,42.382480000,1204.000
1.906700000,42.382840000,1201.000
1.906510000,42.383170000,1198.000
1.906390000,42.383410000,1195.000
1.906360000,42.383490000,1193.000
1.906330000,42.383550000,1192.000
1.906320000,42.383620000,1190.000
1.906330000,42.383680000,1189.000
1.906350000,42.383750000,1188.000
1.906380000,42.383810000,1188.000
1.906440000,42.383880000,1187.000
1.906490000,42.383930000,1186.000
1.906550000,42.383960000,1186.000
1.906630000,42.383990000,1185.000
1.906860000,42.384060000,1184.000
1.907010000,42.384130000,1183.000
1.907080000,42.384170000,1182.000
1.907160000,42.384260000,1181.000
1.907230000,42.384360000,1180.000
1.907390000,42.384730000,1179.000
1.907760000,42.385490000,1175.000
1.907900000,42.385800000,1173.000
1.908060000,42.386150000,1171.000
1.908090000,42.386220000,1170.000
1.908130000,42.386300000,1170.000
1.908180000,42.386390000,1169.000
1.908370000,42.386790000,1169.000
1.908940000,42.388050000,1168.000
1.909450000,42.389120000,1168.000
1.909550000,42.389340000,1169.000
1.909610000,42.389460000,1169.000
1.909770000,42.389790000,1169.000
1.910050000,42.390400000,1168.000
1.910330000,42.391010000,1165.000
1.910450000,42.391260000,1163.000
1.910480000,42.391310000,1162.000
1.910530000,42.391370000,1161.000
1.910630000,42.391470000,1160.000
1.910720000,42.391530000,1159.000
1.910880000,42.391620000,1158.000
1.911400000,42.391860000,1157.000
1.912670000,42.392430000,1155.000
1.913120000,42.392630000,1153.000
1.913310000,42.392720000,1151.000
1.913450000,42.392810000,1150.000
1.913530000,42.392930000,1149.000
1.913560000,42.393040000,1149.000
1.913560000,42.393100000,1148.000
1.913540000,42.393200000,1148.000
1.913460000,42.393380000,1147.000
1.913210000,42.394010000,1147.000
1.913100000,42.394290000,1146.000
1.913080000,42.394430000,1145.000
1.913110000,42.394570000,1144.000
1.913140000,42.394680000,1143.000
1.913180000,42.394760000,1142.000
1.913300000,42.394980000,1140.000
1.913420000,42.395140000,1138.000
1.913510000,42.395250000,1137.000
1.913640000,42.395360000,1135.000
1.913860000,42.395490000,1133.000
1.913980000,42.395560000,1132.000
1.914390000,42.395810000,1129.000
1.914860000,42.396150000,1127.000
1.915130000,42.396420000,1124.000
1.915370000,42.396700000,1122.000
1.915440000,42.396800000,1120.000
1.915570000,42.396990000,1118.000
1.915660000,42.397170000,1117.000
1.915690000,42.397220000,1116.000
1.915760000,42.397370000,1115.000
1.915810000,42.397510000,1114.000
1.915820000,42.397610000,1113.000
1.915830000,42.397730000,1112.000
1.915830000,42.397760000,1111.000
1.915830000,42.397790000,1111.000
1.915820000,42.397960000,1110.000
1.915800000,42.398060000,1110.000
1.915750000,42.398240000,1109.000
1.915690000,42.398430000,1108.000
1.915560000,42.398740000,1107.000
1.915530000,42.398920000,1106.000
1.915520000,42.399040000,1105.000
1.915540000,42.399150000,1104.000
1.915570000,42.399260000,1104.000
1.915620000,42.399360000,1103.000
1.915740000,42.399550000,1103.000
1.915970000,42.399860000,1102.000
1.916030000,42.399970000,1102.000
1.916050000,42.400070000,1102.000
1.916050000,42.400110000,1102.000
1.916030000,42.400180000,1102.000
1.915990000,42.400270000,1101.000
1.915930000,42.400380000,1101.000
1.915820000,42.400480000,1101.000
1.915750000,42.400580000,1101.000
1.915710000,42.400670000,1101.000
1.915670000,42.400770000,1101.000
1.915660000,42.400870000,1101.000
1.915660000,42.401070000,1101.000
1.915660000,42.401120000,1101.000
1.915680000,42.401220000,1101.000
1.915690000,42.401320000,1101.000
1.915660000,42.401590000,1101.000
1.915580000,42.401920000,1101.000
1.915510000,42.402110000,1101.000
1.915430000,42.402320000,1101.000
1.915370000,42.402500000,1101.000
1.915300000,42.402740000,1101.000
1.915220000,42.403030000,1102.000
1.915170000,42.403220000,1102.000
1.915150000,42.403350000,1102.000
1.915150000,42.403410000,1102.000
1.915140000,42.403500000,1102.000
1.915150000,42.403710000,1103.000
1.915160000,42.403830000,1103.000
1.915180000,42.403930000,1103.000
1.915230000,42.404120000,1103.000
1.915320000,42.404330000,1104.000
1.915420000,42.404540000,1104.000
1.915610000,42.404880000,1104.000
1.915750000,42.405130000,1104.000
1.915940000,42.405510000,1103.000
1.916070000,42.405780000,1103.000
1.916180000,42.406060000,1103.000
1.916440000,42.406790000,1102.000
1.918150000,42.411330000,1106.000
1.918560000,42.412410000,1110.000
1.919150000,42.413980000,1114.000
1.919260000,42.414250000,1116.000
1.919750000,42.415590000,1119.000
1.920680000,42.418050000,1123.000
1.921010000,42.418920000,1125.000
1.921510000,42.420260000,1126.000
1.921630000,42.420560000,1127.000
1.921800000,42.421030000,1128.000
1.922260000,42.422230000,1131.000
1.922420000,42.422660000,1133.000
1.922720000,42.423460000,1135.000
1.922770000,42.423600000,1136.000
1.922780000,42.423640000,1136.000
1.923010000,42.424230000,1137.000
1.923180000,42.424680000,1137.000
1.923250000,42.424900000,1137.000
1.923440000,42.425080000,1137.000
1.923600000,42.425220000,1137.000
1.923660000,42.425280000,1137.000
1.923720000,42.425310000,1137.000
1.923770000,42.425340000,1137.000
1.923820000,42.425380000,1137.000
1.923850000,42.425430000,1136.000
1.923970000,42.425470000,1136.000
1.924120000,42.425550000,1136.000
1.924240000,42.425600000,1136.000
1.924370000,42.425650000,1136.000
1.924760000,42.425690000,1136.000
1.925090000,42.425720000,1137.000
1.925820000,42.425790000,1138.000
1.926040000,42.425820000,1139.000
1.926240000,42.425870000,1140.000
1.926370000,42.425930000,1141.000
1.926510000,42.426000000,1142.000
1.926640000,42.426100000,1143.000
1.927150000,42.426460000,1144.000
1.927280000,42.426550000,1145.000
1.927390000,42.426630000,1145.000
1.927530000,42.426710000,1145.000
1.927660000,42.426760000,1145.000
1.927770000,42.426800000,1145.000
1.927830000,42.426820000,1145.000
1.927910000,42.426830000,1145.000
1.928020000,42.426840000,1145.000
1.928050000,42.426850000,1145.000
1.928160000,42.426880000,1145.000
1.928240000,42.426930000,1144.000
1.928320000,42.426990000,1144.000
1.928330000,42.427000000,1144.000
1.928370000,42.427040000,1144.000
1.928390000,42.427090000,1144.000
1.928500000,42.427180000,1144.000
1.928620000,42.427270000,1143.000
1.928740000,42.427360000,1143.000
1.929180000,42.427560000,1143.000
1.929270000,42.427600000,1142.000
1.929850000,42.427870000,1141.000
1.930800000,42.428320000,1139.000
1.931420000,42.428610000,1137.000
1.932190000,42.429010000,1135.000
1.932850000,42.429420000,1134.000
1.932880000,42.429430000,1134.000
1.933230000,42.429680000,1133.000
1.933370000,42.429810000,1133.000
1.933520000,42.429920000,1133.000
1.933820000,42.430210000,1133.000
1.934290000,42.430680000,1133.000
1.935320000,42.431920000,1134.000
1.935420000,42.432030000,1135.000
1.935710000,42.432350000,1136.000
1.935890000,42.432520000,1136.000
1.936010000,42.432650000,1136.000
1.936080000,42.432700000,1136.000
1.936200000,42.432790000,1136.000
1.936370000,42.432910000,1136.000
1.936460000,42.432960000,1136.000
1.936550000,42.433000000,1136.000
1.936660000,42.433050000,1136.000
1.936700000,42.433050000,1136.000
1.936740000,42.433050000,1136.000
1.936870000,42.433050000,1136.000
1.937000000,42.433060000,1136.000
1.937320000,42.433110000,1136.000
1.937340000,42.433120000,1137.000
1.937430000,42.433140000,1137.000
1.937540000,42.433160000,1137.000
1.937620000,42.433200000,1137.000
1.938270000,42.433320000,1138.000
1.939180000,42.433480000,1139.000
1.939410000,42.433520000,1140.000
1.940000000,42.433610000,1141.000
1.940360000,42.433660000,1142.000
1.940500000,42.433670000,1142.000
1.940770000,42.433710000,1142.000
1.940890000,42.433720000,1143.000
1.940970000,42.433730000,1143.000
1.941180000,42.433760000,1143.000
1.941090000,42.434120000,1142.000
1.941210000,42.434470000,1142.000
1.941320000,42.434810000,1142.000
1.941420000,42.435070000,1142.000
1.941540000,42.435410000,1142.000
1.941570000,42.435470000,1142.000
1.941600000,42.435520000,1142.000
1.941660000,42.435550000,1142.000
1.941730000,42.435580000,1142.000
1.942040000,42.435650000,1142.000
1.942100000,42.435670000,1142.000
1.942180000,42.435700000,1142.000
1.942270000,42.435740000,1142.000
1.943180000,42.435970000,1142.000
1.943210000,42.435980000,1142.000
1.943250000,42.435980000,1142.000
1.943270000,42.435980000,1142.000
1.943290000,42.435970000,1142.000
1.943310000,42.435960000,1142.000
1.943330000,42.435930000,1142.000
1.943340000,42.435910000,1142.000
1.943350000,42.435830000,1142.000
1.943370000,42.435680000,1142.000
1.943390000,42.435580000,1142.000
1.943460000,42.435130000,1142.000
1.943490000,42.434950000,1142.000
1.943530000,42.434660000,1142.000
1.943540000,42.434630000,1141.000
1.943560000,42.434590000,1141.000
1.943610000,42.434560000,1141.000
1.943660000,42.434530000,1141.000
1.943790000,42.434470000,1141.000
1.944160000,42.434320000,1141.000
1.944200000,42.434300000,1141.000
1.944230000,42.434290000,1141.000
1.944220000,42.434270000,1141.000
1.944220000,42.434260000,1141.000
1.944220000,42.434240000,1140.000
1.944200000,42.434210000,1140.000
1.944050000,42.434000000,1140.000
1.944020000,42.433960000,1140.000
1.944010000,42.433930000,1140.000
1.944000000,42.433900000,1140.000
1.943990000,42.433850000,1140.000
1.943990000,42.433820000,1140.000
1.943970000,42.433820000,1140.000
1.943960000,42.433810000,1140.000
1.943950000,42.433800000,1140.000
1.943950000,42.433780000,1140.000
1.943950000,42.433770000,1140.000
1.943960000,42.433750000,1140.000
1.943970000,42.433740000,1140.000
1.943990000,42.433730000,1140.000
1.944010000,42.433730000,1140.000
1.944030000,42.433730000,1140.000
1.944050000,42.433740000,1140.000
1.944060000,42.433740000,1140.000
1.944070000,42.433750000,1140.000
1.944080000,42.433760000,1140.000
1.944110000,42.433750000,1140.000
1.944160000,42.433740000,1140.000
1.944260000,42.433710000,1140.000
1.944770000,42.433510000,1140.000
1.945120000,42.433380000,1140.000
1.945390000,42.433310000,1140.000
1.945520000,42.433290000,1140.000
1.945720000,42.433290000,1140.000
1.945850000,42.433300000,1140.000
1.945980000,42.433300000,1140.000
1.946540000,42.433350000,1140.000
1.947780000,42.433440000,1141.000
1.947900000,42.433450000,1141.000
1.947990000,42.433460000,1142.000
1.948100000,42.433470000,1142.000
1.948180000,42.433480000,1143.000
1.948400000,42.433490000,1143.000
1.949700000,42.433590000,1144.000
1.950320000,42.433640000,1145.000
1.950650000,42.433670000,1146.000
1.951430000,42.433730000,1146.000
1.951580000,42.433730000,1146.000
1.951720000,42.433720000,1146.000
1.951880000,42.433710000,1146.000
1.952300000,42.433670000,1146.000
1.953010000,42.433580000,1146.000
1.953310000,42.433540000,1146.000
1.953400000,42.433530000,1147.000
1.953430000,42.433530000,1147.000
1.954120000,42.433450000,1149.000
1.954610000,42.433430000,1151.000
1.954830000,42.433420000,1152.000
1.954910000,42.433420000,1154.000
1.955090000,42.433410000,1155.000
1.955650000,42.433390000,1157.000
1.955770000,42.433390000,1158.000
1.957340000,42.433340000,1160.000
1.957440000,42.433330000,1161.000
1.958260000,42.433320000,1162.000
1.958520000,42.433330000,1163.000
1.958830000,42.433360000,1165.000
1.959440000,42.433490000,1167.000
1.962510000,42.434240000,1173.000
1.964630000,42.434750000,1181.000
1.964710000,42.434770000,1186.000
1.964840000,42.434810000,1189.000
1.966670000,42.435270000,1194.000
1.967570000,42.435490000,1198.000
1.968470000,42.435700000,1201.000
1.968840000,42.435770000,1204.000
1.969150000,42.435810000,1207.000
1.971990000,42.436000000,1212.000
1.973300000,42.436120000,1216.000
1.974790000,42.436250000,1220.000
1.979030000,42.436660000,1225.000
1.982790000,42.437020000,1229.000
1.983770000,42.437110000,1232.000
1.984000000,42.437130000,1234.000
1.984260000,42.437160000,1235.000
1.984530000,42.437180000,1236.000
1.985370000,42.437260000,1237.000
1.985750000,42.437300000,1236.000
1.986070000,42.437330000,1235.000
1.986330000,42.437390000,1234.000
1.986560000,42.437460000,1233.000
1.986810000,42.437580000,1232.000
1.987040000,42.437740000,1231.000
1.987250000,42.437950000,1229.000
1.987510000,42.438230000,1227.000
1.987650000,42.438350000,1226.000
1.987730000,42.438400000,1226.000
1.987860000,42.438470000,1226.000
1.988020000,42.438530000,1226.000
1.988150000,42.438560000,1227.000
1.988260000,42.438580000,1228.000
1.988380000,42.438590000,1228.000
1.988560000,42.438590000,1229.000
1.988660000,42.438580000,1230.000
1.988800000,42.438560000,1230.000
1.989370000,42.438470000,1232.000
1.989610000,42.438440000,1233.000
1.989810000,42.438450000,1235.000
1.990190000,42.438490000,1236.000
1.991010000,42.438600000,1238.000
1.993640000,42.438960000,1243.000
1.993960000,42.438990000,1247.000
1.994430000,42.438990000,1250.000
1.997710000,42.438960000,1257.000
2.000020000,42.438940000,1265.000
2.000210000,42.438940000,1270.000
2.000380000,42.438960000,1274.000
2.000550000,42.438980000,1277.000
2.000730000,42.439020000,1279.000
2.000910000,42.439070000,1280.000
2.001090000,42.439130000,1281.000
2.001230000,42.439190000,1282.000
2.002070000,42.439570000,1283.000
2.007950000,42.442310000,1289.000
2.008650000,42.442600000,1293.000
2.008800000,42.442680000,1296.000
2.009980000,42.443250000,1300.000
2.013960000,42.445080000,1307.000
2.014790000,42.445460000,1313.000
2.015100000,42.445590000,1317.000
2.015360000,42.445680000,1319.000
2.015570000,42.445720000,1322.000
2.015750000,42.445740000,1323.000
2.015930000,42.445740000,1324.000
2.016140000,42.445730000,1325.000
2.016330000,42.445690000,1326.000
2.016700000,42.445580000,1326.000
2.017320000,42.445360000,1327.000
2.017580000,42.445250000,1327.000
2.017760000,42.445150000,1327.000
2.019350000,42.444130000,1327.000
2.019520000,42.444050000,1326.000
2.019690000,42.443970000,1325.000
2.019890000,42.443920000,1324.000
2.020080000,42.443900000,1323.000
2.020280000,42.443900000,1321.000
2.020480000,42.443930000,1320.000
2.020680000,42.443980000,1318.000
2.020870000,42.444050000,1317.000
2.021050000,42.444140000,1315.000
2.021450000,42.444370000,1313.000
2.021810000,42.444580000,1310.000
2.022720000,42.445080000,1309.000
2.023080000,42.445270000,1308.000
2.023310000,42.445420000,1308.000
2.023490000,42.445620000,1308.000
2.023610000,42.445810000,1308.000
2.023660000,42.445960000,1309.000
2.023680000,42.446130000,1309.000
2.023680000,42.446540000,1311.000
2.023730000,42.446710000,1312.000
2.023820000,42.446890000,1314.000
2.024000000,42.447110000,1316.000
2.024290000,42.447410000,1318.000
2.024390000,42.447500000,1319.000
2.026200000,42.449280000,1319.000
2.027410000,42.450510000,1319.000
2.027860000,42.450890000,1319.000
2.028300000,42.451320000,1318.000
2.028400000,42.451420000,1317.000
2.028760000,42.451770000,1316.000
2.029030000,42.452020000,1315.000
2.029380000,42.452300000,1313.000
2.029820000,42.452580000,1313.000
2.030350000,42.452910000,1312.000
2.030440000,42.452950000,1312.000
2.030530000,42.453010000,1312.000
2.030820000,42.453120000,1312.000
2.030970000,42.453170000,1313.000
2.031140000,42.453250000,1313.000
2.031290000,42.453360000,1313.000
2.031390000,42.453480000,1313.000
2.031480000,42.453610000,1313.000
2.031700000,42.454070000,1313.000
2.031820000,42.454280000,1312.000
2.031970000,42.454430000,1312.000
2.032050000,42.454500000,1312.000
2.032140000,42.454560000,1312.000
2.032340000,42.454670000,1311.000
2.032500000,42.454750000,1311.000
2.033040000,42.454990000,1310.000
2.033820000,42.455330000,1310.000
2.034150000,42.455470000,1310.000
2.034200000,42.455490000,1309.000
2.034530000,42.455640000,1309.000
2.034550000,42.455640000,1309.000
2.034570000,42.455650000,1309.000
2.035770000,42.456170000,1308.000
2.035890000,42.456220000,1308.000
2.036110000,42.456310000,1307.000
2.036180000,42.456340000,1307.000
2.036460000,42.456460000,1306.000
2.037060000,42.456720000,1304.000
2.037150000,42.456760000,1303.000
2.037210000,42.456780000,1302.000
2.037560000,42.456940000,1301.000
2.037680000,42.456990000,1300.000
2.037890000,42.457090000,1299.000
2.038000000,42.457150000,1298.000
2.038090000,42.457210000,1298.000
2.038190000,42.457320000,1297.000
2.038240000,42.457370000,1297.000
2.038360000,42.457550000,1297.000
2.038380000,42.457590000,1297.000
2.038450000,42.457760000,1298.000
2.038560000,42.458040000,1298.000
2.038590000,42.458130000,1298.000
2.038630000,42.458220000,1298.000
2.038630000,42.458230000,1298.000
2.038650000,42.458290000,1299.000
2.038710000,42.458420000,1299.000
2.038740000,42.458560000,1299.000
2.038720000,42.458730000,1299.000
2.038710000,42.458800000,1299.000
2.038710000,42.458870000,1300.000
2.038700000,42.458920000,1300.000
2.038670000,42.459110000,1300.000
2.038660000,42.459200000,1301.000
2.038670000,42.459250000,1301.000
2.038700000,42.459310000,1302.000
2.038730000,42.459340000,1302.000
2.038810000,42.459380000,1302.000
2.038920000,42.459410000,1303.000
2.039180000,42.459430000,1303.000
2.039260000,42.459430000,1304.000
2.039450000,42.459450000,1304.000
2.039660000,42.459480000,1305.000
2.039760000,42.459510000,1305.000
2.040010000,42.459580000,1306.000
2.040260000,42.459680000,1307.000
2.040440000,42.459780000,1308.000
2.040600000,42.459910000,1309.000
2.040740000,42.460040000,1309.000
2.040840000,42.460160000,1310.000
2.041120000,42.460500000,1311.000
2.041410000,42.460850000,1313.000
2.041570000,42.461060000,1314.000
2.041610000,42.461120000,1315.000
2.041630000,42.461190000,1316.000
2.041620000,42.461270000,1317.000
2.041570000,42.461350000,1317.000
2.041490000,42.461430000,1317.000
2.041330000,42.461530000,1318.000
2.041170000,42.461580000,1318.000
2.041000000,42.461590000,1319.000
2.040920000,42.461590000,1319.000
2.040650000,42.461550000,1320.000
2.040190000,42.461480000,1320.000
2.040070000,42.461460000,1321.000
2.039920000,42.461480000,1321.000
2.039850000,42.461490000,1322.000
2.039730000,42.461520000,1322.000
2.039660000,42.461560000,1322.000
2.039550000,42.461640000,1323.000
2.039350000,42.461800000,1323.000
2.039230000,42.461880000,1324.000
2.039080000,42.461950000,1324.000
2.038890000,42.462010000,1325.000
2.038050000,42.462160000,1326.000
2.037880000,42.462190000,1327.000
2.037770000,42.462220000,1328.000
2.037590000,42.462280000,1329.000
2.037310000,42.462390000,1330.000
2.036350000,42.462800000,1333.000
2.036080000,42.462890000,1335.000
2.034500000,42.463320000,1340.000
2.034310000,42.463380000,1344.000
2.034190000,42.463430000,1346.000
2.034100000,42.463490000,1347.000
2.034030000,42.463560000,1348.000
2.033980000,42.463680000,1349.000
2.033970000,42.463790000,1349.000
2.033990000,42.464220000,1350.000
2.034000000,42.464300000,1350.000
2.034010000,42.464390000,1350.000
2.034000000,42.464490000,1350.000
2.033880000,42.464730000,1350.000
2.033860000,42.464820000,1350.000
2.033880000,42.464900000,1350.000
2.033950000,42.464990000,1350.000
2.034060000,42.465050000,1350.000
2.034220000,42.465110000,1350.000
2.034310000,42.465170000,1351.000
2.034390000,42.465250000,1352.000
2.034430000,42.465330000,1352.000
2.034440000,42.465370000,1353.000
2.034450000,42.465430000,1354.000
2.034460000,42.465490000,1354.000
2.034470000,42.465690000,1355.000
2.034450000,42.465830000,1356.000
2.034420000,42.465920000,1357.000
2.034350000,42.466050000,1358.000
2.034100000,42.466380000,1360.000
2.034040000,42.466480000,1361.000
2.033990000,42.466600000,1363.000
2.033960000,42.466740000,1364.000
2.033980000,42.466930000,1365.000
2.033980000,42.467000000,1366.000
2.033950000,42.467080000,1367.000
2.033840000,42.467250000,1368.000
2.033780000,42.467340000,1369.000
2.033770000,42.467440000,1369.000
2.033800000,42.467510000,1370.000
2.033840000,42.467560000,1371.000
2.033910000,42.467610000,1371.000
2.034040000,42.467640000,1372.000
2.034210000,42.467660000,1372.000
2.035070000,42.467700000,1374.000
2.035220000,42.467720000,1376.000
2.035340000,42.467750000,1377.000
2.035450000,42.467810000,1378.000
2.035540000,42.467910000,1379.000
2.035580000,42.467990000,1380.000
2.035590000,42.468120000,1381.000
2.035540000,42.468240000,1382.000
2.035430000,42.468420000,1383.000
2.035370000,42.468570000,1385.000
2.035320000,42.468810000,1386.000
2.035270000,42.469010000,1388.000
2.035230000,42.469140000,1389.000
2.035130000,42.469260000,1391.000
2.035040000,42.469340000,1392.000
2.034880000,42.469440000,1393.000
2.034440000,42.469610000,1393.000
2.034320000,42.469670000,1394.000
2.034250000,42.469750000,1395.000
2.034230000,42.469830000,1395.000
2.034260000,42.469930000,1395.000
2.034330000,42.469990000,1396.000
2.034470000,42.470070000,1396.000
2.034580000,42.470100000,1396.000
2.034720000,42.470150000,1397.000
2.034840000,42.470150000,1397.000
2.034990000,42.470150000,1397.000
2.035130000,42.470110000,1397.000
2.035390000,42.470000000,1398.000
2.037270000,42.469200000,1402.000
2.037520000,42.469070000,1405.000
2.038140000,42.468610000,1408.000
2.038390000,42.468460000,1411.000
2.038510000,42.468410000,1413.000
2.038640000,42.468380000,1415.000
2.038760000,42.468370000,1416.000
2.039000000,42.468380000,1417.000
2.039490000,42.468440000,1419.000
2.039720000,42.468440000,1420.000
2.039940000,42.468400000,1422.000
2.040340000,42.468260000,1423.000
2.040510000,42.468220000,1424.000
2.040640000,42.468210000,1425.000
2.040810000,42.468210000,1426.000
2.040970000,42.468240000,1427.000
2.041130000,42.468280000,1427.000
2.041480000,42.468420000,1428.000
2.041710000,42.468480000,1429.000
2.041950000,42.468510000,1430.000
2.042160000,42.468510000,1431.000
2.042430000,42.468470000,1432.000
2.042750000,42.468430000,1433.000
2.043000000,42.468430000,1434.000
2.043250000,42.468440000,1435.000
2.043510000,42.468490000,1436.000
2.043780000,42.468580000,1437.000
2.043930000,42.468650000,1438.000
2.044130000,42.468760000,1439.000
2.045000000,42.469350000,1442.000
2.045380000,42.469560000,1444.000
2.045840000,42.469780000,1446.000
2.046210000,42.469920000,1449.000
2.046610000,42.470050000,1451.000
2.046870000,42.470120000,1452.000
2.047180000,42.470190000,1454.000
2.047890000,42.470300000,1456.000
2.048180000,42.470330000,1458.000
2.049210000,42.470400000,1461.000
2.050420000,42.470480000,1464.000
2.050600000,42.470500000,1467.000
2.050770000,42.470520000,1469.000
2.050990000,42.470590000,1470.000
2.051120000,42.470640000,1472.000
2.051470000,42.470810000,1473.000
2.051760000,42.470940000,1474.000
2.052500000,42.471270000,1476.000
2.052900000,42.471440000,1477.000
2.053330000,42.471630000,1478.000
2.053720000,42.471810000,1479.000
2.053960000,42.471950000,1479.000
2.054130000,42.472070000,1479.000
2.054260000,42.472200000,1479.000
2.054370000,42.472360000,1478.000
2.054460000,42.472520000,1478.000
2.054510000,42.472690000,1478.000
2.054530000,42.472800000,1478.000
2.054550000,42.473190000,1477.000
2.054560000,42.473350000,1477.000
2.054690000,42.475840000,1476.000
2.054720000,42.476010000,1475.000
2.054800000,42.476190000,1474.000
2.054850000,42.476260000,1474.000
2.054920000,42.476340000,1474.000
2.055080000,42.476460000,1475.000
2.055270000,42.476570000,1475.000
2.056110000,42.476960000,1476.000
2.056270000,42.477030000,1477.000
2.056400000,42.477110000,1478.000
2.056480000,42.477170000,1478.000
2.056560000,42.477230000,1479.000
2.056620000,42.477300000,1479.000
2.056690000,42.477400000,1479.000
2.056750000,42.477500000,1480.000
2.056800000,42.477650000,1480.000
2.056810000,42.477850000,1480.000
2.056790000,42.478420000,1480.000
2.056780000,42.478840000,1481.000
2.056750000,42.479620000,1481.000
2.056730000,42.480040000,1482.000
2.056730000,42.480220000,1482.000
2.056760000,42.480860000,1483.000
2.056800000,42.481140000,1482.000
2.056860000,42.481320000,1482.000
2.056930000,42.481490000,1481.000
2.057080000,42.481720000,1480.000
2.057310000,42.481950000,1479.000
2.057750000,42.482330000,1477.000
2.057830000,42.482420000,1476.000
2.057890000,42.482550000,1475.000
2.057930000,42.482700000,1474.000
2.057920000,42.482840000,1473.000
2.057850000,42.482970000,1472.000
2.057730000,42.483100000,1471.000
2.057280000,42.483400000,1470.000
2.057180000,42.483520000,1468.000
2.057130000,42.483610000,1467.000
2.057100000,42.483720000,1467.000
2.057110000,42.483880000,1466.000
2.057170000,42.484010000,1465.000
2.057270000,42.484130000,1464.000
2.057430000,42.484230000,1464.000
2.057610000,42.484290000,1463.000
2.057960000,42.484330000,1463.000
2.058200000,42.484330000,1462.000
2.058440000,42.484300000,1462.000
2.058960000,42.484170000,1462.000
2.059100000,42.484150000,1461.000
2.059270000,42.484160000,1461.000
2.059640000,42.484250000,1461.000
2.059860000,42.484290000,1461.000
2.060090000,42.484280000,1460.000
2.060560000,42.484230000,1459.000
2.060810000,42.484220000,1458.000
2.060970000,42.484210000,1458.000
2.061120000,42.484230000,1457.000
2.061270000,42.484270000,1456.000
2.061380000,42.484340000,1456.000
2.061450000,42.484400000,1455.000
2.061480000,42.484450000,1455.000
2.061630000,42.484730000,1454.000
2.061650000,42.484830000,1454.000
2.061640000,42.484920000,1453.000
2.061620000,42.484970000,1453.000
2.061590000,42.485010000,1453.000
2.061520000,42.485100000,1453.000
2.061390000,42.485170000,1454.000
2.061150000,42.485250000,1454.000
2.060960000,42.485320000,1455.000
2.060860000,42.485360000,1455.000
2.060790000,42.485420000,1456.000
2.060740000,42.485470000,1456.000
2.060730000,42.485520000,1456.000
2.060720000,42.485620000,1457.000
2.060760000,42.485710000,1457.000
2.060850000,42.485790000,1458.000
2.060950000,42.485860000,1458.000
2.061080000,42.485910000,1458.000
2.061230000,42.485950000,1459.000
2.061360000,42.485950000,1459.000
2.061750000,42.485960000,1460.000
2.062130000,42.485950000,1461.000
2.062290000,42.485970000,1462.000
2.062420000,42.486000000,1463.000
2.062600000,42.486080000,1464.000
2.062770000,42.486180000,1465.000
2.062970000,42.486250000,1467.000
2.063170000,42.486290000,1468.000
2.063650000,42.486360000,1469.000
2.063830000,42.486380000,1471.000
2.063990000,42.486370000,1472.000
2.064190000,42.486350000,1473.000
2.064380000,42.486360000,1474.000
2.064570000,42.486410000,1475.000
2.065010000,42.486560000,1475.000
2.065180000,42.486640000,1475.000
2.065330000,42.486730000,1476.000
2.065640000,42.487010000,1476.000
2.065790000,42.487130000,1476.000
2.065930000,42.487200000,1476.000
2.066070000,42.487230000,1476.000
2.066460000,42.487300000,1476.000
2.066630000,42.487360000,1476.000
2.066820000,42.487490000,1477.000
2.066940000,42.487610000,1477.000
2.067910000,42.488590000,1479.000
2.068060000,42.488740000,1480.000
2.068170000,42.488820000,1481.000
2.068320000,42.488910000,1482.000
2.068450000,42.488970000,1483.000
2.068590000,42.489010000,1483.000
2.069060000,42.489120000,1484.000
2.069200000,42.489160000,1485.000
2.069370000,42.489210000,1486.000
2.069470000,42.489270000,1486.000
2.069560000,42.489310000,1487.000
2.069660000,42.489390000,1487.000
2.069990000,42.489630000,1488.000
2.070200000,42.489760000,1489.000
2.070320000,42.489800000,1490.000
2.070470000,42.489840000,1490.000
2.070670000,42.489870000,1491.000
2.071010000,42.489870000,1492.000
2.071290000,42.489870000,1493.000
2.071550000,42.489880000,1495.000
2.071760000,42.489910000,1496.000
2.071990000,42.489980000,1497.000
2.072140000,42.490050000,1498.000
2.072300000,42.490160000,1499.000
2.072480000,42.490340000,1500.000
2.072630000,42.490470000,1501.000
2.072790000,42.490590000,1502.000
2.072980000,42.490690000,1503.000
2.073170000,42.490770000,1504.000
2.073690000,42.490930000,1505.000
2.074700000,42.491220000,1506.000
2.075720000,42.491500000,1509.000
2.075950000,42.491580000,1512.000
2.076090000,42.491640000,1514.000
2.076230000,42.491710000,1515.000
2.076360000,42.491780000,1517.000
2.076470000,42.491860000,1518.000
2.076610000,42.491990000,1519.000
2.076810000,42.492230000,1521.000
2.076900000,42.492340000,1522.000
2.077040000,42.492470000,1522.000
2.077180000,42.492570000,1523.000
2.077720000,42.492870000,1524.000
2.078460000,42.493260000,1525.000
2.078690000,42.493400000,1525.000
2.078840000,42.493520000,1526.000
2.078970000,42.493670000,1526.000
2.079090000,42.493820000,1526.000
2.079210000,42.493950000,1527.000
2.079410000,42.494130000,1527.000
2.079530000,42.494230000,1527.000
2.079670000,42.494320000,1527.000
2.079800000,42.494380000,1528.000
2.079980000,42.494440000,1528.000
2.080200000,42.494490000,1528.000
2.080360000,42.494520000,1528.000
2.080510000,42.494540000,1528.000
2.080780000,42.494570000,1529.000
2.083240000,42.494820000,1532.000
2.083870000,42.494880000,1535.000
2.084540000,42.494950000,1537.000
2.084770000,42.494960000,1540.000
2.084990000,42.494970000,1542.000
2.086110000,42.494960000,1545.000
2.086360000,42.494970000,1547.000
2.086590000,42.495000000,1549.000
2.086910000,42.495060000,1550.000
2.091930000,42.496360000,1557.000
2.092270000,42.496450000,1561.000
2.092340000,42.496470000,1565.000
2.092700000,42.496580000,1567.000
2.092860000,42.496620000,1568.000
2.093500000,42.496790000,1569.000
2.093840000,42.496880000,1570.000
2.093950000,42.496950000,1570.000
2.094050000,42.497030000,1571.000
2.094110000,42.497120000,1571.000
2.094150000,42.497210000,1571.000
2.094170000,42.497270000,1571.000
2.094170000,42.497340000,1571.000
2.094170000,42.497440000,1571.000
2.094130000,42.497600000,1571.000
2.094090000,42.497700000,1570.000
2.094060000,42.497810000,1570.000
2.094030000,42.497920000,1570.000
2.094030000,42.498040000,1570.000
2.094040000,42.498170000,1569.000
2.094070000,42.498280000,1569.000
2.094120000,42.498400000,1569.000
2.094180000,42.498530000,1568.000
2.094250000,42.498640000,1568.000
2.094300000,42.498700000,1568.000
2.094330000,42.498740000,1567.000
2.094440000,42.498860000,1567.000
2.094610000,42.498990000,1567.000
2.094770000,42.499100000,1567.000
2.094960000,42.499200000,1567.000
2.095060000,42.499260000,1567.000
2.095330000,42.499410000,1567.000
2.095540000,42.499520000,1568.000
2.095710000,42.499590000,1568.000
2.095930000,42.499660000,1568.000
2.096230000,42.499710000,1568.000
2.096610000,42.499740000,1569.000
2.096930000,42.499790000,1569.000
2.097110000,42.499850000,1570.000
2.097340000,42.499930000,1570.000
2.097510000,42.500020000,1570.000
2.097930000,42.500360000,1571.000
2.098990000,42.501240000,1572.000
2.099100000,42.501350000,1572.000
2.099180000,42.501480000,1572.000
2.099260000,42.501660000,1572.000
2.099320000,42.501860000,1572.000
2.099370000,42.502060000,1572.000
2.099430000,42.502330000,1571.000
2.099460000,42.502420000,1571.000
2.099530000,42.502560000,1570.000
2.099660000,42.502740000,1570.000
2.099830000,42.502900000,1569.000
2.099980000,42.503010000,1569.000
2.100130000,42.503110000,1569.000
2.100380000,42.503220000,1569.000
2.101750000,42.503800000,1570.000
2.102900000,42.504280000,1571.000
2.103120000,42.504360000,1571.000
2.103480000,42.504430000,1572.000
2.103800000,42.504460000,1572.000
2.104130000,42.504470000,1572.000
2.104330000,42.504490000,1572.000
2.104490000,42.504500000,1571.000
2.104800000,42.504580000,1571.000
2.105210000,42.504690000,1571.000
2.105490000,42.504760000,1571.000
2.105730000,42.504790000,1571.000
2.105960000,42.504810000,1570.000
2.106240000,42.504800000,1570.000
2.106790000,42.504730000,1570.000
2.107070000,42.504710000,1569.000
2.107290000,42.504710000,1569.000
2.107530000,42.504730000,1569.000
2.108150000,42.504810000,1568.000
2.108460000,42.504840000,1568.000
2.108790000,42.504840000,1568.000
2.109180000,42.504810000,1568.000
2.109410000,42.504800000,1567.000
2.109650000,42.504830000,1567.000
2.109820000,42.504870000,1567.000
2.110000000,42.504940000,1567.000
2.110200000,42.505060000,1567.000
2.110450000,42.505230000,1567.000
2.110620000,42.505310000,1567.000
2.110780000,42.505350000,1567.000
2.111010000,42.505380000,1567.000
2.111300000,42.505430000,1567.000
2.111500000,42.505470000,1567.000
2.111690000,42.505550000,1567.000
2.111870000,42.505650000,1567.000
2.112010000,42.505750000,1567.000
2.112300000,42.506030000,1567.000
2.112450000,42.506160000,1567.000
2.112830000,42.506440000,1567.000
2.113020000,42.506560000,1567.000
2.113140000,42.506620000,1567.000
2.113330000,42.506690000,1567.000
2.113540000,42.506740000,1567.000
2.113700000,42.506760000,1567.000
2.113960000,42.506770000,1567.000
2.114140000,42.506790000,1567.000
2.114400000,42.506830000,1567.000
2.114760000,42.506910000,1567.000
2.114980000,42.506980000,1567.000
2.115210000,42.507040000,1568.000
2.115300000,42.507050000,1568.000
2.115390000,42.507090000,1569.000
2.115580000,42.507210000,1569.000
2.115690000,42.507250000,1570.000
2.115750000,42.507270000,1571.000
2.115800000,42.507300000,1571.000
2.115840000,42.507340000,1572.000
2.115850000,42.507390000,1572.000
2.115850000,42.507430000,1572.000
2.115830000,42.507470000,1573.000
2.115790000,42.507510000,1573.000
2.115740000,42.507530000,1573.000
2.115700000,42.507540000,1574.000
2.115650000,42.507550000,1574.000
2.115560000,42.507630000,1574.000
2.115510000,42.507710000,1575.000
2.115490000,42.507890000,1575.000
2.115450000,42.508080000,1576.000
2.115420000,42.508160000,1577.000
2.115380000,42.508230000,1578.000
2.115110000,42.508570000,1579.000
2.114910000,42.508770000,1580.000
2.114820000,42.508940000,1580.000
2.114690000,42.509180000,1581.000
2.114480000,42.509710000,1583.000
2.114410000,42.509880000,1584.000
2.114290000,42.510140000,1585.000
2.114260000,42.510220000,1586.000
2.114200000,42.510450000,1586.000
2.114190000,42.510580000,1587.000
2.114230000,42.510670000,1587.000
2.114310000,42.510750000,1587.000
2.114380000,42.510800000,1588.000
2.114450000,42.510810000,1588.000
2.114510000,42.510850000,1588.000
2.114550000,42.510880000,1588.000
2.114570000,42.510920000,1588.000
2.114580000,42.510970000,1588.000
2.114570000,42.511010000,1588.000
2.114550000,42.511050000,1588.000
2.114540000,42.511110000,1589.000
2.114550000,42.511190000,1589.000
2.114570000,42.511260000,1589.000
2.114590000,42.511330000,1589.000
2.114600000,42.511450000,1589.000
2.114670000,42.511600000,1589.000
2.114690000,42.511670000,1589.000
2.114700000,42.511740000,1590.000
2.114700000,42.511810000,1590.000
2.114690000,42.511870000,1590.000
2.114670000,42.511920000,1590.000
2.114630000,42.511970000,1591.000
2.114570000,42.512030000,1591.000
2.114500000,42.512080000,1591.000
2.114410000,42.512120000,1591.000
2.114320000,42.512150000,1592.000
2.114230000,42.512160000,1592.000
2.113300000,42.512250000,1593.000
2.113090000,42.512290000,1594.000
2.112890000,42.512360000,1595.000
2.112610000,42.512500000,1596.000
2.112070000,42.512810000,1596.000
2.111720000,42.513050000,1597.000
2.111290000,42.513370000,1597.000
2.111090000,42.513470000,1597.000
2.110720000,42.513600000,1597.000
2.110580000,42.513670000,1597.000
2.110490000,42.513750000,1597.000
2.110460000,42.513820000,1598.000
2.110460000,42.513900000,1598.000
2.110600000,42.514640000,1598.000
2.110660000,42.514780000,1599.000
2.110780000,42.514890000,1599.000
2.110950000,42.514960000,1600.000
2.111100000,42.514990000,1600.000
2.111270000,42.514990000,1601.000
2.111460000,42.514970000,1601.000
2.111900000,42.514860000,1602.000
2.112030000,42.514830000,1602.000
2.112200000,42.514830000,1603.000
2.112390000,42.514860000,1604.000
2.112620000,42.514970000,1605.000
2.112950000,42.515130000,1606.000
2.113290000,42.515280000,1607.000
2.113810000,42.515480000,1609.000
2.114030000,42.515590000,1610.000
2.114150000,42.515660000,1611.000
2.114280000,42.515740000,1611.000
2.114360000,42.515810000,1612.000
2.114480000,42.515910000,1612.000
2.114580000,42.516020000,1612.000
2.114600000,42.516040000,1612.000
2.114820000,42.516390000,1612.000
2.115080000,42.516770000,1612.000
2.115310000,42.517080000,1612.000
2.115670000,42.517590000,1612.000
2.116280000,42.518440000,1612.000
2.117500000,42.520170000,1613.000
2.117600000,42.520340000,1614.000
2.117810000,42.520600000,1616.000
2.118030000,42.520790000,1617.000
2.118370000,42.521000000,1618.000
2.119170000,42.521500000,1620.000
2.120350000,42.522310000,1624.000
2.120700000,42.522550000,1627.000
2.121050000,42.522780000,1629.000
2.121280000,42.522970000,1632.000
2.121390000,42.523080000,1633.000
2.121580000,42.523310000,1635.000
2.121750000,42.523460000,1637.000
2.121860000,42.523610000,1638.000
2.121980000,42.523860000,1640.000
2.122050000,42.523950000,1641.000
2.122630000,42.524700000,1644.000
2.122720000,42.524850000,1646.000
2.122790000,42.525070000,1648.000
2.122790000,42.525150000,1649.000
2.122770000,42.525370000,1651.000
2.122770000,42.525430000,1652.000
2.122770000,42.525560000,1653.000
2.122820000,42.525700000,1653.000
2.122850000,42.525820000,1654.000
2.122900000,42.525960000,1655.000
2.122980000,42.526190000,1656.000
2.123030000,42.526360000,1657.000
2.123040000,42.526390000,1658.000
2.123050000,42.526460000,1658.000
2.123040000,42.526540000,1659.000
2.123020000,42.526610000,1659.000
2.122960000,42.526770000,1660.000
2.122940000,42.526820000,1660.000
2.122780000,42.527180000,1661.000
2.122730000,42.527320000,1662.000
2.122700000,42.527410000,1662.000
2.122650000,42.527530000,1663.000
2.122640000,42.527640000,1663.000
2.122660000,42.527730000,1664.000
2.122690000,42.527810000,1664.000
2.122770000,42.527920000,1664.000
2.122970000,42.528150000,1665.000
2.123190000,42.528380000,1666.000
2.123330000,42.528540000,1667.000
2.123400000,42.528680000,1667.000
2.123460000,42.528890000,1668.000
2.123560000,42.529000000,1668.000
2.123620000,42.529050000,1668.000
2.123730000,42.529090000,1669.000
2.123860000,42.529090000,1669.000
2.123980000,42.529060000,1669.000
2.124180000,42.528930000,1670.000
2.124310000,42.528860000,1670.000
2.124480000,42.528780000,1670.000
2.124690000,42.528720000,1671.000
2.124900000,42.528710000,1671.000
2.125100000,42.528720000,1671.000
2.125240000,42.528750000,1672.000
2.125400000,42.528800000,1673.000
2.125520000,42.528880000,1673.000
2.125620000,42.528950000,1674.000
2.125790000,42.529100000,1675.000
2.125900000,42.529190000,1676.000
2.126090000,42.529290000,1677.000
2.126370000,42.529410000,1678.000
2.126880000,42.529580000,1680.000
2.127030000,42.529660000,1682.000
2.127160000,42.529760000,1683.000
2.127240000,42.529870000,1683.000
2.127280000,42.529940000,1684.000
2.127310000,42.530030000,1684.000
2.127330000,42.530160000,1685.000
2.127310000,42.530280000,1685.000
2.127260000,42.530390000,1685.000
2.127130000,42.530560000,1686.000
2.126920000,42.530810000,1686.000
2.126870000,42.530910000,1686.000
2.126850000,42.531000000,1686.000
2.126850000,42.531110000,1687.000
2.126870000,42.531300000,1687.000
2.126860000,42.531370000,1687.000
2.126820000,42.531470000,1687.000
2.126770000,42.531540000,1688.000
2.126680000,42.531620000,1688.000
2.126510000,42.531700000,1688.000
2.126180000,42.531810000,1689.000
2.125960000,42.531960000,1690.000
2.125870000,42.532070000,1690.000
2.125820000,42.532170000,1691.000
2.125720000,42.532350000,1691.000
2.125670000,42.532430000,1692.000
2.125470000,42.532830000,1693.000
2.125290000,42.533150000,1693.000
2.125190000,42.533300000,1694.000
2.124990000,42.533650000,1694.000
2.124810000,42.533900000,1694.000
2.124440000,42.534320000,1694.000
2.124010000,42.534820000,1694.000
2.123600000,42.535370000,1694.000
2.123230000,42.535880000,1694.000
2.121140000,42.538750000,1694.000
2.120250000,42.539960000,1695.000
2.120030000,42.540350000,1696.000
2.119930000,42.540500000,1696.000
2.119570000,42.541000000,1697.000
2.119550000,42.541030000,1697.000
2.119530000,42.541060000,1697.000
2.119180000,42.541510000,1698.000
2.118720000,42.542080000,1699.000
2.117950000,42.543110000,1700.000
2.117610000,42.543570000,1700.000
2.116420000,42.545120000,1701.000
2.115520000,42.546320000,1701.000
2.114450000,42.547720000,1702.000
2.114190000,42.548080000,1703.000
2.114100000,42.548200000,1704.000
2.113860000,42.548630000,1705.000
2.113730000,42.548830000,1706.000
2.113490000,42.549140000,1707.000
2.113470000,42.549180000,1708.000
2.113450000,42.549220000,1708.000
2.113460000,42.549260000,1709.000
2.113460000,42.549290000,1709.000
2.113440000,42.549330000,1709.000
2.113410000,42.549350000,1709.000
2.113360000,42.549370000,1709.000
2.113250000,42.549480000,1709.000
2.113160000,42.549590000,1708.000
2.113040000,42.549840000,1707.000
2.112480000,42.551070000,1702.000
2.111900000,42.552360000,1697.000
2.111710000,42.552810000,1693.000
2.111590000,42.552980000,1690.000
2.111460000,42.553120000,1688.000
2.111100000,42.553400000,1686.000
2.110190000,42.554040000,1683.000
2.109940000,42.554160000,1681.000
2.109700000,42.554220000,1679.000
2.109300000,42.554300000,1677.000
2.108500000,42.554410000,1673.000
2.107850000,42.554460000,1669.000
2.107570000,42.554490000,1666.000
2.107350000,42.554530000,1664.000
2.107130000,42.554610000,1662.000
2.106680000,42.554810000,1659.000
2.106430000,42.554900000,1657.000
2.106230000,42.555010000,1655.000
2.106120000,42.555110000,1653.000
2.105750000,42.555660000,1650.000
2.105600000,42.555940000,1648.000
2.105500000,42.556170000,1646.000
2.105480000,42.556340000,1645.000
2.105510000,42.556920000,1644.000
2.105500000,42.557320000,1643.000
2.105510000,42.557500000,1643.000
2.105560000,42.557630000,1642.000
2.105680000,42.557790000,1642.000
2.105920000,42.558010000,1641.000
2.106050000,42.558120000,1640.000
2.106150000,42.558270000,1639.000
2.106260000,42.558460000,1638.000
2.106410000,42.558730000,1636.000
2.106540000,42.558900000,1634.000
2.107020000,42.559350000,1632.000
2.107140000,42.559490000,1630.000
2.107210000,42.559610000,1628.000
2.107320000,42.559860000,1627.000
2.107380000,42.559980000,1626.000
2.107480000,42.560110000,1626.000
2.107630000,42.560200000,1625.000
2.107800000,42.560290000,1624.000
2.108060000,42.560360000,1624.000
2.108280000,42.560400000,1623.000
2.108500000,42.560470000,1623.000
2.108640000,42.560540000,1622.000
2.108810000,42.560650000,1622.000
2.108940000,42.560770000,1621.000
2.109060000,42.560880000,1619.000
2.109240000,42.561150000,1618.000
2.109350000,42.561340000,1616.000
2.109400000,42.561440000,1614.000
2.109420000,42.561580000,1613.000
2.109410000,42.561750000,1611.000
2.109300000,42.562070000,1609.000
2.109250000,42.562240000,1607.000
2.109240000,42.562400000,1606.000
2.109270000,42.562540000,1605.000
2.109320000,42.562700000,1604.000
2.110090000,42.564530000,1600.000
2.110370000,42.565250000,1597.000
2.110830000,42.566330000,1594.000
2.111020000,42.566730000,1591.000
2.111320000,42.567250000,1587.000
2.111420000,42.567430000,1584.000
2.111750000,42.568020000,1580.000
2.111890000,42.568310000,1577.000
2.112000000,42.568650000,1574.000
2.112070000,42.568950000,1572.000
2.112150000,42.569460000,1569.000
2.112260000,42.570080000,1566.000
2.112330000,42.570510000,1564.000
2.112410000,42.570920000,1562.000
2.112560000,42.571300000,1561.000
2.112720000,42.571630000,1560.000
2.112790000,42.571810000,1559.000
2.112840000,42.572000000,1558.000
2.112910000,42.572390000,1557.000
2.112980000,42.572830000,1554.000
2.113020000,42.573270000,1552.000
2.113040000,42.573470000,1550.000
2.113040000,42.573650000,1548.000
2.113020000,42.573890000,1546.000
2.112950000,42.574510000,1544.000
2.112950000,42.574680000,1541.000
2.112970000,42.574850000,1540.000
2.113040000,42.575040000,1538.000
2.113110000,42.575180000,1537.000
2.113350000,42.575480000,1535.000
2.113790000,42.575950000,1532.000
2.114270000,42.576470000,1530.000
2.114490000,42.576760000,1528.000
2.114700000,42.577140000,1526.000
2.114950000,42.577660000,1524.000
2.115020000,42.577840000,1522.000
2.115060000,42.578020000,1521.000
2.115040000,42.578200000,1520.000
2.114960000,42.578460000,1518.000
2.114740000,42.578960000,1517.000
2.114700000,42.579160000,1516.000
2.114720000,42.579350000,1515.000
2.114790000,42.579590000,1514.000
2.114900000,42.579860000,1512.000
2.114940000,42.580040000,1511.000
2.114940000,42.580200000,1509.000
2.114900000,42.580350000,1508.000
2.114820000,42.580460000,1507.000
2.114720000,42.580560000,1506.000
2.114420000,42.580800000,1504.000
2.114130000,42.581030000,1503.000
2.113950000,42.581170000,1501.000
2.113670000,42.581410000,1501.000
2.113580000,42.581520000,1501.000
2.113520000,42.581630000,1501.000
2.113460000,42.581850000,1502.000
2.113440000,42.581950000,1503.000
2.113440000,42.582100000,1504.000
2.113450000,42.582200000,1505.000
2.113480000,42.582290000,1506.000
2.113530000,42.582390000,1506.000
2.113600000,42.582490000,1507.000
2.113800000,42.582690000,1508.000
2.114300000,42.583130000,1511.000
2.114930000,42.583670000,1513.000
2.115560000,42.584200000,1515.000
2.115720000,42.584350000,1516.000
2.115840000,42.584490000,1517.000
2.115920000,42.584610000,1518.000
2.115990000,42.584760000,1518.000
2.116020000,42.584880000,1519.000
2.116020000,42.585020000,1519.000
2.115980000,42.585160000,1519.000
2.115920000,42.585310000,1519.000
2.115840000,42.585430000,1519.000
2.115710000,42.585570000,1519.000
2.115560000,42.585690000,1519.000
2.115370000,42.585800000,1519.000
2.114290000,42.586270000,1518.000
2.113970000,42.586420000,1518.000
2.113900000,42.586460000,1518.000
2.113750000,42.586560000,1518.000
2.113700000,42.586530000,1518.000
2.113590000,42.586500000,1518.000
2.113520000,42.586490000,1518.000
2.113430000,42.586490000,1519.000
2.113380000,42.586500000,1519.000
2.113300000,42.586530000,1519.000
2.113120000,42.586640000,1519.000
2.112990000,42.586700000,1519.000
2.112780000,42.586750000,1519.000
2.112480000,42.586800000,1519.000
2.112060000,42.586830000,1520.000
2.109300000,42.586990000,1523.000
2.108220000,42.587060000,1526.000
2.107600000,42.587120000,1529.000
2.107070000,42.587130000,1531.000
2.106630000,42.587100000,1533.000
2.105240000,42.586850000,1536.000
2.105240000,42.586850000,1537.000
2.104240000,42.586670000,1538.000
2.104180000,42.586660000,1540.000
2.103820000,42.586600000,1541.000
2.103420000,42.586530000,1543.000
2.100270000,42.585990000,1550.000
2.096490000,42.585370000,1554.000
2.095990000,42.585280000,1557.000
2.095900000,42.585270000,1559.000
2.094330000,42.585120000,1561.000
2.093580000,42.585050000,1563.000
2.093140000,42.585020000,1565.000
2.092330000,42.585000000,1566.000
2.092090000,42.584990000,1568.000
2.091640000,42.584920000,1569.000
2.091370000,42.584910000,1570.000
2.089700000,42.585050000,1573.000
2.089140000,42.585090000,1575.000
2.088600000,42.585100000,1576.000
2.088310000,42.585090000,1577.000
2.088100000,42.585070000,1578.000
2.087660000,42.585030000,1579.000
2.087430000,42.585020000,1580.000
2.087310000,42.585030000,1580.000
2.087130000,42.585080000,1581.000
2.087040000,42.585140000,1581.000
2.086920000,42.585240000,1582.000
2.086710000,42.585440000,1582.000
2.086600000,42.585580000,1583.000
2.086570000,42.585640000,1584.000
2.086560000,42.585660000,1584.000
2.086190000,42.585600000,1585.000
2.085870000,42.585530000,1586.000
2.085630000,42.585440000,1587.000
2.085430000,42.585330000,1588.000
2.085230000,42.585150000,1589.000
2.084990000,42.584920000,1590.000
2.084860000,42.584820000,1591.000
2.084660000,42.584700000,1592.000
2.083910000,42.584300000,1594.000
2.083040000,42.583870000,1596.000
2.082640000,42.583680000,1597.000
2.082160000,42.583450000,1599.000
2.081650000,42.583150000,1601.000
2.081400000,42.582930000,1603.000
2.081180000,42.582710000,1604.000
2.080920000,42.582500000,1606.000
2.080560000,42.582260000,1608.000
2.080270000,42.582070000,1609.000
2.080150000,42.581990000,1611.000
2.079820000,42.581880000,1612.000
2.079680000,42.581800000,1613.000
2.079310000,42.581550000,1615.000
2.079040000,42.581380000,1616.000
2.078750000,42.581270000,1617.000
2.078670000,42.581250000,1618.000
2.078470000,42.581180000,1619.000
2.078320000,42.581130000,1619.000
2.078190000,42.581030000,1620.000
2.077890000,42.580680000,1621.000
2.077780000,42.580450000,1622.000
2.077750000,42.580400000,1623.000
2.077730000,42.580290000,1623.000
2.077720000,42.580260000,1624.000
2.077700000,42.580150000,1624.000
2.077680000,42.579930000,1625.000
2.077670000,42.579710000,1626.000
2.077630000,42.579470000,1627.000
2.077550000,42.579280000,1629.000
2.077390000,42.579080000,1630.000
2.077240000,42.578920000,1631.000
2.077010000,42.578730000,1633.000
2.076920000,42.578650000,1634.000
2.076630000,42.578430000,1635.000
2.076480000,42.578320000,1636.000
2.076040000,42.578050000,1638.000
2.075980000,42.578010000,1639.000
2.075800000,42.577910000,1640.000
2.075640000,42.577860000,1640.000
2.075490000,42.577830000,1641.000
2.075320000,42.577820000,1642.000
2.075150000,42.577840000,1642.000
2.075030000,42.577850000,1643.000
2.074940000,42.577830000,1643.000
2.074900000,42.577820000,1644.000
2.074850000,42.577800000,1644.000
2.074660000,42.577690000,1645.000
2.074550000,42.577630000,1645.000
2.074360000,42.577580000,1646.000
2.074230000,42.577550000,1647.000
2.074200000,42.577540000,1647.000
2.074150000,42.577480000,1648.000
2.074090000,42.577420000,1648.000
2.074020000,42.577400000,1649.000
2.073960000,42.577420000,1649.000
2.073770000,42.577550000,1650.000
2.073670000,42.577610000,1650.000
2.073590000,42.577650000,1651.000
2.073490000,42.577680000,1652.000
2.073430000,42.577680000,1652.000
2.073340000,42.577670000,1653.000
2.073250000,42.577660000,1653.000
2.073210000,42.577650000,1653.000
2.072980000,42.577600000,1654.000
2.072880000,42.577580000,1655.000
2.072840000,42.577570000,1655.000
2.072790000,42.577570000,1655.000
2.072740000,42.577560000,1656.000
2.072660000,42.577550000,1656.000
2.072590000,42.577530000,1656.000
2.072530000,42.577520000,1656.000
2.072130000,42.577430000,1656.000
2.072060000,42.577420000,1656.000
2.072010000,42.577400000,1656.000
2.071920000,42.577370000,1656.000
2.071810000,42.577330000,1656.000
2.071710000,42.577270000,1656.000
2.071610000,42.577210000,1656.000
2.071490000,42.577140000,1656.000
2.071150000,42.576930000,1656.000
2.071010000,42.576850000,1656.000
2.070680000,42.576650000,1656.000
2.070160000,42.576340000,1656.000
2.070080000,42.576290000,1656.000
2.070030000,42.576260000,1657.000
2.069980000,42.576220000,1657.000
2.069520000,42.575930000,1657.000
2.069470000,42.575880000,1658.000
2.069380000,42.575800000,1658.000
2.069320000,42.575720000,1659.000
2.069280000,42.575610000,1659.000
2.069270000,42.575520000,1659.000
2.069260000,42.575430000,1660.000
2.069280000,42.575350000,1660.000
2.069310000,42.575280000,1660.000
2.069390000,42.575190000,1660.000
2.069410000,42.575110000,1660.000
2.069430000,42.575060000,1660.000
2.069420000,42.575030000,1661.000
2.069410000,42.575000000,1661.000
2.069420000,42.574970000,1661.000
2.069450000,42.574950000,1661.000
2.069480000,42.574930000,1661.000
2.069510000,42.574930000,1661.000
2.069540000,42.574930000,1661.000
2.069570000,42.574930000,1661.000
2.069590000,42.574940000,1661.000
2.069750000,42.574880000,1661.000
2.069920000,42.574770000,1661.000
2.070100000,42.574630000,1661.000
2.070150000,42.574580000,1661.000
2.070220000,42.574490000,1661.000
2.070260000,42.574390000,1661.000
2.070320000,42.574160000,1662.000
2.070470000,42.573540000,1662.000
2.070480000,42.573490000,1662.000
2.070530000,42.573340000,1662.000
2.070640000,42.573170000,1662.000
2.070760000,42.573050000,1663.000
2.070980000,42.572880000,1663.000
2.071540000,42.572450000,1663.000
2.071600000,42.572400000,1663.000
2.071660000,42.572360000,1663.000
2.071740000,42.572300000,1663.000
2.072200000,42.571940000,1663.000
2.072340000,42.571830000,1663.000
2.072420000,42.571760000,1663.000
2.072480000,42.571720000,1664.000
2.072710000,42.571510000,1664.000
2.072800000,42.571440000,1664.000
2.073080000,42.571200000,1664.000
2.073470000,42.570870000,1664.000
2.073710000,42.570640000,1664.000
2.073830000,42.570520000,1664.000
2.073910000,42.570380000,1665.000
2.073980000,42.570170000,1666.000
2.074030000,42.569980000,1668.000
2.074030000,42.569910000,1669.000
2.074030000,42.569710000,1671.000
2.073970000,42.569550000,1672.000
2.073880000,42.569430000,1674.000
2.073720000,42.569290000,1676.000
2.073710000,42.569280000,1677.000
2.073710000,42.569280000,1678.000
2.073390000,42.569040000,1680.000
2.073250000,42.568920000,1682.000
2.073180000,42.568810000,1683.000
2.073110000,42.568700000,1684.000
2.073010000,42.568320000,1685.000
2.072940000,42.568020000,1686.000
2.072770000,42.567640000,1687.000
2.072710000,42.567660000,1688.000
2.072670000,42.567750000,1688.000
2.072660000,42.567810000,1689.000
2.072700000,42.568150000,1689.000
2.072700000,42.568360000,1690.000
2.072740000,42.568620000,1691.000
2.072750000,42.568800000,1693.000
2.072710000,42.568910000,1694.000
2.072640000,42.568940000,1695.000
2.072560000,42.568930000,1695.000
2.072480000,42.568890000,1696.000
2.072440000,42.568860000,1696.000
2.072160000,42.568320000,1698.000
2.072060000,42.568190000,1700.000
2.072000000,42.568150000,1701.000
2.071920000,42.568130000,1702.000
2.071830000,42.568150000,1702.000
2.071770000,42.568180000,1703.000
2.071740000,42.568260000,1704.000
2.071760000,42.568380000,1704.000
2.071990000,42.568940000,1706.000
2.071990000,42.569030000,1708.000
2.071920000,42.569070000,1709.000
2.071860000,42.569080000,1710.000
2.071780000,42.569070000,1710.000
2.071720000,42.569030000,1711.000
2.071600000,42.568890000,1712.000
2.071500000,42.568760000,1713.000
2.071340000,42.568700000,1714.000
2.071160000,42.568670000,1715.000
2.070840000,42.568650000,1716.000
2.070730000,42.568650000,1717.000
2.070610000,42.568660000,1718.000
2.070460000,42.568710000,1719.000
2.070340000,42.568840000,1721.000
2.070240000,42.569040000,1722.000
2.070120000,42.569260000,1724.000
2.070000000,42.569430000,1726.000
2.069890000,42.569500000,1727.000
2.069800000,42.569510000,1728.000
2.069730000,42.569480000,1729.000
2.069690000,42.569410000,1730.000
2.069710000,42.569240000,1731.000
2.069840000,42.568630000,1734.000
2.069910000,42.568480000,1736.000
2.070030000,42.568260000,1738.000
2.070130000,42.568110000,1739.000
2.070180000,42.567990000,1741.000
2.070240000,42.567730000,1742.000
2.070300000,42.567360000,1743.000
2.070340000,42.567030000,1745.000
2.070330000,42.566790000,1747.000
2.070300000,42.566530000,1748.000
2.070290000,42.566330000,1750.000
2.070190000,42.565930000,1752.000
2.070130000,42.565770000,1754.000
2.070040000,42.565650000,1755.000
2.069760000,42.565300000,1758.000
2.069670000,42.565150000,1759.000
2.069620000,42.564980000,1761.000
2.069590000,42.564660000,1763.000
2.069520000,42.564330000,1765.000
2.069500000,42.564140000,1767.000
2.069500000,42.563970000,1769.000
2.069540000,42.563720000,1771.000
2.069600000,42.563300000,1773.000
2.069550000,42.563140000,1775.000
2.069390000,42.562960000,1776.000
2.069240000,42.562860000,1778.000
2.069120000,42.562820000,1779.000
2.068940000,42.562760000,1780.000
2.068710000,42.562720000,1781.000
2.068430000,42.562730000,1783.000
2.068140000,42.562770000,1784.000
2.067810000,42.562910000,1785.000
2.067410000,42.563090000,1787.000
2.067270000,42.563160000,1789.000
2.067020000,42.563240000,1790.000
2.066860000,42.563300000,1792.000
2.066780000,42.563350000,1793.000
2.066590000,42.563410000,1795.000
2.066460000,42.563430000,1796.000
2.066300000,42.563560000,1797.000
2.066190000,42.563660000,1799.000
        </coordinates>
      </LineString>
    </Placemark>
  </Document>
</kml>
