<?xml version="1.0" encoding="UTF-8"?>
<kml xmlns="http://www.opengis.net/kml/2.2">
  <Document>
    <name>Tour de France 2026 - Stage 20</name>
    <Style id="routeStyle">
      <LineStyle>
        <color>ff111111</color>
        <width>4</width>
      </LineStyle>
    </Style>
    <Placemark>
      <name>Tour de France 2026 - Stage 20</name>
      <styleUrl>#routeStyle</styleUrl>
      <LineString>
        <tessellate>1</tessellate>
        <coordinates>
6.009580000,45.097980000,712.000
6.009590000,45.098040000,712.000
6.009590000,45.098130000,712.000
6.009580000,45.098210000,712.000
6.009570000,45.098270000,712.000
6.009540000,45.098420000,712.000
6.009380000,45.099110000,712.000
6.008940000,45.101000000,712.000
6.008490000,45.102910000,712.000
6.008140000,45.104390000,712.000
6.008060000,45.104710000,712.000
6.008040000,45.104800000,712.000
6.007590000,45.106690000,711.000
6.007130000,45.108610000,711.000
6.006680000,45.110520000,710.000
6.006460000,45.111450000,710.000
6.006240000,45.112430000,710.000
6.006050000,45.113280000,710.000
6.005990000,45.113540000,710.000
6.005950000,45.113670000,710.000
6.005900000,45.113780000,711.000
6.005820000,45.113940000,711.000
6.005710000,45.114090000,711.000
6.005610000,45.114190000,711.000
6.005740000,45.114250000,711.000
6.005810000,45.114300000,711.000
6.005880000,45.114330000,712.000
6.006000000,45.114350000,712.000
6.006470000,45.114400000,712.000
6.007960000,45.114550000,713.000
6.008130000,45.114570000,713.000
6.011560000,45.114910000,713.000
6.011870000,45.114950000,713.000
6.012150000,45.115010000,713.000
6.012300000,45.115050000,713.000
6.012490000,45.115120000,713.000
6.012750000,45.115240000,712.000
6.012850000,45.115300000,712.000
6.012940000,45.115370000,712.000
6.013030000,45.115440000,711.000
6.013060000,45.115480000,711.000
6.013100000,45.115510000,711.000
6.013170000,45.115580000,711.000
6.013500000,45.115890000,710.000
6.013570000,45.115950000,710.000
6.014070000,45.116430000,711.000
6.014350000,45.116680000,711.000
6.014600000,45.116900000,712.000
6.014790000,45.117050000,712.000
6.014830000,45.117090000,713.000
6.014970000,45.117200000,713.000
6.015400000,45.117550000,714.000
6.015850000,45.117930000,714.000
6.016520000,45.118490000,714.000
6.016800000,45.118720000,714.000
6.016870000,45.118770000,714.000
6.017200000,45.119040000,713.000
6.017400000,45.119190000,713.000
6.017600000,45.119330000,713.000
6.017670000,45.119370000,713.000
6.017710000,45.119400000,713.000
6.017760000,45.119440000,713.000
6.018000000,45.119560000,713.000
6.018470000,45.119800000,713.000
6.018820000,45.119960000,713.000
6.019010000,45.120030000,713.000
6.019560000,45.120250000,713.000
6.020140000,45.120500000,713.000
6.020180000,45.120510000,713.000
6.020300000,45.120560000,713.000
6.020520000,45.120650000,714.000
6.020720000,45.120740000,714.000
6.020900000,45.120820000,714.000
6.021020000,45.120850000,715.000
6.021130000,45.120880000,715.000
6.021300000,45.120920000,715.000
6.021500000,45.120950000,715.000
6.021730000,45.120990000,716.000
6.021840000,45.121010000,716.000
6.021940000,45.121050000,716.000
6.022070000,45.121090000,716.000
6.022190000,45.121140000,716.000
6.022200000,45.121150000,716.000
6.022300000,45.121210000,716.000
6.022410000,45.121290000,716.000
6.022520000,45.121390000,716.000
6.022570000,45.121440000,716.000
6.022610000,45.121520000,716.000
6.022640000,45.121580000,716.000
6.022770000,45.121940000,716.000
6.022780000,45.121950000,716.000
6.022820000,45.122030000,716.000
6.022880000,45.122110000,715.000
6.022970000,45.122180000,715.000
6.023200000,45.122300000,715.000
6.023440000,45.122380000,715.000
6.023890000,45.122490000,715.000
6.024030000,45.122520000,715.000
6.024110000,45.122550000,715.000
6.024350000,45.122640000,715.000
6.024980000,45.122880000,715.000
6.026050000,45.123310000,716.000
6.026130000,45.123320000,716.000
6.026520000,45.123440000,717.000
6.026560000,45.123470000,717.000
6.026600000,45.123480000,717.000
6.026780000,45.123570000,717.000
6.026890000,45.123630000,718.000
6.026940000,45.123650000,718.000
6.026980000,45.123670000,718.000
6.027120000,45.123740000,718.000
6.027180000,45.123760000,718.000
6.027290000,45.123800000,719.000
6.027470000,45.123880000,719.000
6.027520000,45.123900000,719.000
6.027630000,45.123940000,719.000
6.027710000,45.123980000,719.000
6.028170000,45.124160000,720.000
6.028300000,45.124210000,720.000
6.028700000,45.124370000,721.000
6.029010000,45.124500000,721.000
6.029080000,45.124530000,721.000
6.029630000,45.124750000,721.000
6.029670000,45.124770000,722.000
6.030160000,45.124940000,722.000
6.030330000,45.125010000,722.000
6.030430000,45.125030000,722.000
6.030580000,45.125050000,722.000
6.030710000,45.125110000,722.000
6.030880000,45.125200000,722.000
6.030990000,45.125290000,722.000
6.031710000,45.125600000,723.000
6.031870000,45.125670000,723.000
6.032130000,45.125780000,723.000
6.032700000,45.126010000,723.000
6.033290000,45.126240000,724.000
6.033310000,45.126250000,724.000
6.034290000,45.126650000,724.000
6.034370000,45.126680000,724.000
6.034490000,45.126720000,724.000
6.034740000,45.126830000,724.000
6.035030000,45.126950000,724.000
6.035610000,45.127180000,724.000
6.035700000,45.127210000,724.000
6.036110000,45.127370000,724.000
6.036960000,45.127730000,724.000
6.037350000,45.127880000,724.000
6.037500000,45.127920000,725.000
6.037620000,45.127920000,725.000
6.037770000,45.127880000,725.000
6.037930000,45.127850000,725.000
6.038040000,45.127840000,725.000
6.038140000,45.127850000,726.000
6.038670000,45.128060000,726.000
6.038800000,45.128100000,726.000
6.038890000,45.128120000,727.000
6.038930000,45.128140000,727.000
6.039130000,45.128230000,727.000
6.039340000,45.128320000,728.000
6.039390000,45.128340000,728.000
6.039520000,45.128430000,728.000
6.039560000,45.128450000,729.000
6.039600000,45.128460000,729.000
6.039710000,45.128510000,729.000
6.040040000,45.128660000,729.000
6.040040000,45.128660000,730.000
6.040200000,45.128730000,730.000
6.040230000,45.128740000,730.000
6.040270000,45.128760000,730.000
6.040300000,45.128770000,731.000
6.040430000,45.128830000,731.000
6.040610000,45.128910000,731.000
6.040710000,45.128950000,732.000
6.040830000,45.129010000,732.000
6.040900000,45.129040000,733.000
6.041190000,45.129170000,734.000
6.041360000,45.129210000,734.000
6.041440000,45.129220000,735.000
6.041540000,45.129230000,736.000
6.041660000,45.129220000,736.000
6.041800000,45.129200000,737.000
6.041910000,45.129150000,737.000
6.043540000,45.128350000,740.000
6.043640000,45.128280000,742.000
6.043760000,45.128060000,744.000
6.043820000,45.128020000,745.000
6.043870000,45.128000000,746.000
6.043960000,45.127980000,747.000
6.044040000,45.127980000,747.000
6.044110000,45.128020000,748.000
6.044150000,45.128050000,748.000
6.044160000,45.128100000,748.000
6.044160000,45.128130000,748.000
6.044120000,45.128180000,749.000
6.044030000,45.128260000,749.000
6.042260000,45.129650000,751.000
6.041470000,45.130270000,755.000
6.041370000,45.130340000,757.000
6.041200000,45.130400000,759.000
6.040840000,45.130500000,761.000
6.040770000,45.130550000,763.000
6.040760000,45.130570000,764.000
6.040780000,45.130590000,765.000
6.040790000,45.130610000,765.000
6.040790000,45.130640000,766.000
6.040770000,45.130650000,766.000
6.040780000,45.130680000,766.000
6.040840000,45.130730000,767.000
6.040900000,45.130760000,767.000
6.040950000,45.130770000,767.000
6.041010000,45.130770000,768.000
6.041070000,45.130740000,768.000
6.041180000,45.130680000,769.000
6.042990000,45.129560000,768.000
6.044280000,45.128770000,768.000
6.045190000,45.128210000,770.000
6.045300000,45.128140000,772.000
6.045440000,45.128080000,773.000
6.045560000,45.128080000,775.000
6.045660000,45.128110000,776.000
6.045770000,45.128170000,777.000
6.045950000,45.128280000,778.000
6.046910000,45.128910000,781.000
6.047520000,45.129300000,783.000
6.047660000,45.129390000,784.000
6.047840000,45.129610000,784.000
6.047890000,45.129750000,785.000
6.047930000,45.129900000,785.000
6.047980000,45.130100000,784.000
6.048040000,45.130280000,784.000
6.048440000,45.131680000,783.000
6.048600000,45.132280000,780.000
6.048990000,45.133850000,774.000
6.049530000,45.135990000,775.000
6.049540000,45.136080000,777.000
6.049530000,45.136210000,778.000
6.049500000,45.136310000,778.000
6.049460000,45.136400000,779.000
6.049380000,45.136500000,780.000
6.049050000,45.136910000,781.000
6.048670000,45.137370000,782.000
6.048540000,45.137600000,784.000
6.048480000,45.137770000,785.000
6.048440000,45.137930000,786.000
6.048420000,45.138100000,786.000
6.048440000,45.138250000,786.000
6.048490000,45.138390000,786.000
6.048560000,45.138590000,785.000
6.048700000,45.138840000,785.000
6.048920000,45.139300000,784.000
6.048970000,45.139460000,783.000
6.048970000,45.139730000,782.000
6.048930000,45.140030000,783.000
6.048930000,45.140210000,784.000
6.048980000,45.140470000,786.000
6.049030000,45.140780000,789.000
6.049090000,45.140990000,792.000
6.049300000,45.141430000,796.000
6.049660000,45.142080000,802.000
6.050020000,45.142650000,803.000
6.050350000,45.143110000,801.000
6.050590000,45.143410000,799.000
6.050860000,45.143650000,796.000
6.051010000,45.143790000,793.000
6.051140000,45.143940000,792.000
6.051240000,45.144080000,792.000
6.051360000,45.144290000,793.000
6.051420000,45.144380000,794.000
6.051480000,45.144460000,795.000
6.051550000,45.144520000,796.000
6.051620000,45.144560000,797.000
6.051680000,45.144590000,798.000
6.051750000,45.144610000,799.000
6.051810000,45.144620000,800.000
6.051890000,45.144620000,801.000
6.051970000,45.144620000,801.000
6.052010000,45.144610000,802.000
6.052090000,45.144600000,803.000
6.052170000,45.144570000,803.000
6.052430000,45.144490000,805.000
6.052560000,45.144450000,806.000
6.052720000,45.144410000,808.000
6.052830000,45.144400000,809.000
6.052930000,45.144390000,810.000
6.053050000,45.144400000,810.000
6.053210000,45.144410000,811.000
6.053460000,45.144450000,811.000
6.053670000,45.144480000,811.000
6.053880000,45.144520000,810.000
6.054010000,45.144560000,810.000
6.054120000,45.144600000,810.000
6.054200000,45.144650000,810.000
6.054280000,45.144710000,810.000
6.054360000,45.144780000,810.000
6.054420000,45.144870000,810.000
6.054450000,45.144940000,810.000
6.054480000,45.145010000,809.000
6.054480000,45.145080000,809.000
6.054490000,45.145130000,809.000
6.054480000,45.145190000,809.000
6.054470000,45.145240000,809.000
6.054440000,45.145290000,809.000
6.054410000,45.145340000,809.000
6.054360000,45.145390000,809.000
6.054320000,45.145440000,809.000
6.054250000,45.145500000,809.000
6.054190000,45.145540000,808.000
6.054100000,45.145590000,808.000
6.054020000,45.145630000,808.000
6.053860000,45.145700000,808.000
6.053760000,45.145730000,808.000
6.053640000,45.145760000,808.000
6.053540000,45.145790000,808.000
6.053350000,45.145820000,808.000
6.053000000,45.145860000,808.000
6.052360000,45.145930000,807.000
6.051970000,45.145980000,807.000
6.051880000,45.146000000,807.000
6.051800000,45.146020000,807.000
6.051730000,45.146060000,807.000
6.051660000,45.146090000,807.000
6.051600000,45.146130000,807.000
6.051510000,45.146200000,807.000
6.051440000,45.146270000,807.000
6.051400000,45.146330000,808.000
6.051370000,45.146380000,808.000
6.051350000,45.146450000,808.000
6.051250000,45.146450000,808.000
6.051200000,45.146470000,808.000
6.051160000,45.146490000,808.000
6.051050000,45.146570000,809.000
6.050980000,45.146630000,809.000
6.050920000,45.146700000,809.000
6.050860000,45.146780000,809.000
6.050830000,45.146840000,809.000
6.050810000,45.146880000,810.000
6.050800000,45.147010000,810.000
6.050790000,45.147110000,810.000
6.050740000,45.147220000,810.000
6.050700000,45.147300000,811.000
6.050640000,45.147360000,811.000
6.050540000,45.147460000,811.000
6.050420000,45.147550000,811.000
6.050140000,45.147740000,810.000
6.050100000,45.147770000,809.000
6.050020000,45.147820000,809.000
6.049900000,45.147910000,808.000
6.049820000,45.147960000,807.000
6.049730000,45.148000000,807.000
6.049660000,45.148030000,806.000
6.049500000,45.148070000,805.000
6.049350000,45.148100000,805.000
6.049180000,45.148130000,804.000
6.049060000,45.148160000,803.000
6.048940000,45.148190000,802.000
6.048850000,45.148230000,802.000
6.048780000,45.148270000,801.000
6.048730000,45.148310000,801.000
6.048690000,45.148350000,800.000
6.048630000,45.148440000,799.000
6.048570000,45.148530000,799.000
6.048510000,45.148650000,798.000
6.048440000,45.148790000,798.000
6.048400000,45.148900000,798.000
6.048370000,45.149020000,798.000
6.048340000,45.149250000,798.000
6.048290000,45.149730000,798.000
6.048240000,45.149840000,798.000
6.048170000,45.149940000,798.000
6.048030000,45.150180000,798.000
6.047880000,45.150410000,798.000
6.047810000,45.150510000,797.000
6.047280000,45.151350000,797.000
6.047200000,45.151480000,796.000
6.047130000,45.151580000,795.000
6.047050000,45.151680000,795.000
6.046960000,45.151760000,794.000
6.046850000,45.151850000,794.000
6.046770000,45.151910000,794.000
6.046700000,45.151970000,793.000
6.046640000,45.152020000,793.000
6.046580000,45.152070000,793.000
6.046520000,45.152130000,793.000
6.046470000,45.152190000,793.000
6.046420000,45.152290000,794.000
6.046310000,45.152610000,795.000
6.046280000,45.152670000,796.000
6.046240000,45.152730000,797.000
6.046190000,45.152800000,797.000
6.046100000,45.152900000,798.000
6.046000000,45.152990000,799.000
6.045770000,45.153210000,800.000
6.045660000,45.153330000,801.000
6.045610000,45.153410000,802.000
6.045560000,45.153490000,803.000
6.045530000,45.153570000,804.000
6.045520000,45.153600000,805.000
6.045510000,45.153700000,805.000
6.045470000,45.154010000,806.000
6.045440000,45.154240000,807.000
6.045410000,45.154530000,809.000
6.045380000,45.154630000,810.000
6.045300000,45.154820000,811.000
6.045250000,45.154930000,812.000
6.045220000,45.155030000,813.000
6.045200000,45.155130000,814.000
6.045180000,45.155210000,814.000
6.045150000,45.155290000,815.000
6.045100000,45.155370000,815.000
6.045040000,45.155450000,816.000
6.044980000,45.155500000,816.000
6.044900000,45.155550000,817.000
6.044830000,45.155590000,818.000
6.044750000,45.155640000,819.000
6.044680000,45.155690000,819.000
6.044620000,45.155750000,820.000
6.044530000,45.155880000,821.000
6.044380000,45.156080000,823.000
6.044320000,45.156180000,825.000
6.044290000,45.156260000,826.000
6.044250000,45.156340000,827.000
6.044180000,45.156460000,829.000
6.044120000,45.156540000,830.000
6.043990000,45.156700000,831.000
6.043700000,45.157040000,834.000
6.043600000,45.157160000,837.000
6.043550000,45.157220000,838.000
6.043510000,45.157280000,840.000
6.043480000,45.157350000,841.000
6.043450000,45.157440000,843.000
6.043420000,45.157570000,844.000
6.043330000,45.157940000,847.000
6.043300000,45.158050000,849.000
6.043270000,45.158130000,851.000
6.043230000,45.158210000,853.000
6.043180000,45.158290000,854.000
6.043120000,45.158360000,856.000
6.043030000,45.158480000,857.000
6.042970000,45.158590000,859.000
6.042950000,45.158670000,860.000
6.042930000,45.158800000,861.000
6.042930000,45.158960000,863.000
6.042910000,45.159090000,865.000
6.042880000,45.159170000,866.000
6.042850000,45.159230000,867.000
6.042770000,45.159430000,869.000
6.042550000,45.159840000,872.000
6.042350000,45.160120000,875.000
6.042210000,45.160400000,878.000
6.042100000,45.160670000,882.000
6.042030000,45.160940000,884.000
6.042020000,45.161260000,886.000
6.042070000,45.161600000,887.000
6.042190000,45.162060000,888.000
6.042240000,45.162350000,889.000
6.042260000,45.162720000,889.000
6.042160000,45.163440000,892.000
6.042140000,45.163830000,896.000
6.042140000,45.164150000,899.000
6.042120000,45.164330000,902.000
6.042080000,45.164530000,905.000
6.042040000,45.164740000,907.000
6.041980000,45.165010000,910.000
6.042010000,45.165270000,912.000
6.042010000,45.165480000,915.000
6.041990000,45.165630000,916.000
6.041890000,45.165810000,918.000
6.041800000,45.165930000,920.000
6.041770000,45.166180000,922.000
6.041790000,45.166530000,924.000
6.041730000,45.166900000,926.000
6.041560000,45.167250000,928.000
6.041490000,45.167510000,930.000
6.041230000,45.168050000,932.000
6.041150000,45.168160000,934.000
6.041070000,45.168260000,935.000
6.040940000,45.168400000,936.000
6.040740000,45.168540000,937.000
6.040420000,45.168690000,939.000
6.040150000,45.168840000,940.000
6.040040000,45.168950000,941.000
6.039890000,45.169110000,942.000
6.039790000,45.169300000,944.000
6.039740000,45.169480000,945.000
6.039730000,45.169600000,946.000
6.039730000,45.169670000,947.000
6.039670000,45.169840000,948.000
6.039500000,45.170100000,949.000
6.039280000,45.170330000,951.000
6.039080000,45.170570000,954.000
6.038920000,45.170870000,956.000
6.038680000,45.171260000,960.000
6.038400000,45.171700000,964.000
6.038190000,45.172000000,967.000
6.038110000,45.172140000,969.000
6.038110000,45.172140000,971.000
6.038080000,45.172200000,972.000
6.038040000,45.172380000,973.000
6.037950000,45.172630000,974.000
6.037870000,45.172850000,975.000
6.037820000,45.173100000,976.000
6.037800000,45.173480000,978.000
6.037790000,45.173740000,980.000
6.037700000,45.173930000,982.000
6.037560000,45.174160000,985.000
6.037400000,45.174330000,987.000
6.037230000,45.174500000,990.000
6.037140000,45.174690000,993.000
6.037050000,45.174970000,996.000
6.037060000,45.175220000,999.000
6.037060000,45.175340000,1001.000
6.037020000,45.175480000,1003.000
6.036970000,45.175600000,1005.000
6.036880000,45.175750000,1006.000
6.036870000,45.175890000,1007.000
6.036920000,45.176190000,1008.000
6.036910000,45.176360000,1009.000
6.036820000,45.176490000,1011.000
6.036690000,45.176640000,1012.000
6.036350000,45.176920000,1013.000
6.036290000,45.177020000,1014.000
6.036280000,45.177100000,1015.000
6.036290000,45.177130000,1015.000
6.036300000,45.177200000,1016.000
6.036350000,45.177280000,1016.000
6.036460000,45.177400000,1017.000
6.036630000,45.177600000,1018.000
6.036750000,45.177750000,1019.000
6.036760000,45.177870000,1019.000
6.036630000,45.178090000,1020.000
6.036590000,45.178180000,1021.000
6.036560000,45.178200000,1022.000
6.036540000,45.178330000,1022.000
6.036560000,45.178510000,1023.000
6.036620000,45.178710000,1024.000
6.036600000,45.178930000,1026.000
6.036520000,45.179110000,1028.000
6.036360000,45.179340000,1031.000
6.036170000,45.179570000,1034.000
6.035940000,45.179850000,1039.000
6.035800000,45.180090000,1043.000
6.035680000,45.180370000,1047.000
6.035140000,45.181640000,1058.000
6.035030000,45.181940000,1066.000
6.034940000,45.182320000,1074.000
6.034930000,45.182660000,1080.000
6.034930000,45.182970000,1085.000
6.034890000,45.183260000,1088.000
6.034630000,45.184460000,1093.000
6.034470000,45.185520000,1101.000
6.034390000,45.185760000,1108.000
6.034290000,45.185970000,1113.000
6.034070000,45.186360000,1119.000
6.033880000,45.186780000,1124.000
6.033830000,45.186910000,1127.000
6.033810000,45.186980000,1130.000
6.033820000,45.187150000,1132.000
6.033940000,45.187370000,1134.000
6.034190000,45.187680000,1137.000
6.034800000,45.188490000,1141.000
6.035180000,45.189070000,1146.000
6.035330000,45.189550000,1152.000
6.035470000,45.189790000,1156.000
6.035670000,45.190090000,1160.000
6.035830000,45.190470000,1165.000
6.035980000,45.191010000,1170.000
6.036130000,45.191550000,1175.000
6.036230000,45.191800000,1179.000
6.036340000,45.191990000,1182.000
6.036440000,45.192090000,1185.000
6.036500000,45.192240000,1188.000
6.036530000,45.192510000,1190.000
6.036570000,45.192820000,1192.000
6.036740000,45.193060000,1195.000
6.037340000,45.193540000,1198.000
6.037460000,45.193710000,1200.000
6.037620000,45.193960000,1203.000
6.037850000,45.194380000,1207.000
6.037930000,45.194560000,1210.000
6.037960000,45.194770000,1213.000
6.037960000,45.195030000,1217.000
6.038010000,45.195180000,1220.000
6.038190000,45.195410000,1223.000
6.038390000,45.195660000,1227.000
6.038590000,45.195900000,1231.000
6.038710000,45.196020000,1234.000
6.038750000,45.196150000,1236.000
6.038770000,45.196270000,1238.000
6.038800000,45.196530000,1241.000
6.038860000,45.196950000,1244.000
6.038990000,45.197650000,1249.000
6.039120000,45.198080000,1253.000
6.039230000,45.198410000,1255.000
6.039330000,45.198610000,1257.000
6.039350000,45.198700000,1258.000
6.039350000,45.198780000,1259.000
6.039320000,45.198890000,1259.000
6.039270000,45.199060000,1260.000
6.039250000,45.199130000,1260.000
6.039230000,45.199380000,1260.000
6.039160000,45.199480000,1260.000
6.039130000,45.199550000,1260.000
6.039110000,45.199610000,1260.000
6.039090000,45.199680000,1260.000
6.039090000,45.199750000,1261.000
6.039110000,45.199880000,1261.000
6.039150000,45.200070000,1261.000
6.039170000,45.200180000,1261.000
6.039200000,45.200290000,1261.000
6.039240000,45.200370000,1261.000
6.039310000,45.200530000,1261.000
6.039390000,45.200680000,1261.000
6.039460000,45.200810000,1261.000
6.039480000,45.200880000,1261.000
6.039500000,45.200990000,1261.000
6.039510000,45.201100000,1261.000
6.039510000,45.201250000,1261.000
6.039510000,45.201380000,1262.000
6.039520000,45.201470000,1262.000
6.039530000,45.201550000,1262.000
6.039540000,45.201580000,1263.000
6.039570000,45.201630000,1263.000
6.039590000,45.201660000,1263.000
6.039690000,45.201760000,1264.000
6.039770000,45.201830000,1264.000
6.040080000,45.202070000,1265.000
6.040170000,45.202180000,1266.000
6.040280000,45.202320000,1267.000
6.040310000,45.202360000,1267.000
6.040320000,45.202400000,1268.000
6.040330000,45.202500000,1268.000
6.040330000,45.202560000,1269.000
6.040310000,45.202610000,1269.000
6.040280000,45.202670000,1269.000
6.040260000,45.202730000,1270.000
6.040240000,45.202790000,1270.000
6.040230000,45.202840000,1271.000
6.040210000,45.202900000,1271.000
6.040210000,45.202960000,1271.000
6.040220000,45.203010000,1271.000
6.040240000,45.203070000,1271.000
6.040260000,45.203110000,1272.000
6.040290000,45.203140000,1272.000
6.040320000,45.203180000,1272.000
6.040370000,45.203230000,1272.000
6.040420000,45.203270000,1272.000
6.040470000,45.203310000,1272.000
6.040520000,45.203340000,1272.000
6.040640000,45.203410000,1272.000
6.040650000,45.203420000,1272.000
6.040680000,45.203450000,1272.000
6.040780000,45.203550000,1272.000
6.040860000,45.203630000,1272.000
6.041350000,45.204080000,1273.000
6.041540000,45.204280000,1273.000
6.041580000,45.204320000,1273.000
6.041630000,45.204370000,1273.000
6.041690000,45.204430000,1273.000
6.041800000,45.204500000,1273.000
6.041840000,45.204520000,1274.000
6.041920000,45.204560000,1274.000
6.042000000,45.204600000,1274.000
6.042260000,45.204700000,1274.000
6.042490000,45.204770000,1274.000
6.042680000,45.204840000,1274.000
6.043050000,45.204990000,1274.000
6.043140000,45.205030000,1274.000
6.043230000,45.205080000,1275.000
6.043300000,45.205140000,1275.000
6.043330000,45.205170000,1275.000
6.043360000,45.205210000,1275.000
6.043410000,45.205270000,1275.000
6.043540000,45.205460000,1275.000
6.043630000,45.205720000,1275.000
6.043680000,45.205840000,1275.000
6.043750000,45.206040000,1275.000
6.043910000,45.206290000,1275.000
6.043970000,45.206350000,1275.000
6.044270000,45.206610000,1275.000
6.044500000,45.206860000,1275.000
6.044610000,45.207030000,1275.000
6.044690000,45.207180000,1275.000
6.044750000,45.207350000,1275.000
6.044790000,45.207470000,1276.000
6.044810000,45.207980000,1277.000
6.044830000,45.208060000,1279.000
6.044860000,45.208130000,1280.000
6.044960000,45.208220000,1281.000
6.045200000,45.208330000,1282.000
6.045380000,45.208440000,1283.000
6.045490000,45.208570000,1284.000
6.045520000,45.208680000,1285.000
6.045480000,45.208790000,1286.000
6.045390000,45.208950000,1287.000
6.045230000,45.209210000,1288.000
6.045220000,45.209290000,1289.000
6.045250000,45.209360000,1289.000
6.045330000,45.209430000,1289.000
6.045400000,45.209450000,1289.000
6.045480000,45.209470000,1290.000
6.045670000,45.209470000,1290.000
6.046070000,45.209430000,1290.000
6.046220000,45.209420000,1290.000
6.046340000,45.209440000,1290.000
6.046460000,45.209510000,1290.000
6.046530000,45.209590000,1290.000
6.046560000,45.209730000,1290.000
6.046570000,45.209860000,1290.000
6.046620000,45.209980000,1290.000
6.046760000,45.210100000,1290.000
6.046900000,45.210230000,1289.000
6.046980000,45.210300000,1288.000
6.047040000,45.210400000,1287.000
6.047090000,45.210580000,1286.000
6.047130000,45.210680000,1284.000
6.047210000,45.210780000,1283.000
6.047450000,45.211150000,1281.000
6.047510000,45.211210000,1279.000
6.047570000,45.211240000,1277.000
6.047630000,45.211260000,1276.000
6.047720000,45.211270000,1275.000
6.047830000,45.211260000,1274.000
6.047930000,45.211230000,1273.000
6.048040000,45.211150000,1272.000
6.048150000,45.211070000,1272.000
6.048260000,45.210950000,1272.000
6.048350000,45.210890000,1272.000
6.048450000,45.210860000,1272.000
6.048780000,45.210810000,1272.000
6.049390000,45.210750000,1273.000
6.049530000,45.210760000,1273.000
6.049630000,45.210780000,1274.000
6.049760000,45.210840000,1274.000
6.049870000,45.210930000,1275.000
6.050060000,45.211070000,1275.000
6.050190000,45.211150000,1276.000
6.050300000,45.211170000,1276.000
6.050390000,45.211180000,1276.000
6.050510000,45.211170000,1275.000
6.050600000,45.211150000,1275.000
6.050750000,45.211080000,1275.000
6.050890000,45.210950000,1274.000
6.050990000,45.210860000,1273.000
6.051120000,45.210790000,1273.000
6.051330000,45.210770000,1272.000
6.051590000,45.210790000,1271.000
6.052250000,45.210870000,1269.000
6.052620000,45.210930000,1268.000
6.052870000,45.210930000,1266.000
6.053230000,45.210920000,1265.000
6.054100000,45.210860000,1263.000
6.054670000,45.210830000,1260.000
6.054980000,45.210810000,1258.000
6.055180000,45.210820000,1257.000
6.055420000,45.210880000,1255.000
6.055590000,45.210890000,1253.000
6.055800000,45.210880000,1252.000
6.056050000,45.210850000,1250.000
6.056380000,45.210830000,1248.000
6.056770000,45.210850000,1246.000
6.056810000,45.210850000,1244.000
6.056860000,45.210840000,1243.000
6.056890000,45.210830000,1242.000
6.056910000,45.210820000,1241.000
6.056930000,45.210810000,1241.000
6.056930000,45.210800000,1240.000
6.056940000,45.210780000,1240.000
6.056930000,45.210770000,1240.000
6.056920000,45.210760000,1240.000
6.056910000,45.210750000,1239.000
6.056890000,45.210730000,1239.000
6.056860000,45.210720000,1239.000
6.056820000,45.210710000,1239.000
6.056700000,45.210700000,1238.000
6.056250000,45.210610000,1237.000
6.056030000,45.210570000,1235.000
6.055890000,45.210560000,1233.000
6.055670000,45.210550000,1232.000
6.055580000,45.210540000,1231.000
6.055540000,45.210530000,1230.000
6.055510000,45.210520000,1229.000
6.055490000,45.210510000,1228.000
6.055480000,45.210500000,1228.000
6.055470000,45.210480000,1227.000
6.055480000,45.210460000,1227.000
6.055490000,45.210440000,1227.000
6.055510000,45.210430000,1226.000
6.055550000,45.210410000,1226.000
6.055610000,45.210400000,1226.000
6.055870000,45.210360000,1225.000
6.056570000,45.210200000,1222.000
6.056910000,45.210170000,1219.000
6.057200000,45.210170000,1217.000
6.057290000,45.210150000,1215.000
6.057310000,45.210110000,1213.000
6.057260000,45.210060000,1212.000
6.057170000,45.210000000,1211.000
6.056220000,45.209800000,1207.000
6.055920000,45.209760000,1204.000
6.055700000,45.209750000,1201.000
6.055410000,45.209780000,1199.000
6.055240000,45.209800000,1196.000
6.055130000,45.209790000,1195.000
6.055090000,45.209750000,1193.000
6.055110000,45.209680000,1192.000
6.055200000,45.209640000,1191.000
6.055530000,45.209520000,1190.000
6.056120000,45.209410000,1189.000
6.056700000,45.209340000,1187.000
6.057240000,45.209260000,1186.000
6.057420000,45.209200000,1185.000
6.057560000,45.209090000,1184.000
6.057630000,45.208950000,1184.000
6.057680000,45.208870000,1184.000
6.057810000,45.208800000,1185.000
6.058090000,45.208690000,1187.000
6.058490000,45.208610000,1191.000
6.059360000,45.208460000,1196.000
6.062870000,45.207900000,1215.000
6.063610000,45.207870000,1228.000
6.063900000,45.207850000,1238.000
6.064260000,45.207750000,1245.000
6.064720000,45.207590000,1250.000
6.065080000,45.207380000,1255.000
6.065660000,45.207160000,1259.000
6.065880000,45.207060000,1263.000
6.066280000,45.206790000,1268.000
6.068110000,45.205860000,1280.000
6.068290000,45.205800000,1288.000
6.068670000,45.205760000,1294.000
6.068980000,45.205670000,1297.000
6.071430000,45.204750000,1300.000
6.071900000,45.204690000,1302.000
6.072170000,45.204590000,1304.000
6.072380000,45.204500000,1305.000
6.072660000,45.204310000,1306.000
6.072840000,45.204280000,1307.000
6.072960000,45.204280000,1308.000
6.073020000,45.204300000,1309.000
6.073410000,45.204380000,1309.000
6.073550000,45.204380000,1310.000
6.073670000,45.204340000,1310.000
6.074370000,45.203900000,1311.000
6.074550000,45.203810000,1313.000
6.074990000,45.203740000,1315.000
6.075190000,45.203640000,1318.000
6.075520000,45.203350000,1321.000
6.075960000,45.202860000,1326.000
6.076120000,45.202730000,1330.000
6.076410000,45.202570000,1334.000
6.076630000,45.202420000,1337.000
6.076720000,45.202280000,1339.000
6.076730000,45.202180000,1341.000
6.076670000,45.201990000,1343.000
6.076650000,45.201910000,1345.000
6.076700000,45.201840000,1346.000
6.076810000,45.201850000,1347.000
6.076880000,45.201920000,1348.000
6.077070000,45.202190000,1349.000
6.077110000,45.202310000,1351.000
6.077060000,45.202500000,1352.000
6.076840000,45.202880000,1354.000
6.076490000,45.203430000,1357.000
6.076350000,45.203590000,1360.000
6.076300000,45.203650000,1362.000
6.076310000,45.203710000,1364.000
6.076380000,45.203750000,1365.000
6.076460000,45.203730000,1366.000
6.076540000,45.203660000,1367.000
6.077690000,45.202620000,1371.000
6.078460000,45.201860000,1383.000
6.078730000,45.201570000,1394.000
6.078910000,45.201480000,1403.000
6.079140000,45.201450000,1411.000
6.079900000,45.201400000,1421.000
6.080170000,45.201360000,1427.000
6.080800000,45.201210000,1430.000
6.081100000,45.201170000,1431.000
6.081520000,45.201140000,1431.000
6.082610000,45.201290000,1429.000
6.083200000,45.201280000,1430.000
6.083460000,45.201200000,1431.000
6.083730000,45.201080000,1433.000
6.084170000,45.201010000,1436.000
6.084440000,45.201000000,1438.000
6.084930000,45.201140000,1442.000
6.085280000,45.201260000,1445.000
6.085480000,45.201340000,1448.000
6.086250000,45.201770000,1452.000
6.086670000,45.202110000,1456.000
6.087690000,45.203050000,1462.000
6.087890000,45.203220000,1466.000
6.088130000,45.203380000,1469.000
6.088400000,45.203490000,1471.000
6.088670000,45.203590000,1473.000
6.089620000,45.203840000,1475.000
6.089780000,45.203850000,1476.000
6.090040000,45.203780000,1477.000
6.090230000,45.203740000,1478.000
6.090350000,45.203720000,1480.000
6.090530000,45.203730000,1481.000
6.090650000,45.203740000,1482.000
6.090850000,45.203800000,1483.000
6.091080000,45.203920000,1484.000
6.091240000,45.204000000,1486.000
6.091470000,45.204050000,1487.000
6.091800000,45.204080000,1489.000
6.092110000,45.204140000,1491.000
6.092840000,45.204320000,1494.000
6.093120000,45.204410000,1497.000
6.093610000,45.204590000,1499.000
6.093990000,45.204650000,1501.000
6.094160000,45.204670000,1503.000
6.094390000,45.204700000,1504.000
6.094610000,45.204710000,1506.000
6.095140000,45.204670000,1507.000
6.096370000,45.204550000,1510.000
6.096610000,45.204530000,1513.000
6.096810000,45.204560000,1515.000
6.097250000,45.204590000,1519.000
6.097510000,45.204560000,1522.000
6.098510000,45.204370000,1528.000
6.098940000,45.204350000,1533.000
6.099400000,45.204360000,1538.000
6.100360000,45.204440000,1542.000
6.101760000,45.204540000,1548.000
6.102040000,45.204610000,1552.000
6.102560000,45.204850000,1556.000
6.102850000,45.204980000,1559.000
6.103090000,45.205050000,1562.000
6.103930000,45.205330000,1566.000
6.105010000,45.205570000,1570.000
6.106070000,45.205980000,1578.000
6.106890000,45.206340000,1588.000
6.107100000,45.206430000,1595.000
6.107260000,45.206480000,1600.000
6.107630000,45.206580000,1604.000
6.108150000,45.206730000,1607.000
6.108440000,45.206750000,1609.000
6.108670000,45.206740000,1610.000
6.108800000,45.206750000,1611.000
6.108880000,45.206790000,1612.000
6.108910000,45.206810000,1612.000
6.108930000,45.206850000,1612.000
6.108940000,45.206900000,1612.000
6.108890000,45.206940000,1613.000
6.108830000,45.206950000,1613.000
6.108710000,45.206940000,1613.000
6.108480000,45.206870000,1613.000
6.108250000,45.206830000,1613.000
6.108040000,45.206780000,1614.000
6.107760000,45.206750000,1615.000
6.107410000,45.206740000,1617.000
6.106970000,45.206670000,1620.000
6.106290000,45.206550000,1624.000
6.106070000,45.206510000,1627.000
6.105650000,45.206500000,1631.000
6.105510000,45.206460000,1633.000
6.105180000,45.206310000,1634.000
6.104990000,45.206230000,1634.000
6.104720000,45.206170000,1634.000
6.104250000,45.206090000,1633.000
6.104090000,45.206050000,1632.000
6.103790000,45.205910000,1631.000
6.103480000,45.205710000,1630.000
6.103320000,45.205660000,1629.000
6.103240000,45.205660000,1628.000
6.103140000,45.205710000,1629.000
6.103140000,45.205780000,1629.000
6.103170000,45.205820000,1630.000
6.103210000,45.205850000,1630.000
6.103390000,45.205870000,1632.000
6.103550000,45.205890000,1633.000
6.104000000,45.206090000,1636.000
6.104270000,45.206210000,1640.000
6.104610000,45.206320000,1644.000
6.104950000,45.206500000,1648.000
6.105440000,45.206810000,1654.000
6.105710000,45.206910000,1658.000
6.106180000,45.207030000,1661.000
6.106560000,45.207140000,1664.000
6.107230000,45.207420000,1666.000
6.107370000,45.207450000,1668.000
6.107510000,45.207470000,1669.000
6.108010000,45.207520000,1671.000
6.108190000,45.207550000,1672.000
6.108640000,45.207710000,1673.000
6.108970000,45.207800000,1673.000
6.109220000,45.207860000,1674.000
6.109420000,45.207900000,1674.000
6.109670000,45.207880000,1675.000
6.109990000,45.207840000,1675.000
6.110220000,45.207820000,1675.000
6.110650000,45.207830000,1676.000
6.110930000,45.207810000,1677.000
6.111540000,45.207730000,1679.000
6.111770000,45.207730000,1681.000
6.112000000,45.207750000,1683.000
6.112750000,45.207910000,1687.000
6.112910000,45.207930000,1689.000
6.113070000,45.207930000,1692.000
6.113360000,45.207870000,1694.000
6.113510000,45.207850000,1696.000
6.113730000,45.207880000,1698.000
6.114140000,45.208000000,1701.000
6.114380000,45.208040000,1703.000
6.114620000,45.208060000,1706.000
6.114730000,45.208100000,1708.000
6.114840000,45.208150000,1710.000
6.115080000,45.208240000,1712.000
6.115340000,45.208320000,1714.000
6.115510000,45.208350000,1716.000
6.116180000,45.208450000,1719.000
6.116780000,45.208490000,1721.000
6.117080000,45.208510000,1721.000
6.117320000,45.208510000,1720.000
6.117790000,45.208460000,1719.000
6.118260000,45.208430000,1717.000
6.118420000,45.208450000,1715.000
6.118520000,45.208480000,1714.000
6.118890000,45.208600000,1712.000
6.119130000,45.208630000,1711.000
6.119420000,45.208620000,1710.000
6.119860000,45.208580000,1710.000
6.119980000,45.208580000,1710.000
6.120150000,45.208580000,1710.000
6.120410000,45.208620000,1711.000
6.120820000,45.208700000,1711.000
6.121410000,45.208850000,1711.000
6.121740000,45.208930000,1713.000
6.121990000,45.209020000,1714.000
6.122350000,45.209170000,1716.000
6.122420000,45.209200000,1717.000
6.122880000,45.209410000,1719.000
6.123340000,45.209590000,1722.000
6.124030000,45.209850000,1726.000
6.124780000,45.210080000,1728.000
6.125180000,45.210160000,1730.000
6.125450000,45.210210000,1731.000
6.125770000,45.210310000,1732.000
6.126040000,45.210410000,1733.000
6.126240000,45.210500000,1733.000
6.126380000,45.210580000,1734.000
6.126860000,45.210820000,1735.000
6.127230000,45.211000000,1736.000
6.127410000,45.211130000,1737.000
6.127560000,45.211280000,1738.000
6.127650000,45.211480000,1739.000
6.127720000,45.211660000,1740.000
6.127850000,45.211800000,1741.000
6.128110000,45.211950000,1742.000
6.128450000,45.212080000,1743.000
6.128610000,45.212160000,1743.000
6.128750000,45.212260000,1744.000
6.129010000,45.212490000,1745.000
6.129680000,45.213080000,1747.000
6.129970000,45.213360000,1748.000
6.130440000,45.213840000,1751.000
6.130710000,45.214120000,1754.000
6.130960000,45.214310000,1756.000
6.131100000,45.214440000,1759.000
6.131250000,45.214650000,1761.000
6.131440000,45.215050000,1763.000
6.131700000,45.215510000,1766.000
6.132110000,45.216070000,1770.000
6.132580000,45.216650000,1774.000
6.132770000,45.216860000,1776.000
6.133140000,45.217230000,1779.000
6.133350000,45.217480000,1780.000
6.133800000,45.218080000,1782.000
6.134310000,45.218780000,1784.000
6.134660000,45.219140000,1786.000
6.135070000,45.219580000,1788.000
6.135490000,45.220010000,1790.000
6.135630000,45.220220000,1791.000
6.135880000,45.220690000,1793.000
6.136050000,45.220960000,1794.000
6.136280000,45.221220000,1794.000
6.136410000,45.221370000,1794.000
6.136500000,45.221520000,1794.000
6.136620000,45.221740000,1793.000
6.136760000,45.222000000,1793.000
6.136940000,45.222160000,1792.000
6.137120000,45.222290000,1792.000
6.137310000,45.222390000,1791.000
6.137730000,45.222550000,1789.000
6.138180000,45.222730000,1787.000
6.138510000,45.222880000,1785.000
6.138670000,45.222990000,1784.000
6.138760000,45.223100000,1782.000
6.138810000,45.223180000,1781.000
6.138830000,45.223240000,1780.000
6.138840000,45.223300000,1779.000
6.138840000,45.223360000,1778.000
6.138830000,45.223410000,1778.000
6.138800000,45.223520000,1777.000
6.138740000,45.223630000,1776.000
6.138600000,45.223870000,1776.000
6.138570000,45.223960000,1775.000
6.138570000,45.224030000,1775.000
6.138580000,45.224100000,1775.000
6.138620000,45.224160000,1774.000
6.138660000,45.224200000,1774.000
6.138770000,45.224270000,1774.000
6.138870000,45.224320000,1774.000
6.139090000,45.224420000,1773.000
6.139290000,45.224520000,1773.000
6.139790000,45.224750000,1772.000
6.140110000,45.224870000,1772.000
6.140390000,45.224950000,1771.000
6.140510000,45.224970000,1770.000
6.140710000,45.225010000,1769.000
6.141000000,45.225060000,1768.000
6.141580000,45.225190000,1767.000
6.141790000,45.225240000,1765.000
6.141980000,45.225300000,1764.000
6.142230000,45.225400000,1763.000
6.142490000,45.225500000,1761.000
6.143070000,45.225750000,1760.000
6.143590000,45.225940000,1758.000
6.143940000,45.226060000,1757.000
6.144230000,45.226130000,1756.000
6.144540000,45.226230000,1755.000
6.144870000,45.226370000,1754.000
6.145190000,45.226460000,1753.000
6.145520000,45.226530000,1752.000
6.145910000,45.226560000,1751.000
6.146310000,45.226590000,1749.000
6.146770000,45.226630000,1747.000
6.147140000,45.226660000,1746.000
6.147290000,45.226670000,1744.000
6.147790000,45.226710000,1743.000
6.148110000,45.226700000,1741.000
6.148520000,45.226660000,1740.000
6.148770000,45.226650000,1739.000
6.148970000,45.226680000,1738.000
6.149150000,45.226730000,1737.000
6.149330000,45.226800000,1736.000
6.149530000,45.226950000,1736.000
6.149680000,45.227090000,1735.000
6.149870000,45.227250000,1734.000
6.150110000,45.227350000,1733.000
6.150330000,45.227380000,1732.000
6.150820000,45.227420000,1732.000
6.151040000,45.227450000,1731.000
6.151230000,45.227510000,1731.000
6.151390000,45.227630000,1730.000
6.151530000,45.227770000,1730.000
6.151690000,45.227880000,1729.000
6.151860000,45.227930000,1729.000
6.152070000,45.227960000,1729.000
6.152340000,45.227990000,1728.000
6.152400000,45.228010000,1728.000
6.152580000,45.228050000,1728.000
6.152780000,45.228140000,1728.000
6.152990000,45.228230000,1729.000
6.153220000,45.228330000,1729.000
6.153630000,45.228440000,1730.000
6.154120000,45.228550000,1731.000
6.154260000,45.228560000,1731.000
6.154370000,45.228540000,1732.000
6.154690000,45.228460000,1733.000
6.154880000,45.228440000,1733.000
6.155070000,45.228420000,1734.000
6.155290000,45.228440000,1735.000
6.155450000,45.228510000,1736.000
6.155740000,45.228670000,1738.000
6.156070000,45.228810000,1739.000
6.156450000,45.229020000,1742.000
6.157300000,45.229570000,1746.000
6.157510000,45.229660000,1749.000
6.157690000,45.229710000,1751.000
6.157940000,45.229740000,1753.000
6.158140000,45.229770000,1755.000
6.158850000,45.230010000,1758.000
6.159160000,45.230120000,1760.000
6.159280000,45.230210000,1762.000
6.159440000,45.230440000,1764.000
6.159550000,45.230540000,1766.000
6.159720000,45.230650000,1768.000
6.159910000,45.230710000,1770.000
6.160080000,45.230780000,1771.000
6.160280000,45.230900000,1773.000
6.160550000,45.231100000,1775.000
6.160700000,45.231170000,1777.000
6.160890000,45.231220000,1778.000
6.161040000,45.231280000,1780.000
6.161130000,45.231330000,1781.000
6.161360000,45.231590000,1783.000
6.161480000,45.231670000,1784.000
6.161620000,45.231710000,1786.000
6.162170000,45.231910000,1787.000
6.162710000,45.232000000,1790.000
6.163550000,45.232140000,1792.000
6.163800000,45.232190000,1795.000
6.164080000,45.232270000,1797.000
6.165010000,45.232570000,1800.000
6.165840000,45.232750000,1803.000
6.166110000,45.232850000,1806.000
6.166350000,45.232960000,1809.000
6.166490000,45.233010000,1811.000
6.166660000,45.233040000,1812.000
6.166860000,45.233040000,1814.000
6.167060000,45.233080000,1815.000
6.167360000,45.233150000,1817.000
6.167620000,45.233230000,1818.000
6.167980000,45.233390000,1820.000
6.168240000,45.233490000,1822.000
6.168390000,45.233510000,1824.000
6.168630000,45.233550000,1825.000
6.168640000,45.233550000,1826.000
6.168640000,45.233550000,1827.000
6.168720000,45.233560000,1828.000
6.168950000,45.233640000,1829.000
6.169360000,45.233800000,1830.000
6.169760000,45.234040000,1832.000
6.169900000,45.234100000,1833.000
6.170150000,45.234170000,1835.000
6.170790000,45.234320000,1837.000
6.171100000,45.234420000,1839.000
6.171730000,45.234700000,1841.000
6.171960000,45.234810000,1844.000
6.172060000,45.234870000,1846.000
6.172120000,45.234940000,1847.000
6.172440000,45.235480000,1850.000
6.172530000,45.235580000,1853.000
6.172680000,45.235690000,1855.000
6.172990000,45.235830000,1857.000
6.173210000,45.235910000,1859.000
6.173320000,45.235970000,1861.000
6.173410000,45.236050000,1862.000
6.173490000,45.236160000,1864.000
6.173550000,45.236270000,1865.000
6.173600000,45.236340000,1866.000
6.173680000,45.236400000,1867.000
6.173750000,45.236430000,1868.000
6.173880000,45.236470000,1869.000
6.174010000,45.236490000,1870.000
6.174200000,45.236540000,1871.000
6.174400000,45.236620000,1872.000
6.174520000,45.236680000,1873.000
6.174650000,45.236790000,1875.000
6.174730000,45.236890000,1876.000
6.174840000,45.237150000,1878.000
6.175040000,45.237380000,1880.000
6.175120000,45.237490000,1881.000
6.175180000,45.237630000,1883.000
6.175250000,45.237840000,1885.000
6.175370000,45.238070000,1887.000
6.175480000,45.238210000,1889.000
6.175610000,45.238350000,1891.000
6.175720000,45.238440000,1893.000
6.175830000,45.238480000,1894.000
6.175910000,45.238490000,1896.000
6.176120000,45.238480000,1897.000
6.176270000,45.238490000,1898.000
6.176420000,45.238510000,1899.000
6.176620000,45.238560000,1901.000
6.177040000,45.238680000,1902.000
6.177180000,45.238720000,1904.000
6.177270000,45.238720000,1905.000
6.177390000,45.238720000,1906.000
6.177600000,45.238690000,1906.000
6.177690000,45.238680000,1907.000
6.177780000,45.238700000,1908.000
6.177860000,45.238720000,1908.000
6.177900000,45.238750000,1909.000
6.178060000,45.238780000,1909.000
6.178300000,45.238810000,1910.000
6.178540000,45.238830000,1911.000
6.178690000,45.238870000,1912.000
6.178920000,45.238930000,1913.000
6.179120000,45.238960000,1914.000
6.179320000,45.238980000,1915.000
6.179520000,45.238980000,1916.000
6.179830000,45.238990000,1917.000
6.180070000,45.238990000,1918.000
6.180250000,45.239010000,1919.000
6.180380000,45.239030000,1920.000
6.180610000,45.239080000,1921.000
6.180720000,45.239090000,1922.000
6.180840000,45.239100000,1923.000
6.180960000,45.239090000,1923.000
6.181140000,45.239080000,1924.000
6.181380000,45.239090000,1925.000
6.181550000,45.239080000,1926.000
6.181670000,45.239060000,1927.000
6.181830000,45.239020000,1928.000
6.182070000,45.238950000,1928.000
6.182380000,45.238920000,1929.000
6.182700000,45.238910000,1930.000
6.183350000,45.238940000,1930.000
6.183620000,45.238940000,1931.000
6.183830000,45.238920000,1932.000
6.184280000,45.238860000,1933.000
6.184420000,45.238860000,1934.000
6.184630000,45.238920000,1935.000
6.185060000,45.239190000,1937.000
6.185200000,45.239230000,1938.000
6.185340000,45.239230000,1940.000
6.185550000,45.239200000,1941.000
6.185630000,45.239130000,1942.000
6.185690000,45.239040000,1943.000
6.185730000,45.238860000,1945.000
6.185790000,45.238730000,1946.000
6.185900000,45.238610000,1947.000
6.186060000,45.238490000,1949.000
6.186210000,45.238400000,1950.000
6.186690000,45.238210000,1952.000
6.187140000,45.238040000,1954.000
6.187560000,45.237860000,1956.000
6.187870000,45.237690000,1959.000
6.188010000,45.237630000,1961.000
6.188150000,45.237590000,1962.000
6.188570000,45.237520000,1964.000
6.188860000,45.237450000,1966.000
6.189160000,45.237330000,1967.000
6.189580000,45.237210000,1969.000
6.190080000,45.237090000,1971.000
6.190520000,45.236980000,1973.000
6.190780000,45.236910000,1974.000
6.190900000,45.236840000,1976.000
6.191230000,45.236620000,1977.000
6.191530000,45.236430000,1979.000
6.191790000,45.236230000,1980.000
6.192060000,45.236060000,1982.000
6.192620000,45.235670000,1983.000
6.192780000,45.235540000,1985.000
6.192870000,45.235400000,1986.000
6.192960000,45.235160000,1987.000
6.193100000,45.234940000,1988.000
6.193180000,45.234790000,1990.000
6.193200000,45.234690000,1991.000
6.193240000,45.234350000,1992.000
6.193260000,45.234230000,1993.000
6.193300000,45.234180000,1994.000
6.193340000,45.234150000,1994.000
6.193380000,45.234130000,1995.000
6.193440000,45.234100000,1995.000
6.193520000,45.234070000,1996.000
6.193830000,45.233960000,1997.000
6.194020000,45.233890000,1997.000
6.194230000,45.233830000,1998.000
6.194570000,45.233690000,1999.000
6.195010000,45.233450000,2001.000
6.195200000,45.233380000,2003.000
6.195420000,45.233330000,2005.000
6.195670000,45.233290000,2007.000
6.196060000,45.233260000,2009.000
6.196220000,45.233230000,2011.000
6.196480000,45.233120000,2013.000
6.196910000,45.232900000,2015.000
6.197340000,45.232660000,2017.000
6.197520000,45.232440000,2019.000
6.197660000,45.232320000,2020.000
6.198020000,45.232060000,2021.000
6.198410000,45.231750000,2021.000
6.198720000,45.231590000,2022.000
6.199740000,45.231160000,2026.000
6.200190000,45.230920000,2029.000
6.200920000,45.230490000,2034.000
6.202020000,45.229690000,2041.000
6.202130000,45.229600000,2045.000
6.202230000,45.229420000,2049.000
6.202240000,45.229160000,2052.000
6.202320000,45.228770000,2055.000
6.202490000,45.228270000,2057.000
6.202660000,45.227870000,2059.000
6.202730000,45.227770000,2060.000
6.202770000,45.227720000,2061.000
6.202830000,45.227650000,2062.000
6.202980000,45.227580000,2062.000
6.203030000,45.227550000,2062.000
6.203170000,45.227510000,2063.000
6.203330000,45.227490000,2063.000
6.203380000,45.227490000,2063.000
6.203470000,45.227490000,2063.000
6.203880000,45.227490000,2063.000
6.203950000,45.227490000,2063.000
6.204080000,45.227510000,2063.000
6.204270000,45.227540000,2063.000
6.204360000,45.227590000,2062.000
6.204440000,45.227650000,2062.000
6.204490000,45.227710000,2061.000
6.204530000,45.227760000,2061.000
6.204560000,45.227820000,2061.000
6.204580000,45.227890000,2060.000
6.204590000,45.227970000,2060.000
6.204600000,45.228230000,2059.000
6.204630000,45.228290000,2058.000
6.204660000,45.228330000,2058.000
6.204740000,45.228410000,2057.000
6.204870000,45.228490000,2057.000
6.205060000,45.228600000,2056.000
6.205470000,45.228820000,2055.000
6.205900000,45.229050000,2053.000
6.206260000,45.229200000,2050.000
6.206580000,45.229320000,2048.000
6.207010000,45.229520000,2045.000
6.207480000,45.229770000,2041.000
6.207770000,45.229910000,2038.000
6.208790000,45.230450000,2033.000
6.209130000,45.230610000,2029.000
6.209260000,45.230640000,2027.000
6.209500000,45.230690000,2024.000
6.210490000,45.230740000,2021.000
6.210610000,45.230730000,2018.000
6.210660000,45.230710000,2016.000
6.210670000,45.230680000,2015.000
6.210670000,45.230620000,2014.000
6.210630000,45.230590000,2013.000
6.210570000,45.230570000,2012.000
6.210510000,45.230570000,2012.000
6.210400000,45.230580000,2011.000
6.210200000,45.230590000,2010.000
6.209980000,45.230560000,2009.000
6.209810000,45.230500000,2008.000
6.209680000,45.230450000,2007.000
6.209600000,45.230410000,2006.000
6.209510000,45.230300000,2005.000
6.209320000,45.229930000,2003.000
6.208940000,45.229330000,2000.000
6.208860000,45.229190000,1997.000
6.208850000,45.229190000,1996.000
6.208750000,45.229050000,1994.000
6.208740000,45.229010000,1992.000
6.208760000,45.228980000,1991.000
6.208820000,45.228950000,1991.000
6.209000000,45.228970000,1990.000
6.209320000,45.229000000,1988.000
6.209850000,45.228990000,1986.000
6.210490000,45.228960000,1983.000
6.210780000,45.228920000,1980.000
6.210970000,45.228870000,1977.000
6.211100000,45.228850000,1975.000
6.211200000,45.228860000,1973.000
6.211310000,45.228880000,1972.000
6.211620000,45.228950000,1969.000
6.211790000,45.228960000,1967.000
6.212160000,45.228960000,1965.000
6.212400000,45.228930000,1962.000
6.212580000,45.228880000,1959.000
6.213070000,45.228650000,1955.000
6.213240000,45.228570000,1952.000
6.213340000,45.228540000,1950.000
6.213460000,45.228550000,1948.000
6.213590000,45.228610000,1947.000
6.213680000,45.228730000,1946.000
6.213840000,45.228960000,1945.000
6.213920000,45.229040000,1944.000
6.213960000,45.229070000,1943.000
6.214080000,45.229120000,1943.000
6.214220000,45.229160000,1942.000
6.214460000,45.229170000,1942.000
6.214690000,45.229190000,1941.000
6.214810000,45.229230000,1941.000
6.214900000,45.229300000,1940.000
6.215000000,45.229440000,1940.000
6.215070000,45.229650000,1939.000
6.215170000,45.230030000,1938.000
6.215240000,45.230170000,1936.000
6.215350000,45.230330000,1935.000
6.215470000,45.230460000,1934.000
6.215680000,45.230630000,1933.000
6.215860000,45.230720000,1931.000
6.216590000,45.231100000,1929.000
6.216650000,45.231120000,1927.000
6.216710000,45.231110000,1926.000
6.216760000,45.231080000,1925.000
6.216780000,45.231040000,1925.000
6.216760000,45.231000000,1924.000
6.216350000,45.230770000,1923.000
6.216240000,45.230690000,1922.000
6.216140000,45.230570000,1921.000
6.216100000,45.230410000,1920.000
6.216070000,45.230210000,1918.000
6.216040000,45.229640000,1916.000
6.216020000,45.229460000,1914.000
6.215940000,45.229280000,1912.000
6.215810000,45.229130000,1909.000
6.215490000,45.228860000,1905.000
6.215400000,45.228750000,1902.000
6.215310000,45.228590000,1899.000
6.215230000,45.228420000,1896.000
6.215090000,45.228130000,1892.000
6.214980000,45.227980000,1888.000
6.214830000,45.227820000,1885.000
6.214620000,45.227670000,1882.000
6.214370000,45.227600000,1880.000
6.213960000,45.227460000,1878.000
6.213710000,45.227370000,1877.000
6.213580000,45.227310000,1876.000
6.213370000,45.227170000,1875.000
6.213250000,45.227040000,1874.000
6.213150000,45.226870000,1873.000
6.213100000,45.226750000,1872.000
6.213050000,45.226640000,1872.000
6.212990000,45.226530000,1871.000
6.212930000,45.226400000,1870.000
6.212820000,45.226260000,1869.000
6.212670000,45.226100000,1868.000
6.212510000,45.225970000,1867.000
6.212460000,45.225900000,1866.000
6.212460000,45.225860000,1865.000
6.212500000,45.225820000,1864.000
6.212570000,45.225820000,1863.000
6.212620000,45.225830000,1863.000
6.212700000,45.225910000,1862.000
6.212780000,45.226020000,1862.000
6.212940000,45.226150000,1861.000
6.213120000,45.226290000,1859.000
6.213230000,45.226370000,1858.000
6.213430000,45.226520000,1857.000
6.213470000,45.226560000,1856.000
6.213590000,45.226670000,1855.000
6.213660000,45.226710000,1855.000
6.213780000,45.226780000,1854.000
6.214850000,45.227290000,1852.000
6.215190000,45.227470000,1850.000
6.215660000,45.227650000,1848.000
6.216640000,45.227960000,1845.000
6.216710000,45.227980000,1843.000
6.216780000,45.227970000,1842.000
6.216810000,45.227950000,1841.000
6.216830000,45.227930000,1840.000
6.216840000,45.227890000,1839.000
6.216820000,45.227870000,1839.000
6.216790000,45.227850000,1839.000
6.216110000,45.227630000,1837.000
6.215800000,45.227500000,1836.000
6.215550000,45.227340000,1835.000
6.215320000,45.227190000,1833.000
6.215160000,45.227060000,1832.000
6.214740000,45.226660000,1829.000
6.214580000,45.226530000,1827.000
6.214440000,45.226350000,1824.000
6.214380000,45.226270000,1823.000
6.214260000,45.226080000,1821.000
6.214080000,45.225880000,1819.000
6.213950000,45.225690000,1816.000
6.213780000,45.225350000,1813.000
6.213690000,45.225210000,1811.000
6.213680000,45.225210000,1809.000
6.213640000,45.225140000,1808.000
6.213580000,45.225070000,1806.000
6.213480000,45.224970000,1805.000
6.213350000,45.224840000,1803.000
6.213290000,45.224780000,1802.000
6.213150000,45.224600000,1800.000
6.213080000,45.224510000,1799.000
6.213000000,45.224440000,1797.000
6.212900000,45.224370000,1796.000
6.212600000,45.224170000,1794.000
6.212450000,45.224090000,1792.000
6.212330000,45.224020000,1790.000
6.212240000,45.223950000,1789.000
6.212160000,45.223870000,1788.000
6.212010000,45.223720000,1786.000
6.211930000,45.223640000,1785.000
6.211850000,45.223520000,1783.000
6.211790000,45.223390000,1782.000
6.211730000,45.223220000,1780.000
6.211680000,45.223040000,1779.000
6.211650000,45.222900000,1777.000
6.211650000,45.222770000,1776.000
6.211660000,45.222670000,1774.000
6.211750000,45.222200000,1772.000
6.211770000,45.222110000,1770.000
6.211810000,45.222000000,1768.000
6.211970000,45.221780000,1767.000
6.212130000,45.221540000,1765.000
6.212310000,45.221260000,1763.000
6.212360000,45.221230000,1762.000
6.212430000,45.221220000,1760.000
6.212460000,45.221240000,1760.000
6.212490000,45.221260000,1759.000
6.212510000,45.221310000,1759.000
6.212470000,45.221390000,1758.000
6.212420000,45.221450000,1758.000
6.212360000,45.221650000,1757.000
6.212380000,45.221870000,1756.000
6.212450000,45.222100000,1754.000
6.212580000,45.222330000,1753.000
6.212700000,45.222520000,1752.000
6.212910000,45.222760000,1750.000
6.213250000,45.223090000,1748.000
6.213490000,45.223330000,1746.000
6.213760000,45.223550000,1744.000
6.214130000,45.223810000,1742.000
6.214370000,45.223950000,1739.000
6.214570000,45.224010000,1737.000
6.214810000,45.224050000,1735.000
6.215070000,45.224060000,1733.000
6.215260000,45.224080000,1731.000
6.215430000,45.224140000,1730.000
6.215790000,45.224400000,1727.000
6.216090000,45.224590000,1725.000
6.216710000,45.225000000,1721.000
6.217060000,45.225230000,1718.000
6.217110000,45.225250000,1716.000
6.217170000,45.225250000,1715.000
6.217200000,45.225250000,1714.000
6.217250000,45.225230000,1713.000
6.217270000,45.225190000,1712.000
6.217260000,45.225130000,1712.000
6.217220000,45.225100000,1711.000
6.217160000,45.225070000,1711.000
6.217010000,45.224960000,1710.000
6.216930000,45.224890000,1709.000
6.216880000,45.224830000,1709.000
6.216770000,45.224660000,1708.000
6.216650000,45.224470000,1707.000
6.216400000,45.224110000,1705.000
6.216330000,45.224030000,1703.000
6.216260000,45.223860000,1701.000
6.216130000,45.223590000,1699.000
6.216100000,45.223480000,1698.000
6.216100000,45.223330000,1696.000
6.216080000,45.223250000,1695.000
6.216030000,45.223180000,1693.000
6.215920000,45.223090000,1692.000
6.215890000,45.223040000,1691.000
6.215870000,45.222960000,1690.000
6.215870000,45.222890000,1690.000
6.215880000,45.222750000,1689.000
6.215890000,45.222710000,1688.000
6.215920000,45.222660000,1687.000
6.215990000,45.222550000,1686.000
6.216120000,45.222400000,1684.000
6.216190000,45.222310000,1683.000
6.216450000,45.222000000,1680.000
6.216850000,45.221290000,1675.000
6.217000000,45.221170000,1671.000
6.217160000,45.221070000,1667.000
6.217230000,45.221020000,1665.000
6.217280000,45.220950000,1663.000
6.217320000,45.220810000,1662.000
6.217330000,45.220720000,1661.000
6.217330000,45.220660000,1660.000
6.217300000,45.220590000,1659.000
6.217260000,45.220520000,1658.000
6.217200000,45.220450000,1658.000
6.217160000,45.220350000,1657.000
6.217130000,45.220220000,1657.000
6.217100000,45.220030000,1656.000
6.217080000,45.219910000,1655.000
6.217090000,45.219850000,1655.000
6.217110000,45.219810000,1654.000
6.217180000,45.219790000,1654.000
6.217250000,45.219790000,1653.000
6.217300000,45.219840000,1653.000
6.217330000,45.219880000,1653.000
6.217330000,45.219950000,1652.000
6.217340000,45.220070000,1652.000
6.217410000,45.220170000,1652.000
6.217470000,45.220230000,1651.000
6.217510000,45.220260000,1650.000
6.217560000,45.220300000,1650.000
6.217660000,45.220340000,1649.000
6.217800000,45.220370000,1648.000
6.218020000,45.220420000,1646.000
6.218220000,45.220470000,1645.000
6.218330000,45.220490000,1643.000
6.218440000,45.220510000,1642.000
6.218650000,45.220560000,1640.000
6.219220000,45.220700000,1637.000
6.219550000,45.220760000,1634.000
6.219840000,45.220830000,1631.000
6.219970000,45.220900000,1628.000
6.220090000,45.221000000,1626.000
6.220150000,45.221050000,1625.000
6.220210000,45.221130000,1623.000
6.220330000,45.221340000,1622.000
6.220400000,45.221430000,1620.000
6.220560000,45.221460000,1619.000
6.221000000,45.221440000,1617.000
6.221100000,45.221460000,1616.000
6.221220000,45.221490000,1615.000
6.221250000,45.221510000,1614.000
6.221280000,45.221520000,1613.000
6.221320000,45.221550000,1613.000
6.221350000,45.221560000,1612.000
6.221610000,45.221690000,1611.000
6.221830000,45.221800000,1610.000
6.221910000,45.221850000,1609.000
6.222140000,45.221980000,1608.000
6.222220000,45.222020000,1607.000
6.222300000,45.222040000,1606.000
6.222380000,45.222060000,1605.000
6.222740000,45.222100000,1604.000
6.223080000,45.222120000,1603.000
6.223180000,45.222120000,1602.000
6.223360000,45.222120000,1601.000
6.223720000,45.222110000,1599.000
6.223770000,45.222100000,1598.000
6.223810000,45.222090000,1598.000
6.223830000,45.222070000,1597.000
6.223850000,45.222050000,1597.000
6.223850000,45.222030000,1596.000
6.223850000,45.222010000,1596.000
6.223830000,45.221980000,1596.000
6.223800000,45.221960000,1596.000
6.223730000,45.221940000,1595.000
6.223130000,45.221890000,1594.000
6.223040000,45.221880000,1593.000
6.222960000,45.221850000,1592.000
6.222860000,45.221790000,1591.000
6.222800000,45.221690000,1590.000
6.222790000,45.221620000,1589.000
6.222790000,45.221540000,1588.000
6.222850000,45.221360000,1587.000
6.222900000,45.221250000,1586.000
6.222930000,45.221210000,1585.000
6.222950000,45.221170000,1584.000
6.223000000,45.221100000,1584.000
6.223140000,45.220910000,1582.000
6.223260000,45.220730000,1581.000
6.223320000,45.220610000,1580.000
6.223310000,45.220540000,1578.000
6.223300000,45.220450000,1577.000
6.223300000,45.220400000,1576.000
6.223310000,45.220360000,1576.000
6.223350000,45.220330000,1575.000
6.223390000,45.220310000,1575.000
6.223440000,45.220300000,1574.000
6.223490000,45.220300000,1574.000
6.223560000,45.220320000,1573.000
6.223630000,45.220390000,1573.000
6.223930000,45.220860000,1570.000
6.223980000,45.220960000,1569.000
6.224030000,45.221030000,1567.000
6.224110000,45.221110000,1566.000
6.224230000,45.221180000,1565.000
6.224400000,45.221180000,1564.000
6.224680000,45.221130000,1562.000
6.224810000,45.221110000,1561.000
6.225000000,45.221070000,1559.000
6.225310000,45.221040000,1558.000
6.225440000,45.221030000,1556.000
6.225870000,45.221040000,1554.000
6.226100000,45.221050000,1553.000
6.226290000,45.221060000,1551.000
6.226380000,45.221060000,1550.000
6.226480000,45.221080000,1548.000
6.226610000,45.221160000,1547.000
6.226640000,45.221170000,1546.000
6.226690000,45.221220000,1546.000
6.226830000,45.221320000,1545.000
6.226880000,45.221350000,1544.000
6.226940000,45.221360000,1543.000
6.227050000,45.221370000,1543.000
6.227110000,45.221380000,1542.000
6.227240000,45.221380000,1541.000
6.227490000,45.221400000,1540.000
6.227990000,45.221420000,1538.000
6.228000000,45.221420000,1537.000
6.228210000,45.221430000,1536.000
6.228820000,45.221440000,1534.000
6.229490000,45.221440000,1531.000
6.229530000,45.221440000,1529.000
6.229580000,45.221440000,1527.000
6.229680000,45.221440000,1526.000
6.229820000,45.221440000,1525.000
6.230240000,45.221430000,1524.000
6.230480000,45.221430000,1522.000
6.230690000,45.221420000,1520.000
6.230930000,45.221410000,1519.000
6.231110000,45.221400000,1518.000
6.231670000,45.221410000,1518.000
6.231760000,45.221420000,1517.000
6.231830000,45.221420000,1516.000
6.231950000,45.221440000,1516.000
6.232110000,45.221470000,1516.000
6.232350000,45.221500000,1515.000
6.232430000,45.221520000,1515.000
6.232560000,45.221560000,1514.000
6.232630000,45.221560000,1514.000
6.232730000,45.221530000,1514.000
6.232850000,45.221490000,1514.000
6.232920000,45.221470000,1514.000
6.232960000,45.221460000,1513.000
6.233230000,45.221400000,1513.000
6.233370000,45.221360000,1513.000
6.233880000,45.221230000,1512.000
6.233910000,45.221220000,1512.000
6.234380000,45.221120000,1512.000
6.234490000,45.221100000,1512.000
6.235090000,45.221040000,1511.000
6.235450000,45.221020000,1511.000
6.235690000,45.221000000,1511.000
6.236990000,45.220770000,1510.000
6.237130000,45.220730000,1509.000
6.237180000,45.220700000,1509.000
6.237350000,45.220600000,1508.000
6.237390000,45.220570000,1508.000
6.237460000,45.220520000,1507.000
6.237520000,45.220470000,1507.000
6.237570000,45.220440000,1507.000
6.237640000,45.220390000,1506.000
6.237700000,45.220350000,1506.000
6.237760000,45.220320000,1506.000
6.237810000,45.220290000,1506.000
6.237780000,45.220270000,1506.000
6.237770000,45.220250000,1505.000
6.237780000,45.220220000,1505.000
6.237800000,45.220200000,1505.000
6.237830000,45.220180000,1505.000
6.237880000,45.220180000,1505.000
6.237920000,45.220200000,1505.000
6.237940000,45.220220000,1505.000
6.237950000,45.220250000,1504.000
6.238020000,45.220260000,1504.000
6.238180000,45.220250000,1504.000
6.238280000,45.220240000,1504.000
6.238510000,45.220210000,1503.000
6.238690000,45.220190000,1503.000
6.239440000,45.220110000,1502.000
6.239780000,45.220030000,1500.000
6.240220000,45.219830000,1499.000
6.240450000,45.219720000,1498.000
6.240550000,45.219680000,1496.000
6.241050000,45.219500000,1495.000
6.241130000,45.219450000,1494.000
6.241250000,45.219370000,1493.000
6.241300000,45.219340000,1492.000
6.241610000,45.219070000,1491.000
6.242160000,45.218860000,1490.000
6.242580000,45.218700000,1489.000
6.243220000,45.218450000,1488.000
6.243410000,45.218360000,1487.000
6.243670000,45.218150000,1486.000
6.243980000,45.217930000,1485.000
6.244060000,45.217880000,1484.000
6.244410000,45.217700000,1484.000
6.244530000,45.217650000,1483.000
6.244570000,45.217640000,1483.000
6.244700000,45.217630000,1482.000
6.244710000,45.217620000,1482.000
6.244980000,45.217630000,1481.000
6.245310000,45.217640000,1481.000
6.245590000,45.217620000,1480.000
6.245810000,45.217600000,1480.000
6.245920000,45.217570000,1479.000
6.246000000,45.217540000,1479.000
6.247910000,45.216540000,1476.000
6.248080000,45.216430000,1475.000
6.248180000,45.216290000,1473.000
6.248490000,45.215820000,1472.000
6.248690000,45.215560000,1471.000
6.248810000,45.215450000,1471.000
6.249000000,45.215310000,1470.000
6.249220000,45.215180000,1470.000
6.249450000,45.215090000,1469.000
6.249670000,45.215040000,1469.000
6.249740000,45.215020000,1468.000
6.249810000,45.215020000,1468.000
6.249910000,45.215000000,1467.000
6.249980000,45.215000000,1467.000
6.250220000,45.214990000,1466.000
6.250900000,45.214960000,1464.000
6.251580000,45.214940000,1462.000
6.251740000,45.214910000,1460.000
6.251900000,45.214870000,1458.000
6.251990000,45.214810000,1457.000
6.252090000,45.214710000,1456.000
6.252510000,45.213310000,1451.000
6.252600000,45.213120000,1448.000
6.252690000,45.213010000,1445.000
6.252930000,45.212850000,1443.000
6.253340000,45.212620000,1442.000
6.253560000,45.212510000,1441.000
6.253810000,45.212450000,1441.000
6.254240000,45.212360000,1440.000
6.254440000,45.212300000,1440.000
6.255220000,45.211950000,1440.000
6.255560000,45.211810000,1439.000
6.257100000,45.211150000,1436.000
6.257330000,45.211010000,1433.000
6.257520000,45.210850000,1431.000
6.257840000,45.210340000,1429.000
6.257970000,45.210160000,1428.000
6.258130000,45.210030000,1427.000
6.258470000,45.209810000,1426.000
6.258950000,45.209550000,1425.000
6.259730000,45.209250000,1424.000
6.260000000,45.209150000,1423.000
6.260030000,45.209140000,1422.000
6.260530000,45.208970000,1421.000
6.261630000,45.208670000,1420.000
6.261830000,45.208590000,1418.000
6.262020000,45.208440000,1417.000
6.262320000,45.208190000,1416.000
6.262460000,45.208060000,1415.000
6.262560000,45.207930000,1415.000
6.263110000,45.206740000,1412.000
6.263250000,45.206610000,1410.000
6.263780000,45.206210000,1409.000
6.263920000,45.206120000,1407.000
6.264050000,45.206070000,1406.000
6.264280000,45.206000000,1406.000
6.264380000,45.205960000,1405.000
6.264460000,45.205920000,1405.000
6.264570000,45.205790000,1404.000
6.264770000,45.205570000,1403.000
6.265200000,45.205090000,1402.000
6.265300000,45.204970000,1402.000
6.265390000,45.204900000,1401.000
6.265510000,45.204790000,1400.000
6.265550000,45.204740000,1399.000
6.265660000,45.204600000,1398.000
6.265740000,45.204380000,1397.000
6.265800000,45.204120000,1396.000
6.265870000,45.203990000,1395.000
6.265930000,45.203910000,1394.000
6.266030000,45.203770000,1393.000
6.266160000,45.203660000,1392.000
6.266350000,45.203520000,1391.000
6.266620000,45.203420000,1390.000
6.267100000,45.203270000,1388.000
6.267350000,45.203160000,1387.000
6.267560000,45.203050000,1385.000
6.267840000,45.202880000,1384.000
6.268020000,45.202730000,1382.000
6.268150000,45.202540000,1381.000
6.268300000,45.202410000,1380.000
6.268610000,45.202250000,1378.000
6.268810000,45.202140000,1377.000
6.268960000,45.202000000,1376.000
6.269210000,45.201760000,1374.000
6.269340000,45.201690000,1373.000
6.269470000,45.201640000,1372.000
6.269470000,45.201640000,1371.000
6.269560000,45.201610000,1370.000
6.270090000,45.201480000,1369.000
6.270540000,45.201370000,1367.000
6.271360000,45.201210000,1365.000
6.271970000,45.201150000,1363.000
6.272220000,45.201080000,1361.000
6.272250000,45.201070000,1360.000
6.272450000,45.200980000,1359.000
6.272760000,45.200820000,1358.000
6.272980000,45.200740000,1357.000
6.273150000,45.200750000,1356.000
6.273300000,45.200800000,1356.000
6.273600000,45.201030000,1355.000
6.273820000,45.201140000,1355.000
6.274000000,45.201180000,1355.000
6.274260000,45.201160000,1355.000
6.274490000,45.201080000,1356.000
6.274680000,45.200980000,1356.000
6.274790000,45.200900000,1356.000
6.275210000,45.200580000,1356.000
6.275510000,45.200460000,1356.000
6.275710000,45.200340000,1356.000
6.275890000,45.200080000,1356.000
6.276210000,45.199850000,1355.000
6.276480000,45.199700000,1355.000
6.276580000,45.199630000,1354.000
6.276660000,45.199570000,1354.000
6.276700000,45.199540000,1354.000
6.276740000,45.199480000,1353.000
6.276770000,45.199430000,1353.000
6.276810000,45.199370000,1353.000
6.276870000,45.199320000,1353.000
6.276920000,45.199290000,1353.000
6.276980000,45.199260000,1353.000
6.277110000,45.199210000,1352.000
6.277450000,45.199070000,1351.000
6.277610000,45.199020000,1350.000
6.277760000,45.198910000,1349.000
6.278360000,45.198340000,1346.000
6.278490000,45.198250000,1344.000
6.278650000,45.198180000,1343.000
6.279120000,45.198060000,1341.000
6.279300000,45.197970000,1339.000
6.279440000,45.197890000,1337.000
6.279610000,45.197750000,1336.000
6.279710000,45.197640000,1334.000
6.279890000,45.197290000,1332.000
6.280070000,45.197160000,1330.000
6.280180000,45.197110000,1329.000
6.280310000,45.197050000,1327.000
6.280940000,45.196890000,1325.000
6.281310000,45.196770000,1323.000
6.281700000,45.196580000,1321.000
6.281800000,45.196510000,1319.000
6.281880000,45.196450000,1318.000
6.281950000,45.196350000,1317.000
6.281970000,45.196320000,1316.000
6.281950000,45.196260000,1315.000
6.281720000,45.196110000,1314.000
6.281700000,45.196090000,1314.000
6.281680000,45.196060000,1313.000
6.281670000,45.196040000,1313.000
6.281660000,45.196020000,1313.000
6.281670000,45.195970000,1312.000
6.281730000,45.195930000,1312.000
6.283420000,45.194970000,1308.000
6.283770000,45.194720000,1305.000
6.283800000,45.194700000,1303.000
6.283980000,45.194480000,1302.000
6.284180000,45.194190000,1300.000
6.284350000,45.193800000,1298.000
6.284560000,45.193540000,1296.000
6.285120000,45.193070000,1293.000
6.285210000,45.193000000,1292.000
6.285550000,45.192700000,1290.000
6.285630000,45.192620000,1290.000
6.285790000,45.192480000,1289.000
6.285850000,45.192470000,1289.000
6.286020000,45.192460000,1288.000
6.286090000,45.192470000,1288.000
6.286150000,45.192490000,1288.000
6.286360000,45.192620000,1288.000
6.286380000,45.192630000,1287.000
6.286470000,45.192670000,1287.000
6.286610000,45.192710000,1287.000
6.286740000,45.192730000,1287.000
6.286890000,45.192740000,1287.000
6.287010000,45.192730000,1287.000
6.287130000,45.192700000,1287.000
6.287250000,45.192670000,1287.000
6.287370000,45.192610000,1286.000
6.287680000,45.192390000,1285.000
6.287890000,45.192290000,1284.000
6.288040000,45.192240000,1283.000
6.288190000,45.192220000,1282.000
6.288320000,45.192220000,1281.000
6.288440000,45.192220000,1280.000
6.288580000,45.192230000,1279.000
6.288850000,45.192230000,1278.000
6.288990000,45.192230000,1277.000
6.289130000,45.192210000,1276.000
6.289290000,45.192210000,1275.000
6.289390000,45.192220000,1275.000
6.289480000,45.192260000,1274.000
6.289590000,45.192330000,1273.000
6.289700000,45.192440000,1272.000
6.289880000,45.192590000,1272.000
6.289970000,45.192670000,1271.000
6.290060000,45.192730000,1271.000
6.290260000,45.192820000,1270.000
6.290320000,45.192850000,1270.000
6.290440000,45.192870000,1270.000
6.290520000,45.192880000,1269.000
6.290680000,45.192880000,1269.000
6.290870000,45.192820000,1269.000
6.291040000,45.192720000,1268.000
6.291320000,45.192570000,1268.000
6.291370000,45.192560000,1268.000
6.291530000,45.192500000,1267.000
6.291590000,45.192480000,1267.000
6.291940000,45.192400000,1266.000
6.292330000,45.192340000,1265.000
6.292660000,45.192320000,1264.000
6.292800000,45.192340000,1263.000
6.292940000,45.192410000,1262.000
6.293130000,45.192580000,1260.000
6.293210000,45.192650000,1259.000
6.293350000,45.192740000,1258.000
6.293530000,45.192830000,1257.000
6.293720000,45.192900000,1256.000
6.294030000,45.193000000,1255.000
6.294690000,45.193240000,1252.000
6.294950000,45.193320000,1250.000
6.295130000,45.193360000,1249.000
6.295320000,45.193390000,1248.000
6.295470000,45.193410000,1247.000
6.295830000,45.193430000,1247.000
6.296050000,45.193460000,1246.000
6.296180000,45.193490000,1245.000
6.296580000,45.193610000,1245.000
6.296900000,45.193710000,1244.000
6.297030000,45.193760000,1243.000
6.297270000,45.193870000,1243.000
6.297540000,45.194050000,1243.000
6.297670000,45.194150000,1243.000
6.297770000,45.194280000,1243.000
6.297880000,45.194430000,1243.000
6.298000000,45.194580000,1244.000
6.298100000,45.194790000,1244.000
6.298220000,45.195040000,1245.000
6.298570000,45.195730000,1246.000
6.298640000,45.195810000,1247.000
6.298700000,45.195860000,1247.000
6.298760000,45.195900000,1247.000
6.298830000,45.195920000,1247.000
6.298950000,45.195940000,1247.000
6.299390000,45.195970000,1246.000
6.299640000,45.196010000,1245.000
6.299830000,45.196060000,1245.000
6.300140000,45.196150000,1244.000
6.300300000,45.196220000,1243.000
6.300330000,45.196250000,1242.000
6.300410000,45.196310000,1242.000
6.300480000,45.196400000,1241.000
6.300540000,45.196460000,1241.000
6.300700000,45.196600000,1240.000
6.300990000,45.196800000,1240.000
6.301150000,45.196910000,1240.000
6.301170000,45.196970000,1240.000
6.301160000,45.197090000,1240.000
6.301160000,45.197130000,1240.000
6.301130000,45.197360000,1241.000
6.301110000,45.197620000,1241.000
6.301150000,45.197830000,1242.000
6.301240000,45.197940000,1242.000
6.301300000,45.197980000,1243.000
6.301380000,45.198010000,1243.000
6.301700000,45.198100000,1244.000
6.301820000,45.198120000,1244.000
6.301940000,45.198120000,1244.000
6.302310000,45.198080000,1244.000
6.302700000,45.198000000,1244.000
6.302790000,45.197990000,1244.000
6.302880000,45.197990000,1244.000
6.302960000,45.198000000,1244.000
6.303050000,45.198020000,1244.000
6.303150000,45.198060000,1244.000
6.303220000,45.198100000,1244.000
6.303260000,45.198140000,1243.000
6.303290000,45.198180000,1243.000
6.303290000,45.198240000,1243.000
6.303280000,45.198320000,1243.000
6.303190000,45.198570000,1243.000
6.303160000,45.198700000,1243.000
6.303090000,45.198950000,1243.000
6.303030000,45.199140000,1243.000
6.303000000,45.199200000,1244.000
6.302990000,45.199220000,1244.000
6.302850000,45.199440000,1245.000
6.302700000,45.199680000,1246.000
6.302570000,45.199890000,1247.000
6.302440000,45.200070000,1248.000
6.302410000,45.200130000,1249.000
6.302390000,45.200210000,1250.000
6.302380000,45.200280000,1251.000
6.302370000,45.200350000,1251.000
6.302390000,45.200470000,1252.000
6.302410000,45.200580000,1253.000
6.302440000,45.200770000,1254.000
6.302470000,45.200880000,1254.000
6.302510000,45.200950000,1255.000
6.302550000,45.201000000,1255.000
6.302630000,45.201100000,1255.000
6.302790000,45.201280000,1255.000
6.302910000,45.201400000,1256.000
6.303450000,45.201760000,1256.000
6.303980000,45.202030000,1256.000
6.304160000,45.202120000,1256.000
6.304330000,45.202200000,1257.000
6.304460000,45.202250000,1257.000
6.304540000,45.202270000,1258.000
6.304620000,45.202280000,1258.000
6.304710000,45.202290000,1259.000
6.305090000,45.202290000,1260.000
6.305850000,45.202250000,1262.000
6.305910000,45.202250000,1264.000
6.306020000,45.202250000,1265.000
6.306100000,45.202260000,1266.000
6.306170000,45.202260000,1267.000
6.306240000,45.202290000,1268.000
6.306270000,45.202300000,1268.000
6.306310000,45.202340000,1269.000
6.306350000,45.202380000,1269.000
6.306380000,45.202430000,1270.000
6.306400000,45.202480000,1270.000
6.306600000,45.203000000,1272.000
6.306640000,45.203110000,1273.000
6.306670000,45.203220000,1274.000
6.306690000,45.203290000,1275.000
6.306700000,45.203380000,1275.000
6.306700000,45.203470000,1276.000
6.306700000,45.203560000,1276.000
6.306700000,45.203640000,1277.000
6.306720000,45.203710000,1277.000
6.306770000,45.203800000,1277.000
6.306890000,45.204000000,1278.000
6.307020000,45.204170000,1278.000
6.307170000,45.204380000,1278.000
6.307240000,45.204520000,1279.000
6.307300000,45.204600000,1279.000
6.307370000,45.204680000,1280.000
6.307440000,45.204740000,1280.000
6.307520000,45.204790000,1280.000
6.307590000,45.204850000,1281.000
6.307650000,45.204920000,1281.000
6.307690000,45.204980000,1281.000
6.307720000,45.205050000,1282.000
6.307770000,45.205220000,1282.000
6.307860000,45.205430000,1283.000
6.307970000,45.205620000,1284.000
6.308310000,45.206250000,1286.000
6.308350000,45.206310000,1287.000
6.308380000,45.206390000,1288.000
6.308410000,45.206530000,1289.000
6.308500000,45.206980000,1290.000
6.308540000,45.207210000,1291.000
6.308570000,45.207340000,1293.000
6.308620000,45.207470000,1294.000
6.308680000,45.207600000,1295.000
6.308740000,45.207690000,1295.000
6.308790000,45.207750000,1296.000
6.308860000,45.207820000,1297.000
6.308890000,45.207850000,1297.000
6.309020000,45.207950000,1298.000
6.309100000,45.208020000,1298.000
6.309140000,45.208070000,1299.000
6.309170000,45.208130000,1299.000
6.309190000,45.208190000,1299.000
6.309190000,45.208230000,1300.000
6.309170000,45.208300000,1300.000
6.308970000,45.208920000,1298.000
6.308910000,45.208990000,1297.000
6.308830000,45.209030000,1296.000
6.308290000,45.209230000,1295.000
6.308080000,45.209320000,1293.000
6.308000000,45.209370000,1292.000
6.307900000,45.209430000,1291.000
6.307640000,45.209640000,1290.000
6.307180000,45.210040000,1288.000
6.306990000,45.210220000,1286.000
6.306750000,45.210410000,1284.000
6.306560000,45.210600000,1282.000
6.306500000,45.210670000,1281.000
6.306450000,45.210750000,1280.000
6.306430000,45.210800000,1279.000
6.306410000,45.210860000,1278.000
6.306400000,45.210920000,1278.000
6.306400000,45.210980000,1277.000
6.306400000,45.211050000,1276.000
6.306420000,45.211110000,1276.000
6.306450000,45.211170000,1275.000
6.306480000,45.211230000,1275.000
6.306510000,45.211280000,1275.000
6.306570000,45.211340000,1275.000
6.306630000,45.211390000,1275.000
6.306750000,45.211480000,1276.000
6.306810000,45.211530000,1276.000
6.306840000,45.211590000,1276.000
6.306840000,45.211620000,1276.000
6.306840000,45.211660000,1277.000
6.305960000,45.216140000,1283.000
6.305880000,45.216460000,1288.000
6.305800000,45.216870000,1293.000
6.305470000,45.217710000,1298.000
6.305440000,45.217860000,1301.000
6.305470000,45.218020000,1304.000
6.305550000,45.218190000,1305.000
6.305750000,45.218400000,1306.000
6.305860000,45.218640000,1305.000
6.305900000,45.218850000,1305.000
6.305890000,45.219130000,1303.000
6.305830000,45.219370000,1302.000
6.305820000,45.219440000,1301.000
6.305710000,45.219780000,1300.000
6.305620000,45.220010000,1298.000
6.305460000,45.220230000,1296.000
6.305200000,45.220500000,1293.000
6.304980000,45.220650000,1291.000
6.304720000,45.220780000,1289.000
6.304400000,45.220890000,1286.000
6.304250000,45.220980000,1284.000
6.304140000,45.221090000,1282.000
6.303970000,45.221260000,1280.000
6.303750000,45.221450000,1279.000
6.303600000,45.221590000,1279.000
6.303520000,45.221760000,1279.000
6.303620000,45.221920000,1280.000
6.303740000,45.222000000,1280.000
6.303860000,45.222100000,1280.000
6.303950000,45.222210000,1281.000
6.304010000,45.222290000,1281.000
6.304050000,45.222410000,1282.000
6.304010000,45.222510000,1283.000
6.303870000,45.222650000,1283.000
6.303670000,45.222840000,1284.000
6.303610000,45.222960000,1284.000
6.303620000,45.223070000,1284.000
6.303710000,45.223150000,1283.000
6.303810000,45.223220000,1283.000
6.303920000,45.223270000,1282.000
6.304000000,45.223330000,1281.000
6.304030000,45.223390000,1280.000
6.304030000,45.223470000,1280.000
6.304030000,45.223610000,1279.000
6.304080000,45.223760000,1278.000
6.304060000,45.223890000,1276.000
6.304010000,45.224030000,1275.000
6.303880000,45.224260000,1274.000
6.303780000,45.224440000,1272.000
6.303700000,45.224650000,1270.000
6.303670000,45.224820000,1268.000
6.303770000,45.225100000,1265.000
6.303960000,45.225400000,1261.000
6.304220000,45.225660000,1257.000
6.304310000,45.225760000,1254.000
6.304350000,45.225870000,1251.000
6.304300000,45.226050000,1248.000
6.304240000,45.226300000,1244.000
6.304160000,45.226500000,1241.000
6.304110000,45.226740000,1239.000
6.304100000,45.226980000,1237.000
6.304070000,45.227050000,1235.000
6.304010000,45.227120000,1234.000
6.303840000,45.227230000,1234.000
6.303250000,45.227490000,1233.000
6.303100000,45.227570000,1232.000
6.302880000,45.227720000,1231.000
6.302630000,45.227880000,1230.000
6.302590000,45.227960000,1229.000
6.302580000,45.228040000,1227.000
6.302650000,45.228130000,1225.000
6.302720000,45.228170000,1223.000
6.302810000,45.228200000,1221.000
6.303370000,45.228340000,1216.000
6.303560000,45.228380000,1212.000
6.303740000,45.228440000,1207.000
6.303830000,45.228500000,1204.000
6.303880000,45.228590000,1200.000
6.303890000,45.228740000,1197.000
6.303950000,45.228880000,1193.000
6.304010000,45.228930000,1190.000
6.304030000,45.229010000,1187.000
6.303980000,45.229080000,1185.000
6.303890000,45.229130000,1183.000
6.303710000,45.229170000,1181.000
6.303420000,45.229260000,1179.000
6.303310000,45.229360000,1177.000
6.303300000,45.229470000,1175.000
6.303380000,45.229550000,1174.000
6.303560000,45.229590000,1173.000
6.303840000,45.229610000,1171.000
6.304130000,45.229690000,1169.000
6.304260000,45.229740000,1167.000
6.304410000,45.229860000,1166.000
6.304590000,45.230090000,1164.000
6.304690000,45.230250000,1162.000
6.304760000,45.230430000,1161.000
6.304780000,45.230610000,1160.000
6.304730000,45.230790000,1159.000
6.304690000,45.230860000,1159.000
6.304640000,45.230930000,1158.000
6.304550000,45.230990000,1158.000
6.304490000,45.231050000,1157.000
6.304470000,45.231090000,1157.000
6.304460000,45.231120000,1157.000
6.304450000,45.231240000,1157.000
6.304490000,45.231360000,1156.000
6.304570000,45.231460000,1156.000
6.304610000,45.231540000,1156.000
6.304600000,45.231880000,1155.000
6.304600000,45.231920000,1155.000
6.304620000,45.232140000,1154.000
6.304750000,45.232560000,1151.000
6.304840000,45.232820000,1149.000
6.304860000,45.232860000,1147.000
6.304900000,45.233060000,1145.000
6.304890000,45.233200000,1143.000
6.304920000,45.233280000,1141.000
6.304990000,45.233320000,1140.000
6.305050000,45.233310000,1139.000
6.305080000,45.233310000,1138.000
6.305130000,45.233270000,1138.000
6.305120000,45.233210000,1137.000
6.305100000,45.233090000,1136.000
6.305050000,45.232780000,1134.000
6.305040000,45.232650000,1133.000
6.305050000,45.232520000,1131.000
6.305060000,45.232350000,1130.000
6.305120000,45.232130000,1129.000
6.305160000,45.232070000,1128.000
6.305290000,45.231860000,1127.000
6.305350000,45.231780000,1126.000
6.305380000,45.231700000,1125.000
6.305390000,45.231610000,1125.000
6.305380000,45.231530000,1124.000
6.305380000,45.231430000,1123.000
6.305410000,45.231360000,1123.000
6.305440000,45.231310000,1122.000
6.305490000,45.231280000,1122.000
6.305620000,45.231220000,1121.000
6.305790000,45.231130000,1121.000
6.305880000,45.231050000,1120.000
6.306010000,45.230870000,1119.000
6.306120000,45.230600000,1117.000
6.306140000,45.230520000,1115.000
6.306140000,45.230450000,1114.000
6.306120000,45.230390000,1113.000
6.306080000,45.230350000,1112.000
6.306010000,45.230300000,1111.000
6.305920000,45.230240000,1110.000
6.305830000,45.230170000,1110.000
6.305700000,45.230070000,1108.000
6.305620000,45.229980000,1107.000
6.305540000,45.229840000,1106.000
6.305620000,45.229730000,1105.000
6.305770000,45.229680000,1103.000
6.306080000,45.229660000,1102.000
6.306320000,45.229620000,1100.000
6.306430000,45.229570000,1098.000
6.306500000,45.229470000,1097.000
6.306500000,45.229360000,1095.000
6.306410000,45.229100000,1093.000
6.306190000,45.228740000,1090.000
6.306170000,45.228600000,1087.000
6.306260000,45.228520000,1085.000
6.306390000,45.228500000,1083.000
6.306590000,45.228540000,1081.000
6.306710000,45.228560000,1079.000
6.307080000,45.228750000,1077.000
6.307220000,45.228820000,1075.000
6.307330000,45.228840000,1073.000
6.307410000,45.228810000,1072.000
6.307490000,45.228740000,1071.000
6.307650000,45.228520000,1070.000
6.307890000,45.228320000,1069.000
6.308020000,45.228080000,1068.000
6.308210000,45.227910000,1066.000
6.308300000,45.227790000,1065.000
6.308370000,45.227720000,1064.000
6.308390000,45.227570000,1064.000
6.308310000,45.227350000,1063.000
6.308310000,45.227180000,1061.000
6.308370000,45.227060000,1059.000
6.308560000,45.226870000,1056.000
6.308810000,45.226730000,1053.000
6.308930000,45.226610000,1050.000
6.309060000,45.226450000,1046.000
6.309250000,45.226300000,1043.000
6.309400000,45.226180000,1039.000
6.309540000,45.226080000,1036.000
6.309590000,45.226040000,1034.000
6.309640000,45.225980000,1032.000
6.309670000,45.225870000,1030.000
6.309640000,45.225750000,1028.000
6.309500000,45.225570000,1027.000
6.309350000,45.225260000,1026.000
6.309240000,45.225140000,1025.000
6.309190000,45.225070000,1024.000
6.308990000,45.224910000,1023.000
6.308700000,45.224660000,1022.000
6.308380000,45.224250000,1021.000
6.308260000,45.223990000,1020.000
6.308220000,45.223830000,1018.000
6.308200000,45.223720000,1017.000
6.308180000,45.223480000,1016.000
6.308180000,45.223320000,1015.000
6.308230000,45.223240000,1014.000
6.308310000,45.223200000,1013.000
6.308410000,45.223200000,1013.000
6.308470000,45.223250000,1012.000
6.308480000,45.223330000,1012.000
6.308460000,45.223470000,1011.000
6.308500000,45.223790000,1010.000
6.308560000,45.224000000,1009.000
6.308720000,45.224210000,1007.000
6.309090000,45.224490000,1004.000
6.309370000,45.224670000,1000.000
6.309660000,45.224780000,997.000
6.309900000,45.224830000,994.000
6.310060000,45.224910000,991.000
6.310230000,45.225090000,988.000
6.310400000,45.225300000,985.000
6.310430000,45.225350000,983.000
6.310600000,45.225560000,982.000
6.310820000,45.225770000,982.000
6.310860000,45.225890000,981.000
6.310820000,45.225980000,982.000
6.310720000,45.226100000,982.000
6.310580000,45.226260000,982.000
6.310480000,45.226480000,983.000
6.310360000,45.226610000,984.000
6.310050000,45.226860000,985.000
6.309790000,45.227150000,983.000
6.309750000,45.227270000,980.000
6.309730000,45.227350000,978.000
6.309770000,45.227580000,975.000
6.309940000,45.227910000,970.000
6.309950000,45.227930000,966.000
6.310100000,45.228120000,962.000
6.310340000,45.228300000,957.000
6.310500000,45.228420000,953.000
6.310530000,45.228480000,949.000
6.310510000,45.228540000,947.000
6.310430000,45.228680000,945.000
6.310360000,45.228810000,943.000
6.310370000,45.228950000,942.000
6.310350000,45.229070000,940.000
6.310310000,45.229120000,939.000
6.310190000,45.229200000,938.000
6.309980000,45.229300000,937.000
6.309880000,45.229360000,936.000
6.309790000,45.229430000,935.000
6.309760000,45.229470000,935.000
6.309760000,45.229590000,934.000
6.309870000,45.229680000,933.000
6.310170000,45.229910000,932.000
6.310380000,45.230170000,930.000
6.310430000,45.230250000,928.000
6.310480000,45.230380000,927.000
6.310530000,45.230590000,924.000
6.310530000,45.230690000,922.000
6.310530000,45.230760000,921.000
6.310500000,45.230820000,919.000
6.310460000,45.230910000,918.000
6.310420000,45.230980000,916.000
6.310340000,45.231050000,915.000
6.310250000,45.231110000,914.000
6.310200000,45.231150000,913.000
6.310160000,45.231190000,912.000
6.310110000,45.231280000,910.000
6.310110000,45.231340000,909.000
6.310160000,45.231380000,908.000
6.310260000,45.231430000,907.000
6.310590000,45.231540000,905.000
6.310810000,45.231610000,903.000
6.310980000,45.231700000,901.000
6.311040000,45.231810000,900.000
6.311030000,45.231980000,899.000
6.311060000,45.232120000,898.000
6.311090000,45.232170000,897.000
6.311190000,45.232290000,897.000
6.311220000,45.232570000,896.000
6.311320000,45.232680000,895.000
6.311470000,45.232760000,894.000
6.311600000,45.232810000,894.000
6.311680000,45.232880000,893.000
6.311680000,45.232960000,893.000
6.311660000,45.233050000,892.000
6.311590000,45.233290000,892.000
6.311580000,45.233580000,890.000
6.311570000,45.233760000,888.000
6.311670000,45.234040000,885.000
6.311880000,45.234380000,881.000
6.312050000,45.234630000,877.000
6.312200000,45.234890000,873.000
6.312230000,45.234980000,869.000
6.312250000,45.235130000,866.000
6.312300000,45.235570000,865.000
6.312390000,45.235890000,863.000
6.312380000,45.236050000,863.000
6.312340000,45.236490000,862.000
6.312350000,45.236700000,862.000
6.312430000,45.236880000,862.000
6.312570000,45.237230000,862.000
6.312770000,45.237490000,862.000
6.312950000,45.237660000,861.000
6.313160000,45.237860000,861.000
6.313260000,45.237950000,860.000
6.313270000,45.238040000,860.000
6.313200000,45.238110000,859.000
6.312960000,45.238220000,858.000
6.312750000,45.238310000,858.000
6.312550000,45.238330000,857.000
6.312080000,45.238270000,856.000
6.311710000,45.238290000,853.000
6.311440000,45.238300000,850.000
6.311180000,45.238310000,845.000
6.310950000,45.238380000,841.000
6.310790000,45.238410000,837.000
6.310600000,45.238430000,833.000
6.310400000,45.238490000,829.000
6.310260000,45.238550000,825.000
6.310140000,45.238670000,821.000
6.310050000,45.238770000,818.000
6.310010000,45.238840000,815.000
6.310000000,45.238910000,812.000
6.310000000,45.239090000,808.000
6.310000000,45.239200000,806.000
6.310020000,45.239310000,805.000
6.310120000,45.239430000,804.000
6.310350000,45.239520000,803.000
6.310540000,45.239530000,803.000
6.310700000,45.239520000,802.000
6.311170000,45.239470000,802.000
6.311740000,45.239450000,802.000
6.312190000,45.239470000,802.000
6.312560000,45.239530000,803.000
6.312880000,45.239600000,803.000
6.313160000,45.239670000,803.000
6.313380000,45.239670000,804.000
6.313670000,45.239650000,804.000
6.314390000,45.239660000,805.000
6.314720000,45.239650000,805.000
6.314860000,45.239650000,806.000
6.315010000,45.239660000,807.000
6.315340000,45.239730000,809.000
6.315550000,45.239800000,810.000
6.315670000,45.239910000,812.000
6.315800000,45.240180000,814.000
6.316070000,45.240650000,818.000
6.316090000,45.240770000,821.000
6.316090000,45.240830000,823.000
6.316070000,45.240890000,825.000
6.315990000,45.241070000,827.000
6.315960000,45.241140000,828.000
6.315950000,45.241210000,829.000
6.315990000,45.241290000,830.000
6.316080000,45.241370000,830.000
6.316100000,45.241400000,830.000
6.316170000,45.241470000,831.000
6.316180000,45.241520000,831.000
6.316180000,45.241570000,831.000
6.316160000,45.241630000,831.000
6.316110000,45.241680000,831.000
6.315990000,45.241780000,831.000
6.315760000,45.241910000,832.000
6.315700000,45.241980000,832.000
6.315660000,45.242160000,832.000
6.315670000,45.242510000,832.000
6.315720000,45.242800000,833.000
6.315850000,45.243050000,833.000
6.316070000,45.243470000,833.000
6.316140000,45.243610000,834.000
6.316140000,45.243770000,834.000
6.316160000,45.243900000,834.000
6.316180000,45.243980000,834.000
6.316260000,45.244070000,834.000
6.316390000,45.244180000,834.000
6.316510000,45.244320000,834.000
6.316680000,45.244630000,834.000
6.316780000,45.244870000,835.000
6.316800000,45.244970000,835.000
6.316770000,45.245080000,836.000
6.316590000,45.245240000,837.000
6.316460000,45.245360000,837.000
6.316420000,45.245400000,838.000
6.316390000,45.245460000,839.000
6.316370000,45.245500000,839.000
6.316350000,45.245580000,839.000
6.316350000,45.245670000,840.000
6.316370000,45.245750000,840.000
6.316410000,45.245810000,841.000
6.316440000,45.245860000,841.000
6.316500000,45.245900000,841.000
6.316550000,45.245930000,842.000
6.316610000,45.245960000,842.000
6.316740000,45.245990000,842.000
6.316880000,45.246020000,843.000
6.317080000,45.246050000,843.000
6.317280000,45.246070000,844.000
6.317400000,45.246110000,845.000
6.317490000,45.246190000,845.000
6.317490000,45.246250000,846.000
6.317470000,45.246310000,846.000
6.317390000,45.246430000,847.000
6.317290000,45.246520000,847.000
6.317140000,45.246610000,848.000
6.316680000,45.246890000,849.000
6.316160000,45.247180000,851.000
6.315860000,45.247400000,852.000
6.315770000,45.247570000,853.000
6.315690000,45.247680000,853.000
6.315540000,45.247820000,853.000
6.315490000,45.247880000,853.000
6.315470000,45.247940000,853.000
6.315500000,45.248160000,852.000
6.315520000,45.248260000,852.000
6.315500000,45.248370000,851.000
6.315500000,45.248370000,851.000
6.315500000,45.248370000,850.000
6.315430000,45.248530000,850.000
6.315390000,45.248650000,849.000
6.315420000,45.248790000,849.000
6.315490000,45.248910000,848.000
6.315670000,45.249130000,847.000
6.315830000,45.249280000,847.000
6.316000000,45.249430000,846.000
6.316150000,45.249560000,846.000
6.316230000,45.249670000,845.000
6.316240000,45.249780000,845.000
6.316220000,45.249900000,845.000
6.316140000,45.250080000,845.000
6.316090000,45.250180000,845.000
6.316070000,45.250230000,844.000
6.316030000,45.250280000,844.000
6.315990000,45.250320000,844.000
6.315940000,45.250360000,844.000
6.315890000,45.250400000,844.000
6.315870000,45.250420000,844.000
6.315850000,45.250450000,844.000
6.315830000,45.250480000,844.000
6.315820000,45.250520000,844.000
6.315820000,45.250560000,844.000
6.315830000,45.250600000,844.000
6.315840000,45.250630000,844.000
6.315860000,45.250650000,844.000
6.315880000,45.250670000,844.000
6.315910000,45.250690000,844.000
6.315960000,45.250710000,844.000
6.316020000,45.250730000,844.000
6.316090000,45.250740000,844.000
6.316200000,45.250740000,844.000
6.316390000,45.250740000,844.000
6.316510000,45.250740000,844.000
6.316630000,45.250750000,844.000
6.316700000,45.250750000,844.000
6.316770000,45.250770000,844.000
6.316880000,45.250810000,844.000
6.316950000,45.250840000,844.000
6.317020000,45.250880000,845.000
6.317050000,45.250900000,845.000
6.317080000,45.250930000,845.000
6.317120000,45.250980000,845.000
6.317170000,45.251040000,845.000
6.317200000,45.251090000,845.000
6.317230000,45.251170000,845.000
6.317240000,45.251230000,845.000
6.317240000,45.251350000,845.000
6.317210000,45.251580000,846.000
6.317200000,45.251640000,846.000
6.317180000,45.251690000,846.000
6.317140000,45.251760000,846.000
6.317110000,45.251820000,846.000
6.317070000,45.251880000,846.000
6.317000000,45.251940000,847.000
6.316930000,45.251990000,847.000
6.316840000,45.252040000,847.000
6.316530000,45.252180000,849.000
6.316500000,45.252200000,849.000
6.316460000,45.252240000,850.000
6.316440000,45.252280000,851.000
6.316440000,45.252320000,851.000
6.316450000,45.252370000,852.000
6.316480000,45.252430000,852.000
6.316610000,45.252640000,853.000
6.316780000,45.253040000,855.000
6.316840000,45.253160000,857.000
6.316930000,45.253280000,858.000
6.316980000,45.253320000,859.000
6.317040000,45.253350000,860.000
6.317130000,45.253380000,861.000
6.317260000,45.253410000,861.000
6.317450000,45.253440000,861.000
6.317490000,45.253450000,862.000
6.317520000,45.253470000,862.000
6.317540000,45.253490000,862.000
6.317550000,45.253530000,861.000
6.317570000,45.253560000,861.000
6.317630000,45.253580000,861.000
6.317720000,45.253620000,861.000
6.317790000,45.253670000,861.000
6.318360000,45.254130000,860.000
6.318510000,45.254300000,860.000
6.318600000,45.254470000,859.000
6.318630000,45.254670000,858.000
6.318620000,45.254790000,858.000
6.318560000,45.254940000,857.000
6.318450000,45.255060000,856.000
6.318230000,45.255200000,855.000
6.318130000,45.255270000,854.000
6.318040000,45.255370000,853.000
6.317990000,45.255490000,853.000
6.318030000,45.255600000,852.000
6.318120000,45.255670000,851.000
6.318310000,45.255740000,850.000
6.318500000,45.255800000,849.000
6.318650000,45.255850000,849.000
6.318800000,45.255940000,848.000
6.319780000,45.256900000,845.000
6.320040000,45.257150000,842.000
6.320160000,45.257240000,839.000
6.320420000,45.257420000,837.000
6.321170000,45.257910000,833.000
6.321390000,45.258040000,830.000
6.321690000,45.258250000,827.000
6.321960000,45.258460000,824.000
6.322320000,45.258750000,821.000
6.323130000,45.259400000,816.000
6.323380000,45.259600000,811.000
6.323580000,45.259730000,808.000
6.323770000,45.259830000,805.000
6.324030000,45.259940000,802.000
6.324280000,45.260080000,799.000
6.324660000,45.260340000,796.000
6.324890000,45.260520000,793.000
6.325210000,45.260720000,789.000
6.325650000,45.260930000,786.000
6.325940000,45.261110000,783.000
6.326090000,45.261250000,780.000
6.326330000,45.261500000,778.000
6.326840000,45.261940000,774.000
6.327360000,45.262350000,771.000
6.327750000,45.262640000,767.000
6.327970000,45.262840000,763.000
6.328090000,45.262970000,760.000
6.328190000,45.263130000,758.000
6.328490000,45.263740000,754.000
6.328680000,45.264000000,750.000
6.328860000,45.264160000,747.000
6.329060000,45.264330000,744.000
6.329600000,45.264860000,741.000
6.329990000,45.265280000,737.000
6.330280000,45.265570000,733.000
6.330490000,45.265800000,730.000
6.330510000,45.265900000,728.000
6.330520000,45.266020000,726.000
6.330520000,45.266240000,724.000
6.330570000,45.266390000,722.000
6.330730000,45.266630000,720.000
6.330970000,45.266970000,718.000
6.331080000,45.267100000,716.000
6.331180000,45.267150000,714.000
6.331210000,45.267170000,713.000
6.331290000,45.267200000,712.000
6.331580000,45.267270000,711.000
6.332640000,45.267520000,707.000
6.333470000,45.267760000,702.000
6.333610000,45.267830000,698.000
6.333760000,45.267900000,695.000
6.334180000,45.268160000,693.000
6.334570000,45.268430000,691.000
6.334690000,45.268520000,689.000
6.335000000,45.268680000,688.000
6.335420000,45.268820000,686.000
6.335630000,45.268890000,685.000
6.335790000,45.268970000,684.000
6.335970000,45.269100000,683.000
6.336100000,45.269280000,683.000
6.336190000,45.269500000,682.000
6.336250000,45.269750000,681.000
6.336480000,45.270810000,679.000
6.336550000,45.270970000,677.000
6.336590000,45.271000000,675.000
6.336690000,45.271040000,674.000
6.336790000,45.271050000,672.000
6.337300000,45.271070000,670.000
6.337480000,45.271060000,667.000
6.337570000,45.271030000,666.000
6.337660000,45.270990000,664.000
6.337920000,45.270820000,662.000
6.337950000,45.270810000,660.000
6.337990000,45.270790000,659.000
6.338280000,45.270710000,657.000
6.338520000,45.270630000,655.000
6.338630000,45.270540000,653.000
6.338690000,45.270440000,652.000
6.338710000,45.270360000,650.000
6.338680000,45.270250000,649.000
6.338590000,45.270020000,648.000
6.338570000,45.269980000,646.000
6.338560000,45.269940000,645.000
6.338570000,45.269900000,645.000
6.338580000,45.269870000,644.000
6.338610000,45.269850000,644.000
6.338650000,45.269840000,643.000
6.338700000,45.269830000,643.000
6.338740000,45.269840000,643.000
6.338780000,45.269850000,642.000
6.338810000,45.269870000,642.000
6.338820000,45.269900000,642.000
6.338840000,45.269930000,641.000
6.338880000,45.270020000,641.000
6.339050000,45.270360000,639.000
6.339200000,45.270670000,637.000
6.339270000,45.270760000,636.000
6.339440000,45.271050000,634.000
6.339480000,45.271150000,632.000
6.339980000,45.271910000,629.000
6.340000000,45.271950000,627.000
6.340070000,45.272050000,625.000
6.340140000,45.272130000,624.000
6.340230000,45.272200000,623.000
6.340340000,45.272270000,622.000
6.340500000,45.272330000,621.000
6.340620000,45.272380000,620.000
6.340740000,45.272420000,619.000
6.340800000,45.272430000,618.000
6.340870000,45.272440000,617.000
6.340890000,45.272440000,617.000
6.340980000,45.272440000,616.000
6.341150000,45.272420000,615.000
6.341280000,45.272420000,615.000
6.342160000,45.272340000,612.000
6.342200000,45.272330000,610.000
6.342200000,45.272330000,609.000
6.342620000,45.272300000,607.000
6.342700000,45.272290000,606.000
6.343510000,45.272220000,603.000
6.343610000,45.272210000,601.000
6.343610000,45.272140000,600.000
6.343620000,45.272110000,599.000
6.343660000,45.272080000,598.000
6.343710000,45.272060000,597.000
6.343800000,45.272060000,597.000
6.343860000,45.272080000,596.000
6.343910000,45.272110000,596.000
6.343930000,45.272140000,595.000
6.343930000,45.272180000,595.000
6.343920000,45.272220000,595.000
6.344000000,45.272250000,595.000
6.344200000,45.272330000,594.000
6.344270000,45.272380000,593.000
6.344300000,45.272400000,593.000
6.344740000,45.272680000,592.000
6.344850000,45.272750000,591.000
6.344880000,45.272770000,590.000
6.344920000,45.272820000,590.000
6.344970000,45.272790000,589.000
6.345020000,45.272780000,589.000
6.345080000,45.272790000,588.000
6.345110000,45.272790000,588.000
6.345190000,45.272770000,588.000
6.345300000,45.272750000,587.000
6.345720000,45.272580000,586.000
6.346090000,45.272400000,585.000
6.346370000,45.272210000,584.000
6.346870000,45.271780000,582.000
6.346940000,45.271720000,581.000
6.347020000,45.271660000,580.000
6.347130000,45.271620000,579.000
6.347240000,45.271600000,578.000
6.347360000,45.271600000,577.000
6.347770000,45.271590000,576.000
6.348060000,45.271590000,575.000
6.348410000,45.271610000,574.000
6.348840000,45.271640000,572.000
6.349430000,45.271750000,569.000
6.349490000,45.271760000,568.000
6.350540000,45.272020000,564.000
6.350650000,45.272060000,562.000
6.350750000,45.272120000,560.000
6.350920000,45.271980000,559.000
6.351200000,45.271790000,558.000
6.351270000,45.271740000,557.000
6.351300000,45.271720000,556.000
6.351480000,45.271620000,556.000
6.351530000,45.271590000,555.000
6.352510000,45.271070000,554.000
6.352660000,45.271010000,553.000
6.352850000,45.270970000,553.000
6.353270000,45.270900000,552.000
6.354150000,45.270760000,552.000
6.354500000,45.270700000,551.000
6.354750000,45.270650000,551.000
6.354970000,45.270610000,551.000
6.355350000,45.270550000,551.000
6.355580000,45.270520000,550.000
6.355790000,45.270510000,550.000
6.355960000,45.270500000,550.000
6.356290000,45.270510000,549.000
6.356810000,45.270540000,549.000
6.357100000,45.270550000,548.000
6.357290000,45.270540000,548.000
6.357510000,45.270520000,548.000
6.357860000,45.270480000,547.000
6.358010000,45.270450000,547.000
6.358620000,45.270320000,546.000
6.358790000,45.270280000,546.000
6.359140000,45.270200000,546.000
6.359340000,45.270160000,545.000
6.359610000,45.270110000,545.000
6.359770000,45.270090000,544.000
6.360260000,45.270040000,544.000
6.360620000,45.269980000,543.000
6.361130000,45.269870000,543.000
6.361480000,45.269790000,543.000
6.361910000,45.269690000,542.000
6.362330000,45.269570000,542.000
6.363280000,45.269310000,541.000
6.363670000,45.269210000,541.000
6.364430000,45.269020000,541.000
6.364600000,45.268980000,541.000
6.365500000,45.268740000,541.000
6.366510000,45.268480000,542.000
6.366900000,45.268370000,542.000
6.367100000,45.268330000,542.000
6.367160000,45.268320000,542.000
6.367240000,45.268300000,542.000
6.367320000,45.268300000,542.000
6.367430000,45.268330000,542.000
6.367480000,45.268330000,541.000
6.367530000,45.268330000,541.000
6.367620000,45.268330000,541.000
6.367720000,45.268300000,541.000
6.367780000,45.268300000,541.000
6.367840000,45.268310000,541.000
6.368020000,45.268290000,541.000
6.368750000,45.268120000,541.000
6.368840000,45.268090000,540.000
6.368960000,45.268050000,540.000
6.368980000,45.268010000,540.000
6.369010000,45.267960000,540.000
6.369060000,45.267930000,540.000
6.369120000,45.267920000,540.000
6.369180000,45.267910000,540.000
6.369230000,45.267920000,540.000
6.369290000,45.267930000,540.000
6.369340000,45.267960000,540.000
6.369430000,45.267900000,540.000
6.369860000,45.267790000,540.000
6.370700000,45.267550000,541.000
6.371080000,45.267430000,541.000
6.371430000,45.267330000,542.000
6.371830000,45.267230000,542.000
6.372280000,45.267130000,543.000
6.372710000,45.267040000,544.000
6.373390000,45.266890000,544.000
6.373390000,45.266890000,545.000
6.373850000,45.266790000,546.000
6.374050000,45.266740000,546.000
6.374230000,45.266690000,547.000
6.374330000,45.266660000,547.000
6.374410000,45.266620000,547.000
6.374610000,45.266460000,548.000
6.374670000,45.266390000,548.000
6.374670000,45.266360000,548.000
6.374690000,45.266330000,548.000
6.374710000,45.266300000,548.000
6.374740000,45.266280000,548.000
6.374780000,45.266260000,548.000
6.374820000,45.266260000,548.000
6.374870000,45.266250000,548.000
6.374910000,45.266260000,548.000
6.374950000,45.266270000,548.000
6.374980000,45.266290000,548.000
6.375010000,45.266310000,548.000
6.375030000,45.266340000,548.000
6.375040000,45.266370000,548.000
6.375030000,45.266410000,548.000
6.375020000,45.266440000,548.000
6.374990000,45.266470000,548.000
6.375250000,45.266550000,549.000
6.375370000,45.266590000,549.000
6.375500000,45.266660000,549.000
6.375560000,45.266680000,549.000
6.376310000,45.266970000,549.000
6.376550000,45.267000000,549.000
6.376720000,45.266950000,550.000
6.377250000,45.266720000,550.000
6.377750000,45.266490000,551.000
6.377940000,45.266450000,551.000
6.378480000,45.266440000,552.000
6.380300000,45.266410000,553.000
6.380510000,45.266420000,554.000
6.380700000,45.266450000,555.000
6.380900000,45.266490000,555.000
6.381060000,45.266500000,556.000
6.381170000,45.266520000,556.000
6.381270000,45.266540000,556.000
6.381340000,45.266550000,556.000
6.381390000,45.266530000,556.000
6.381460000,45.266510000,557.000
6.381510000,45.266520000,557.000
6.381590000,45.266530000,557.000
6.381630000,45.266500000,557.000
6.381720000,45.266480000,557.000
6.381770000,45.266460000,557.000
6.381940000,45.266440000,557.000
6.382030000,45.266420000,557.000
6.382160000,45.266390000,557.000
6.382290000,45.266390000,558.000
6.382930000,45.266380000,558.000
6.383140000,45.266380000,558.000
6.383330000,45.266370000,559.000
6.383380000,45.266370000,559.000
6.383460000,45.266360000,559.000
6.383560000,45.266340000,559.000
6.383650000,45.266320000,559.000
6.383750000,45.266290000,560.000
6.383850000,45.266250000,560.000
6.383940000,45.266220000,560.000
6.384040000,45.266170000,560.000
6.384120000,45.266130000,560.000
6.384200000,45.266080000,560.000
6.384260000,45.266040000,561.000
6.384340000,45.265970000,561.000
6.384420000,45.265890000,561.000
6.384500000,45.265810000,561.000
6.384560000,45.265720000,561.000
6.384630000,45.265610000,562.000
6.384740000,45.265440000,562.000
6.385160000,45.264700000,563.000
6.385390000,45.264310000,564.000
6.385610000,45.263970000,565.000
6.385900000,45.263450000,567.000
6.386070000,45.263140000,569.000
6.386220000,45.262730000,571.000
6.386320000,45.262400000,572.000
6.386380000,45.262130000,574.000
6.386430000,45.261860000,575.000
6.386450000,45.261600000,576.000
6.386480000,45.261300000,577.000
6.386500000,45.260880000,578.000
6.386510000,45.260580000,578.000
6.386560000,45.260290000,579.000
6.386620000,45.260030000,580.000
6.386690000,45.259780000,581.000
6.386820000,45.259460000,581.000
6.387060000,45.259030000,582.000
6.387370000,45.258630000,583.000
6.387680000,45.258300000,584.000
6.390380000,45.255660000,589.000
6.390800000,45.255330000,593.000
6.391180000,45.255100000,597.000
6.391390000,45.255010000,599.000
6.391570000,45.254940000,601.000
6.391780000,45.254860000,602.000
6.391940000,45.254800000,603.000
6.392100000,45.254760000,604.000
6.392250000,45.254720000,605.000
6.392420000,45.254680000,605.000
6.392660000,45.254620000,606.000
6.393290000,45.254500000,608.000
6.393900000,45.254370000,610.000
6.394180000,45.254240000,612.000
6.394240000,45.254210000,614.000
6.394260000,45.254170000,615.000
6.394290000,45.254130000,615.000
6.394330000,45.254100000,616.000
6.394380000,45.254080000,617.000
6.394430000,45.254060000,617.000
6.394490000,45.254060000,618.000
6.394550000,45.254060000,618.000
6.394600000,45.254080000,618.000
6.394640000,45.254090000,619.000
6.394670000,45.254110000,619.000
6.394760000,45.254110000,619.000
6.394830000,45.254100000,620.000
6.395240000,45.254040000,621.000
6.396790000,45.253580000,622.000
6.398930000,45.252990000,625.000
6.399650000,45.252830000,628.000
6.400190000,45.252730000,629.000
6.400650000,45.252660000,630.000
6.401320000,45.252600000,631.000
6.401560000,45.252590000,632.000
6.402240000,45.252560000,633.000
6.402920000,45.252550000,633.000
6.403410000,45.252550000,634.000
6.403980000,45.252560000,635.000
6.403980000,45.252560000,635.000
6.405560000,45.252560000,636.000
6.406420000,45.252560000,637.000
6.407620000,45.252500000,639.000
6.408040000,45.252470000,640.000
6.408450000,45.252430000,642.000
6.408690000,45.252400000,643.000
6.409280000,45.252290000,645.000
6.409650000,45.252200000,646.000
6.410320000,45.252020000,648.000
6.410790000,45.251850000,650.000
6.411190000,45.251670000,652.000
6.411810000,45.251370000,655.000
6.413780000,45.250430000,659.000
6.414740000,45.250010000,661.000
6.415580000,45.249590000,663.000
6.416600000,45.249110000,665.000
6.416960000,45.248940000,666.000
6.417530000,45.248700000,668.000
6.418290000,45.248400000,669.000
6.419970000,45.247890000,672.000
6.423690000,45.246830000,673.000
6.424370000,45.246630000,673.000
6.428100000,45.245530000,673.000
6.429120000,45.245200000,674.000
6.429820000,45.244930000,675.000
6.430540000,45.244560000,676.000
6.430950000,45.244330000,676.000
6.431040000,45.244270000,677.000
6.431460000,45.243980000,677.000
6.431560000,45.243920000,677.000
6.432420000,45.243200000,677.000
6.433280000,45.242290000,677.000
6.433420000,45.242140000,676.000
6.434030000,45.241470000,676.000
6.435650000,45.239690000,679.000
6.435760000,45.239570000,681.000
6.435890000,45.239400000,682.000
6.436010000,45.239240000,682.000
6.436100000,45.239050000,683.000
6.436200000,45.238840000,683.000
6.436310000,45.238540000,682.000
6.436430000,45.238240000,682.000
6.436530000,45.238020000,682.000
6.436640000,45.237830000,681.000
6.436710000,45.237730000,681.000
6.436810000,45.237600000,681.000
6.436890000,45.237520000,681.000
6.437110000,45.237320000,682.000
6.437280000,45.237200000,682.000
6.437400000,45.237130000,683.000
6.437540000,45.237050000,683.000
6.437700000,45.236970000,684.000
6.437900000,45.236880000,684.000
6.438130000,45.236800000,685.000
6.438370000,45.236730000,685.000
6.438760000,45.236650000,686.000
6.439110000,45.236580000,686.000
6.439550000,45.236530000,686.000
6.439880000,45.236480000,686.000
6.440300000,45.236420000,685.000
6.440640000,45.236370000,685.000
6.440970000,45.236300000,684.000
6.441190000,45.236240000,683.000
6.441410000,45.236170000,683.000
6.441660000,45.236080000,682.000
6.441880000,45.235990000,682.000
6.442120000,45.235870000,683.000
6.442360000,45.235740000,683.000
6.442550000,45.235610000,683.000
6.442730000,45.235480000,683.000
6.442890000,45.235350000,684.000
6.443090000,45.235170000,684.000
6.443320000,45.234950000,685.000
6.443550000,45.234700000,685.000
6.444330000,45.233810000,685.000
6.444840000,45.233270000,686.000
6.445230000,45.232900000,686.000
6.445470000,45.232650000,686.000
6.445750000,45.232400000,686.000
6.446150000,45.232080000,686.000
6.446580000,45.231790000,686.000
6.446740000,45.231690000,686.000
6.446930000,45.231570000,686.000
6.447010000,45.231520000,686.000
6.447420000,45.231290000,686.000
6.447720000,45.231100000,686.000
6.448000000,45.230920000,686.000
6.448270000,45.230760000,687.000
6.448630000,45.230450000,687.000
6.448830000,45.230260000,687.000
6.449130000,45.229870000,687.000
6.449330000,45.229570000,687.000
6.449540000,45.229240000,687.000
6.449700000,45.228950000,687.000
6.449790000,45.228770000,687.000
6.450000000,45.228250000,687.000
6.450100000,45.227920000,687.000
6.450180000,45.227700000,688.000
6.450230000,45.227420000,688.000
6.450260000,45.227160000,689.000
6.450430000,45.225270000,690.000
6.450490000,45.224730000,691.000
6.450500000,45.224640000,691.000
6.450530000,45.224470000,691.000
6.450560000,45.224320000,691.000
6.450630000,45.224080000,691.000
6.450700000,45.223890000,690.000
6.450820000,45.223640000,689.000
6.450950000,45.223390000,689.000
6.451030000,45.223260000,689.000
6.451120000,45.223160000,688.000
6.451220000,45.223060000,689.000
6.451350000,45.222970000,689.000
6.451480000,45.222890000,689.000
6.451620000,45.222830000,689.000
6.451950000,45.222700000,690.000
6.452400000,45.222550000,691.000
6.452660000,45.222440000,691.000
6.452890000,45.222320000,692.000
6.453140000,45.222170000,693.000
6.453680000,45.221850000,695.000
6.454240000,45.221510000,699.000
6.454440000,45.221400000,701.000
6.454690000,45.221270000,704.000
6.454870000,45.221190000,706.000
6.455090000,45.221100000,708.000
6.455300000,45.221030000,710.000
6.455530000,45.220960000,711.000
6.455720000,45.220920000,712.000
6.455900000,45.220880000,712.000
6.456140000,45.220840000,712.000
6.456410000,45.220810000,711.000
6.457010000,45.220750000,710.000
6.459280000,45.220510000,706.000
6.459850000,45.220460000,703.000
6.460130000,45.220460000,702.000
6.460400000,45.220480000,701.000
6.460450000,45.220480000,700.000
6.460460000,45.220450000,700.000
6.460480000,45.220420000,700.000
6.460520000,45.220400000,700.000
6.460550000,45.220390000,699.000
6.460600000,45.220380000,699.000
6.460640000,45.220380000,699.000
6.460690000,45.220390000,700.000
6.460730000,45.220410000,700.000
6.460760000,45.220430000,700.000
6.460810000,45.220400000,700.000
6.460940000,45.220350000,700.000
6.461050000,45.220320000,700.000
6.461380000,45.220260000,700.000
6.462000000,45.220160000,701.000
6.462440000,45.220090000,701.000
6.462530000,45.220080000,701.000
6.462640000,45.220070000,702.000
6.462740000,45.220060000,702.000
6.463120000,45.220010000,702.000
6.464130000,45.219910000,702.000
6.464590000,45.219830000,703.000
6.464650000,45.219820000,703.000
6.464700000,45.219810000,703.000
6.464720000,45.219780000,703.000
6.464740000,45.219750000,703.000
6.464770000,45.219730000,704.000
6.464810000,45.219710000,704.000
6.464860000,45.219700000,704.000
6.464910000,45.219700000,704.000
6.464950000,45.219710000,704.000
6.465000000,45.219730000,704.000
6.465030000,45.219750000,704.000
6.465110000,45.219770000,704.000
6.465160000,45.219780000,704.000
6.465200000,45.219780000,704.000
6.465270000,45.219770000,704.000
6.465370000,45.219770000,704.000
6.465390000,45.219770000,704.000
6.465680000,45.219750000,704.000
6.466380000,45.219670000,705.000
6.467700000,45.219540000,705.000
6.467790000,45.219530000,706.000
6.467940000,45.219520000,706.000
6.468830000,45.219420000,707.000
6.469060000,45.219360000,708.000
6.469260000,45.219250000,708.000
6.469440000,45.219140000,709.000
6.469550000,45.219050000,709.000
6.469900000,45.218810000,710.000
6.470270000,45.218550000,710.000
6.470720000,45.218250000,711.000
6.470840000,45.218160000,711.000
6.471140000,45.217950000,711.000
6.471190000,45.217900000,711.000
6.471290000,45.217780000,711.000
6.471550000,45.217590000,711.000
6.471700000,45.217520000,711.000
6.471850000,45.217450000,711.000
6.472000000,45.217370000,711.000
6.472070000,45.217320000,711.000
6.472240000,45.217210000,711.000
6.472320000,45.217160000,712.000
6.472390000,45.217120000,712.000
6.472420000,45.217100000,712.000
6.472600000,45.217000000,712.000
6.472850000,45.216840000,712.000
6.473120000,45.216670000,712.000
6.473210000,45.216620000,713.000
6.473210000,45.216620000,713.000
6.473440000,45.216490000,713.000
6.473530000,45.216430000,713.000
6.473890000,45.216240000,714.000
6.474600000,45.215860000,714.000
6.474760000,45.215780000,715.000
6.474910000,45.215690000,715.000
6.474830000,45.215600000,716.000
6.474720000,45.215440000,716.000
6.474660000,45.215380000,716.000
6.474610000,45.215350000,717.000
6.474580000,45.215320000,717.000
6.474440000,45.215230000,717.000
6.473660000,45.214740000,718.000
6.473480000,45.214630000,719.000
6.473310000,45.214530000,719.000
6.473240000,45.214480000,720.000
6.473180000,45.214440000,720.000
6.473050000,45.214340000,721.000
6.472910000,45.214220000,722.000
6.472880000,45.214180000,722.000
6.472740000,45.214030000,723.000
6.472680000,45.213970000,724.000
6.472610000,45.213910000,724.000
6.472570000,45.213880000,725.000
6.472480000,45.213820000,725.000
6.472410000,45.213780000,726.000
6.472320000,45.213740000,726.000
6.472220000,45.213700000,726.000
6.472100000,45.213670000,727.000
6.471890000,45.213600000,728.000
6.471690000,45.213550000,728.000
6.471500000,45.213500000,729.000
6.471090000,45.213380000,730.000
6.471060000,45.213370000,731.000
6.470960000,45.213340000,732.000
6.470930000,45.213330000,732.000
6.470830000,45.213310000,733.000
6.470730000,45.213280000,733.000
6.470670000,45.213270000,734.000
6.470620000,45.213270000,734.000
6.470580000,45.213270000,734.000
6.470530000,45.213280000,735.000
6.470500000,45.213290000,735.000
6.470470000,45.213310000,735.000
6.470440000,45.213330000,735.000
6.470410000,45.213360000,736.000
6.470390000,45.213390000,736.000
6.470370000,45.213420000,736.000
6.470370000,45.213440000,736.000
6.470370000,45.213480000,736.000
6.470370000,45.213510000,737.000
6.470370000,45.213570000,737.000
6.470380000,45.213620000,737.000
6.470420000,45.213760000,738.000
6.470430000,45.213840000,738.000
6.470440000,45.213900000,739.000
6.470440000,45.213930000,739.000
6.470420000,45.213970000,739.000
6.470410000,45.214000000,740.000
6.470390000,45.214040000,740.000
6.470340000,45.214090000,740.000
6.470300000,45.214130000,741.000
6.470240000,45.214170000,741.000
6.470120000,45.214230000,741.000
6.470050000,45.214260000,742.000
6.469960000,45.214300000,742.000
6.469890000,45.214320000,743.000
6.469840000,45.214330000,743.000
6.469780000,45.214350000,743.000
6.469680000,45.214350000,744.000
6.469610000,45.214350000,744.000
6.469350000,45.214360000,745.000
6.469320000,45.214360000,745.000
6.469230000,45.214360000,746.000
6.469130000,45.214350000,746.000
6.469060000,45.214330000,747.000
6.468990000,45.214320000,747.000
6.468910000,45.214290000,748.000
6.468800000,45.214250000,748.000
6.468720000,45.214200000,749.000
6.468620000,45.214140000,749.000
6.468170000,45.213820000,751.000
6.468040000,45.213710000,752.000
6.467950000,45.213630000,753.000
6.467870000,45.213550000,754.000
6.467790000,45.213440000,755.000
6.467740000,45.213360000,756.000
6.467700000,45.213290000,757.000
6.467660000,45.213210000,757.000
6.467640000,45.213120000,758.000
6.467600000,45.212920000,759.000
6.467580000,45.212770000,760.000
6.467560000,45.212720000,761.000
6.467550000,45.212680000,762.000
6.467530000,45.212660000,762.000
6.467510000,45.212630000,762.000
6.467480000,45.212610000,763.000
6.467450000,45.212590000,763.000
6.467390000,45.212570000,763.000
6.467330000,45.212550000,764.000
6.467290000,45.212540000,764.000
6.467220000,45.212540000,764.000
6.467100000,45.212530000,765.000
6.466960000,45.212520000,765.000
6.466640000,45.212520000,766.000
6.466340000,45.212510000,768.000
6.466240000,45.212500000,768.000
6.466170000,45.212490000,769.000
6.466120000,45.212470000,770.000
6.466060000,45.212450000,770.000
6.466020000,45.212420000,771.000
6.465980000,45.212390000,771.000
6.465950000,45.212350000,772.000
6.465930000,45.212320000,772.000
6.465910000,45.212290000,772.000
6.465910000,45.212250000,773.000
6.465910000,45.212220000,773.000
6.465930000,45.212180000,773.000
6.465940000,45.212150000,773.000
6.465970000,45.212120000,774.000
6.466010000,45.212090000,774.000
6.466060000,45.212060000,774.000
6.466160000,45.212000000,775.000
6.466200000,45.211970000,775.000
6.466250000,45.211920000,776.000
6.466290000,45.211870000,776.000
6.466310000,45.211810000,776.000
6.466330000,45.211740000,777.000
6.466360000,45.211560000,778.000
6.466390000,45.211500000,778.000
6.466440000,45.211460000,779.000
6.466470000,45.211430000,779.000
6.466520000,45.211410000,780.000
6.466580000,45.211390000,780.000
6.466630000,45.211380000,781.000
6.466690000,45.211380000,781.000
6.466740000,45.211390000,781.000
6.466790000,45.211400000,782.000
6.466840000,45.211410000,782.000
6.466890000,45.211430000,782.000
6.466940000,45.211470000,783.000
6.467040000,45.211560000,783.000
6.467290000,45.211830000,784.000
6.467370000,45.211890000,785.000
6.467410000,45.211920000,786.000
6.467450000,45.211930000,787.000
6.467480000,45.211930000,787.000
6.467500000,45.211940000,788.000
6.467520000,45.211940000,788.000
6.467570000,45.211940000,788.000
6.467610000,45.211930000,789.000
6.467670000,45.211920000,789.000
6.467760000,45.211890000,789.000
6.467840000,45.211850000,790.000
6.467970000,45.211780000,791.000
6.468080000,45.211710000,792.000
6.468220000,45.211600000,793.000
6.468370000,45.211480000,794.000
6.468540000,45.211340000,795.000
6.468640000,45.211250000,797.000
6.468710000,45.211170000,798.000
6.468780000,45.211070000,799.000
6.468890000,45.210890000,800.000
6.469240000,45.210340000,803.000
6.469290000,45.210260000,806.000
6.469340000,45.210210000,808.000
6.469380000,45.210170000,809.000
6.469440000,45.210120000,810.000
6.469520000,45.210070000,811.000
6.469560000,45.210050000,812.000
6.469580000,45.210030000,813.000
6.469590000,45.210010000,813.000
6.469590000,45.209980000,814.000
6.469590000,45.209960000,814.000
6.469570000,45.209940000,814.000
6.469560000,45.209920000,815.000
6.469540000,45.209910000,815.000
6.469510000,45.209890000,815.000
6.469470000,45.209880000,815.000
6.469430000,45.209870000,816.000
6.469390000,45.209870000,816.000
6.469360000,45.209880000,816.000
6.469310000,45.209890000,817.000
6.469200000,45.209920000,817.000
6.469000000,45.209980000,818.000
6.468610000,45.210070000,820.000
6.468380000,45.210120000,822.000
6.468230000,45.210160000,823.000
6.468060000,45.210170000,825.000
6.467840000,45.210180000,826.000
6.467460000,45.210190000,828.000
6.467320000,45.210190000,830.000
6.467220000,45.210210000,831.000
6.467100000,45.210230000,832.000
6.467030000,45.210240000,833.000
6.466990000,45.210250000,834.000
6.466950000,45.210240000,834.000
6.466900000,45.210230000,835.000
6.466870000,45.210220000,835.000
6.466840000,45.210190000,835.000
6.466830000,45.210170000,835.000
6.466820000,45.210150000,836.000
6.466820000,45.210120000,836.000
6.466820000,45.210090000,836.000
6.466840000,45.210060000,836.000
6.466870000,45.210050000,837.000
6.466910000,45.210030000,837.000
6.467160000,45.210000000,837.000
6.467500000,45.209940000,838.000
6.467660000,45.209920000,839.000
6.467810000,45.209880000,840.000
6.467930000,45.209840000,841.000
6.468080000,45.209770000,842.000
6.468210000,45.209700000,842.000
6.468340000,45.209620000,843.000
6.468410000,45.209570000,844.000
6.468470000,45.209510000,845.000
6.468620000,45.209270000,846.000
6.468710000,45.209080000,848.000
6.468760000,45.208910000,849.000
6.468850000,45.208620000,851.000
6.468880000,45.208550000,853.000
6.468920000,45.208490000,854.000
6.469010000,45.208370000,856.000
6.469110000,45.208250000,857.000
6.469230000,45.208110000,858.000
6.469380000,45.207970000,860.000
6.469420000,45.207930000,861.000
6.469430000,45.207880000,862.000
6.469430000,45.207850000,863.000
6.469420000,45.207810000,863.000
6.469400000,45.207790000,864.000
6.469360000,45.207760000,864.000
6.469320000,45.207740000,865.000
6.469270000,45.207740000,865.000
6.469220000,45.207730000,865.000
6.469190000,45.207740000,866.000
6.469150000,45.207750000,866.000
6.469110000,45.207770000,866.000
6.469070000,45.207790000,867.000
6.468990000,45.207860000,867.000
6.468750000,45.208100000,868.000
6.468590000,45.208250000,869.000
6.468390000,45.208440000,871.000
6.468240000,45.208540000,873.000
6.468180000,45.208570000,874.000
6.468090000,45.208600000,875.000
6.467920000,45.208630000,876.000
6.467830000,45.208660000,877.000
6.467750000,45.208690000,877.000
6.467670000,45.208730000,878.000
6.467430000,45.208870000,879.000
6.467370000,45.208900000,880.000
6.467320000,45.208910000,881.000
6.467250000,45.208930000,882.000
6.467180000,45.208930000,882.000
6.467110000,45.208920000,883.000
6.467030000,45.208910000,883.000
6.466940000,45.208880000,884.000
6.466620000,45.208780000,885.000
6.466530000,45.208750000,886.000
6.466440000,45.208740000,887.000
6.466350000,45.208730000,887.000
6.466280000,45.208730000,888.000
6.466190000,45.208740000,889.000
6.466090000,45.208760000,889.000
6.465960000,45.208780000,890.000
6.465860000,45.208790000,891.000
6.465780000,45.208790000,891.000
6.465710000,45.208790000,892.000
6.465620000,45.208770000,893.000
6.465430000,45.208710000,893.000
6.465320000,45.208690000,894.000
6.465210000,45.208680000,895.000
6.465120000,45.208670000,896.000
6.465000000,45.208680000,896.000
6.464690000,45.208680000,898.000
6.464520000,45.208680000,899.000
6.464460000,45.208680000,900.000
6.464410000,45.208670000,901.000
6.464370000,45.208670000,901.000
6.464330000,45.208660000,902.000
6.464290000,45.208640000,902.000
6.464250000,45.208620000,902.000
6.464210000,45.208590000,903.000
6.464180000,45.208560000,903.000
6.464150000,45.208510000,904.000
6.464130000,45.208470000,904.000
6.464090000,45.208370000,905.000
6.463990000,45.208100000,906.000
6.463970000,45.208020000,907.000
6.463940000,45.207970000,908.000
6.463890000,45.207920000,909.000
6.463800000,45.207860000,910.000
6.463780000,45.207850000,910.000
6.463730000,45.207840000,911.000
6.463680000,45.207830000,911.000
6.463670000,45.207830000,912.000
6.463640000,45.207830000,912.000
6.463600000,45.207830000,912.000
6.463550000,45.207840000,913.000
6.463500000,45.207840000,913.000
6.463250000,45.207930000,914.000
6.463120000,45.207980000,915.000
6.463020000,45.207990000,916.000
6.462990000,45.208000000,916.000
6.462900000,45.208000000,917.000
6.462600000,45.208020000,918.000
6.462360000,45.208030000,919.000
6.462260000,45.208030000,921.000
6.462190000,45.208020000,921.000
6.462130000,45.208010000,922.000
6.462080000,45.208000000,923.000
6.462020000,45.207970000,924.000
6.461930000,45.207930000,924.000
6.461850000,45.207870000,925.000
6.461760000,45.207820000,926.000
6.461670000,45.207780000,926.000
6.461570000,45.207750000,927.000
6.461470000,45.207730000,928.000
6.461360000,45.207720000,929.000
6.461150000,45.207700000,930.000
6.461050000,45.207680000,931.000
6.460970000,45.207660000,932.000
6.460910000,45.207640000,932.000
6.460820000,45.207610000,933.000
6.460710000,45.207560000,934.000
6.460630000,45.207530000,935.000
6.460550000,45.207510000,935.000
6.460480000,45.207510000,936.000
6.460380000,45.207500000,936.000
6.460260000,45.207500000,937.000
6.460200000,45.207490000,938.000
6.460120000,45.207460000,938.000
6.460080000,45.207430000,939.000
6.459980000,45.207320000,940.000
6.459880000,45.207230000,941.000
6.459820000,45.207190000,941.000
6.459770000,45.207170000,942.000
6.459690000,45.207140000,943.000
6.459640000,45.207140000,943.000
6.459600000,45.207140000,944.000
6.459540000,45.207140000,944.000
6.459470000,45.207150000,944.000
6.459410000,45.207160000,945.000
6.459300000,45.207200000,945.000
6.459160000,45.207270000,946.000
6.459030000,45.207320000,947.000
6.458410000,45.207580000,949.000
6.458260000,45.207630000,951.000
6.458110000,45.207690000,952.000
6.458060000,45.207720000,953.000
6.458020000,45.207750000,954.000
6.457990000,45.207780000,954.000
6.457970000,45.207820000,955.000
6.457960000,45.207860000,955.000
6.457950000,45.207910000,955.000
6.457960000,45.208070000,956.000
6.457950000,45.208350000,956.000
6.457940000,45.208420000,957.000
6.457910000,45.208470000,957.000
6.457860000,45.208590000,958.000
6.457840000,45.208650000,958.000
6.457830000,45.208700000,959.000
6.457830000,45.208740000,959.000
6.457830000,45.208780000,959.000
6.457840000,45.208850000,959.000
6.457890000,45.209040000,960.000
6.457900000,45.209100000,960.000
6.457900000,45.209150000,961.000
6.457890000,45.209200000,961.000
6.457880000,45.209250000,961.000
6.457860000,45.209290000,962.000
6.457820000,45.209340000,962.000
6.457790000,45.209380000,962.000
6.457720000,45.209460000,963.000
6.457610000,45.209580000,963.000
6.457550000,45.209640000,964.000
6.457520000,45.209690000,964.000
6.457490000,45.209740000,965.000
6.457470000,45.209800000,965.000
6.457460000,45.209860000,966.000
6.457450000,45.209950000,966.000
6.457460000,45.210150000,967.000
6.457460000,45.210230000,968.000
6.457470000,45.210290000,969.000
6.457490000,45.210340000,969.000
6.457510000,45.210370000,969.000
6.457560000,45.210440000,970.000
6.457670000,45.210570000,971.000
6.457690000,45.210610000,971.000
6.457700000,45.210640000,972.000
6.457700000,45.210670000,972.000
6.457680000,45.210700000,972.000
6.457660000,45.210720000,973.000
6.457630000,45.210730000,973.000
6.457600000,45.210740000,973.000
6.457560000,45.210750000,973.000
6.457500000,45.210730000,974.000
6.457460000,45.210720000,974.000
6.457420000,45.210700000,974.000
6.457240000,45.210570000,975.000
6.457030000,45.210430000,977.000
6.456850000,45.210310000,978.000
6.456720000,45.210230000,980.000
6.456610000,45.210180000,982.000
6.456470000,45.210130000,983.000
6.456310000,45.210080000,985.000
6.456110000,45.210040000,987.000
6.455990000,45.210020000,988.000
6.455870000,45.210010000,990.000
6.455760000,45.210010000,991.000
6.455670000,45.210030000,992.000
6.455560000,45.210050000,993.000
6.455470000,45.210070000,994.000
6.455330000,45.210120000,995.000
6.455170000,45.210180000,997.000
6.454960000,45.210270000,998.000
6.454760000,45.210380000,1000.000
6.454700000,45.210410000,1001.000
6.454660000,45.210410000,1001.000
6.454620000,45.210420000,1002.000
6.454580000,45.210410000,1003.000
6.454540000,45.210400000,1003.000
6.454510000,45.210390000,1003.000
6.454490000,45.210380000,1004.000
6.454460000,45.210360000,1004.000
6.454450000,45.210340000,1004.000
6.454440000,45.210310000,1004.000
6.454440000,45.210280000,1004.000
6.454440000,45.210260000,1005.000
6.454450000,45.210250000,1005.000
6.454470000,45.210220000,1005.000
6.454500000,45.210190000,1005.000
6.454530000,45.210170000,1006.000
6.454610000,45.210140000,1006.000
6.454730000,45.210100000,1006.000
6.454800000,45.210070000,1007.000
6.454850000,45.210040000,1007.000
6.454900000,45.210000000,1008.000
6.454940000,45.209960000,1008.000
6.454980000,45.209910000,1009.000
6.455060000,45.209810000,1009.000
6.455130000,45.209740000,1010.000
6.455180000,45.209690000,1010.000
6.455220000,45.209660000,1011.000
6.455300000,45.209620000,1011.000
6.455360000,45.209590000,1012.000
6.455440000,45.209570000,1012.000
6.455540000,45.209550000,1013.000
6.455660000,45.209540000,1013.000
6.455860000,45.209540000,1014.000
6.455950000,45.209530000,1015.000
6.456000000,45.209520000,1015.000
6.456040000,45.209500000,1016.000
6.456070000,45.209480000,1016.000
6.456100000,45.209450000,1017.000
6.456120000,45.209430000,1017.000
6.456130000,45.209410000,1017.000
6.456130000,45.209370000,1017.000
6.456130000,45.209320000,1018.000
6.456090000,45.209130000,1019.000
6.456080000,45.209080000,1019.000
6.456050000,45.209030000,1020.000
6.456030000,45.208990000,1020.000
6.455990000,45.208960000,1021.000
6.455950000,45.208930000,1021.000
6.455890000,45.208890000,1021.000
6.455800000,45.208860000,1022.000
6.455660000,45.208820000,1023.000
6.455460000,45.208760000,1023.000
6.455310000,45.208720000,1024.000
6.455210000,45.208680000,1025.000
6.455070000,45.208620000,1026.000
6.454940000,45.208550000,1027.000
6.454640000,45.208400000,1028.000
6.454350000,45.208250000,1030.000
6.454130000,45.208150000,1032.000
6.453760000,45.207980000,1034.000
6.453700000,45.207950000,1036.000
6.453620000,45.207900000,1037.000
6.453570000,45.207860000,1039.000
6.453520000,45.207810000,1040.000
6.453490000,45.207770000,1040.000
6.453450000,45.207710000,1041.000
6.453430000,45.207660000,1042.000
6.453410000,45.207610000,1043.000
6.453390000,45.207500000,1043.000
6.453360000,45.207330000,1045.000
6.453360000,45.207200000,1046.000
6.453360000,45.207130000,1047.000
6.453370000,45.207060000,1048.000
6.453400000,45.206940000,1049.000
6.453420000,45.206800000,1050.000
6.453430000,45.206700000,1052.000
6.453430000,45.206550000,1053.000
6.453430000,45.206440000,1054.000
6.453420000,45.206360000,1055.000
6.453400000,45.206280000,1056.000
6.453370000,45.206200000,1057.000
6.453300000,45.206040000,1059.000
6.453260000,45.205910000,1060.000
6.453230000,45.205810000,1061.000
6.453200000,45.205680000,1062.000
6.453190000,45.205570000,1064.000
6.453180000,45.205500000,1065.000
6.453180000,45.205400000,1066.000
6.453180000,45.205200000,1067.000
6.453190000,45.205050000,1069.000
6.453190000,45.204910000,1070.000
6.453170000,45.204640000,1071.000
6.453160000,45.204380000,1073.000
6.453170000,45.204250000,1075.000
6.453170000,45.204170000,1076.000
6.453190000,45.204090000,1077.000
6.453220000,45.204000000,1078.000
6.453250000,45.203930000,1079.000
6.453290000,45.203880000,1079.000
6.453350000,45.203830000,1080.000
6.453400000,45.203800000,1080.000
6.453470000,45.203770000,1081.000
6.453550000,45.203750000,1081.000
6.453550000,45.203750000,1082.000
6.453620000,45.203740000,1082.000
6.453850000,45.203700000,1083.000
6.454020000,45.203670000,1084.000
6.454270000,45.203610000,1085.000
6.454390000,45.203560000,1086.000
6.454520000,45.203500000,1087.000
6.454710000,45.203410000,1088.000
6.454790000,45.203360000,1089.000
6.454860000,45.203320000,1090.000
6.454930000,45.203290000,1091.000
6.455020000,45.203230000,1092.000
6.455150000,45.203150000,1093.000
6.455280000,45.203030000,1095.000
6.455360000,45.202940000,1096.000
6.455460000,45.202840000,1097.000
6.455530000,45.202770000,1099.000
6.455570000,45.202730000,1100.000
6.455600000,45.202690000,1100.000
6.455620000,45.202650000,1101.000
6.455630000,45.202610000,1102.000
6.455640000,45.202580000,1102.000
6.455630000,45.202550000,1103.000
6.455620000,45.202500000,1103.000
6.455600000,45.202460000,1104.000
6.455570000,45.202400000,1104.000
6.455510000,45.202350000,1105.000
6.455480000,45.202330000,1106.000
6.455440000,45.202310000,1106.000
6.455390000,45.202300000,1107.000
6.455340000,45.202300000,1107.000
6.455290000,45.202300000,1107.000
6.455250000,45.202320000,1107.000
6.455190000,45.202350000,1108.000
6.455160000,45.202380000,1108.000
6.454910000,45.202580000,1108.000
6.454690000,45.202740000,1108.000
6.454530000,45.202870000,1109.000
6.454450000,45.202940000,1109.000
6.454360000,45.203030000,1109.000
6.454320000,45.203070000,1109.000
6.454280000,45.203090000,1110.000
6.454230000,45.203100000,1110.000
6.454190000,45.203110000,1110.000
6.454150000,45.203100000,1110.000
6.454100000,45.203100000,1110.000
6.454070000,45.203080000,1110.000
6.454040000,45.203060000,1110.000
6.454010000,45.203040000,1110.000
6.454000000,45.203020000,1110.000
6.453990000,45.202990000,1110.000
6.453990000,45.202960000,1111.000
6.454000000,45.202930000,1111.000
6.454020000,45.202900000,1111.000
6.454040000,45.202880000,1111.000
6.454110000,45.202840000,1111.000
6.454240000,45.202760000,1111.000
6.454280000,45.202730000,1111.000
6.454340000,45.202690000,1111.000
6.454460000,45.202590000,1112.000
6.454640000,45.202450000,1112.000
6.454700000,45.202390000,1113.000
6.454730000,45.202340000,1113.000
6.454760000,45.202280000,1113.000
6.454780000,45.202210000,1114.000
6.454780000,45.202160000,1114.000
6.454780000,45.202050000,1115.000
6.454780000,45.201990000,1115.000
6.454790000,45.201960000,1115.000
6.454810000,45.201920000,1116.000
6.454840000,45.201890000,1116.000
6.454880000,45.201860000,1116.000
6.454920000,45.201840000,1116.000
6.454960000,45.201820000,1117.000
6.455010000,45.201810000,1117.000
6.455060000,45.201800000,1117.000
6.455110000,45.201800000,1117.000
6.455200000,45.201810000,1118.000
6.455380000,45.201830000,1118.000
6.455590000,45.201860000,1118.000
6.455710000,45.201900000,1119.000
6.455890000,45.201980000,1120.000
6.456040000,45.202050000,1120.000
6.456090000,45.202050000,1121.000
6.456140000,45.202050000,1121.000
6.456180000,45.202040000,1122.000
6.456220000,45.202020000,1123.000
6.456260000,45.201990000,1123.000
6.456310000,45.201950000,1124.000
6.456350000,45.201890000,1125.000
6.456370000,45.201850000,1125.000
6.456390000,45.201770000,1126.000
6.456400000,45.201670000,1128.000
6.456400000,45.201410000,1130.000
6.456410000,45.201360000,1131.000
6.456430000,45.201320000,1133.000
6.456460000,45.201290000,1134.000
6.456500000,45.201260000,1135.000
6.456550000,45.201230000,1136.000
6.456620000,45.201220000,1137.000
6.456670000,45.201220000,1137.000
6.456740000,45.201230000,1138.000
6.456790000,45.201250000,1139.000
6.456850000,45.201280000,1140.000
6.456930000,45.201330000,1141.000
6.457120000,45.201470000,1142.000
6.457280000,45.201590000,1144.000
6.457370000,45.201650000,1146.000
6.457470000,45.201750000,1148.000
6.457510000,45.201800000,1149.000
6.457610000,45.201960000,1150.000
6.457660000,45.202030000,1151.000
6.457740000,45.202110000,1152.000
6.457880000,45.202220000,1153.000
6.457960000,45.202270000,1153.000
6.458050000,45.202310000,1154.000
6.458140000,45.202350000,1154.000
6.458360000,45.202420000,1155.000
6.458450000,45.202450000,1155.000
6.458590000,45.202510000,1156.000
6.458690000,45.202570000,1156.000
6.458790000,45.202630000,1156.000
6.458960000,45.202730000,1157.000
6.459310000,45.202960000,1158.000
6.459430000,45.203020000,1159.000
6.459520000,45.203070000,1160.000
6.459630000,45.203110000,1161.000
6.459740000,45.203140000,1162.000
6.459840000,45.203160000,1162.000
6.459940000,45.203180000,1163.000
6.460040000,45.203190000,1164.000
6.460120000,45.203200000,1165.000
6.460230000,45.203200000,1166.000
6.460480000,45.203190000,1167.000
6.460570000,45.203190000,1168.000
6.460630000,45.203200000,1169.000
6.460700000,45.203200000,1170.000
6.460760000,45.203220000,1170.000
6.460830000,45.203240000,1171.000
6.460940000,45.203290000,1172.000
6.461090000,45.203350000,1173.000
6.461220000,45.203410000,1174.000
6.461300000,45.203440000,1175.000
6.461370000,45.203460000,1176.000
6.461440000,45.203470000,1176.000
6.461520000,45.203480000,1177.000
6.461650000,45.203480000,1178.000
6.461920000,45.203480000,1179.000
6.462010000,45.203490000,1180.000
6.462110000,45.203500000,1181.000
6.462210000,45.203520000,1181.000
6.462330000,45.203530000,1182.000
6.462490000,45.203550000,1182.000
6.462710000,45.203560000,1182.000
6.462820000,45.203560000,1183.000
6.462890000,45.203560000,1183.000
6.462950000,45.203550000,1183.000
6.463000000,45.203540000,1184.000
6.463060000,45.203520000,1184.000
6.463100000,45.203490000,1184.000
6.463150000,45.203460000,1184.000
6.463200000,45.203400000,1184.000
6.463230000,45.203350000,1185.000
6.463290000,45.203250000,1185.000
6.463340000,45.203130000,1185.000
6.463400000,45.203020000,1185.000
6.463440000,45.202940000,1186.000
6.463490000,45.202890000,1186.000
6.463570000,45.202800000,1186.000
6.463640000,45.202740000,1187.000
6.463730000,45.202680000,1187.000
6.463930000,45.202570000,1188.000
6.464380000,45.202320000,1190.000
6.464970000,45.202000000,1193.000
6.465170000,45.201920000,1195.000
6.465270000,45.201880000,1197.000
6.465380000,45.201850000,1199.000
6.465490000,45.201820000,1200.000
6.465900000,45.201770000,1202.000
6.466050000,45.201750000,1203.000
6.466210000,45.201730000,1205.000
6.466270000,45.201730000,1206.000
6.466340000,45.201720000,1206.000
6.466450000,45.201670000,1207.000
6.466680000,45.201550000,1208.000
6.467020000,45.201290000,1210.000
6.467280000,45.201050000,1212.000
6.467340000,45.201000000,1213.000
6.467420000,45.200920000,1215.000
6.467470000,45.200840000,1216.000
6.467490000,45.200790000,1216.000
6.467510000,45.200740000,1217.000
6.467520000,45.200650000,1218.000
6.467530000,45.200500000,1219.000
6.467580000,45.200290000,1220.000
6.467610000,45.200200000,1221.000
6.467790000,45.199810000,1223.000
6.467920000,45.199540000,1225.000
6.468150000,45.199240000,1227.000
6.468190000,45.199150000,1229.000
6.468190000,45.199080000,1230.000
6.468180000,45.199010000,1231.000
6.468130000,45.198880000,1232.000
6.468070000,45.198740000,1233.000
6.468040000,45.198660000,1234.000
6.468040000,45.198550000,1235.000
6.468070000,45.198480000,1235.000
6.468110000,45.198420000,1236.000
6.468170000,45.198370000,1236.000
6.468260000,45.198300000,1237.000
6.468380000,45.198230000,1237.000
6.468610000,45.198100000,1238.000
6.468780000,45.198020000,1238.000
6.468980000,45.197960000,1239.000
6.469100000,45.197930000,1239.000
6.469200000,45.197920000,1240.000
6.469300000,45.197920000,1240.000
6.469410000,45.197910000,1240.000
6.469450000,45.197910000,1241.000
6.469490000,45.197890000,1241.000
6.469520000,45.197870000,1241.000
6.469540000,45.197850000,1241.000
6.469550000,45.197830000,1241.000
6.469560000,45.197810000,1241.000
6.469560000,45.197790000,1241.000
6.469550000,45.197760000,1242.000
6.469540000,45.197740000,1242.000
6.469530000,45.197720000,1242.000
6.469500000,45.197700000,1242.000
6.469480000,45.197690000,1242.000
6.469450000,45.197680000,1242.000
6.469410000,45.197670000,1242.000
6.469350000,45.197670000,1242.000
6.469270000,45.197700000,1243.000
6.469140000,45.197740000,1243.000
6.469020000,45.197780000,1244.000
6.468760000,45.197830000,1245.000
6.468660000,45.197860000,1245.000
6.468520000,45.197910000,1246.000
6.468300000,45.198000000,1247.000
6.468030000,45.198120000,1249.000
6.467780000,45.198250000,1250.000
6.467660000,45.198320000,1252.000
6.467560000,45.198380000,1253.000
6.467460000,45.198460000,1254.000
6.467400000,45.198540000,1255.000
6.467370000,45.198620000,1256.000
6.467310000,45.198780000,1257.000
6.467260000,45.198970000,1258.000
6.467200000,45.199360000,1260.000
6.467190000,45.199420000,1261.000
6.467180000,45.199460000,1262.000
6.467170000,45.199480000,1263.000
6.467140000,45.199500000,1264.000
6.467110000,45.199520000,1264.000
6.467070000,45.199530000,1264.000
6.467020000,45.199530000,1265.000
6.466970000,45.199530000,1265.000
6.466920000,45.199510000,1265.000
6.466870000,45.199470000,1266.000
6.466860000,45.199410000,1266.000
6.466870000,45.199350000,1266.000
6.466920000,45.199260000,1267.000
6.466970000,45.199140000,1267.000
6.467000000,45.199060000,1268.000
6.467010000,45.198990000,1269.000
6.467000000,45.198920000,1269.000
6.466970000,45.198760000,1270.000
6.466970000,45.198590000,1271.000
6.466990000,45.198480000,1272.000
6.467040000,45.198380000,1272.000
6.467110000,45.198280000,1273.000
6.467200000,45.198160000,1274.000
6.467280000,45.198070000,1274.000
6.467440000,45.197930000,1275.000
6.467590000,45.197820000,1276.000
6.467980000,45.197560000,1277.000
6.468160000,45.197430000,1279.000
6.468230000,45.197360000,1280.000
6.468280000,45.197300000,1280.000
6.468290000,45.197290000,1281.000
6.468330000,45.197160000,1281.000
6.468350000,45.197030000,1282.000
6.468370000,45.196830000,1283.000
6.468380000,45.196720000,1284.000
6.468420000,45.196600000,1285.000
6.468480000,45.196440000,1287.000
6.468560000,45.196310000,1288.000
6.468650000,45.196210000,1289.000
6.468720000,45.196150000,1290.000
6.468760000,45.196090000,1291.000
6.468760000,45.196030000,1292.000
6.468730000,45.195990000,1292.000
6.468690000,45.195950000,1293.000
6.468640000,45.195920000,1293.000
6.468570000,45.195910000,1294.000
6.468500000,45.195910000,1294.000
6.468440000,45.195940000,1295.000
6.468390000,45.195980000,1295.000
6.468380000,45.196030000,1296.000
6.468390000,45.196130000,1296.000
6.468400000,45.196190000,1297.000
6.468340000,45.196290000,1298.000
6.468240000,45.196400000,1299.000
6.468110000,45.196510000,1300.000
6.467940000,45.196660000,1301.000
6.467670000,45.196890000,1302.000
6.467530000,45.196980000,1304.000
6.467360000,45.197070000,1305.000
6.467280000,45.197120000,1306.000
6.467260000,45.197140000,1307.000
6.467200000,45.197190000,1308.000
6.467150000,45.197250000,1309.000
6.467080000,45.197280000,1309.000
6.467010000,45.197280000,1310.000
6.466950000,45.197270000,1310.000
6.466900000,45.197240000,1311.000
6.466870000,45.197220000,1311.000
6.466850000,45.197150000,1311.000
6.466880000,45.197090000,1312.000
6.466960000,45.197050000,1312.000
6.467150000,45.196940000,1313.000
6.467250000,45.196890000,1314.000
6.467340000,45.196820000,1315.000
6.467420000,45.196740000,1315.000
6.467490000,45.196660000,1316.000
6.467570000,45.196550000,1316.000
6.467700000,45.196330000,1317.000
6.467820000,45.196120000,1318.000
6.467910000,45.195960000,1319.000
6.467980000,45.195860000,1320.000
6.468000000,45.195830000,1321.000
6.468070000,45.195760000,1321.000
6.468340000,45.195540000,1322.000
6.468430000,45.195440000,1323.000
6.468550000,45.195280000,1324.000
6.468690000,45.195070000,1325.000
6.468770000,45.194980000,1326.000
6.468930000,45.194850000,1326.000
6.468980000,45.194780000,1327.000
6.468980000,45.194710000,1328.000
6.468970000,45.194660000,1328.000
6.468940000,45.194630000,1328.000
6.468900000,45.194560000,1329.000
6.468680000,45.194380000,1329.000
6.468450000,45.194190000,1330.000
6.468390000,45.194120000,1331.000
6.468340000,45.194050000,1332.000
6.468270000,45.193930000,1332.000
6.468230000,45.193840000,1333.000
6.468220000,45.193770000,1333.000
6.468220000,45.193690000,1334.000
6.468220000,45.193640000,1334.000
6.468230000,45.193590000,1334.000
6.468260000,45.193520000,1335.000
6.468300000,45.193440000,1335.000
6.468320000,45.193400000,1336.000
6.468320000,45.193360000,1336.000
6.468310000,45.193340000,1336.000
6.468270000,45.193310000,1336.000
6.468230000,45.193290000,1337.000
6.468180000,45.193290000,1337.000
6.468130000,45.193280000,1337.000
6.468080000,45.193300000,1337.000
6.468030000,45.193340000,1338.000
6.468010000,45.193380000,1338.000
6.468000000,45.193420000,1338.000
6.468000000,45.193550000,1339.000
6.468000000,45.193640000,1339.000
6.467990000,45.193930000,1340.000
6.467980000,45.194200000,1341.000
6.467970000,45.194360000,1342.000
6.467960000,45.194440000,1343.000
6.467920000,45.194530000,1344.000
6.467900000,45.194560000,1345.000
6.467860000,45.194610000,1345.000
6.467720000,45.194780000,1346.000
6.467670000,45.194870000,1346.000
6.467610000,45.194980000,1347.000
6.467570000,45.195130000,1348.000
6.467540000,45.195240000,1348.000
6.467490000,45.195320000,1349.000
6.467430000,45.195350000,1350.000
6.467360000,45.195370000,1350.000
6.467240000,45.195410000,1351.000
6.467120000,45.195430000,1351.000
6.467000000,45.195480000,1352.000
6.466920000,45.195540000,1352.000
6.466840000,45.195660000,1353.000
6.466710000,45.195930000,1354.000
6.466620000,45.196110000,1355.000
6.466530000,45.196240000,1356.000
6.466460000,45.196320000,1357.000
6.466320000,45.196450000,1359.000
6.466270000,45.196490000,1360.000
6.466190000,45.196550000,1361.000
6.466140000,45.196580000,1362.000
6.466090000,45.196610000,1363.000
6.466030000,45.196640000,1364.000
6.465970000,45.196660000,1365.000
6.465930000,45.196670000,1365.000
6.465860000,45.196700000,1366.000
6.465720000,45.196730000,1367.000
6.465550000,45.196750000,1368.000
6.465170000,45.196800000,1370.000
6.465030000,45.196810000,1372.000
6.464830000,45.196850000,1374.000
6.464720000,45.196890000,1375.000
6.464620000,45.196940000,1377.000
6.464590000,45.196970000,1378.000
6.464560000,45.197000000,1379.000
6.464500000,45.197070000,1379.000
6.464460000,45.197130000,1380.000
6.464420000,45.197200000,1381.000
6.464340000,45.197400000,1382.000
6.464280000,45.197580000,1383.000
6.464260000,45.197620000,1384.000
6.464240000,45.197760000,1385.000
6.464240000,45.197790000,1385.000
6.464240000,45.197850000,1386.000
6.464290000,45.198080000,1387.000
6.464280000,45.198150000,1388.000
6.464250000,45.198220000,1388.000
6.464180000,45.198270000,1389.000
6.464090000,45.198310000,1390.000
6.463730000,45.198450000,1391.000
6.463290000,45.198610000,1392.000
6.462950000,45.198700000,1394.000
6.462720000,45.198770000,1395.000
6.462600000,45.198830000,1396.000
6.462480000,45.198900000,1397.000
6.462340000,45.198960000,1398.000
6.462030000,45.199150000,1399.000
6.461970000,45.199210000,1400.000
6.461920000,45.199270000,1401.000
6.461830000,45.199350000,1401.000
6.461730000,45.199380000,1402.000
6.461660000,45.199380000,1402.000
6.461530000,45.199350000,1403.000
6.461210000,45.199270000,1404.000
6.460890000,45.199180000,1405.000
6.460650000,45.199110000,1405.000
6.460500000,45.199050000,1406.000
6.460360000,45.198980000,1407.000
6.460210000,45.198880000,1407.000
6.460080000,45.198770000,1408.000
6.459810000,45.198520000,1408.000
6.459580000,45.198250000,1409.000
6.459480000,45.198130000,1409.000
6.459250000,45.197840000,1410.000
6.459130000,45.197690000,1411.000
6.459110000,45.197630000,1412.000
6.459110000,45.197590000,1413.000
6.459120000,45.197460000,1415.000
6.459120000,45.197360000,1416.000
6.459090000,45.197130000,1418.000
6.459070000,45.196950000,1420.000
6.459040000,45.196760000,1422.000
6.458980000,45.196600000,1424.000
6.458900000,45.196430000,1427.000
6.458810000,45.196270000,1429.000
6.458760000,45.196210000,1431.000
6.458700000,45.196150000,1432.000
6.458570000,45.196030000,1434.000
6.458440000,45.195930000,1436.000
6.458340000,45.195870000,1437.000
6.458280000,45.195820000,1438.000
6.458260000,45.195780000,1439.000
6.458260000,45.195740000,1439.000
6.458260000,45.195670000,1440.000
6.458270000,45.195580000,1441.000
6.458270000,45.195490000,1442.000
6.458190000,45.195240000,1443.000
6.458170000,45.195180000,1444.000
6.458170000,45.195120000,1445.000
6.458180000,45.194980000,1446.000
6.458180000,45.194920000,1446.000
6.458170000,45.194820000,1447.000
6.458150000,45.194760000,1448.000
6.458140000,45.194720000,1449.000
6.458100000,45.194690000,1449.000
6.458060000,45.194670000,1450.000
6.457990000,45.194650000,1450.000
6.457920000,45.194650000,1450.000
6.457720000,45.194680000,1451.000
6.457420000,45.194750000,1452.000
6.457280000,45.194760000,1453.000
6.457140000,45.194780000,1454.000
6.456970000,45.194790000,1455.000
6.456850000,45.194770000,1455.000
6.456660000,45.194720000,1456.000
6.456520000,45.194660000,1457.000
6.456260000,45.194530000,1458.000
6.456200000,45.194510000,1458.000
6.456140000,45.194490000,1459.000
6.456000000,45.194490000,1459.000
6.455910000,45.194500000,1460.000
6.455830000,45.194510000,1460.000
6.455660000,45.194550000,1461.000
6.455550000,45.194580000,1461.000
6.455440000,45.194590000,1461.000
6.455260000,45.194580000,1462.000
6.454880000,45.194490000,1463.000
6.454600000,45.194410000,1464.000
6.454330000,45.194290000,1466.000
6.454160000,45.194150000,1468.000
6.453920000,45.194020000,1470.000
6.453700000,45.193930000,1473.000
6.453460000,45.193870000,1475.000
6.453290000,45.193800000,1477.000
6.453170000,45.193710000,1479.000
6.453040000,45.193620000,1480.000
6.452770000,45.193550000,1483.000
6.452550000,45.193520000,1485.000
6.452230000,45.193530000,1486.000
6.451680000,45.193670000,1486.000
6.451180000,45.193910000,1487.000
6.451080000,45.193960000,1487.000
6.450150000,45.194450000,1487.000
6.449710000,45.194680000,1488.000
6.449410000,45.194840000,1491.000
6.449100000,45.194970000,1493.000
6.449020000,45.195000000,1495.000
6.448760000,45.195020000,1497.000
6.448300000,45.195000000,1500.000
6.447970000,45.195010000,1503.000
6.447810000,45.195040000,1506.000
6.447710000,45.195080000,1507.000
6.447380000,45.195280000,1510.000
6.447280000,45.195350000,1511.000
6.447190000,45.195450000,1513.000
6.447020000,45.195750000,1514.000
6.446830000,45.195930000,1516.000
6.446580000,45.196070000,1518.000
6.446280000,45.196220000,1520.000
6.446200000,45.196290000,1522.000
6.446130000,45.196370000,1523.000
6.445950000,45.196680000,1524.000
6.445850000,45.196850000,1525.000
6.445790000,45.196940000,1526.000
6.445770000,45.197000000,1527.000
6.445750000,45.197070000,1528.000
6.445750000,45.197160000,1528.000
6.445760000,45.197290000,1529.000
6.445790000,45.197730000,1530.000
6.445770000,45.197850000,1531.000
6.445730000,45.197980000,1531.000
6.445600000,45.198350000,1532.000
6.445550000,45.198490000,1534.000
6.445550000,45.198590000,1536.000
6.445570000,45.198670000,1537.000
6.445940000,45.199260000,1542.000
6.446000000,45.199380000,1546.000
6.446010000,45.199420000,1549.000
6.446010000,45.199480000,1551.000
6.445990000,45.199530000,1553.000
6.445940000,45.199560000,1554.000
6.445710000,45.199670000,1556.000
6.445360000,45.199810000,1559.000
6.445200000,45.199890000,1562.000
6.445170000,45.199910000,1564.000
6.445160000,45.199940000,1565.000
6.445150000,45.199980000,1566.000
6.445160000,45.200080000,1566.000
6.445180000,45.200170000,1567.000
6.445220000,45.200340000,1567.000
6.445240000,45.200470000,1567.000
6.445290000,45.200590000,1567.000
6.445340000,45.200670000,1567.000
6.445410000,45.200750000,1567.000
6.445500000,45.200830000,1567.000
6.445590000,45.200910000,1566.000
6.445620000,45.200960000,1566.000
6.445630000,45.200990000,1566.000
6.445620000,45.201030000,1566.000
6.445610000,45.201060000,1566.000
6.445570000,45.201110000,1566.000
6.445520000,45.201150000,1566.000
6.445310000,45.201310000,1566.000
6.445270000,45.201380000,1566.000
6.445300000,45.201510000,1566.000
6.445350000,45.201730000,1566.000
6.445350000,45.201820000,1565.000
6.445300000,45.201940000,1565.000
6.444870000,45.202530000,1565.000
6.444770000,45.202660000,1565.000
6.444710000,45.202690000,1565.000
6.444610000,45.202700000,1564.000
6.444530000,45.202690000,1564.000
6.444470000,45.202680000,1564.000
6.444390000,45.202630000,1564.000
6.444360000,45.202590000,1564.000
6.444300000,45.202530000,1564.000
6.444260000,45.202480000,1564.000
6.444220000,45.202410000,1564.000
6.444140000,45.202250000,1564.000
6.444060000,45.202000000,1564.000
6.443990000,45.201800000,1564.000
6.443860000,45.201520000,1564.000
6.443850000,45.201440000,1564.000
6.443860000,45.201370000,1564.000
6.443920000,45.201280000,1564.000
6.443990000,45.201160000,1564.000
6.443970000,45.201050000,1564.000
6.443850000,45.200770000,1564.000
6.443500000,45.200000000,1564.000
6.443380000,45.199700000,1564.000
6.443220000,45.199360000,1565.000
6.443060000,45.199030000,1565.000
6.442900000,45.198750000,1566.000
6.442670000,45.198280000,1566.000
6.442630000,45.198200000,1567.000
6.442590000,45.198040000,1567.000
6.442530000,45.197960000,1567.000
6.442520000,45.197920000,1567.000
6.442560000,45.197830000,1567.000
6.442580000,45.197750000,1567.000
6.442590000,45.197660000,1567.000
6.442560000,45.197440000,1567.000
6.442450000,45.197160000,1567.000
6.442390000,45.196870000,1567.000
6.442370000,45.196770000,1567.000
6.442380000,45.196680000,1567.000
6.442420000,45.196420000,1567.000
6.442420000,45.196260000,1567.000
6.442380000,45.196070000,1567.000
6.442330000,45.195900000,1567.000
6.442260000,45.195690000,1567.000
6.442240000,45.195640000,1567.000
6.442010000,45.195290000,1567.000
6.441940000,45.195160000,1567.000
6.441880000,45.195010000,1567.000
6.441860000,45.194890000,1567.000
6.441870000,45.194440000,1567.000
6.441860000,45.194130000,1566.000
6.441830000,45.193980000,1565.000
6.441790000,45.193860000,1564.000
6.441600000,45.193440000,1562.000
6.441460000,45.193170000,1559.000
6.441220000,45.192870000,1556.000
6.441000000,45.192710000,1554.000
6.440870000,45.192570000,1552.000
6.440750000,45.192380000,1551.000
6.440670000,45.192140000,1550.000
6.440630000,45.191820000,1550.000
6.440590000,45.191520000,1549.000
6.440440000,45.190980000,1549.000
6.440440000,45.190600000,1549.000
6.440480000,45.190220000,1550.000
6.440570000,45.189970000,1552.000
6.440550000,45.189720000,1553.000
6.440480000,45.189500000,1554.000
6.440370000,45.189320000,1555.000
6.440370000,45.189320000,1556.000
6.440320000,45.189240000,1556.000
6.440210000,45.189080000,1557.000
6.440030000,45.188880000,1557.000
6.439960000,45.188770000,1556.000
6.439880000,45.188610000,1555.000
6.439800000,45.188360000,1554.000
6.439640000,45.187870000,1551.000
6.439480000,45.187390000,1547.000
6.439400000,45.187120000,1544.000
6.439380000,45.186920000,1542.000
6.439380000,45.186650000,1540.000
6.439340000,45.186490000,1539.000
6.439250000,45.186320000,1538.000
6.439160000,45.186150000,1537.000
6.439000000,45.185830000,1537.000
6.438890000,45.185680000,1536.000
6.438720000,45.185490000,1536.000
6.438610000,45.185370000,1535.000
6.438510000,45.185220000,1535.000
6.438450000,45.185090000,1535.000
6.438330000,45.184650000,1534.000
6.438330000,45.184490000,1533.000
6.438350000,45.184350000,1533.000
6.438360000,45.184280000,1533.000
6.438410000,45.184020000,1532.000
6.438430000,45.183950000,1532.000
6.438440000,45.183930000,1532.000
6.438500000,45.183810000,1531.000
6.438650000,45.183640000,1531.000
6.438820000,45.183490000,1531.000
6.438890000,45.183420000,1530.000
6.438950000,45.183340000,1530.000
6.438990000,45.183240000,1530.000
6.439000000,45.183140000,1530.000
6.438970000,45.183000000,1529.000
6.438930000,45.182880000,1529.000
6.438890000,45.182740000,1529.000
6.438870000,45.182610000,1528.000
6.438880000,45.182530000,1528.000
6.438890000,45.182480000,1528.000
6.438930000,45.182340000,1528.000
6.438990000,45.182210000,1527.000
6.439050000,45.182080000,1527.000
6.439210000,45.181700000,1527.000
6.439350000,45.181360000,1526.000
6.439420000,45.181230000,1525.000
6.439510000,45.181010000,1524.000
6.439580000,45.180820000,1523.000
6.439640000,45.180610000,1523.000
6.439620000,45.180460000,1522.000
6.439580000,45.180400000,1521.000
6.439510000,45.180340000,1521.000
6.439440000,45.180280000,1520.000
6.439360000,45.180210000,1520.000
6.439320000,45.180140000,1520.000
6.439300000,45.180080000,1519.000
6.439290000,45.180010000,1519.000
6.439290000,45.179900000,1519.000
6.439310000,45.179790000,1518.000
6.439310000,45.179380000,1517.000
6.439280000,45.179020000,1516.000
6.439200000,45.178670000,1514.000
6.439150000,45.178510000,1513.000
6.439040000,45.178360000,1512.000
6.438810000,45.178130000,1510.000
6.438410000,45.177840000,1509.000
6.437860000,45.177440000,1507.000
6.437650000,45.177320000,1505.000
6.437390000,45.177150000,1503.000
6.437110000,45.177040000,1502.000
6.436670000,45.176960000,1500.000
6.436110000,45.176860000,1498.000
6.436010000,45.176850000,1497.000
6.435760000,45.176810000,1495.000
6.435440000,45.176770000,1493.000
6.435060000,45.176740000,1491.000
6.434590000,45.176720000,1489.000
6.434420000,45.176710000,1487.000
6.434370000,45.176700000,1486.000
6.434270000,45.176680000,1485.000
6.434190000,45.176650000,1484.000
6.434130000,45.176610000,1483.000
6.434100000,45.176560000,1482.000
6.434040000,45.176410000,1482.000
6.434030000,45.176370000,1481.000
6.433940000,45.176150000,1480.000
6.433870000,45.176030000,1479.000
6.433790000,45.175920000,1478.000
6.433620000,45.175770000,1477.000
6.433300000,45.175510000,1475.000
6.433180000,45.175350000,1474.000
6.433120000,45.175270000,1473.000
6.433080000,45.175180000,1472.000
6.432860000,45.174230000,1469.000
6.432750000,45.173810000,1466.000
6.432750000,45.173600000,1464.000
6.432780000,45.173420000,1462.000
6.432850000,45.173270000,1461.000
6.432930000,45.173120000,1459.000
6.432960000,45.173070000,1459.000
6.433010000,45.173020000,1458.000
6.433040000,45.172960000,1457.000
6.433080000,45.172940000,1457.000
6.433120000,45.172910000,1457.000
6.433220000,45.172830000,1456.000
6.433420000,45.172700000,1456.000
6.433450000,45.172680000,1455.000
6.433530000,45.172630000,1455.000
6.433620000,45.172550000,1454.000
6.433700000,45.172490000,1454.000
6.433720000,45.172460000,1454.000
6.433740000,45.172440000,1453.000
6.433770000,45.172390000,1453.000
6.433790000,45.172330000,1453.000
6.433800000,45.172280000,1453.000
6.433800000,45.172260000,1452.000
6.433820000,45.172120000,1452.000
6.433840000,45.171880000,1451.000
6.433860000,45.171710000,1451.000
6.433870000,45.171650000,1450.000
6.433890000,45.171580000,1450.000
6.433930000,45.171470000,1449.000
6.434070000,45.171210000,1448.000
6.434070000,45.171190000,1448.000
6.434080000,45.171160000,1447.000
6.434100000,45.171110000,1447.000
6.434100000,45.171060000,1446.000
6.434110000,45.170930000,1446.000
6.434100000,45.170790000,1446.000
6.434090000,45.170660000,1445.000
6.434070000,45.170520000,1445.000
6.434080000,45.170440000,1444.000
6.434080000,45.170410000,1444.000
6.434120000,45.170320000,1444.000
6.434200000,45.170220000,1444.000
6.434270000,45.170150000,1444.000
6.434360000,45.170060000,1443.000
6.434630000,45.169800000,1443.000
6.434710000,45.169690000,1443.000
6.434750000,45.169590000,1442.000
6.434760000,45.169480000,1442.000
6.434750000,45.169420000,1442.000
6.434750000,45.169380000,1442.000
6.434720000,45.169310000,1442.000
6.434680000,45.169250000,1441.000
6.434540000,45.168980000,1441.000
6.434430000,45.168790000,1440.000
6.434390000,45.168710000,1440.000
6.434350000,45.168620000,1439.000
6.434340000,45.168520000,1439.000
6.434360000,45.168400000,1438.000
6.434390000,45.168310000,1437.000
6.434430000,45.168090000,1437.000
6.434410000,45.167970000,1436.000
6.434350000,45.167810000,1435.000
6.434300000,45.167680000,1434.000
6.434110000,45.167450000,1433.000
6.434100000,45.167440000,1432.000
6.433960000,45.167270000,1431.000
6.433920000,45.167230000,1431.000
6.433850000,45.167150000,1430.000
6.433780000,45.167070000,1429.000
6.433700000,45.166990000,1428.000
6.433580000,45.166930000,1427.000
6.433510000,45.166900000,1427.000
6.433400000,45.166860000,1426.000
6.433180000,45.166780000,1425.000
6.433080000,45.166730000,1424.000
6.433000000,45.166690000,1423.000
6.432950000,45.166650000,1423.000
6.432890000,45.166590000,1422.000
6.432830000,45.166510000,1421.000
6.432720000,45.166330000,1420.000
6.432620000,45.166170000,1419.000
6.432540000,45.166050000,1418.000
6.432450000,45.165890000,1417.000
6.432340000,45.165710000,1416.000
6.432240000,45.165540000,1415.000
6.432180000,45.165470000,1414.000
6.432130000,45.165400000,1413.000
6.432040000,45.165310000,1413.000
6.431930000,45.165230000,1412.000
6.431910000,45.165210000,1412.000
6.431900000,45.165210000,1412.000
6.431870000,45.165220000,1411.000
6.431810000,45.165220000,1411.000
6.431760000,45.165190000,1411.000
6.431740000,45.165170000,1411.000
6.431590000,45.165200000,1411.000
6.431490000,45.165220000,1410.000
6.431310000,45.165260000,1410.000
6.431180000,45.165290000,1410.000
6.430740000,45.165380000,1409.000
6.430660000,45.165400000,1408.000
6.430590000,45.165410000,1408.000
6.430420000,45.165440000,1407.000
6.430180000,45.165480000,1407.000
6.430110000,45.165480000,1407.000
6.430080000,45.165480000,1407.000
6.429990000,45.165480000,1407.000
6.429860000,45.165510000,1407.000
6.429760000,45.165530000,1407.000
6.429570000,45.165570000,1407.000
6.429440000,45.165620000,1407.000
6.429280000,45.165580000,1408.000
6.429170000,45.165570000,1408.000
6.428910000,45.165530000,1408.000
6.428810000,45.165530000,1408.000
6.428640000,45.165530000,1408.000
6.428510000,45.165540000,1408.000
6.428380000,45.165570000,1409.000
6.428300000,45.165590000,1409.000
6.428100000,45.165640000,1409.000
6.428030000,45.165650000,1409.000
6.427950000,45.165670000,1409.000
6.427890000,45.165690000,1409.000
6.427760000,45.165720000,1410.000
6.427550000,45.165770000,1410.000
6.427420000,45.165780000,1411.000
6.427260000,45.165750000,1411.000
6.426990000,45.165620000,1412.000
6.426970000,45.165600000,1412.000
6.426900000,45.165560000,1413.000
6.426730000,45.165450000,1413.000
6.426440000,45.165260000,1414.000
6.426400000,45.165220000,1415.000
6.426220000,45.165100000,1415.000
6.426120000,45.165030000,1416.000
6.426080000,45.165000000,1417.000
6.425910000,45.164930000,1417.000
6.425860000,45.164900000,1418.000
6.425640000,45.164810000,1418.000
6.425570000,45.164790000,1419.000
6.425200000,45.164670000,1420.000
6.425140000,45.164650000,1421.000
6.425040000,45.164610000,1422.000
6.424950000,45.164560000,1423.000
6.424850000,45.164460000,1424.000
6.424800000,45.164420000,1425.000
6.424720000,45.164330000,1426.000
6.424630000,45.164230000,1427.000
6.424580000,45.164230000,1427.000
6.424550000,45.164220000,1428.000
6.424520000,45.164200000,1428.000
6.424500000,45.164180000,1429.000
6.424500000,45.164150000,1429.000
6.424500000,45.164130000,1429.000
6.424520000,45.164100000,1430.000
6.424410000,45.164040000,1430.000
6.424330000,45.163990000,1431.000
6.424290000,45.163970000,1431.000
6.424260000,45.163940000,1431.000
6.424200000,45.163880000,1432.000
6.424170000,45.163850000,1432.000
6.424130000,45.163830000,1433.000
6.424100000,45.163810000,1433.000
6.424060000,45.163800000,1433.000
6.424030000,45.163800000,1434.000
6.423980000,45.163800000,1434.000
6.423660000,45.163890000,1435.000
6.423560000,45.163920000,1435.000
6.423390000,45.163970000,1436.000
6.423350000,45.163980000,1436.000
6.423300000,45.163980000,1436.000
6.423210000,45.163990000,1437.000
6.423100000,45.163990000,1437.000
6.423050000,45.163980000,1437.000
6.422930000,45.163950000,1438.000
6.422830000,45.163890000,1438.000
6.422790000,45.163850000,1439.000
6.422740000,45.163810000,1439.000
6.422700000,45.163750000,1439.000
6.422680000,45.163710000,1439.000
6.422640000,45.163640000,1440.000
6.422560000,45.163450000,1440.000
6.422560000,45.163430000,1441.000
6.422510000,45.163280000,1441.000
6.422450000,45.163230000,1442.000
6.422390000,45.163080000,1442.000
6.422230000,45.162690000,1443.000
6.422170000,45.162550000,1444.000
6.422180000,45.162420000,1445.000
6.422130000,45.162330000,1446.000
6.422120000,45.162270000,1447.000
6.422090000,45.162210000,1448.000
6.422050000,45.162150000,1448.000
6.422030000,45.162100000,1449.000
6.421960000,45.161940000,1450.000
6.421920000,45.161820000,1451.000
6.421910000,45.161700000,1451.000
6.421830000,45.161060000,1454.000
6.421780000,45.160740000,1456.000
6.421710000,45.160420000,1458.000
6.421700000,45.160400000,1459.000
6.421690000,45.160350000,1460.000
6.421660000,45.160270000,1461.000
6.421660000,45.160250000,1461.000
6.421610000,45.160190000,1462.000
6.421590000,45.160200000,1462.000
6.421540000,45.160210000,1462.000
6.421500000,45.160200000,1463.000
6.421460000,45.160190000,1463.000
6.421450000,45.160180000,1463.000
6.421430000,45.160160000,1463.000
6.421420000,45.160120000,1463.000
6.421430000,45.160090000,1463.000
6.421470000,45.160060000,1463.000
6.421510000,45.160050000,1464.000
6.421540000,45.160050000,1464.000
6.421510000,45.160000000,1464.000
6.421500000,45.159960000,1464.000
6.421500000,45.159940000,1464.000
6.421520000,45.159830000,1464.000
6.421530000,45.159800000,1464.000
6.421520000,45.159710000,1465.000
6.421430000,45.159320000,1465.000
6.421360000,45.159120000,1466.000
6.421340000,45.159060000,1467.000
6.421330000,45.158950000,1468.000
6.421300000,45.158790000,1469.000
6.421270000,45.158540000,1470.000
6.421250000,45.158450000,1471.000
6.421220000,45.158320000,1473.000
6.421210000,45.158300000,1473.000
6.421110000,45.157870000,1475.000
6.421010000,45.157440000,1478.000
6.420940000,45.157090000,1481.000
6.420930000,45.157060000,1483.000
6.420770000,45.156380000,1487.000
6.420700000,45.156050000,1491.000
6.420690000,45.156020000,1493.000
6.420680000,45.155950000,1495.000
6.420670000,45.155920000,1497.000
6.420660000,45.155820000,1498.000
6.420650000,45.155730000,1499.000
6.420660000,45.155630000,1501.000
6.420660000,45.155530000,1502.000
6.420690000,45.155310000,1503.000
6.420730000,45.154990000,1505.000
6.420750000,45.154830000,1507.000
6.420760000,45.154800000,1508.000
6.420790000,45.154580000,1510.000
6.420810000,45.154450000,1511.000
6.420810000,45.154320000,1513.000
6.420740000,45.154300000,1514.000
6.420740000,45.154300000,1514.000
6.420810000,45.154320000,1515.000
6.420790000,45.154150000,1516.000
6.420750000,45.153880000,1517.000
6.420740000,45.153840000,1519.000
6.420710000,45.153660000,1520.000
6.420690000,45.153530000,1521.000
6.420670000,45.153330000,1522.000
6.420670000,45.153130000,1524.000
6.420700000,45.152990000,1525.000
6.420730000,45.152890000,1526.000
6.420740000,45.152860000,1527.000
6.420770000,45.152740000,1528.000
6.420760000,45.152660000,1529.000
6.420680000,45.152480000,1530.000
6.420640000,45.152420000,1531.000
6.420610000,45.152360000,1532.000
6.420290000,45.151760000,1534.000
6.420270000,45.151720000,1536.000
6.420210000,45.151570000,1537.000
6.420190000,45.151410000,1538.000
6.420200000,45.151380000,1539.000
6.420210000,45.151290000,1540.000
6.420230000,45.151230000,1541.000
6.420260000,45.151170000,1542.000
6.420270000,45.151150000,1542.000
6.420310000,45.151080000,1543.000
6.420390000,45.150970000,1543.000
6.420460000,45.150850000,1544.000
6.420490000,45.150790000,1545.000
6.420500000,45.150730000,1545.000
6.420500000,45.150650000,1546.000
6.420460000,45.150400000,1547.000
6.420450000,45.150350000,1548.000
6.420430000,45.150140000,1549.000
6.420420000,45.150110000,1550.000
6.420430000,45.150060000,1550.000
6.420430000,45.150030000,1551.000
6.420430000,45.149950000,1551.000
6.420450000,45.149870000,1552.000
6.420510000,45.149640000,1552.000
6.420520000,45.149580000,1553.000
6.420530000,45.149510000,1553.000
6.420540000,45.149400000,1553.000
6.420520000,45.149280000,1554.000
6.420510000,45.149270000,1554.000
6.420480000,45.149130000,1554.000
6.420470000,45.149000000,1554.000
6.420470000,45.148880000,1555.000
6.420480000,45.148860000,1555.000
6.420500000,45.148740000,1555.000
6.420560000,45.148590000,1555.000
6.420560000,45.148470000,1556.000
6.420540000,45.148360000,1556.000
6.420490000,45.148250000,1556.000
6.420480000,45.148230000,1557.000
6.420380000,45.148030000,1557.000
6.420350000,45.147950000,1557.000
6.420300000,45.147790000,1557.000
6.420250000,45.147590000,1558.000
6.420240000,45.147400000,1558.000
6.420260000,45.147150000,1558.000
6.420280000,45.147080000,1559.000
6.420280000,45.146920000,1559.000
6.420280000,45.146900000,1559.000
6.420270000,45.146810000,1560.000
6.420230000,45.146650000,1560.000
6.420160000,45.146380000,1560.000
6.420150000,45.146320000,1560.000
6.420090000,45.146060000,1561.000
6.420070000,45.145960000,1561.000
6.420050000,45.145910000,1561.000
6.420040000,45.145850000,1562.000
6.420030000,45.145780000,1562.000
6.419940000,45.145410000,1562.000
6.419910000,45.145300000,1562.000
6.419900000,45.145220000,1563.000
6.419880000,45.145110000,1563.000
6.419850000,45.144960000,1563.000
6.419810000,45.144770000,1564.000
6.419810000,45.144670000,1564.000
6.419800000,45.144530000,1564.000
6.419790000,45.144320000,1565.000
6.419790000,45.144270000,1565.000
6.419780000,45.144110000,1565.000
6.419780000,45.143860000,1565.000
6.419780000,45.143820000,1566.000
6.419780000,45.143770000,1566.000
6.419760000,45.143170000,1566.000
6.419760000,45.143140000,1566.000
6.419760000,45.142810000,1566.000
6.419740000,45.142000000,1567.000
6.419870000,45.139670000,1571.000
6.419900000,45.139020000,1575.000
6.419900000,45.138970000,1578.000
6.419900000,45.138740000,1580.000
6.419850000,45.138500000,1581.000
6.419580000,45.137690000,1583.000
6.419540000,45.137620000,1585.000
6.419460000,45.137440000,1586.000
6.419420000,45.137320000,1587.000
6.419420000,45.137290000,1588.000
6.419420000,45.137260000,1588.000
6.419430000,45.137220000,1589.000
6.419460000,45.137180000,1589.000
6.419520000,45.137130000,1589.000
6.419600000,45.137070000,1590.000
6.419740000,45.136960000,1590.000
6.419800000,45.136910000,1590.000
6.419830000,45.136870000,1591.000
6.419840000,45.136720000,1591.000
6.419800000,45.136330000,1592.000
6.419760000,45.136000000,1593.000
6.419720000,45.135800000,1593.000
6.419660000,45.135600000,1593.000
6.419530000,45.135190000,1594.000
6.419200000,45.134060000,1593.000
6.419000000,45.133350000,1593.000
6.418830000,45.132800000,1594.000
6.418680000,45.132270000,1595.000
6.418680000,45.132240000,1595.000
6.418600000,45.131900000,1596.000
6.418520000,45.131490000,1597.000
6.418350000,45.130680000,1599.000
6.418320000,45.130450000,1601.000
6.418300000,45.130210000,1602.000
6.418330000,45.129200000,1604.000
6.418340000,45.128680000,1606.000
6.418370000,45.128390000,1608.000
6.418420000,45.128110000,1610.000
6.418490000,45.127590000,1614.000
6.418580000,45.126980000,1619.000
6.418610000,45.126780000,1623.000
6.418630000,45.126210000,1628.000
6.418650000,45.125690000,1632.000
6.418660000,45.125300000,1634.000
6.418660000,45.125160000,1636.000
6.418650000,45.125020000,1637.000
6.418600000,45.124950000,1638.000
6.418530000,45.124880000,1639.000
6.418110000,45.124540000,1639.000
6.418010000,45.124450000,1640.000
6.417940000,45.124360000,1641.000
6.417790000,45.124130000,1643.000
6.417600000,45.123890000,1644.000
6.417580000,45.123850000,1646.000
6.417590000,45.123800000,1647.000
6.417610000,45.123760000,1648.000
6.417660000,45.123730000,1649.000
6.417720000,45.123720000,1649.000
6.417780000,45.123730000,1650.000
6.417930000,45.123780000,1651.000
6.418060000,45.123810000,1652.000
6.418200000,45.123840000,1653.000
6.418330000,45.123870000,1654.000
6.418460000,45.123910000,1655.000
6.418570000,45.123970000,1656.000
6.418660000,45.124030000,1657.000
6.418730000,45.124050000,1657.000
6.418790000,45.124060000,1658.000
6.418840000,45.124050000,1659.000
6.418900000,45.124030000,1659.000
6.418920000,45.124010000,1659.000
6.418940000,45.123980000,1660.000
6.418940000,45.123940000,1660.000
6.418920000,45.123890000,1660.000
6.418840000,45.123810000,1661.000
6.418720000,45.123700000,1661.000
6.418620000,45.123560000,1662.000
6.418420000,45.123220000,1662.000
6.418400000,45.123200000,1663.000
6.418050000,45.122620000,1665.000
6.417850000,45.122280000,1666.000
6.417840000,45.122180000,1668.000
6.417820000,45.121930000,1669.000
6.417890000,45.120780000,1673.000
6.417920000,45.120360000,1676.000
6.417920000,45.120210000,1679.000
6.417950000,45.119590000,1682.000
6.417960000,45.119350000,1686.000
6.417960000,45.119290000,1688.000
6.417970000,45.119060000,1691.000
6.417980000,45.119030000,1693.000
6.418000000,45.118970000,1694.000
6.418030000,45.118930000,1695.000
6.418070000,45.118880000,1696.000
6.418120000,45.118830000,1697.000
6.418140000,45.118820000,1697.000
6.418180000,45.118780000,1698.000
6.418240000,45.118740000,1698.000
6.419310000,45.118090000,1702.000
6.419450000,45.118000000,1705.000
6.419580000,45.117920000,1707.000
6.419670000,45.117860000,1709.000
6.419740000,45.117800000,1710.000
6.419860000,45.117680000,1711.000
6.420010000,45.117500000,1712.000
6.420130000,45.117370000,1714.000
6.420290000,45.117230000,1715.000
6.420570000,45.117000000,1717.000
6.420810000,45.116800000,1718.000
6.420920000,45.116700000,1720.000
6.420990000,45.116620000,1721.000
6.421070000,45.116490000,1722.000
6.421170000,45.116320000,1723.000
6.421260000,45.116160000,1724.000
6.421300000,45.116090000,1725.000
6.421370000,45.115990000,1726.000
6.421450000,45.115900000,1727.000
6.421540000,45.115810000,1728.000
6.421630000,45.115740000,1729.000
6.421750000,45.115650000,1730.000
6.421870000,45.115570000,1731.000
6.421980000,45.115520000,1731.000
6.422120000,45.115460000,1732.000
6.422250000,45.115410000,1733.000
6.422570000,45.115300000,1734.000
6.422740000,45.115230000,1735.000
6.422910000,45.115170000,1737.000
6.423030000,45.115100000,1738.000
6.423180000,45.115020000,1739.000
6.423290000,45.114940000,1740.000
6.423360000,45.114890000,1741.000
6.423430000,45.114830000,1742.000
6.423480000,45.114780000,1743.000
6.423520000,45.114720000,1744.000
6.423540000,45.114670000,1744.000
6.423560000,45.114600000,1745.000
6.423580000,45.114540000,1745.000
6.423590000,45.114460000,1746.000
6.423630000,45.113910000,1748.000
6.423630000,45.113610000,1751.000
6.423640000,45.113500000,1753.000
6.423670000,45.113310000,1754.000
6.423700000,45.113170000,1756.000
6.423720000,45.113100000,1757.000
6.423740000,45.113030000,1758.000
6.423760000,45.112990000,1758.000
6.423790000,45.112950000,1759.000
6.423840000,45.112890000,1759.000
6.423900000,45.112840000,1760.000
6.424020000,45.112750000,1761.000
6.424110000,45.112690000,1761.000
6.424170000,45.112630000,1762.000
6.424210000,45.112600000,1762.000
6.424240000,45.112560000,1763.000
6.424270000,45.112520000,1763.000
6.424300000,45.112460000,1763.000
6.424310000,45.112340000,1764.000
6.424320000,45.112180000,1765.000
6.424310000,45.111800000,1766.000
6.424310000,45.111630000,1767.000
6.424330000,45.111420000,1769.000
6.424340000,45.111310000,1771.000
6.424360000,45.111230000,1772.000
6.424390000,45.111160000,1773.000
6.424450000,45.111070000,1774.000
6.424580000,45.110890000,1776.000
6.424720000,45.110700000,1777.000
6.424840000,45.110530000,1779.000
6.425090000,45.110100000,1782.000
6.425160000,45.110000000,1784.000
6.425210000,45.109940000,1786.000
6.425270000,45.109880000,1787.000
6.425340000,45.109830000,1788.000
6.425420000,45.109770000,1789.000
6.425600000,45.109650000,1789.000
6.425720000,45.109570000,1790.000
6.425830000,45.109480000,1791.000
6.425900000,45.109410000,1792.000
6.425950000,45.109360000,1792.000
6.425980000,45.109310000,1793.000
6.426000000,45.109270000,1793.000
6.426000000,45.109230000,1794.000
6.426000000,45.109190000,1794.000
6.425990000,45.109140000,1795.000
6.425980000,45.109090000,1795.000
6.425880000,45.108870000,1796.000
6.425840000,45.108770000,1796.000
6.425800000,45.108650000,1797.000
6.425670000,45.108180000,1798.000
6.425520000,45.107660000,1801.000
6.425410000,45.107260000,1803.000
6.425370000,45.107150000,1805.000
6.425350000,45.107020000,1806.000
6.425340000,45.106940000,1808.000
6.425350000,45.106860000,1809.000
6.425370000,45.106710000,1810.000
6.425400000,45.106560000,1811.000
6.425470000,45.106300000,1812.000
6.425560000,45.106040000,1814.000
6.425680000,45.105740000,1816.000
6.425720000,45.105660000,1817.000
6.425770000,45.105560000,1819.000
6.426000000,45.105280000,1821.000
6.426300000,45.104910000,1823.000
6.426610000,45.104530000,1826.000
6.426680000,45.104450000,1829.000
6.426760000,45.104370000,1831.000
6.426840000,45.104320000,1832.000
6.426930000,45.104270000,1833.000
6.427100000,45.104210000,1834.000
6.427250000,45.104160000,1835.000
6.427310000,45.104130000,1836.000
6.427350000,45.104110000,1837.000
6.427380000,45.104070000,1838.000
6.427410000,45.104030000,1838.000
6.427480000,45.103880000,1839.000
6.427540000,45.103750000,1840.000
6.427600000,45.103610000,1841.000
6.427810000,45.103210000,1843.000
6.427860000,45.103120000,1845.000
6.427910000,45.103030000,1846.000
6.427950000,45.102980000,1847.000
6.428000000,45.102940000,1848.000
6.428100000,45.102870000,1849.000
6.428200000,45.102810000,1850.000
6.428480000,45.102660000,1852.000
6.428710000,45.102540000,1853.000
6.428870000,45.102410000,1855.000
6.428940000,45.102330000,1857.000
6.428980000,45.102250000,1858.000
6.429020000,45.102070000,1860.000
6.429060000,45.101910000,1862.000
6.429080000,45.101870000,1863.000
6.429120000,45.101810000,1864.000
6.429230000,45.101720000,1866.000
6.429350000,45.101620000,1867.000
6.429410000,45.101560000,1868.000
6.429480000,45.101450000,1869.000
6.429520000,45.101340000,1870.000
6.429580000,45.101160000,1871.000
6.429600000,45.101080000,1872.000
6.429620000,45.100990000,1873.000
6.429610000,45.100940000,1874.000
6.429590000,45.100890000,1875.000
6.429550000,45.100830000,1875.000
6.429490000,45.100790000,1876.000
6.429430000,45.100740000,1877.000
6.429290000,45.100630000,1877.000
6.429090000,45.100480000,1879.000
6.428890000,45.100270000,1880.000
6.428860000,45.100210000,1881.000
6.428840000,45.100150000,1882.000
6.428830000,45.100080000,1883.000
6.428850000,45.100010000,1884.000
6.428900000,45.099840000,1885.000
6.428920000,45.099750000,1886.000
6.428940000,45.099650000,1887.000
6.428920000,45.099500000,1888.000
6.428910000,45.099340000,1889.000
6.428920000,45.099260000,1890.000
6.428940000,45.099190000,1891.000
6.428980000,45.099130000,1892.000
6.429030000,45.099080000,1892.000
6.429090000,45.099040000,1893.000
6.429150000,45.099000000,1894.000
6.429280000,45.098930000,1894.000
6.429390000,45.098870000,1895.000
6.429500000,45.098770000,1896.000
6.429560000,45.098690000,1897.000
6.429640000,45.098530000,1898.000
6.429700000,45.098390000,1899.000
6.429740000,45.098230000,1901.000
6.429790000,45.097990000,1902.000
6.429870000,45.097740000,1905.000
6.429940000,45.097520000,1907.000
6.430020000,45.097320000,1909.000
6.430090000,45.097200000,1911.000
6.430180000,45.097100000,1913.000
6.430360000,45.096920000,1915.000
6.430430000,45.096830000,1917.000
6.430480000,45.096730000,1918.000
6.430510000,45.096650000,1920.000
6.430520000,45.096580000,1921.000
6.430510000,45.096450000,1922.000
6.430490000,45.096190000,1923.000
6.430490000,45.095920000,1924.000
6.430490000,45.095620000,1926.000
6.430510000,45.095480000,1927.000
6.430510000,45.095340000,1928.000
6.430500000,45.095240000,1929.000
6.430490000,45.095130000,1930.000
6.430500000,45.095020000,1931.000
6.430520000,45.094920000,1932.000
6.430540000,45.094860000,1932.000
6.430590000,45.094780000,1933.000
6.430640000,45.094720000,1933.000
6.430710000,45.094650000,1934.000
6.430890000,45.094480000,1935.000
6.430990000,45.094370000,1936.000
6.431090000,45.094260000,1937.000
6.431220000,45.094050000,1938.000
6.431300000,45.093940000,1939.000
6.431390000,45.093840000,1940.000
6.431470000,45.093740000,1941.000
6.431550000,45.093640000,1941.000
6.431610000,45.093560000,1942.000
6.431650000,45.093470000,1943.000
6.431690000,45.093380000,1944.000
6.431740000,45.093280000,1944.000
6.431820000,45.093200000,1945.000
6.431900000,45.093120000,1946.000
6.432110000,45.093000000,1946.000
6.432190000,45.092960000,1947.000
6.432260000,45.092910000,1947.000
6.432300000,45.092860000,1947.000
6.432340000,45.092780000,1948.000
6.432410000,45.092660000,1948.000
6.432440000,45.092570000,1948.000
6.432500000,45.092460000,1949.000
6.432560000,45.092350000,1949.000
6.432630000,45.092250000,1950.000
6.432720000,45.092140000,1950.000
6.432830000,45.092030000,1950.000
6.432910000,45.091960000,1951.000
6.433000000,45.091900000,1951.000
6.433140000,45.091820000,1951.000
6.433290000,45.091770000,1952.000
6.433490000,45.091690000,1952.000
6.433620000,45.091610000,1953.000
6.433720000,45.091540000,1953.000
6.433840000,45.091470000,1954.000
6.433960000,45.091410000,1954.000
6.434040000,45.091390000,1955.000
6.434120000,45.091370000,1955.000
6.434240000,45.091350000,1956.000
6.434390000,45.091320000,1956.000
6.434590000,45.091280000,1957.000
6.434710000,45.091240000,1957.000
6.434830000,45.091200000,1958.000
6.434930000,45.091140000,1958.000
6.434990000,45.091090000,1959.000
6.435050000,45.091030000,1959.000
6.435140000,45.090880000,1960.000
6.435220000,45.090720000,1960.000
6.435290000,45.090520000,1961.000
6.435320000,45.090420000,1962.000
6.435340000,45.090310000,1962.000
6.435360000,45.090230000,1963.000
6.435360000,45.090130000,1963.000
6.435350000,45.090050000,1964.000
6.435350000,45.090010000,1964.000
6.435340000,45.089960000,1964.000
6.435300000,45.089800000,1965.000
6.435270000,45.089590000,1965.000
6.435280000,45.089410000,1966.000
6.435310000,45.089220000,1967.000
6.435460000,45.088640000,1968.000
6.435480000,45.088480000,1969.000
6.435490000,45.088460000,1970.000
6.435550000,45.088260000,1971.000
6.435620000,45.088110000,1972.000
6.435630000,45.088090000,1972.000
6.435810000,45.087750000,1973.000
6.435860000,45.087670000,1974.000
6.435870000,45.087650000,1975.000
6.435970000,45.087540000,1975.000
6.436080000,45.087430000,1976.000
6.436190000,45.087320000,1977.000
6.436620000,45.086920000,1978.000
6.436870000,45.086700000,1979.000
6.437020000,45.086550000,1981.000
6.437180000,45.086390000,1982.000
6.437310000,45.086240000,1983.000
6.437350000,45.086200000,1984.000
6.437370000,45.086160000,1985.000
6.437390000,45.086120000,1985.000
6.437400000,45.086090000,1986.000
6.437400000,45.086060000,1986.000
6.437400000,45.086030000,1986.000
6.437390000,45.086000000,1987.000
6.437380000,45.085980000,1987.000
6.437360000,45.085960000,1987.000
6.437340000,45.085930000,1987.000
6.437280000,45.085870000,1987.000
6.437230000,45.085830000,1988.000
6.437170000,45.085790000,1988.000
6.437100000,45.085750000,1988.000
6.437040000,45.085720000,1989.000
6.436970000,45.085700000,1989.000
6.436940000,45.085700000,1989.000
6.436900000,45.085690000,1990.000
6.436860000,45.085690000,1990.000
6.436810000,45.085700000,1990.000
6.436750000,45.085700000,1990.000
6.436690000,45.085710000,1990.000
6.436630000,45.085730000,1991.000
6.436560000,45.085760000,1991.000
6.436450000,45.085800000,1991.000
6.436300000,45.085870000,1992.000
6.436200000,45.085910000,1993.000
6.436090000,45.085960000,1994.000
6.435990000,45.086000000,1995.000
6.435870000,45.086030000,1996.000
6.435780000,45.086060000,1997.000
6.435690000,45.086080000,1998.000
6.435610000,45.086120000,1999.000
6.435480000,45.086190000,2000.000
6.435300000,45.086310000,2002.000
6.435020000,45.086510000,2004.000
6.434900000,45.086580000,2006.000
6.434780000,45.086660000,2007.000
6.434470000,45.086850000,2010.000
6.434380000,45.086910000,2012.000
6.434310000,45.086970000,2013.000
6.434200000,45.087070000,2014.000
6.434010000,45.087270000,2016.000
6.433810000,45.087500000,2017.000
6.433750000,45.087580000,2019.000
6.433630000,45.087750000,2020.000
6.433590000,45.087810000,2021.000
6.433530000,45.087860000,2022.000
6.433480000,45.087910000,2023.000
6.433400000,45.087970000,2023.000
6.433320000,45.088030000,2024.000
6.433270000,45.088050000,2025.000
6.433210000,45.088080000,2025.000
6.433140000,45.088110000,2026.000
6.433070000,45.088130000,2026.000
6.432980000,45.088150000,2026.000
6.432890000,45.088170000,2027.000
6.432780000,45.088190000,2027.000
6.432610000,45.088220000,2028.000
6.432560000,45.088230000,2029.000
6.432530000,45.088240000,2029.000
6.432490000,45.088260000,2030.000
6.432470000,45.088270000,2030.000
6.432450000,45.088290000,2030.000
6.432420000,45.088320000,2030.000
6.432390000,45.088360000,2031.000
6.432350000,45.088410000,2031.000
6.432290000,45.088510000,2032.000
6.432230000,45.088580000,2032.000
6.432190000,45.088630000,2033.000
6.432140000,45.088680000,2033.000
6.432020000,45.088800000,2034.000
6.431910000,45.088900000,2035.000
6.431870000,45.088940000,2035.000
6.431820000,45.088990000,2036.000
6.431780000,45.089050000,2037.000
6.431750000,45.089110000,2037.000
6.431700000,45.089200000,2038.000
6.431660000,45.089280000,2039.000
6.431590000,45.089380000,2039.000
6.431510000,45.089490000,2040.000
6.431430000,45.089610000,2041.000
6.431390000,45.089690000,2042.000
6.431350000,45.089760000,2043.000
6.431300000,45.089860000,2044.000
6.431290000,45.089900000,2045.000
6.431270000,45.089930000,2045.000
6.431240000,45.089960000,2046.000
6.431230000,45.089970000,2047.000
6.431200000,45.089990000,2047.000
6.431180000,45.089990000,2047.000
6.431150000,45.090000000,2048.000
6.431120000,45.090000000,2048.000
6.431100000,45.090000000,2048.000
6.431080000,45.090000000,2049.000
6.431060000,45.089990000,2049.000
6.431040000,45.089970000,2049.000
6.431030000,45.089960000,2049.000
6.431020000,45.089940000,2050.000
6.431020000,45.089920000,2050.000
6.431030000,45.089900000,2050.000
6.431050000,45.089870000,2050.000
6.431090000,45.089800000,2051.000
6.431200000,45.089640000,2052.000
6.431290000,45.089490000,2054.000
6.431330000,45.089420000,2055.000
6.431350000,45.089350000,2056.000
6.431360000,45.089300000,2057.000
6.431370000,45.089230000,2058.000
6.431360000,45.089090000,2059.000
6.431360000,45.089010000,2061.000
6.431360000,45.088970000,2062.000
6.431370000,45.088920000,2062.000
6.431380000,45.088850000,2063.000
6.431390000,45.088810000,2064.000
6.431390000,45.088770000,2065.000
6.431390000,45.088750000,2065.000
6.431390000,45.088730000,2066.000
6.431380000,45.088710000,2066.000
6.431360000,45.088700000,2067.000
6.431340000,45.088680000,2067.000
6.431310000,45.088670000,2067.000
6.431290000,45.088670000,2067.000
6.431260000,45.088670000,2067.000
6.431230000,45.088680000,2068.000
6.431210000,45.088690000,2068.000
6.431190000,45.088700000,2068.000
6.431170000,45.088720000,2068.000
6.431160000,45.088740000,2068.000
6.431160000,45.088770000,2068.000
6.431180000,45.089050000,2069.000
6.431190000,45.089110000,2069.000
6.431180000,45.089160000,2069.000
6.431170000,45.089200000,2070.000
6.431160000,45.089240000,2070.000
6.431140000,45.089280000,2070.000
6.431120000,45.089310000,2070.000
6.431090000,45.089350000,2070.000
6.431030000,45.089420000,2071.000
6.430940000,45.089520000,2071.000
6.430880000,45.089580000,2071.000
6.430850000,45.089630000,2072.000
6.430820000,45.089680000,2072.000
6.430790000,45.089730000,2072.000
6.430780000,45.089790000,2073.000
6.430740000,45.089900000,2073.000
6.430720000,45.089970000,2073.000
6.430690000,45.090020000,2073.000
6.430650000,45.090060000,2074.000
6.430520000,45.090200000,2074.000
6.430430000,45.090300000,2075.000
6.430340000,45.090410000,2075.000
6.430200000,45.090570000,2076.000
6.430180000,45.090590000,2077.000
6.430150000,45.090600000,2077.000
6.430130000,45.090610000,2078.000
6.430110000,45.090620000,2078.000
6.430080000,45.090620000,2078.000
6.430050000,45.090630000,2078.000
6.430020000,45.090620000,2079.000
6.429990000,45.090620000,2079.000
6.429970000,45.090610000,2079.000
6.429950000,45.090590000,2079.000
6.429930000,45.090580000,2079.000
6.429930000,45.090560000,2079.000
6.429930000,45.090540000,2080.000
6.429940000,45.090520000,2080.000
6.429960000,45.090490000,2080.000
6.430120000,45.090300000,2081.000
6.430190000,45.090220000,2081.000
6.430220000,45.090170000,2082.000
6.430240000,45.090130000,2082.000
6.430250000,45.090100000,2083.000
6.430270000,45.090050000,2083.000
6.430290000,45.089920000,2084.000
6.430310000,45.089850000,2084.000
6.430330000,45.089780000,2085.000
6.430370000,45.089660000,2086.000
6.430390000,45.089580000,2086.000
6.430400000,45.089520000,2087.000
6.430400000,45.089480000,2088.000
6.430400000,45.089440000,2088.000
6.430390000,45.089400000,2088.000
6.430370000,45.089360000,2089.000
6.430330000,45.089270000,2089.000
6.430300000,45.089200000,2090.000
6.430270000,45.089150000,2091.000
6.430180000,45.088850000,2093.000
6.430160000,45.088780000,2095.000
6.430160000,45.088730000,2096.000
6.430160000,45.088670000,2097.000
6.430160000,45.088610000,2098.000
6.430170000,45.088540000,2099.000
6.430180000,45.088480000,2100.000
6.430200000,45.088430000,2101.000
6.430220000,45.088360000,2102.000
6.430240000,45.088290000,2103.000
6.430250000,45.088210000,2104.000
6.430250000,45.088140000,2105.000
6.430230000,45.088050000,2106.000
6.430220000,45.087960000,2108.000
6.430210000,45.087900000,2109.000
6.430210000,45.087850000,2110.000
6.430210000,45.087810000,2111.000
6.430230000,45.087740000,2111.000
6.430300000,45.087520000,2113.000
6.430320000,45.087430000,2114.000
6.430350000,45.087300000,2115.000
6.430390000,45.087090000,2116.000
6.430400000,45.087050000,2116.000
6.430410000,45.087020000,2117.000
6.430430000,45.086980000,2117.000
6.430460000,45.086940000,2117.000
6.430500000,45.086920000,2117.000
6.430530000,45.086900000,2117.000
6.430580000,45.086880000,2117.000
6.430620000,45.086880000,2118.000
6.430680000,45.086880000,2118.000
6.430750000,45.086890000,2118.000
6.430840000,45.086900000,2118.000
6.430910000,45.086910000,2118.000
6.431010000,45.086910000,2118.000
6.431090000,45.086910000,2118.000
6.431210000,45.086900000,2118.000
6.431310000,45.086890000,2118.000
6.431480000,45.086880000,2118.000
6.431600000,45.086870000,2119.000
6.431680000,45.086850000,2119.000
6.431750000,45.086840000,2119.000
6.431800000,45.086820000,2119.000
6.431850000,45.086800000,2119.000
6.431920000,45.086760000,2119.000
6.431970000,45.086730000,2119.000
6.432010000,45.086700000,2119.000
6.432070000,45.086650000,2119.000
6.432120000,45.086600000,2120.000
6.432150000,45.086550000,2120.000
6.432400000,45.086240000,2122.000
6.432450000,45.086160000,2124.000
6.432480000,45.086120000,2126.000
6.432490000,45.086080000,2127.000
6.432500000,45.086050000,2128.000
6.432510000,45.086010000,2129.000
6.432500000,45.085970000,2130.000
6.432480000,45.085930000,2131.000
6.432460000,45.085900000,2131.000
6.432430000,45.085870000,2132.000
6.432400000,45.085840000,2132.000
6.432340000,45.085810000,2133.000
6.432280000,45.085780000,2134.000
6.432240000,45.085760000,2135.000
6.432190000,45.085740000,2135.000
6.432130000,45.085730000,2136.000
6.432080000,45.085720000,2137.000
6.432000000,45.085720000,2137.000
6.431910000,45.085710000,2138.000
6.431820000,45.085710000,2139.000
6.431740000,45.085720000,2140.000
6.431400000,45.085740000,2142.000
6.431280000,45.085750000,2143.000
6.431130000,45.085760000,2145.000
6.431020000,45.085770000,2147.000
6.430940000,45.085790000,2148.000
6.430850000,45.085810000,2149.000
6.430780000,45.085840000,2150.000
6.430690000,45.085880000,2150.000
6.430460000,45.085990000,2152.000
6.430170000,45.086140000,2154.000
6.430090000,45.086190000,2155.000
6.430010000,45.086230000,2156.000
6.429950000,45.086270000,2157.000
6.429900000,45.086320000,2158.000
6.429870000,45.086370000,2159.000
6.429780000,45.086480000,2160.000
6.429730000,45.086540000,2161.000
6.429710000,45.086580000,2162.000
6.429670000,45.086620000,2162.000
6.429640000,45.086640000,2163.000
6.429610000,45.086660000,2164.000
6.429580000,45.086680000,2164.000
6.429540000,45.086690000,2164.000
6.429510000,45.086690000,2165.000
6.429470000,45.086690000,2165.000
6.429430000,45.086680000,2165.000
6.429400000,45.086670000,2166.000
6.429370000,45.086650000,2166.000
6.429340000,45.086630000,2166.000
6.429320000,45.086600000,2167.000
6.429320000,45.086580000,2167.000
6.429310000,45.086550000,2167.000
6.429330000,45.086520000,2167.000
6.429350000,45.086490000,2168.000
6.429380000,45.086460000,2168.000
6.429460000,45.086410000,2168.000
6.429530000,45.086360000,2169.000
6.429620000,45.086290000,2169.000
6.429700000,45.086220000,2170.000
6.429800000,45.086110000,2170.000
6.429830000,45.086070000,2171.000
6.429860000,45.086040000,2171.000
6.429870000,45.086000000,2172.000
6.429890000,45.085950000,2172.000
6.429910000,45.085880000,2172.000
6.429930000,45.085770000,2173.000
6.429940000,45.085660000,2173.000
6.429950000,45.085560000,2174.000
6.429950000,45.085490000,2174.000
6.429940000,45.085440000,2175.000
6.429930000,45.085380000,2175.000
6.429900000,45.085310000,2176.000
6.429860000,45.085240000,2176.000
6.429780000,45.085120000,2177.000
6.429740000,45.085090000,2177.000
6.429710000,45.085060000,2177.000
6.429660000,45.085040000,2178.000
6.429590000,45.085010000,2178.000
6.429510000,45.084990000,2178.000
6.429400000,45.084970000,2179.000
6.429310000,45.084950000,2179.000
6.429240000,45.084920000,2180.000
6.429150000,45.084880000,2181.000
6.429040000,45.084820000,2182.000
6.428840000,45.084680000,2183.000
6.428760000,45.084620000,2184.000
6.428660000,45.084570000,2186.000
6.428460000,45.084470000,2187.000
6.428150000,45.084330000,2189.000
6.428080000,45.084290000,2191.000
6.428020000,45.084250000,2193.000
6.427970000,45.084210000,2194.000
6.427920000,45.084160000,2195.000
6.427900000,45.084110000,2196.000
6.427760000,45.083880000,2197.000
6.427720000,45.083810000,2199.000
6.427670000,45.083740000,2200.000
6.427620000,45.083690000,2201.000
6.427550000,45.083640000,2202.000
6.427370000,45.083510000,2204.000
6.427310000,45.083460000,2205.000
6.427270000,45.083420000,2206.000
6.427240000,45.083390000,2207.000
6.427220000,45.083340000,2208.000
6.427170000,45.083230000,2209.000
6.427060000,45.082990000,2210.000
6.426990000,45.082820000,2212.000
6.426810000,45.082410000,2215.000
6.426760000,45.082300000,2217.000
6.426710000,45.082220000,2219.000
6.426140000,45.081310000,2225.000
6.426050000,45.081180000,2229.000
6.425980000,45.081070000,2231.000
6.425950000,45.081000000,2233.000
6.425930000,45.080950000,2235.000
6.425930000,45.080910000,2236.000
6.425930000,45.080890000,2237.000
6.425930000,45.080850000,2237.000
6.425950000,45.080810000,2238.000
6.425970000,45.080780000,2238.000
6.425990000,45.080740000,2238.000
6.426030000,45.080710000,2238.000
6.426090000,45.080660000,2239.000
6.426110000,45.080650000,2239.000
6.426360000,45.080480000,2240.000
6.426430000,45.080440000,2240.000
6.426470000,45.080400000,2241.000
6.426500000,45.080360000,2241.000
6.426530000,45.080330000,2241.000
6.426550000,45.080260000,2242.000
6.426670000,45.079850000,2243.000
6.426690000,45.079780000,2243.000
6.426700000,45.079720000,2244.000
6.426700000,45.079690000,2245.000
6.426690000,45.079620000,2245.000
6.426670000,45.079590000,2246.000
6.426650000,45.079550000,2246.000
6.426640000,45.079530000,2247.000
6.426610000,45.079500000,2247.000
6.426530000,45.079400000,2248.000
6.426190000,45.079020000,2250.000
6.425990000,45.078790000,2253.000
6.425570000,45.078330000,2257.000
6.425450000,45.078200000,2260.000
6.425340000,45.078080000,2263.000
6.425260000,45.078020000,2265.000
6.425210000,45.077980000,2267.000
6.425150000,45.077940000,2268.000
6.425090000,45.077910000,2269.000
6.425050000,45.077900000,2270.000
6.425020000,45.077890000,2271.000
6.424990000,45.077890000,2271.000
6.424950000,45.077880000,2272.000
6.424910000,45.077880000,2272.000
6.424850000,45.077890000,2272.000
6.424810000,45.077900000,2273.000
6.424780000,45.077910000,2273.000
6.424740000,45.077930000,2274.000
6.424700000,45.077960000,2274.000
6.424670000,45.077980000,2274.000
6.424660000,45.078010000,2275.000
6.424610000,45.078110000,2275.000
6.424580000,45.078170000,2276.000
6.424550000,45.078220000,2277.000
6.424520000,45.078250000,2277.000
6.424470000,45.078290000,2278.000
6.424400000,45.078340000,2278.000
6.424180000,45.078500000,2280.000
6.423930000,45.078690000,2282.000
6.423860000,45.078740000,2283.000
6.423820000,45.078760000,2284.000
6.423770000,45.078780000,2285.000
6.423720000,45.078800000,2286.000
6.423690000,45.078810000,2286.000
6.423680000,45.078810000,2287.000
6.423580000,45.078830000,2287.000
6.423460000,45.078840000,2288.000
6.423300000,45.078860000,2289.000
6.423160000,45.078870000,2290.000
6.423100000,45.078880000,2290.000
6.423020000,45.078900000,2291.000
6.422940000,45.078910000,2291.000
6.422870000,45.078930000,2292.000
6.422850000,45.078940000,2292.000
6.422780000,45.078960000,2292.000
6.422730000,45.078980000,2293.000
6.422680000,45.079010000,2293.000
6.422650000,45.079020000,2293.000
6.422610000,45.079050000,2294.000
6.422510000,45.079120000,2294.000
6.422400000,45.079200000,2295.000
6.422280000,45.079300000,2295.000
6.422140000,45.079400000,2296.000
6.421950000,45.079540000,2297.000
6.421910000,45.079580000,2298.000
6.421880000,45.079610000,2298.000
6.421860000,45.079640000,2299.000
6.421850000,45.079670000,2299.000
6.421840000,45.079700000,2300.000
6.421840000,45.079740000,2300.000
6.421850000,45.079760000,2300.000
6.421870000,45.079790000,2301.000
6.421890000,45.079810000,2301.000
6.421920000,45.079840000,2301.000
6.421950000,45.079860000,2301.000
6.421990000,45.079890000,2302.000
6.422020000,45.079900000,2302.000
6.422080000,45.079920000,2302.000
6.422120000,45.079930000,2302.000
6.422160000,45.079940000,2303.000
6.422230000,45.079940000,2303.000
6.422370000,45.079950000,2303.000
6.422420000,45.079950000,2304.000
6.422450000,45.079950000,2304.000
6.422480000,45.079960000,2305.000
6.422520000,45.079980000,2305.000
6.422560000,45.080000000,2305.000
6.422590000,45.080020000,2306.000
6.422610000,45.080040000,2306.000
6.422670000,45.080100000,2306.000
6.422730000,45.080140000,2307.000
6.422780000,45.080170000,2307.000
6.422830000,45.080190000,2308.000
6.422930000,45.080230000,2308.000
6.423010000,45.080250000,2309.000
6.423070000,45.080260000,2309.000
6.423130000,45.080260000,2310.000
6.423190000,45.080260000,2310.000
6.423250000,45.080260000,2310.000
6.423310000,45.080250000,2311.000
6.423380000,45.080240000,2311.000
6.423470000,45.080220000,2312.000
6.423610000,45.080180000,2312.000
6.423670000,45.080170000,2313.000
6.423730000,45.080160000,2314.000
6.423770000,45.080160000,2314.000
6.423800000,45.080160000,2314.000
6.423840000,45.080170000,2315.000
6.423870000,45.080190000,2315.000
6.423900000,45.080210000,2315.000
6.423910000,45.080230000,2316.000
6.423920000,45.080250000,2316.000
6.423920000,45.080280000,2316.000
6.423920000,45.080310000,2316.000
6.423900000,45.080330000,2317.000
6.423870000,45.080360000,2317.000
6.423830000,45.080380000,2317.000
6.423790000,45.080390000,2317.000
6.423740000,45.080390000,2318.000
6.423630000,45.080400000,2318.000
6.423560000,45.080400000,2319.000
6.423480000,45.080410000,2319.000
6.423380000,45.080430000,2319.000
6.423180000,45.080470000,2320.000
6.422880000,45.080540000,2321.000
6.422740000,45.080570000,2321.000
6.422610000,45.080610000,2322.000
6.422480000,45.080650000,2323.000
6.422320000,45.080710000,2323.000
6.421990000,45.080830000,2324.000
6.421910000,45.080860000,2325.000
6.421820000,45.080880000,2325.000
6.421730000,45.080910000,2326.000
6.421630000,45.080920000,2326.000
6.421240000,45.080980000,2327.000
6.421070000,45.081020000,2328.000
6.420960000,45.081040000,2329.000
6.420860000,45.081060000,2329.000
6.420820000,45.081060000,2330.000
6.420760000,45.081070000,2330.000
6.420700000,45.081060000,2331.000
6.420640000,45.081060000,2331.000
6.420590000,45.081050000,2331.000
6.420490000,45.081040000,2332.000
6.419790000,45.080910000,2334.000
6.419560000,45.080870000,2335.000
6.419390000,45.080840000,2336.000
6.419310000,45.080830000,2337.000
6.419220000,45.080820000,2338.000
6.419080000,45.080820000,2339.000
6.418390000,45.080800000,2341.000
6.418090000,45.080790000,2343.000
6.417770000,45.080780000,2344.000
6.417660000,45.080770000,2345.000
6.417570000,45.080760000,2346.000
6.417460000,45.080750000,2347.000
6.417390000,45.080730000,2348.000
6.417310000,45.080710000,2349.000
6.417200000,45.080670000,2349.000
6.417100000,45.080630000,2350.000
6.417000000,45.080580000,2350.000
6.416910000,45.080540000,2351.000
6.416850000,45.080500000,2351.000
6.416790000,45.080460000,2352.000
6.416740000,45.080420000,2352.000
6.416690000,45.080360000,2353.000
6.416630000,45.080290000,2353.000
6.416500000,45.080110000,2354.000
6.416340000,45.079870000,2355.000
6.416250000,45.079730000,2357.000
6.416200000,45.079670000,2358.000
6.416170000,45.079630000,2359.000
6.416130000,45.079590000,2360.000
6.416090000,45.079570000,2360.000
6.416040000,45.079530000,2361.000
6.415890000,45.079460000,2362.000
6.415680000,45.079350000,2363.000
6.415550000,45.079280000,2365.000
6.415490000,45.079260000,2366.000
6.415430000,45.079240000,2367.000
6.415370000,45.079230000,2367.000
6.415300000,45.079210000,2368.000
6.415070000,45.079180000,2369.000
6.414960000,45.079170000,2370.000
6.414880000,45.079150000,2371.000
6.414810000,45.079130000,2372.000
6.414730000,45.079100000,2373.000
6.414650000,45.079060000,2374.000
6.414510000,45.078980000,2375.000
6.414280000,45.078850000,2376.000
6.414220000,45.078820000,2378.000
6.414150000,45.078770000,2378.000
6.414090000,45.078710000,2379.000
6.414030000,45.078650000,2380.000
6.413860000,45.078450000,2381.000
6.413290000,45.077770000,2383.000
6.413160000,45.077620000,2385.000
6.413110000,45.077570000,2387.000
6.413050000,45.077510000,2388.000
6.412930000,45.077420000,2389.000
6.412810000,45.077320000,2390.000
6.412730000,45.077250000,2390.000
6.412640000,45.077160000,2391.000
6.412310000,45.076800000,2391.000
6.412200000,45.076680000,2392.000
6.412090000,45.076530000,2392.000
6.411950000,45.076330000,2392.000
6.411910000,45.076270000,2392.000
6.411900000,45.076230000,2393.000
6.411890000,45.076200000,2393.000
6.411890000,45.076160000,2393.000
6.411890000,45.076130000,2393.000
6.411900000,45.076100000,2393.000
6.411920000,45.076070000,2393.000
6.411940000,45.076040000,2393.000
6.411970000,45.076020000,2393.000
6.412010000,45.076000000,2393.000
6.412060000,45.075980000,2393.000
6.412100000,45.075970000,2393.000
6.412160000,45.075960000,2393.000
6.412220000,45.075950000,2393.000
6.412310000,45.075950000,2393.000
6.412380000,45.075950000,2393.000
6.412430000,45.075940000,2394.000
6.412480000,45.075930000,2394.000
6.412520000,45.075910000,2394.000
6.412560000,45.075880000,2395.000
6.412610000,45.075850000,2395.000
6.412640000,45.075810000,2396.000
6.412710000,45.075730000,2397.000
6.412950000,45.075430000,2399.000
6.413100000,45.075220000,2402.000
6.413170000,45.075120000,2404.000
6.413210000,45.075060000,2406.000
6.413230000,45.075020000,2407.000
6.413250000,45.074970000,2409.000
6.413270000,45.074880000,2410.000
6.413320000,45.074510000,2413.000
6.413350000,45.074280000,2416.000
6.413350000,45.074240000,2418.000
6.413340000,45.074180000,2419.000
6.413330000,45.074150000,2421.000
6.413310000,45.074110000,2421.000
6.413270000,45.074070000,2422.000
6.413220000,45.074030000,2423.000
6.413110000,45.073970000,2424.000
6.413050000,45.073940000,2425.000
6.412980000,45.073900000,2425.000
6.412930000,45.073860000,2426.000
6.412870000,45.073820000,2427.000
6.412830000,45.073780000,2427.000
6.412800000,45.073730000,2428.000
6.412780000,45.073700000,2428.000
6.412770000,45.073660000,2429.000
6.412770000,45.073620000,2429.000
6.412770000,45.073550000,2430.000
6.412780000,45.073520000,2430.000
6.412790000,45.073460000,2431.000
6.412820000,45.073360000,2431.000
6.412840000,45.073310000,2432.000
6.412850000,45.073240000,2433.000
6.412850000,45.073170000,2433.000
6.412850000,45.073060000,2434.000
6.412850000,45.072980000,2435.000
6.412850000,45.072950000,2436.000
6.412860000,45.072900000,2436.000
6.412870000,45.072840000,2437.000
6.412880000,45.072770000,2438.000
6.412930000,45.072640000,2439.000
6.412960000,45.072540000,2440.000
6.412970000,45.072500000,2440.000
6.412990000,45.072440000,2441.000
6.412990000,45.072420000,2442.000
6.413000000,45.072400000,2442.000
6.413010000,45.072350000,2442.000
6.413010000,45.072300000,2443.000
6.413010000,45.072260000,2443.000
6.413000000,45.072230000,2444.000
6.412990000,45.072200000,2444.000
6.412960000,45.072160000,2444.000
6.412930000,45.072140000,2445.000
6.412890000,45.072120000,2445.000
6.412820000,45.072100000,2445.000
6.412770000,45.072090000,2446.000
6.412700000,45.072080000,2446.000
6.412650000,45.072070000,2447.000
6.412560000,45.072070000,2447.000
6.412480000,45.072080000,2448.000
6.412370000,45.072090000,2448.000
6.412130000,45.072120000,2449.000
6.412040000,45.072130000,2450.000
6.411980000,45.072140000,2451.000
6.411950000,45.072130000,2451.000
6.411910000,45.072130000,2451.000
6.411870000,45.072120000,2452.000
6.411830000,45.072110000,2452.000
6.411790000,45.072090000,2453.000
6.411740000,45.072060000,2453.000
6.411690000,45.072020000,2453.000
6.411660000,45.071980000,2454.000
6.411640000,45.071950000,2454.000
6.411620000,45.071900000,2455.000
6.411600000,45.071840000,2455.000
6.411570000,45.071680000,2456.000
6.411530000,45.071450000,2457.000
6.411520000,45.071320000,2458.000
6.411500000,45.071180000,2459.000
6.411500000,45.071090000,2460.000
6.411490000,45.071050000,2461.000
6.411480000,45.071020000,2461.000
6.411460000,45.070990000,2462.000
6.411420000,45.070930000,2462.000
6.411360000,45.070840000,2463.000
6.411210000,45.070620000,2464.000
6.411090000,45.070450000,2465.000
6.410990000,45.070320000,2466.000
6.410950000,45.070260000,2467.000
6.410900000,45.070160000,2468.000
6.410890000,45.070130000,2468.000
6.410870000,45.070030000,2469.000
6.410850000,45.069880000,2470.000
6.410840000,45.069800000,2471.000
6.410820000,45.069730000,2471.000
6.410800000,45.069660000,2472.000
6.410770000,45.069590000,2472.000
6.410670000,45.069400000,2473.000
6.410640000,45.069350000,2474.000
6.410610000,45.069290000,2474.000
6.410580000,45.069260000,2475.000
6.410540000,45.069230000,2475.000
6.410510000,45.069210000,2475.000
6.410470000,45.069200000,2475.000
6.410420000,45.069190000,2476.000
6.410360000,45.069180000,2476.000
6.410310000,45.069180000,2476.000
6.410240000,45.069200000,2476.000
6.410150000,45.069220000,2477.000
6.410010000,45.069260000,2477.000
6.409960000,45.069270000,2477.000
6.409910000,45.069270000,2478.000
6.409880000,45.069270000,2478.000
6.409860000,45.069260000,2478.000
6.409830000,45.069250000,2478.000
6.409800000,45.069240000,2479.000
6.409780000,45.069220000,2479.000
6.409760000,45.069200000,2479.000
6.409760000,45.069170000,2479.000
6.409750000,45.069150000,2479.000
6.409760000,45.069130000,2479.000
6.409770000,45.069100000,2479.000
6.409820000,45.069050000,2480.000
6.409880000,45.068990000,2480.000
6.409900000,45.068950000,2480.000
6.409930000,45.068910000,2481.000
6.409940000,45.068870000,2481.000
6.409960000,45.068810000,2481.000
6.409980000,45.068670000,2482.000
6.409990000,45.068600000,2482.000
6.410010000,45.068540000,2483.000
6.410030000,45.068490000,2483.000
6.410060000,45.068450000,2484.000
6.410110000,45.068410000,2484.000
6.410170000,45.068350000,2485.000
6.410230000,45.068300000,2485.000
6.410280000,45.068270000,2486.000
6.410330000,45.068240000,2486.000
6.410380000,45.068220000,2486.000
6.410430000,45.068210000,2487.000
6.410480000,45.068200000,2487.000
6.410550000,45.068200000,2488.000
6.410670000,45.068210000,2488.000
6.410740000,45.068210000,2489.000
6.410790000,45.068210000,2489.000
6.410840000,45.068200000,2489.000
6.410880000,45.068180000,2490.000
6.410900000,45.068160000,2490.000
6.410920000,45.068130000,2490.000
6.410930000,45.068110000,2491.000
6.410940000,45.068070000,2491.000
6.410930000,45.068050000,2491.000
6.410920000,45.068020000,2491.000
6.410900000,45.068000000,2492.000
6.410870000,45.067980000,2492.000
6.410830000,45.067960000,2492.000
6.410790000,45.067960000,2492.000
6.410740000,45.067950000,2493.000
6.410710000,45.067960000,2493.000
6.410630000,45.067970000,2493.000
6.410570000,45.067980000,2494.000
6.410490000,45.068000000,2494.000
6.410400000,45.068010000,2495.000
6.410240000,45.068020000,2495.000
6.409910000,45.068040000,2496.000
6.409640000,45.068050000,2498.000
6.409560000,45.068050000,2499.000
6.409520000,45.068060000,2500.000
6.409470000,45.068070000,2500.000
6.409430000,45.068090000,2501.000
6.409390000,45.068120000,2501.000
6.409360000,45.068140000,2502.000
6.409330000,45.068170000,2502.000
6.409320000,45.068190000,2502.000
6.409300000,45.068230000,2503.000
6.409290000,45.068270000,2503.000
6.409280000,45.068370000,2504.000
6.409270000,45.068390000,2504.000
6.409260000,45.068420000,2505.000
6.409240000,45.068450000,2505.000
6.409220000,45.068480000,2505.000
6.409190000,45.068510000,2506.000
6.409150000,45.068540000,2506.000
6.409110000,45.068550000,2506.000
6.409070000,45.068570000,2507.000
6.408980000,45.068580000,2507.000
6.408920000,45.068570000,2508.000
6.408870000,45.068560000,2508.000
6.408820000,45.068540000,2509.000
6.408760000,45.068510000,2509.000
6.408730000,45.068480000,2509.000
6.408700000,45.068450000,2510.000
6.408680000,45.068420000,2510.000
6.408660000,45.068380000,2511.000
6.408650000,45.068330000,2511.000
6.408660000,45.068280000,2511.000
6.408670000,45.068230000,2512.000
6.408700000,45.068150000,2513.000
6.408800000,45.067920000,2514.000
6.408920000,45.067690000,2515.000
6.408960000,45.067640000,2517.000
6.408990000,45.067600000,2518.000
6.409030000,45.067570000,2519.000
6.409090000,45.067530000,2519.000
6.409150000,45.067510000,2520.000
6.409320000,45.067460000,2521.000
6.409490000,45.067430000,2522.000
6.409750000,45.067390000,2524.000
6.409970000,45.067350000,2525.000
6.410180000,45.067320000,2527.000
6.410280000,45.067320000,2529.000
6.410340000,45.067310000,2530.000
6.410430000,45.067320000,2531.000
6.410500000,45.067320000,2532.000
6.410570000,45.067320000,2532.000
6.410620000,45.067310000,2533.000
6.410660000,45.067300000,2534.000
6.410700000,45.067280000,2534.000
6.410720000,45.067270000,2535.000
6.410730000,45.067250000,2535.000
6.410740000,45.067230000,2535.000
6.410740000,45.067200000,2536.000
6.410740000,45.067180000,2536.000
6.410740000,45.067160000,2536.000
6.410720000,45.067140000,2537.000
6.410710000,45.067120000,2537.000
6.410680000,45.067100000,2537.000
6.410630000,45.067080000,2538.000
6.410580000,45.067060000,2538.000
6.410530000,45.067060000,2538.000
6.410380000,45.067050000,2539.000
6.410290000,45.067040000,2540.000
6.410160000,45.067020000,2541.000
6.410030000,45.066990000,2542.000
6.409890000,45.066960000,2543.000
6.409790000,45.066950000,2544.000
6.409650000,45.066940000,2545.000
6.409460000,45.066930000,2546.000
6.409280000,45.066920000,2547.000
6.409170000,45.066910000,2548.000
6.409110000,45.066890000,2549.000
6.409110000,45.066830000,2550.000
6.409120000,45.066790000,2551.000
6.409150000,45.066760000,2551.000
6.409180000,45.066730000,2552.000
6.409220000,45.066700000,2552.000
6.409460000,45.066550000,2554.000
6.409500000,45.066520000,2555.000
6.409520000,45.066500000,2555.000
6.409530000,45.066480000,2556.000
6.409550000,45.066460000,2556.000
6.409550000,45.066450000,2557.000
6.409560000,45.066430000,2557.000
6.409560000,45.066410000,2557.000
6.409550000,45.066390000,2558.000
6.409550000,45.066380000,2558.000
6.409540000,45.066360000,2558.000
6.409520000,45.066330000,2558.000
6.409490000,45.066290000,2559.000
6.409460000,45.066270000,2559.000
6.409420000,45.066240000,2559.000
6.409380000,45.066220000,2560.000
6.409340000,45.066200000,2560.000
6.409280000,45.066180000,2561.000
6.409160000,45.066150000,2561.000
6.409130000,45.066130000,2562.000
6.409110000,45.066120000,2562.000
6.409090000,45.066100000,2562.000
6.409090000,45.066080000,2562.000
6.409090000,45.066060000,2563.000
6.409090000,45.066040000,2563.000
6.409100000,45.066020000,2563.000
6.409120000,45.066000000,2563.000
6.409140000,45.065980000,2563.000
6.409160000,45.065970000,2564.000
6.409190000,45.065960000,2564.000
6.409220000,45.065950000,2564.000
6.409250000,45.065950000,2564.000
6.409300000,45.065950000,2564.000
6.409350000,45.065960000,2564.000
6.409420000,45.065970000,2565.000
6.409480000,45.065980000,2565.000
6.409560000,45.066010000,2565.000
6.409640000,45.066040000,2566.000
6.409910000,45.066160000,2567.000
6.410020000,45.066200000,2567.000
6.410200000,45.066270000,2568.000
6.410260000,45.066290000,2569.000
6.410340000,45.066310000,2570.000
6.410450000,45.066330000,2570.000
6.410550000,45.066360000,2571.000
6.410620000,45.066370000,2571.000
6.410680000,45.066390000,2572.000
6.410740000,45.066410000,2572.000
6.410800000,45.066440000,2573.000
6.410970000,45.066550000,2573.000
6.411080000,45.066610000,2574.000
6.411220000,45.066680000,2575.000
6.411260000,45.066700000,2576.000
6.411290000,45.066720000,2576.000
6.411330000,45.066730000,2577.000
6.411350000,45.066730000,2577.000
6.411380000,45.066730000,2577.000
6.411430000,45.066720000,2578.000
6.411470000,45.066720000,2578.000
6.411510000,45.066700000,2578.000
6.411570000,45.066670000,2579.000
6.411720000,45.066590000,2579.000
6.411850000,45.066520000,2580.000
6.411980000,45.066470000,2581.000
6.412230000,45.066390000,2582.000
6.412440000,45.066300000,2584.000
6.412830000,45.066100000,2586.000
6.412990000,45.066030000,2588.000
6.413020000,45.066010000,2589.000
6.413040000,45.066000000,2590.000
6.413060000,45.065980000,2591.000
6.413070000,45.065980000,2591.000
6.413080000,45.065960000,2592.000
6.413080000,45.065940000,2592.000
6.413080000,45.065930000,2592.000
6.413070000,45.065910000,2592.000
6.413060000,45.065900000,2593.000
6.413050000,45.065890000,2593.000
6.413030000,45.065880000,2593.000
6.413010000,45.065880000,2593.000
6.412990000,45.065870000,2593.000
6.412970000,45.065870000,2593.000
6.412940000,45.065880000,2594.000
6.412920000,45.065890000,2594.000
6.412900000,45.065900000,2594.000
6.412810000,45.065950000,2595.000
6.412760000,45.065980000,2595.000
6.412700000,45.066000000,2596.000
6.412620000,45.066030000,2597.000
6.412420000,45.066080000,2598.000
6.412270000,45.066120000,2599.000
6.412200000,45.066130000,2600.000
6.412080000,45.066140000,2602.000
6.412000000,45.066150000,2603.000
6.411910000,45.066150000,2604.000
6.411790000,45.066140000,2605.000
6.411690000,45.066140000,2606.000
6.411590000,45.066150000,2607.000
6.411450000,45.066160000,2608.000
6.411400000,45.066150000,2609.000
6.411370000,45.066150000,2610.000
6.411330000,45.066140000,2611.000
6.411310000,45.066130000,2611.000
6.411290000,45.066110000,2612.000
6.411260000,45.066080000,2612.000
6.411040000,45.065700000,2615.000
6.410980000,45.065580000,2617.000
6.410930000,45.065510000,2619.000
6.410900000,45.065470000,2620.000
6.410860000,45.065450000,2621.000
6.410820000,45.065420000,2621.000
6.410780000,45.065400000,2622.000
6.410730000,45.065380000,2622.000
6.410600000,45.065330000,2622.000
6.410520000,45.065300000,2623.000
6.410470000,45.065280000,2623.000
6.410400000,45.065250000,2624.000
6.410280000,45.065170000,2624.000
6.410210000,45.065130000,2624.000
6.410080000,45.065070000,2625.000
6.409870000,45.064970000,2625.000
6.409750000,45.064910000,2626.000
6.409680000,45.064870000,2626.000
6.409610000,45.064830000,2627.000
6.409580000,45.064810000,2627.000
6.409540000,45.064770000,2627.000
6.409500000,45.064740000,2628.000
6.409500000,45.064740000,2628.000
6.409480000,45.064710000,2628.000
6.409390000,45.064610000,2628.000
6.409330000,45.064560000,2629.000
6.409280000,45.064510000,2629.000
6.409220000,45.064480000,2629.000
6.409140000,45.064440000,2629.000
6.409010000,45.064390000,2630.000
6.408860000,45.064340000,2630.000
6.408560000,45.064250000,2630.000
6.408470000,45.064220000,2631.000
6.408410000,45.064210000,2631.000
6.408340000,45.064200000,2631.000
6.408270000,45.064200000,2631.000
6.408170000,45.064200000,2631.000
6.408080000,45.064210000,2631.000
6.408040000,45.064210000,2631.000
6.407990000,45.064210000,2631.000
6.407960000,45.064200000,2631.000
6.407920000,45.064190000,2631.000
6.407910000,45.064180000,2631.000
6.407890000,45.064170000,2631.000
6.407870000,45.064150000,2631.000
6.407860000,45.064140000,2631.000
6.407850000,45.064110000,2631.000
6.407840000,45.064090000,2631.000
6.407850000,45.064080000,2631.000
6.407860000,45.064060000,2632.000
6.407870000,45.064040000,2632.000
6.407890000,45.064030000,2632.000
6.407910000,45.064020000,2632.000
6.407950000,45.064000000,2632.000
6.408000000,45.063980000,2632.000
6.408150000,45.063940000,2632.000
6.408380000,45.063880000,2632.000
6.408490000,45.063850000,2632.000
6.408650000,45.063810000,2632.000
6.408790000,45.063770000,2632.000
6.408850000,45.063750000,2632.000
6.408900000,45.063730000,2632.000
6.408940000,45.063710000,2632.000
6.408970000,45.063690000,2632.000
6.409010000,45.063650000,2632.000
6.409050000,45.063610000,2632.000
6.409090000,45.063570000,2631.000
6.409150000,45.063510000,2631.000
6.409210000,45.063470000,2630.000
6.409260000,45.063440000,2629.000
6.409300000,45.063420000,2629.000
6.409360000,45.063390000,2628.000
6.409420000,45.063370000,2628.000
6.409490000,45.063350000,2627.000
6.409590000,45.063330000,2626.000
6.409730000,45.063300000,2626.000
6.409830000,45.063280000,2625.000
6.409900000,45.063260000,2624.000
6.409950000,45.063250000,2623.000
6.410000000,45.063220000,2623.000
6.410040000,45.063190000,2622.000
6.410100000,45.063150000,2621.000
6.410190000,45.063070000,2620.000
6.410260000,45.063020000,2620.000
6.410320000,45.062980000,2619.000
6.410380000,45.062940000,2618.000
6.410450000,45.062910000,2617.000
6.410510000,45.062890000,2617.000
6.410570000,45.062870000,2616.000
6.410750000,45.062840000,2615.000
6.411040000,45.062790000,2614.000
6.411250000,45.062760000,2612.000
6.411350000,45.062740000,2611.000
6.411410000,45.062720000,2610.000
6.411500000,45.062700000,2609.000
6.411580000,45.062670000,2608.000
6.411620000,45.062650000,2607.000
6.411640000,45.062630000,2607.000
6.411660000,45.062620000,2607.000
6.411680000,45.062600000,2606.000
6.411680000,45.062580000,2606.000
6.411690000,45.062560000,2606.000
6.411680000,45.062550000,2605.000
6.411680000,45.062540000,2605.000
6.411670000,45.062530000,2605.000
6.411650000,45.062520000,2605.000
6.411640000,45.062520000,2605.000
6.411610000,45.062510000,2605.000
6.411590000,45.062510000,2605.000
6.411570000,45.062510000,2604.000
6.411530000,45.062520000,2604.000
6.411490000,45.062530000,2604.000
6.411290000,45.062580000,2603.000
6.411240000,45.062590000,2603.000
6.411200000,45.062600000,2602.000
6.411150000,45.062600000,2602.000
6.411080000,45.062600000,2601.000
6.411040000,45.062600000,2601.000
6.411000000,45.062600000,2601.000
6.410960000,45.062590000,2600.000
6.410930000,45.062580000,2600.000
6.410910000,45.062570000,2600.000
6.410900000,45.062560000,2600.000
6.410890000,45.062550000,2599.000
6.410890000,45.062540000,2599.000
6.410880000,45.062530000,2599.000
6.410880000,45.062520000,2599.000
6.410890000,45.062510000,2599.000
6.410890000,45.062490000,2599.000
6.410910000,45.062490000,2599.000
6.410920000,45.062480000,2598.000
6.410950000,45.062470000,2598.000
6.411000000,45.062470000,2598.000
6.411090000,45.062460000,2598.000
6.411180000,45.062460000,2597.000
6.411240000,45.062450000,2597.000
6.411290000,45.062440000,2596.000
6.411390000,45.062400000,2596.000
6.411530000,45.062340000,2595.000
6.411560000,45.062330000,2594.000
6.411580000,45.062310000,2594.000
6.411590000,45.062300000,2594.000
6.411600000,45.062290000,2593.000
6.411600000,45.062270000,2593.000
6.411590000,45.062260000,2593.000
6.411580000,45.062240000,2593.000
6.411560000,45.062230000,2593.000
6.411540000,45.062230000,2592.000
6.411520000,45.062230000,2592.000
6.411480000,45.062230000,2592.000
6.411380000,45.062260000,2592.000
6.411310000,45.062290000,2591.000
6.411230000,45.062300000,2591.000
6.411190000,45.062310000,2590.000
6.411150000,45.062310000,2590.000
6.411110000,45.062310000,2590.000
6.411010000,45.062290000,2589.000
6.410890000,45.062270000,2589.000
6.410790000,45.062250000,2588.000
6.410710000,45.062240000,2587.000
6.410610000,45.062230000,2587.000
6.410530000,45.062220000,2586.000
6.410410000,45.062230000,2586.000
6.410250000,45.062230000,2585.000
6.410180000,45.062230000,2584.000
6.410060000,45.062220000,2583.000
6.410020000,45.062220000,2583.000
6.409970000,45.062220000,2582.000
6.409940000,45.062220000,2582.000
6.409910000,45.062220000,2582.000
6.409840000,45.062230000,2581.000
6.409750000,45.062260000,2581.000
6.409610000,45.062300000,2580.000
6.409460000,45.062360000,2579.000
6.409300000,45.062420000,2578.000
6.409160000,45.062480000,2577.000
6.409030000,45.062550000,2576.000
6.408930000,45.062600000,2575.000
6.408850000,45.062640000,2575.000
6.408790000,45.062690000,2574.000
6.408740000,45.062740000,2573.000
6.408670000,45.062810000,2572.000
6.408620000,45.062850000,2571.000
6.408590000,45.062870000,2571.000
6.408560000,45.062880000,2570.000
6.408540000,45.062890000,2570.000
6.408510000,45.062900000,2570.000
6.408460000,45.062910000,2569.000
6.408410000,45.062920000,2569.000
6.408340000,45.062930000,2568.000
6.408230000,45.062940000,2568.000
6.408140000,45.062950000,2567.000
6.408070000,45.062950000,2567.000
6.408010000,45.062950000,2566.000
6.407880000,45.062930000,2566.000
6.407790000,45.062920000,2565.000
6.407730000,45.062920000,2564.000
6.407660000,45.062920000,2564.000
6.407610000,45.062920000,2563.000
6.407550000,45.062920000,2563.000
6.407470000,45.062940000,2562.000
6.407420000,45.062940000,2562.000
6.407380000,45.062940000,2561.000
6.407320000,45.062930000,2561.000
6.407270000,45.062910000,2560.000
6.407220000,45.062900000,2560.000
6.407180000,45.062890000,2560.000
6.406880000,45.062790000,2559.000
6.406820000,45.062780000,2558.000
6.406810000,45.062760000,2557.000
6.406790000,45.062720000,2556.000
6.406750000,45.062640000,2556.000
6.406720000,45.062590000,2555.000
6.406670000,45.062490000,2554.000
6.406580000,45.062340000,2553.000
6.406550000,45.062310000,2552.000
6.406520000,45.062280000,2551.000
6.406490000,45.062250000,2551.000
6.406450000,45.062220000,2550.000
6.406390000,45.062190000,2549.000
6.406270000,45.062120000,2549.000
6.405900000,45.061940000,2547.000
6.405850000,45.061900000,2545.000
6.405810000,45.061870000,2544.000
6.405780000,45.061840000,2544.000
6.405760000,45.061800000,2543.000
6.405750000,45.061770000,2542.000
6.405740000,45.061730000,2542.000
6.405740000,45.061690000,2541.000
6.405740000,45.061660000,2541.000
6.405750000,45.061620000,2540.000
6.405770000,45.061600000,2540.000
6.405790000,45.061570000,2539.000
6.405830000,45.061540000,2539.000
6.405850000,45.061520000,2539.000
6.405890000,45.061500000,2538.000
6.405930000,45.061480000,2538.000
6.405980000,45.061470000,2537.000
6.406020000,45.061460000,2537.000
6.406070000,45.061450000,2537.000
6.406110000,45.061450000,2536.000
6.406160000,45.061450000,2536.000
6.406200000,45.061460000,2536.000
6.406250000,45.061470000,2536.000
6.406280000,45.061480000,2536.000
6.406350000,45.061510000,2536.000
6.406420000,45.061550000,2536.000
6.406520000,45.061620000,2536.000
6.406630000,45.061700000,2537.000
6.406710000,45.061770000,2537.000
6.406790000,45.061840000,2537.000
6.406850000,45.061900000,2537.000
6.406890000,45.061950000,2538.000
6.406940000,45.062020000,2538.000
6.407020000,45.062140000,2538.000
6.407130000,45.062320000,2539.000
6.407160000,45.062370000,2539.000
6.407190000,45.062400000,2539.000
6.407230000,45.062430000,2539.000
6.407250000,45.062450000,2540.000
6.407290000,45.062470000,2540.000
6.407320000,45.062480000,2540.000
6.407350000,45.062490000,2540.000
6.407370000,45.062500000,2540.000
6.407390000,45.062510000,2540.000
6.407420000,45.062510000,2540.000
6.407450000,45.062510000,2540.000
6.407470000,45.062520000,2540.000
6.407510000,45.062520000,2540.000
6.407560000,45.062510000,2540.000
6.407620000,45.062510000,2541.000
6.407670000,45.062500000,2541.000
6.407720000,45.062480000,2541.000
6.407770000,45.062450000,2541.000
6.407820000,45.062430000,2541.000
6.407880000,45.062390000,2541.000
6.407920000,45.062360000,2541.000
6.407950000,45.062330000,2541.000
6.407990000,45.062270000,2541.000
6.408020000,45.062230000,2541.000
6.408100000,45.062080000,2540.000
6.408240000,45.061850000,2539.000
6.408280000,45.061780000,2538.000
6.408320000,45.061740000,2537.000
6.408360000,45.061700000,2537.000
6.408390000,45.061670000,2536.000
6.408440000,45.061640000,2536.000
6.408500000,45.061600000,2535.000
6.408540000,45.061580000,2535.000
6.408610000,45.061550000,2535.000
6.408670000,45.061530000,2534.000
6.408710000,45.061510000,2534.000
6.408760000,45.061500000,2534.000
6.408800000,45.061500000,2533.000
6.408840000,45.061490000,2533.000
6.408910000,45.061480000,2533.000
6.408970000,45.061480000,2532.000
6.409070000,45.061490000,2532.000
6.409270000,45.061500000,2531.000
6.409350000,45.061510000,2531.000
6.409400000,45.061500000,2530.000
6.409470000,45.061500000,2530.000
6.409530000,45.061490000,2530.000
6.409580000,45.061480000,2529.000
6.409610000,45.061460000,2529.000
6.409670000,45.061440000,2529.000
6.409740000,45.061400000,2528.000
6.409840000,45.061340000,2528.000
6.410050000,45.061210000,2527.000
6.410630000,45.060860000,2525.000
6.410680000,45.060830000,2523.000
6.410750000,45.060790000,2522.000
6.410820000,45.060770000,2521.000
6.410880000,45.060740000,2520.000
6.410960000,45.060720000,2520.000
6.411140000,45.060690000,2519.000
6.411390000,45.060640000,2518.000
6.411440000,45.060630000,2517.000
6.411480000,45.060620000,2516.000
6.411520000,45.060600000,2516.000
6.411560000,45.060590000,2515.000
6.411590000,45.060570000,2515.000
6.411610000,45.060540000,2515.000
6.411620000,45.060520000,2515.000
6.411640000,45.060500000,2514.000
6.411640000,45.060470000,2514.000
6.411640000,45.060450000,2514.000
6.411640000,45.060420000,2514.000
6.411630000,45.060400000,2513.000
6.411610000,45.060380000,2513.000
6.411590000,45.060360000,2513.000
6.411580000,45.060350000,2513.000
6.411560000,45.060330000,2513.000
6.411540000,45.060320000,2513.000
6.411510000,45.060310000,2512.000
6.411480000,45.060300000,2512.000
6.411460000,45.060300000,2512.000
6.411420000,45.060300000,2512.000
6.411390000,45.060300000,2512.000
6.411350000,45.060300000,2512.000
6.411310000,45.060310000,2512.000
6.411270000,45.060320000,2511.000
6.411220000,45.060340000,2511.000
6.411120000,45.060380000,2511.000
6.410740000,45.060560000,2510.000
6.410490000,45.060680000,2509.000
6.410330000,45.060760000,2509.000
6.410210000,45.060820000,2508.000
6.410100000,45.060860000,2507.000
6.410040000,45.060880000,2507.000
6.409980000,45.060900000,2506.000
6.409870000,45.060920000,2506.000
6.409780000,45.060940000,2505.000
6.409690000,45.060950000,2505.000
6.409610000,45.060950000,2505.000
6.409490000,45.060950000,2504.000
6.409190000,45.060940000,2504.000
6.408940000,45.060930000,2503.000
6.408800000,45.060930000,2502.000
6.408640000,45.060940000,2502.000
6.408510000,45.060940000,2501.000
6.408370000,45.060950000,2501.000
6.407860000,45.061020000,2500.000
6.407800000,45.061030000,2499.000
6.407740000,45.061030000,2499.000
6.407700000,45.061030000,2498.000
6.407660000,45.061030000,2498.000
6.407630000,45.061030000,2498.000
6.407590000,45.061020000,2498.000
6.407530000,45.061000000,2497.000
6.407450000,45.060980000,2497.000
6.407390000,45.060950000,2497.000
6.407340000,45.060920000,2497.000
6.407290000,45.060890000,2497.000
6.407240000,45.060860000,2496.000
6.407170000,45.060800000,2496.000
6.407120000,45.060760000,2496.000
6.407080000,45.060700000,2496.000
6.407060000,45.060650000,2495.000
6.406960000,45.060390000,2495.000
6.406910000,45.060240000,2494.000
6.406880000,45.060160000,2493.000
6.406870000,45.060120000,2492.000
6.406860000,45.060070000,2492.000
6.406860000,45.059980000,2491.000
6.406860000,45.059890000,2490.000
6.406890000,45.059740000,2489.000
6.406950000,45.059510000,2488.000
6.406970000,45.059420000,2487.000
6.406990000,45.059360000,2486.000
6.407020000,45.059300000,2485.000
6.407120000,45.059110000,2484.000
6.407160000,45.059030000,2483.000
6.407190000,45.058970000,2482.000
6.407210000,45.058900000,2481.000
6.407290000,45.058640000,2480.000
6.407340000,45.058500000,2479.000
6.407360000,45.058420000,2478.000
6.407360000,45.058420000,2477.000
6.407370000,45.058400000,2477.000
6.407400000,45.058320000,2476.000
6.407470000,45.058210000,2476.000
6.407520000,45.058110000,2475.000
6.407590000,45.058010000,2474.000
6.407640000,45.057930000,2474.000
6.407680000,45.057820000,2473.000
6.407810000,45.057470000,2472.000
6.407830000,45.057400000,2471.000
6.407860000,45.057350000,2470.000
6.407890000,45.057300000,2469.000
6.407930000,45.057250000,2469.000
6.407970000,45.057210000,2468.000
6.408010000,45.057180000,2468.000
6.408050000,45.057140000,2468.000
6.408110000,45.057110000,2467.000
6.408180000,45.057070000,2467.000
6.408300000,45.057030000,2466.000
6.408370000,45.057000000,2466.000
6.408420000,45.056970000,2465.000
6.408450000,45.056940000,2465.000
6.408490000,45.056910000,2465.000
6.408520000,45.056890000,2464.000
6.408540000,45.056850000,2464.000
6.408550000,45.056830000,2463.000
6.408570000,45.056800000,2463.000
6.408570000,45.056770000,2463.000
6.408570000,45.056740000,2462.000
6.408570000,45.056690000,2462.000
6.408560000,45.056560000,2461.000
6.408530000,45.056220000,2459.000
6.408530000,45.056120000,2458.000
6.408530000,45.056030000,2457.000
6.408550000,45.055890000,2455.000
6.408550000,45.055840000,2454.000
6.408550000,45.055790000,2453.000
6.408550000,45.055760000,2452.000
6.408530000,45.055730000,2452.000
6.408510000,45.055690000,2451.000
6.408470000,45.055640000,2451.000
6.408410000,45.055580000,2450.000
6.408350000,45.055530000,2449.000
6.408300000,45.055500000,2449.000
6.408220000,45.055460000,2448.000
6.408160000,45.055430000,2447.000
6.408080000,45.055400000,2447.000
6.408030000,45.055380000,2446.000
6.407840000,45.055340000,2446.000
6.407610000,45.055270000,2445.000
6.407460000,45.055230000,2444.000
6.407230000,45.055150000,2444.000
6.407080000,45.055100000,2443.000
6.406930000,45.055050000,2442.000
6.406720000,45.054960000,2441.000
6.406570000,45.054900000,2441.000
6.406440000,45.054840000,2440.000
6.406340000,45.054790000,2440.000
6.406240000,45.054740000,2439.000
6.406050000,45.054630000,2438.000
6.405930000,45.054550000,2438.000
6.405750000,45.054440000,2437.000
6.405640000,45.054390000,2436.000
6.405490000,45.054320000,2436.000
6.405320000,45.054250000,2435.000
6.405080000,45.054160000,2434.000
6.404730000,45.054030000,2433.000
6.404650000,45.054000000,2433.000
6.404370000,45.053900000,2432.000
6.404200000,45.053840000,2431.000
6.404150000,45.053830000,2431.000
6.404090000,45.053820000,2430.000
6.404030000,45.053810000,2430.000
6.403980000,45.053810000,2429.000
6.403920000,45.053810000,2429.000
6.403850000,45.053810000,2429.000
6.403790000,45.053810000,2429.000
6.403740000,45.053810000,2428.000
6.403670000,45.053820000,2428.000
6.403610000,45.053830000,2428.000
6.403550000,45.053840000,2428.000
6.403310000,45.053900000,2427.000
6.403200000,45.053920000,2427.000
6.403140000,45.053930000,2426.000
6.403090000,45.053930000,2426.000
6.403050000,45.053940000,2426.000
6.403000000,45.053930000,2425.000
6.402940000,45.053930000,2425.000
6.402870000,45.053920000,2425.000
6.402810000,45.053910000,2424.000
6.402760000,45.053900000,2424.000
6.402710000,45.053890000,2423.000
6.402670000,45.053870000,2423.000
6.402630000,45.053850000,2423.000
6.402610000,45.053840000,2422.000
6.402580000,45.053820000,2422.000
6.402560000,45.053790000,2422.000
6.402540000,45.053760000,2422.000
6.402520000,45.053710000,2421.000
6.402510000,45.053690000,2421.000
6.402510000,45.053660000,2421.000
6.402510000,45.053620000,2420.000
6.402520000,45.053560000,2420.000
6.402570000,45.053430000,2419.000
6.402580000,45.053390000,2419.000
6.402580000,45.053350000,2418.000
6.402580000,45.053320000,2418.000
6.402570000,45.053290000,2418.000
6.402550000,45.053260000,2417.000
6.402530000,45.053230000,2417.000
6.402500000,45.053200000,2417.000
6.402440000,45.053170000,2416.000
6.402390000,45.053140000,2416.000
6.402330000,45.053120000,2416.000
6.402280000,45.053110000,2415.000
6.402230000,45.053100000,2415.000
6.402160000,45.053100000,2415.000
6.402080000,45.053100000,2414.000
6.401820000,45.053100000,2413.000
6.401750000,45.053100000,2413.000
6.401690000,45.053100000,2412.000
6.401630000,45.053100000,2412.000
6.401560000,45.053090000,2411.000
6.401480000,45.053070000,2411.000
6.400830000,45.052930000,2409.000
6.400680000,45.052900000,2408.000
6.400610000,45.052880000,2407.000
6.400560000,45.052870000,2406.000
6.400510000,45.052870000,2405.000
6.400450000,45.052870000,2405.000
6.400410000,45.052870000,2404.000
6.400340000,45.052880000,2404.000
6.400230000,45.052900000,2403.000
6.399900000,45.052960000,2403.000
6.399760000,45.052990000,2402.000
6.399580000,45.053050000,2401.000
6.399460000,45.053090000,2400.000
6.399330000,45.053120000,2399.000
6.399030000,45.053190000,2398.000
6.398900000,45.053210000,2397.000
6.398790000,45.053230000,2396.000
6.398670000,45.053250000,2395.000
6.398470000,45.053260000,2394.000
6.397780000,45.053300000,2391.000
6.397570000,45.053310000,2389.000
6.397240000,45.053330000,2387.000
6.396930000,45.053330000,2385.000
6.396490000,45.053320000,2382.000
6.396170000,45.053320000,2380.000
6.396050000,45.053310000,2379.000
6.395970000,45.053310000,2378.000
6.395880000,45.053300000,2377.000
6.395800000,45.053290000,2376.000
6.395710000,45.053270000,2375.000
6.395600000,45.053250000,2375.000
6.395120000,45.053130000,2374.000
6.394730000,45.053030000,2372.000
6.394590000,45.052990000,2371.000
6.394520000,45.052970000,2370.000
6.394460000,45.052950000,2369.000
6.394420000,45.052930000,2369.000
6.394380000,45.052910000,2368.000
6.394340000,45.052880000,2368.000
6.394300000,45.052840000,2368.000
6.394250000,45.052800000,2367.000
6.394190000,45.052730000,2367.000
6.394130000,45.052640000,2366.000
6.394070000,45.052560000,2366.000
6.394030000,45.052510000,2365.000
6.394000000,45.052490000,2364.000
6.393970000,45.052460000,2364.000
6.393940000,45.052440000,2363.000
6.393900000,45.052420000,2363.000
6.393860000,45.052410000,2362.000
6.393830000,45.052390000,2362.000
6.393770000,45.052380000,2361.000
6.393710000,45.052360000,2361.000
6.393650000,45.052350000,2360.000
6.393430000,45.052320000,2359.000
6.393330000,45.052300000,2358.000
6.393260000,45.052290000,2357.000
6.393200000,45.052270000,2356.000
6.393140000,45.052250000,2355.000
6.393080000,45.052220000,2354.000
6.393020000,45.052190000,2354.000
6.392980000,45.052160000,2353.000
6.392930000,45.052130000,2352.000
6.392890000,45.052090000,2351.000
6.392830000,45.052030000,2351.000
6.392670000,45.051820000,2349.000
6.392620000,45.051770000,2348.000
6.392590000,45.051740000,2346.000
6.392550000,45.051710000,2346.000
6.392510000,45.051690000,2345.000
6.392470000,45.051670000,2344.000
6.392420000,45.051660000,2343.000
6.392380000,45.051650000,2343.000
6.392330000,45.051640000,2342.000
6.392270000,45.051640000,2342.000
6.392220000,45.051640000,2341.000
6.392160000,45.051650000,2341.000
6.392090000,45.051650000,2340.000
6.392010000,45.051670000,2340.000
6.391920000,45.051690000,2340.000
6.391730000,45.051740000,2340.000
6.391470000,45.051820000,2340.000
6.391080000,45.051930000,2341.000
6.390910000,45.051980000,2341.000
6.390800000,45.052010000,2342.000
6.390740000,45.052040000,2342.000
6.390680000,45.052080000,2342.000
6.390600000,45.052130000,2342.000
6.390320000,45.052330000,2343.000
6.390270000,45.052350000,2343.000
6.390220000,45.052380000,2343.000
6.390180000,45.052390000,2344.000
6.390140000,45.052410000,2344.000
6.390100000,45.052410000,2344.000
6.390060000,45.052420000,2344.000
6.390010000,45.052420000,2344.000
6.389960000,45.052410000,2344.000
6.389920000,45.052400000,2344.000
6.389860000,45.052390000,2344.000
6.389820000,45.052370000,2344.000
6.389780000,45.052350000,2344.000
6.389740000,45.052330000,2344.000
6.389700000,45.052300000,2344.000
6.389660000,45.052270000,2343.000
6.389620000,45.052240000,2343.000
6.389590000,45.052200000,2343.000
6.389550000,45.052160000,2342.000
6.389530000,45.052120000,2342.000
6.389500000,45.052090000,2342.000
6.389490000,45.052050000,2341.000
6.389480000,45.052020000,2341.000
6.389470000,45.051990000,2341.000
6.389470000,45.051960000,2341.000
6.389470000,45.051930000,2340.000
6.389480000,45.051900000,2340.000
6.389500000,45.051870000,2340.000
6.389550000,45.051820000,2340.000
6.389580000,45.051790000,2339.000
6.389640000,45.051760000,2339.000
6.389730000,45.051710000,2339.000
6.389950000,45.051600000,2338.000
6.390070000,45.051530000,2337.000
6.390650000,45.051230000,2335.000
6.390800000,45.051160000,2334.000
6.390920000,45.051090000,2332.000
6.390970000,45.051060000,2331.000
6.391020000,45.051030000,2330.000
6.391120000,45.050950000,2330.000
6.391220000,45.050860000,2329.000
6.391290000,45.050790000,2328.000
6.391380000,45.050710000,2327.000
6.391770000,45.050350000,2325.000
6.391900000,45.050240000,2323.000
6.391950000,45.050200000,2322.000
6.392000000,45.050170000,2321.000
6.392050000,45.050140000,2320.000
6.392100000,45.050110000,2319.000
6.392140000,45.050100000,2319.000
6.392190000,45.050090000,2318.000
6.392230000,45.050070000,2318.000
6.392280000,45.050070000,2318.000
6.392320000,45.050060000,2317.000
6.392370000,45.050060000,2317.000
6.392420000,45.050060000,2317.000
6.392480000,45.050060000,2316.000
6.392560000,45.050060000,2316.000
6.392640000,45.050070000,2316.000
6.392990000,45.050100000,2315.000
6.393060000,45.050110000,2314.000
6.393130000,45.050110000,2313.000
6.393160000,45.050110000,2313.000
6.393210000,45.050110000,2312.000
6.393250000,45.050110000,2312.000
6.393300000,45.050090000,2312.000
6.393350000,45.050080000,2311.000
6.393390000,45.050070000,2311.000
6.393420000,45.050050000,2311.000
6.393470000,45.050020000,2310.000
6.393500000,45.049990000,2310.000
6.393540000,45.049960000,2310.000
6.393560000,45.049930000,2310.000
6.393590000,45.049890000,2309.000
6.393620000,45.049820000,2309.000
6.393720000,45.049620000,2308.000
6.393820000,45.049420000,2307.000
6.393850000,45.049370000,2306.000
6.393890000,45.049320000,2306.000
6.393920000,45.049280000,2305.000
6.393960000,45.049240000,2305.000
6.393990000,45.049210000,2304.000
6.394090000,45.049130000,2304.000
6.394210000,45.049060000,2303.000
6.394420000,45.048920000,2302.000
6.394560000,45.048850000,2301.000
6.394630000,45.048810000,2301.000
6.394670000,45.048780000,2300.000
6.394710000,45.048770000,2299.000
6.394770000,45.048750000,2299.000
6.394810000,45.048730000,2299.000
6.394870000,45.048720000,2298.000
6.394940000,45.048710000,2298.000
6.395010000,45.048700000,2298.000
6.395150000,45.048690000,2297.000
6.395430000,45.048680000,2297.000
6.395520000,45.048670000,2296.000
6.395630000,45.048660000,2295.000
6.395750000,45.048650000,2295.000
6.395850000,45.048630000,2294.000
6.395950000,45.048610000,2294.000
6.396020000,45.048590000,2293.000
6.396110000,45.048560000,2293.000
6.396190000,45.048530000,2292.000
6.396280000,45.048500000,2292.000
6.396360000,45.048460000,2291.000
6.396430000,45.048420000,2291.000
6.396510000,45.048370000,2290.000
6.396590000,45.048320000,2290.000
6.396660000,45.048260000,2289.000
6.396910000,45.048060000,2288.000
6.397090000,45.047930000,2287.000
6.397220000,45.047830000,2286.000
6.397360000,45.047740000,2285.000
6.397520000,45.047640000,2284.000
6.397730000,45.047520000,2283.000
6.397970000,45.047380000,2282.000
6.398050000,45.047330000,2280.000
6.398180000,45.047250000,2279.000
6.398300000,45.047170000,2278.000
6.398840000,45.046800000,2276.000
6.398960000,45.046720000,2275.000
6.399060000,45.046630000,2273.000
6.399180000,45.046530000,2272.000
6.399300000,45.046420000,2270.000
6.399650000,45.046110000,2267.000
6.400040000,45.045740000,2264.000
6.400710000,45.045070000,2258.000
6.400790000,45.044990000,2255.000
6.400810000,45.044950000,2252.000
6.400840000,45.044900000,2250.000
6.400850000,45.044860000,2249.000
6.400860000,45.044810000,2248.000
6.400870000,45.044740000,2247.000
6.400890000,45.044600000,2246.000
6.400900000,45.044530000,2245.000
6.400910000,45.044480000,2245.000
6.400920000,45.044440000,2244.000
6.400930000,45.044400000,2244.000
6.400970000,45.044350000,2243.000
6.400990000,45.044330000,2243.000
6.401020000,45.044290000,2243.000
6.401080000,45.044250000,2242.000
6.401150000,45.044200000,2242.000
6.401210000,45.044160000,2242.000
6.401290000,45.044130000,2241.000
6.401560000,45.044010000,2240.000
6.401630000,45.043980000,2240.000
6.401690000,45.043940000,2239.000
6.401750000,45.043900000,2239.000
6.401780000,45.043880000,2238.000
6.401800000,45.043850000,2238.000
6.401820000,45.043820000,2238.000
6.401840000,45.043790000,2238.000
6.401850000,45.043760000,2237.000
6.401860000,45.043720000,2237.000
6.401860000,45.043690000,2237.000
6.401860000,45.043660000,2237.000
6.401860000,45.043630000,2236.000
6.401850000,45.043600000,2236.000
6.401840000,45.043570000,2236.000
6.401820000,45.043550000,2236.000
6.401810000,45.043520000,2236.000
6.401790000,45.043500000,2235.000
6.401770000,45.043480000,2235.000
6.401740000,45.043450000,2235.000
6.401700000,45.043430000,2235.000
6.401630000,45.043390000,2235.000
6.401470000,45.043310000,2235.000
6.401130000,45.043160000,2234.000
6.400760000,45.043000000,2234.000
6.400670000,45.042960000,2233.000
6.400560000,45.042900000,2233.000
6.400170000,45.042660000,2232.000
6.399960000,45.042540000,2231.000
6.399800000,45.042430000,2231.000
6.399590000,45.042290000,2230.000
6.399360000,45.042120000,2228.000
6.399260000,45.042040000,2227.000
6.399200000,45.041980000,2225.000
6.399140000,45.041920000,2224.000
6.399080000,45.041870000,2223.000
6.399040000,45.041820000,2223.000
6.398990000,45.041750000,2222.000
6.398940000,45.041660000,2221.000
6.398820000,45.041430000,2219.000
6.398770000,45.041350000,2218.000
6.398720000,45.041280000,2217.000
6.398660000,45.041200000,2216.000
6.398420000,45.040920000,2214.000
6.398130000,45.040600000,2212.000
6.397830000,45.040280000,2209.000
6.397620000,45.040040000,2207.000
6.397520000,45.039930000,2204.000
6.397450000,45.039860000,2203.000
6.397410000,45.039820000,2202.000
6.397300000,45.039740000,2200.000
6.396860000,45.039460000,2198.000
6.396120000,45.039020000,2195.000
6.395530000,45.038650000,2191.000
6.395380000,45.038560000,2189.000
6.395280000,45.038510000,2186.000
6.395180000,45.038470000,2185.000
6.395110000,45.038450000,2183.000
6.395030000,45.038420000,2182.000
6.394950000,45.038400000,2181.000
6.394860000,45.038390000,2181.000
6.394740000,45.038370000,2180.000
6.394470000,45.038340000,2179.000
6.393970000,45.038290000,2177.000
6.393780000,45.038270000,2175.000
6.393720000,45.038260000,2174.000
6.393650000,45.038260000,2173.000
6.393570000,45.038260000,2172.000
6.393490000,45.038270000,2172.000
6.393400000,45.038270000,2171.000
6.393320000,45.038280000,2170.000
6.393170000,45.038300000,2170.000
6.393130000,45.038300000,2169.000
6.393070000,45.038310000,2168.000
6.393020000,45.038310000,2168.000
6.392990000,45.038300000,2168.000
6.392970000,45.038300000,2167.000
6.392940000,45.038280000,2167.000
6.392910000,45.038270000,2167.000
6.392880000,45.038250000,2167.000
6.392860000,45.038220000,2166.000
6.392850000,45.038200000,2166.000
6.392850000,45.038180000,2166.000
6.392850000,45.038150000,2166.000
6.392850000,45.038130000,2165.000
6.392870000,45.038100000,2165.000
6.392890000,45.038080000,2165.000
6.392920000,45.038050000,2165.000
6.392940000,45.038040000,2164.000
6.392980000,45.038020000,2164.000
6.393010000,45.038010000,2164.000
6.393040000,45.038000000,2164.000
6.393080000,45.038000000,2163.000
6.393110000,45.038000000,2163.000
6.393150000,45.038000000,2163.000
6.393210000,45.038000000,2163.000
6.393280000,45.038010000,2162.000
6.393420000,45.038040000,2162.000
6.393470000,45.038050000,2161.000
6.393520000,45.038060000,2161.000
6.393580000,45.038060000,2161.000
6.393650000,45.038060000,2161.000
6.393750000,45.038060000,2160.000
6.393830000,45.038050000,2160.000
6.394110000,45.038030000,2159.000
6.394360000,45.038020000,2159.000
6.394450000,45.038010000,2158.000
6.394530000,45.038000000,2158.000
6.394620000,45.037980000,2157.000
6.394700000,45.037960000,2157.000
6.394790000,45.037940000,2157.000
6.394850000,45.037920000,2156.000
6.394950000,45.037880000,2156.000
6.395130000,45.037810000,2155.000
6.395640000,45.037580000,2154.000
6.395780000,45.037530000,2153.000
6.395930000,45.037480000,2152.000
6.396040000,45.037440000,2151.000
6.396190000,45.037410000,2150.000
6.396360000,45.037380000,2149.000
6.396520000,45.037350000,2148.000
6.396640000,45.037330000,2147.000
6.396770000,45.037320000,2146.000
6.396860000,45.037310000,2145.000
6.397040000,45.037300000,2144.000
6.397490000,45.037280000,2142.000
6.397580000,45.037280000,2141.000
6.397670000,45.037290000,2140.000
6.397750000,45.037290000,2139.000
6.397810000,45.037300000,2138.000
6.397870000,45.037300000,2137.000
6.397930000,45.037320000,2136.000
6.397980000,45.037330000,2136.000
6.398040000,45.037350000,2135.000
6.398080000,45.037370000,2135.000
6.398120000,45.037390000,2135.000
6.398160000,45.037420000,2134.000
6.398200000,45.037440000,2134.000
6.398230000,45.037470000,2133.000
6.398250000,45.037500000,2133.000
6.398280000,45.037530000,2133.000
6.398300000,45.037560000,2132.000
6.398320000,45.037590000,2132.000
6.398340000,45.037640000,2132.000
6.398340000,45.037680000,2132.000
6.398350000,45.037730000,2131.000
6.398350000,45.037790000,2131.000
6.398350000,45.037850000,2131.000
6.398340000,45.037900000,2130.000
6.398330000,45.038040000,2130.000
6.398340000,45.038080000,2129.000
6.398340000,45.038140000,2129.000
6.398350000,45.038200000,2128.000
6.398370000,45.038250000,2128.000
6.398390000,45.038290000,2128.000
6.398420000,45.038340000,2127.000
6.398460000,45.038390000,2127.000
6.398520000,45.038450000,2126.000
6.398650000,45.038560000,2126.000
6.400790000,45.040210000,2120.000
6.400870000,45.040270000,2117.000
6.400920000,45.040330000,2114.000
6.400970000,45.040380000,2112.000
6.401020000,45.040430000,2111.000
6.401050000,45.040480000,2110.000
6.401080000,45.040540000,2109.000
6.401140000,45.040670000,2108.000
6.401160000,45.040710000,2107.000
6.401180000,45.040740000,2107.000
6.401200000,45.040780000,2106.000
6.401230000,45.040810000,2106.000
6.401260000,45.040830000,2106.000
6.401290000,45.040840000,2105.000
6.401330000,45.040860000,2105.000
6.401360000,45.040870000,2105.000
6.401390000,45.040870000,2105.000
6.401420000,45.040880000,2104.000
6.401460000,45.040870000,2104.000
6.401500000,45.040870000,2104.000
6.401540000,45.040860000,2104.000
6.401590000,45.040840000,2104.000
6.401620000,45.040820000,2104.000
6.401650000,45.040790000,2103.000
6.401670000,45.040760000,2103.000
6.401680000,45.040730000,2103.000
6.401680000,45.040700000,2103.000
6.401660000,45.040650000,2102.000
6.401630000,45.040600000,2102.000
6.401600000,45.040560000,2102.000
6.401530000,45.040500000,2102.000
6.401420000,45.040420000,2101.000
6.401350000,45.040360000,2101.000
6.401280000,45.040290000,2100.000
6.401220000,45.040210000,2100.000
6.401180000,45.040150000,2099.000
6.401130000,45.040070000,2099.000
6.400860000,45.039590000,2096.000
6.400800000,45.039460000,2095.000
6.400730000,45.039330000,2093.000
6.400710000,45.039260000,2092.000
6.400690000,45.039200000,2091.000
6.400680000,45.039150000,2090.000
6.400680000,45.039090000,2089.000
6.400680000,45.039020000,2088.000
6.400690000,45.038980000,2088.000
6.400710000,45.038920000,2087.000
6.400760000,45.038850000,2086.000
6.400790000,45.038810000,2086.000
6.400820000,45.038770000,2085.000
6.400870000,45.038730000,2085.000
6.400930000,45.038690000,2084.000
6.400990000,45.038650000,2084.000
6.401060000,45.038620000,2083.000
6.401150000,45.038580000,2082.000
6.401270000,45.038550000,2082.000
6.401370000,45.038520000,2081.000
6.401610000,45.038460000,2080.000
6.402450000,45.038240000,2079.000
6.402660000,45.038180000,2077.000
6.402710000,45.038160000,2076.000
6.402750000,45.038140000,2076.000
6.402780000,45.038120000,2075.000
6.402800000,45.038100000,2075.000
6.402820000,45.038080000,2074.000
6.402840000,45.038050000,2074.000
6.402850000,45.038010000,2074.000
6.402860000,45.037970000,2074.000
6.402860000,45.037930000,2074.000
6.402850000,45.037880000,2073.000
6.402820000,45.037780000,2073.000
6.402800000,45.037700000,2073.000
6.402780000,45.037620000,2072.000
6.402780000,45.037570000,2072.000
6.402790000,45.037500000,2072.000
6.402800000,45.037450000,2071.000
6.402830000,45.037410000,2071.000
6.402840000,45.037390000,2071.000
6.402870000,45.037350000,2071.000
6.402920000,45.037310000,2070.000
6.402960000,45.037280000,2070.000
6.403010000,45.037250000,2070.000
6.403070000,45.037220000,2069.000
6.403140000,45.037190000,2069.000
6.403250000,45.037160000,2069.000
6.403440000,45.037090000,2068.000
6.403550000,45.037050000,2068.000
6.403630000,45.037010000,2067.000
6.403750000,45.036940000,2066.000
6.403970000,45.036820000,2066.000
6.404080000,45.036740000,2065.000
6.404130000,45.036700000,2064.000
6.404190000,45.036650000,2064.000
6.404220000,45.036610000,2063.000
6.404280000,45.036540000,2063.000
6.404390000,45.036370000,2062.000
6.404580000,45.036100000,2061.000
6.404840000,45.035740000,2060.000
6.404880000,45.035680000,2059.000
6.404950000,45.035600000,2059.000
6.404980000,45.035520000,2058.000
6.405110000,45.035390000,2058.000
6.405150000,45.035340000,2058.000
6.405140000,45.035320000,2057.000
6.405110000,45.035230000,2057.000
6.405090000,45.035150000,2057.000
6.405060000,45.035060000,2057.000
6.405060000,45.035010000,2057.000
6.405040000,45.034920000,2057.000
6.405030000,45.034830000,2057.000
6.405030000,45.034730000,2056.000
6.405040000,45.034640000,2056.000
6.405090000,45.034520000,2056.000
6.405150000,45.034410000,2056.000
6.405210000,45.034310000,2055.000
6.405240000,45.034260000,2055.000
6.405280000,45.034170000,2054.000
6.405310000,45.034090000,2054.000
6.405320000,45.034050000,2053.000
6.405330000,45.034020000,2053.000
6.405330000,45.033970000,2052.000
6.405330000,45.033910000,2052.000
6.405310000,45.033850000,2051.000
6.405290000,45.033780000,2050.000
6.405260000,45.033730000,2050.000
6.405200000,45.033650000,2049.000
6.405150000,45.033590000,2048.000
6.405090000,45.033540000,2048.000
6.405030000,45.033490000,2047.000
6.404960000,45.033450000,2046.000
6.404900000,45.033410000,2046.000
6.404820000,45.033380000,2045.000
6.404740000,45.033360000,2045.000
6.404660000,45.033340000,2044.000
6.404580000,45.033320000,2043.000
6.404500000,45.033310000,2043.000
6.404400000,45.033310000,2042.000
6.404310000,45.033310000,2042.000
6.404220000,45.033310000,2041.000
6.404130000,45.033320000,2040.000
6.404030000,45.033330000,2040.000
6.403890000,45.033360000,2039.000
6.403340000,45.033460000,2038.000
6.403110000,45.033510000,2036.000
6.402590000,45.033610000,2035.000
6.402260000,45.033680000,2033.000
6.402100000,45.033700000,2031.000
6.401940000,45.033730000,2030.000
6.401770000,45.033750000,2029.000
6.401610000,45.033770000,2028.000
6.401430000,45.033780000,2027.000
6.401250000,45.033790000,2026.000
6.401070000,45.033800000,2026.000
6.400880000,45.033800000,2025.000
6.400760000,45.033800000,2024.000
6.400610000,45.033800000,2024.000
6.400440000,45.033790000,2023.000
6.400280000,45.033770000,2023.000
6.400110000,45.033760000,2022.000
6.399940000,45.033730000,2022.000
6.399730000,45.033700000,2021.000
6.399530000,45.033660000,2021.000
6.399310000,45.033610000,2020.000
6.398970000,45.033530000,2019.000
6.398170000,45.033310000,2018.000
6.397480000,45.033110000,2017.000
6.397310000,45.033080000,2016.000
6.397130000,45.033050000,2016.000
6.396930000,45.033020000,2015.000
6.396390000,45.032950000,2015.000
6.396150000,45.032930000,2015.000
6.395580000,45.032860000,2014.000
6.395270000,45.032830000,2014.000
6.395130000,45.032830000,2014.000
6.394970000,45.032830000,2014.000
6.394800000,45.032840000,2014.000
6.394640000,45.032850000,2014.000
6.394310000,45.032880000,2015.000
6.394060000,45.032910000,2015.000
6.393820000,45.032940000,2015.000
6.393670000,45.032950000,2015.000
6.393500000,45.032960000,2015.000
6.393330000,45.032960000,2016.000
6.393170000,45.032960000,2016.000
6.393000000,45.032950000,2016.000
6.392840000,45.032940000,2016.000
6.392680000,45.032910000,2016.000
6.392530000,45.032880000,2015.000
6.392220000,45.032810000,2014.000
6.391580000,45.032660000,2012.000
6.391430000,45.032630000,2011.000
6.391360000,45.032610000,2010.000
6.391250000,45.032590000,2009.000
6.391150000,45.032570000,2008.000
6.391050000,45.032550000,2007.000
6.390940000,45.032540000,2007.000
6.390810000,45.032520000,2006.000
6.390700000,45.032520000,2005.000
6.390550000,45.032520000,2005.000
6.390390000,45.032520000,2004.000
6.390220000,45.032530000,2003.000
6.390100000,45.032540000,2003.000
6.389940000,45.032550000,2002.000
6.389790000,45.032570000,2002.000
6.388810000,45.032710000,2000.000
6.388170000,45.032810000,1999.000
6.387940000,45.032850000,1998.000
6.387680000,45.032900000,1997.000
6.387180000,45.033030000,1995.000
6.385970000,45.033350000,1993.000
6.385820000,45.033390000,1991.000
6.385650000,45.033420000,1989.000
6.385490000,45.033440000,1988.000
6.385340000,45.033440000,1987.000
6.385250000,45.033440000,1986.000
6.385170000,45.033440000,1985.000
6.385010000,45.033420000,1985.000
6.384850000,45.033390000,1984.000
6.384680000,45.033350000,1983.000
6.384420000,45.033280000,1982.000
6.384290000,45.033250000,1981.000
6.384150000,45.033210000,1980.000
6.384060000,45.033170000,1979.000
6.383980000,45.033140000,1978.000
6.383920000,45.033100000,1978.000
6.383880000,45.033060000,1977.000
6.383810000,45.033010000,1976.000
6.383750000,45.032940000,1976.000
6.383710000,45.032870000,1975.000
6.383630000,45.032730000,1974.000
6.383540000,45.032520000,1973.000
6.383480000,45.032410000,1972.000
6.383440000,45.032360000,1971.000
6.383400000,45.032310000,1971.000
6.383350000,45.032260000,1970.000
6.383260000,45.032200000,1969.000
6.383200000,45.032160000,1969.000
6.383120000,45.032110000,1968.000
6.383050000,45.032080000,1967.000
6.382980000,45.032050000,1967.000
6.382910000,45.032030000,1966.000
6.382850000,45.032020000,1966.000
6.382780000,45.032000000,1965.000
6.382690000,45.031990000,1965.000
6.382610000,45.031980000,1964.000
6.382510000,45.031980000,1964.000
6.382180000,45.032010000,1963.000
6.381400000,45.032100000,1961.000
6.380830000,45.032180000,1958.000
6.380520000,45.032240000,1956.000
6.380140000,45.032340000,1954.000
6.379640000,45.032480000,1953.000
6.378830000,45.032720000,1951.000
6.378490000,45.032820000,1949.000
6.378050000,45.032980000,1948.000
6.377390000,45.033240000,1945.000
6.377180000,45.033320000,1943.000
6.376960000,45.033390000,1941.000
6.376740000,45.033460000,1939.000
6.376290000,45.033600000,1936.000
6.376190000,45.033630000,1934.000
6.376090000,45.033670000,1932.000
6.375900000,45.033750000,1931.000
6.374880000,45.034290000,1926.000
6.374880000,45.034290000,1923.000
6.374850000,45.034310000,1921.000
6.374710000,45.034370000,1920.000
6.374600000,45.034420000,1918.000
6.374550000,45.034440000,1917.000
6.374480000,45.034460000,1916.000
6.374410000,45.034480000,1916.000
6.374340000,45.034490000,1915.000
6.374160000,45.034500000,1914.000
6.373650000,45.034500000,1913.000
6.373390000,45.034510000,1911.000
6.373170000,45.034530000,1910.000
6.372940000,45.034570000,1909.000
6.372710000,45.034610000,1907.000
6.372510000,45.034670000,1906.000
6.372390000,45.034710000,1905.000
6.372290000,45.034750000,1904.000
6.372180000,45.034800000,1903.000
6.372080000,45.034850000,1902.000
6.371970000,45.034920000,1902.000
6.371870000,45.035000000,1901.000
6.371770000,45.035080000,1900.000
6.371600000,45.035240000,1900.000
6.371510000,45.035320000,1899.000
6.371300000,45.035520000,1898.000
6.371070000,45.035710000,1897.000
6.370820000,45.035920000,1895.000
6.370600000,45.036100000,1894.000
6.370490000,45.036170000,1893.000
6.370350000,45.036250000,1892.000
6.370110000,45.036360000,1891.000
6.369710000,45.036540000,1890.000
6.369530000,45.036610000,1889.000
6.369270000,45.036700000,1888.000
6.369110000,45.036770000,1888.000
6.368840000,45.036900000,1887.000
6.368720000,45.036970000,1886.000
6.368610000,45.037040000,1885.000
6.368490000,45.037120000,1885.000
6.368360000,45.037190000,1884.000
6.368250000,45.037240000,1883.000
6.368160000,45.037270000,1883.000
6.368080000,45.037290000,1882.000
6.367970000,45.037310000,1882.000
6.367820000,45.037350000,1881.000
6.367670000,45.037390000,1880.000
6.367530000,45.037440000,1879.000
6.367260000,45.037550000,1878.000
6.367030000,45.037650000,1877.000
6.366820000,45.037750000,1876.000
6.366690000,45.037820000,1875.000
6.366450000,45.037970000,1874.000
6.366250000,45.038110000,1872.000
6.365880000,45.038360000,1871.000
6.365750000,45.038430000,1870.000
6.365700000,45.038460000,1869.000
6.365660000,45.038480000,1868.000
6.365610000,45.038490000,1868.000
6.365550000,45.038500000,1868.000
6.365500000,45.038500000,1867.000
6.365450000,45.038500000,1867.000
6.365410000,45.038490000,1867.000
6.365380000,45.038480000,1867.000
6.365340000,45.038460000,1867.000
6.365310000,45.038440000,1867.000
6.365280000,45.038410000,1866.000
6.365260000,45.038380000,1866.000
6.365250000,45.038360000,1866.000
6.365250000,45.038330000,1866.000
6.365240000,45.038300000,1866.000
6.365250000,45.038260000,1866.000
6.365270000,45.038220000,1866.000
6.365290000,45.038190000,1866.000
6.365330000,45.038150000,1865.000
6.365370000,45.038130000,1865.000
6.365410000,45.038110000,1865.000
6.365470000,45.038080000,1865.000
6.365560000,45.038060000,1865.000
6.365650000,45.038040000,1865.000
6.365780000,45.038000000,1864.000
6.365870000,45.037970000,1864.000
6.365940000,45.037940000,1864.000
6.366040000,45.037890000,1863.000
6.366160000,45.037810000,1863.000
6.366260000,45.037720000,1863.000
6.366460000,45.037550000,1862.000
6.366980000,45.037030000,1860.000
6.367120000,45.036920000,1859.000
6.367240000,45.036840000,1857.000
6.367360000,45.036780000,1856.000
6.367500000,45.036700000,1855.000
6.367650000,45.036620000,1855.000
6.367760000,45.036540000,1854.000
6.367850000,45.036460000,1853.000
6.367940000,45.036380000,1852.000
6.368150000,45.036170000,1851.000
6.368220000,45.036080000,1851.000
6.368250000,45.036050000,1850.000
6.368260000,45.036010000,1850.000
6.368270000,45.035980000,1849.000
6.368270000,45.035950000,1849.000
6.368260000,45.035920000,1849.000
6.368230000,45.035890000,1848.000
6.368200000,45.035850000,1848.000
6.368130000,45.035830000,1848.000
6.368080000,45.035810000,1848.000
6.368020000,45.035810000,1847.000
6.367970000,45.035810000,1847.000
6.367920000,45.035820000,1847.000
6.367870000,45.035840000,1847.000
6.367820000,45.035860000,1847.000
6.367770000,45.035890000,1846.000
6.367710000,45.035930000,1846.000
6.367660000,45.036000000,1846.000
6.367580000,45.036110000,1845.000
6.367480000,45.036230000,1845.000
6.367430000,45.036280000,1844.000
6.367380000,45.036320000,1844.000
6.367320000,45.036350000,1844.000
6.367260000,45.036390000,1843.000
6.367210000,45.036410000,1843.000
6.367150000,45.036440000,1843.000
6.367030000,45.036490000,1842.000
6.366590000,45.036640000,1841.000
6.365860000,45.036900000,1838.000
6.365150000,45.037150000,1835.000
6.364840000,45.037260000,1832.000
6.364580000,45.037350000,1830.000
6.364440000,45.037420000,1828.000
6.364370000,45.037460000,1827.000
6.364260000,45.037530000,1826.000
6.364190000,45.037600000,1825.000
6.364110000,45.037700000,1824.000
6.364030000,45.037800000,1824.000
6.363940000,45.037990000,1824.000
6.363840000,45.038210000,1823.000
6.363780000,45.038320000,1823.000
6.363610000,45.038590000,1822.000
6.363520000,45.038720000,1822.000
6.363480000,45.038780000,1822.000
6.363440000,45.038820000,1821.000
6.363380000,45.038870000,1821.000
6.363340000,45.038900000,1821.000
6.363290000,45.038920000,1821.000
6.363240000,45.038940000,1820.000
6.363160000,45.038950000,1820.000
6.363090000,45.038960000,1820.000
6.363020000,45.038950000,1819.000
6.362960000,45.038950000,1819.000
6.362890000,45.038930000,1818.000
6.362800000,45.038900000,1818.000
6.362640000,45.038820000,1817.000
6.362440000,45.038720000,1816.000
6.362330000,45.038670000,1815.000
6.362240000,45.038630000,1814.000
6.362180000,45.038610000,1813.000
6.362110000,45.038600000,1812.000
6.362030000,45.038590000,1811.000
6.361940000,45.038580000,1811.000
6.361830000,45.038580000,1810.000
6.361640000,45.038590000,1809.000
6.361420000,45.038600000,1808.000
6.361230000,45.038620000,1807.000
6.361130000,45.038640000,1806.000
6.361060000,45.038650000,1805.000
6.360980000,45.038680000,1804.000
6.360850000,45.038740000,1803.000
6.360750000,45.038800000,1802.000
6.360640000,45.038860000,1802.000
6.360570000,45.038910000,1801.000
6.360490000,45.038970000,1800.000
6.360210000,45.039300000,1799.000
6.360120000,45.039410000,1798.000
6.360060000,45.039480000,1797.000
6.360010000,45.039530000,1796.000
6.359940000,45.039590000,1796.000
6.359880000,45.039630000,1795.000
6.359800000,45.039670000,1795.000
6.359710000,45.039700000,1794.000
6.359590000,45.039730000,1794.000
6.359300000,45.039800000,1793.000
6.358560000,45.039940000,1791.000
6.358270000,45.039990000,1789.000
6.358160000,45.040020000,1787.000
6.358080000,45.040050000,1786.000
6.358000000,45.040090000,1785.000
6.357920000,45.040140000,1784.000
6.357860000,45.040190000,1783.000
6.357820000,45.040230000,1782.000
6.357770000,45.040280000,1781.000
6.357670000,45.040380000,1781.000
6.357490000,45.040540000,1779.000
6.357180000,45.040800000,1777.000
6.357090000,45.040870000,1775.000
6.357000000,45.040930000,1774.000
6.356840000,45.041000000,1772.000
6.356580000,45.041130000,1770.000
6.356510000,45.041180000,1769.000
6.356450000,45.041230000,1768.000
6.356400000,45.041280000,1767.000
6.356360000,45.041320000,1767.000
6.356340000,45.041360000,1766.000
6.356300000,45.041440000,1766.000
6.356220000,45.041640000,1765.000
6.356150000,45.041810000,1764.000
6.356070000,45.041940000,1764.000
6.355980000,45.042030000,1763.000
6.355920000,45.042080000,1763.000
6.355830000,45.042160000,1762.000
6.355730000,45.042230000,1762.000
6.355620000,45.042300000,1761.000
6.355520000,45.042370000,1761.000
6.355390000,45.042420000,1761.000
6.355310000,45.042440000,1760.000
6.355210000,45.042450000,1760.000
6.355120000,45.042450000,1759.000
6.355020000,45.042430000,1759.000
6.354920000,45.042390000,1759.000
6.354830000,45.042340000,1758.000
6.354780000,45.042310000,1758.000
6.354650000,45.042170000,1758.000
6.354530000,45.042050000,1757.000
6.354400000,45.041940000,1757.000
6.354250000,45.041840000,1756.000
6.354110000,45.041760000,1756.000
6.353900000,45.041660000,1755.000
6.353820000,45.041620000,1755.000
6.353700000,45.041580000,1754.000
6.353580000,45.041540000,1754.000
6.353470000,45.041510000,1753.000
6.353360000,45.041480000,1753.000
6.353170000,45.041440000,1753.000
6.352410000,45.041310000,1752.000
6.352220000,45.041280000,1751.000
6.352060000,45.041250000,1749.000
6.351790000,45.041170000,1748.000
6.351600000,45.041120000,1747.000
6.351470000,45.041100000,1746.000
6.351350000,45.041090000,1745.000
6.351240000,45.041110000,1744.000
6.351120000,45.041130000,1743.000
6.351000000,45.041160000,1742.000
6.350750000,45.041240000,1741.000
6.350630000,45.041260000,1740.000
6.350470000,45.041270000,1739.000
6.350320000,45.041270000,1738.000
6.350100000,45.041260000,1737.000
6.349620000,45.041220000,1736.000
6.349260000,45.041200000,1734.000
6.348880000,45.041180000,1733.000
6.348490000,45.041170000,1731.000
6.348310000,45.041170000,1730.000
6.348180000,45.041180000,1729.000
6.348060000,45.041200000,1728.000
6.347960000,45.041230000,1727.000
6.347770000,45.041300000,1726.000
6.347620000,45.041370000,1726.000
6.347490000,45.041420000,1725.000
6.347330000,45.041470000,1724.000
6.347200000,45.041490000,1723.000
6.347060000,45.041500000,1723.000
6.346900000,45.041500000,1722.000
6.346730000,45.041480000,1721.000
6.346590000,45.041450000,1720.000
6.346450000,45.041390000,1719.000
6.346170000,45.041250000,1718.000
6.346020000,45.041180000,1717.000
6.345840000,45.041110000,1716.000
6.345640000,45.041070000,1714.000
6.345420000,45.041050000,1713.000
6.345240000,45.041050000,1712.000
6.345070000,45.041060000,1711.000
6.344870000,45.041100000,1710.000
6.343840000,45.041340000,1707.000
6.343520000,45.041410000,1704.000
6.343310000,45.041450000,1702.000
6.343190000,45.041460000,1701.000
6.343040000,45.041460000,1699.000
6.342800000,45.041440000,1698.000
6.342430000,45.041400000,1697.000
6.342220000,45.041370000,1696.000
6.341780000,45.041310000,1694.000
6.341580000,45.041290000,1693.000
6.341420000,45.041290000,1692.000
6.341300000,45.041310000,1691.000
6.341190000,45.041340000,1690.000
6.341120000,45.041360000,1690.000
6.340930000,45.041450000,1689.000
6.340720000,45.041570000,1687.000
6.340460000,45.041700000,1685.000
6.340100000,45.041860000,1683.000
6.340020000,45.041920000,1682.000
6.339960000,45.041980000,1680.000
6.339900000,45.042070000,1679.000
6.339790000,45.042240000,1677.000
6.339740000,45.042310000,1676.000
6.339670000,45.042370000,1675.000
6.339580000,45.042440000,1674.000
6.339460000,45.042500000,1673.000
6.339370000,45.042530000,1672.000
6.339220000,45.042570000,1671.000
6.339050000,45.042630000,1670.000
6.338900000,45.042680000,1669.000
6.338760000,45.042740000,1669.000
6.338660000,45.042810000,1668.000
6.338580000,45.042890000,1667.000
6.338380000,45.043100000,1666.000
6.337990000,45.043520000,1665.000
6.337900000,45.043610000,1663.000
6.337700000,45.043800000,1662.000
6.337600000,45.043870000,1661.000
6.337490000,45.043940000,1660.000
6.337340000,45.044010000,1659.000
6.337180000,45.044080000,1658.000
6.336980000,45.044150000,1658.000
6.336890000,45.044180000,1657.000
6.336770000,45.044210000,1656.000
6.336600000,45.044240000,1655.000
6.336450000,45.044260000,1655.000
6.336280000,45.044260000,1654.000
6.335980000,45.044270000,1653.000
6.335860000,45.044270000,1652.000
6.335770000,45.044270000,1652.000
6.335680000,45.044270000,1651.000
6.335460000,45.044270000,1651.000
6.335290000,45.044280000,1650.000
6.335050000,45.044310000,1649.000
6.334860000,45.044360000,1648.000
6.334680000,45.044440000,1647.000
6.334520000,45.044540000,1646.000
6.334200000,45.044780000,1644.000
6.334000000,45.044950000,1643.000
6.333870000,45.045090000,1641.000
6.333790000,45.045200000,1640.000
6.333760000,45.045300000,1638.000
6.333740000,45.045420000,1637.000
6.333720000,45.045610000,1636.000
6.333700000,45.045770000,1635.000
6.333670000,45.045820000,1634.000
6.333630000,45.045860000,1633.000
6.333570000,45.045880000,1633.000
6.333500000,45.045890000,1632.000
6.333430000,45.045880000,1632.000
6.333380000,45.045840000,1632.000
6.333350000,45.045790000,1631.000
6.333340000,45.045730000,1631.000
6.333420000,45.044560000,1629.000
6.333420000,45.044400000,1627.000
6.333400000,45.044240000,1625.000
6.333380000,45.044130000,1624.000
6.333350000,45.044040000,1623.000
6.333290000,45.043950000,1621.000
6.333150000,45.043840000,1620.000
6.332920000,45.043670000,1619.000
6.332470000,45.043340000,1616.000
6.332380000,45.043280000,1614.000
6.332310000,45.043250000,1613.000
6.332240000,45.043230000,1612.000
6.332140000,45.043210000,1611.000
6.332030000,45.043220000,1610.000
6.331930000,45.043240000,1609.000
6.331820000,45.043280000,1608.000
6.331570000,45.043400000,1607.000
6.331460000,45.043460000,1607.000
6.331380000,45.043520000,1606.000
6.331310000,45.043580000,1606.000
6.331270000,45.043650000,1606.000
6.331230000,45.043740000,1606.000
6.331220000,45.043830000,1605.000
6.331240000,45.043910000,1605.000
6.331310000,45.044020000,1605.000
6.331790000,45.044710000,1604.000
6.331870000,45.044860000,1604.000
6.331900000,45.044950000,1603.000
6.331920000,45.045090000,1602.000
6.331910000,45.045210000,1601.000
6.331900000,45.045340000,1600.000
6.331870000,45.045540000,1599.000
6.331810000,45.045720000,1598.000
6.331760000,45.045830000,1597.000
6.331690000,45.045920000,1596.000
6.331600000,45.046000000,1595.000
6.331490000,45.046060000,1594.000
6.331360000,45.046110000,1593.000
6.331200000,45.046160000,1592.000
6.331010000,45.046180000,1591.000
6.330790000,45.046200000,1590.000
6.330540000,45.046220000,1589.000
6.330220000,45.046230000,1588.000
6.329680000,45.046240000,1586.000
6.329110000,45.046260000,1585.000
6.329000000,45.046250000,1583.000
6.328900000,45.046230000,1583.000
6.328830000,45.046200000,1582.000
6.328770000,45.046150000,1581.000
6.328740000,45.046100000,1581.000
6.328730000,45.046040000,1580.000
6.328750000,45.045980000,1580.000
6.328790000,45.045940000,1580.000
6.328840000,45.045900000,1579.000
6.328910000,45.045880000,1579.000
6.329140000,45.045830000,1578.000
6.329200000,45.045820000,1578.000
6.329280000,45.045790000,1578.000
6.329340000,45.045750000,1578.000
6.329370000,45.045710000,1578.000
6.329380000,45.045660000,1578.000
6.329380000,45.045620000,1578.000
6.329330000,45.045560000,1578.000
6.329290000,45.045530000,1577.000
6.329240000,45.045510000,1577.000
6.329200000,45.045510000,1577.000
6.329130000,45.045510000,1577.000
6.329060000,45.045520000,1577.000
6.328990000,45.045540000,1577.000
6.328400000,45.045810000,1577.000
6.323500000,45.048030000,1577.000
6.323150000,45.048210000,1575.000
6.323040000,45.048260000,1573.000
6.322900000,45.048300000,1571.000
6.322840000,45.048320000,1570.000
6.322770000,45.048330000,1568.000
6.322630000,45.048340000,1567.000
6.322570000,45.048340000,1565.000
6.322510000,45.048330000,1564.000
6.322440000,45.048320000,1563.000
6.322360000,45.048300000,1562.000
6.322020000,45.048200000,1560.000
6.321910000,45.048180000,1558.000
6.321810000,45.048160000,1556.000
6.321700000,45.048150000,1554.000
6.321580000,45.048150000,1553.000
6.320880000,45.048150000,1549.000
6.320660000,45.048160000,1546.000
6.320480000,45.048180000,1543.000
6.320300000,45.048200000,1541.000
6.320130000,45.048240000,1540.000
6.319870000,45.048310000,1538.000
6.319750000,45.048340000,1537.000
6.319580000,45.048340000,1536.000
6.319340000,45.048340000,1535.000
6.319140000,45.048320000,1534.000
6.319000000,45.048310000,1533.000
6.318830000,45.048270000,1532.000
6.318340000,45.048180000,1530.000
6.318250000,45.048160000,1529.000
6.318150000,45.048120000,1528.000
6.318080000,45.048090000,1527.000
6.318030000,45.048060000,1525.000
6.317970000,45.048010000,1524.000
6.317780000,45.047820000,1522.000
6.317700000,45.047770000,1521.000
6.317640000,45.047750000,1519.000
6.317580000,45.047730000,1518.000
6.317460000,45.047710000,1517.000
6.317310000,45.047700000,1515.000
6.317160000,45.047720000,1514.000
6.317030000,45.047760000,1512.000
6.316950000,45.047800000,1511.000
6.316880000,45.047840000,1509.000
6.316520000,45.048070000,1507.000
6.316340000,45.048190000,1504.000
6.316210000,45.048320000,1501.000
6.315780000,45.048850000,1500.000
6.315720000,45.048910000,1500.000
6.315720000,45.048910000,1499.000
6.315690000,45.048950000,1499.000
6.315620000,45.048990000,1499.000
6.315550000,45.049020000,1499.000
6.315480000,45.049050000,1499.000
6.315390000,45.049070000,1500.000
6.315270000,45.049080000,1500.000
6.315140000,45.049060000,1500.000
6.315060000,45.049040000,1500.000
6.314970000,45.049000000,1501.000
6.314840000,45.048920000,1501.000
6.314300000,45.048490000,1502.000
6.314240000,45.048450000,1503.000
6.314170000,45.048390000,1504.000
6.312880000,45.047400000,1505.000
6.311920000,45.046640000,1506.000
6.311850000,45.046600000,1507.000
6.311750000,45.046560000,1507.000
6.311680000,45.046560000,1507.000
6.311600000,45.046550000,1506.000
6.311520000,45.046560000,1506.000
6.311440000,45.046580000,1505.000
6.311230000,45.046640000,1505.000
6.311010000,45.046680000,1503.000
6.310870000,45.046700000,1502.000
6.310730000,45.046720000,1501.000
6.310420000,45.046730000,1499.000
6.310180000,45.046740000,1498.000
6.310040000,45.046740000,1496.000
6.309990000,45.046740000,1495.000
6.309930000,45.046740000,1494.000
6.309830000,45.046730000,1493.000
6.309720000,45.046720000,1493.000
6.309500000,45.046690000,1491.000
6.309160000,45.046640000,1490.000
6.308850000,45.046580000,1489.000
6.308480000,45.046510000,1488.000
6.308180000,45.046460000,1487.000
6.308100000,45.046440000,1487.000
6.307960000,45.046420000,1486.000
6.307800000,45.046390000,1486.000
6.307710000,45.046370000,1486.000
6.307620000,45.046340000,1486.000
6.307510000,45.046300000,1485.000
6.307450000,45.046260000,1485.000
6.307390000,45.046210000,1485.000
6.307340000,45.046160000,1485.000
6.307240000,45.046040000,1485.000
6.307050000,45.045810000,1485.000
6.307020000,45.045780000,1485.000
6.306720000,45.045410000,1484.000
6.306710000,45.045390000,1484.000
6.306500000,45.045140000,1483.000
6.306480000,45.045120000,1483.000
6.306430000,45.045080000,1483.000
6.306400000,45.045070000,1483.000
6.306370000,45.045060000,1482.000
6.306320000,45.045040000,1482.000
6.306260000,45.045020000,1482.000
6.306210000,45.045020000,1482.000
6.306170000,45.045020000,1482.000
6.306130000,45.045020000,1482.000
6.306090000,45.045020000,1482.000
6.305970000,45.045040000,1482.000
6.305820000,45.045070000,1481.000
6.305670000,45.045080000,1481.000
6.305530000,45.045090000,1481.000
6.305250000,45.045090000,1481.000
6.305050000,45.045080000,1480.000
6.304880000,45.045050000,1480.000
6.304820000,45.045050000,1480.000
6.304710000,45.045040000,1479.000
6.304640000,45.045050000,1479.000
6.304540000,45.045050000,1479.000
6.304450000,45.045070000,1478.000
6.304350000,45.045090000,1478.000
6.304300000,45.045110000,1478.000
6.304250000,45.045130000,1478.000
6.304210000,45.045140000,1478.000
6.304170000,45.045160000,1478.000
6.304100000,45.045200000,1477.000
6.303960000,45.045290000,1477.000
6.303880000,45.045330000,1477.000
6.303820000,45.045350000,1477.000
6.303750000,45.045370000,1476.000
6.303670000,45.045390000,1476.000
6.303630000,45.045400000,1476.000
6.303590000,45.045400000,1476.000
6.303550000,45.045400000,1476.000
6.303520000,45.045390000,1476.000
6.303450000,45.045380000,1476.000
6.303410000,45.045370000,1475.000
6.303380000,45.045360000,1475.000
6.303330000,45.045340000,1475.000
6.303280000,45.045310000,1475.000
6.303200000,45.045250000,1475.000
6.303140000,45.045200000,1475.000
6.303090000,45.045160000,1474.000
6.302870000,45.045010000,1474.000
6.302620000,45.044850000,1474.000
6.302520000,45.044780000,1473.000
6.302400000,45.044720000,1473.000
6.302270000,45.044650000,1472.000
6.302140000,45.044600000,1472.000
6.302050000,45.044560000,1471.000
6.301950000,45.044530000,1471.000
6.301730000,45.044460000,1471.000
6.301680000,45.044450000,1470.000
6.301540000,45.044420000,1470.000
6.301510000,45.044420000,1470.000
6.301370000,45.044400000,1470.000
6.301190000,45.044390000,1469.000
6.301000000,45.044380000,1469.000
6.300810000,45.044390000,1468.000
6.300400000,45.044420000,1468.000
6.299980000,45.044470000,1467.000
6.299720000,45.044500000,1466.000
6.299530000,45.044500000,1465.000
6.299410000,45.044490000,1464.000
6.299300000,45.044480000,1463.000
6.299110000,45.044480000,1462.000
6.298750000,45.044520000,1460.000
6.298280000,45.044600000,1458.000
6.298130000,45.044620000,1457.000
6.297990000,45.044620000,1455.000
6.297860000,45.044620000,1454.000
6.297580000,45.044590000,1452.000
6.297420000,45.044590000,1451.000
6.297130000,45.044590000,1450.000
6.296950000,45.044590000,1449.000
6.296780000,45.044570000,1448.000
6.296620000,45.044540000,1447.000
6.296480000,45.044500000,1446.000
6.296180000,45.044390000,1445.000
6.296030000,45.044330000,1444.000
6.295870000,45.044280000,1443.000
6.295660000,45.044230000,1442.000
6.295290000,45.044160000,1440.000
6.295080000,45.044110000,1439.000
6.294850000,45.044060000,1438.000
6.294530000,45.043990000,1436.000
6.294290000,45.043930000,1435.000
6.294050000,45.043870000,1433.000
6.293770000,45.043780000,1431.000
6.293340000,45.043610000,1429.000
6.293110000,45.043510000,1427.000
6.292890000,45.043440000,1425.000
6.292670000,45.043400000,1423.000
6.292430000,45.043360000,1421.000
6.292030000,45.043330000,1419.000
6.291120000,45.043270000,1417.000
6.290900000,45.043260000,1415.000
6.290640000,45.043260000,1414.000
6.290440000,45.043270000,1412.000
6.290300000,45.043290000,1411.000
6.290030000,45.043330000,1410.000
6.289870000,45.043340000,1409.000
6.289790000,45.043350000,1409.000
6.289710000,45.043350000,1408.000
6.289500000,45.043340000,1407.000
6.289320000,45.043340000,1407.000
6.289160000,45.043350000,1406.000
6.288950000,45.043390000,1405.000
6.288630000,45.043450000,1405.000
6.288400000,45.043480000,1404.000
6.288080000,45.043510000,1403.000
6.287760000,45.043530000,1402.000
6.287460000,45.043530000,1401.000
6.287240000,45.043530000,1400.000
6.287080000,45.043540000,1399.000
6.286920000,45.043550000,1398.000
6.286770000,45.043580000,1397.000
6.286630000,45.043620000,1396.000
6.286030000,45.043820000,1395.000
6.285390000,45.044030000,1393.000
6.285140000,45.044100000,1392.000
6.285000000,45.044140000,1391.000
6.284860000,45.044180000,1390.000
6.284680000,45.044200000,1389.000
6.284570000,45.044210000,1389.000
6.284400000,45.044210000,1388.000
6.284280000,45.044210000,1388.000
6.284120000,45.044190000,1388.000
6.283950000,45.044150000,1388.000
6.283770000,45.044110000,1388.000
6.283600000,45.044050000,1388.000
6.283400000,45.043970000,1388.000
6.283330000,45.043940000,1389.000
6.283150000,45.043870000,1389.000
6.282860000,45.043740000,1389.000
6.282680000,45.043670000,1389.000
6.282440000,45.043600000,1389.000
6.282370000,45.043580000,1389.000
6.282280000,45.043560000,1389.000
6.282140000,45.043540000,1389.000
6.281660000,45.043460000,1388.000
6.281370000,45.043420000,1387.000
6.281180000,45.043390000,1386.000
6.281050000,45.043360000,1385.000
6.280910000,45.043330000,1384.000
6.280800000,45.043300000,1383.000
6.280690000,45.043270000,1383.000
6.280460000,45.043200000,1382.000
6.280350000,45.043180000,1381.000
6.280160000,45.043150000,1380.000
6.279710000,45.043090000,1379.000
6.279420000,45.043070000,1378.000
6.279260000,45.043070000,1377.000
6.279110000,45.043070000,1377.000
6.278960000,45.043100000,1376.000
6.278650000,45.043180000,1376.000
6.278490000,45.043230000,1375.000
6.278330000,45.043260000,1375.000
6.278070000,45.043270000,1374.000
6.277830000,45.043250000,1374.000
6.277740000,45.043230000,1373.000
6.277640000,45.043210000,1373.000
6.277430000,45.043150000,1373.000
6.277230000,45.043080000,1372.000
6.277010000,45.043000000,1372.000
6.276810000,45.042940000,1371.000
6.276640000,45.042910000,1370.000
6.276500000,45.042890000,1370.000
6.276390000,45.042880000,1369.000
6.276190000,45.042880000,1369.000
6.275830000,45.042880000,1368.000
6.275570000,45.042870000,1367.000
6.275360000,45.042850000,1366.000
6.275110000,45.042830000,1365.000
6.274870000,45.042790000,1364.000
6.274710000,45.042770000,1363.000
6.274540000,45.042730000,1362.000
6.274250000,45.042660000,1362.000
6.273900000,45.042590000,1361.000
6.273550000,45.042520000,1360.000
6.273320000,45.042480000,1360.000
6.273080000,45.042440000,1359.000
6.272860000,45.042420000,1358.000
6.272590000,45.042400000,1358.000
6.272250000,45.042400000,1357.000
6.271740000,45.042420000,1356.000
6.270930000,45.042470000,1359.000
6.270550000,45.042500000,1361.000
6.270170000,45.042540000,1365.000
6.269920000,45.042580000,1368.000
6.269430000,45.042680000,1372.000
6.268780000,45.042790000,1377.000
6.268500000,45.042820000,1378.000
6.268380000,45.042830000,1378.000
6.268260000,45.042840000,1377.000
6.268160000,45.042850000,1376.000
6.268050000,45.042850000,1374.000
6.267900000,45.042840000,1372.000
6.267750000,45.042820000,1369.000
6.267600000,45.042800000,1367.000
6.266730000,45.042680000,1358.000
6.266260000,45.042600000,1349.000
6.266070000,45.042570000,1343.000
6.265880000,45.042530000,1339.000
6.265260000,45.042390000,1337.000
6.265110000,45.042360000,1335.000
6.264500000,45.042230000,1333.000
6.263930000,45.042100000,1333.000
6.263610000,45.042030000,1332.000
6.262560000,45.041800000,1332.000
6.262290000,45.041740000,1333.000
6.261660000,45.041600000,1334.000
6.261590000,45.041580000,1334.000
6.261430000,45.041550000,1335.000
6.261330000,45.041520000,1335.000
6.261160000,45.041470000,1336.000
6.260900000,45.041370000,1336.000
6.260750000,45.041300000,1335.000
6.260600000,45.041210000,1335.000
6.260480000,45.041130000,1335.000
6.260370000,45.041050000,1334.000
6.260280000,45.040970000,1334.000
6.260220000,45.040910000,1333.000
6.260090000,45.040760000,1333.000
6.259820000,45.040390000,1332.000
6.259710000,45.040260000,1331.000
6.259620000,45.040180000,1330.000
6.259540000,45.040120000,1330.000
6.259450000,45.040070000,1329.000
6.259320000,45.040020000,1329.000
6.259160000,45.039960000,1328.000
6.258960000,45.039910000,1328.000
6.258090000,45.039660000,1326.000
6.257310000,45.039440000,1325.000
6.257060000,45.039370000,1323.000
6.256940000,45.039350000,1322.000
6.256830000,45.039330000,1322.000
6.256720000,45.039320000,1322.000
6.256610000,45.039330000,1321.000
6.256330000,45.039360000,1320.940
6.256060000,45.039390000,1320.070
6.255640000,45.039450000,1318.720
6.255440000,45.039450000,1318.080
6.255160000,45.039430000,1317.190
6.254280000,45.039290000,1314.320
6.253800000,45.039230000,1312.790
6.252460000,45.039080000,1308.490
6.252270000,45.039060000,1307.860
6.252070000,45.039050000,1307.230
6.251880000,45.039040000,1306.620
6.251700000,45.039050000,1306.080
6.251430000,45.039070000,1305.190
6.251290000,45.039080000,1304.760
6.251170000,45.039060000,1304.360
6.251070000,45.039030000,1304.040
6.250890000,45.038930000,1303.300
6.250690000,45.038830000,1302.530
6.250600000,45.038780000,1302.150
6.250490000,45.038730000,1301.750
6.250180000,45.038660000,1300.730
6.249890000,45.038650000,1299.790
6.249750000,45.038660000,1299.340
6.249600000,45.038680000,1298.850
6.249200000,45.038760000,1297.550
6.249020000,45.038790000,1296.960
6.248840000,45.038810000,1296.380
6.248520000,45.038820000,1295.390
6.246590000,45.038810000,1289.270
6.246160000,45.038820000,1287.890
6.245810000,45.038840000,1286.780
6.245390000,45.038880000,1285.450
6.245170000,45.038900000,1284.740
6.244980000,45.038900000,1284.130
6.244800000,45.038890000,1283.580
6.244630000,45.038860000,1283.000
6.244230000,45.038780000,1281.690
6.244090000,45.038730000,1281.210
6.243780000,45.038580000,1279.990
6.242900000,45.038230000,1276.800
6.242420000,45.038040000,1275.060
6.242050000,45.037910000,1273.760
6.241720000,45.037830000,1272.650
6.241540000,45.037800000,1272.060
6.241360000,45.037770000,1271.470
6.240590000,45.037690000,1269.010
6.239360000,45.037570000,1265.080
6.238740000,45.037510000,1263.080
6.238510000,45.037500000,1262.360
6.238320000,45.037500000,1261.750
6.238110000,45.037510000,1261.100
6.237920000,45.037530000,1259.000
6.237590000,45.037600000,1258.000
6.237320000,45.037670000,1257.000
6.237060000,45.037720000,1256.000
6.236850000,45.037740000,1255.000
6.236630000,45.037750000,1255.000
6.235790000,45.037790000,1254.000
6.235010000,45.037820000,1252.000
6.234830000,45.037810000,1251.000
6.234670000,45.037810000,1250.000
6.234510000,45.037790000,1250.000
6.234350000,45.037750000,1249.000
6.234220000,45.037720000,1249.000
6.234070000,45.037680000,1248.000
6.233920000,45.037620000,1248.000
6.233780000,45.037550000,1247.000
6.233290000,45.037210000,1246.000
6.233180000,45.037140000,1245.000
6.233010000,45.037050000,1244.000
6.232700000,45.036960000,1243.000
6.232550000,45.036920000,1242.000
6.232390000,45.036900000,1240.000
6.231990000,45.036860000,1239.000
6.231710000,45.036820000,1237.000
6.231080000,45.036680000,1234.000
6.230860000,45.036640000,1232.000
6.230670000,45.036620000,1230.000
6.230230000,45.036610000,1228.000
6.229870000,45.036610000,1227.000
6.229500000,45.036630000,1225.000
6.229020000,45.036650000,1224.000
6.228840000,45.036650000,1222.000
6.228650000,45.036630000,1221.000
6.228560000,45.036620000,1220.000
6.228460000,45.036600000,1219.000
6.228090000,45.036530000,1218.000
6.227590000,45.036440000,1217.000
6.227490000,45.036430000,1216.000
6.227390000,45.036410000,1216.000
6.227030000,45.036300000,1215.000
6.226930000,45.036270000,1214.000
6.226790000,45.036240000,1214.000
6.226100000,45.036110000,1213.000
6.225760000,45.036050000,1211.000
6.225500000,45.036000000,1210.000
6.225350000,45.035990000,1211.000
6.225200000,45.035990000,1214.000
6.224870000,45.036020000,1219.000
6.224430000,45.036070000,1228.000
6.224190000,45.036100000,1235.750
6.223990000,45.036120000,1234.380
6.223860000,45.036120000,1233.520
6.223730000,45.036110000,1232.590
6.223360000,45.036040000,1230.000
6.223260000,45.036020000,1229.310
6.223180000,45.036010000,1228.740
6.223050000,45.036010000,1227.920
6.222950000,45.036020000,1227.170
6.222750000,45.036050000,1225.800
6.222540000,45.036090000,1224.360
6.222110000,45.036170000,1221.340
6.221780000,45.036250000,1218.960
6.221470000,45.036330000,1216.690
6.221160000,45.036410000,1214.430
6.220990000,45.036440000,1213.310
6.220850000,45.036440000,1212.350
6.220710000,45.036420000,1211.350
6.220540000,45.036380000,1210.140
6.220470000,45.036350000,1209.610
6.220390000,45.036320000,1208.980
6.220270000,45.036250000,1207.890
6.220070000,45.036120000,1206.120
6.219950000,45.036070000,1205.150
6.219840000,45.036020000,1204.270
6.219700000,45.035990000,1203.290
6.219150000,45.035880000,1199.370
6.218720000,45.035800000,1196.340
6.218560000,45.035780000,1195.260
6.218380000,45.035780000,1194.020
6.218030000,45.035830000,1191.610
6.217390000,45.035920000,1187.210
6.217220000,45.035950000,1185.990
6.217060000,45.035980000,1184.900
6.216960000,45.036000000,1184.170
6.216850000,45.036030000,1183.410
6.216670000,45.036080000,1182.060
6.216500000,45.036150000,1180.760
6.216200000,45.036270000,1178.380
6.216050000,45.036340000,1177.190
6.215930000,45.036410000,1176.170
6.215790000,45.036520000,1174.740
6.215540000,45.036770000,1171.780
6.215490000,45.036830000,1171.110
6.215400000,45.036880000,1170.330
6.215200000,45.036980000,1168.670
6.214970000,45.037080000,1166.880
6.214570000,45.037230000,1163.750
6.214170000,45.037370000,1159.000
6.213770000,45.037520000,1157.000
6.212710000,45.037910000,1154.000
6.212300000,45.038050000,1153.000
6.212100000,45.038110000,1152.000
6.211880000,45.038150000,1152.000
6.211420000,45.038230000,1153.000
6.209890000,45.038440000,1157.000
6.209620000,45.038460000,1158.000
6.209510000,45.038460000,1158.000
6.209340000,45.038450000,1158.000
6.209120000,45.038420000,1157.000
6.208920000,45.038390000,1155.000
6.207560000,45.038190000,1149.000
6.206790000,45.038070000,1142.000
6.206220000,45.037980000,1138.000
6.205290000,45.037840000,1135.000
6.204300000,45.037700000,1135.000
6.204150000,45.037680000,1134.000
6.203990000,45.037680000,1134.000
6.203690000,45.037680000,1133.000
6.202340000,45.037720000,1131.000
6.201700000,45.037740000,1129.000
6.201390000,45.037750000,1128.000
6.201080000,45.037750000,1127.000
6.200660000,45.037750000,1126.000
6.200070000,45.037720000,1125.000
6.199300000,45.037660000,1124.000
6.196480000,45.037360000,1122.000
6.195620000,45.037270000,1120.000
6.195440000,45.037260000,1119.000
6.195280000,45.037260000,1118.000
6.195120000,45.037280000,1118.000
6.195020000,45.037300000,1117.000
6.194920000,45.037320000,1117.000
6.194820000,45.037360000,1117.000
6.194710000,45.037400000,1117.000
6.194380000,45.037540000,1116.000
6.193660000,45.037860000,1116.000
6.193530000,45.037910000,1116.000
6.193380000,45.037970000,1115.000
6.193180000,45.038030000,1115.000
6.193070000,45.038060000,1114.000
6.192980000,45.038070000,1114.000
6.192870000,45.038100000,1113.000
6.192760000,45.038110000,1113.000
6.191510000,45.038280000,1111.000
6.191460000,45.038280000,1109.000
6.190660000,45.038390000,1107.000
6.190530000,45.038400000,1106.000
6.190410000,45.038430000,1105.000
6.190290000,45.038460000,1104.000
6.190160000,45.038520000,1104.000
6.189960000,45.038670000,1103.000
6.189870000,45.038720000,1103.000
6.189740000,45.038780000,1103.000
6.188860000,45.039100000,1102.000
6.188580000,45.039190000,1101.000
6.188550000,45.039200000,1101.000
6.188510000,45.039200000,1100.000
6.188390000,45.039230000,1100.000
6.188180000,45.039250000,1100.000
6.187920000,45.039270000,1100.000
6.187620000,45.039280000,1099.000
6.187460000,45.039280000,1099.000
6.187250000,45.039270000,1099.000
6.187120000,45.039250000,1099.000
6.186940000,45.039200000,1099.000
6.186710000,45.039110000,1099.000
6.186620000,45.039090000,1098.000
6.186530000,45.039060000,1098.000
6.186430000,45.039040000,1098.000
6.186330000,45.039030000,1098.000
6.186190000,45.039010000,1098.000
6.185710000,45.038970000,1098.000
6.185570000,45.038960000,1098.000
6.185350000,45.038940000,1097.000
6.185150000,45.038930000,1096.000
6.184890000,45.038900000,1096.000
6.184700000,45.038890000,1095.000
6.184610000,45.038880000,1094.000
6.184530000,45.038880000,1094.000
6.184440000,45.038880000,1093.000
6.184350000,45.038890000,1093.000
6.184280000,45.038900000,1093.000
6.184210000,45.038920000,1092.000
6.184150000,45.038940000,1092.000
6.183990000,45.038990000,1092.000
6.183930000,45.039010000,1091.000
6.183870000,45.039030000,1091.000
6.183790000,45.039040000,1090.000
6.183720000,45.039050000,1090.000
6.183440000,45.039060000,1090.000
6.183360000,45.039070000,1089.000
6.183280000,45.039090000,1089.000
6.183200000,45.039100000,1088.000
6.183010000,45.039150000,1087.000
6.182890000,45.039180000,1087.000
6.182770000,45.039200000,1086.000
6.182670000,45.039220000,1085.000
6.182570000,45.039230000,1084.000
6.182400000,45.039250000,1083.000
6.182230000,45.039270000,1081.000
6.182150000,45.039270000,1080.000
6.182070000,45.039270000,1079.000
6.181920000,45.039270000,1078.000
6.181760000,45.039250000,1077.000
6.181660000,45.039240000,1076.000
6.181560000,45.039220000,1075.000
6.181260000,45.039170000,1074.000
6.181170000,45.039160000,1072.000
6.181080000,45.039160000,1071.000
6.180970000,45.039160000,1070.000
6.180830000,45.039170000,1069.000
6.180340000,45.039260000,1067.000
6.180210000,45.039280000,1065.000
6.180100000,45.039300000,1064.000
6.180020000,45.039300000,1063.000
6.179940000,45.039300000,1062.000
6.179880000,45.039300000,1061.000
6.179810000,45.039300000,1060.000
6.179610000,45.039280000,1060.000
6.179530000,45.039280000,1059.000
6.179450000,45.039280000,1058.000
6.179380000,45.039280000,1058.000
6.179290000,45.039290000,1057.000
6.179160000,45.039300000,1056.000
6.179010000,45.039320000,1056.000
6.178910000,45.039330000,1055.000
6.178830000,45.039340000,1054.000
6.178760000,45.039340000,1054.000
6.178660000,45.039320000,1053.000
6.178600000,45.039320000,1053.000
6.178520000,45.039300000,1052.000
6.178320000,45.039240000,1051.000
6.178220000,45.039210000,1051.000
6.178080000,45.039180000,1050.000
6.177930000,45.039160000,1049.000
6.177820000,45.039160000,1048.000
6.177710000,45.039160000,1048.000
6.177630000,45.039160000,1048.000
6.177560000,45.039170000,1049.000
6.177460000,45.039190000,1050.000
6.177350000,45.039210000,1051.000
6.177180000,45.039260000,1052.000
6.176900000,45.039380000,1054.000
6.176510000,45.039560000,1058.000
6.176360000,45.039640000,1061.000
6.176210000,45.039710000,1064.000
6.175910000,45.039880000,1068.000
6.175770000,45.039950000,1071.000
6.175600000,45.040020000,1074.000
6.175520000,45.040050000,1075.000
6.175430000,45.040070000,1076.000
6.174800000,45.040240000,1076.000
6.174220000,45.040370000,1074.000
6.174000000,45.040420000,1072.000
6.173910000,45.040450000,1071.000
6.173820000,45.040480000,1070.000
6.173760000,45.040510000,1069.000
6.173700000,45.040530000,1068.000
6.173490000,45.040640000,1067.000
6.172410000,45.041180000,1063.000
6.172190000,45.041290000,1061.000
6.172070000,45.041340000,1060.000
6.171950000,45.041390000,1060.000
6.171820000,45.041430000,1059.000
6.171680000,45.041460000,1059.000
6.171360000,45.041520000,1060.000
6.170830000,45.041620000,1060.000
6.170690000,45.041650000,1061.000
6.170570000,45.041680000,1062.000
6.170400000,45.041750000,1062.000
6.170310000,45.041800000,1063.000
6.170230000,45.041850000,1063.000
6.170110000,45.041940000,1064.000
6.169930000,45.042070000,1064.000
6.169810000,45.042160000,1064.000
6.169320000,45.042500000,1064.000
6.169120000,45.042650000,1064.000
6.169060000,45.042690000,1064.000
6.169010000,45.042710000,1064.000
6.168950000,45.042730000,1064.000
6.168900000,45.042740000,1064.000
6.168850000,45.042750000,1064.000
6.168800000,45.042750000,1064.000
6.168740000,45.042740000,1064.000
6.168620000,45.042720000,1064.000
6.168560000,45.042710000,1064.000
6.168410000,45.042680000,1064.000
6.168310000,45.042660000,1064.000
6.168210000,45.042650000,1064.000
6.168120000,45.042650000,1064.000
6.167830000,45.042650000,1064.000
6.167550000,45.042660000,1064.000
6.167340000,45.042670000,1064.000
6.167160000,45.042700000,1064.000
6.166890000,45.042770000,1065.000
6.166110000,45.043000000,1066.000
6.165810000,45.043080000,1067.000
6.165630000,45.043110000,1067.000
6.165440000,45.043160000,1068.000
6.165300000,45.043200000,1068.000
6.164720000,45.043390000,1068.000
6.164400000,45.043480000,1067.000
6.163760000,45.043650000,1065.000
6.162510000,45.043950000,1061.000
6.162340000,45.044010000,1059.000
6.162250000,45.044060000,1057.000
6.162160000,45.044110000,1057.000
6.162040000,45.044170000,1056.000
6.161950000,45.044190000,1056.000
6.161890000,45.044200000,1057.000
6.161820000,45.044200000,1057.000
6.161730000,45.044190000,1057.000
6.161670000,45.044180000,1057.000
6.161620000,45.044160000,1057.000
6.161540000,45.044130000,1058.000
6.161190000,45.043860000,1059.000
6.161070000,45.043810000,1060.000
6.160930000,45.043760000,1060.000
6.160810000,45.043730000,1061.000
6.160650000,45.043700000,1062.000
6.160490000,45.043700000,1063.000
6.160150000,45.043700000,1064.000
6.159340000,45.043730000,1064.000
6.159200000,45.043730000,1065.000
6.158980000,45.043750000,1066.000
6.158560000,45.043820000,1066.000
6.157790000,45.043950000,1067.000
6.157610000,45.044000000,1067.000
6.157120000,45.044160000,1069.000
6.156940000,45.044200000,1071.000
6.156710000,45.044230000,1073.000
6.156610000,45.044250000,1075.000
6.156510000,45.044290000,1077.000
6.156450000,45.044330000,1078.000
6.156410000,45.044380000,1079.000
6.156390000,45.044440000,1080.000
6.156380000,45.044490000,1081.000
6.156410000,45.044630000,1082.000
6.156440000,45.044700000,1083.000
6.156450000,45.044760000,1084.000
6.156440000,45.044820000,1085.220
6.156420000,45.044890000,1085.570
6.156390000,45.044940000,1085.860
6.156340000,45.044980000,1086.190
6.156270000,45.045040000,1086.590
6.156170000,45.045080000,1087.040
6.156090000,45.045120000,1087.400
6.156000000,45.045160000,1087.790
6.155850000,45.045190000,1088.420
6.155790000,45.045200000,1088.670
6.155630000,45.045220000,1089.270
6.155550000,45.045230000,1089.600
6.155440000,45.045250000,1090.020
6.155290000,45.045260000,1090.590
6.150190000,45.045710000,1110.420
6.149780000,45.045740000,1112.020
6.149450000,45.045790000,1113.320
6.149160000,45.045840000,1114.470
6.143770000,45.047810000,1137.860
6.143690000,45.047840000,1120.000
6.143600000,45.047860000,1107.000
6.143550000,45.047870000,1098.000
6.143460000,45.047880000,1092.000
6.143080000,45.047870000,1086.000
6.142680000,45.047860000,1080.000
6.142570000,45.047840000,1075.000
6.142430000,45.047800000,1072.000
6.142130000,45.047710000,1068.000
6.141850000,45.047620000,1063.000
6.141730000,45.047580000,1060.000
6.141650000,45.047570000,1057.000
6.141570000,45.047550000,1055.000
6.141480000,45.047540000,1053.000
6.141360000,45.047540000,1051.000
6.141120000,45.047540000,1048.000
6.141110000,45.047570000,1047.000
6.141110000,45.047590000,1046.000
6.141080000,45.047620000,1045.000
6.141050000,45.047630000,1045.000
6.140990000,45.047630000,1045.000
6.140880000,45.047620000,1044.000
6.140670000,45.047610000,1045.000
6.140300000,45.047600000,1045.000
6.140140000,45.047600000,1046.000
6.139930000,45.047620000,1046.000
6.139700000,45.047630000,1047.000
6.139460000,45.047620000,1047.000
6.139370000,45.047610000,1048.000
6.139290000,45.047590000,1048.000
6.138930000,45.047500000,1049.000
6.138830000,45.047490000,1049.000
6.138710000,45.047480000,1049.000
6.138640000,45.047470000,1050.000
6.138570000,45.047490000,1050.000
6.138530000,45.047520000,1051.000
6.138520000,45.047570000,1052.000
6.138530000,45.047590000,1053.000
6.138540000,45.047600000,1053.000
6.138590000,45.047630000,1054.000
6.138660000,45.047640000,1055.000
6.138840000,45.047640000,1056.000
6.138920000,45.047650000,1057.000
6.138990000,45.047670000,1059.000
6.139120000,45.047730000,1060.000
6.139300000,45.047830000,1063.000
6.139420000,45.047880000,1065.000
6.139520000,45.047900000,1067.000
6.139640000,45.047920000,1069.000
6.139870000,45.047940000,1071.000
6.139940000,45.047960000,1073.000
6.139940000,45.047960000,1075.000
6.140110000,45.047990000,1076.000
6.140370000,45.048070000,1079.000
6.140460000,45.048090000,1081.000
6.140540000,45.048100000,1083.000
6.140930000,45.048100000,1086.000
6.141080000,45.048120000,1089.000
6.141220000,45.048160000,1091.000
6.141310000,45.048190000,1094.000
6.141670000,45.048380000,1097.000
6.141800000,45.048430000,1100.000
6.141890000,45.048460000,1102.000
6.142790000,45.048710000,1108.000
6.142890000,45.048740000,1112.000
6.143020000,45.048760000,1116.000
6.143250000,45.048750000,1119.000
6.143330000,45.048760000,1121.000
6.143370000,45.048780000,1123.000
6.143400000,45.048810000,1125.000
6.143410000,45.048850000,1126.000
6.143390000,45.048880000,1127.000
6.143350000,45.048890000,1127.000
6.143270000,45.048900000,1128.000
6.143160000,45.048900000,1129.000
6.142700000,45.048880000,1131.000
6.142050000,45.048840000,1135.000
6.141950000,45.048840000,1137.000
6.141810000,45.048840000,1140.000
6.141620000,45.048850000,1142.000
6.141430000,45.048850000,1144.000
6.141350000,45.048860000,1145.000
6.141240000,45.048870000,1147.000
6.141150000,45.048890000,1148.000
6.141090000,45.048910000,1149.000
6.140950000,45.048950000,1150.000
6.140860000,45.048980000,1151.000
6.140680000,45.049040000,1152.000
6.140610000,45.049060000,1153.000
6.140540000,45.049090000,1154.000
6.140440000,45.049130000,1154.000
6.140310000,45.049210000,1155.000
6.140020000,45.049460000,1157.000
6.139990000,45.049510000,1158.000
6.140010000,45.049560000,1159.000
6.140040000,45.049570000,1159.000
6.140060000,45.049590000,1160.000
6.140130000,45.049580000,1160.000
6.140200000,45.049550000,1161.000
6.140450000,45.049400000,1162.000
6.140580000,45.049340000,1163.000
6.140710000,45.049300000,1164.000
6.140930000,45.049260000,1165.000
6.141080000,45.049270000,1166.000
6.141170000,45.049280000,1166.000
6.141310000,45.049320000,1167.000
6.141390000,45.049350000,1168.000
6.141670000,45.049460000,1170.000
6.141980000,45.049580000,1172.000
6.142010000,45.049590000,1173.000
6.142100000,45.049660000,1174.000
6.142170000,45.049700000,1176.000
6.142250000,45.049750000,1177.000
6.142340000,45.049810000,1178.000
6.142350000,45.049820000,1178.000
6.142370000,45.049830000,1179.000
6.142450000,45.049870000,1179.000
6.142520000,45.049900000,1180.000
6.142580000,45.049930000,1181.000
6.142670000,45.049960000,1181.000
6.142700000,45.049980000,1182.000
6.142720000,45.050000000,1182.000
6.142740000,45.050060000,1183.000
6.142740000,45.050080000,1183.000
6.142770000,45.050150000,1184.000
6.142790000,45.050200000,1185.000
6.142830000,45.050280000,1185.000
6.142880000,45.050370000,1186.000
6.142910000,45.050420000,1187.000
6.142920000,45.050450000,1187.000
6.142990000,45.050540000,1188.000
6.143050000,45.050610000,1188.000
6.143060000,45.050630000,1188.000
6.143080000,45.050670000,1188.000
6.143090000,45.050720000,1188.000
6.143090000,45.050750000,1189.000
6.143090000,45.050810000,1189.000
6.143090000,45.050890000,1189.000
6.143070000,45.050980000,1189.000
6.143070000,45.051000000,1189.000
6.143040000,45.051090000,1189.000
6.143000000,45.051230000,1189.000
6.142980000,45.051290000,1189.000
6.142950000,45.051380000,1189.000
6.142740000,45.051870000,1189.000
6.142720000,45.051940000,1189.000
6.142710000,45.051990000,1189.000
6.142700000,45.052050000,1189.000
6.142710000,45.052120000,1189.000
6.142740000,45.052170000,1189.000
6.142780000,45.052250000,1190.000
6.142860000,45.052370000,1190.000
6.142950000,45.052460000,1191.000
6.143330000,45.052800000,1192.000
6.143690000,45.053060000,1193.000
6.143880000,45.053180000,1195.000
6.143990000,45.053240000,1196.000
6.144180000,45.053400000,1197.000
6.144520000,45.053840000,1199.000
6.144540000,45.054050000,1200.000
6.144550000,45.054170000,1201.000
6.144600000,45.054270000,1201.000
6.144640000,45.054330000,1201.000
6.144810000,45.054440000,1201.000
6.144990000,45.054610000,1201.000
6.145110000,45.054800000,1201.000
6.145280000,45.055080000,1201.000
6.145380000,45.055200000,1201.000
6.145550000,45.055670000,1200.000
6.145620000,45.055790000,1199.000
6.145630000,45.055910000,1198.000
6.145620000,45.056180000,1197.000
6.145670000,45.056460000,1194.000
6.145780000,45.056600000,1192.000
6.146320000,45.056890000,1188.000
6.146470000,45.056960000,1186.000
6.146570000,45.057050000,1183.000
6.146670000,45.057190000,1181.000
6.146750000,45.057270000,1180.000
6.146890000,45.057330000,1179.000
6.147050000,45.057410000,1179.000
6.147150000,45.057520000,1179.000
6.147190000,45.057650000,1180.000
6.147210000,45.057830000,1180.000
6.147280000,45.057940000,1181.000
6.147360000,45.058020000,1182.000
6.147490000,45.058130000,1182.000
6.147600000,45.058220000,1183.000
6.147860000,45.058510000,1184.000
6.147990000,45.058730000,1186.000
6.148320000,45.059140000,1188.000
6.148630000,45.059420000,1190.000
6.148880000,45.059580000,1191.000
6.149280000,45.059770000,1193.000
6.149330000,45.059800000,1195.000
6.149470000,45.059840000,1196.000
6.149540000,45.059880000,1197.000
6.149580000,45.059940000,1197.000
6.149510000,45.059990000,1198.000
6.149430000,45.059990000,1198.000
6.148410000,45.059600000,1202.000
6.147670000,45.059430000,1207.000
6.146710000,45.059060000,1214.000
6.146590000,45.059030000,1219.000
6.146480000,45.059020000,1222.000
6.146460000,45.059080000,1225.000
6.146530000,45.059130000,1227.000
6.146860000,45.059320000,1229.000
6.147060000,45.059570000,1231.000
6.147260000,45.059820000,1234.000
6.147450000,45.060090000,1236.000
6.147860000,45.060520000,1240.000
6.148060000,45.060740000,1243.000
6.148210000,45.060950000,1246.000
6.148450000,45.061370000,1250.000
6.148560000,45.061540000,1254.000
6.148830000,45.062140000,1259.000
6.148900000,45.062240000,1263.000
6.149090000,45.062410000,1266.000
6.149240000,45.062590000,1269.000
6.149330000,45.062810000,1271.000
6.149400000,45.063000000,1274.000
6.149510000,45.063140000,1276.000
6.149850000,45.063510000,1278.000
6.150260000,45.063930000,1282.000
6.150700000,45.064330000,1286.000
6.151000000,45.064650000,1289.000
6.151120000,45.064760000,1292.000
6.151100000,45.064780000,1294.000
6.151090000,45.064820000,1295.000
6.151130000,45.064870000,1296.000
6.151390000,45.065110000,1298.000
6.152110000,45.065880000,1302.000
6.152440000,45.066230000,1306.000
6.152550000,45.066400000,1309.000
6.152630000,45.066570000,1311.000
6.152700000,45.066660000,1313.000
6.152910000,45.066900000,1316.000
6.153120000,45.067130000,1318.000
6.153340000,45.067380000,1320.000
6.153410000,45.067520000,1322.000
6.153430000,45.067710000,1324.000
6.153440000,45.068230000,1328.000
6.153480000,45.068380000,1331.000
6.153570000,45.068580000,1333.000
6.153700000,45.068790000,1336.000
6.153800000,45.068990000,1339.000
6.153830000,45.069160000,1341.000
6.153810000,45.069300000,1343.000
6.153770000,45.069450000,1345.000
6.153650000,45.069720000,1348.000
6.153600000,45.070270000,1351.000
6.153610000,45.070290000,1354.000
6.153610000,45.070300000,1355.000
6.153630000,45.070390000,1357.000
6.153700000,45.070600000,1358.000
6.154080000,45.071060000,1361.000
6.154240000,45.071210000,1363.000
6.154370000,45.071270000,1365.000
6.154630000,45.071310000,1366.000
6.154660000,45.071320000,1366.000
6.154800000,45.071350000,1367.000
6.154960000,45.071430000,1367.000
6.155060000,45.071450000,1367.000
6.155110000,45.071460000,1368.000
6.155160000,45.071460000,1368.000
6.155270000,45.071490000,1368.000
6.155480000,45.071610000,1368.000
6.155520000,45.071660000,1368.000
6.155590000,45.071700000,1368.000
6.155680000,45.071790000,1368.000
6.155750000,45.071850000,1368.000
6.155770000,45.071890000,1368.000
6.155880000,45.071980000,1368.000
6.155970000,45.072080000,1368.000
6.156530000,45.072700000,1368.000
6.156700000,45.072950000,1369.000
6.156840000,45.073190000,1369.000
6.156910000,45.073340000,1370.000
6.157010000,45.073460000,1370.000
6.157120000,45.073580000,1371.000
6.157380000,45.073810000,1372.000
6.157450000,45.073880000,1372.000
6.157490000,45.073940000,1373.000
6.157560000,45.074080000,1373.000
6.157610000,45.074170000,1374.000
6.157680000,45.074250000,1374.000
6.157770000,45.074330000,1375.000
6.157990000,45.074520000,1375.000
6.158090000,45.074640000,1375.000
6.158110000,45.074710000,1375.000
6.158120000,45.074800000,1375.000
6.158110000,45.074900000,1375.000
6.158070000,45.075080000,1375.000
6.158060000,45.075200000,1375.000
6.158060000,45.075290000,1375.000
6.158090000,45.075410000,1375.000
6.158140000,45.075530000,1375.000
6.158310000,45.075880000,1375.000
6.158350000,45.076030000,1375.000
6.158350000,45.076140000,1375.000
6.158340000,45.076270000,1375.000
6.158300000,45.076420000,1376.000
6.158250000,45.076520000,1377.000
6.158200000,45.076590000,1377.000
6.158080000,45.076710000,1378.000
6.157980000,45.076830000,1379.000
6.157950000,45.076910000,1380.000
6.157930000,45.076980000,1380.000
6.157940000,45.077050000,1381.000
6.157980000,45.077500000,1382.000
6.158010000,45.077820000,1384.000
6.158010000,45.077950000,1385.000
6.158020000,45.078080000,1386.000
6.158040000,45.078180000,1387.000
6.158080000,45.078260000,1388.000
6.158260000,45.078510000,1388.000
6.158520000,45.078860000,1389.000
6.158700000,45.079070000,1390.000
6.158750000,45.079150000,1391.000
6.158780000,45.079230000,1391.000
6.158830000,45.079380000,1392.000
6.158880000,45.079540000,1392.000
6.158940000,45.079640000,1393.000
6.159020000,45.079770000,1393.000
6.159090000,45.079830000,1393.000
6.159840000,45.080630000,1392.000
6.160060000,45.080840000,1391.000
6.160470000,45.081190000,1390.000
6.160640000,45.081330000,1389.000
6.160720000,45.081420000,1389.000
6.160830000,45.081540000,1389.000
6.160910000,45.081630000,1390.000
6.161100000,45.081900000,1390.000
6.161240000,45.082080000,1391.000
6.161330000,45.082190000,1392.000
6.161330000,45.082190000,1393.000
6.161360000,45.082230000,1393.000
6.161440000,45.082350000,1394.000
6.161430000,45.082380000,1394.000
6.161420000,45.082390000,1394.000
6.161350000,45.082400000,1395.000
6.161300000,45.082380000,1395.000
6.161260000,45.082320000,1395.000
6.161020000,45.082030000,1396.000
6.160780000,45.081840000,1397.000
6.160590000,45.081720000,1398.000
6.160470000,45.081650000,1399.000
6.160330000,45.081600000,1400.000
6.159940000,45.081470000,1401.000
6.159730000,45.081390000,1402.000
6.159570000,45.081270000,1403.000
6.159510000,45.081250000,1403.000
6.159450000,45.081270000,1404.000
6.159450000,45.081320000,1404.000
6.159470000,45.081360000,1405.000
6.159570000,45.081420000,1405.000
6.159820000,45.081560000,1406.000
6.160060000,45.081740000,1407.000
6.160180000,45.081880000,1408.000
6.160260000,45.082030000,1409.000
6.160310000,45.082170000,1410.000
6.160330000,45.082340000,1412.000
6.160330000,45.082710000,1414.000
6.160440000,45.082980000,1416.000
6.160640000,45.083220000,1419.000
6.160880000,45.083430000,1421.000
6.160950000,45.083510000,1423.000
6.161040000,45.083600000,1425.000
6.161240000,45.083880000,1427.000
6.161330000,45.084340000,1430.000
6.161100000,45.085350000,1434.000
6.161080000,45.085540000,1438.000
6.161120000,45.085730000,1442.000
6.161200000,45.085970000,1445.000
6.161380000,45.086170000,1448.000
6.161420000,45.086300000,1451.000
6.161390000,45.086390000,1453.000
6.161180000,45.086650000,1456.000
6.161270000,45.087150000,1460.000
6.161440000,45.087640000,1463.000
6.161530000,45.087860000,1466.000
6.161690000,45.088070000,1468.000
6.162160000,45.088510000,1470.000
6.162650000,45.088880000,1473.000
6.162920000,45.089220000,1476.000
6.163180000,45.089460000,1479.000
6.163290000,45.089580000,1482.000
6.163380000,45.089870000,1485.000
6.163480000,45.089980000,1487.000
6.163670000,45.090110000,1489.000
6.163700000,45.090190000,1491.000
6.163680000,45.090290000,1493.000
6.163600000,45.090330000,1494.000
6.163290000,45.090560000,1496.000
6.163280000,45.090710000,1498.000
6.163380000,45.090850000,1500.000
6.163510000,45.091060000,1501.000
6.163760000,45.091500000,1504.000
6.164150000,45.091930000,1507.000
6.164180000,45.092030000,1509.000
6.164170000,45.092120000,1511.000
6.164130000,45.092180000,1512.000
6.164000000,45.092270000,1513.000
6.163550000,45.092320000,1515.000
6.163130000,45.092280000,1517.000
6.162990000,45.092300000,1518.000
6.162950000,45.092370000,1520.000
6.162970000,45.092440000,1521.000
6.163120000,45.092630000,1522.000
6.163290000,45.092840000,1524.000
6.163320000,45.092990000,1525.000
6.163320000,45.092990000,1526.000
6.163340000,45.093040000,1527.000
6.163400000,45.093500000,1529.000
6.163510000,45.093700000,1531.000
6.163540000,45.093870000,1532.000
6.163540000,45.093930000,1534.000
6.163520000,45.093990000,1535.000
6.163360000,45.094130000,1536.000
6.163260000,45.094210000,1537.000
6.163120000,45.094420000,1538.000
6.163100000,45.094510000,1540.000
6.163110000,45.094600000,1541.000
6.163170000,45.094930000,1542.000
6.163230000,45.095270000,1544.000
6.163250000,45.095590000,1547.000
6.163310000,45.095840000,1549.000
6.163510000,45.096090000,1551.000
6.163550000,45.096170000,1553.000
6.163660000,45.096330000,1555.000
6.163800000,45.096430000,1556.000
6.163990000,45.096500000,1558.000
6.164070000,45.096590000,1559.000
6.164050000,45.096680000,1560.000
6.164010000,45.096780000,1561.000
6.163840000,45.097000000,1563.000
6.163770000,45.097150000,1564.000
6.163780000,45.097220000,1565.000
6.163820000,45.097300000,1566.000
6.163950000,45.097380000,1567.000
6.164290000,45.097550000,1568.000
6.164320000,45.097590000,1570.000
6.164300000,45.097640000,1570.000
6.164220000,45.097660000,1571.000
6.164150000,45.097630000,1572.000
6.164010000,45.097560000,1573.000
6.163260000,45.097340000,1575.000
6.162590000,45.096960000,1578.000
6.162520000,45.096920000,1580.000
6.162450000,45.096940000,1581.000
6.162440000,45.096990000,1582.000
6.162500000,45.097060000,1583.000
6.163200000,45.097550000,1586.000
6.163800000,45.098060000,1590.000
6.164270000,45.098570000,1594.000
6.164620000,45.099030000,1598.000
6.164750000,45.099300000,1601.000
6.164760000,45.099470000,1605.000
6.164720000,45.099770000,1607.000
6.164720000,45.099910000,1610.000
6.164720000,45.100030000,1612.000
6.164690000,45.100080000,1613.000
6.164640000,45.100110000,1614.000
6.164580000,45.100090000,1615.000
6.164540000,45.100050000,1616.000
6.164480000,45.099840000,1617.000
6.164480000,45.099560000,1618.000
6.164440000,45.099380000,1620.000
6.164240000,45.099110000,1621.000
6.164110000,45.099030000,1622.000
6.163960000,45.099000000,1623.000
6.163720000,45.098990000,1624.000
6.163630000,45.098990000,1624.000
6.163520000,45.098950000,1625.000
6.163410000,45.098880000,1626.000
6.163190000,45.098730000,1626.000
6.162440000,45.098310000,1628.000
6.162150000,45.098210000,1630.000
6.161890000,45.098160000,1632.000
6.161650000,45.098130000,1633.000
6.161360000,45.098030000,1635.000
6.161280000,45.098010000,1636.000
6.161180000,45.098030000,1637.000
6.161150000,45.098090000,1638.000
6.161160000,45.098150000,1638.000
6.161230000,45.098200000,1639.000
6.161360000,45.098230000,1640.000
6.161500000,45.098260000,1641.000
6.161710000,45.098290000,1641.000
6.161850000,45.098350000,1642.000
6.161930000,45.098420000,1643.000
6.162110000,45.098590000,1644.000
6.162160000,45.098700000,1645.000
6.162190000,45.098800000,1647.000
6.162200000,45.098920000,1648.000
6.162180000,45.099030000,1649.000
6.162080000,45.099180000,1651.000
6.161920000,45.099410000,1653.000
6.161880000,45.099520000,1655.000
6.161910000,45.099700000,1657.000
6.161920000,45.099760000,1658.000
6.161880000,45.099800000,1659.000
6.161780000,45.099810000,1660.000
6.161720000,45.099780000,1661.000
6.161680000,45.099680000,1662.000
6.161650000,45.099560000,1664.000
6.161560000,45.099450000,1665.000
6.161360000,45.099250000,1667.000
6.161160000,45.099110000,1669.000
6.160950000,45.099010000,1671.000
6.160820000,45.098890000,1674.000
6.160680000,45.098580000,1677.000
6.160630000,45.098540000,1679.000
6.160560000,45.098520000,1681.000
6.160500000,45.098550000,1682.000
6.160490000,45.098590000,1683.000
6.160620000,45.098750000,1685.000
6.160600000,45.098870000,1687.000
6.160480000,45.099130000,1689.000
6.160430000,45.099350000,1692.000
6.160500000,45.099550000,1694.000
6.160640000,45.099840000,1697.000
6.160670000,45.099890000,1698.000
6.160660000,45.099940000,1700.000
6.160610000,45.099960000,1700.000
6.160540000,45.099950000,1701.000
6.160510000,45.099920000,1702.000
6.160420000,45.099770000,1703.000
6.160330000,45.099650000,1703.000
6.160180000,45.099510000,1704.000
6.160100000,45.099430000,1705.000
6.160060000,45.099300000,1706.000
6.160000000,45.099230000,1707.000
6.159950000,45.099200000,1708.000
6.159880000,45.099210000,1708.000
6.159830000,45.099250000,1709.000
6.159820000,45.099290000,1709.000
6.159830000,45.099350000,1710.000
6.159950000,45.099530000,1711.000
6.160010000,45.099720000,1712.000
6.160070000,45.099860000,1713.000
6.160160000,45.099970000,1714.000
6.160200000,45.100020000,1715.000
6.160190000,45.100070000,1716.000
6.160130000,45.100110000,1717.000
6.160030000,45.100110000,1718.000
6.159950000,45.100070000,1719.000
6.159880000,45.100000000,1719.000
6.159840000,45.099900000,1720.000
6.159750000,45.099780000,1721.000
6.159310000,45.099400000,1723.000
6.158970000,45.099120000,1726.000
6.158890000,45.098990000,1729.000
6.158860000,45.098820000,1731.000
6.158750000,45.098740000,1733.000
6.158600000,45.098690000,1735.000
6.158310000,45.098630000,1737.000
6.157950000,45.098380000,1740.000
6.157850000,45.098310000,1743.000
6.157700000,45.098190000,1745.000
6.157460000,45.097940000,1748.000
6.157070000,45.097700000,1752.000
6.156890000,45.097520000,1755.000
6.156650000,45.097180000,1758.000
6.156510000,45.096990000,1761.000
6.156440000,45.096860000,1763.000
6.156390000,45.096620000,1765.000
6.156370000,45.096510000,1766.000
6.156260000,45.096310000,1768.000
6.156140000,45.096150000,1769.000
6.156050000,45.096050000,1771.000
6.155920000,45.095950000,1772.000
6.155770000,45.095870000,1773.000
6.155620000,45.095810000,1775.000
6.155360000,45.095680000,1776.000
6.155070000,45.095460000,1778.000
6.154910000,45.095280000,1780.000
6.154770000,45.095090000,1783.000
6.154600000,45.094890000,1785.000
6.154450000,45.094790000,1787.000
6.154370000,45.094700000,1788.000
6.154370000,45.094700000,1789.000
6.154150000,45.094480000,1791.000
6.154010000,45.094370000,1793.000
6.153720000,45.094170000,1795.000
6.153330000,45.093890000,1799.000
6.153090000,45.093630000,1802.000
6.152870000,45.093360000,1806.000
6.152800000,45.093240000,1809.000
6.152760000,45.093020000,1811.000
6.152720000,45.092960000,1813.000
6.152650000,45.092960000,1815.000
6.152610000,45.093000000,1816.000
6.152610000,45.093080000,1817.000
6.152760000,45.093600000,1819.000
6.152780000,45.093860000,1822.000
6.152820000,45.093990000,1824.000
6.152920000,45.094140000,1826.000
6.153030000,45.094420000,1828.000
6.153230000,45.094880000,1832.000
6.153410000,45.095280000,1836.000
6.153660000,45.095920000,1842.000
6.153920000,45.096390000,1848.000
6.154190000,45.096710000,1852.000
6.154320000,45.096960000,1855.000
6.154490000,45.097220000,1858.000
6.154520000,45.097280000,1860.000
6.154500000,45.097330000,1861.000
6.154440000,45.097360000,1862.000
6.154380000,45.097350000,1863.000
6.154300000,45.097300000,1864.000
6.154190000,45.097100000,1864.000
6.153960000,45.096850000,1865.000
6.153680000,45.096630000,1866.000
6.153560000,45.096460000,1868.000
6.153160000,45.096050000,1873.000
6.152880000,45.095910000,1877.000
6.152620000,45.095730000,1882.000
6.152400000,45.095520000,1887.000
6.152050000,45.095260000,1892.000
6.151910000,45.095130000,1896.000
6.151860000,45.095070000,1899.000
6.151840000,45.094930000,1900.000
6.151840000,45.094820000,1901.000
6.151740000,45.094710000,1902.000
6.151620000,45.094630000,1903.000
6.151550000,45.094530000,1903.000
6.151510000,45.094290000,1903.000
6.151430000,45.094140000,1903.000
6.151270000,45.094030000,1903.000
6.151160000,45.093980000,1903.000
6.151100000,45.093910000,1903.000
6.151070000,45.093850000,1903.000
6.151090000,45.093790000,1903.000
6.151220000,45.093670000,1903.000
6.151250000,45.093590000,1904.000
6.151210000,45.093530000,1904.000
6.151080000,45.093470000,1905.000
6.150920000,45.093420000,1906.000
6.150840000,45.093340000,1907.000
6.150850000,45.093270000,1908.000
6.150910000,45.093160000,1909.000
6.150960000,45.093120000,1910.000
6.150960000,45.093050000,1911.000
6.150870000,45.093000000,1912.000
6.150730000,45.092950000,1913.000
6.150620000,45.092860000,1915.000
6.150610000,45.092710000,1916.000
6.150640000,45.092610000,1917.000
6.150640000,45.092480000,1919.000
6.150640000,45.092400000,1920.000
6.150610000,45.092320000,1921.000
6.150510000,45.092230000,1922.000
6.150460000,45.092110000,1924.000
6.150450000,45.092000000,1925.000
6.150330000,45.091930000,1927.000
6.150160000,45.091890000,1929.000
6.149920000,45.091800000,1932.000
6.149730000,45.091720000,1934.000
6.149590000,45.091620000,1937.000
6.149480000,45.091450000,1940.000
6.149330000,45.091360000,1943.000
6.149150000,45.091210000,1946.000
6.149010000,45.091050000,1950.000
6.148950000,45.090870000,1953.000
6.149020000,45.090740000,1956.000
6.149080000,45.090670000,1959.000
6.149100000,45.090570000,1961.000
6.149120000,45.090400000,1963.000
6.149190000,45.090260000,1964.000
6.149280000,45.090190000,1966.000
6.149400000,45.090140000,1968.000
6.149490000,45.090090000,1969.000
6.149540000,45.090020000,1970.000
6.149510000,45.089960000,1971.000
6.149440000,45.089940000,1972.000
6.149370000,45.089940000,1973.000
6.149230000,45.089980000,1974.000
6.149090000,45.090070000,1975.000
6.148990000,45.090160000,1976.000
6.148870000,45.090310000,1977.000
6.148810000,45.090360000,1979.000
6.148750000,45.090410000,1980.000
6.148680000,45.090410000,1981.000
6.148640000,45.090370000,1981.000
6.148660000,45.090320000,1982.000
6.148880000,45.090020000,1983.000
6.148950000,45.089920000,1984.000
6.149010000,45.089820000,1985.000
6.149220000,45.089620000,1986.000
6.149260000,45.089480000,1987.000
6.149210000,45.089310000,1988.000
6.149170000,45.089220000,1989.000
6.149170000,45.089140000,1989.000
6.149180000,45.089020000,1990.000
6.149270000,45.088910000,1991.000
6.149340000,45.088860000,1991.000
6.149410000,45.088790000,1992.000
6.149420000,45.088660000,1992.000
6.149380000,45.088490000,1992.000
6.149270000,45.088250000,1992.000
6.149170000,45.088040000,1992.000
6.149090000,45.087830000,1991.000
6.149060000,45.087660000,1991.000
6.149060000,45.087530000,1990.000
6.149060000,45.087450000,1990.000
6.149050000,45.087370000,1989.000
6.149040000,45.087290000,1989.000
6.149000000,45.087120000,1988.000
6.148970000,45.087020000,1988.000
6.148900000,45.086860000,1988.000
6.148780000,45.086660000,1987.000
6.148670000,45.086510000,1986.000
6.148460000,45.086280000,1986.000
6.148080000,45.085980000,1985.000
6.148050000,45.085960000,1984.000
6.147770000,45.085780000,1984.000
6.147500000,45.085550000,1983.000
6.147240000,45.085240000,1982.000
6.147010000,45.085050000,1981.000
6.146620000,45.084780000,1978.000
6.146310000,45.084580000,1975.000
6.146050000,45.084390000,1973.000
6.145750000,45.084170000,1970.000
6.145280000,45.083890000,1966.000
6.144310000,45.083350000,1961.000
6.143470000,45.082760000,1955.000
6.142960000,45.082480000,1950.000
6.142560000,45.082210000,1945.000
6.142240000,45.082020000,1940.000
6.141970000,45.081890000,1936.000
6.141750000,45.081850000,1932.000
6.141190000,45.081730000,1928.000
6.140680000,45.081600000,1923.000
6.140520000,45.081540000,1920.000
6.140410000,45.081470000,1917.000
6.139930000,45.081320000,1915.000
6.138900000,45.081000000,1912.000
6.138530000,45.080910000,1909.000
6.137840000,45.080820000,1907.000
6.137070000,45.080740000,1903.000
6.135850000,45.080690000,1896.000
6.135600000,45.080660000,1891.000
6.135430000,45.080610000,1887.000
6.134420000,45.080310000,1881.000
6.133300000,45.080000000,1876.000
6.132720000,45.079750000,1871.000
6.132450000,45.079670000,1867.000
6.132200000,45.079660000,1865.000
6.131800000,45.079700000,1862.000
6.131380000,45.079800000,1859.000
6.130930000,45.079940000,1856.000
6.130890000,45.079970000,1854.000
6.130880000,45.080010000,1852.000
6.130890000,45.080050000,1851.000
6.130960000,45.080090000,1850.000
6.131170000,45.080100000,1848.000
6.131330000,45.080130000,1847.000
6.131500000,45.080190000,1845.000
6.131680000,45.080290000,1844.000
6.131880000,45.080390000,1842.000
6.132070000,45.080530000,1840.000
6.132160000,45.080660000,1838.000
6.132160000,45.080820000,1837.000
6.132140000,45.080950000,1835.000
6.132010000,45.081160000,1833.000
6.131810000,45.081380000,1832.000
6.131670000,45.081530000,1830.000
6.131530000,45.081600000,1829.000
6.131360000,45.081570000,1827.000
6.131190000,45.081500000,1826.000
6.131000000,45.081450000,1825.000
6.130820000,45.081410000,1824.000
6.130680000,45.081400000,1823.000
6.130520000,45.081430000,1822.000
6.130160000,45.081580000,1820.000
6.129860000,45.081730000,1818.000
6.129690000,45.081810000,1816.000
6.129510000,45.081850000,1814.000
6.129320000,45.081850000,1812.000
6.129060000,45.081820000,1810.000
6.128820000,45.081810000,1808.000
6.128640000,45.081830000,1807.000
6.128440000,45.081810000,1805.000
6.128190000,45.081760000,1803.000
6.127990000,45.081670000,1801.000
6.127770000,45.081610000,1800.000
6.127430000,45.081530000,1798.000
6.127210000,45.081470000,1797.000
6.126950000,45.081400000,1796.000
6.126830000,45.081400000,1795.000
6.126710000,45.081410000,1795.000
6.126620000,45.081380000,1794.000
6.126470000,45.081290000,1794.000
6.126280000,45.081180000,1793.000
6.126060000,45.081080000,1793.000
6.125820000,45.080960000,1792.000
6.125600000,45.080810000,1791.000
6.125250000,45.080640000,1790.000
6.125020000,45.080490000,1789.000
6.124760000,45.080340000,1787.000
6.124560000,45.080240000,1786.000
6.124450000,45.080160000,1785.000
6.124320000,45.080000000,1783.000
6.124140000,45.079880000,1782.000
6.123910000,45.079760000,1781.000
6.123710000,45.079660000,1780.000
6.123550000,45.079620000,1779.000
6.123300000,45.079590000,1778.000
6.123010000,45.079560000,1778.000
6.122700000,45.079470000,1777.000
6.122350000,45.079410000,1777.000
6.122170000,45.079390000,1778.000
6.122000000,45.079370000,1778.000
6.121850000,45.079330000,1778.000
6.121640000,45.079270000,1778.000
6.121440000,45.079270000,1778.000
6.121230000,45.079270000,1778.000
6.121020000,45.079230000,1778.000
6.120580000,45.079150000,1778.000
6.120300000,45.079060000,1777.000
6.119940000,45.078940000,1775.000
6.119230000,45.078800000,1773.000
6.119060000,45.078780000,1771.000
6.118910000,45.078780000,1770.000
6.118830000,45.078800000,1769.000
6.118600000,45.078860000,1768.000
6.118490000,45.078890000,1767.000
6.118310000,45.078940000,1767.000
6.117990000,45.078960000,1767.000
6.117660000,45.079000000,1767.000
6.117380000,45.079040000,1768.000
6.117080000,45.079150000,1768.000
6.116380000,45.079420000,1769.000
6.116070000,45.079500000,1770.000
6.115710000,45.079580000,1771.000
6.115540000,45.079620000,1772.000
6.114890000,45.079830000,1773.000
6.114650000,45.079910000,1774.000
6.114460000,45.079970000,1775.000
6.114270000,45.080070000,1776.000
6.114140000,45.080140000,1776.000
6.113890000,45.080180000,1777.000
6.113590000,45.080230000,1777.000
6.113350000,45.080290000,1778.000
6.113060000,45.080370000,1779.000
6.112920000,45.080400000,1780.000
6.112800000,45.080390000,1780.000
6.112620000,45.080350000,1781.000
6.112600000,45.080350000,1781.000
6.112600000,45.080350000,1781.000
6.112390000,45.080330000,1782.000
6.112260000,45.080310000,1782.000
6.112120000,45.080310000,1783.000
6.111920000,45.080320000,1783.000
6.111650000,45.080320000,1784.000
6.111350000,45.080310000,1785.000
6.111200000,45.080320000,1785.000
6.111000000,45.080320000,1786.000
6.110880000,45.080300000,1786.000
6.110750000,45.080250000,1786.000
6.110590000,45.080200000,1786.000
6.110240000,45.080180000,1786.000
6.109920000,45.080160000,1785.000
6.109790000,45.080180000,1784.000
6.109720000,45.080250000,1784.000
6.109680000,45.080310000,1783.000
6.109600000,45.080390000,1783.000
6.109330000,45.080630000,1782.000
6.109100000,45.080910000,1781.000
6.109040000,45.081050000,1780.000
6.109010000,45.081170000,1779.000
6.109040000,45.081420000,1780.000
6.109020000,45.081650000,1782.000
6.108950000,45.081820000,1783.000
6.108840000,45.081990000,1785.000
6.108710000,45.082090000,1787.000
6.108540000,45.082200000,1789.000
6.108390000,45.082340000,1791.000
6.108280000,45.082490000,1793.000
6.107870000,45.082840000,1796.000
6.107480000,45.083280000,1799.000
6.107380000,45.083450000,1802.000
6.107270000,45.083700000,1804.000
6.107200000,45.083830000,1805.000
6.107110000,45.083890000,1806.000
6.106970000,45.083970000,1807.000
6.106890000,45.084040000,1808.000
6.106720000,45.084100000,1809.000
6.106600000,45.084120000,1810.000
6.106500000,45.084130000,1810.000
6.106390000,45.084170000,1811.000
6.106260000,45.084260000,1811.000
6.106130000,45.084400000,1812.000
6.106050000,45.084520000,1814.000
6.106020000,45.084700000,1815.000
6.105980000,45.084870000,1817.000
6.105920000,45.085070000,1819.000
6.105890000,45.085140000,1820.000
6.105800000,45.085180000,1822.000
6.105740000,45.085200000,1823.000
6.105650000,45.085200000,1824.000
6.105540000,45.085190000,1824.000
6.105360000,45.085110000,1826.000
6.105080000,45.084980000,1827.000
6.104880000,45.084920000,1829.000
6.104680000,45.084850000,1831.000
6.104560000,45.084770000,1832.000
6.104420000,45.084750000,1833.000
6.104300000,45.084760000,1834.000
6.104190000,45.084780000,1835.000
6.103740000,45.084810000,1836.000
6.103290000,45.084820000,1838.000
6.102850000,45.084780000,1839.000
6.102390000,45.084770000,1841.000
6.101750000,45.084750000,1843.000
6.101230000,45.084760000,1844.000
6.100630000,45.084730000,1844.000
6.100190000,45.084760000,1844.000
6.099740000,45.084750000,1843.000
6.099370000,45.084680000,1843.000
6.099150000,45.084650000,1842.000
6.098800000,45.084670000,1842.000
6.098200000,45.084710000,1841.000
6.098020000,45.084730000,1839.000
6.097020000,45.085000000,1837.000
6.096750000,45.085070000,1836.000
6.096500000,45.085170000,1834.000
6.096230000,45.085270000,1834.000
6.095990000,45.085330000,1833.000
6.095630000,45.085320000,1833.000
6.095230000,45.085340000,1834.000
6.094890000,45.085360000,1834.000
6.094720000,45.085380000,1835.000
6.094520000,45.085420000,1835.000
6.094370000,45.085440000,1835.000
6.094170000,45.085470000,1836.000
6.093830000,45.085530000,1836.000
6.093630000,45.085560000,1837.000
6.093470000,45.085590000,1837.000
6.093340000,45.085620000,1837.000
6.093180000,45.085670000,1837.000
6.092970000,45.085730000,1837.000
6.092820000,45.085790000,1837.000
6.092580000,45.085850000,1837.000
6.092340000,45.085900000,1837.000
6.092110000,45.085940000,1836.000
6.091970000,45.085950000,1836.000
6.091560000,45.086010000,1836.000
6.091330000,45.086050000,1836.000
6.090960000,45.086080000,1836.000
6.090800000,45.086100000,1836.000
6.090590000,45.086090000,1837.000
6.090450000,45.086060000,1837.000
6.090340000,45.086040000,1838.000
6.090240000,45.086020000,1838.000
6.090140000,45.086000000,1839.000
6.089980000,45.085980000,1839.000
6.089860000,45.086020000,1839.000
6.089800000,45.086080000,1840.000
6.089790000,45.086150000,1840.000
6.089830000,45.086210000,1840.000
6.089900000,45.086270000,1841.000
6.090010000,45.086310000,1841.000
6.090090000,45.086320000,1841.000
6.090220000,45.086350000,1842.000
6.090370000,45.086380000,1842.000
6.090510000,45.086420000,1843.000
6.090660000,45.086510000,1843.000
6.090800000,45.086610000,1844.000
6.090940000,45.086690000,1844.000
6.091110000,45.086770000,1845.000
6.091430000,45.086880000,1846.000
6.091580000,45.086930000,1847.000
6.091720000,45.086950000,1848.000
6.091890000,45.086960000,1848.000
6.092110000,45.086960000,1849.000
6.092250000,45.086980000,1850.000
6.092320000,45.087030000,1850.000
6.092350000,45.087060000,1851.000
6.092370000,45.087110000,1851.000
6.092370000,45.087170000,1851.000
6.092360000,45.087220000,1852.000
6.092310000,45.087270000,1852.000
6.092240000,45.087300000,1853.000
6.092160000,45.087310000,1853.000
6.092040000,45.087300000,1853.000
6.091870000,45.087280000,1854.000
6.091720000,45.087280000,1854.000
6.091690000,45.087280000,1855.000
6.091550000,45.087300000,1855.000
6.091090000,45.087400000,1857.000
6.090710000,45.087510000,1858.000
6.090500000,45.087560000,1859.000
6.090310000,45.087660000,1861.000
6.089980000,45.087830000,1862.000
6.089730000,45.087960000,1864.000
6.089490000,45.088100000,1865.000
6.089220000,45.088260000,1866.000
6.088900000,45.088430000,1867.000
6.088650000,45.088560000,1868.000
6.088340000,45.088700000,1869.000
6.088040000,45.088880000,1870.000
6.087830000,45.088980000,1870.000
6.087600000,45.089050000,1871.000
6.087320000,45.089130000,1871.000
6.087030000,45.089160000,1871.000
6.086790000,45.089180000,1871.000
6.086460000,45.089210000,1870.000
6.086350000,45.089220000,1870.000
6.086350000,45.089220000,1870.000
6.086190000,45.089230000,1869.000
6.085940000,45.089300000,1869.000
6.085640000,45.089410000,1868.000
6.085390000,45.089540000,1868.000
6.085080000,45.089720000,1867.000
6.084920000,45.089820000,1866.000
6.084800000,45.089870000,1865.000
6.084740000,45.089890000,1865.000
6.084680000,45.089910000,1864.000
6.084630000,45.089910000,1864.000
6.084600000,45.089910000,1864.000
6.084500000,45.089920000,1863.000
6.084460000,45.089920000,1863.000
6.084390000,45.089910000,1863.000
6.084300000,45.089910000,1862.000
6.083990000,45.089870000,1861.000
6.083700000,45.089840000,1861.000
6.083430000,45.089800000,1859.000
6.083090000,45.089710000,1858.000
6.082880000,45.089650000,1857.000
6.082250000,45.089500000,1855.000
6.082120000,45.089480000,1854.000
6.081990000,45.089460000,1853.000
6.081840000,45.089460000,1852.000
6.081710000,45.089470000,1851.000
6.081610000,45.089500000,1850.000
6.081530000,45.089520000,1849.000
6.081440000,45.089570000,1849.000
6.081360000,45.089640000,1848.000
6.081190000,45.089830000,1847.000
6.081030000,45.089950000,1846.000
6.080920000,45.090000000,1845.000
6.080870000,45.090020000,1845.000
6.080750000,45.090050000,1844.000
6.080610000,45.090080000,1844.000
6.080450000,45.090090000,1843.000
6.080340000,45.090090000,1842.000
6.080180000,45.090110000,1842.000
6.080020000,45.090140000,1841.000
6.079890000,45.090200000,1840.000
6.079750000,45.090270000,1840.000
6.079640000,45.090380000,1839.000
6.079530000,45.090500000,1838.000
6.079470000,45.090550000,1837.000
6.079400000,45.090580000,1837.000
6.079310000,45.090600000,1836.000
6.079220000,45.090590000,1836.000
6.079150000,45.090570000,1835.000
6.079090000,45.090540000,1835.000
6.079050000,45.090500000,1835.000
6.079000000,45.090430000,1834.000
6.078980000,45.090390000,1834.000
6.078980000,45.090340000,1834.000
6.079140000,45.090050000,1833.000
6.079270000,45.089870000,1832.000
6.079350000,45.089800000,1831.000
6.079680000,45.089550000,1830.000
6.079870000,45.089340000,1829.000
6.079980000,45.089170000,1827.000
6.080020000,45.089070000,1826.000
6.080020000,45.089030000,1825.000
6.080020000,45.088950000,1824.000
6.079970000,45.088870000,1823.000
6.079890000,45.088810000,1823.000
6.079770000,45.088780000,1822.000
6.079600000,45.088760000,1821.000
6.079380000,45.088790000,1820.000
6.079320000,45.088810000,1820.000
6.079170000,45.088830000,1819.000
6.078980000,45.088880000,1818.000
6.078790000,45.088940000,1817.000
6.078610000,45.089040000,1816.000
6.078290000,45.089280000,1815.000
6.078170000,45.089340000,1813.000
6.078070000,45.089370000,1812.000
6.077970000,45.089370000,1812.000
6.077870000,45.089360000,1811.000
6.077770000,45.089340000,1810.000
6.077700000,45.089290000,1810.000
6.077670000,45.089230000,1809.000
6.077650000,45.089160000,1809.000
6.077670000,45.089080000,1808.000
6.077780000,45.088920000,1808.000
6.077850000,45.088820000,1807.000
6.077870000,45.088740000,1806.000
6.077830000,45.088650000,1806.000
6.077770000,45.088600000,1805.000
6.077700000,45.088560000,1805.000
6.077620000,45.088520000,1804.000
6.077470000,45.088500000,1804.000
6.077360000,45.088500000,1803.000
6.077270000,45.088520000,1803.000
6.077190000,45.088550000,1802.000
6.077100000,45.088600000,1802.000
6.077030000,45.088660000,1801.000
6.076990000,45.088720000,1801.000
6.076950000,45.088800000,1801.000
6.076910000,45.088900000,1801.000
6.076860000,45.089030000,1801.000
6.076800000,45.089130000,1801.000
6.076670000,45.089250000,1801.000
6.076560000,45.089350000,1801.000
6.076410000,45.089460000,1801.000
6.076270000,45.089520000,1801.000
6.076160000,45.089580000,1801.000
6.076160000,45.089580000,1802.000
6.076120000,45.089600000,1802.000
6.076000000,45.089650000,1802.000
6.075870000,45.089690000,1802.000
6.075610000,45.089740000,1802.000
6.075490000,45.089760000,1802.000
6.075170000,45.089850000,1802.000
6.075000000,45.089920000,1802.000
6.074710000,45.090050000,1802.000
6.074610000,45.090110000,1802.000
6.074510000,45.090160000,1802.000
6.074380000,45.090270000,1802.000
6.074270000,45.090340000,1802.000
6.074260000,45.090360000,1802.000
6.074250000,45.090370000,1802.000
6.074230000,45.090390000,1802.000
6.074210000,45.090400000,1802.000
6.074150000,45.090430000,1802.000
6.074090000,45.090450000,1802.000
6.074020000,45.090460000,1802.000
6.073940000,45.090450000,1802.000
6.073880000,45.090440000,1802.000
6.073810000,45.090420000,1802.000
6.073790000,45.090400000,1802.000
6.073780000,45.090390000,1802.000
6.073740000,45.090360000,1802.000
6.073710000,45.090330000,1802.000
6.073700000,45.090290000,1802.000
6.073690000,45.090250000,1802.000
6.073690000,45.090210000,1802.000
6.073700000,45.090180000,1802.000
6.073720000,45.090140000,1802.000
6.073730000,45.090130000,1802.000
6.073740000,45.090020000,1802.000
6.073830000,45.089890000,1802.000
6.073910000,45.089770000,1802.000
6.073970000,45.089710000,1802.000
6.074070000,45.089630000,1802.000
6.074130000,45.089580000,1801.000
6.074230000,45.089530000,1800.000
6.074780000,45.089300000,1798.000
6.074850000,45.089250000,1797.000
6.074900000,45.089190000,1795.000
6.074950000,45.089090000,1794.000
6.074970000,45.088960000,1793.000
6.074960000,45.088900000,1791.000
6.074930000,45.088830000,1790.000
6.074890000,45.088780000,1790.000
6.074830000,45.088710000,1789.000
6.074770000,45.088660000,1788.000
6.074580000,45.088560000,1787.000
6.074270000,45.088410000,1785.000
6.074010000,45.088270000,1783.000
6.073840000,45.088170000,1781.000
6.073630000,45.088010000,1779.000
6.073440000,45.087830000,1777.000
6.073260000,45.087620000,1774.000
6.072910000,45.087150000,1771.000
6.072720000,45.086830000,1767.000
6.072640000,45.086750000,1764.000
6.072590000,45.086700000,1762.000
6.072510000,45.086660000,1761.000
6.072190000,45.086520000,1759.000
6.072080000,45.086460000,1758.000
6.071970000,45.086400000,1756.000
6.071880000,45.086330000,1755.000
6.071830000,45.086260000,1755.000
6.071770000,45.086180000,1754.000
6.071740000,45.086130000,1753.000
6.071680000,45.085900000,1752.000
6.071660000,45.085850000,1751.000
6.071630000,45.085820000,1750.000
6.071610000,45.085800000,1750.000
6.071530000,45.085770000,1749.000
6.071440000,45.085760000,1749.000
6.071400000,45.085770000,1749.000
6.071340000,45.085790000,1748.000
6.071110000,45.085890000,1747.000
6.071050000,45.085910000,1747.000
6.070920000,45.085940000,1746.000
6.070820000,45.085940000,1746.000
6.070690000,45.085940000,1745.000
6.070450000,45.085930000,1745.000
6.070380000,45.085920000,1744.000
6.070290000,45.085900000,1744.000
6.069750000,45.085760000,1743.000
6.069680000,45.085730000,1742.000
6.069600000,45.085700000,1741.000
6.069520000,45.085650000,1741.000
6.069180000,45.085420000,1740.000
6.069000000,45.085280000,1739.000
6.068880000,45.085190000,1738.000
6.068600000,45.084900000,1737.000
6.068510000,45.084830000,1736.000
6.068310000,45.084690000,1735.000
6.068180000,45.084630000,1733.000
6.068100000,45.084600000,1733.000
6.068020000,45.084580000,1732.000
6.067950000,45.084580000,1731.000
6.067860000,45.084590000,1731.000
6.067570000,45.084630000,1730.000
6.067480000,45.084650000,1729.000
6.067330000,45.084720000,1728.000
6.067200000,45.084800000,1727.000
6.067130000,45.084860000,1726.000
6.067090000,45.084910000,1725.000
6.066980000,45.085080000,1724.000
6.066920000,45.085170000,1724.000
6.066830000,45.085270000,1723.000
6.066750000,45.085320000,1722.000
6.066670000,45.085370000,1721.000
6.066580000,45.085410000,1720.000
6.066480000,45.085440000,1720.000
6.066270000,45.085490000,1719.000
6.065940000,45.085540000,1717.000
6.065640000,45.085600000,1716.000
6.065510000,45.085640000,1715.000
6.065510000,45.085640000,1714.000
6.065390000,45.085670000,1713.000
6.064810000,45.085860000,1711.000
6.064730000,45.085880000,1710.000
6.064660000,45.085880000,1709.000
6.064550000,45.085880000,1708.000
6.064330000,45.085860000,1707.000
6.064250000,45.085860000,1706.000
6.064100000,45.085880000,1705.000
6.063990000,45.085900000,1705.000
6.063860000,45.085940000,1704.000
6.063280000,45.086180000,1703.000
6.063150000,45.086230000,1702.000
6.063030000,45.086290000,1701.000
6.062930000,45.086370000,1700.000
6.062540000,45.086700000,1698.000
6.062430000,45.086810000,1697.000
6.062360000,45.086910000,1696.000
6.062310000,45.086990000,1695.000
6.062280000,45.087070000,1694.000
6.062220000,45.087410000,1693.000
6.062210000,45.087440000,1692.000
6.062170000,45.087470000,1691.000
6.062120000,45.087500000,1690.000
6.062080000,45.087510000,1690.000
6.062030000,45.087510000,1689.000
6.061980000,45.087510000,1689.000
6.061930000,45.087500000,1688.000
6.061890000,45.087480000,1688.000
6.061870000,45.087450000,1687.000
6.061850000,45.087420000,1687.000
6.061840000,45.087390000,1687.000
6.061850000,45.087340000,1686.000
6.062430000,45.086170000,1682.000
6.062520000,45.086010000,1679.000
6.062590000,45.085930000,1677.000
6.062680000,45.085840000,1675.000
6.063120000,45.085520000,1672.000
6.063230000,45.085450000,1670.000
6.063370000,45.085370000,1668.000
6.063520000,45.085320000,1667.000
6.063750000,45.085270000,1665.000
6.063950000,45.085210000,1664.000
6.064100000,45.085150000,1662.000
6.064460000,45.084970000,1660.000
6.065130000,45.084680000,1657.000
6.065490000,45.084580000,1654.000
6.065710000,45.084530000,1652.000
6.065790000,45.084510000,1650.000
6.065840000,45.084480000,1648.000
6.065870000,45.084450000,1647.000
6.065880000,45.084410000,1646.000
6.065880000,45.084370000,1646.000
6.065880000,45.084330000,1645.000
6.065850000,45.084300000,1645.000
6.065820000,45.084270000,1644.000
6.065770000,45.084260000,1644.000
6.065710000,45.084250000,1643.000
6.065670000,45.084250000,1643.000
6.065630000,45.084260000,1642.000
6.065570000,45.084280000,1642.000
6.065270000,45.084450000,1641.000
6.065140000,45.084500000,1640.000
6.065030000,45.084540000,1639.000
6.064830000,45.084600000,1638.000
6.063890000,45.084780000,1636.000
6.063760000,45.084790000,1634.000
6.063600000,45.084800000,1633.000
6.063300000,45.084810000,1632.000
6.063090000,45.084830000,1631.000
6.062950000,45.084850000,1630.000
6.062470000,45.084960000,1628.000
6.062020000,45.085020000,1626.000
6.061810000,45.085070000,1625.000
6.061720000,45.085100000,1623.000
6.061570000,45.085170000,1622.000
6.061450000,45.085240000,1621.000
6.060860000,45.085640000,1618.000
6.060560000,45.085800000,1615.000
6.060110000,45.086010000,1612.000
6.059860000,45.086120000,1610.000
6.059740000,45.086180000,1609.000
6.059630000,45.086240000,1608.000
6.059520000,45.086320000,1607.000
6.059450000,45.086400000,1607.000
6.059220000,45.086660000,1606.000
6.059140000,45.086700000,1606.000
6.059080000,45.086720000,1606.000
6.059000000,45.086720000,1606.000
6.058920000,45.086700000,1606.000
6.058770000,45.086640000,1605.000
6.058750000,45.086620000,1605.000
6.058520000,45.086900000,1605.000
6.058380000,45.087090000,1605.000
6.058260000,45.087280000,1606.000
6.058220000,45.087340000,1606.000
6.058140000,45.087450000,1607.000
6.058080000,45.087510000,1608.000
6.057970000,45.087600000,1609.000
6.057830000,45.087690000,1611.000
6.057760000,45.087740000,1612.000
6.057430000,45.087950000,1614.000
6.057430000,45.087950000,1615.000
6.057380000,45.087980000,1616.000
6.057040000,45.088180000,1618.000
6.056870000,45.088270000,1620.000
6.056720000,45.088320000,1622.000
6.056650000,45.088340000,1623.000
6.056540000,45.088350000,1624.000
6.056500000,45.088350000,1625.000
6.056390000,45.088340000,1626.000
6.056320000,45.088320000,1626.000
6.056250000,45.088290000,1627.000
6.056130000,45.088230000,1628.000
6.055980000,45.088120000,1629.000
6.055950000,45.088110000,1629.000
6.055930000,45.088110000,1630.000
6.055870000,45.088120000,1630.000
6.055830000,45.088140000,1631.000
6.055820000,45.088160000,1631.000
6.055820000,45.088180000,1631.000
6.055830000,45.088200000,1632.000
6.055990000,45.088360000,1632.000
6.056160000,45.088610000,1633.000
6.056290000,45.088820000,1635.000
6.056350000,45.088900000,1636.000
6.056430000,45.088960000,1637.000
6.056480000,45.088990000,1638.000
6.056540000,45.089020000,1639.000
6.056650000,45.089050000,1639.000
6.056920000,45.089100000,1640.000
6.057090000,45.089130000,1642.000
6.057220000,45.089140000,1643.000
6.057550000,45.089150000,1644.000
6.057910000,45.089170000,1646.000
6.058080000,45.089160000,1647.000
6.058260000,45.089150000,1649.000
6.058470000,45.089110000,1650.000
6.059870000,45.088850000,1655.000
6.060010000,45.088820000,1658.000
6.060140000,45.088770000,1661.000
6.060340000,45.088680000,1663.000
6.060390000,45.088670000,1665.000
6.060430000,45.088670000,1666.000
6.060460000,45.088680000,1667.000
6.060460000,45.088700000,1668.000
6.060470000,45.088700000,1668.000
6.060480000,45.088730000,1669.000
6.060480000,45.088750000,1669.000
6.060460000,45.088780000,1669.000
6.060240000,45.088930000,1671.000
6.059920000,45.089280000,1673.000
6.059740000,45.089490000,1676.000
6.059540000,45.089670000,1678.000
6.059480000,45.089720000,1680.000
6.059130000,45.089990000,1683.000
6.058350000,45.090520000,1687.000
6.058230000,45.090600000,1691.000
6.058100000,45.090680000,1693.000
6.057940000,45.090770000,1695.000
6.057680000,45.090910000,1698.000
6.057170000,45.091160000,1701.000
6.057040000,45.091220000,1703.000
6.056750000,45.091310000,1705.000
6.056610000,45.091350000,1707.000
6.056600000,45.091350000,1708.000
6.056480000,45.091390000,1709.000
6.056400000,45.091400000,1710.000
6.056300000,45.091410000,1710.000
6.056040000,45.091410000,1711.000
6.055760000,45.091390000,1712.000
6.055490000,45.091350000,1714.000
6.055430000,45.091360000,1715.000
6.055380000,45.091370000,1715.000
6.055360000,45.091390000,1716.000
6.055340000,45.091430000,1716.000
6.055350000,45.091470000,1717.000
6.055390000,45.091520000,1717.000
6.055440000,45.091550000,1718.000
6.055530000,45.091570000,1718.000
6.055660000,45.091580000,1719.000
6.055810000,45.091580000,1719.000
6.055970000,45.091590000,1720.000
6.056150000,45.091630000,1721.000
6.056850000,45.091800000,1724.000
6.057090000,45.091830000,1726.000
6.057210000,45.091840000,1728.000
6.057380000,45.091840000,1730.000
6.058190000,45.091780000,1733.000
6.058870000,45.091740000,1737.000
6.059080000,45.091710000,1740.000
6.059210000,45.091680000,1742.000
6.059440000,45.091640000,1744.000
6.060420000,45.091440000,1746.000
6.061030000,45.091300000,1749.000
6.061110000,45.091280000,1751.000
6.061210000,45.091250000,1753.000
6.061300000,45.091210000,1754.000
6.061340000,45.091220000,1755.000
6.061380000,45.091230000,1756.000
6.061430000,45.091210000,1756.000
6.061840000,45.091050000,1758.000
6.061980000,45.091010000,1760.000
6.062330000,45.090930000,1762.000
6.062600000,45.090860000,1764.000
6.062870000,45.090800000,1766.000
6.063120000,45.090750000,1768.000
6.063270000,45.090740000,1770.000
6.063270000,45.090740000,1771.000
6.063360000,45.090740000,1772.000
6.063620000,45.090720000,1774.000
6.063730000,45.090710000,1775.000
6.063820000,45.090690000,1776.000
6.063960000,45.090640000,1777.000
6.064060000,45.090600000,1778.000
6.064170000,45.090560000,1778.000
6.064330000,45.090520000,1779.000
6.064530000,45.090490000,1780.000
6.064810000,45.090460000,1781.000
6.064870000,45.090450000,1782.000
6.065120000,45.090430000,1782.000
6.065210000,45.090430000,1783.000
6.065310000,45.090450000,1784.000
6.065360000,45.090480000,1784.000
6.065390000,45.090500000,1785.000
6.065410000,45.090520000,1785.000
6.065430000,45.090550000,1785.000
6.065470000,45.090620000,1786.000
6.065490000,45.090690000,1786.000
6.065500000,45.090790000,1787.000
6.065500000,45.090840000,1787.000
6.065480000,45.090870000,1787.000
6.065440000,45.090920000,1788.000
6.065400000,45.090960000,1788.000
6.065340000,45.090980000,1788.000
6.065250000,45.090990000,1789.000
6.065150000,45.091010000,1789.000
6.065070000,45.091010000,1789.000
6.064900000,45.091000000,1790.000
6.064750000,45.091010000,1790.000
6.064620000,45.091030000,1790.000
6.064490000,45.091060000,1790.000
6.064350000,45.091090000,1791.000
6.064210000,45.091140000,1791.000
6.064080000,45.091190000,1791.000
6.063920000,45.091260000,1792.000
6.063620000,45.091480000,1792.000
6.063500000,45.091570000,1793.000
6.063370000,45.091650000,1793.000
6.063040000,45.091810000,1793.000
6.062770000,45.091940000,1794.000
6.062560000,45.092050000,1795.000
6.062450000,45.092110000,1796.000
6.062330000,45.092200000,1796.000
6.062250000,45.092260000,1797.000
6.061950000,45.092490000,1798.000
6.061870000,45.092540000,1799.000
6.061790000,45.092580000,1799.000
6.061720000,45.092610000,1800.000
6.061640000,45.092630000,1800.000
6.061530000,45.092650000,1801.000
6.061320000,45.092690000,1801.000
6.061260000,45.092710000,1802.000
6.061210000,45.092730000,1802.000
6.061200000,45.092750000,1802.000
6.061200000,45.092780000,1803.000
6.061220000,45.092810000,1803.000
6.061260000,45.092820000,1803.000
6.061300000,45.092830000,1803.000
6.061340000,45.092830000,1803.000
6.061540000,45.092770000,1804.000
6.061650000,45.092750000,1804.000
6.061780000,45.092730000,1805.000
6.062420000,45.092670000,1806.000
6.063000000,45.092620000,1808.000
6.063490000,45.092590000,1811.000
6.063650000,45.092600000,1812.000
6.064280000,45.092650000,1815.000
6.064410000,45.092660000,1817.000
6.064780000,45.092700000,1818.000
6.064940000,45.092720000,1819.000
6.065320000,45.092800000,1821.000
6.065370000,45.092810000,1822.000
6.065370000,45.092810000,1822.000
6.065830000,45.092910000,1823.000
6.065940000,45.092920000,1824.000
6.066190000,45.092950000,1825.000
6.066640000,45.092960000,1826.000
6.066770000,45.092980000,1827.000
6.066860000,45.093010000,1828.000
6.067030000,45.093060000,1828.000
6.067310000,45.093200000,1828.000
6.067370000,45.093240000,1828.000
6.067500000,45.093320000,1828.000
6.067550000,45.093290000,1828.000
6.067690000,45.093270000,1828.000
6.067800000,45.093250000,1828.000
6.068200000,45.093090000,1828.000
6.068280000,45.093070000,1827.000
6.068320000,45.093050000,1827.000
6.068310000,45.093020000,1827.000
6.068310000,45.092990000,1827.000
6.068320000,45.092960000,1827.000
6.068350000,45.092940000,1827.000
6.068380000,45.092920000,1827.000
6.068420000,45.092910000,1827.000
6.068440000,45.092910000,1826.000
6.068460000,45.092900000,1826.000
6.068480000,45.092910000,1826.000
6.068500000,45.092910000,1826.000
6.068610000,45.092900000,1826.000
6.068730000,45.092890000,1826.000
6.068940000,45.092800000,1826.000
6.069440000,45.092570000,1825.000
6.069660000,45.092490000,1825.000
6.069880000,45.092440000,1825.000
6.070010000,45.092420000,1825.000
6.070200000,45.092420000,1825.000
6.070380000,45.092420000,1825.000
6.070770000,45.092440000,1825.000
6.071220000,45.092470000,1825.000
6.071220000,45.092470000,1826.000
6.071330000,45.092480000,1826.000
6.071500000,45.092500000,1826.000
6.071670000,45.092500000,1826.000
6.071850000,45.092510000,1826.000
6.071920000,45.092510000,1826.000
6.071950000,45.092510000,1826.000
6.071970000,45.092500000,1826.000
6.072020000,45.092500000,1827.000
6.072070000,45.092510000,1827.000
6.072100000,45.092530000,1827.000
6.072130000,45.092560000,1827.000
6.072140000,45.092600000,1827.000
6.072140000,45.092630000,1828.000
6.072120000,45.092660000,1828.000
6.072100000,45.092680000,1828.000
6.072060000,45.092700000,1828.000
6.071990000,45.092750000,1828.000
6.071890000,45.092820000,1829.000
6.071810000,45.092880000,1829.000
6.071790000,45.092920000,1830.000
6.071780000,45.092930000,1830.000
6.071730000,45.093020000,1830.000
6.071660000,45.093150000,1831.000
6.071610000,45.093240000,1832.000
6.071370000,45.093630000,1833.000
6.071140000,45.094070000,1835.000
6.071120000,45.094100000,1836.000
6.070940000,45.094510000,1838.000
6.070870000,45.094650000,1840.000
6.070860000,45.094680000,1842.000
        </coordinates>
      </LineString>
    </Placemark>
  </Document>
</kml>
