<?xml version="1.0" encoding="UTF-8"?>
<kml xmlns="http://www.opengis.net/kml/2.2">
  <Document>
    <name>Tour de France 2026 - Stage 02</name>
    <Style id="routeStyle">
      <LineStyle>
        <color>ff111111</color>
        <width>4</width>
      </LineStyle>
    </Style>
    <Placemark>
      <name>Tour de France 2026 - Stage 02</name>
      <styleUrl>#routeStyle</styleUrl>
      <LineString>
        <tessellate>1</tessellate>
        <coordinates>
1.292700000,41.126800000,7.000
1.294960000,41.127650000,9.000
1.295540000,41.127870000,10.000
1.295960000,41.128060000,12.000
1.296680000,41.128430000,13.000
1.296980000,41.128630000,15.000
1.297700000,41.129220000,15.000
1.297840000,41.129330000,15.000
1.298350000,41.129690000,15.000
1.298520000,41.129790000,15.000
1.298790000,41.129940000,14.000
1.298900000,41.130000000,14.000
1.299160000,41.130120000,14.000
1.299510000,41.130250000,14.000
1.299980000,41.130410000,14.000
1.300300000,41.130500000,14.000
1.300690000,41.130580000,14.000
1.301120000,41.130650000,14.000
1.302820000,41.130850000,11.000
1.303530000,41.130960000,9.000
1.303890000,41.130930000,7.000
1.303950000,41.130890000,7.000
1.304100000,41.130880000,6.000
1.304180000,41.130900000,6.000
1.304240000,41.130940000,6.000
1.304290000,41.131000000,6.000
1.304650000,41.131160000,7.000
1.305380000,41.131320000,8.000
1.305730000,41.131420000,9.000
1.306060000,41.131540000,10.000
1.306260000,41.131660000,11.000
1.306930000,41.132130000,11.000
1.307140000,41.132230000,12.000
1.307290000,41.132280000,12.000
1.307490000,41.132330000,13.000
1.307700000,41.132360000,13.000
1.307840000,41.132370000,13.000
1.308170000,41.132350000,13.000
1.310350000,41.132130000,13.000
1.310550000,41.132120000,13.000
1.311090000,41.132080000,13.000
1.311400000,41.132050000,12.000
1.313900000,41.131950000,10.000
1.314290000,41.131890000,9.000
1.315200000,41.131670000,8.000
1.315510000,41.131640000,8.000
1.315850000,41.131620000,8.000
1.318540000,41.131680000,10.000
1.318740000,41.131690000,11.000
1.319040000,41.131740000,11.000
1.319590000,41.131870000,12.000
1.320030000,41.131950000,12.000
1.320360000,41.131990000,12.000
1.326550000,41.132400000,11.000
1.326910000,41.132450000,11.000
1.327300000,41.132560000,11.000
1.327990000,41.132790000,10.000
1.336720000,41.135650000,9.000
1.337980000,41.136040000,8.000
1.342680000,41.137430000,8.000
1.344210000,41.137870000,9.000
1.344650000,41.138010000,10.000
1.344900000,41.138130000,11.000
1.345070000,41.138260000,11.000
1.345240000,41.138380000,12.000
1.345380000,41.138440000,12.000
1.345500000,41.138420000,13.000
1.345710000,41.138450000,13.000
1.345840000,41.138510000,13.000
1.345960000,41.138620000,14.000
1.346010000,41.138710000,14.000
1.346180000,41.138780000,14.000
1.347030000,41.138940000,15.000
1.347520000,41.139090000,14.000
1.348030000,41.139280000,14.000
1.348610000,41.139580000,13.000
1.349130000,41.139890000,12.000
1.349610000,41.140250000,11.000
1.349980000,41.140680000,10.000
1.350100000,41.140830000,10.000
1.350280000,41.141050000,9.000
1.350570000,41.141490000,8.000
1.350720000,41.141770000,8.000
1.350840000,41.142070000,9.000
1.351030000,41.142730000,10.000
1.351120000,41.143060000,12.000
1.351240000,41.143380000,14.000
1.351420000,41.143780000,15.000
1.351710000,41.144270000,16.000
1.351860000,41.144470000,17.000
1.352340000,41.145040000,17.000
1.352650000,41.145330000,18.000
1.353210000,41.145790000,18.000
1.353660000,41.146080000,18.000
1.353880000,41.146200000,18.000
1.354520000,41.146480000,18.000
1.355420000,41.146840000,18.000
1.355680000,41.146920000,18.000
1.356960000,41.147210000,19.000
1.357590000,41.147380000,18.000
1.358050000,41.147500000,18.000
1.358790000,41.147730000,17.000
1.359150000,41.147870000,16.000
1.359960000,41.148220000,14.000
1.360720000,41.148590000,14.000
1.361310000,41.148890000,13.000
1.361950000,41.149180000,13.000
1.363450000,41.149720000,14.000
1.364110000,41.150000000,14.000
1.364360000,41.150110000,14.000
1.364720000,41.150310000,14.000
1.365130000,41.150580000,14.000
1.365220000,41.150660000,14.000
1.365700000,41.151060000,14.000
1.365950000,41.151300000,14.000
1.366160000,41.151550000,14.000
1.366500000,41.152010000,14.000
1.366810000,41.152490000,15.000
1.366810000,41.152490000,15.000
1.366970000,41.152730000,15.000
1.367210000,41.153060000,16.000
1.367530000,41.153440000,17.000
1.367790000,41.153710000,18.000
1.368140000,41.154040000,19.000
1.368640000,41.154430000,21.000
1.369110000,41.154770000,23.000
1.369780000,41.155140000,25.000
1.370480000,41.155460000,28.000
1.371030000,41.155670000,30.000
1.371630000,41.155850000,31.000
1.372330000,41.156020000,32.000
1.373050000,41.156150000,33.000
1.373790000,41.156220000,34.000
1.374220000,41.156240000,34.000
1.375160000,41.156240000,35.000
1.375590000,41.156200000,36.000
1.376530000,41.156090000,38.000
1.376990000,41.156000000,39.000
1.378440000,41.155680000,40.000
1.379140000,41.155550000,40.000
1.379880000,41.155470000,41.000
1.380630000,41.155450000,42.000
1.381410000,41.155470000,43.000
1.382020000,41.155530000,44.000
1.382370000,41.155580000,45.000
1.383140000,41.155730000,46.000
1.383800000,41.155910000,47.000
1.384350000,41.156100000,48.000
1.384780000,41.156270000,48.000
1.385310000,41.156500000,48.000
1.386900000,41.157290000,46.000
1.387870000,41.157690000,43.000
1.388630000,41.157940000,41.000
1.389050000,41.158060000,39.000
1.389570000,41.158190000,37.000
1.390220000,41.158320000,37.000
1.390990000,41.158450000,38.000
1.392950000,41.158730000,41.000
1.393680000,41.158850000,43.000
1.394860000,41.159100000,45.000
1.395380000,41.159230000,47.000
1.397220000,41.159770000,48.000
1.402260000,41.161420000,46.000
1.403270000,41.161710000,43.000
1.404160000,41.161930000,40.000
1.405030000,41.162080000,36.000
1.405680000,41.162170000,34.000
1.406320000,41.162230000,32.000
1.407270000,41.162270000,32.000
1.407880000,41.162280000,32.000
1.408710000,41.162250000,33.000
1.409410000,41.162190000,36.000
1.409950000,41.162120000,38.000
1.410510000,41.162040000,41.000
1.411890000,41.161800000,43.000
1.413750000,41.161400000,44.000
1.415040000,41.161070000,43.000
1.416370000,41.160690000,41.000
1.416710000,41.160600000,40.000
1.417270000,41.160420000,38.000
1.417590000,41.160320000,37.000
1.420310000,41.159390000,33.000
1.421050000,41.159130000,30.000
1.421710000,41.158870000,27.000
1.422070000,41.158720000,24.000
1.422980000,41.158270000,21.000
1.423660000,41.157870000,19.000
1.424600000,41.157250000,16.000
1.425170000,41.156890000,14.000
1.425770000,41.156590000,13.000
1.426070000,41.156460000,11.000
1.426610000,41.156260000,10.000
1.427310000,41.156100000,9.000
1.427790000,41.155990000,8.000
1.427970000,41.155880000,7.000
1.428040000,41.155800000,6.000
1.428140000,41.155740000,5.000
1.428230000,41.155710000,5.000
1.428340000,41.155700000,4.000
1.428440000,41.155720000,4.000
1.428560000,41.155760000,4.000
1.428640000,41.155830000,3.000
1.428690000,41.155920000,3.000
1.428700000,41.156010000,3.000
1.428940000,41.156150000,2.000
1.429300000,41.156270000,2.000
1.429920000,41.156500000,2.000
1.430200000,41.156630000,2.000
1.430450000,41.156770000,2.000
1.430890000,41.157040000,2.000
1.433140000,41.158290000,3.000
1.433260000,41.158350000,4.000
1.433980000,41.158760000,4.000
1.434300000,41.158980000,5.000
1.434390000,41.159060000,5.000
1.434400000,41.159110000,5.000
1.434350000,41.159080000,5.000
1.434270000,41.159020000,5.000
1.433710000,41.158710000,5.000
1.433530000,41.158610000,5.000
1.433530000,41.158610000,5.000
1.431940000,41.157720000,6.000
1.431210000,41.157280000,6.000
1.430890000,41.157040000,6.000
1.433140000,41.158290000,6.000
1.433260000,41.158350000,6.000
1.433980000,41.158760000,6.000
1.434330000,41.158950000,6.000
1.434850000,41.159310000,6.000
1.435160000,41.159620000,7.000
1.435530000,41.159970000,7.000
1.435680000,41.160160000,7.000
1.435790000,41.160270000,7.000
1.436300000,41.160740000,7.000
1.436580000,41.160960000,7.000
1.436910000,41.161180000,7.000
1.437120000,41.161300000,7.000
1.437590000,41.161500000,8.000
1.437840000,41.161590000,8.000
1.438270000,41.161710000,8.000
1.438860000,41.161860000,8.000
1.439340000,41.161980000,8.000
1.439700000,41.162070000,8.000
1.439960000,41.162140000,8.000
1.440020000,41.162150000,9.000
1.440680000,41.162310000,9.000
1.441560000,41.162530000,9.000
1.442920000,41.162840000,9.000
1.443350000,41.162960000,9.000
1.445580000,41.163800000,10.000
1.447360000,41.164480000,9.000
1.447730000,41.164610000,9.000
1.449620000,41.165330000,9.000
1.450100000,41.165510000,9.000
1.451390000,41.165970000,8.000
1.451780000,41.166110000,8.000
1.452180000,41.166230000,8.000
1.452470000,41.166300000,7.000
1.452530000,41.166310000,7.000
1.454660000,41.166710000,7.000
1.455040000,41.166790000,8.000
1.456710000,41.167270000,8.000
1.457630000,41.167560000,8.000
1.457880000,41.167630000,8.000
1.458260000,41.167730000,7.000
1.458500000,41.167770000,7.000
1.458610000,41.167740000,7.000
1.458740000,41.167760000,7.000
1.458810000,41.167790000,7.000
1.458850000,41.167830000,7.000
1.458890000,41.167900000,7.000
1.459580000,41.168190000,6.000
1.460310000,41.168450000,6.000
1.460380000,41.168480000,6.000
1.461890000,41.169030000,7.000
1.462610000,41.169300000,8.000
1.462780000,41.169350000,9.000
1.463450000,41.169660000,9.000
1.463680000,41.169810000,10.000
1.464240000,41.170170000,10.000
1.464630000,41.170420000,10.000
1.464830000,41.170530000,10.000
1.465100000,41.170710000,10.000
1.465440000,41.170980000,10.000
1.465800000,41.171210000,10.000
1.465870000,41.171260000,10.000
1.465950000,41.171310000,10.000
1.466250000,41.171490000,10.000
1.466280000,41.171510000,10.000
1.467230000,41.172110000,10.000
1.467420000,41.172230000,11.000
1.468460000,41.172780000,11.000
1.468870000,41.172970000,12.000
1.469280000,41.173180000,13.000
1.469540000,41.173390000,14.000
1.469550000,41.173400000,14.000
1.469700000,41.173530000,15.000
1.469750000,41.173560000,15.000
1.470510000,41.174160000,16.000
1.470680000,41.174260000,17.000
1.472230000,41.175240000,19.000
1.472940000,41.175690000,22.000
1.473970000,41.176320000,24.000
1.474300000,41.176470000,26.000
1.474640000,41.176560000,28.000
1.475040000,41.176640000,28.000
1.475560000,41.176720000,28.000
1.476470000,41.176880000,28.000
1.477070000,41.176980000,28.000
1.478360000,41.177180000,27.000
1.478840000,41.177260000,27.000
1.480240000,41.177480000,26.000
1.480850000,41.177550000,26.000
1.482730000,41.177680000,24.000
1.483110000,41.177710000,23.000
1.488420000,41.178030000,22.000
1.488530000,41.178010000,21.000
1.488990000,41.178040000,21.000
1.489320000,41.178030000,20.000
1.489490000,41.177980000,20.000
1.489650000,41.178010000,19.000
1.489710000,41.178050000,19.000
1.489920000,41.178110000,19.000
1.490210000,41.178130000,18.000
1.490290000,41.178160000,18.000
1.492410000,41.178320000,17.000
1.492520000,41.178330000,16.000
1.495820000,41.178600000,15.000
1.496010000,41.178610000,14.000
1.496770000,41.178670000,14.000
1.498090000,41.178780000,16.000
1.498720000,41.178860000,17.000
1.499260000,41.178990000,18.000
1.499750000,41.179170000,18.000
1.500250000,41.179370000,18.000
1.500950000,41.179660000,18.000
1.501200000,41.179760000,18.000
1.501780000,41.180000000,19.000
1.503510000,41.180720000,19.000
1.503760000,41.180820000,19.000
1.504660000,41.181190000,20.000
1.507370000,41.182310000,21.000
1.507790000,41.182490000,22.000
1.510250000,41.183700000,22.000
1.510710000,41.183970000,21.000
1.511530000,41.184500000,21.000
1.512280000,41.185030000,20.000
1.512900000,41.185450000,20.000
1.513230000,41.185660000,19.000
1.513610000,41.185870000,19.000
1.514140000,41.186170000,19.000
1.514210000,41.186210000,19.000
1.514290000,41.186260000,20.000
1.514450000,41.186350000,20.000
1.514480000,41.186370000,20.000
1.514570000,41.186420000,20.000
1.515210000,41.186770000,20.000
1.515300000,41.186810000,20.000
1.515370000,41.186860000,21.000
1.515680000,41.187020000,21.000
1.515990000,41.187200000,21.000
1.516540000,41.187500000,22.000
1.516650000,41.187550000,22.000
1.517120000,41.187820000,22.000
1.517440000,41.187980000,22.000
1.518510000,41.188600000,22.000
1.519120000,41.189000000,22.000
1.521340000,41.190550000,23.000
1.522720000,41.191640000,23.000
1.522830000,41.191720000,23.000
1.523640000,41.192410000,23.000
1.524140000,41.192810000,24.000
1.524710000,41.193330000,24.000
1.524980000,41.193640000,25.000
1.525020000,41.193680000,25.000
1.525070000,41.193690000,26.000
1.525150000,41.193780000,26.000
1.525250000,41.193850000,26.000
1.525350000,41.193900000,26.000
1.525510000,41.193930000,26.000
1.525690000,41.193930000,26.000
1.525870000,41.193950000,26.000
1.526070000,41.194020000,26.000
1.526150000,41.194070000,26.000
1.526290000,41.194190000,26.000
1.526380000,41.194340000,26.000
1.526410000,41.194420000,26.000
1.526420000,41.194580000,26.000
1.526400000,41.194660000,26.000
1.526300000,41.194830000,26.000
1.526140000,41.194970000,26.000
1.526150000,41.195320000,26.000
1.526490000,41.195790000,27.000
1.526680000,41.196050000,27.000
1.526930000,41.196420000,28.000
1.527520000,41.197300000,29.000
1.527660000,41.197560000,29.000
1.527900000,41.198290000,28.000
1.527920000,41.198350000,28.000
1.528080000,41.198880000,27.000
1.528110000,41.198950000,26.000
1.528150000,41.199070000,26.000
1.528190000,41.199160000,25.000
1.528260000,41.199300000,25.000
1.528300000,41.199370000,25.000
1.528370000,41.199510000,25.000
1.528560000,41.199890000,25.000
1.528710000,41.200130000,25.000
1.528990000,41.200680000,25.000
1.529700000,41.202020000,25.000
1.530050000,41.202700000,25.000
1.530610000,41.203760000,25.000
1.530650000,41.203830000,26.000
1.530930000,41.204370000,27.000
1.531100000,41.204690000,27.000
1.531460000,41.205370000,28.000
1.531500000,41.205430000,29.000
1.531630000,41.205690000,30.000
1.531810000,41.206030000,30.000
1.532030000,41.206380000,30.000
1.532240000,41.206650000,31.000
1.532630000,41.207000000,31.000
1.533100000,41.207310000,31.000
1.533670000,41.207610000,31.000
1.533870000,41.207690000,32.000
1.534100000,41.207770000,32.000
1.533830000,41.207750000,32.000
1.533710000,41.207750000,32.000
1.533640000,41.207780000,32.000
1.533510000,41.207890000,32.000
1.533400000,41.208090000,32.000
1.533330000,41.208450000,33.000
1.533340000,41.208620000,33.000
1.533450000,41.208930000,33.000
1.533620000,41.209280000,33.000
1.533690000,41.209560000,34.000
1.533750000,41.209680000,34.000
1.533840000,41.209840000,34.000
1.533950000,41.210040000,34.000
1.534610000,41.211300000,35.000
1.534850000,41.211900000,35.000
1.534890000,41.211960000,35.000
1.534890000,41.212180000,35.000
1.534920000,41.212250000,36.000
1.534910000,41.212290000,36.000
1.534940000,41.212500000,36.000
1.534950000,41.213030000,37.000
1.534790000,41.213840000,38.000
1.534760000,41.214210000,38.000
1.534800000,41.214210000,39.000
1.534860000,41.214250000,39.000
1.534870000,41.214330000,39.000
1.534800000,41.214380000,40.000
1.534860000,41.214490000,40.000
1.534990000,41.214630000,40.000
1.535110000,41.214770000,40.000
1.535310000,41.215020000,40.000
1.535420000,41.215170000,40.000
1.535500000,41.215340000,41.000
1.535500000,41.215410000,41.000
1.535580000,41.215980000,41.000
1.535630000,41.216110000,41.000
1.535850000,41.217150000,42.000
1.536030000,41.217880000,44.000
1.536120000,41.217890000,45.000
1.536150000,41.217950000,45.000
1.536110000,41.218000000,46.000
1.536070000,41.218010000,46.000
1.536150000,41.218190000,46.000
1.536240000,41.218400000,47.000
1.536310000,41.218550000,47.000
1.536360000,41.218670000,47.000
1.536430000,41.218800000,48.000
1.536640000,41.219190000,48.000
1.536750000,41.219390000,48.000
1.536890000,41.219630000,49.000
1.536920000,41.219690000,49.000
1.537020000,41.219850000,49.000
1.537030000,41.219880000,49.000
1.537330000,41.220400000,49.000
1.537480000,41.220680000,49.000
1.537510000,41.220820000,49.000
1.537530000,41.220940000,49.000
1.537550000,41.220990000,49.000
1.537820000,41.221350000,49.000
1.538030000,41.221470000,49.000
1.538060000,41.221500000,49.000
1.538060000,41.221500000,49.000
1.538320000,41.221730000,49.000
1.538510000,41.221830000,49.000
1.538830000,41.222090000,49.000
1.538880000,41.222140000,49.000
1.538960000,41.222250000,49.000
1.539260000,41.222440000,49.000
1.539330000,41.222490000,49.000
1.540110000,41.222820000,49.000
1.540710000,41.223050000,49.000
1.541220000,41.223260000,49.000
1.541400000,41.223240000,50.000
1.541460000,41.223210000,50.000
1.541510000,41.223090000,50.000
1.541470000,41.222790000,50.000
1.541500000,41.222460000,51.000
1.541560000,41.222160000,51.000
1.541660000,41.221910000,51.000
1.541610000,41.221890000,51.000
1.541560000,41.221840000,52.000
1.541550000,41.221780000,52.000
1.541600000,41.221700000,52.000
1.541710000,41.221680000,52.000
1.541810000,41.221710000,52.000
1.542000000,41.221510000,52.000
1.542760000,41.220620000,52.000
1.542760000,41.220500000,52.000
1.542740000,41.220420000,52.000
1.542720000,41.220390000,52.000
1.542720000,41.220350000,52.000
1.542770000,41.220300000,52.000
1.542840000,41.220280000,52.000
1.542900000,41.220280000,52.000
1.543120000,41.220180000,52.000
1.543350000,41.219900000,52.000
1.543350000,41.219900000,52.000
1.543800000,41.219370000,52.000
1.543960000,41.219170000,52.000
1.544520000,41.218530000,52.000
1.544730000,41.218210000,53.000
1.544800000,41.218110000,54.000
1.544990000,41.217800000,54.000
1.545150000,41.217440000,55.000
1.545160000,41.217270000,56.000
1.545140000,41.217190000,56.000
1.545070000,41.217040000,56.000
1.545020000,41.216940000,57.000
1.545040000,41.216840000,57.000
1.545090000,41.216780000,57.000
1.545160000,41.216740000,57.000
1.545340000,41.216580000,57.000
1.545450000,41.216460000,58.000
1.545510000,41.216350000,58.000
1.547290000,41.212320000,60.000
1.547490000,41.211820000,62.000
1.548050000,41.210520000,63.000
1.548060000,41.210400000,63.000
1.548100000,41.210340000,64.000
1.548200000,41.210280000,64.000
1.548260000,41.210260000,65.000
1.548350000,41.210260000,65.000
1.548410000,41.210260000,66.000
1.548590000,41.210230000,66.000
1.549230000,41.210000000,67.000
1.549360000,41.209920000,67.000
1.549470000,41.209830000,68.000
1.549610000,41.209680000,69.000
1.549950000,41.209040000,70.000
1.550080000,41.208810000,71.000
1.550180000,41.208670000,72.000
1.550310000,41.208570000,73.000
1.550520000,41.208420000,74.000
1.550520000,41.208420000,75.000
1.551000000,41.208100000,76.000
1.551400000,41.207840000,77.000
1.551850000,41.207540000,79.000
1.552300000,41.207280000,80.000
1.552960000,41.206950000,82.000
1.553750000,41.206630000,83.000
1.554600000,41.206370000,84.000
1.555150000,41.206250000,85.000
1.555930000,41.206120000,86.000
1.556310000,41.206070000,87.000
1.556650000,41.206050000,88.000
1.556990000,41.206040000,89.000
1.557440000,41.206010000,89.000
1.557750000,41.205990000,89.000
1.558160000,41.206010000,89.000
1.558620000,41.206040000,89.000
1.558950000,41.206080000,88.000
1.559260000,41.206090000,88.000
1.559480000,41.206060000,87.000
1.559750000,41.206000000,87.000
1.559780000,41.205980000,87.000
1.560050000,41.205890000,86.000
1.560480000,41.205620000,85.000
1.561130000,41.204820000,84.000
1.561460000,41.204390000,82.000
1.561530000,41.204260000,81.000
1.561550000,41.204100000,79.000
1.561510000,41.203950000,78.000
1.561190000,41.203330000,76.000
1.561020000,41.203140000,74.000
1.560910000,41.203110000,73.000
1.560870000,41.203080000,72.000
1.560830000,41.202960000,71.000
1.560860000,41.202920000,70.000
1.560910000,41.202880000,70.000
1.560990000,41.202860000,69.000
1.561040000,41.202860000,69.000
1.561280000,41.202740000,68.000
1.561470000,41.202600000,68.000
1.561670000,41.202510000,67.000
1.561780000,41.202480000,66.000
1.561900000,41.202460000,66.000
1.562200000,41.202440000,65.000
1.563780000,41.202380000,62.000
1.564050000,41.202350000,60.000
1.564350000,41.202290000,58.000
1.564580000,41.202220000,57.000
1.564770000,41.202130000,55.000
1.565030000,41.201980000,54.000
1.565240000,41.201810000,52.000
1.565400000,41.201650000,51.000
1.565530000,41.201500000,50.000
1.566440000,41.200340000,46.000
1.566720000,41.199970000,43.000
1.567230000,41.199330000,40.000
1.567930000,41.198450000,37.000
1.568210000,41.198100000,34.000
1.568210000,41.198100000,33.000
1.569000000,41.197120000,30.000
1.569640000,41.196320000,27.000
1.570750000,41.194950000,23.000
1.570910000,41.194750000,20.000
1.570980000,41.194660000,18.000
1.571700000,41.193790000,15.000
1.571950000,41.193480000,13.000
1.572080000,41.193360000,12.000
1.572330000,41.193020000,11.000
1.572380000,41.192960000,10.000
1.572440000,41.192910000,10.000
1.572570000,41.192880000,9.000
1.572690000,41.192880000,9.000
1.572770000,41.192920000,9.000
1.572950000,41.192940000,9.000
1.573360000,41.192950000,8.000
1.573400000,41.192950000,8.000
1.573700000,41.192940000,8.000
1.573930000,41.192920000,8.000
1.574160000,41.192880000,8.000
1.574350000,41.192820000,8.000
1.574600000,41.192720000,8.000
1.575060000,41.192490000,8.000
1.577100000,41.191440000,7.000
1.577570000,41.191200000,7.000
1.577830000,41.191070000,8.000
1.578140000,41.190930000,8.000
1.578390000,41.190850000,9.000
1.578660000,41.190800000,9.000
1.579050000,41.190760000,10.000
1.580200000,41.190730000,11.000
1.580570000,41.190770000,12.000
1.580810000,41.190820000,13.000
1.582130000,41.191190000,15.000
1.582500000,41.191280000,17.000
1.582810000,41.191340000,18.000
1.583320000,41.191390000,18.000
1.584840000,41.191390000,17.000
1.585090000,41.191410000,16.000
1.585310000,41.191460000,16.000
1.586650000,41.191910000,15.000
1.586840000,41.191970000,14.000
1.587470000,41.191960000,14.000
1.588300000,41.191950000,13.000
1.588420000,41.191950000,12.000
1.588560000,41.191950000,12.000
1.588820000,41.191950000,11.000
1.589390000,41.191940000,11.000
1.590010000,41.191950000,10.000
1.590960000,41.191950000,9.000
1.591970000,41.191950000,8.000
1.592300000,41.191940000,7.000
1.592300000,41.191940000,7.000
1.594130000,41.191920000,6.000
1.594250000,41.191910000,5.000
1.594520000,41.191910000,4.000
1.594700000,41.191910000,4.000
1.595070000,41.191930000,4.000
1.595500000,41.191950000,4.000
1.595900000,41.192000000,4.000
1.596220000,41.191980000,4.000
1.596340000,41.191940000,4.000
1.596400000,41.191940000,4.000
1.596470000,41.191960000,4.000
1.596560000,41.192030000,4.000
1.600020000,41.192110000,4.000
1.601330000,41.192150000,4.000
1.601660000,41.192190000,5.000
1.602030000,41.192270000,5.000
1.602270000,41.192330000,5.000
1.603290000,41.192590000,6.000
1.603400000,41.192610000,6.000
1.603600000,41.192660000,6.000
1.603810000,41.192720000,7.000
1.603880000,41.192730000,7.000
1.604340000,41.192850000,7.000
1.605140000,41.193050000,8.000
1.606190000,41.193310000,9.000
1.607210000,41.193550000,10.000
1.608490000,41.193780000,11.000
1.609450000,41.193940000,11.000
1.609940000,41.194000000,12.000
1.610180000,41.194030000,11.000
1.611380000,41.194120000,11.000
1.612850000,41.194230000,10.000
1.614410000,41.194330000,9.000
1.614490000,41.194270000,9.000
1.614570000,41.194260000,9.000
1.614670000,41.194320000,8.000
1.614850000,41.194380000,8.000
1.615000000,41.194400000,8.000
1.615130000,41.194420000,8.000
1.615590000,41.194530000,8.000
1.617460000,41.195120000,8.000
1.617940000,41.195270000,8.000
1.618160000,41.195310000,8.000
1.618240000,41.195270000,8.000
1.618270000,41.195260000,8.000
1.618340000,41.195260000,8.000
1.618420000,41.195280000,8.000
1.618480000,41.195320000,8.000
1.618500000,41.195350000,8.000
1.618530000,41.195410000,8.000
1.618590000,41.195460000,8.000
1.618760000,41.195530000,8.000
1.622680000,41.196780000,8.000
1.623270000,41.196930000,7.000
1.623780000,41.197000000,7.000
1.624280000,41.197050000,7.000
1.624360000,41.197050000,7.000
1.624550000,41.197030000,7.000
1.624600000,41.196990000,7.000
1.624660000,41.196970000,7.000
1.624750000,41.196970000,7.000
1.624840000,41.196990000,7.000
1.624880000,41.197020000,7.000
1.624920000,41.197070000,7.000
1.625070000,41.197130000,7.000
1.626060000,41.197230000,7.000
1.629450000,41.197620000,8.000
1.629710000,41.197670000,8.000
1.631470000,41.198070000,11.000
1.631560000,41.198080000,12.000
1.631740000,41.198070000,13.000
1.631760000,41.198060000,14.000
1.631850000,41.198050000,14.000
1.631970000,41.198080000,15.000
1.631990000,41.198110000,15.000
1.632140000,41.198220000,15.000
1.632250000,41.198260000,15.000
1.632640000,41.198340000,15.000
1.633050000,41.198450000,15.000
1.633190000,41.198480000,15.000
1.633470000,41.198530000,14.000
1.633570000,41.198530000,14.000
1.633820000,41.198550000,14.000
1.634210000,41.198610000,14.000
1.634910000,41.198680000,14.000
1.635040000,41.198690000,13.000
1.636470000,41.198750000,13.000
1.636910000,41.198770000,12.000
1.637010000,41.198780000,12.000
1.637520000,41.198800000,12.000
1.637980000,41.198820000,12.000
1.638160000,41.198830000,11.000
1.639210000,41.198880000,11.000
1.639480000,41.198860000,11.000
1.639570000,41.198780000,11.000
1.639720000,41.198750000,11.000
1.639860000,41.198780000,11.000
1.639960000,41.198860000,10.000
1.640000000,41.198960000,10.000
1.640150000,41.199000000,10.000
1.640300000,41.199030000,10.000
1.640960000,41.199240000,10.000
1.642140000,41.199660000,10.000
1.642200000,41.199680000,10.000
1.642330000,41.199720000,10.000
1.643020000,41.199960000,10.000
1.643290000,41.199900000,10.000
1.643420000,41.200090000,10.000
1.644000000,41.200280000,10.000
1.644190000,41.200340000,10.000
1.644510000,41.200450000,10.000
1.644900000,41.200560000,10.000
1.648140000,41.201630000,10.000
1.651170000,41.202300000,8.000
1.652710000,41.202640000,7.000
1.653320000,41.202780000,7.000
1.653720000,41.202880000,7.000
1.655000000,41.203160000,7.000
1.655280000,41.203230000,7.000
1.655610000,41.203300000,7.000
1.655980000,41.203380000,7.000
1.656330000,41.203460000,7.000
1.656420000,41.203460000,7.000
1.656500000,41.203440000,7.000
1.656540000,41.203400000,7.000
1.656680000,41.203360000,7.000
1.656790000,41.203360000,7.000
1.656900000,41.203410000,7.000
1.656960000,41.203490000,7.000
1.657230000,41.203630000,7.000
1.657570000,41.203740000,7.000
1.658030000,41.203850000,7.000
1.659250000,41.204130000,7.000
1.659880000,41.204270000,7.000
1.663470000,41.205090000,7.000
1.664560000,41.205330000,7.000
1.666000000,41.205670000,7.000
1.668260000,41.206240000,7.000
1.668460000,41.206300000,7.000
1.668620000,41.206340000,7.000
1.668870000,41.206400000,7.000
1.669340000,41.206480000,7.000
1.669900000,41.206630000,8.000
1.669970000,41.206640000,8.000
1.671590000,41.207060000,9.000
1.672270000,41.207230000,9.000
1.673130000,41.207440000,9.000
1.673220000,41.207470000,10.000
1.673830000,41.207620000,10.000
1.673860000,41.207630000,10.000
1.674190000,41.207710000,10.000
1.675190000,41.207950000,10.000
1.678550000,41.208780000,10.000
1.679450000,41.209020000,9.000
1.679640000,41.209070000,9.000
1.679890000,41.209080000,8.000
1.680090000,41.209080000,8.000
1.680210000,41.209010000,8.000
1.680360000,41.209000000,8.000
1.680430000,41.209010000,7.000
1.680560000,41.209090000,7.000
1.680800000,41.209120000,7.000
1.681080000,41.209120000,7.000
1.681390000,41.209090000,7.000
1.682740000,41.208850000,7.000
1.683380000,41.208730000,7.000
1.683610000,41.208700000,7.000
1.683900000,41.208690000,7.000
1.684250000,41.208700000,7.000
1.684600000,41.208750000,7.000
1.685450000,41.208890000,7.000
1.685810000,41.208960000,7.000
1.686240000,41.209020000,7.000
1.686310000,41.209040000,7.000
1.686640000,41.209130000,7.000
1.686700000,41.209140000,7.000
1.686900000,41.209180000,7.000
1.687490000,41.209290000,7.000
1.687670000,41.209320000,7.000
1.688470000,41.209480000,7.000
1.691290000,41.210020000,11.000
1.694230000,41.210280000,11.000
1.694400000,41.210290000,11.000
1.694420000,41.210300000,11.000
1.694590000,41.210310000,11.000
1.696520000,41.210480000,11.000
1.697720000,41.210590000,12.000
1.701620000,41.210930000,13.000
1.702580000,41.211010000,14.000
1.702870000,41.211040000,15.000
1.703270000,41.211070000,16.000
1.705900000,41.211300000,18.000
1.706130000,41.211330000,20.000
1.706330000,41.211390000,21.000
1.706390000,41.211430000,22.000
1.706520000,41.211530000,23.000
1.706580000,41.211590000,23.000
1.706640000,41.211710000,24.000
1.706760000,41.213050000,25.000
1.706780000,41.213230000,25.000
1.706780000,41.213240000,25.000
1.706830000,41.213950000,24.000
1.706870000,41.214410000,22.000
1.706930000,41.214580000,20.000
1.707010000,41.214750000,18.000
1.707110000,41.214870000,17.000
1.707210000,41.214940000,16.000
1.707380000,41.215060000,16.000
1.707770000,41.215270000,16.000
1.707920000,41.215360000,16.000
1.708030000,41.215420000,16.000
1.708420000,41.215640000,17.000
1.708720000,41.215790000,17.000
1.708790000,41.215830000,17.000
1.709000000,41.215950000,18.000
1.711350000,41.217220000,20.000
1.711350000,41.217220000,21.000
1.711710000,41.217410000,22.000
1.711750000,41.217410000,22.000
1.711890000,41.217490000,22.000
1.711900000,41.217510000,23.000
1.712150000,41.217640000,23.000
1.712730000,41.217910000,22.000
1.712760000,41.217920000,22.000
1.712780000,41.217920000,22.000
1.713100000,41.217940000,22.000
1.713140000,41.217920000,22.000
1.713240000,41.217910000,22.000
1.713320000,41.217930000,22.000
1.713380000,41.217980000,22.000
1.713400000,41.218080000,22.000
1.713580000,41.218150000,21.000
1.713610000,41.218180000,21.000
1.714640000,41.218490000,21.000
1.714720000,41.218510000,20.000
1.715940000,41.218870000,19.000
1.716160000,41.218940000,18.000
1.716230000,41.218960000,18.000
1.716470000,41.219030000,17.000
1.717340000,41.219290000,17.000
1.717400000,41.219310000,17.000
1.717790000,41.219420000,17.000
1.718770000,41.219700000,17.000
1.719050000,41.219750000,17.000
1.719420000,41.219780000,17.000
1.719870000,41.219750000,17.000
1.720820000,41.219600000,17.000
1.720870000,41.219600000,17.000
1.721040000,41.219570000,17.000
1.721240000,41.219440000,17.000
1.721320000,41.219390000,17.000
1.721430000,41.219370000,17.000
1.721520000,41.219410000,17.000
1.721550000,41.219440000,16.000
1.721560000,41.219450000,16.000
1.721580000,41.219480000,16.000
1.721780000,41.219580000,16.000
1.721960000,41.219620000,16.000
1.722420000,41.219750000,16.000
1.723320000,41.220020000,16.000
1.724350000,41.220320000,16.000
1.725040000,41.220530000,16.000
1.725780000,41.220750000,17.000
1.726520000,41.220960000,17.000
1.726610000,41.220990000,18.000
1.727150000,41.221150000,18.000
1.727790000,41.221340000,17.000
1.728290000,41.221490000,17.000
1.728860000,41.221660000,17.000
1.729440000,41.221840000,16.000
1.729870000,41.221960000,15.000
1.730340000,41.222100000,14.000
1.730920000,41.222280000,13.000
1.731910000,41.222570000,12.000
1.732060000,41.222630000,11.000
1.732430000,41.222840000,11.000
1.732590000,41.222970000,11.000
1.732660000,41.223050000,11.000
1.732770000,41.223170000,11.000
1.732850000,41.223310000,11.000
1.732940000,41.223530000,12.000
1.732990000,41.223790000,12.000
1.733020000,41.224130000,13.000
1.733070000,41.224890000,13.000
1.733100000,41.224910000,13.000
1.733120000,41.224980000,14.000
1.733160000,41.224990000,14.000
1.733230000,41.225050000,14.000
1.733250000,41.225080000,14.000
1.733240000,41.225150000,14.000
1.733220000,41.225190000,14.000
1.733260000,41.225320000,14.000
1.733320000,41.225410000,14.000
1.733450000,41.225610000,14.000
1.733530000,41.225680000,14.000
1.733750000,41.225720000,14.000
1.733920000,41.225870000,14.000
1.734370000,41.226260000,15.000
1.735190000,41.226960000,15.000
1.735480000,41.227210000,16.000
1.735600000,41.227270000,16.000
1.735610000,41.227300000,16.000
1.735630000,41.227270000,17.000
1.735710000,41.227240000,17.000
1.735710000,41.227240000,17.000
1.735630000,41.227270000,17.000
1.735610000,41.227300000,17.000
1.735610000,41.227400000,17.000
1.735640000,41.227480000,17.000
1.735900000,41.227690000,18.000
1.735950000,41.227740000,18.000
1.737660000,41.229180000,20.000
1.737690000,41.229210000,21.000
1.737810000,41.229310000,22.000
1.737980000,41.229420000,23.000
1.738260000,41.229570000,23.000
1.738280000,41.229570000,24.000
1.738400000,41.229600000,24.000
1.738450000,41.229630000,24.000
1.738480000,41.229680000,24.000
1.738490000,41.229730000,25.000
1.738490000,41.229750000,25.000
1.738530000,41.229810000,25.000
1.738660000,41.230000000,25.000
1.738800000,41.230170000,25.000
1.739270000,41.230550000,26.000
1.739500000,41.230690000,26.000
1.739840000,41.230850000,26.000
1.739970000,41.230900000,27.000
1.740080000,41.230960000,27.000
1.741310000,41.231510000,27.000
1.741920000,41.231790000,28.000
1.742220000,41.231930000,29.000
1.742590000,41.232000000,29.000
1.742660000,41.231980000,30.000
1.742800000,41.231990000,30.000
1.743100000,41.232140000,30.000
1.743140000,41.232190000,30.000
1.743230000,41.232320000,31.000
1.743380000,41.232410000,31.000
1.743690000,41.232550000,31.000
1.744750000,41.233030000,31.000
1.745240000,41.233250000,30.000
1.745490000,41.233370000,30.000
1.747360000,41.234220000,31.000
1.748850000,41.234890000,33.000
1.749090000,41.234970000,34.000
1.749200000,41.234950000,34.000
1.749330000,41.234990000,35.000
1.749380000,41.235100000,35.000
1.749550000,41.235220000,36.000
1.750600000,41.235700000,37.000
1.750690000,41.235750000,37.000
1.754210000,41.237330000,39.000
1.754310000,41.237350000,41.000
1.754400000,41.237330000,42.000
1.754470000,41.237330000,43.000
1.754560000,41.237380000,43.000
1.754600000,41.237480000,44.000
1.754650000,41.237530000,44.000
1.754910000,41.237650000,44.000
1.757270000,41.238730000,46.000
1.757450000,41.238800000,48.000
1.757530000,41.238810000,49.000
1.757630000,41.238820000,50.000
1.757680000,41.238880000,50.000
1.757810000,41.238980000,51.000
1.757970000,41.239040000,51.000
1.759240000,41.239620000,53.000
1.760040000,41.239980000,54.000
1.760140000,41.239980000,55.000
1.760280000,41.239960000,56.000
1.760440000,41.240010000,56.000
1.760560000,41.240070000,56.000
1.760780000,41.240120000,56.000
1.761980000,41.240230000,55.000
1.763850000,41.240370000,54.000
1.764110000,41.240330000,53.000
1.764610000,41.240130000,52.000
1.765740000,41.239370000,52.000
1.765900000,41.239180000,52.000
1.766320000,41.238870000,51.000
1.766520000,41.238750000,51.000
1.766660000,41.238680000,51.000
1.766870000,41.238600000,50.000
1.767060000,41.238570000,50.000
1.767360000,41.238570000,50.000
1.767480000,41.238600000,49.000
1.767660000,41.238660000,49.000
1.768120000,41.238830000,48.000
1.768900000,41.239110000,47.000
1.769080000,41.239130000,46.000
1.769250000,41.239110000,45.000
1.769420000,41.239050000,44.000
1.771630000,41.238100000,41.000
1.773270000,41.237400000,38.000
1.773270000,41.237400000,35.000
1.777750000,41.235470000,30.000
1.780750000,41.234190000,24.000
1.781060000,41.234060000,20.000
1.781210000,41.233980000,18.000
1.782480000,41.233440000,16.000
1.782770000,41.233310000,14.000
1.782990000,41.233220000,13.000
1.784400000,41.232620000,13.000
1.784550000,41.232540000,13.000
1.785000000,41.232360000,13.000
1.785180000,41.232300000,13.000
1.785340000,41.232260000,13.000
1.785600000,41.232140000,13.000
1.785640000,41.232100000,13.000
1.785690000,41.232000000,13.000
1.785790000,41.231920000,13.000
1.785860000,41.231900000,13.000
1.785950000,41.231890000,13.000
1.786050000,41.231900000,13.000
1.786130000,41.231930000,13.000
1.786190000,41.231980000,13.000
1.786240000,41.232040000,13.000
1.786260000,41.232110000,13.000
1.786250000,41.232180000,13.000
1.786290000,41.232280000,13.000
1.786390000,41.232400000,13.000
1.786650000,41.232590000,13.000
1.788370000,41.233730000,13.000
1.788500000,41.233680000,14.000
1.788580000,41.233670000,14.000
1.788720000,41.233720000,14.000
1.789200000,41.233290000,14.000
1.789200000,41.233290000,14.000
1.789260000,41.233230000,14.000
1.789500000,41.232980000,14.000
1.789640000,41.232790000,14.000
1.789710000,41.232600000,14.000
1.789730000,41.232460000,14.000
1.789710000,41.232190000,14.000
1.789630000,41.232000000,14.000
1.789470000,41.231770000,14.000
1.789100000,41.231470000,14.000
1.788990000,41.231410000,14.000
1.788570000,41.231120000,13.000
1.788420000,41.231000000,13.000
1.788290000,41.230870000,12.000
1.788130000,41.230660000,12.000
1.787880000,41.230200000,12.000
1.787770000,41.229860000,11.000
1.787760000,41.229600000,11.000
1.787800000,41.229280000,11.000
1.787830000,41.229120000,10.000
1.787830000,41.229120000,10.000
1.787890000,41.228830000,10.000
1.788110000,41.227620000,9.000
1.787960000,41.227510000,8.000
1.788090000,41.227390000,8.000
1.788050000,41.227210000,7.000
1.787940000,41.226890000,7.000
1.787710000,41.226440000,7.000
1.787580000,41.226170000,7.000
1.787550000,41.226040000,7.000
1.787600000,41.225880000,7.000
1.787700000,41.225700000,7.000
1.787700000,41.225690000,7.000
1.787700000,41.225690000,7.000
1.787810000,41.225540000,7.000
1.787840000,41.225500000,8.000
1.788020000,41.225330000,8.000
1.788110000,41.225300000,8.000
1.788200000,41.225370000,8.000
1.788370000,41.225500000,8.000
1.788610000,41.225730000,8.000
1.789210000,41.226410000,8.000
1.789300000,41.226500000,8.000
1.789510000,41.226720000,7.000
1.789510000,41.226720000,7.000
1.789980000,41.227200000,7.000
1.790820000,41.227830000,7.000
1.791730000,41.228380000,7.000
1.792750000,41.228920000,7.000
1.793620000,41.229360000,8.000
1.794690000,41.229890000,9.000
1.795990000,41.230480000,10.000
1.797310000,41.231070000,11.000
1.798340000,41.231520000,11.000
1.799760000,41.232150000,11.000
1.800880000,41.232610000,11.000
1.802420000,41.233200000,11.000
1.804160000,41.233810000,11.000
1.804190000,41.233830000,11.000
1.804110000,41.233970000,10.000
1.803940000,41.234240000,10.000
1.803650000,41.234720000,10.000
1.803590000,41.234830000,10.000
1.802950000,41.235940000,10.000
1.802600000,41.236510000,10.000
1.802460000,41.236750000,11.000
1.802530000,41.236810000,12.000
1.802530000,41.236890000,12.000
1.802950000,41.237010000,13.000
1.803170000,41.237080000,13.000
1.803170000,41.237080000,14.000
1.803400000,41.237150000,14.000
1.804050000,41.237350000,15.000
1.804800000,41.237570000,15.000
1.805090000,41.237660000,16.000
1.805360000,41.237740000,16.000
1.805460000,41.237770000,16.000
1.805690000,41.237850000,16.000
1.806160000,41.237980000,16.000
1.806450000,41.238080000,16.000
1.806930000,41.238230000,17.000
1.807030000,41.238260000,17.000
1.807090000,41.238310000,17.000
1.807090000,41.238410000,17.000
1.807000000,41.238480000,17.000
1.806860000,41.238660000,17.000
1.806690000,41.239220000,17.000
1.806660000,41.239310000,17.000
1.806580000,41.239560000,17.000
1.806510000,41.239760000,18.000
1.806280000,41.240430000,18.000
1.806280000,41.240430000,19.000
1.806010000,41.241200000,20.000
1.805970000,41.241430000,21.000
1.805980000,41.241460000,21.000
1.806070000,41.241480000,22.000
1.806220000,41.241480000,22.000
1.806790000,41.241380000,22.000
1.807290000,41.241210000,23.000
1.807770000,41.240990000,23.000
1.808730000,41.240550000,24.000
1.808730000,41.240550000,24.000
1.808750000,41.240540000,24.000
1.809180000,41.240420000,25.000
1.809570000,41.240340000,26.000
1.810000000,41.240210000,27.000
1.810340000,41.240060000,28.000
1.810560000,41.239970000,29.000
1.811050000,41.239670000,30.000
1.811210000,41.239490000,31.000
1.811340000,41.239320000,31.000
1.811410000,41.239230000,31.000
1.811520000,41.239090000,31.000
1.811600000,41.238990000,30.000
1.811660000,41.238950000,30.000
1.812090000,41.238860000,30.000
1.812320000,41.238820000,29.000
1.812600000,41.238830000,28.000
1.814050000,41.238880000,27.000
1.814690000,41.238910000,26.000
1.815240000,41.238930000,26.000
1.815530000,41.238940000,26.000
1.815530000,41.238940000,26.000
1.815540000,41.238940000,27.000
1.815810000,41.238950000,27.000
1.817270000,41.239010000,28.000
1.817440000,41.239020000,29.000
1.817600000,41.238980000,29.000
1.817630000,41.238920000,29.000
1.817650000,41.238900000,29.000
1.817740000,41.238860000,29.000
1.817780000,41.238860000,29.000
1.817870000,41.238890000,29.000
1.817920000,41.238950000,29.000
1.817920000,41.239010000,29.000
1.817980000,41.239050000,29.000
1.818090000,41.239060000,29.000
1.818670000,41.239070000,28.000
1.818900000,41.239140000,28.000
1.819060000,41.239220000,28.000
1.819480000,41.239590000,27.000
1.819550000,41.239650000,26.000
1.819680000,41.239730000,26.000
1.819770000,41.239750000,26.000
1.820050000,41.239760000,25.000
1.822160000,41.239360000,24.000
1.822230000,41.239350000,24.000
1.822560000,41.239220000,23.000
1.822620000,41.239110000,23.000
1.822720000,41.239060000,23.000
1.822870000,41.239050000,22.000
1.822990000,41.239100000,22.000
1.823210000,41.239120000,22.000
1.823430000,41.239120000,22.000
1.825500000,41.238740000,21.000
1.825990000,41.238670000,21.000
1.826340000,41.238550000,20.000
1.826860000,41.238310000,20.000
1.827460000,41.238060000,20.000
1.828200000,41.237750000,20.000
1.828660000,41.237560000,21.000
1.828840000,41.237520000,21.000
1.828940000,41.237510000,21.000
1.829180000,41.237520000,22.000
1.830150000,41.237650000,23.000
1.830240000,41.237630000,23.000
1.830410000,41.237510000,24.000
1.830490000,41.237430000,25.000
1.830540000,41.237410000,25.000
1.830670000,41.237410000,25.000
1.830790000,41.237450000,25.000
1.830830000,41.237490000,25.000
1.831000000,41.237550000,26.000
1.831100000,41.237560000,26.000
1.831280000,41.237540000,26.000
1.831610000,41.237450000,26.000
1.831760000,41.237400000,26.000
1.831870000,41.237340000,26.000
1.831980000,41.237190000,26.000
1.832140000,41.236730000,26.000
1.832210000,41.236630000,26.000
1.832280000,41.236590000,26.000
1.833020000,41.236320000,27.000
1.833270000,41.236250000,27.000
1.833460000,41.236240000,27.000
1.833940000,41.236260000,28.000
1.834140000,41.236240000,28.000
1.834560000,41.236160000,29.000
1.834990000,41.236150000,30.000
1.835320000,41.236130000,31.000
1.835530000,41.236150000,32.000
1.835650000,41.236210000,33.000
1.835700000,41.236240000,34.000
1.835740000,41.236310000,34.000
1.835780000,41.236620000,36.000
1.835860000,41.236820000,37.000
1.836040000,41.236980000,38.000
1.836100000,41.237010000,39.000
1.836200000,41.237030000,40.000
1.836310000,41.237020000,40.000
1.836390000,41.236980000,40.000
1.836450000,41.236940000,40.000
1.836840000,41.236490000,38.000
1.836970000,41.236360000,37.000
1.837790000,41.235860000,34.000
1.837910000,41.235820000,31.000
1.838040000,41.235800000,30.000
1.838780000,41.235810000,29.000
1.838780000,41.235810000,29.000
1.839430000,41.235830000,29.000
1.839770000,41.235760000,30.000
1.839930000,41.235790000,30.000
1.840010000,41.235820000,31.000
1.840060000,41.235860000,31.000
1.840270000,41.236220000,31.000
1.840380000,41.236300000,32.000
1.840500000,41.236330000,32.000
1.840690000,41.236320000,33.000
1.840960000,41.236230000,33.000
1.841120000,41.236200000,33.000
1.841310000,41.236210000,34.000
1.841420000,41.236240000,34.000
1.842700000,41.237010000,35.000
1.843180000,41.237320000,37.000
1.843300000,41.237370000,38.000
1.843430000,41.237380000,39.000
1.843590000,41.237330000,40.000
1.843650000,41.237300000,40.000
1.843680000,41.237250000,41.000
1.843720000,41.237150000,41.000
1.843730000,41.236980000,42.000
1.843800000,41.236740000,43.000
1.843770000,41.236640000,43.000
1.843710000,41.236580000,44.000
1.843410000,41.236370000,45.000
1.843360000,41.236310000,45.000
1.843210000,41.236020000,46.000
1.843190000,41.235890000,46.000
1.843220000,41.235820000,47.000
1.843340000,41.235740000,47.000
1.843430000,41.235720000,47.000
1.843840000,41.235690000,48.000
1.844760000,41.235620000,48.000
1.845000000,41.235620000,49.000
1.845270000,41.235670000,49.000
1.846300000,41.235960000,49.000
1.846440000,41.235980000,49.000
1.846560000,41.235960000,49.000
1.846800000,41.235830000,49.000
1.846890000,41.235790000,49.000
1.847120000,41.235750000,49.000
1.847540000,41.235740000,49.000
1.847900000,41.235700000,49.000
1.848020000,41.235710000,50.000
1.848340000,41.235810000,51.000
1.848500000,41.235790000,52.000
1.848890000,41.235560000,54.000
1.849020000,41.235520000,56.000
1.849130000,41.235530000,57.000
1.849200000,41.235550000,58.000
1.849320000,41.235630000,59.000
1.849440000,41.235790000,60.000
1.849560000,41.236000000,62.000
1.849660000,41.236110000,62.000
1.849800000,41.236160000,62.000
1.849910000,41.236160000,62.000
1.850080000,41.236100000,62.000
1.850190000,41.236010000,62.000
1.850350000,41.235730000,61.000
1.850460000,41.235560000,59.000
1.850560000,41.235450000,58.000
1.850720000,41.235330000,57.000
1.850920000,41.235280000,56.000
1.851450000,41.235300000,55.000
1.851820000,41.235370000,53.000
1.851920000,41.235370000,52.000
1.852050000,41.235330000,51.000
1.852140000,41.235290000,50.000
1.852320000,41.235040000,50.000
1.852410000,41.235010000,49.000
1.852540000,41.234990000,48.000
1.852690000,41.234980000,48.000
1.852880000,41.234990000,47.000
1.853440000,41.235120000,46.000
1.854100000,41.235300000,44.000
1.854760000,41.235500000,44.000
1.854820000,41.235540000,45.000
1.854880000,41.235620000,45.000
1.854860000,41.235790000,45.000
1.854820000,41.235920000,46.000
1.854600000,41.236240000,47.000
1.854600000,41.236310000,48.000
1.854630000,41.236350000,48.000
1.854750000,41.236450000,49.000
1.854860000,41.236470000,49.000
1.854970000,41.236470000,50.000
1.855080000,41.236450000,50.000
1.855250000,41.236370000,50.000
1.855360000,41.236340000,50.000
1.855450000,41.236330000,50.000
1.855940000,41.236400000,49.000
1.856030000,41.236400000,48.000
1.856720000,41.236220000,46.000
1.856890000,41.236240000,44.000
1.857310000,41.236330000,43.000
1.857400000,41.236330000,41.000
1.857800000,41.236200000,40.000
1.858710000,41.236110000,37.000
1.858860000,41.236150000,35.000
1.859070000,41.236280000,33.000
1.859140000,41.236310000,32.000
1.859220000,41.236330000,31.000
1.859550000,41.236340000,30.000
1.859630000,41.236360000,29.000
1.859700000,41.236390000,28.000
1.859790000,41.236450000,27.000
1.860470000,41.237000000,27.000
1.860550000,41.237080000,26.000
1.860610000,41.237220000,26.000
1.860620000,41.237320000,26.000
1.860490000,41.237680000,25.000
1.860480000,41.237760000,25.000
1.860500000,41.237880000,25.000
1.860590000,41.238010000,25.000
1.860740000,41.238140000,25.000
1.860870000,41.238320000,24.000
1.860930000,41.238460000,24.000
1.860960000,41.238590000,23.000
1.860990000,41.238800000,22.000
1.860970000,41.238890000,22.000
1.860860000,41.239110000,21.000
1.860590000,41.239470000,20.000
1.860470000,41.239660000,19.000
1.860460000,41.239800000,19.000
1.860480000,41.239860000,19.000
1.860600000,41.239980000,18.000
1.861220000,41.240300000,19.000
1.861710000,41.240510000,19.000
1.862280000,41.240690000,20.000
1.862750000,41.240860000,20.000
1.862950000,41.240920000,21.000
1.863140000,41.240930000,21.000
1.863360000,41.240900000,21.000
1.863580000,41.240820000,21.000
1.863770000,41.240720000,21.000
1.864200000,41.240430000,21.000
1.864310000,41.240310000,21.000
1.864560000,41.239960000,23.000
1.864680000,41.239870000,24.000
1.864740000,41.239830000,26.000
1.864820000,41.239820000,27.000
1.864920000,41.239810000,29.000
1.865030000,41.239830000,30.000
1.865140000,41.239870000,31.000
1.865270000,41.239950000,33.000
1.866260000,41.240810000,39.000
1.866370000,41.240880000,44.000
1.866480000,41.240920000,47.000
1.867140000,41.241030000,49.000
1.867390000,41.241170000,51.000
1.867560000,41.241290000,52.000
1.867660000,41.241420000,53.000
1.867670000,41.241560000,53.000
1.867360000,41.242350000,54.000
1.867350000,41.242470000,54.000
1.867420000,41.242730000,55.000
1.867350000,41.243000000,55.000
1.867180000,41.243540000,55.000
1.867170000,41.243610000,54.000
1.867180000,41.243680000,54.000
1.867230000,41.243770000,54.000
1.867300000,41.243850000,54.000
1.867440000,41.243920000,54.000
1.867630000,41.244000000,54.000
1.867700000,41.244010000,54.000
1.868420000,41.243980000,54.000
1.868530000,41.244000000,53.000
1.868650000,41.244040000,53.000
1.868700000,41.244090000,53.000
1.868730000,41.244180000,53.000
1.868700000,41.244300000,53.000
1.868420000,41.244740000,53.000
1.868390000,41.244820000,53.000
1.868410000,41.244910000,53.000
1.868480000,41.244960000,53.000
1.868540000,41.244990000,53.000
1.868630000,41.245000000,53.000
1.868740000,41.244990000,52.000
1.869400000,41.244780000,52.000
1.869850000,41.244640000,52.000
1.869960000,41.244580000,51.000
1.870500000,41.244110000,51.000
1.870620000,41.244020000,50.000
1.870790000,41.243990000,50.000
1.871030000,41.244030000,50.000
1.874150000,41.244910000,54.000
1.874280000,41.244960000,56.000
1.874500000,41.245120000,59.000
1.874640000,41.245200000,61.000
1.875390000,41.245360000,63.000
1.876110000,41.245770000,67.000
1.876260000,41.245820000,70.000
1.876370000,41.245850000,72.000
1.876650000,41.245810000,73.000
1.876780000,41.245810000,74.000
1.878760000,41.246280000,76.000
1.879890000,41.246610000,78.000
1.880020000,41.246700000,80.000
1.880290000,41.247030000,82.000
1.880350000,41.247080000,83.000
1.880520000,41.247120000,85.000
1.880920000,41.247130000,86.000
1.881140000,41.247160000,87.000
1.881900000,41.247460000,89.000
1.882100000,41.247600000,91.000
1.882270000,41.247810000,93.000
1.882330000,41.247860000,94.000
1.882400000,41.247890000,95.000
1.882550000,41.247910000,96.000
1.882890000,41.247810000,97.000
1.882980000,41.247800000,98.000
1.883070000,41.247810000,99.000
1.883210000,41.247840000,99.000
1.883310000,41.247900000,100.000
1.883610000,41.248220000,102.000
1.883720000,41.248290000,103.000
1.884040000,41.248460000,105.000
1.884200000,41.248490000,106.000
1.884320000,41.248490000,107.000
1.884320000,41.248490000,108.000
1.884430000,41.248480000,109.000
1.884600000,41.248490000,110.000
1.885040000,41.248650000,111.000
1.885260000,41.248670000,113.000
1.885760000,41.248670000,114.000
1.886030000,41.248710000,115.000
1.886460000,41.248780000,117.000
1.886600000,41.248820000,118.000
1.887050000,41.249020000,119.000
1.887190000,41.249040000,120.000
1.887820000,41.249090000,122.000
1.888600000,41.249090000,119.000
1.889340000,41.249230000,114.000
1.890100000,41.249340000,106.000
1.890280000,41.249380000,101.000
1.890340000,41.249430000,97.000
1.890370000,41.249500000,95.000
1.890370000,41.249560000,94.000
1.890350000,41.249590000,93.000
1.890270000,41.249690000,93.000
1.890090000,41.249810000,93.000
1.889840000,41.249890000,94.000
1.889730000,41.249940000,95.000
1.889650000,41.250010000,96.000
1.889350000,41.250400000,97.000
1.889310000,41.250470000,99.000
1.889290000,41.250690000,100.000
1.889250000,41.250790000,102.000
1.889110000,41.251020000,103.000
1.888850000,41.251220000,104.000
1.888570000,41.251420000,104.000
1.888490000,41.251500000,104.000
1.888430000,41.251610000,104.000
1.888430000,41.251670000,104.000
1.888440000,41.251730000,104.000
1.888480000,41.251790000,103.000
1.888560000,41.251830000,103.000
1.888650000,41.251860000,103.000
1.888740000,41.251870000,103.000
1.888900000,41.251830000,102.000
1.889560000,41.251440000,101.000
1.889790000,41.251280000,100.000
1.890230000,41.250940000,98.000
1.890440000,41.250810000,97.000
1.890550000,41.250790000,95.000
1.890680000,41.250780000,94.000
1.890980000,41.250810000,93.000
1.891130000,41.250870000,92.000
1.891220000,41.250970000,91.000
1.891520000,41.251550000,89.000
1.891710000,41.251860000,87.000
1.891740000,41.251950000,86.000
1.891740000,41.252020000,85.000
1.891660000,41.252380000,84.000
1.891590000,41.252660000,83.000
1.891540000,41.252910000,83.000
1.891560000,41.253030000,82.000
1.891600000,41.253070000,82.000
1.891730000,41.253110000,81.000
1.891830000,41.253100000,81.000
1.891900000,41.253070000,81.000
1.891970000,41.253010000,80.000
1.892270000,41.252720000,79.000
1.892420000,41.252590000,77.000
1.892530000,41.252520000,75.000
1.892670000,41.252450000,73.000
1.892830000,41.252410000,72.000
1.893020000,41.252400000,70.000
1.893200000,41.252440000,68.000
1.893350000,41.252510000,66.000
1.893920000,41.252930000,63.000
1.894160000,41.253060000,60.000
1.894420000,41.253150000,58.000
1.895430000,41.253400000,55.000
1.895530000,41.253410000,53.000
1.895650000,41.253390000,51.000
1.895930000,41.253290000,50.000
1.896150000,41.253260000,49.000
1.896260000,41.253280000,48.000
1.896570000,41.253420000,47.000
1.896660000,41.253440000,46.000
1.896760000,41.253440000,46.000
1.896840000,41.253420000,45.000
1.897080000,41.253310000,44.000
1.897160000,41.253290000,44.000
1.897500000,41.253290000,43.000
1.897690000,41.253260000,43.000
1.898430000,41.252910000,41.000
1.898580000,41.252860000,40.000
1.898720000,41.252830000,40.000
1.898990000,41.252840000,39.000
1.899410000,41.252950000,38.000
1.899710000,41.253080000,38.000
1.900160000,41.253420000,37.000
1.900770000,41.253900000,36.000
1.901310000,41.254340000,35.000
1.901920000,41.254880000,33.000
1.902360000,41.255230000,31.000
1.902950000,41.255750000,29.000
1.903160000,41.255940000,28.000
1.903290000,41.256100000,27.000
1.903340000,41.256310000,26.000
1.903320000,41.256650000,25.000
1.903300000,41.256940000,24.000
1.903320000,41.257120000,24.000
1.903410000,41.257270000,23.000
1.903480000,41.257340000,23.000
1.903610000,41.257430000,22.000
1.903790000,41.257520000,22.000
1.903870000,41.257550000,22.000
1.904050000,41.257580000,22.000
1.904160000,41.257580000,22.000
1.904290000,41.257560000,22.000
1.904460000,41.257520000,22.000
1.904590000,41.257460000,22.000
1.904760000,41.257320000,22.000
1.904830000,41.257250000,23.000
1.905070000,41.256940000,23.000
1.905290000,41.256670000,23.000
1.905850000,41.255980000,24.000
1.905990000,41.255880000,24.000
1.906210000,41.255770000,24.000
1.906370000,41.255730000,25.000
1.906540000,41.255700000,25.000
1.906740000,41.255700000,26.000
1.906980000,41.255720000,26.000
1.907640000,41.255890000,27.000
1.907980000,41.255960000,28.000
1.908420000,41.255960000,29.000
1.908520000,41.255960000,29.000
1.909260000,41.255920000,31.000
1.909480000,41.255920000,32.000
1.909610000,41.255940000,33.000
1.909960000,41.256060000,33.000
1.910180000,41.256180000,34.000
1.910740000,41.256540000,36.000
1.910930000,41.256640000,37.000
1.911220000,41.256710000,38.000
1.911570000,41.256690000,39.000
1.911700000,41.256680000,39.000
1.912240000,41.256670000,40.000
1.912350000,41.256680000,41.000
1.912620000,41.256740000,42.000
1.913230000,41.256980000,43.000
1.913440000,41.257020000,43.000
1.914660000,41.257060000,43.000
1.914870000,41.257110000,44.000
1.915070000,41.257190000,44.000
1.915530000,41.257410000,44.000
1.915980000,41.257630000,43.000
1.916470000,41.257890000,42.000
1.917610000,41.258280000,41.000
1.918110000,41.258530000,39.000
1.918540000,41.258780000,38.000
1.919900000,41.259530000,35.000
1.920090000,41.259640000,33.000
1.920210000,41.259750000,32.000
1.920280000,41.259880000,31.000
1.920310000,41.259990000,30.000
1.920290000,41.260230000,30.000
1.920260000,41.260480000,29.000
1.920260000,41.260620000,28.000
1.920280000,41.260740000,28.000
1.920330000,41.260850000,28.000
1.920440000,41.261020000,27.000
1.920580000,41.261140000,27.000
1.920730000,41.261260000,26.000
1.921250000,41.261650000,26.000
1.921620000,41.261850000,25.000
1.921900000,41.261910000,25.000
1.922030000,41.261920000,24.000
1.922140000,41.261910000,24.000
1.922380000,41.261880000,23.000
1.922440000,41.261870000,23.000
1.922580000,41.261800000,23.000
1.923310000,41.261400000,22.000
1.923500000,41.261310000,22.000
1.923660000,41.261280000,21.000
1.923930000,41.261260000,21.000
1.924320000,41.261320000,21.000
1.926070000,41.261720000,22.000
1.926670000,41.261920000,22.000
1.926830000,41.261960000,22.000
1.927190000,41.262000000,21.000
1.927500000,41.262030000,21.000
1.927670000,41.262090000,20.000
1.927770000,41.262140000,20.000
1.927810000,41.262230000,19.000
1.927950000,41.262350000,19.000
1.928050000,41.262360000,19.000
1.928110000,41.262370000,18.000
1.928170000,41.262430000,18.000
1.928220000,41.262530000,18.000
1.928220000,41.262610000,18.000
1.928190000,41.262720000,17.000
1.928110000,41.262820000,17.000
1.927990000,41.262950000,17.000
1.927960000,41.263060000,17.000
1.927990000,41.263200000,17.000
1.928070000,41.263260000,16.000
1.928240000,41.263330000,16.000
1.928370000,41.263350000,16.000
1.928800000,41.263360000,16.000
1.929390000,41.263380000,15.000
1.929390000,41.263380000,15.000
1.929430000,41.263380000,15.000
1.929790000,41.263330000,14.000
1.929890000,41.263290000,14.000
1.930250000,41.262680000,13.000
1.930280000,41.262620000,12.000
1.930330000,41.262530000,12.000
1.930370000,41.262460000,11.000
1.930470000,41.262420000,11.000
1.930560000,41.262440000,10.000
1.930620000,41.262490000,10.000
1.930940000,41.262590000,10.000
1.930970000,41.262590000,9.000
1.931200000,41.262660000,9.000
1.931200000,41.262660000,9.000
1.931600000,41.262770000,9.000
1.932050000,41.262860000,9.000
1.933160000,41.263040000,9.000
1.935900000,41.263480000,9.000
1.937960000,41.263800000,9.000
1.939210000,41.263990000,9.000
1.939980000,41.264080000,8.000
1.943950000,41.264490000,7.000
1.944470000,41.264540000,6.000
1.945490000,41.264640000,6.000
1.946850000,41.264770000,6.000
1.947800000,41.264860000,6.000
1.949980000,41.265020000,5.000
1.950180000,41.265030000,5.000
1.950180000,41.265030000,5.000
1.952020000,41.265150000,5.000
1.952390000,41.265170000,5.000
1.954150000,41.265200000,5.000
1.956050000,41.265250000,5.000
1.957110000,41.265270000,5.000
1.957220000,41.265260000,5.000
1.957330000,41.265280000,5.000
1.957580000,41.265470000,5.000
1.957650000,41.265530000,5.000
1.957840000,41.265580000,5.000
1.958780000,41.265610000,5.000
1.958890000,41.265650000,5.000
1.959980000,41.265670000,6.000
1.960980000,41.265690000,7.000
1.962290000,41.265720000,8.000
1.962650000,41.265730000,8.000
1.963490000,41.265750000,8.000
1.965330000,41.265790000,8.000
1.966700000,41.265780000,8.000
1.967940000,41.265770000,8.000
1.967970000,41.265770000,8.000
1.968190000,41.265750000,8.000
1.968560000,41.265780000,7.000
1.968630000,41.265770000,7.000
1.968780000,41.265770000,7.000
1.969080000,41.265790000,7.000
1.969400000,41.265840000,7.000
1.969510000,41.265850000,7.000
1.970610000,41.266080000,7.000
1.971370000,41.266170000,7.000
1.971810000,41.266170000,6.000
1.972230000,41.266140000,6.000
1.972850000,41.266060000,6.000
1.973860000,41.265820000,6.000
1.974510000,41.265690000,6.000
1.974820000,41.265660000,6.000
1.975100000,41.265650000,6.000
1.975100000,41.265650000,6.000
1.975490000,41.265630000,6.000
1.976240000,41.265610000,6.000
1.977490000,41.265580000,5.000
1.978070000,41.265570000,5.000
1.978790000,41.265550000,5.000
1.979140000,41.265540000,5.000
1.979350000,41.265530000,5.000
1.979880000,41.265570000,5.000
1.980050000,41.265600000,5.000
1.980200000,41.265660000,5.000
1.980990000,41.265950000,6.000
1.981280000,41.266010000,6.000
1.981800000,41.266070000,6.000
1.982230000,41.266070000,5.000
1.982550000,41.266060000,5.000
1.983100000,41.265990000,4.000
1.983440000,41.265910000,4.000
1.985030000,41.265330000,2.000
1.985370000,41.265230000,2.000
1.985960000,41.265210000,1.000
1.987050000,41.265210000,1.000
1.988910000,41.265200000,2.000
1.990720000,41.265190000,3.000
1.991070000,41.265280000,3.000
1.991160000,41.265320000,4.000
1.991410000,41.265500000,4.000
1.991440000,41.265480000,4.000
1.991670000,41.265630000,4.000
1.991780000,41.265660000,4.000
1.991840000,41.265660000,4.000
1.992030000,41.265620000,4.000
1.992230000,41.265510000,4.000
1.992290000,41.265480000,4.000
1.992680000,41.265260000,4.000
1.992980000,41.265210000,4.000
1.994930000,41.265210000,4.000
1.996760000,41.265240000,4.000
1.997250000,41.265250000,4.000
1.997250000,41.265250000,4.000
1.998090000,41.265260000,4.000
1.998860000,41.265300000,4.000
1.999050000,41.265340000,4.000
1.999360000,41.265490000,5.000
1.999930000,41.265790000,5.000
2.000170000,41.265880000,5.000
2.000390000,41.265950000,6.000
2.000610000,41.266000000,6.000
2.000890000,41.266010000,6.000
2.001130000,41.265990000,6.000
2.001600000,41.265870000,6.000
2.001630000,41.265850000,6.000
2.001970000,41.265630000,5.000
2.002050000,41.265550000,5.000
2.002070000,41.265520000,5.000
2.002100000,41.265500000,5.000
2.002230000,41.265430000,5.000
2.002290000,41.265420000,5.000
2.002530000,41.265420000,5.000
2.004750000,41.265480000,4.000
2.004860000,41.265490000,4.000
2.004940000,41.265530000,4.000
2.005120000,41.265590000,4.000
2.005240000,41.265640000,4.000
2.005480000,41.265810000,4.000
2.005740000,41.266010000,5.000
2.005970000,41.266100000,5.000
2.006600000,41.266260000,6.000
2.006600000,41.266260000,6.000
2.006910000,41.266340000,6.000
2.007520000,41.266540000,7.000
2.007780000,41.266660000,8.000
2.008260000,41.266920000,8.000
2.008220000,41.267200000,8.000
2.008140000,41.267490000,8.000
2.008040000,41.267730000,8.000
2.007950000,41.267850000,8.000
2.007780000,41.268160000,8.000
2.007700000,41.268450000,7.000
2.009290000,41.268550000,6.000
2.010480000,41.268640000,5.000
2.010520000,41.268640000,4.000
2.010900000,41.268670000,4.000
2.011300000,41.268720000,4.000
2.013510000,41.268920000,6.000
2.014630000,41.269000000,8.000
2.017390000,41.269270000,8.000
2.017630000,41.269290000,8.000
2.018240000,41.269350000,8.000
2.018630000,41.269390000,8.000
2.019360000,41.269460000,8.000
2.019640000,41.269450000,8.000
2.019660000,41.269440000,8.000
2.019750000,41.269420000,8.000
2.019810000,41.269440000,8.000
2.019840000,41.269460000,8.000
2.019850000,41.269510000,8.000
2.019830000,41.269550000,8.000
2.019810000,41.269570000,8.000
2.019760000,41.269790000,8.000
2.019750000,41.270080000,8.000
2.019740000,41.270650000,7.000
2.019740000,41.272010000,6.000
2.019730000,41.272170000,5.000
2.019780000,41.272430000,4.000
2.019780000,41.272500000,4.000
2.019760000,41.272510000,3.000
2.019710000,41.273120000,3.000
2.019710000,41.274120000,3.000
2.020080000,41.274040000,3.000
2.020080000,41.274040000,3.000
2.019710000,41.274120000,3.000
2.019700000,41.275540000,4.000
2.019700000,41.275580000,5.000
2.019690000,41.276590000,5.000
2.019690000,41.276690000,5.000
2.019670000,41.278200000,5.000
2.019660000,41.278380000,5.000
2.019580000,41.279020000,5.000
2.019510000,41.279440000,4.000
2.019500000,41.279520000,4.000
2.019390000,41.279960000,4.000
2.019280000,41.280300000,4.000
2.019010000,41.281060000,4.000
2.016710000,41.286670000,3.000
2.016650000,41.286830000,3.000
2.016630000,41.286880000,3.000
2.016470000,41.287270000,3.000
2.016410000,41.287390000,3.000
2.016170000,41.288000000,3.000
2.016160000,41.288090000,4.000
2.016160000,41.288130000,4.000
2.016110000,41.288160000,4.000
2.016070000,41.288230000,4.000
2.015940000,41.288550000,4.000
2.015100000,41.290640000,4.000
2.015000000,41.291110000,4.000
2.015000000,41.291190000,4.000
2.015020000,41.291250000,4.000
2.015100000,41.291350000,4.000
2.015120000,41.291430000,4.000
2.015240000,41.291600000,4.000
2.015460000,41.291830000,4.000
2.015670000,41.291950000,4.000
2.016410000,41.292400000,4.000
2.017190000,41.292860000,4.000
2.017530000,41.293060000,4.000
2.017830000,41.293210000,4.000
2.018260000,41.293360000,5.000
2.018980000,41.293570000,5.000
2.021170000,41.294180000,6.000
2.021250000,41.294210000,6.000
2.021650000,41.294350000,7.000
2.022410000,41.294640000,7.000
2.024100000,41.295320000,7.000
2.024310000,41.295400000,7.000
2.024380000,41.295420000,7.000
2.024380000,41.295420000,8.000
2.025460000,41.295840000,8.000
2.026680000,41.296320000,8.000
2.028230000,41.296920000,8.000
2.030740000,41.297900000,7.000
2.031630000,41.298290000,5.000
2.032260000,41.298550000,5.000
2.033460000,41.298990000,4.000
2.034280000,41.299280000,4.000
2.034570000,41.299280000,4.000
2.034720000,41.299260000,4.000
2.034850000,41.299240000,4.000
2.034940000,41.299260000,4.000
2.035010000,41.299300000,4.000
2.035090000,41.299380000,4.000
2.035100000,41.299410000,4.000
2.035100000,41.299490000,4.000
2.035070000,41.299570000,4.000
2.035020000,41.299620000,4.000
2.034950000,41.299650000,4.000
2.034870000,41.299670000,4.000
2.034470000,41.299880000,4.000
2.033880000,41.300560000,4.000
2.033310000,41.301300000,4.000
2.033260000,41.301380000,3.000
2.032750000,41.302340000,3.000
2.032550000,41.302550000,2.000
2.031980000,41.302980000,2.000
2.031660000,41.303270000,3.000
2.031160000,41.303800000,3.000
2.030440000,41.304490000,4.000
2.029940000,41.304980000,4.000
2.029940000,41.304980000,5.000
2.029730000,41.305180000,6.000
2.029320000,41.305600000,6.000
2.028110000,41.306730000,7.000
2.027710000,41.307100000,8.000
2.027590000,41.307210000,8.000
2.027630000,41.307230000,9.000
2.027660000,41.307300000,9.000
2.027650000,41.307370000,9.000
2.027590000,41.307430000,9.000
2.027500000,41.307460000,9.000
2.027460000,41.307450000,9.000
2.026520000,41.308560000,8.000
2.026280000,41.308850000,8.000
2.026190000,41.309020000,8.000
2.026220000,41.309100000,8.000
2.026170000,41.309160000,8.000
2.026100000,41.309190000,8.000
2.024960000,41.310330000,9.000
2.024780000,41.310510000,9.000
2.024400000,41.310900000,10.000
2.023470000,41.311850000,11.000
2.023410000,41.311880000,12.000
2.023420000,41.311900000,12.000
2.023390000,41.311950000,13.000
2.023360000,41.311980000,13.000
2.023310000,41.311990000,13.000
2.023310000,41.312080000,13.000
2.023260000,41.312170000,14.000
2.022900000,41.312640000,14.000
2.022820000,41.312710000,14.000
2.022730000,41.312730000,14.000
2.022740000,41.312750000,14.000
2.022760000,41.312820000,14.000
2.022720000,41.312890000,14.000
2.022680000,41.312910000,14.000
2.022530000,41.313100000,15.000
2.021170000,41.314840000,15.000
2.021030000,41.315030000,16.000
2.021030000,41.315030000,16.000
2.020920000,41.315180000,16.000
2.020830000,41.315290000,16.000
2.020610000,41.315570000,16.000
2.020570000,41.315530000,16.000
2.020500000,41.315470000,16.000
2.019350000,41.314330000,15.000
2.019260000,41.314230000,15.000
2.019260000,41.314230000,15.000
2.018920000,41.313880000,15.000
2.018790000,41.313800000,15.000
2.018500000,41.313510000,15.000
2.018180000,41.313190000,15.000
2.017100000,41.312130000,15.000
2.016640000,41.311660000,15.000
2.016180000,41.311210000,15.000
2.015830000,41.310860000,15.000
2.014310000,41.309330000,15.000
2.013560000,41.308580000,15.000
2.013320000,41.308350000,15.000
2.013240000,41.308290000,16.000
2.013110000,41.308260000,16.000
2.012960000,41.308230000,16.000
2.012920000,41.308240000,16.000
2.012850000,41.308210000,16.000
2.012730000,41.308120000,16.000
2.012630000,41.307970000,16.000
2.012630000,41.307950000,16.000
2.012500000,41.307950000,16.000
2.012350000,41.307800000,16.000
2.011500000,41.306970000,17.000
2.011330000,41.306790000,17.000
2.011240000,41.306650000,17.000
2.011200000,41.306590000,17.000
2.010280000,41.306550000,17.000
2.010280000,41.306550000,17.000
2.008300000,41.306460000,18.000
2.008280000,41.306460000,18.000
2.007920000,41.306440000,19.000
2.007690000,41.306470000,19.000
2.007460000,41.306580000,19.000
2.006910000,41.306960000,20.000
2.006580000,41.307210000,21.000
2.006180000,41.307580000,23.000
2.006030000,41.307740000,24.000
2.005590000,41.308290000,25.000
2.005600000,41.308310000,26.000
2.005570000,41.308370000,27.000
2.005560000,41.308380000,28.000
2.005500000,41.308390000,28.000
2.005440000,41.308350000,28.000
2.005440000,41.308290000,29.000
2.005330000,41.308260000,29.000
2.004510000,41.308030000,29.000
2.004480000,41.308030000,30.000
2.004340000,41.308010000,30.000
2.004230000,41.307970000,30.000
2.002950000,41.307610000,31.000
2.002180000,41.307390000,31.000
2.002010000,41.307360000,31.000
2.001370000,41.307190000,30.000
2.000320000,41.306880000,29.000
1.999530000,41.306650000,28.000
1.999370000,41.306610000,28.000
1.999370000,41.306610000,27.000
1.998760000,41.306430000,27.000
1.997970000,41.306210000,26.000
1.997180000,41.305980000,26.000
1.996370000,41.305750000,27.000
1.995850000,41.305600000,28.000
1.995560000,41.305510000,29.000
1.994940000,41.305330000,31.000
1.994200000,41.305120000,32.000
1.993750000,41.306060000,34.000
1.993750000,41.306170000,36.000
1.993750000,41.306250000,37.000
1.993710000,41.306290000,38.000
1.993630000,41.306320000,39.000
1.993500000,41.306490000,40.000
1.993270000,41.306760000,41.000
1.993190000,41.306830000,42.000
1.992730000,41.307150000,43.000
1.992410000,41.307300000,45.000
1.991730000,41.307550000,47.000
1.991330000,41.307680000,49.000
1.991080000,41.307780000,51.000
1.990940000,41.307860000,53.000
1.990920000,41.307890000,54.000
1.990860000,41.307940000,55.000
1.990770000,41.307970000,56.000
1.990680000,41.307980000,56.000
1.990530000,41.307940000,57.000
1.990260000,41.307860000,58.000
1.990000000,41.307770000,59.000
1.989920000,41.307720000,60.000
1.989700000,41.307590000,61.000
1.989470000,41.307390000,63.000
1.988930000,41.306810000,66.000
1.988800000,41.306720000,69.000
1.988710000,41.306680000,71.000
1.988550000,41.306640000,72.000
1.988400000,41.306630000,74.000
1.988080000,41.306660000,76.000
1.987880000,41.306700000,78.000
1.987650000,41.306770000,79.000
1.987280000,41.306980000,82.000
1.987110000,41.307060000,84.000
1.986990000,41.307090000,85.000
1.985950000,41.307190000,87.000
1.985010000,41.307380000,91.000
1.984320000,41.307420000,94.000
1.984120000,41.307440000,96.000
1.983950000,41.307500000,98.000
1.983850000,41.307570000,99.000
1.983750000,41.307650000,101.000
1.983480000,41.308000000,103.000
1.983390000,41.308150000,104.000
1.983340000,41.308530000,106.000
1.983290000,41.308670000,108.000
1.983220000,41.308750000,110.000
1.983150000,41.308800000,111.000
1.983070000,41.308810000,112.000
1.982950000,41.308810000,112.000
1.982820000,41.308750000,113.000
1.982360000,41.308390000,114.000
1.982300000,41.308350000,115.000
1.982220000,41.308340000,116.000
1.982110000,41.308350000,117.000
1.982000000,41.308380000,117.000
1.981900000,41.308420000,118.000
1.981800000,41.308490000,118.000
1.981580000,41.308700000,119.000
1.981440000,41.308780000,120.000
1.981360000,41.308800000,121.000
1.981230000,41.308810000,121.000
1.980960000,41.308730000,122.000
1.980850000,41.308720000,123.000
1.980730000,41.308730000,123.000
1.980590000,41.308770000,124.000
1.980460000,41.308850000,124.000
1.980080000,41.309260000,125.000
1.979960000,41.309330000,126.000
1.979720000,41.309370000,127.000
1.979340000,41.309340000,127.000
1.978990000,41.309330000,128.000
1.978500000,41.309390000,129.000
1.975920000,41.309970000,138.000
1.975740000,41.310040000,144.000
1.975470000,41.310200000,148.000
1.975400000,41.310270000,151.000
1.975020000,41.310770000,153.000
1.974900000,41.310870000,155.000
1.974750000,41.310960000,157.000
1.974520000,41.311030000,158.000
1.973310000,41.311240000,160.000
1.973140000,41.311280000,162.000
1.972960000,41.311370000,164.000
1.972880000,41.311450000,165.000
1.972770000,41.311650000,167.000
1.972690000,41.311730000,168.000
1.972420000,41.311860000,170.000
1.972060000,41.311970000,172.000
1.971710000,41.312110000,175.000
1.971080000,41.312410000,178.000
1.970690000,41.312600000,181.000
1.968880000,41.313300000,186.000
1.968290000,41.313560000,192.000
1.968120000,41.313620000,196.000
1.967980000,41.313650000,199.000
1.967750000,41.313670000,202.000
1.967160000,41.313670000,206.000
1.966970000,41.313680000,209.000
1.966740000,41.313740000,211.000
1.966580000,41.313810000,214.000
1.966250000,41.314040000,216.000
1.966190000,41.314060000,218.000
1.966130000,41.314110000,219.000
1.966070000,41.314160000,220.000
1.965460000,41.314560000,222.000
1.965330000,41.314630000,224.000
1.965210000,41.314670000,225.000
1.965020000,41.314690000,227.000
1.964930000,41.314680000,228.000
1.964720000,41.314630000,229.000
1.964560000,41.314620000,230.000
1.964340000,41.314650000,230.000
1.963720000,41.314760000,232.000
1.963490000,41.314790000,233.000
1.963280000,41.314780000,234.000
1.963130000,41.314760000,235.000
1.962860000,41.314720000,236.000
1.962290000,41.314740000,237.000
1.961660000,41.314770000,239.000
1.961020000,41.314810000,241.000
1.960840000,41.314840000,243.000
1.960620000,41.314920000,245.000
1.960340000,41.315040000,246.000
1.960000000,41.315150000,248.000
1.959840000,41.315240000,249.000
1.959760000,41.315310000,250.000
1.959640000,41.315560000,252.000
1.959580000,41.315620000,253.000
1.959450000,41.315700000,254.000
1.959250000,41.315740000,255.000
1.958790000,41.315790000,257.000
1.958520000,41.315820000,259.000
1.958460000,41.315830000,260.000
1.958350000,41.315820000,261.000
1.958190000,41.315760000,263.000
1.957870000,41.315630000,264.000
1.957700000,41.315600000,266.000
1.957430000,41.315620000,267.000
1.957280000,41.315670000,269.000
1.956120000,41.316240000,272.000
1.955470000,41.316410000,276.000
1.954940000,41.316630000,279.000
1.954880000,41.316670000,282.000
1.954840000,41.316730000,283.000
1.954840000,41.316830000,284.000
1.954940000,41.316940000,285.000
1.955300000,41.317150000,285.000
1.955610000,41.317490000,286.000
1.955760000,41.317610000,286.000
1.956250000,41.317860000,286.000
1.956420000,41.318030000,286.000
1.956700000,41.318230000,286.000
1.957090000,41.318430000,286.000
1.957520000,41.318550000,286.000
1.957680000,41.318620000,286.000
1.957790000,41.318680000,286.000
1.957870000,41.318750000,286.000
1.957910000,41.318830000,286.000
1.957910000,41.318890000,286.000
1.957860000,41.318960000,286.000
1.957730000,41.319020000,286.000
1.957590000,41.319050000,286.000
1.957310000,41.319050000,286.000
1.957160000,41.319070000,286.000
1.957040000,41.319110000,286.000
1.956720000,41.319340000,286.000
1.956580000,41.319420000,286.000
1.956480000,41.319450000,286.000
1.956360000,41.319470000,286.000
1.956200000,41.319460000,287.000
1.956050000,41.319430000,287.000
1.955670000,41.319290000,287.000
1.955400000,41.319170000,287.000
1.955270000,41.319160000,287.000
1.954780000,41.319280000,288.000
1.954630000,41.319290000,288.000
1.954270000,41.319240000,289.000
1.954120000,41.319240000,290.000
1.953230000,41.319400000,293.000
1.953130000,41.319440000,295.000
1.953060000,41.319490000,296.000
1.953010000,41.319630000,297.000
1.953050000,41.319810000,299.000
1.953160000,41.319940000,300.000
1.953390000,41.320120000,301.000
1.953460000,41.320230000,303.000
1.953490000,41.320440000,304.000
1.953490000,41.320440000,305.000
1.953510000,41.320700000,307.000
1.953510000,41.320870000,308.000
1.953460000,41.320950000,309.000
1.953350000,41.321050000,310.000
1.952900000,41.321210000,312.000
1.952730000,41.321290000,313.000
1.952620000,41.321370000,315.000
1.952340000,41.321640000,316.000
1.952160000,41.321740000,318.000
1.952040000,41.321760000,319.000
1.951940000,41.321760000,320.000
1.951650000,41.321700000,320.000
1.951450000,41.321710000,321.000
1.951270000,41.321780000,322.000
1.951100000,41.321900000,323.000
1.951010000,41.322030000,324.000
1.950940000,41.322220000,325.000
1.950910000,41.322530000,326.000
1.950810000,41.322820000,328.000
1.950430000,41.323560000,331.000
1.950380000,41.323730000,334.000
1.950360000,41.324180000,337.000
1.950380000,41.324340000,339.000
1.950420000,41.324450000,341.000
1.950430000,41.324560000,343.000
1.950410000,41.324660000,344.000
1.950350000,41.324760000,345.000
1.950210000,41.324930000,346.000
1.949850000,41.325290000,348.000
1.949760000,41.325430000,350.000
1.949700000,41.325580000,351.000
1.949690000,41.325790000,352.000
1.949650000,41.325950000,353.000
1.949560000,41.325990000,354.000
1.949480000,41.326000000,355.000
1.949370000,41.325950000,356.000
1.949330000,41.325820000,358.000
1.949340000,41.325740000,359.000
1.949750000,41.324760000,363.000
1.949760000,41.324540000,367.000
1.949510000,41.324040000,372.000
1.949510000,41.323870000,376.000
1.949700000,41.322920000,381.000
1.949830000,41.322690000,385.000
1.949850000,41.322610000,388.000
1.949830000,41.322530000,390.000
1.949770000,41.322500000,391.000
1.949670000,41.322520000,393.000
1.949600000,41.322610000,394.000
1.949580000,41.322670000,395.000
1.949460000,41.323000000,396.000
1.949120000,41.323840000,398.000
1.949080000,41.324080000,399.000
1.949120000,41.324420000,401.000
1.949110000,41.324600000,402.000
1.949060000,41.324720000,403.000
1.949000000,41.324810000,404.000
1.948840000,41.325000000,405.000
1.948670000,41.325150000,406.000
1.948510000,41.325250000,407.000
1.948010000,41.325470000,408.000
1.947670000,41.325680000,410.000
1.947310000,41.325970000,411.000
1.947050000,41.326480000,412.000
1.946920000,41.326610000,412.000
1.946830000,41.326680000,412.000
1.946750000,41.326750000,411.000
1.946700000,41.326860000,411.000
1.946660000,41.326990000,411.000
1.946480000,41.327080000,410.000
1.946340000,41.327070000,410.000
1.946270000,41.327030000,409.000
1.946170000,41.327030000,409.000
1.945900000,41.327090000,409.000
1.945010000,41.327430000,407.000
1.944320000,41.327600000,406.000
1.943050000,41.327780000,404.000
1.940790000,41.328060000,400.000
1.940040000,41.328160000,397.000
1.939360000,41.328240000,395.000
1.938900000,41.328240000,393.000
1.938510000,41.328210000,392.000
1.938380000,41.328220000,391.000
1.938280000,41.328250000,390.000
1.938220000,41.328290000,389.000
1.938200000,41.328320000,389.000
1.938100000,41.328370000,389.000
1.938050000,41.328370000,389.000
1.937900000,41.328360000,389.000
1.937830000,41.328300000,388.000
1.937630000,41.328260000,388.000
1.937390000,41.328240000,388.000
1.936280000,41.328300000,388.000
1.935720000,41.328300000,388.000
1.935590000,41.328280000,388.000
1.935360000,41.328250000,388.000
1.935110000,41.328190000,388.000
1.933660000,41.327820000,388.000
1.932860000,41.327770000,388.000
1.931510000,41.327850000,387.000
1.931410000,41.327850000,387.000
1.931410000,41.327850000,387.000
1.931160000,41.327870000,386.000
1.928600000,41.328010000,385.000
1.928200000,41.328050000,383.000
1.927810000,41.328110000,382.000
1.927060000,41.328240000,380.000
1.926810000,41.328340000,379.000
1.926770000,41.328400000,378.000
1.926680000,41.328460000,377.000
1.926600000,41.328470000,376.000
1.926510000,41.328470000,376.000
1.926410000,41.328430000,376.000
1.926020000,41.328470000,375.000
1.925250000,41.328610000,374.000
1.924660000,41.328710000,373.000
1.923990000,41.328790000,373.000
1.923290000,41.328850000,372.000
1.922120000,41.328880000,371.000
1.921790000,41.328870000,371.000
1.920790000,41.328870000,370.000
1.920450000,41.328950000,370.000
1.920440000,41.328980000,370.000
1.920330000,41.329050000,370.000
1.920220000,41.329050000,369.000
1.920120000,41.329020000,369.000
1.920080000,41.328970000,369.000
1.919790000,41.328870000,369.000
1.919630000,41.328870000,369.000
1.918940000,41.328870000,369.000
1.918250000,41.328850000,368.000
1.917360000,41.328760000,369.000
1.915590000,41.328540000,371.000
1.914840000,41.328500000,373.000
1.914050000,41.328530000,374.000
1.913620000,41.328570000,375.000
1.913190000,41.328630000,375.000
1.912390000,41.328800000,375.000
1.911340000,41.329130000,373.000
1.910600000,41.329480000,371.000
1.910040000,41.329820000,369.000
1.909840000,41.329970000,368.000
1.908220000,41.331140000,365.000
1.907390000,41.331760000,363.000
1.906110000,41.332730000,360.000
1.905990000,41.332820000,359.000
1.905170000,41.333400000,357.000
1.904600000,41.333930000,357.000
1.904170000,41.334480000,356.000
1.903850000,41.334990000,356.000
1.903700000,41.335370000,356.000
1.903590000,41.335770000,356.000
1.903630000,41.335980000,356.000
1.903710000,41.335990000,357.000
1.903800000,41.336060000,357.000
1.903830000,41.336120000,357.000
1.903820000,41.336200000,357.000
1.903790000,41.336260000,357.000
1.903730000,41.336300000,357.000
1.903660000,41.336320000,357.000
1.903580000,41.336330000,357.000
1.903300000,41.336460000,357.000
1.903130000,41.336550000,357.000
1.902830000,41.336650000,357.000
1.902240000,41.336740000,357.000
1.901630000,41.336850000,356.000
1.900160000,41.337050000,356.000
1.899940000,41.337120000,355.000
1.899930000,41.337140000,355.000
1.899900000,41.337180000,355.000
1.899830000,41.337220000,354.000
1.899810000,41.337230000,354.000
1.899680000,41.337240000,354.000
1.899610000,41.337220000,354.000
1.899550000,41.337160000,354.000
1.899540000,41.337150000,354.000
1.899300000,41.337170000,354.000
1.899050000,41.337250000,354.000
1.898540000,41.337550000,354.000
1.898000000,41.337900000,355.000
1.897570000,41.338140000,356.000
1.896630000,41.338570000,358.000
1.896130000,41.338740000,359.000
1.895650000,41.338880000,360.000
1.895250000,41.338930000,360.000
1.894850000,41.338910000,361.000
1.894600000,41.338880000,362.000
1.894380000,41.338820000,362.000
1.893920000,41.338610000,363.000
1.892610000,41.337960000,361.000
1.892310000,41.337840000,360.000
1.891920000,41.337790000,359.000
1.891110000,41.337770000,357.000
1.890830000,41.337740000,356.000
1.890620000,41.337700000,355.000
1.890520000,41.337690000,354.000
1.890410000,41.337660000,353.000
1.888300000,41.337110000,352.000
1.887810000,41.336980000,350.000
1.887610000,41.336900000,350.000
1.887460000,41.336810000,349.000
1.887290000,41.336660000,348.000
1.886820000,41.336130000,348.000
1.886710000,41.336060000,347.000
1.886570000,41.336010000,347.000
1.886330000,41.335990000,346.000
1.886170000,41.335990000,346.000
1.885630000,41.336050000,346.000
1.885470000,41.336060000,346.000
1.885080000,41.335980000,346.000
1.884520000,41.335790000,346.000
1.884220000,41.335660000,346.000
1.883990000,41.335540000,346.000
1.883790000,41.335410000,346.000
1.883610000,41.335270000,346.000
1.883420000,41.335060000,345.000
1.883180000,41.334770000,344.000
1.882990000,41.334600000,343.000
1.882840000,41.334490000,343.000
1.882640000,41.334420000,342.000
1.882320000,41.334390000,341.000
1.881990000,41.334410000,340.000
1.881600000,41.334510000,339.000
1.881010000,41.334700000,338.000
1.880600000,41.334820000,337.000
1.880480000,41.334820000,336.000
1.880370000,41.334810000,336.000
1.880190000,41.334740000,335.000
1.879980000,41.334620000,334.000
1.879680000,41.334520000,334.000
1.879350000,41.334480000,334.000
1.877990000,41.334360000,334.000
1.877810000,41.334360000,334.000
1.877710000,41.334380000,334.000
1.877550000,41.334430000,335.000
1.877450000,41.334520000,335.000
1.876890000,41.335110000,335.000
1.876710000,41.335260000,335.000
1.876500000,41.335410000,335.000
1.876350000,41.335450000,335.000
1.876250000,41.335460000,334.000
1.876150000,41.335450000,334.000
1.875450000,41.335280000,332.000
1.875250000,41.335280000,331.000
1.874450000,41.335310000,329.000
1.874210000,41.335300000,328.000
1.873640000,41.335210000,326.000
1.873340000,41.335150000,324.000
1.873110000,41.335080000,322.000
1.872970000,41.335020000,321.000
1.872780000,41.334920000,320.000
1.872520000,41.334660000,318.000
1.872060000,41.334150000,316.000
1.871950000,41.334080000,315.000
1.871740000,41.333940000,314.000
1.871520000,41.333810000,313.000
1.871330000,41.333780000,313.000
1.870800000,41.333840000,313.000
1.870600000,41.333880000,313.000
1.870250000,41.333990000,313.000
1.869990000,41.334110000,313.000
1.869370000,41.334450000,314.000
1.869120000,41.334560000,314.000
1.868990000,41.334600000,314.000
1.868890000,41.334630000,314.000
1.867860000,41.334860000,315.000
1.867240000,41.334970000,315.000
1.866880000,41.334990000,315.000
1.866160000,41.334960000,315.000
1.865820000,41.334910000,314.000
1.865510000,41.334850000,314.000
1.865260000,41.334760000,313.000
1.864770000,41.334470000,312.000
1.864490000,41.334340000,311.000
1.863990000,41.334200000,310.000
1.863760000,41.334160000,309.000
1.863430000,41.334150000,309.000
1.863220000,41.334180000,308.000
1.863050000,41.334230000,307.000
1.862890000,41.334290000,307.000
1.862710000,41.334450000,306.000
1.862570000,41.334690000,305.000
1.862550000,41.334850000,305.000
1.862610000,41.335060000,304.000
1.863020000,41.335650000,305.000
1.863360000,41.336160000,305.000
1.863370000,41.336380000,305.000
1.863350000,41.336570000,306.000
1.863280000,41.336710000,306.000
1.863130000,41.336850000,306.000
1.862850000,41.337070000,305.000
1.862260000,41.337430000,304.000
1.862100000,41.337530000,303.000
1.862100000,41.337530000,302.000
1.861540000,41.337890000,301.000
1.861200000,41.338080000,300.000
1.860590000,41.338320000,299.000
1.859920000,41.338750000,298.000
1.859770000,41.338880000,298.000
1.859690000,41.339020000,297.000
1.859660000,41.339170000,297.000
1.859690000,41.339310000,296.000
1.860090000,41.340170000,295.000
1.860040000,41.340320000,294.000
1.859990000,41.340360000,293.000
1.859810000,41.340460000,293.000
1.859570000,41.340620000,292.000
1.859430000,41.340770000,292.000
1.858720000,41.341590000,292.000
1.858590000,41.341780000,292.000
1.858540000,41.341940000,292.000
1.858540000,41.342030000,292.000
1.858630000,41.342160000,292.000
1.858770000,41.342260000,292.000
1.858890000,41.342380000,292.000
1.858920000,41.342500000,292.000
1.858890000,41.342570000,292.000
1.858810000,41.342660000,292.000
1.858040000,41.343210000,292.000
1.857800000,41.343430000,291.000
1.857610000,41.343670000,291.000
1.857500000,41.343850000,291.000
1.857400000,41.344030000,290.000
1.857360000,41.344190000,289.000
1.857340000,41.344360000,289.000
1.857390000,41.344730000,288.000
1.857470000,41.344890000,287.000
1.857560000,41.344980000,286.000
1.857640000,41.345060000,285.000
1.858070000,41.345390000,284.000
1.858170000,41.345490000,283.000
1.858210000,41.345600000,282.000
1.858210000,41.345700000,282.000
1.858200000,41.345760000,282.000
1.858110000,41.345950000,281.000
1.857870000,41.346220000,281.000
1.857430000,41.346670000,280.000
1.857270000,41.346810000,280.000
1.857120000,41.346890000,279.000
1.856960000,41.346950000,279.000
1.856750000,41.347010000,278.000
1.856590000,41.347030000,277.000
1.856380000,41.347030000,276.000
1.856180000,41.347010000,275.000
1.855960000,41.346940000,274.000
1.855810000,41.346870000,273.000
1.855440000,41.346660000,272.000
1.854980000,41.346450000,270.000
1.854820000,41.346390000,269.000
1.854400000,41.346230000,268.000
1.854120000,41.346140000,268.000
1.853620000,41.346040000,268.000
1.853470000,41.346010000,268.000
1.853340000,41.346010000,269.000
1.852160000,41.346130000,269.000
1.850990000,41.346270000,269.000
1.850750000,41.346290000,269.000
1.850620000,41.346310000,269.000
1.849890000,41.346400000,269.000
1.848920000,41.346500000,268.000
1.848410000,41.346510000,268.000
1.848140000,41.346530000,267.000
1.847530000,41.346670000,266.000
1.847100000,41.346800000,265.000
1.847000000,41.346810000,265.000
1.846660000,41.346860000,264.000
1.846700000,41.346890000,264.000
1.846720000,41.346960000,263.000
1.846720000,41.347050000,263.000
1.846760000,41.347160000,263.000
1.847180000,41.348410000,264.000
1.847380000,41.348680000,265.000
1.847580000,41.348900000,266.000
1.847710000,41.349050000,266.000
1.848470000,41.349780000,267.000
1.848530000,41.349830000,267.000
1.848960000,41.350280000,268.000
1.849700000,41.351000000,268.000
1.850140000,41.351510000,269.000
1.850210000,41.351620000,269.000
1.850280000,41.352000000,269.000
1.850250000,41.352260000,269.000
1.850240000,41.352520000,269.000
1.850380000,41.352630000,269.000
1.850450000,41.352660000,269.000
1.851500000,41.353160000,270.000
1.851530000,41.353170000,271.000
1.852240000,41.353490000,271.000
1.852480000,41.353640000,272.000
1.852950000,41.353930000,272.000
1.853310000,41.354190000,273.000
1.853560000,41.354370000,274.000
1.854230000,41.355050000,275.000
1.854320000,41.355110000,275.000
1.854370000,41.355150000,276.000
1.855540000,41.355770000,278.000
1.856070000,41.355980000,281.000
1.856350000,41.356070000,283.000
1.856510000,41.356140000,284.000
1.857840000,41.356880000,288.000
1.858080000,41.356990000,292.000
1.858540000,41.357170000,295.000
1.858860000,41.357270000,297.000
1.859460000,41.357400000,299.000
1.859820000,41.357420000,300.000
1.860040000,41.357390000,300.000
1.860530000,41.357270000,301.000
1.860680000,41.357260000,301.000
1.860850000,41.357250000,301.000
1.861590000,41.357350000,301.000
1.861760000,41.357350000,301.000
1.862310000,41.357270000,301.000
1.862510000,41.357210000,301.000
1.862560000,41.357290000,300.000
1.862560000,41.357290000,300.000
1.862560000,41.357290000,300.000
1.862510000,41.357210000,300.000
1.863080000,41.357000000,299.000
1.863250000,41.356980000,299.000
1.863380000,41.356990000,299.000
1.863440000,41.357020000,298.000
1.863530000,41.357100000,298.000
1.863570000,41.357170000,298.000
1.863600000,41.357300000,298.000
1.863630000,41.357860000,300.000
1.863680000,41.358060000,302.000
1.863730000,41.358160000,303.000
1.863920000,41.358450000,305.000
1.863940000,41.358560000,306.000
1.863930000,41.358760000,308.000
1.863960000,41.358810000,309.000
1.864050000,41.358850000,310.000
1.864390000,41.358890000,312.000
1.864730000,41.358950000,313.000
1.864850000,41.358930000,314.000
1.865570000,41.358710000,315.000
1.865820000,41.358690000,316.000
1.865960000,41.358700000,317.000
1.866540000,41.358810000,318.000
1.866680000,41.358820000,319.000
1.866910000,41.358800000,320.000
1.867600000,41.358650000,321.000
1.868280000,41.358550000,323.000
1.868480000,41.358510000,324.000
1.868600000,41.358460000,325.000
1.868920000,41.358230000,326.000
1.869010000,41.358210000,327.000
1.869100000,41.358210000,328.000
1.869190000,41.358240000,328.000
1.869270000,41.358290000,329.000
1.869540000,41.358510000,329.000
1.869660000,41.358580000,330.000
1.869810000,41.358660000,330.000
1.870010000,41.358740000,330.000
1.870410000,41.358850000,331.000
1.870630000,41.358880000,331.000
1.870750000,41.358880000,332.000
1.870880000,41.358820000,332.000
1.870950000,41.358750000,332.000
1.870990000,41.358690000,333.000
1.871030000,41.358560000,333.000
1.871030000,41.358450000,333.000
1.871010000,41.358350000,333.000
1.870970000,41.358270000,334.000
1.870820000,41.358080000,334.000
1.870770000,41.357950000,335.000
1.870780000,41.357860000,335.000
1.870850000,41.357780000,336.000
1.870930000,41.357750000,336.000
1.871120000,41.357710000,337.000
1.871330000,41.357710000,337.000
1.871870000,41.357770000,338.000
1.871960000,41.357770000,339.000
1.872170000,41.357740000,339.000
1.872370000,41.357730000,340.000
1.872850000,41.357770000,341.000
1.873410000,41.357780000,342.000
1.873630000,41.357800000,343.000
1.874380000,41.357930000,345.000
1.875920000,41.358090000,347.000
1.876150000,41.358140000,349.000
1.876320000,41.358220000,351.000
1.876410000,41.358290000,352.000
1.876520000,41.358420000,352.000
1.876650000,41.358660000,353.000
1.876660000,41.358800000,354.000
1.876540000,41.359050000,355.000
1.876530000,41.359100000,355.000
1.876550000,41.359190000,355.000
1.876600000,41.359280000,356.000
1.876770000,41.359380000,356.000
1.877020000,41.359460000,357.000
1.877630000,41.359830000,358.000
1.878250000,41.360170000,360.000
1.878360000,41.360200000,362.000
1.878660000,41.360200000,363.000
1.878890000,41.360210000,364.000
1.879220000,41.360160000,366.000
1.879330000,41.360160000,367.000
1.879410000,41.360190000,367.000
1.879530000,41.360260000,368.000
1.879710000,41.360430000,369.000
1.879820000,41.360500000,369.000
1.879980000,41.360550000,369.000
1.880100000,41.360570000,370.000
1.880380000,41.360530000,370.000
1.880600000,41.360440000,370.000
1.880820000,41.360300000,371.000
1.881140000,41.360000000,371.000
1.881210000,41.359970000,372.000
1.881280000,41.359970000,372.000
1.881350000,41.359980000,373.000
1.881480000,41.360080000,373.000
1.881600000,41.360230000,374.000
1.881740000,41.360490000,374.000
1.881780000,41.360550000,375.000
1.881810000,41.360670000,375.000
1.881760000,41.361410000,377.000
1.881770000,41.361490000,378.000
1.881840000,41.361550000,379.000
1.881970000,41.361570000,380.000
1.882120000,41.361560000,381.000
1.882720000,41.361480000,382.000
1.882880000,41.361440000,384.000
1.882950000,41.361400000,385.000
1.883000000,41.361360000,386.000
1.883050000,41.361150000,388.000
1.883120000,41.360930000,389.000
1.883210000,41.360840000,390.000
1.883320000,41.360760000,391.000
1.883450000,41.360720000,393.000
1.883580000,41.360690000,394.000
1.883870000,41.360650000,395.000
1.884520000,41.360650000,396.000
1.884710000,41.360720000,396.000
1.885060000,41.360890000,396.000
1.885530000,41.361050000,397.000
1.885690000,41.361080000,397.000
1.885870000,41.361160000,397.000
1.886030000,41.361250000,397.000
1.886190000,41.361380000,397.000
1.886310000,41.361440000,397.000
1.886440000,41.361470000,397.000
1.886850000,41.361510000,398.000
1.887270000,41.361530000,399.000
1.887520000,41.361510000,401.000
1.887700000,41.361400000,402.000
1.887820000,41.361270000,403.000
1.887920000,41.361180000,404.000
1.888060000,41.361120000,405.000
1.888340000,41.361060000,406.000
1.888460000,41.361050000,407.000
1.888730000,41.361090000,408.000
1.889150000,41.361280000,408.000
1.889430000,41.361310000,409.000
1.889880000,41.361290000,410.000
1.890070000,41.361330000,410.000
1.890150000,41.361380000,411.000
1.890310000,41.361560000,411.000
1.890510000,41.361950000,411.000
1.890630000,41.362340000,412.000
1.890710000,41.362510000,413.000
1.890810000,41.362660000,414.000
1.890910000,41.362720000,414.000
1.891260000,41.362850000,415.000
1.891410000,41.362850000,415.000
1.891510000,41.362870000,416.000
1.891630000,41.362860000,416.000
1.891540000,41.362930000,417.000
1.891540000,41.362940000,417.000
1.891620000,41.363000000,417.000
1.892520000,41.363390000,418.000
1.893570000,41.363920000,421.000
1.894090000,41.364140000,423.000
1.896190000,41.364620000,428.000
1.896320000,41.364620000,430.000
1.896350000,41.364610000,432.000
1.896390000,41.364600000,433.000
1.896460000,41.364610000,434.000
1.896510000,41.364660000,434.000
1.896510000,41.364690000,434.000
1.896630000,41.364770000,434.000
1.897320000,41.365010000,433.000
1.897580000,41.365130000,432.000
1.897710000,41.365220000,431.000
1.898060000,41.365530000,429.000
1.898160000,41.365680000,428.000
1.898140000,41.366070000,426.000
1.898090000,41.366350000,424.000
1.898100000,41.366620000,422.000
1.898550000,41.367330000,418.000
1.898740000,41.367520000,414.000
1.899220000,41.367780000,411.000
1.899420000,41.367970000,407.000
1.899480000,41.368120000,405.000
1.899480000,41.368290000,403.000
1.899520000,41.368560000,400.000
1.899600000,41.368870000,398.000
1.899700000,41.369060000,395.000
1.899870000,41.369290000,392.000
1.900020000,41.369550000,389.000
1.900180000,41.370170000,384.000
1.900180000,41.370280000,380.000
1.900140000,41.370430000,376.000
1.899870000,41.370930000,371.000
1.899780000,41.371050000,368.000
1.899700000,41.371120000,365.000
1.899580000,41.371160000,363.000
1.899450000,41.371180000,362.000
1.899250000,41.371170000,361.000
1.899200000,41.371200000,360.000
1.899180000,41.371240000,359.000
1.899200000,41.371300000,358.000
1.899240000,41.371330000,358.000
1.899360000,41.371350000,357.000
1.899740000,41.371280000,357.000
1.900070000,41.371160000,355.000
1.900310000,41.371000000,354.000
1.900510000,41.370830000,353.000
1.900900000,41.370350000,349.000
1.901100000,41.369950000,345.000
1.901500000,41.369640000,339.000
1.901770000,41.369390000,334.000
1.901890000,41.369190000,330.000
1.901930000,41.368730000,325.000
1.901950000,41.368670000,322.000
1.902010000,41.368610000,320.000
1.902090000,41.368610000,319.000
1.902100000,41.368590000,317.000
1.902190000,41.368550000,316.000
1.902230000,41.368550000,316.000
1.902290000,41.368580000,315.000
1.902300000,41.368660000,315.000
1.902340000,41.368820000,314.000
1.902470000,41.369000000,313.000
1.902640000,41.369610000,310.000
1.902760000,41.369910000,307.000
1.903030000,41.370390000,303.000
1.903230000,41.370650000,298.000
1.903990000,41.371060000,292.000
1.904190000,41.371220000,287.000
1.904340000,41.371610000,284.000
1.904480000,41.372090000,280.000
1.904590000,41.372180000,278.000
1.904680000,41.372180000,276.000
1.904810000,41.372220000,274.000
1.904880000,41.372210000,273.000
1.904950000,41.372230000,273.000
1.904970000,41.372270000,272.000
1.904970000,41.372300000,272.000
1.905010000,41.372370000,271.000
1.905130000,41.372460000,271.000
1.906300000,41.372930000,271.000
1.906340000,41.372970000,271.000
1.906420000,41.373050000,271.000
1.906540000,41.373360000,272.000
1.906560000,41.373420000,272.000
1.906540000,41.373480000,272.000
1.906560000,41.373600000,273.000
1.906650000,41.373750000,273.000
1.906790000,41.373850000,273.000
1.907450000,41.374220000,272.000
1.907980000,41.374530000,271.000
1.908440000,41.375010000,270.000
1.908580000,41.375120000,269.000
1.908930000,41.375390000,267.000
1.909040000,41.375460000,266.000
1.909200000,41.375500000,265.000
1.909240000,41.375480000,264.000
1.909280000,41.375480000,264.000
1.909360000,41.375500000,263.000
1.909400000,41.375560000,263.000
1.909590000,41.375710000,262.000
1.909880000,41.375910000,261.000
1.910120000,41.376130000,260.000
1.910340000,41.376400000,258.000
1.910680000,41.376990000,258.000
1.910810000,41.377110000,257.000
1.910860000,41.377170000,257.000
1.910860000,41.377210000,257.000
1.910850000,41.377260000,257.000
1.910890000,41.377330000,256.000
1.912620000,41.377720000,257.000
1.912910000,41.377760000,257.000
1.913510000,41.377740000,255.000
1.913550000,41.377740000,255.000
1.913620000,41.377730000,254.000
1.913780000,41.377750000,253.000
1.913990000,41.377790000,252.000
1.913990000,41.377790000,252.000
1.914120000,41.377820000,251.000
1.914550000,41.378010000,250.000
1.914800000,41.378090000,249.000
1.915520000,41.378280000,247.000
1.915880000,41.378370000,245.000
1.917430000,41.378750000,241.000
1.918530000,41.379010000,238.000
1.918780000,41.379150000,235.000
1.918970000,41.379290000,233.000
1.919380000,41.379710000,231.000
1.919550000,41.379860000,229.000
1.919800000,41.380030000,228.000
1.920110000,41.380140000,226.000
1.920390000,41.380150000,225.000
1.920460000,41.380090000,224.000
1.920550000,41.380060000,224.000
1.920640000,41.380050000,224.000
1.920730000,41.380050000,224.000
1.920810000,41.380080000,224.000
1.920880000,41.380120000,224.000
1.920940000,41.380180000,224.000
1.920960000,41.380250000,224.000
1.920950000,41.380370000,224.000
1.920850000,41.380470000,224.000
1.920800000,41.380490000,225.000
1.920670000,41.380520000,225.000
1.920600000,41.380580000,225.000
1.920580000,41.380620000,225.000
1.920570000,41.380760000,226.000
1.920670000,41.380870000,226.000
1.920770000,41.380930000,226.000
1.921380000,41.381220000,227.000
1.922090000,41.381590000,226.000
1.922380000,41.381690000,224.000
1.922810000,41.381750000,222.000
1.923140000,41.381750000,220.000
1.923730000,41.381680000,217.000
1.924160000,41.381630000,215.000
1.924300000,41.381630000,214.000
1.924420000,41.381650000,213.000
1.924590000,41.381710000,212.000
1.924880000,41.381870000,211.000
1.925110000,41.381960000,211.000
1.925340000,41.382030000,210.000
1.926300000,41.382280000,210.000
1.926340000,41.382230000,209.000
1.926420000,41.382220000,209.000
1.926500000,41.382240000,209.000
1.926530000,41.382260000,209.000
1.926540000,41.382290000,209.000
1.926540000,41.382350000,209.000
1.927700000,41.382640000,209.000
1.928030000,41.382730000,210.000
1.928130000,41.382760000,210.000
1.928190000,41.382780000,211.000
1.928420000,41.382890000,211.000
1.928970000,41.383200000,210.000
1.929380000,41.383440000,210.000
1.930120000,41.383860000,208.000
1.930810000,41.384220000,206.000
1.931180000,41.384430000,204.000
1.931510000,41.384650000,202.000
1.931680000,41.384790000,201.000
1.931750000,41.384900000,199.000
1.931830000,41.385090000,198.000
1.931850000,41.385420000,196.000
1.931830000,41.385870000,194.000
1.931800000,41.386690000,193.000
1.931790000,41.386940000,191.000
1.931740000,41.388050000,190.000
1.931780000,41.388260000,188.000
1.931870000,41.388400000,187.000
1.932040000,41.388580000,186.000
1.932320000,41.388740000,185.000
1.932520000,41.388810000,184.000
1.933810000,41.389160000,182.000
1.934090000,41.389230000,180.000
1.934810000,41.389420000,178.000
1.935580000,41.389610000,177.000
1.936200000,41.389780000,175.000
1.936740000,41.389930000,173.000
1.937060000,41.390020000,171.000
1.937070000,41.390030000,170.000
1.937070000,41.390030000,169.000
1.937350000,41.390060000,168.000
1.937600000,41.390060000,167.000
1.938160000,41.389980000,166.000
1.939090000,41.389820000,164.000
1.939790000,41.389710000,162.000
1.940300000,41.389630000,160.000
1.940700000,41.389560000,158.000
1.941370000,41.389450000,156.000
1.943020000,41.389180000,153.000
1.943040000,41.389110000,151.000
1.943130000,41.389080000,149.000
1.943200000,41.389090000,148.000
1.943240000,41.389140000,147.000
1.944070000,41.388980000,147.000
1.944490000,41.388960000,146.000
1.944690000,41.388930000,145.000
1.944820000,41.388870000,145.000
1.945080000,41.388650000,145.000
1.945060000,41.388740000,144.000
1.945070000,41.388890000,144.000
1.945130000,41.389000000,144.000
1.945240000,41.389090000,144.000
1.945410000,41.389150000,144.000
1.945430000,41.389160000,144.000
1.945670000,41.389270000,145.000
1.946000000,41.389500000,145.000
1.946200000,41.389730000,145.000
1.946340000,41.389920000,146.000
1.946600000,41.390450000,146.000
1.946840000,41.391040000,146.000
1.947240000,41.391820000,145.000
1.947380000,41.392060000,144.000
1.947510000,41.392230000,143.000
1.947630000,41.392360000,142.000
1.947940000,41.392620000,142.000
1.948300000,41.392840000,141.000
1.948640000,41.393000000,140.000
1.949060000,41.393140000,139.000
1.949370000,41.393200000,138.000
1.950990000,41.393530000,137.000
1.951140000,41.393580000,135.000
1.951310000,41.393690000,134.000
1.951920000,41.394370000,132.000
1.952250000,41.394740000,129.000
1.952530000,41.395070000,127.000
1.952610000,41.395160000,125.000
1.952840000,41.395420000,124.000
1.952940000,41.395520000,124.000
1.953070000,41.395600000,123.000
1.953240000,41.395660000,123.000
1.953770000,41.395720000,124.000
1.954110000,41.395750000,124.000
1.955240000,41.395890000,125.000
1.956240000,41.396000000,125.000
1.956450000,41.396030000,125.000
1.957510000,41.396130000,124.000
1.957690000,41.396150000,124.000
1.958780000,41.396280000,123.000
1.959000000,41.396300000,123.000
1.959470000,41.396360000,123.000
1.959930000,41.396410000,123.000
1.960360000,41.396440000,123.000
1.961420000,41.396550000,123.000
1.963540000,41.396780000,121.000
1.964530000,41.396890000,118.000
1.964740000,41.396900000,116.000
1.964760000,41.396860000,115.000
1.964820000,41.396810000,114.000
1.964920000,41.396810000,113.000
1.964990000,41.396860000,113.000
1.965000000,41.396930000,112.000
1.965120000,41.396950000,111.000
1.965510000,41.397010000,110.000
1.966760000,41.397140000,108.000
1.967080000,41.397180000,106.000
1.968170000,41.397300000,103.000
1.968170000,41.397300000,101.000
1.969660000,41.397460000,98.000
1.969900000,41.397460000,95.000
1.970040000,41.397440000,93.000
1.970080000,41.397410000,91.000
1.970190000,41.397380000,90.000
1.970270000,41.397380000,89.000
1.970340000,41.397400000,88.000
1.970400000,41.397440000,87.000
1.970450000,41.397490000,87.000
1.970470000,41.397550000,86.000
1.970560000,41.397650000,85.000
1.970660000,41.397690000,85.000
1.970920000,41.397700000,84.000
1.971580000,41.397680000,82.000
1.971810000,41.397700000,80.000
1.972130000,41.397780000,78.000
1.972790000,41.398010000,77.000
1.973460000,41.398180000,77.000
1.974450000,41.398320000,77.000
1.974830000,41.398410000,77.000
1.979070000,41.398870000,75.000
1.980030000,41.398990000,72.000
1.980350000,41.398980000,70.000
1.982090000,41.399160000,68.000
1.982510000,41.399230000,67.000
1.982920000,41.399320000,66.000
1.983260000,41.399430000,65.000
1.984180000,41.399800000,64.000
1.984390000,41.399840000,64.000
1.984550000,41.399830000,64.000
1.984800000,41.399780000,63.000
1.985090000,41.399720000,63.000
1.985310000,41.399740000,63.000
1.985590000,41.399830000,62.000
1.985760000,41.399830000,62.000
1.985910000,41.399790000,62.000
1.985990000,41.399740000,61.000
1.986090000,41.399720000,61.000
1.986150000,41.399720000,61.000
1.986230000,41.399750000,61.000
1.986280000,41.399800000,60.000
1.986320000,41.399880000,60.000
1.986290000,41.399950000,60.000
1.986340000,41.400070000,60.000
1.986450000,41.400170000,60.000
1.986670000,41.400300000,59.000
1.986900000,41.400330000,58.000
1.987100000,41.400420000,58.000
1.987200000,41.400550000,57.000
1.987280000,41.400590000,57.000
1.987390000,41.400630000,56.000
1.988160000,41.400960000,55.000
1.988380000,41.401050000,54.000
1.989020000,41.401330000,53.000
1.992360000,41.402820000,51.000
1.992970000,41.403080000,50.000
1.992980000,41.403090000,49.000
1.993030000,41.403090000,48.000
1.993190000,41.403130000,47.000
1.993280000,41.403100000,47.000
1.993350000,41.403100000,47.000
1.993420000,41.403120000,46.000
1.993470000,41.403160000,46.000
1.993510000,41.403210000,46.000
1.993860000,41.403430000,46.000
1.994080000,41.403470000,46.000
1.994460000,41.403560000,45.000
1.995240000,41.403720000,45.000
1.995270000,41.403720000,44.000
1.996920000,41.404110000,44.000
1.997580000,41.404260000,43.000
1.999490000,41.404690000,42.000
1.999730000,41.404750000,41.000
2.001690000,41.405180000,38.000
2.002210000,41.405320000,36.000
2.002520000,41.405390000,34.000
2.003120000,41.405550000,32.000
2.003320000,41.405610000,31.000
2.003650000,41.405710000,31.000
2.005200000,41.406190000,30.000
2.008040000,41.407040000,29.000
2.008570000,41.407210000,28.000
2.009760000,41.407560000,27.000
2.011020000,41.407950000,25.000
2.012890000,41.408540000,26.000
2.012990000,41.408610000,26.000
2.013150000,41.408650000,26.000
2.014000000,41.408910000,26.000
2.014140000,41.408960000,27.000
2.014310000,41.409030000,27.000
2.014890000,41.409210000,27.000
2.015010000,41.409250000,28.000
2.015070000,41.409300000,28.000
2.015510000,41.409440000,28.000
2.015560000,41.409490000,28.000
2.015580000,41.409610000,28.000
2.015480000,41.409790000,28.000
2.015140000,41.410100000,28.000
2.015000000,41.410230000,28.000
2.014610000,41.410640000,28.000
2.014060000,41.411270000,28.000
2.013830000,41.411580000,28.000
2.013090000,41.412740000,28.000
2.012960000,41.412910000,28.000
2.012450000,41.413750000,28.000
2.012560000,41.413780000,28.000
2.012510000,41.413830000,28.000
2.012270000,41.414220000,28.000
2.012270000,41.414250000,28.000
2.012300000,41.414280000,28.000
2.012460000,41.414340000,28.000
2.013210000,41.414410000,29.000
2.013380000,41.414430000,30.000
2.014050000,41.414450000,31.000
2.015290000,41.414520000,32.000
2.015290000,41.414520000,33.000
2.015570000,41.414530000,34.000
2.015950000,41.414550000,35.000
2.016470000,41.414570000,35.000
2.017020000,41.414600000,36.000
2.017760000,41.414640000,36.000
2.017920000,41.414660000,37.000
2.018100000,41.414700000,37.000
2.018180000,41.414720000,38.000
2.018550000,41.414840000,38.000
2.018920000,41.414950000,39.000
2.019110000,41.415020000,40.000
2.020070000,41.415320000,41.000
2.021370000,41.415720000,44.000
2.021420000,41.415740000,46.000
2.021520000,41.415780000,48.000
2.021990000,41.416050000,50.000
2.022020000,41.416070000,51.000
2.022370000,41.416270000,53.000
2.022800000,41.416530000,55.000
2.023020000,41.416720000,57.000
2.023040000,41.416730000,58.000
2.023290000,41.416920000,59.000
2.023400000,41.417090000,60.000
2.024030000,41.418140000,63.000
2.024080000,41.418240000,65.000
2.024080000,41.418290000,66.000
2.023970000,41.418820000,67.000
2.024020000,41.418950000,68.000
2.024090000,41.419030000,68.000
2.024540000,41.419250000,68.000
2.024630000,41.419310000,69.000
2.025220000,41.419870000,69.000
2.025610000,41.420330000,70.000
2.025700000,41.420450000,71.000
2.025920000,41.420650000,73.000
2.026420000,41.421010000,74.000
2.027010000,41.421430000,77.000
2.027260000,41.421590000,79.000
2.027400000,41.421660000,80.000
2.027900000,41.421770000,82.000
2.028100000,41.421850000,84.000
2.028230000,41.421940000,85.000
2.028360000,41.421990000,86.000
2.028510000,41.422000000,87.000
2.028660000,41.421970000,88.000
2.029110000,41.421680000,90.000
2.029250000,41.421620000,91.000
2.029450000,41.421580000,92.000
2.029640000,41.421580000,93.000
2.029900000,41.421620000,95.000
2.030130000,41.421700000,96.000
2.030430000,41.421860000,97.000
2.030780000,41.422110000,99.000
2.031400000,41.422620000,102.000
2.031580000,41.422800000,105.000
2.031720000,41.423010000,107.000
2.031810000,41.423300000,110.000
2.031860000,41.423370000,112.000
2.032020000,41.423520000,114.000
2.032080000,41.423610000,115.000
2.032170000,41.423940000,117.000
2.032220000,41.424030000,118.000
2.032310000,41.424120000,120.000
2.033150000,41.424710000,123.000
2.035020000,41.425510000,128.000
2.035230000,41.425650000,131.000
2.035560000,41.425960000,134.000
2.035730000,41.426070000,137.000
2.035960000,41.426140000,139.000
2.036220000,41.426170000,141.000
2.036380000,41.426170000,142.000
2.036530000,41.426170000,144.000
2.036680000,41.426170000,145.000
2.036740000,41.426160000,146.000
2.036770000,41.426160000,146.000
2.037000000,41.426170000,147.000
2.037450000,41.426210000,149.000
2.037860000,41.426310000,150.000
2.038180000,41.426410000,152.000
2.038380000,41.426500000,154.000
2.039340000,41.427040000,157.000
2.039560000,41.427200000,159.000
2.039980000,41.427440000,162.000
2.040140000,41.427470000,165.000
2.040390000,41.427420000,167.000
2.040550000,41.427370000,169.000
2.040660000,41.427360000,171.000
2.041260000,41.427350000,174.000
2.041430000,41.427370000,176.000
2.041550000,41.427440000,178.000
2.042010000,41.427980000,181.000
2.042130000,41.428050000,184.000
2.042380000,41.428140000,186.000
2.042510000,41.428280000,187.000
2.042810000,41.428660000,188.000
2.042900000,41.428710000,189.000
2.042990000,41.428720000,189.000
2.043070000,41.428700000,190.000
2.043140000,41.428600000,190.000
2.043260000,41.428220000,190.000
2.043340000,41.428100000,191.000
2.043470000,41.428040000,191.000
2.043630000,41.428060000,192.000
2.044570000,41.428650000,196.000
2.044670000,41.428670000,199.000
2.044760000,41.428660000,202.000
2.044840000,41.428620000,204.000
2.045040000,41.428400000,206.000
2.045350000,41.428340000,209.000
2.045430000,41.428270000,211.000
2.045480000,41.428040000,213.000
2.045510000,41.428000000,214.000
2.045540000,41.427950000,214.000
2.045640000,41.427900000,215.000
2.045740000,41.427900000,215.000
2.045990000,41.427930000,216.000
2.046170000,41.427920000,216.000
2.046280000,41.427870000,216.000
2.046340000,41.427770000,216.000
2.046340000,41.427650000,216.000
2.046160000,41.427010000,217.000
2.046180000,41.426910000,217.000
2.046270000,41.426810000,218.000
2.046410000,41.426780000,219.000
2.046650000,41.426830000,221.000
2.046810000,41.426960000,223.000
2.046910000,41.427100000,224.000
2.046970000,41.427340000,227.000
2.047030000,41.427470000,229.000
2.047150000,41.427580000,231.000
2.047290000,41.427660000,233.000
2.047360000,41.427730000,234.000
2.047410000,41.427830000,236.000
2.047450000,41.427980000,237.000
2.047550000,41.428170000,239.000
2.047880000,41.428550000,240.000
2.047950000,41.428610000,241.000
2.048120000,41.428710000,242.000
2.048740000,41.429000000,243.000
2.048960000,41.428890000,244.000
2.048960000,41.428890000,244.000
2.048740000,41.429000000,245.000
2.049040000,41.429160000,246.000
2.049540000,41.429450000,250.000
2.049660000,41.429480000,253.000
2.049790000,41.429470000,255.000
2.049860000,41.429460000,257.000
2.050240000,41.429310000,260.000
2.050400000,41.429270000,262.000
2.050530000,41.429280000,265.000
2.050640000,41.429350000,267.000
2.050710000,41.429470000,269.000
2.050790000,41.429570000,271.000
2.051070000,41.429750000,272.000
2.051210000,41.429860000,274.000
2.051340000,41.430030000,275.000
2.051500000,41.430130000,276.000
2.052030000,41.430280000,277.000
2.052550000,41.430430000,279.000
2.052780000,41.430480000,280.000
2.053190000,41.430480000,282.000
2.053300000,41.430500000,283.000
2.053430000,41.430590000,284.000
2.053590000,41.430770000,286.000
2.053750000,41.431010000,288.000
2.053830000,41.431090000,289.000
2.053900000,41.431110000,290.000
2.053970000,41.431120000,291.000
2.054100000,41.431110000,292.000
2.054250000,41.431040000,293.000
2.054420000,41.430870000,294.000
2.054580000,41.430750000,296.000
2.054790000,41.430680000,297.000
2.055310000,41.430550000,299.000
2.055550000,41.430450000,300.000
2.055640000,41.430360000,301.000
2.055760000,41.430070000,303.000
2.055840000,41.429970000,304.000
2.055960000,41.429870000,305.000
2.056600000,41.429490000,307.000
2.056850000,41.429250000,309.000
2.057010000,41.429140000,310.000
2.057930000,41.428780000,313.000
2.058390000,41.428450000,315.000
2.059180000,41.428210000,318.000
2.059340000,41.428180000,320.000
2.059480000,41.428190000,321.000
2.059660000,41.428260000,321.000
2.060160000,41.428510000,320.000
2.060270000,41.428540000,319.000
2.060640000,41.428590000,318.000
2.061110000,41.428730000,316.000
2.061230000,41.428730000,315.000
2.061320000,41.428690000,313.000
2.061370000,41.428620000,312.000
2.061400000,41.428350000,312.000
2.061480000,41.427160000,315.000
2.061520000,41.426930000,317.000
2.061590000,41.426780000,319.000
2.062020000,41.426050000,322.000
2.062110000,41.425740000,325.000
2.062130000,41.425500000,328.000
2.062090000,41.425260000,330.000
2.061790000,41.424490000,334.000
2.061570000,41.423580000,337.000
2.061420000,41.423230000,339.000
2.061390000,41.423150000,340.000
2.061360000,41.423090000,341.000
2.061280000,41.422830000,342.000
2.061250000,41.422450000,342.000
2.061260000,41.422300000,343.000
2.061340000,41.422030000,344.000
2.061330000,41.421850000,344.000
2.061280000,41.421750000,345.000
2.061070000,41.421490000,345.000
2.061050000,41.421350000,346.000
2.061060000,41.421190000,347.000
2.061310000,41.420380000,348.000
2.061590000,41.419850000,349.000
2.061590000,41.419850000,350.000
2.061580000,41.419640000,351.000
2.061460000,41.419320000,352.000
2.061390000,41.419200000,352.000
2.061260000,41.419040000,353.000
2.060900000,41.418680000,354.000
2.060770000,41.418480000,354.000
2.060760000,41.418390000,354.000
2.060780000,41.418150000,353.000
2.060750000,41.418060000,353.000
2.060670000,41.418000000,352.000
2.060250000,41.417830000,351.000
2.060080000,41.417750000,350.000
2.060010000,41.417680000,349.000
2.059800000,41.417370000,348.000
2.059770000,41.417300000,347.000
2.059740000,41.417150000,346.000
2.059680000,41.417070000,345.000
2.059500000,41.416950000,344.000
2.059410000,41.416860000,343.000
2.059380000,41.416780000,342.000
2.059400000,41.416560000,341.000
2.059370000,41.416460000,340.000
2.059310000,41.416370000,339.000
2.059150000,41.416260000,338.000
2.059100000,41.416190000,338.000
2.059070000,41.416140000,337.000
2.059090000,41.416040000,336.000
2.059130000,41.415970000,336.000
2.059260000,41.415850000,335.000
2.059370000,41.415790000,334.000
2.059520000,41.415750000,333.000
2.059620000,41.415750000,333.000
2.059810000,41.415780000,333.000
2.059990000,41.415870000,333.000
2.060100000,41.415950000,333.000
2.060290000,41.416180000,333.000
2.060470000,41.416510000,334.000
2.060530000,41.416580000,335.000
2.060600000,41.416630000,335.000
2.060810000,41.416720000,336.000
2.061050000,41.416740000,337.000
2.061870000,41.416720000,338.000
2.062000000,41.416740000,339.000
2.062220000,41.416850000,340.000
2.062670000,41.417200000,342.000
2.062810000,41.417260000,343.000
2.062930000,41.417280000,344.000
2.063140000,41.417290000,345.000
2.063380000,41.417260000,346.000
2.063460000,41.417240000,347.000
2.063750000,41.417070000,348.000
2.063980000,41.417010000,349.000
2.064290000,41.416980000,351.000
2.064540000,41.416970000,352.000
2.064730000,41.417000000,353.000
2.064830000,41.417050000,354.000
2.064930000,41.417150000,355.000
2.065190000,41.417590000,357.000
2.065220000,41.417650000,358.000
2.065330000,41.417730000,359.000
2.065420000,41.417760000,360.000
2.065570000,41.417780000,361.000
2.066550000,41.417890000,363.000
2.066750000,41.417860000,365.000
2.067030000,41.417750000,366.000
2.067110000,41.417730000,368.000
2.067200000,41.417720000,369.000
2.067270000,41.417730000,369.000
2.067380000,41.417780000,370.000
2.067540000,41.417920000,371.000
2.067830000,41.418300000,372.000
2.067950000,41.418410000,373.000
2.068170000,41.418550000,375.000
2.068830000,41.418890000,377.000
2.070070000,41.419540000,380.000
2.070300000,41.419650000,383.000
2.070480000,41.419670000,385.000
2.070570000,41.419650000,387.000
2.071370000,41.419390000,390.000
2.071490000,41.419340000,391.000
2.071700000,41.419190000,392.000
2.071840000,41.419050000,393.000
2.071880000,41.418950000,394.000
2.071900000,41.418740000,394.000
2.071950000,41.418640000,395.000
2.072090000,41.418530000,395.000
2.072380000,41.418370000,395.000
2.072510000,41.418260000,396.000
2.072700000,41.418060000,396.000
2.072900000,41.417850000,396.000
2.073000000,41.417790000,397.000
2.073190000,41.417730000,397.000
2.073560000,41.417690000,399.000
2.074000000,41.417610000,401.000
2.074190000,41.417560000,403.000
2.074390000,41.417470000,405.000
2.074620000,41.417330000,407.000
2.074830000,41.417170000,409.000
2.076130000,41.416350000,415.000
2.076190000,41.416300000,419.000
2.076260000,41.416200000,421.000
2.076280000,41.416010000,422.000
2.076310000,41.415810000,423.000
2.076450000,41.415300000,423.000
2.076540000,41.415170000,423.000
2.076660000,41.415080000,422.000
2.076820000,41.415010000,422.000
2.076930000,41.414990000,422.000
2.077120000,41.414960000,421.000
2.077440000,41.414960000,421.000
2.077600000,41.414910000,420.000
2.077740000,41.414820000,420.000
2.077800000,41.414750000,420.000
2.077990000,41.414370000,420.000
2.078090000,41.414300000,419.000
2.078170000,41.414280000,419.000
2.078630000,41.414230000,419.000
2.079080000,41.414250000,419.000
2.079610000,41.414130000,419.000
2.079760000,41.414090000,419.000
2.079900000,41.413980000,418.000
2.080050000,41.413700000,417.000
2.080150000,41.413580000,417.000
2.080540000,41.413260000,416.000
2.080680000,41.413210000,415.000
2.080960000,41.413170000,414.000
2.081020000,41.413150000,413.000
2.081120000,41.413070000,413.000
2.081150000,41.412980000,412.000
2.081130000,41.412880000,412.000
2.080800000,41.412510000,409.000
2.080710000,41.412330000,407.000
2.080630000,41.412120000,404.000
2.080650000,41.411980000,401.000
2.080750000,41.411830000,399.000
2.080790000,41.411730000,397.000
2.080780000,41.411630000,395.000
2.080670000,41.411240000,392.000
2.080650000,41.411000000,389.000
2.080670000,41.410950000,387.000
2.080700000,41.410920000,385.000
2.080800000,41.410880000,385.000
2.080860000,41.410880000,384.000
2.081210000,41.410980000,384.000
2.081350000,41.410990000,384.000
2.081580000,41.410940000,384.000
2.081690000,41.410870000,384.000
2.082340000,41.410210000,385.000
2.082360000,41.410170000,386.000
2.082360000,41.410080000,386.000
2.082320000,41.410000000,387.000
2.082080000,41.409830000,386.000
2.081980000,41.409740000,386.000
2.081950000,41.409630000,385.000
2.081990000,41.409490000,385.000
2.082100000,41.409360000,384.000
2.082100000,41.409360000,383.000
2.082300000,41.409120000,383.000
2.082440000,41.409000000,382.000
2.082640000,41.408920000,381.000
2.082990000,41.408840000,380.000
2.083040000,41.408810000,379.000
2.083130000,41.408730000,378.000
2.083160000,41.408580000,377.000
2.083150000,41.408480000,376.000
2.083110000,41.408370000,374.000
2.083070000,41.408320000,373.000
2.082850000,41.408160000,371.000
2.082390000,41.407900000,368.000
2.082310000,41.407810000,365.000
2.082290000,41.407710000,363.000
2.082310000,41.407640000,362.000
2.082460000,41.407300000,359.000
2.082560000,41.407210000,356.000
2.082610000,41.407190000,355.000
2.082730000,41.407180000,353.000
2.082910000,41.407210000,352.000
2.083170000,41.407280000,351.000
2.083340000,41.407340000,349.000
2.083690000,41.407490000,348.000
2.084060000,41.407740000,346.000
2.084230000,41.407790000,344.000
2.084310000,41.407790000,343.000
2.085210000,41.407620000,341.000
2.085390000,41.407620000,339.000
2.085550000,41.407660000,338.000
2.085680000,41.407740000,337.000
2.085790000,41.407860000,336.000
2.085980000,41.408160000,336.000
2.086040000,41.408330000,335.000
2.086120000,41.408670000,335.000
2.086150000,41.408720000,335.000
2.086200000,41.408760000,334.000
2.086330000,41.408810000,334.000
2.086480000,41.408800000,334.000
2.086630000,41.408760000,334.000
2.087090000,41.408560000,333.000
2.087480000,41.408360000,331.000
2.087660000,41.408290000,330.000
2.088870000,41.408170000,327.000
2.089200000,41.408120000,324.000
2.089740000,41.408010000,322.000
2.089930000,41.408000000,321.000
2.090080000,41.408020000,320.000
2.090670000,41.408250000,318.000
2.090780000,41.408290000,317.000
2.090910000,41.408290000,316.000
2.091040000,41.408270000,316.000
2.091340000,41.408160000,315.000
2.091490000,41.408100000,315.000
2.091680000,41.408050000,315.000
2.092340000,41.408070000,316.000
2.092590000,41.408070000,317.000
2.092780000,41.408000000,318.000
2.093090000,41.407830000,319.000
2.093270000,41.407700000,320.000
2.093330000,41.407620000,321.000
2.093330000,41.407570000,322.000
2.093300000,41.407410000,323.000
2.093190000,41.407250000,324.000
2.092980000,41.407030000,324.000
2.092920000,41.406910000,325.000
2.092930000,41.406800000,325.000
2.092970000,41.406750000,326.000
2.093020000,41.406700000,326.000
2.093150000,41.406670000,326.000
2.093240000,41.406680000,327.000
2.093320000,41.406710000,327.000
2.093390000,41.406750000,327.000
2.093770000,41.407160000,328.000
2.093950000,41.407300000,328.000
2.094510000,41.407500000,329.000
2.094690000,41.407550000,330.000
2.094780000,41.407560000,331.000
2.095360000,41.407530000,331.000
2.095800000,41.407590000,332.000
2.096090000,41.407560000,333.000
2.096380000,41.407490000,334.000
2.096500000,41.407520000,335.000
2.096620000,41.407610000,335.000
2.096840000,41.408020000,337.000
2.096900000,41.408120000,338.000
2.097130000,41.408330000,340.000
2.097250000,41.408410000,341.000
2.097460000,41.408500000,342.000
2.097650000,41.408540000,343.000
2.097870000,41.408540000,345.000
2.098350000,41.408470000,346.000
2.098520000,41.408400000,347.000
2.098790000,41.408200000,349.000
2.098910000,41.408140000,349.000
2.099380000,41.408070000,350.000
2.100120000,41.407830000,351.000
2.100270000,41.407740000,352.000
2.100540000,41.407480000,353.000
2.100640000,41.407420000,353.000
2.101190000,41.407240000,353.000
2.101340000,41.407220000,352.000
2.101410000,41.407240000,352.000
2.101490000,41.407270000,351.000
2.101590000,41.407350000,351.000
2.101680000,41.407610000,350.000
2.101720000,41.407800000,349.000
2.101740000,41.407850000,349.000
2.101770000,41.407980000,348.000
2.101850000,41.408130000,347.000
2.101910000,41.408190000,347.000
2.102320000,41.408430000,346.000
2.102470000,41.408590000,344.000
2.102680000,41.409100000,342.000
2.102750000,41.409570000,340.000
2.102840000,41.409680000,338.000
2.102910000,41.409710000,336.000
2.103000000,41.409720000,335.000
2.103410000,41.409690000,333.000
2.103570000,41.409720000,332.000
2.103690000,41.409800000,331.000
2.103900000,41.410050000,329.000
2.104010000,41.410110000,328.000
2.104140000,41.410130000,327.000
2.104270000,41.410090000,326.000
2.104660000,41.409930000,324.000
2.104970000,41.409820000,322.000
2.105110000,41.409800000,321.000
2.105420000,41.409790000,319.000
2.105600000,41.409760000,318.000
2.105550000,41.409710000,317.000
2.105480000,41.409670000,316.000
2.105350000,41.409640000,315.000
2.105150000,41.409650000,315.000
2.104700000,41.409750000,315.000
2.104370000,41.409820000,315.000
2.104250000,41.409800000,314.000
2.104190000,41.409780000,314.000
2.104100000,41.409690000,314.000
2.103980000,41.409460000,314.000
2.103910000,41.409380000,314.000
2.103850000,41.409340000,314.000
2.103590000,41.409250000,314.000
2.103450000,41.409180000,313.000
2.103400000,41.409070000,313.000
2.103400000,41.408990000,313.000
2.103520000,41.408600000,312.000
2.103520000,41.408430000,312.000
2.103480000,41.408350000,311.000
2.103240000,41.408090000,311.000
2.103190000,41.408010000,310.000
2.103190000,41.407860000,310.000
2.103320000,41.407540000,309.000
2.103360000,41.407490000,308.000
2.103490000,41.407390000,308.000
2.103660000,41.407330000,307.000
2.104100000,41.407280000,306.000
2.104230000,41.407260000,305.000
2.104320000,41.407220000,304.000
2.104380000,41.407170000,303.000
2.104400000,41.407100000,302.000
2.104340000,41.406780000,301.000
2.104270000,41.406380000,300.000
2.104310000,41.406230000,298.000
2.104460000,41.406120000,297.000
2.104560000,41.406070000,296.000
2.104790000,41.406010000,295.000
2.104860000,41.406020000,295.000
2.104950000,41.406050000,294.000
2.105370000,41.406380000,293.000
2.105520000,41.406460000,292.000
2.105720000,41.406480000,291.000
2.105940000,41.406430000,291.000
2.106100000,41.406420000,290.000
2.106230000,41.406460000,289.000
2.106340000,41.406590000,289.000
2.106390000,41.406710000,288.000
2.106470000,41.406910000,287.000
2.106500000,41.406990000,287.000
2.106600000,41.407090000,286.000
2.106740000,41.407140000,285.000
2.106930000,41.407150000,284.000
2.107070000,41.407130000,284.000
2.107530000,41.406910000,282.000
2.107650000,41.406890000,281.000
2.107770000,41.406910000,280.000
2.107880000,41.406980000,280.000
2.108070000,41.407210000,279.000
2.108130000,41.407270000,278.000
2.108220000,41.407330000,276.000
2.108700000,41.407470000,274.000
2.108810000,41.407520000,272.000
2.109070000,41.407680000,269.000
2.109270000,41.407760000,267.000
2.109430000,41.407760000,264.000
2.109850000,41.407610000,261.000
2.109970000,41.407580000,259.000
2.110110000,41.407600000,256.000
2.110340000,41.407670000,254.000
2.110440000,41.407690000,253.000
2.110560000,41.407680000,251.000
2.110680000,41.407650000,251.000
2.110910000,41.407570000,250.000
2.111070000,41.407490000,250.000
2.111410000,41.407240000,249.000
2.111470000,41.407070000,249.000
2.111460000,41.407000000,249.000
2.111400000,41.406920000,249.000
2.111290000,41.406860000,248.000
2.110410000,41.406660000,248.000
2.110230000,41.406600000,247.000
2.110140000,41.406520000,247.000
2.110120000,41.406380000,246.000
2.110130000,41.405940000,244.000
2.110100000,41.405860000,242.000
2.110050000,41.405770000,240.000
2.109790000,41.405560000,239.000
2.109710000,41.405460000,237.000
2.109700000,41.405390000,236.000
2.109730000,41.405320000,234.000
2.109790000,41.405280000,234.000
2.109870000,41.405270000,233.000
2.109950000,41.405290000,232.000
2.110040000,41.405360000,231.000
2.110410000,41.405890000,230.000
2.110430000,41.406030000,229.000
2.110410000,41.406320000,228.000
2.110460000,41.406390000,227.000
2.110520000,41.406420000,226.000
2.110630000,41.406440000,226.000
2.111470000,41.406470000,225.000
2.111620000,41.406500000,224.000
2.111630000,41.406500000,223.000
2.111630000,41.406500000,223.000
2.111800000,41.406570000,222.000
2.112350000,41.406800000,221.000
2.112420000,41.406850000,220.000
2.112470000,41.406930000,220.000
2.112450000,41.407170000,219.000
2.112360000,41.407430000,218.000
2.112100000,41.407730000,217.000
2.111840000,41.407990000,215.000
2.111530000,41.408190000,214.000
2.111110000,41.408390000,213.000
2.110890000,41.408480000,212.000
2.110670000,41.408540000,211.000
2.110220000,41.408550000,210.000
2.110100000,41.408590000,209.000
2.110020000,41.408680000,209.000
2.110040000,41.408780000,208.000
2.110110000,41.408840000,208.000
2.110240000,41.408860000,207.000
2.110470000,41.408850000,207.000
2.111170000,41.408970000,204.000
2.111300000,41.408970000,203.000
2.111560000,41.408870000,201.000
2.112020000,41.408670000,199.000
2.112370000,41.408500000,196.000
2.112570000,41.408310000,194.000
2.113270000,41.407500000,192.000
2.113600000,41.407090000,189.000
2.113720000,41.406960000,188.000
2.113930000,41.406820000,186.000
2.114190000,41.406680000,185.000
2.114680000,41.406160000,182.000
2.114870000,41.406000000,180.000
2.115030000,41.405840000,178.000
2.116190000,41.404840000,173.000
2.116420000,41.404660000,169.000
2.117180000,41.404210000,166.000
2.117290000,41.404140000,163.000
2.117550000,41.404350000,161.000
2.117680000,41.404420000,159.000
2.117790000,41.404390000,157.000
2.117890000,41.404390000,156.000
2.117990000,41.404410000,156.000
2.118080000,41.404450000,155.000
2.118150000,41.404520000,154.000
2.118190000,41.404590000,154.000
2.118200000,41.404670000,154.000
2.118170000,41.404760000,154.000
2.118260000,41.404860000,154.000
2.118400000,41.404960000,154.000
2.119410000,41.405490000,155.000
2.120010000,41.405780000,155.000
2.120230000,41.405850000,155.000
2.120470000,41.405710000,155.000
2.120560000,41.405620000,155.000
2.121130000,41.405010000,153.000
2.122050000,41.404100000,150.000
2.122450000,41.403700000,147.000
2.122450000,41.403700000,144.000
2.122940000,41.403210000,142.000
2.123580000,41.402530000,138.000
2.124490000,41.401640000,134.000
2.125210000,41.400900000,131.000
2.125730000,41.400350000,127.000
2.126680000,41.399370000,122.000
2.127270000,41.398790000,118.000
2.127560000,41.398490000,115.000
2.127560000,41.398490000,114.000
2.128110000,41.397920000,112.000
2.128180000,41.397850000,111.000
2.128150000,41.397780000,111.000
2.128990000,41.397760000,110.000
2.129710000,41.397760000,109.000
2.130150000,41.397770000,108.000
2.130740000,41.397770000,107.000
2.130740000,41.397770000,107.000
2.131890000,41.397770000,106.000
2.132570000,41.397770000,106.000
2.132770000,41.397770000,106.000
2.132930000,41.397770000,107.000
2.133120000,41.397770000,107.000
2.134600000,41.397780000,107.000
2.135380000,41.397780000,107.000
2.137420000,41.397800000,105.000
2.138740000,41.397800000,103.000
2.139340000,41.397800000,100.000
2.139940000,41.397850000,98.000
2.140330000,41.397910000,97.000
2.141010000,41.398030000,97.000
2.141630000,41.398210000,97.000
2.142280000,41.398440000,98.000
2.142760000,41.398640000,97.000
2.143200000,41.398880000,97.000
2.143900000,41.398360000,95.000
2.144670000,41.397790000,93.000
2.145230000,41.397370000,91.000
2.145940000,41.396820000,87.000
2.146490000,41.396380000,83.000
2.147030000,41.395990000,80.000
2.147020000,41.395990000,79.000
2.147050000,41.395970000,77.000
2.148100000,41.395180000,76.000
2.149500000,41.394130000,74.000
2.149620000,41.394040000,73.000
2.149760000,41.393940000,72.000
2.150180000,41.393610000,71.000
2.150550000,41.393330000,70.000
2.151710000,41.392450000,68.000
2.152820000,41.391630000,64.000
2.153940000,41.390790000,60.000
2.155080000,41.389920000,57.000
2.156230000,41.389050000,55.000
2.156930000,41.388510000,53.000
2.156930000,41.388510000,51.000
2.157370000,41.388180000,50.000
2.158470000,41.387350000,47.000
2.158240000,41.387170000,45.000
2.157320000,41.386490000,44.000
2.157150000,41.386370000,44.000
2.156750000,41.386060000,44.000
2.156270000,41.385690000,44.000
2.156190000,41.385640000,44.000
2.155080000,41.384790000,44.000
2.154080000,41.384040000,44.000
2.153820000,41.383840000,43.000
2.152810000,41.383090000,43.000
2.151700000,41.382240000,42.000
2.150670000,41.381480000,42.000
2.150420000,41.381300000,43.000
2.149970000,41.380950000,43.000
2.149390000,41.380520000,43.000
2.148260000,41.379670000,43.000
2.148090000,41.379530000,42.000
2.147160000,41.378830000,41.000
2.146650000,41.378480000,40.000
2.145990000,41.378010000,39.000
2.146870000,41.377360000,40.000
2.146870000,41.377360000,40.000
2.146990000,41.377270000,40.000
2.147110000,41.377180000,40.000
2.147220000,41.377090000,40.000
2.147840000,41.376630000,41.000
2.148140000,41.376380000,42.000
2.148220000,41.376250000,42.000
2.148440000,41.376080000,42.000
2.148460000,41.376040000,43.000
2.148740000,41.375850000,43.000
2.148850000,41.375750000,43.000
2.148920000,41.375660000,43.000
2.148940000,41.375580000,44.000
2.148920000,41.375480000,44.000
2.148790000,41.375380000,44.000
2.148750000,41.375360000,44.000
2.148680000,41.375310000,44.000
2.148580000,41.375180000,44.000
2.148540000,41.375110000,44.000
2.148530000,41.374970000,44.000
2.148550000,41.374910000,44.000
2.148610000,41.374800000,44.000
2.148710000,41.374700000,43.000
2.148770000,41.374660000,43.000
2.148910000,41.374600000,43.000
2.149030000,41.374580000,42.000
2.149070000,41.374580000,42.000
2.149290000,41.374520000,42.000
2.149390000,41.374460000,41.000
2.149490000,41.374370000,41.000
2.149630000,41.374160000,40.000
2.150300000,41.373170000,39.000
2.150480000,41.372900000,38.000
2.151060000,41.372070000,38.000
2.151290000,41.371730000,38.000
2.151260000,41.371650000,39.000
2.151270000,41.371620000,39.000
2.151330000,41.371580000,39.000
2.151410000,41.371570000,39.000
2.151440000,41.371580000,39.000
2.151480000,41.371600000,39.000
2.151510000,41.371660000,40.000
2.151630000,41.371740000,40.000
2.152050000,41.371900000,40.000
2.152610000,41.372110000,41.000
2.152910000,41.372220000,41.000
2.152910000,41.372220000,42.000
2.153540000,41.372450000,42.000
2.153620000,41.372480000,42.000
2.154400000,41.372760000,41.000
2.155130000,41.373020000,40.000
2.154840000,41.373570000,39.000
2.154680000,41.373830000,38.000
2.154660000,41.373910000,38.000
2.154700000,41.373950000,37.000
2.154830000,41.374020000,37.000
2.155650000,41.374610000,36.000
2.155760000,41.374700000,35.000
2.156090000,41.374940000,34.000
2.157310000,41.374930000,34.000
2.157310000,41.374930000,33.000
2.157670000,41.374930000,33.000
2.158620000,41.374930000,33.000
2.159340000,41.374930000,32.000
2.160450000,41.374930000,32.000
2.160930000,41.374930000,31.000
2.161520000,41.374920000,30.000
2.162140000,41.374920000,30.000
2.163200000,41.374920000,29.000
2.163390000,41.374920000,29.000
2.164040000,41.374920000,29.000
2.165190000,41.374910000,28.000
2.165480000,41.374920000,28.000
2.166130000,41.374920000,28.000
2.166810000,41.374920000,27.000
2.167270000,41.374910000,27.000
2.167740000,41.374900000,26.000
2.167910000,41.374900000,25.000
2.169660000,41.374890000,22.000
2.169980000,41.374880000,21.000
2.170950000,41.374830000,19.000
2.171880000,41.374770000,17.000
2.173120000,41.374700000,16.000
2.173120000,41.374700000,15.000
2.173070000,41.374530000,14.000
2.173070000,41.374530000,14.000
2.172850000,41.374070000,14.000
2.172350000,41.373160000,16.000
2.172260000,41.373000000,18.000
2.172260000,41.373000000,19.000
2.171990000,41.372470000,20.000
2.171990000,41.372350000,22.000
2.171470000,41.372300000,23.000
2.171050000,41.372230000,25.000
2.170670000,41.372140000,26.000
2.170450000,41.372080000,28.000
2.169570000,41.371810000,30.000
2.169420000,41.371720000,31.000
2.169350000,41.371610000,32.000
2.169300000,41.371470000,34.000
2.169220000,41.371340000,35.000
2.169100000,41.371220000,35.000
2.168960000,41.371120000,36.000
2.168790000,41.371050000,37.000
2.168670000,41.371010000,38.000
2.168670000,41.371010000,38.000
2.168460000,41.370960000,39.000
2.167740000,41.370890000,41.000
2.167620000,41.370800000,42.000
2.167580000,41.370740000,44.000
2.167570000,41.370650000,44.000
2.167620000,41.370590000,45.000
2.167740000,41.370530000,46.000
2.167920000,41.370470000,47.000
2.168050000,41.370450000,47.000
2.168260000,41.370440000,48.000
2.169280000,41.370580000,50.000
2.169280000,41.370580000,52.000
2.169940000,41.370670000,56.000
2.170230000,41.370720000,60.000
2.170350000,41.370740000,62.000
2.170450000,41.370700000,64.000
2.170520000,41.370630000,65.000
2.170520000,41.370530000,67.000
2.170450000,41.370470000,67.000
2.170360000,41.370440000,68.000
2.170300000,41.370440000,69.000
2.169930000,41.370380000,70.000
2.167650000,41.369960000,74.000
2.167590000,41.369910000,76.000
2.167590000,41.369860000,78.000
2.167650000,41.369830000,80.000
2.167750000,41.369830000,81.000
2.167990000,41.369870000,82.000
2.168370000,41.369860000,83.000
2.168720000,41.369800000,85.000
2.169050000,41.369720000,86.000
2.169050000,41.369720000,87.000
2.169890000,41.369520000,89.000
2.170140000,41.369450000,91.000
2.170190000,41.369400000,93.000
2.170240000,41.369330000,94.000
2.170230000,41.369260000,95.000
2.170210000,41.369200000,96.000
2.170110000,41.369130000,97.000
2.169090000,41.368730000,100.000
2.169000000,41.368680000,103.000
2.168960000,41.368620000,105.000
2.168920000,41.368380000,107.000
2.168810000,41.368030000,109.000
2.168690000,41.367740000,113.000
2.168590000,41.367580000,116.000
2.168260000,41.367160000,120.000
2.168150000,41.367040000,123.000
2.168150000,41.367040000,126.000
2.167980000,41.366840000,128.000
2.167760000,41.366600000,131.000
2.167610000,41.365840000,139.000
2.167430000,41.365270000,147.000
2.167290000,41.364960000,156.000
2.167110000,41.364980000,162.000
2.167000000,41.365000000,166.000
2.166830000,41.365010000,169.000
2.166570000,41.364920000,171.000
2.166470000,41.364880000,172.000
2.165810000,41.364630000,173.000
2.165350000,41.364550000,173.000
2.165350000,41.364550000,174.000
2.165340000,41.364550000,174.000
2.164710000,41.364490000,174.000
2.164060000,41.364560000,172.000
2.163750000,41.364580000,170.000
2.163640000,41.364550000,168.000
2.163210000,41.364510000,166.000
2.162260000,41.364420000,161.000
2.162030000,41.364380000,159.000
2.161760000,41.364280000,157.000
2.161560000,41.364160000,155.000
2.161410000,41.363970000,155.000
2.161320000,41.363790000,154.000
2.161290000,41.363580000,154.000
2.161310000,41.363280000,154.000
2.161370000,41.363050000,153.000
2.161370000,41.363050000,153.000
2.161450000,41.362740000,153.000
2.161530000,41.362560000,153.000
2.161520000,41.362350000,153.000
2.161470000,41.362250000,153.000
2.161330000,41.362120000,153.000
2.160880000,41.361790000,153.000
2.160540000,41.361610000,153.000
2.160350000,41.361520000,153.000
2.160150000,41.361430000,153.000
2.159230000,41.361080000,151.000
2.158990000,41.360930000,148.000
2.158780000,41.360710000,145.000
2.157990000,41.359820000,139.000
2.157830000,41.359680000,135.000
2.157580000,41.359580000,131.000
2.157270000,41.359540000,129.000
2.157100000,41.359560000,126.000
2.156920000,41.359600000,125.000
2.156080000,41.360020000,121.000
2.156020000,41.360030000,119.000
2.155740000,41.360040000,117.000
2.155530000,41.360000000,115.000
2.155320000,41.359910000,114.000
2.155020000,41.359570000,111.000
2.154820000,41.359300000,108.000
2.154590000,41.359110000,105.000
2.154410000,41.359040000,102.000
2.154150000,41.358990000,99.000
2.153920000,41.359000000,97.000
2.153690000,41.359060000,95.000
2.153520000,41.359160000,93.000
2.153370000,41.359300000,91.000
2.152890000,41.359830000,87.000
2.152880000,41.359840000,85.000
2.152880000,41.359840000,83.000
2.152670000,41.360040000,81.000
2.152550000,41.360120000,79.000
2.152240000,41.360370000,76.000
2.152130000,41.360510000,75.000
2.152120000,41.360550000,74.000
2.152060000,41.360630000,73.000
2.151970000,41.360690000,73.000
2.152420000,41.361130000,74.000
2.152760000,41.361370000,74.000
2.153090000,41.361580000,75.000
2.153440000,41.361740000,76.000
2.154030000,41.361940000,77.000
2.154320000,41.362010000,79.000
2.154460000,41.362050000,80.000
2.155150000,41.362250000,82.000
2.155680000,41.362420000,84.000
2.155940000,41.362530000,86.000
2.155940000,41.362530000,87.000
2.155980000,41.362550000,88.000
2.156340000,41.362740000,90.000
2.156680000,41.362990000,93.000
2.156850000,41.363120000,96.000
2.156940000,41.363230000,98.000
2.157120000,41.363440000,101.000
2.157370000,41.363810000,104.000
2.157550000,41.364200000,105.000
2.157620000,41.364520000,106.000
2.157620000,41.364520000,106.000
2.157640000,41.364600000,106.000
2.157640000,41.364750000,105.000
2.157620000,41.365010000,105.000
2.157520000,41.365280000,104.000
2.157300000,41.365590000,102.000
2.157030000,41.365840000,102.000
2.156580000,41.366050000,102.000
2.156490000,41.366080000,102.000
2.155980000,41.366180000,103.000
2.155410000,41.366100000,103.000
2.154960000,41.366070000,104.000
2.154470000,41.366070000,104.000
2.153620000,41.366110000,102.000
2.153060000,41.366180000,100.000
2.152910000,41.366210000,98.000
2.152910000,41.366210000,97.000
2.152660000,41.366250000,96.000
2.152240000,41.366340000,94.000
2.151520000,41.366500000,93.000
2.151160000,41.366550000,93.000
2.150840000,41.366590000,93.000
2.150430000,41.366590000,93.000
2.149990000,41.366550000,94.000
2.149350000,41.366440000,90.000
2.148960000,41.366290000,87.000
2.148260000,41.365910000,85.000
2.147860000,41.365720000,84.000
2.147450000,41.365580000,83.000
2.147080000,41.365480000,81.000
2.146610000,41.365470000,79.000
2.146470000,41.365480000,78.000
2.146470000,41.365480000,77.000
2.146250000,41.365500000,76.000
2.146210000,41.365390000,76.000
2.146130000,41.365320000,75.000
2.146130000,41.365320000,75.000
2.146110000,41.365300000,74.000
2.146050000,41.365200000,74.000
2.146020000,41.365140000,74.000
2.146010000,41.365030000,73.000
2.146030000,41.364850000,73.000
2.146160000,41.364230000,71.000
2.146170000,41.364140000,69.000
2.146170000,41.364140000,68.000
2.146170000,41.363900000,66.000
2.146070000,41.363480000,62.000
2.146080000,41.363290000,59.000
2.146110000,41.363210000,56.000
2.146170000,41.363130000,54.000
2.146250000,41.363040000,52.000
2.146440000,41.362960000,51.000
2.147060000,41.362730000,51.000
2.147370000,41.362580000,52.000
2.147650000,41.362420000,52.000
2.148120000,41.362060000,53.000
2.148440000,41.361810000,54.000
2.148440000,41.361810000,55.000
2.148490000,41.361760000,55.000
2.148760000,41.361510000,55.000
2.148960000,41.361280000,54.000
2.149190000,41.360910000,53.000
2.149330000,41.360540000,52.000
2.149490000,41.360220000,51.000
2.149490000,41.360220000,51.000
2.149510000,41.360190000,50.000
2.149650000,41.360050000,50.000
2.149730000,41.359970000,50.000
2.149730000,41.359790000,50.000
2.149680000,41.359730000,49.000
2.149320000,41.359690000,49.000
2.148770000,41.359700000,48.000
2.148200000,41.359780000,45.000
2.147500000,41.359960000,42.000
2.146990000,41.360030000,39.000
2.146580000,41.360000000,37.000
2.146260000,41.359940000,35.000
2.145950000,41.359830000,33.000
2.145680000,41.359660000,31.000
2.145350000,41.359500000,28.000
2.144730000,41.359170000,25.000
2.144360000,41.358910000,22.000
2.143710000,41.358110000,19.000
2.143610000,41.357980000,17.000
2.143250000,41.357360000,16.000
2.143050000,41.357070000,14.000
2.142750000,41.356810000,12.000
2.142470000,41.356620000,12.000
2.141870000,41.356360000,12.000
2.141720000,41.356300000,12.000
2.140850000,41.357490000,12.000
2.140850000,41.357490000,13.000
2.140750000,41.357620000,13.000
2.140470000,41.358020000,13.000
2.140270000,41.358280000,14.000
2.140200000,41.358380000,14.000
2.139920000,41.358780000,14.000
2.138760000,41.360390000,14.000
2.138760000,41.360390000,14.000
2.138660000,41.360520000,14.000
2.138810000,41.360580000,14.000
2.139890000,41.361020000,16.000
2.140570000,41.361290000,17.000
2.140570000,41.361290000,18.000
2.141050000,41.361490000,20.000
2.141050000,41.361490000,21.000
2.141260000,41.361580000,22.000
2.141270000,41.361580000,22.000
2.141520000,41.361690000,23.000
2.141770000,41.361800000,24.000
2.141890000,41.361900000,25.000
2.141950000,41.361980000,26.000
2.142010000,41.362070000,27.000
2.142040000,41.362220000,28.000
2.142040000,41.362270000,29.000
2.142000000,41.362460000,30.000
2.141890000,41.362680000,31.000
2.141830000,41.362740000,32.000
2.141650000,41.363010000,33.000
2.141450000,41.363250000,34.000
2.141340000,41.363360000,34.000
2.141060000,41.363510000,35.000
2.140820000,41.363640000,35.000
2.140710000,41.363720000,35.000
2.140710000,41.363720000,35.000
2.140630000,41.363780000,35.000
2.140540000,41.363850000,35.000
2.140370000,41.364040000,35.000
2.140200000,41.364280000,35.000
2.140120000,41.364530000,35.000
2.140110000,41.364680000,35.000
2.140150000,41.364890000,36.000
2.140290000,41.365080000,37.000
2.140420000,41.365190000,38.000
2.140550000,41.365270000,38.000
2.140950000,41.365430000,40.000
2.141130000,41.365480000,41.000
2.141240000,41.365470000,42.000
2.141550000,41.365400000,43.000
2.141690000,41.365340000,44.000
2.141840000,41.365270000,45.000
2.142660000,41.364770000,47.000
2.142880000,41.364670000,49.000
2.143280000,41.364460000,51.000
2.143390000,41.364380000,52.000
2.143550000,41.364230000,53.000
2.143780000,41.364060000,54.000
2.144000000,41.363890000,55.000
2.144060000,41.364040000,56.000
2.144060000,41.364120000,56.000
2.144500000,41.364660000,57.000
2.144500000,41.364660000,57.000
2.144690000,41.364900000,58.000
2.144830000,41.365140000,58.000
2.144870000,41.365240000,59.000
2.144900000,41.365410000,59.000
2.144870000,41.365610000,59.000
2.144740000,41.365780000,59.000
2.144480000,41.366010000,59.000
2.143700000,41.366590000,59.000
2.143470000,41.366800000,58.000
2.143360000,41.366970000,58.000
2.143320000,41.367050000,58.000
2.143310000,41.367200000,58.000
2.143320000,41.367280000,59.000
2.143380000,41.367430000,59.000
2.143510000,41.367580000,60.000
2.143630000,41.367670000,60.000
2.143770000,41.367750000,61.000
2.144640000,41.368160000,63.000
2.144640000,41.368160000,64.000
2.144850000,41.368260000,65.000
2.145010000,41.368260000,66.000
2.145180000,41.368190000,66.000
2.145320000,41.368580000,67.000
2.145470000,41.368790000,67.000
2.145720000,41.369050000,66.000
2.145870000,41.369160000,66.000
2.146040000,41.369250000,66.000
2.146330000,41.369360000,66.000
2.146740000,41.369470000,66.000
2.147110000,41.369510000,65.000
2.147400000,41.369510000,64.000
2.148120000,41.369440000,62.000
2.148380000,41.369430000,60.000
2.148530000,41.369450000,59.000
2.148740000,41.369500000,58.000
2.148910000,41.369580000,56.000
2.148910000,41.369580000,56.000
2.149020000,41.369630000,55.000
2.149220000,41.369830000,54.000
2.149350000,41.370060000,52.000
2.149450000,41.370560000,50.000
2.149510000,41.370760000,49.000
2.149590000,41.370890000,47.000
2.149700000,41.370980000,46.000
2.149780000,41.371020000,45.000
2.150440000,41.371270000,43.000
2.151170000,41.371570000,42.000
2.151330000,41.371580000,41.000
2.151410000,41.371570000,41.000
2.151440000,41.371580000,40.000
2.151480000,41.371600000,40.000
2.151510000,41.371660000,40.000
2.151630000,41.371740000,40.000
2.152050000,41.371900000,40.000
2.152610000,41.372110000,41.000
2.153540000,41.372450000,41.000
2.153620000,41.372480000,41.000
2.154170000,41.372680000,41.000
2.154170000,41.372680000,41.000
2.154400000,41.372760000,40.000
2.155130000,41.373020000,40.000
2.154840000,41.373570000,39.000
2.154680000,41.373830000,38.000
2.154660000,41.373910000,38.000
2.154700000,41.373950000,37.000
2.154830000,41.374020000,37.000
2.155650000,41.374610000,36.000
2.155760000,41.374700000,35.000
2.156090000,41.374940000,34.000
2.157670000,41.374930000,34.000
2.158620000,41.374930000,33.000
2.159340000,41.374930000,33.000
2.160320000,41.374930000,32.000
2.160320000,41.374930000,31.000
2.160450000,41.374930000,31.000
2.160930000,41.374930000,30.000
2.161520000,41.374920000,30.000
2.162140000,41.374920000,29.000
2.163200000,41.374920000,29.000
2.163390000,41.374920000,29.000
2.164040000,41.374920000,29.000
2.165190000,41.374910000,28.000
2.165480000,41.374920000,28.000
2.166130000,41.374920000,28.000
2.166810000,41.374920000,27.000
2.167270000,41.374910000,27.000
2.167740000,41.374900000,26.000
2.167910000,41.374900000,25.000
2.169660000,41.374890000,22.000
2.169980000,41.374880000,21.000
2.170950000,41.374830000,19.000
2.171880000,41.374770000,17.000
2.173130000,41.374700000,16.000
2.173130000,41.374700000,15.000
2.173080000,41.374540000,14.000
2.173080000,41.374540000,14.000
2.172850000,41.374070000,14.000
2.172350000,41.373160000,16.000
2.171990000,41.372470000,19.000
2.171990000,41.372350000,21.000
2.171470000,41.372300000,22.000
2.171050000,41.372230000,24.000
2.170670000,41.372140000,26.000
2.170450000,41.372080000,28.000
2.169570000,41.371810000,30.000
2.169420000,41.371720000,31.000
2.169350000,41.371610000,32.000
2.169300000,41.371470000,34.000
2.169220000,41.371340000,35.000
2.169100000,41.371220000,36.000
2.168960000,41.371120000,37.000
2.168790000,41.371050000,38.000
2.168610000,41.371000000,39.000
2.168610000,41.371000000,39.000
2.168460000,41.370960000,40.000
2.167740000,41.370890000,41.000
2.167620000,41.370800000,43.000
2.167580000,41.370740000,44.000
2.167570000,41.370650000,45.000
2.167620000,41.370590000,46.000
2.167740000,41.370530000,47.000
2.167920000,41.370470000,48.000
2.168050000,41.370450000,49.000
2.168260000,41.370440000,51.000
2.169940000,41.370670000,56.000
2.170230000,41.370720000,59.000
2.170350000,41.370740000,62.000
2.170450000,41.370700000,64.000
2.170520000,41.370630000,65.000
2.170520000,41.370530000,66.000
2.170450000,41.370470000,67.000
2.170360000,41.370440000,68.000
2.170300000,41.370440000,69.000
2.169930000,41.370380000,70.000
2.167650000,41.369960000,74.000
2.167590000,41.369910000,76.000
2.167590000,41.369860000,78.000
2.167650000,41.369830000,80.000
2.167750000,41.369830000,81.000
2.167990000,41.369870000,82.000
2.168370000,41.369860000,83.000
2.168720000,41.369800000,85.000
2.169100000,41.369710000,86.000
2.169100000,41.369710000,87.000
2.169890000,41.369520000,89.000
2.170140000,41.369450000,91.000
2.170190000,41.369400000,93.000
2.170240000,41.369330000,94.000
2.170230000,41.369260000,95.000
2.170210000,41.369200000,96.000
2.170110000,41.369130000,97.000
2.169090000,41.368730000,100.000
2.169000000,41.368680000,103.000
2.168960000,41.368620000,105.000
2.168920000,41.368380000,107.000
2.168810000,41.368030000,109.000
2.168690000,41.367740000,113.000
2.168590000,41.367580000,116.000
2.168260000,41.367160000,120.000
2.167980000,41.366840000,125.000
2.167760000,41.366600000,129.000
2.167610000,41.365840000,137.000
2.167430000,41.365270000,146.000
2.167420000,41.365250000,153.000
2.167420000,41.365250000,157.000
2.167290000,41.364960000,162.000
2.167110000,41.364980000,166.000
2.167000000,41.365000000,169.000
2.166830000,41.365010000,171.000
2.166570000,41.364920000,172.000
2.166470000,41.364880000,173.000
2.165810000,41.364630000,173.000
2.165340000,41.364550000,174.000
2.164710000,41.364490000,174.000
2.164060000,41.364560000,172.000
2.163750000,41.364580000,170.000
2.163640000,41.364550000,168.000
2.163210000,41.364510000,166.000
2.162260000,41.364420000,161.000
2.162030000,41.364380000,158.000
2.161760000,41.364280000,157.000
2.161560000,41.364160000,155.000
2.161410000,41.363970000,154.000
2.161320000,41.363790000,154.000
2.161290000,41.363580000,154.000
2.161310000,41.363280000,154.000
2.161350000,41.363120000,153.000
2.161350000,41.363120000,153.000
2.161450000,41.362740000,153.000
2.161530000,41.362560000,153.000
2.161520000,41.362350000,153.000
2.161470000,41.362250000,153.000
2.161330000,41.362120000,153.000
2.160880000,41.361790000,153.000
2.160540000,41.361610000,153.000
2.160350000,41.361520000,153.000
2.160150000,41.361430000,153.000
2.159230000,41.361080000,151.000
2.158990000,41.360930000,148.000
2.158780000,41.360710000,145.000
2.157990000,41.359820000,139.000
2.157830000,41.359680000,135.000
2.157580000,41.359580000,131.000
2.157270000,41.359540000,129.000
2.157100000,41.359560000,126.000
2.156920000,41.359600000,125.000
2.156080000,41.360020000,121.000
2.156020000,41.360030000,119.000
2.155740000,41.360040000,117.000
2.155650000,41.360030000,116.000
2.155650000,41.360030000,115.000
2.155530000,41.360000000,114.000
2.155320000,41.359910000,112.000
2.155020000,41.359570000,110.000
2.154820000,41.359300000,107.000
2.154590000,41.359110000,104.000
2.154410000,41.359040000,102.000
2.154150000,41.358990000,99.000
2.153920000,41.359000000,97.000
2.153690000,41.359060000,95.000
2.153520000,41.359160000,93.000
2.153370000,41.359300000,91.000
2.152890000,41.359830000,87.000
2.152820000,41.359890000,84.000
2.152820000,41.359890000,82.000
2.152670000,41.360040000,80.000
2.152550000,41.360120000,79.000
2.152240000,41.360370000,76.000
2.152130000,41.360510000,75.000
2.152120000,41.360550000,74.000
2.152060000,41.360630000,73.000
2.151970000,41.360690000,73.000
2.152420000,41.361130000,74.000
2.152760000,41.361370000,74.000
2.153090000,41.361580000,75.000
2.153440000,41.361740000,76.000
2.154030000,41.361940000,77.000
2.154320000,41.362010000,79.000
2.154460000,41.362050000,80.000
2.155150000,41.362250000,82.000
2.155680000,41.362420000,84.000
2.155980000,41.362550000,86.000
2.156340000,41.362740000,89.000
2.156680000,41.362990000,92.000
2.156850000,41.363120000,95.000
2.156940000,41.363230000,97.000
2.157120000,41.363440000,100.000
2.157340000,41.363760000,103.000
2.157340000,41.363760000,105.000
2.157370000,41.363810000,107.000
2.157550000,41.364200000,107.000
2.157640000,41.364600000,107.000
2.157640000,41.364750000,106.000
2.157620000,41.365010000,105.000
2.157520000,41.365280000,104.000
2.157300000,41.365590000,102.000
2.157030000,41.365840000,102.000
2.156580000,41.366050000,102.000
2.156490000,41.366080000,102.000
2.155980000,41.366180000,103.000
2.155410000,41.366100000,104.000
2.154960000,41.366070000,105.000
2.154470000,41.366070000,104.000
2.153620000,41.366110000,102.000
2.153060000,41.366180000,99.000
2.152660000,41.366250000,97.000
2.152550000,41.366270000,95.000
2.152550000,41.366270000,93.000
2.152240000,41.366340000,92.000
2.151520000,41.366500000,92.000
2.151160000,41.366550000,92.000
2.150840000,41.366590000,93.000
2.150430000,41.366590000,93.000
2.149990000,41.366550000,93.000
2.149350000,41.366440000,89.000
2.148960000,41.366290000,87.000
2.148260000,41.365910000,85.000
2.147860000,41.365720000,84.000
2.147450000,41.365580000,83.000
2.147080000,41.365480000,81.000
2.146610000,41.365470000,79.000
2.146250000,41.365500000,78.000
2.146210000,41.365390000,77.000
2.146110000,41.365300000,76.000
2.146050000,41.365200000,75.000
2.146020000,41.365140000,74.000
2.146010000,41.365030000,74.000
2.146030000,41.364850000,73.000
2.146100000,41.364530000,72.000
2.146100000,41.364530000,71.000
2.146160000,41.364230000,69.000
2.146170000,41.363900000,67.000
2.146070000,41.363480000,63.000
2.146080000,41.363290000,60.000
2.146110000,41.363210000,57.000
2.146170000,41.363130000,55.000
2.146250000,41.363040000,53.000
2.146440000,41.362960000,51.000
2.147060000,41.362730000,51.000
2.147370000,41.362580000,52.000
2.147650000,41.362420000,52.000
2.148120000,41.362060000,53.000
2.148490000,41.361760000,54.000
2.148760000,41.361510000,54.000
2.148960000,41.361280000,53.000
2.149190000,41.360910000,53.000
2.149330000,41.360540000,53.000
2.149510000,41.360190000,54.000
2.149640000,41.360060000,54.000
2.149640000,41.360060000,55.000
2.149650000,41.360050000,55.000
2.149730000,41.359970000,55.000
2.149730000,41.359790000,54.000
2.149680000,41.359730000,53.000
2.149320000,41.359690000,52.000
2.148770000,41.359700000,49.000
2.148200000,41.359780000,46.000
2.147500000,41.359960000,42.000
2.146990000,41.360030000,39.000
2.146580000,41.360000000,37.000
2.146260000,41.359940000,35.000
2.145950000,41.359830000,33.000
2.145680000,41.359660000,31.000
2.145350000,41.359500000,29.000
2.144730000,41.359170000,25.000
2.144360000,41.358910000,22.000
2.143710000,41.358110000,19.000
2.143610000,41.357980000,17.000
2.143250000,41.357360000,16.000
2.143050000,41.357070000,14.000
2.142750000,41.356810000,12.000
2.142470000,41.356620000,12.000
2.141870000,41.356360000,12.000
2.141720000,41.356300000,12.000
2.141450000,41.356670000,12.000
2.141450000,41.356670000,12.000
2.140750000,41.357620000,13.000
2.140470000,41.358020000,13.000
2.140270000,41.358280000,14.000
2.140200000,41.358380000,14.000
2.139920000,41.358780000,14.000
2.138680000,41.360500000,15.000
2.138680000,41.360500000,15.000
2.138660000,41.360520000,15.000
2.138810000,41.360580000,15.000
2.139890000,41.361020000,16.000
2.141010000,41.361470000,18.000
2.141010000,41.361470000,19.000
2.141270000,41.361580000,21.000
2.141270000,41.361580000,21.000
2.141520000,41.361690000,22.000
2.141770000,41.361800000,24.000
2.141890000,41.361900000,25.000
2.141950000,41.361980000,26.000
2.142010000,41.362070000,27.000
2.142040000,41.362220000,28.000
2.142040000,41.362270000,28.000
2.142000000,41.362460000,29.000
2.141890000,41.362680000,30.000
2.141830000,41.362740000,31.000
2.141650000,41.363010000,33.000
2.141450000,41.363250000,34.000
2.141340000,41.363360000,34.000
2.141060000,41.363510000,35.000
2.140820000,41.363640000,35.000
2.140630000,41.363780000,35.000
2.140540000,41.363850000,35.000
2.140370000,41.364040000,35.000
2.140200000,41.364280000,35.000
2.140120000,41.364530000,35.000
2.140110000,41.364680000,35.000
2.140150000,41.364890000,36.000
2.140290000,41.365080000,37.000
2.140420000,41.365190000,38.000
2.140500000,41.365240000,38.000
2.140500000,41.365240000,39.000
2.140550000,41.365270000,39.000
2.140950000,41.365430000,40.000
2.141130000,41.365480000,41.000
2.141240000,41.365470000,42.000
2.141550000,41.365400000,43.000
2.141690000,41.365340000,45.000
2.141840000,41.365270000,46.000
2.142660000,41.364770000,47.000
2.142880000,41.364670000,49.000
2.143280000,41.364460000,51.000
2.143390000,41.364380000,52.000
2.143550000,41.364230000,53.000
2.143620000,41.364180000,54.000
2.143620000,41.364180000,55.000
2.143780000,41.364060000,55.000
2.144000000,41.363890000,56.000
2.144060000,41.364040000,56.000
2.144060000,41.364120000,57.000
2.144460000,41.364610000,57.000
2.144460000,41.364610000,57.000
2.144690000,41.364900000,58.000
2.144830000,41.365140000,58.000
2.144870000,41.365240000,59.000
2.144900000,41.365410000,59.000
2.144870000,41.365610000,59.000
2.144740000,41.365780000,59.000
2.144480000,41.366010000,59.000
2.143700000,41.366590000,59.000
2.143470000,41.366800000,58.000
2.143360000,41.366970000,58.000
2.143320000,41.367050000,58.000
2.143310000,41.367200000,58.000
2.143320000,41.367280000,59.000
2.143380000,41.367430000,59.000
2.143510000,41.367580000,60.000
2.143630000,41.367670000,60.000
2.143770000,41.367750000,61.000
2.144850000,41.368260000,63.000
2.145010000,41.368260000,65.000
2.145180000,41.368190000,65.000
2.145320000,41.368580000,66.000
2.145470000,41.368790000,66.000
2.145590000,41.368920000,66.000
2.145590000,41.368920000,66.000
2.145720000,41.369050000,66.000
2.145870000,41.369160000,66.000
2.146040000,41.369250000,66.000
2.146330000,41.369360000,66.000
2.146740000,41.369470000,66.000
2.147110000,41.369510000,65.000
2.147400000,41.369510000,64.000
2.148120000,41.369440000,62.000
2.148380000,41.369430000,60.000
2.148530000,41.369450000,59.000
2.148740000,41.369500000,58.000
2.149020000,41.369630000,56.000
2.149220000,41.369830000,55.000
2.149350000,41.370060000,53.000
2.149450000,41.370560000,51.000
2.149510000,41.370760000,49.000
2.149590000,41.370890000,47.000
2.149700000,41.370980000,46.000
2.149780000,41.371020000,45.000
2.150440000,41.371270000,43.000
2.151170000,41.371570000,42.000
2.151330000,41.371580000,41.000
2.151410000,41.371570000,41.000
2.151440000,41.371580000,40.000
2.151480000,41.371600000,40.000
2.151510000,41.371660000,40.000
2.151630000,41.371740000,40.000
2.152050000,41.371900000,40.000
2.152610000,41.372110000,41.000
2.153540000,41.372450000,41.000
2.153620000,41.372480000,41.000
2.154330000,41.372740000,41.000
2.154330000,41.372740000,41.000
2.154400000,41.372760000,40.000
2.155130000,41.373020000,40.000
2.154840000,41.373570000,39.000
2.154680000,41.373830000,38.000
2.154660000,41.373910000,38.000
2.154700000,41.373950000,37.000
2.154830000,41.374020000,37.000
2.155650000,41.374610000,36.000
2.155760000,41.374700000,35.000
2.156090000,41.374940000,34.000
2.157670000,41.374930000,34.000
2.158620000,41.374930000,33.000
2.159340000,41.374930000,33.000
2.160450000,41.374930000,32.000
2.160930000,41.374930000,31.000
2.161520000,41.374920000,30.000
2.162140000,41.374920000,30.000
2.163200000,41.374920000,29.000
2.163390000,41.374920000,29.000
2.164040000,41.374920000,29.000
2.165190000,41.374910000,28.000
2.165480000,41.374920000,28.000
2.166130000,41.374920000,28.000
2.166810000,41.374920000,27.000
2.167270000,41.374910000,27.000
2.167740000,41.374900000,26.000
2.167910000,41.374900000,25.000
2.169660000,41.374890000,22.000
2.169980000,41.374880000,21.000
2.170950000,41.374830000,19.000
2.171880000,41.374770000,17.000
2.173130000,41.374700000,16.000
2.173130000,41.374700000,15.000
2.173060000,41.374530000,14.000
2.173070000,41.374530000,14.000
2.172850000,41.374070000,14.000
2.172350000,41.373160000,16.000
2.171990000,41.372470000,19.000
2.171990000,41.372350000,21.000
2.171470000,41.372300000,22.000
2.171050000,41.372230000,24.000
2.170670000,41.372140000,26.000
2.170450000,41.372080000,28.000
2.169570000,41.371810000,30.000
2.169420000,41.371720000,31.000
2.169350000,41.371610000,32.000
2.169300000,41.371470000,34.000
2.169220000,41.371340000,35.000
2.169100000,41.371220000,36.000
2.168960000,41.371120000,37.000
2.168790000,41.371050000,38.000
2.168460000,41.370960000,39.000
2.167740000,41.370890000,41.000
2.167620000,41.370800000,42.000
2.167580000,41.370740000,44.000
2.167570000,41.370650000,45.000
2.167620000,41.370590000,46.000
2.167740000,41.370530000,47.000
2.167920000,41.370470000,48.000
2.168030000,41.370450000,49.000
2.168030000,41.370450000,50.000
2.168050000,41.370450000,50.000
2.168260000,41.370440000,51.000
2.169940000,41.370670000,56.000
2.170230000,41.370720000,60.000
2.170350000,41.370740000,62.000
2.170450000,41.370700000,64.000
2.170520000,41.370630000,65.000
2.170520000,41.370530000,67.000
2.170450000,41.370470000,67.000
2.170360000,41.370440000,68.000
2.170300000,41.370440000,69.000
2.169930000,41.370380000,70.000
2.167650000,41.369960000,74.000
2.167590000,41.369910000,76.000
2.167590000,41.369860000,78.000
2.167650000,41.369830000,80.000
2.167750000,41.369830000,81.000
2.167990000,41.369870000,82.000
2.168370000,41.369860000,83.000
2.168720000,41.369800000,85.000
2.169120000,41.369710000,86.000
2.169120000,41.369710000,87.000
2.169890000,41.369520000,89.000
2.170140000,41.369450000,91.000
2.170190000,41.369400000,93.000
2.170240000,41.369330000,94.000
2.170230000,41.369260000,95.000
2.170210000,41.369200000,96.000
2.170110000,41.369130000,97.000
2.169090000,41.368730000,100.000
2.169000000,41.368680000,103.000
2.168960000,41.368620000,105.000
2.168920000,41.368380000,107.000
2.168810000,41.368030000,109.000
2.168690000,41.367740000,113.000
2.168590000,41.367580000,116.000
2.168260000,41.367160000,120.000
2.167980000,41.366840000,125.000
2.167760000,41.366600000,129.000
2.167610000,41.365840000,137.000
2.167490000,41.365480000,145.000
2.167490000,41.365480000,150.000
2.167430000,41.365270000,155.000
2.167290000,41.364960000,161.000
2.167110000,41.364980000,165.000
2.167000000,41.365000000,168.000
2.166830000,41.365010000,170.000
2.166570000,41.364920000,172.000
2.166470000,41.364880000,173.000
2.165810000,41.364630000,173.000
2.165340000,41.364550000,174.000
2.164710000,41.364490000,174.000
2.164060000,41.364560000,172.000
2.163750000,41.364580000,170.000
2.163640000,41.364550000,168.000
2.163210000,41.364510000,166.000
2.162260000,41.364420000,161.000
2.162030000,41.364380000,158.000
2.161760000,41.364280000,157.000
2.161560000,41.364160000,155.000
2.161410000,41.363970000,154.000
2.161320000,41.363790000,154.000
2.161290000,41.363580000,154.000
2.161310000,41.363280000,154.000
2.161350000,41.363120000,153.000
2.161350000,41.363120000,153.000
2.161450000,41.362740000,153.000
2.161530000,41.362560000,153.000
2.161520000,41.362350000,153.000
2.161470000,41.362250000,153.000
2.161330000,41.362120000,153.000
2.160880000,41.361790000,153.000
2.160540000,41.361610000,153.000
2.160350000,41.361520000,153.000
2.160150000,41.361430000,153.000
2.159230000,41.361080000,151.000
2.158990000,41.360930000,148.000
2.158780000,41.360710000,145.000
2.157990000,41.359820000,139.000
2.157830000,41.359680000,135.000
2.157580000,41.359580000,131.000
2.157270000,41.359540000,129.000
2.157100000,41.359560000,126.000
2.156920000,41.359600000,125.000
2.156080000,41.360020000,121.000
2.156020000,41.360030000,119.000
2.155740000,41.360040000,117.000
2.155530000,41.360000000,115.000
2.155320000,41.359910000,114.000
2.155020000,41.359570000,111.000
2.154820000,41.359300000,108.000
2.154590000,41.359110000,105.000
2.154410000,41.359040000,102.000
2.154150000,41.358990000,99.000
2.153920000,41.359000000,97.000
2.153690000,41.359060000,95.000
2.153520000,41.359160000,93.000
2.153370000,41.359300000,91.000
2.152890000,41.359830000,87.000
2.152800000,41.359920000,84.000
2.152800000,41.359920000,82.000
2.152670000,41.360040000,80.000
2.152550000,41.360120000,79.000
2.152240000,41.360370000,76.000
2.152130000,41.360510000,75.000
2.152120000,41.360550000,74.000
2.152060000,41.360630000,73.000
2.151970000,41.360690000,73.000
2.152420000,41.361130000,74.000
2.152760000,41.361370000,74.000
2.153090000,41.361580000,75.000
2.153440000,41.361740000,76.000
2.154030000,41.361940000,77.000
2.154320000,41.362010000,79.000
2.154460000,41.362050000,80.000
2.154600000,41.362090000,81.000
2.154600000,41.362090000,81.000
2.155150000,41.362250000,83.000
2.155680000,41.362420000,84.000
2.155980000,41.362550000,86.000
2.156340000,41.362740000,89.000
2.156680000,41.362990000,92.000
2.156850000,41.363120000,95.000
2.156940000,41.363230000,98.000
2.157120000,41.363440000,100.000
2.157370000,41.363810000,104.000
2.157400000,41.363880000,106.000
        </coordinates>
      </LineString>
    </Placemark>
  </Document>
</kml>
