<?xml version="1.0" encoding="UTF-8"?>
<kml xmlns="http://www.opengis.net/kml/2.2">
  <Document>
    <name>Tour de France 2026 - Stage 13</name>
    <Style id="routeStyle">
      <LineStyle>
        <color>ff111111</color>
        <width>4</width>
      </LineStyle>
    </Style>
    <Placemark>
      <name>Tour de France 2026 - Stage 13</name>
      <styleUrl>#routeStyle</styleUrl>
      <LineString>
        <tessellate>1</tessellate>
        <coordinates>
5.444990000,47.118420000,219.000
5.445240000,47.118670000,219.000
5.445450000,47.118860000,219.000
5.445760000,47.119160000,219.000
5.445770000,47.119160000,219.000
5.445920000,47.119300000,219.000
5.446070000,47.119450000,220.000
5.446380000,47.119740000,220.000
5.446580000,47.119930000,220.000
5.446770000,47.120100000,220.000
5.446990000,47.120290000,220.000
5.447220000,47.120480000,221.000
5.447470000,47.120680000,221.000
5.447550000,47.120740000,221.000
5.447720000,47.120880000,221.000
5.447850000,47.120980000,222.000
5.448170000,47.121240000,222.000
5.448430000,47.121450000,222.000
5.448640000,47.121650000,222.000
5.448860000,47.121860000,222.000
5.449100000,47.122130000,222.000
5.449280000,47.122340000,222.000
5.449320000,47.122380000,222.000
5.449470000,47.122580000,222.000
5.449690000,47.122860000,222.000
5.449980000,47.123220000,222.000
5.450190000,47.123500000,222.000
5.450350000,47.123700000,222.000
5.450530000,47.123930000,221.000
5.450630000,47.124060000,221.000
5.450700000,47.124190000,221.000
5.450730000,47.124280000,220.000
5.450750000,47.124390000,220.000
5.450730000,47.124500000,220.000
5.450720000,47.124590000,219.000
5.450720000,47.124600000,219.000
5.450710000,47.124660000,219.000
5.450680000,47.124710000,219.000
5.450600000,47.124830000,218.000
5.450480000,47.124990000,218.000
5.450330000,47.125190000,218.000
5.450280000,47.125250000,217.000
5.450210000,47.125340000,217.000
5.450160000,47.125410000,216.000
5.450030000,47.125560000,216.000
5.449950000,47.125690000,216.000
5.449900000,47.125800000,215.000
5.449890000,47.125910000,215.000
5.449900000,47.125980000,214.000
5.449910000,47.126060000,214.000
5.449940000,47.126150000,214.000
5.449980000,47.126250000,213.000
5.450040000,47.126400000,213.000
5.450050000,47.126400000,213.000
5.450140000,47.126590000,212.000
5.450220000,47.126780000,212.000
5.450280000,47.126910000,211.000
5.450310000,47.126980000,211.000
5.450400000,47.127210000,211.000
5.450400000,47.127210000,211.000
5.450680000,47.127130000,211.000
5.451000000,47.127070000,211.000
5.451070000,47.127050000,212.000
5.451170000,47.127030000,212.000
5.451350000,47.127000000,212.000
5.451540000,47.126980000,212.000
5.451700000,47.126960000,212.000
5.451780000,47.126980000,212.000
5.451840000,47.126980000,213.000
5.451890000,47.126990000,213.000
5.451950000,47.126990000,213.000
5.452010000,47.126990000,213.000
5.452120000,47.126980000,213.000
5.452220000,47.126980000,213.000
5.452290000,47.126970000,213.000
5.452470000,47.126940000,213.000
5.452680000,47.126890000,214.000
5.452880000,47.126830000,214.000
5.453020000,47.126780000,214.000
5.453110000,47.126750000,215.000
5.453250000,47.126710000,215.000
5.453380000,47.126690000,215.000
5.453520000,47.126700000,216.000
5.453800000,47.126730000,216.000
5.454010000,47.126760000,216.000
5.454180000,47.126780000,217.000
5.454350000,47.126800000,217.000
5.454380000,47.126800000,218.000
5.454600000,47.126810000,218.000
5.454690000,47.126810000,218.000
5.454780000,47.126800000,219.000
5.455250000,47.126750000,219.000
5.455350000,47.126740000,220.000
5.455440000,47.126730000,220.000
5.455740000,47.126690000,221.000
5.456040000,47.126660000,221.000
5.456360000,47.126620000,222.000
5.456480000,47.126590000,222.000
5.456580000,47.126560000,223.000
5.456800000,47.126470000,223.000
5.456800000,47.126470000,223.000
5.456870000,47.126540000,224.000
5.456910000,47.126610000,224.000
5.457000000,47.126730000,224.000
5.457070000,47.126850000,225.000
5.457140000,47.127000000,225.000
5.457260000,47.127200000,226.000
5.457330000,47.127330000,226.000
5.457350000,47.127360000,226.000
5.457370000,47.127440000,225.000
5.457400000,47.127540000,225.000
5.457410000,47.127620000,225.000
5.457410000,47.127720000,224.000
5.457390000,47.127820000,224.000
5.457360000,47.127950000,223.000
5.457330000,47.128100000,223.000
5.457320000,47.128110000,222.000
5.457320000,47.128140000,222.000
5.457280000,47.128280000,221.000
5.457280000,47.128290000,221.000
5.457260000,47.128330000,221.000
5.457230000,47.128460000,220.000
5.457220000,47.128510000,220.000
5.457180000,47.128640000,219.000
5.457160000,47.128690000,219.000
5.457120000,47.128820000,219.000
5.457110000,47.128850000,218.000
5.457060000,47.128990000,218.000
5.457030000,47.129070000,217.000
5.456920000,47.129340000,217.000
5.456870000,47.129450000,216.000
5.456820000,47.129600000,216.000
5.456790000,47.129730000,216.000
5.456790000,47.129860000,216.000
5.456790000,47.129880000,215.000
5.456800000,47.130020000,215.000
5.456840000,47.130170000,215.000
5.456880000,47.130320000,215.000
5.456910000,47.130450000,215.000
5.456920000,47.130570000,214.000
5.456890000,47.130690000,214.000
5.456850000,47.130820000,214.000
5.456780000,47.130990000,214.000
5.456660000,47.131230000,214.000
5.456640000,47.131270000,213.000
5.456560000,47.131440000,213.000
5.456390000,47.131790000,213.000
5.456310000,47.131950000,213.000
5.456260000,47.132050000,213.000
5.456220000,47.132120000,213.000
5.456130000,47.132300000,213.000
5.456130000,47.132300000,213.000
5.456130000,47.132300000,213.000
5.456060000,47.132430000,213.000
5.456040000,47.132460000,213.000
5.455880000,47.132770000,213.000
5.455710000,47.133080000,213.000
5.455680000,47.133130000,213.000
5.455510000,47.133440000,213.000
5.455420000,47.133580000,213.000
5.455400000,47.133620000,213.000
5.455360000,47.133700000,213.000
5.455290000,47.133810000,213.000
5.455260000,47.133870000,213.000
5.455210000,47.133950000,213.000
5.455090000,47.134180000,213.000
5.455020000,47.134320000,213.000
5.455010000,47.134330000,213.000
5.454940000,47.134470000,213.000
5.454890000,47.134560000,213.000
5.454840000,47.134690000,214.000
5.454810000,47.134780000,214.000
5.454800000,47.134820000,214.000
5.454780000,47.134940000,214.000
5.454770000,47.135030000,214.000
5.454750000,47.135140000,214.000
5.454770000,47.135260000,214.000
5.454800000,47.135420000,214.000
5.454820000,47.135490000,214.000
5.454840000,47.135550000,214.000
5.454900000,47.135700000,215.000
5.454990000,47.135870000,215.000
5.455110000,47.136060000,215.000
5.455270000,47.136300000,215.000
5.455420000,47.136540000,215.000
5.455520000,47.136700000,215.000
5.455720000,47.137020000,215.000
5.455880000,47.137290000,214.000
5.456040000,47.137540000,214.000
5.456210000,47.137810000,214.000
5.456230000,47.137840000,213.000
5.456280000,47.137920000,213.000
5.456330000,47.138010000,213.000
5.456360000,47.138100000,213.000
5.456370000,47.138190000,212.000
5.456380000,47.138200000,212.000
5.456380000,47.138280000,212.000
5.456380000,47.138340000,212.000
5.456380000,47.138370000,212.000
5.456360000,47.138520000,211.000
5.456330000,47.138680000,211.000
5.456280000,47.138860000,211.000
5.456240000,47.139040000,210.000
5.456230000,47.139080000,210.000
5.456210000,47.139190000,210.000
5.456200000,47.139260000,209.000
5.456190000,47.139370000,209.000
5.456180000,47.139440000,209.000
5.456170000,47.139630000,208.000
5.456150000,47.139950000,208.000
5.456150000,47.139980000,207.000
5.456150000,47.140090000,207.000
5.456140000,47.140270000,207.000
5.456130000,47.140330000,207.000
5.456140000,47.140360000,207.000
5.456130000,47.140390000,207.000
5.456160000,47.140540000,207.000
5.456190000,47.140670000,207.000
5.456220000,47.140780000,207.000
5.456230000,47.140800000,207.000
5.456280000,47.140940000,207.000
5.456360000,47.141110000,207.000
5.456450000,47.141300000,207.000
5.456520000,47.141450000,207.000
5.456530000,47.141490000,207.000
5.456600000,47.141660000,207.000
5.456610000,47.141660000,207.000
5.456690000,47.141860000,207.000
5.456730000,47.141970000,206.000
5.456740000,47.142000000,206.000
5.456740000,47.142010000,206.000
5.456790000,47.142150000,206.000
5.456800000,47.142190000,206.000
5.456820000,47.142310000,205.000
5.456820000,47.142330000,205.000
5.456840000,47.142420000,205.000
5.456850000,47.142540000,205.000
5.456850000,47.142550000,204.000
5.456840000,47.142680000,204.000
5.456830000,47.142690000,204.000
5.456830000,47.142720000,204.000
5.456800000,47.142810000,203.000
5.456770000,47.142910000,203.000
5.456710000,47.143020000,203.000
5.456630000,47.143120000,202.000
5.456530000,47.143240000,202.000
5.456430000,47.143350000,202.000
5.456340000,47.143430000,201.000
5.456160000,47.143600000,201.000
5.456090000,47.143680000,200.000
5.456070000,47.143710000,200.000
5.456040000,47.143740000,200.000
5.456020000,47.143770000,200.000
5.455920000,47.143890000,200.000
5.455850000,47.144000000,200.000
5.455820000,47.144070000,200.000
5.455810000,47.144090000,200.000
5.455780000,47.144160000,200.000
5.455780000,47.144170000,200.000
5.455770000,47.144290000,200.000
5.455760000,47.144420000,200.000
5.455770000,47.144480000,200.000
5.455780000,47.144520000,200.000
5.455780000,47.144530000,200.000
5.455790000,47.144570000,201.000
5.455800000,47.144620000,201.000
5.455830000,47.144690000,201.000
5.455850000,47.144710000,201.000
5.455870000,47.144740000,201.000
5.455890000,47.144770000,201.000
5.455940000,47.144820000,201.000
5.455990000,47.144880000,201.000
5.456010000,47.144910000,201.000
5.456030000,47.144950000,201.000
5.456040000,47.144990000,201.000
5.456050000,47.145030000,201.000
5.456050000,47.145070000,201.000
5.456040000,47.145110000,201.000
5.456010000,47.145230000,201.000
5.455980000,47.145310000,201.000
5.455940000,47.145440000,201.000
5.455900000,47.145560000,202.000
5.455940000,47.145600000,202.000
5.455970000,47.145630000,202.000
5.456010000,47.145640000,202.000
5.456100000,47.145660000,202.000
5.456220000,47.145670000,202.000
5.456290000,47.145680000,202.000
5.456440000,47.145670000,202.000
5.456570000,47.145670000,202.000
5.456700000,47.145670000,202.000
5.456820000,47.145670000,202.000
5.456830000,47.145670000,202.000
5.456950000,47.145680000,202.000
5.457070000,47.145690000,203.000
5.457260000,47.145710000,203.000
5.457340000,47.145720000,203.000
5.457440000,47.145730000,203.000
5.457600000,47.145750000,203.000
5.457830000,47.145760000,203.000
5.458040000,47.145770000,203.000
5.458150000,47.145760000,203.000
5.458210000,47.145760000,203.000
5.458410000,47.145770000,204.000
5.458500000,47.145760000,204.000
5.458500000,47.145760000,204.000
5.458560000,47.145840000,204.000
5.458610000,47.145910000,204.000
5.458640000,47.145970000,204.000
5.458660000,47.146000000,204.000
5.458690000,47.146090000,204.000
5.458700000,47.146110000,204.000
5.458720000,47.146210000,204.000
5.458730000,47.146240000,204.000
5.458750000,47.146350000,205.000
5.458760000,47.146460000,205.000
5.458800000,47.146580000,205.000
5.458860000,47.146720000,205.000
5.458910000,47.146810000,205.000
5.458980000,47.146940000,205.000
5.459090000,47.147160000,206.000
5.459210000,47.147370000,206.000
5.459260000,47.147430000,206.000
5.459280000,47.147450000,206.000
5.459320000,47.147490000,206.000
5.459360000,47.147530000,207.000
5.459450000,47.147570000,207.000
5.459580000,47.147610000,207.000
5.459580000,47.147610000,207.000
5.459720000,47.147650000,207.000
5.459870000,47.147680000,207.000
5.460000000,47.147720000,207.000
5.460100000,47.147770000,207.000
5.460170000,47.147810000,208.000
5.460240000,47.147870000,208.000
5.460250000,47.147880000,208.000
5.460300000,47.147930000,208.000
5.460320000,47.147950000,208.000
5.460440000,47.148080000,208.000
5.460580000,47.148240000,208.000
5.460690000,47.148370000,208.000
5.460740000,47.148430000,209.000
5.460760000,47.148450000,209.000
5.460800000,47.148490000,209.000
5.460920000,47.148630000,209.000
5.461060000,47.148780000,209.000
5.461260000,47.148990000,209.000
5.461450000,47.149200000,210.000
5.461650000,47.149400000,210.000
5.461680000,47.149430000,211.000
5.461680000,47.149440000,211.000
5.461850000,47.149600000,211.000
5.461970000,47.149720000,212.000
5.462150000,47.149880000,212.000
5.462390000,47.150090000,213.000
5.462430000,47.150130000,213.000
5.462460000,47.150150000,213.000
5.462630000,47.150300000,214.000
5.462660000,47.150330000,214.000
5.462870000,47.150500000,214.000
5.463080000,47.150670000,214.000
5.463100000,47.150680000,214.000
5.463140000,47.150710000,214.000
5.463250000,47.150790000,214.000
5.463280000,47.150810000,214.000
5.463330000,47.150840000,214.000
5.463400000,47.150890000,214.000
5.463470000,47.150940000,214.000
5.463530000,47.150970000,214.000
5.463680000,47.151060000,214.000
5.463720000,47.151080000,214.000
5.463840000,47.151140000,214.000
5.463890000,47.151160000,214.000
5.464000000,47.151210000,214.000
5.464190000,47.151300000,214.000
5.464370000,47.151380000,214.000
5.464490000,47.151440000,214.000
5.464740000,47.151560000,214.000
5.465020000,47.151690000,215.000
5.465490000,47.151930000,215.000
5.465860000,47.152110000,215.000
5.465880000,47.152120000,216.000
5.466140000,47.152220000,216.000
5.466330000,47.152300000,216.000
5.466450000,47.152350000,216.000
5.466560000,47.152390000,217.000
5.466780000,47.152490000,217.000
5.467010000,47.152580000,217.000
5.467190000,47.152650000,217.000
5.467350000,47.152700000,218.000
5.467530000,47.152760000,218.000
5.467770000,47.152810000,219.000
5.467960000,47.152850000,219.000
5.467980000,47.152860000,220.000
5.468140000,47.152890000,220.000
5.468240000,47.152900000,221.000
5.468420000,47.152920000,221.000
5.468620000,47.152940000,222.000
5.468760000,47.152960000,222.000
5.468780000,47.152960000,222.000
5.468950000,47.152990000,223.000
5.469120000,47.153040000,223.000
5.469290000,47.153100000,224.000
5.469460000,47.153200000,224.000
5.469480000,47.153200000,225.000
5.469670000,47.153310000,225.000
5.469710000,47.153340000,225.000
5.469870000,47.153430000,225.000
5.469940000,47.153470000,226.000
5.470060000,47.153550000,226.000
5.470090000,47.153570000,226.000
5.470230000,47.153670000,226.000
5.470410000,47.153780000,226.000
5.470440000,47.153800000,226.000
5.470630000,47.153920000,226.000
5.470700000,47.153970000,227.000
5.470830000,47.154050000,227.000
5.470920000,47.154110000,227.000
5.471120000,47.154260000,227.000
5.471270000,47.154370000,227.000
5.471390000,47.154460000,227.000
5.471560000,47.154620000,227.000
5.471730000,47.154780000,228.000
5.471860000,47.154910000,228.000
5.471980000,47.155000000,228.000
5.472110000,47.155070000,229.000
5.472120000,47.155070000,229.000
5.472260000,47.155130000,229.000
5.472280000,47.155130000,229.000
5.472460000,47.155180000,229.000
5.472510000,47.155190000,230.000
5.472650000,47.155230000,230.000
5.472870000,47.155250000,230.000
5.473140000,47.155260000,230.000
5.473290000,47.155250000,231.000
5.473410000,47.155240000,231.000
5.473550000,47.155230000,231.000
5.473660000,47.155220000,231.000
5.473810000,47.155200000,232.000
5.473960000,47.155180000,232.000
5.474080000,47.155190000,233.000
5.474170000,47.155190000,233.000
5.474370000,47.155210000,234.000
5.474650000,47.155260000,235.000
5.474910000,47.155310000,236.000
5.475080000,47.155340000,237.000
5.475110000,47.155350000,237.000
5.475170000,47.155360000,238.000
5.475310000,47.155410000,239.000
5.475340000,47.155430000,239.000
5.475450000,47.155470000,239.000
5.475570000,47.155520000,240.000
5.475620000,47.155540000,240.000
5.475750000,47.155580000,241.000
5.475810000,47.155600000,241.000
5.475890000,47.155620000,242.000
5.475990000,47.155640000,242.000
5.476060000,47.155660000,243.000
5.476060000,47.155660000,243.000
5.476200000,47.155610000,243.000
5.476380000,47.155560000,244.000
5.476610000,47.155500000,245.000
5.476720000,47.155470000,245.000
5.476880000,47.155430000,246.000
5.477150000,47.155370000,247.000
5.477310000,47.155340000,248.000
5.477500000,47.155310000,248.000
5.477670000,47.155290000,249.000
5.477700000,47.155290000,250.000
5.477900000,47.155270000,250.000
5.477930000,47.155270000,251.000
5.477990000,47.155250000,251.000
5.478060000,47.155240000,252.000
5.478100000,47.155240000,252.000
5.478320000,47.155180000,253.000
5.478470000,47.155130000,253.000
5.478510000,47.155120000,254.000
5.478690000,47.155060000,254.000
5.478710000,47.155050000,255.000
5.478850000,47.155000000,255.000
5.478950000,47.154980000,255.000
5.479080000,47.154950000,255.000
5.479200000,47.154930000,255.000
5.479330000,47.154900000,256.000
5.479500000,47.154870000,256.000
5.479600000,47.154840000,256.000
5.479610000,47.154830000,256.000
5.479710000,47.154790000,256.000
5.479770000,47.154760000,256.000
5.479930000,47.154670000,256.000
5.480120000,47.154560000,256.000
5.480230000,47.154520000,256.000
5.480360000,47.154490000,256.000
5.480450000,47.154480000,256.000
5.480560000,47.154480000,256.000
5.480760000,47.154490000,256.000
5.480790000,47.154490000,256.000
5.481030000,47.154510000,256.000
5.481240000,47.154530000,256.000
5.481470000,47.154590000,256.000
5.481550000,47.154600000,256.000
5.481680000,47.154620000,256.000
5.481810000,47.154630000,256.000
5.481830000,47.154630000,256.000
5.482080000,47.154630000,256.000
5.482340000,47.154600000,255.000
5.482600000,47.154590000,255.000
5.482820000,47.154580000,255.000
5.482930000,47.154570000,254.000
5.483180000,47.154550000,254.000
5.483410000,47.154510000,254.000
5.483410000,47.154510000,254.000
5.483450000,47.154550000,253.000
5.483500000,47.154640000,253.000
5.483520000,47.154670000,253.000
5.483580000,47.154740000,253.000
5.483590000,47.154760000,253.000
5.483630000,47.154810000,253.000
5.483640000,47.154830000,253.000
5.483650000,47.154850000,253.000
5.483710000,47.154930000,253.000
5.483770000,47.155030000,253.000
5.483850000,47.155120000,253.000
5.483900000,47.155180000,253.000
5.483940000,47.155230000,253.000
5.484040000,47.155350000,253.000
5.484110000,47.155420000,253.000
5.484300000,47.155480000,253.000
5.484430000,47.155520000,253.000
5.484550000,47.155550000,253.000
5.484660000,47.155540000,253.000
5.484750000,47.155520000,253.000
5.484810000,47.155510000,253.000
5.484830000,47.155510000,253.000
5.484920000,47.155500000,253.000
5.485150000,47.155490000,253.000
5.485340000,47.155490000,253.000
5.485360000,47.155490000,253.000
5.485450000,47.155490000,253.000
5.485510000,47.155510000,253.000
5.485530000,47.155510000,253.000
5.485570000,47.155520000,253.000
5.485690000,47.155590000,253.000
5.485780000,47.155650000,253.000
5.485820000,47.155680000,253.000
5.485960000,47.155790000,253.000
5.486100000,47.155890000,254.000
5.486230000,47.155990000,254.000
5.486270000,47.156020000,255.000
5.486340000,47.156070000,255.000
5.486430000,47.156160000,255.000
5.486440000,47.156160000,256.000
5.486520000,47.156270000,256.000
5.486560000,47.156320000,256.000
5.486590000,47.156350000,257.000
5.486620000,47.156380000,257.000
5.486700000,47.156460000,257.000
5.486710000,47.156470000,258.000
5.486780000,47.156540000,258.000
5.486920000,47.156640000,258.000
5.487100000,47.156770000,259.000
5.487270000,47.156910000,260.000
5.487390000,47.157010000,260.000
5.487450000,47.157070000,261.000
5.487620000,47.157220000,261.000
5.487770000,47.157360000,262.000
5.487880000,47.157440000,262.000
5.487920000,47.157460000,262.000
5.488100000,47.157590000,263.000
5.488230000,47.157700000,263.000
5.488350000,47.157830000,264.000
5.488440000,47.157950000,264.000
5.488490000,47.158020000,264.000
5.488510000,47.158050000,265.000
5.488520000,47.158060000,265.000
5.488580000,47.158190000,265.000
5.488590000,47.158200000,265.000
5.488660000,47.158340000,265.000
5.488670000,47.158360000,266.000
5.488680000,47.158390000,266.000
5.488700000,47.158470000,266.000
5.488710000,47.158540000,266.000
5.488720000,47.158580000,266.000
5.488720000,47.158670000,266.000
5.488740000,47.158710000,266.000
5.488760000,47.158740000,266.000
5.488790000,47.158770000,266.000
5.488860000,47.158810000,266.000
5.488930000,47.158830000,266.000
5.489010000,47.158830000,266.000
5.489140000,47.158800000,266.000
5.489260000,47.158750000,266.000
5.489260000,47.158750000,266.000
5.489430000,47.158920000,266.000
5.489610000,47.159100000,266.000
5.489710000,47.159190000,266.000
5.489840000,47.159300000,265.000
5.489840000,47.159310000,265.000
5.490050000,47.159500000,265.000
5.490180000,47.159620000,265.000
5.490190000,47.159620000,265.000
5.490320000,47.159740000,265.000
5.490330000,47.159740000,265.000
5.490440000,47.159840000,264.000
5.490480000,47.159880000,264.000
5.490590000,47.159980000,264.000
5.490630000,47.160020000,263.000
5.490770000,47.160150000,263.000
5.491150000,47.160480000,261.000
5.491150000,47.160490000,260.000
5.491570000,47.160890000,259.000
5.491810000,47.161150000,257.000
5.491960000,47.161320000,256.000
5.492110000,47.161520000,254.000
5.492350000,47.161880000,254.000
5.492670000,47.162370000,253.000
5.492680000,47.162380000,252.000
5.492790000,47.162560000,252.000
5.492920000,47.162740000,252.000
5.493020000,47.162890000,251.000
5.493150000,47.163040000,251.000
5.493280000,47.163180000,251.000
5.493390000,47.163290000,250.000
5.493460000,47.163350000,250.000
5.493610000,47.163470000,250.000
5.493780000,47.163590000,249.000
5.493950000,47.163700000,249.000
5.494480000,47.163990000,248.000
5.494790000,47.164160000,247.000
5.494940000,47.164250000,246.000
5.495010000,47.164280000,246.000
5.495140000,47.164370000,245.000
5.495180000,47.164390000,245.000
5.495370000,47.164520000,245.000
5.495680000,47.164760000,244.000
5.495780000,47.164850000,243.000
5.495910000,47.164990000,242.000
5.496040000,47.165120000,242.000
5.496150000,47.165260000,241.000
5.496240000,47.165380000,240.000
5.496350000,47.165540000,240.000
5.496490000,47.165790000,239.000
5.496570000,47.165960000,238.000
5.496620000,47.166090000,237.000
5.496660000,47.166220000,237.000
5.496730000,47.166420000,237.000
5.496760000,47.166640000,236.000
5.496770000,47.166800000,236.000
5.496780000,47.166970000,235.000
5.496770000,47.167140000,235.000
5.496740000,47.167310000,235.000
5.496670000,47.167620000,234.000
5.496520000,47.168240000,234.000
5.496180000,47.169660000,231.000
5.496110000,47.169940000,230.000
5.495970000,47.170490000,228.000
5.495940000,47.170620000,226.000
5.495880000,47.170880000,225.000
5.495820000,47.171080000,224.000
5.495740000,47.171430000,223.000
5.495600000,47.171980000,222.000
5.495430000,47.172680000,221.000
5.495340000,47.173040000,221.000
5.495240000,47.173440000,221.000
5.495140000,47.173770000,222.000
5.495060000,47.174080000,223.000
5.495010000,47.174280000,224.000
5.494950000,47.174530000,225.000
5.494860000,47.174900000,226.000
5.494850000,47.174950000,226.000
5.494820000,47.175070000,227.000
5.494770000,47.175300000,227.000
5.494740000,47.175410000,227.000
5.494700000,47.175610000,227.000
5.494650000,47.175840000,227.000
5.494580000,47.176110000,227.000
5.494580000,47.176140000,227.000
5.494540000,47.176320000,227.000
5.494530000,47.176370000,227.000
5.494450000,47.176780000,226.000
5.494430000,47.176870000,226.000
5.494420000,47.176990000,226.000
5.494410000,47.177080000,226.000
5.494420000,47.177260000,226.000
5.494430000,47.177350000,226.000
5.494450000,47.177510000,226.000
5.494470000,47.177590000,225.000
5.494490000,47.177660000,225.000
5.494510000,47.177750000,225.000
5.494520000,47.177760000,225.000
5.494560000,47.177870000,225.000
5.494610000,47.177990000,225.000
5.494650000,47.178060000,225.000
5.494700000,47.178160000,225.000
5.494780000,47.178270000,225.000
5.494860000,47.178380000,224.000
5.494950000,47.178500000,224.000
5.495140000,47.178710000,224.000
5.495300000,47.178880000,223.000
5.495490000,47.179070000,223.000
5.495560000,47.179140000,222.000
5.495590000,47.179180000,222.000
5.496070000,47.179670000,221.000
5.496180000,47.179780000,221.000
5.496220000,47.179820000,220.000
5.496900000,47.180530000,220.000
5.496960000,47.180600000,220.000
5.497020000,47.180660000,220.000
5.497220000,47.180860000,220.000
5.497610000,47.181270000,220.000
5.497890000,47.181540000,220.000
5.498000000,47.181660000,221.000
5.498080000,47.181730000,221.000
5.498130000,47.181780000,221.000
5.498210000,47.181850000,222.000
5.498240000,47.181870000,222.000
5.498830000,47.182300000,223.000
5.499130000,47.182500000,225.000
5.499480000,47.182740000,226.000
5.499600000,47.182820000,227.000
5.500610000,47.183490000,230.000
5.500740000,47.183570000,231.000
5.500800000,47.183610000,233.000
5.500990000,47.183740000,233.000
5.501190000,47.183860000,234.000
5.501380000,47.183980000,235.000
5.501550000,47.184090000,236.000
5.501770000,47.184230000,236.000
5.501970000,47.184350000,237.000
5.502160000,47.184470000,237.000
5.502750000,47.184830000,238.000
5.503170000,47.185090000,238.000
5.503170000,47.185090000,239.000
5.503540000,47.185310000,239.000
5.503730000,47.185430000,238.000
5.504120000,47.185670000,238.000
5.504570000,47.185940000,238.000
5.505160000,47.186300000,237.000
5.505940000,47.186770000,238.000
5.506030000,47.186820000,239.000
5.506090000,47.186850000,240.000
5.506230000,47.186930000,240.000
5.506250000,47.186940000,241.000
5.506440000,47.187040000,242.000
5.506500000,47.187080000,242.000
5.506560000,47.187110000,242.000
5.506650000,47.187160000,243.000
5.506700000,47.187190000,243.000
5.508720000,47.188280000,247.000
5.508780000,47.188310000,249.000
5.508920000,47.188390000,250.000
5.510580000,47.189280000,252.000
5.510640000,47.189320000,253.000
5.510790000,47.189400000,253.000
5.510850000,47.189430000,254.000
5.510990000,47.189510000,254.000
5.511620000,47.189840000,255.000
5.511820000,47.189960000,255.000
5.512240000,47.190180000,256.000
5.512440000,47.190290000,256.000
5.512500000,47.190320000,256.000
5.512550000,47.190350000,257.000
5.512650000,47.190400000,257.000
5.512860000,47.190520000,257.000
5.513070000,47.190630000,257.000
5.513290000,47.190740000,257.000
5.514340000,47.191290000,255.000
5.514970000,47.191620000,254.000
5.515060000,47.191660000,253.000
5.515570000,47.191920000,251.000
5.515850000,47.192070000,250.000
5.516770000,47.192540000,249.000
5.517390000,47.192860000,247.000
5.518030000,47.193200000,245.000
5.518880000,47.193640000,243.000
5.519230000,47.193810000,241.000
5.519540000,47.193970000,239.000
5.519980000,47.194200000,237.000
5.520040000,47.194230000,236.000
5.520480000,47.194470000,236.000
5.520690000,47.194580000,235.000
5.521320000,47.194910000,235.000
5.521740000,47.195130000,235.000
5.522300000,47.195400000,235.000
5.522580000,47.195540000,235.000
5.522780000,47.195630000,235.000
5.523100000,47.195810000,235.000
5.523210000,47.195860000,235.000
5.523520000,47.196010000,235.000
5.523730000,47.196090000,235.000
5.523770000,47.196110000,235.000
5.523810000,47.196140000,235.000
5.523840000,47.196170000,235.000
5.523860000,47.196190000,235.000
5.523860000,47.196220000,235.000
5.523860000,47.196250000,235.000
5.523860000,47.196270000,235.000
5.523850000,47.196300000,235.000
5.523830000,47.196330000,235.000
5.523760000,47.196420000,235.000
5.523610000,47.196570000,236.000
5.523560000,47.196620000,236.000
5.523540000,47.196650000,236.000
5.523520000,47.196670000,237.000
5.523500000,47.196710000,237.000
5.523480000,47.196770000,237.000
5.523470000,47.196810000,238.000
5.523460000,47.196860000,238.000
5.523450000,47.196950000,238.000
5.523450000,47.197020000,239.000
5.523450000,47.197060000,239.000
5.523460000,47.197090000,239.000
5.523480000,47.197130000,239.000
5.523510000,47.197180000,240.000
5.523550000,47.197240000,240.000
5.523930000,47.197640000,241.000
5.523980000,47.197680000,242.000
5.524030000,47.197730000,242.000
5.524130000,47.197860000,243.000
5.524190000,47.197930000,244.000
5.524230000,47.197980000,244.000
5.524320000,47.198050000,245.000
5.524420000,47.198120000,245.000
5.524520000,47.198190000,245.000
5.525010000,47.198480000,246.000
5.525670000,47.198860000,248.000
5.525800000,47.198940000,249.000
5.525990000,47.199060000,250.000
5.526050000,47.199110000,251.000
5.526120000,47.199160000,252.000
5.526280000,47.199290000,252.000
5.526500000,47.199460000,253.000
5.526910000,47.199860000,254.000
5.527030000,47.199970000,255.000
5.527220000,47.200150000,256.000
5.527260000,47.200200000,257.000
5.527350000,47.200280000,257.000
5.527400000,47.200330000,258.000
5.527420000,47.200340000,258.000
5.527500000,47.200430000,258.000
5.527810000,47.200720000,259.000
5.527810000,47.200730000,260.000
5.528180000,47.201080000,260.000
5.528260000,47.201160000,261.000
5.528330000,47.201230000,262.000
5.528420000,47.201310000,262.000
5.528720000,47.201610000,263.000
5.528880000,47.201760000,263.000
5.528940000,47.201810000,264.000
5.529030000,47.201900000,264.000
5.529190000,47.202050000,265.000
5.529260000,47.202110000,265.000
5.529350000,47.202190000,266.000
5.529410000,47.202250000,266.000
5.529470000,47.202300000,266.000
5.529510000,47.202330000,266.000
5.529680000,47.202470000,265.000
5.529850000,47.202610000,265.000
5.529920000,47.202670000,264.000
5.530240000,47.202930000,264.000
5.530530000,47.203160000,263.000
5.531110000,47.203630000,261.000
5.531210000,47.203710000,260.000
5.531930000,47.204280000,257.000
5.532630000,47.204840000,255.000
5.532870000,47.205030000,252.000
5.533100000,47.205220000,250.000
5.533280000,47.205350000,249.000
5.533540000,47.205560000,248.000
5.533780000,47.205750000,246.000
5.534140000,47.206030000,245.000
5.534230000,47.206110000,244.000
5.534240000,47.206110000,244.000
5.534570000,47.206390000,243.000
5.534690000,47.206500000,242.000
5.534880000,47.206650000,241.000
5.534960000,47.206720000,241.000
5.535220000,47.206930000,240.000
5.535460000,47.207140000,239.000
5.535560000,47.207230000,239.000
5.535600000,47.207260000,238.000
5.536130000,47.207720000,237.000
5.536280000,47.207850000,236.000
5.536290000,47.207860000,236.000
5.536560000,47.208090000,235.000
5.536610000,47.208140000,235.000
5.536800000,47.208320000,234.000
5.537040000,47.208570000,235.000
5.537060000,47.208590000,235.000
5.537160000,47.208700000,235.000
5.537190000,47.208740000,236.000
5.537330000,47.208900000,236.000
5.537550000,47.209160000,236.000
5.537750000,47.209400000,237.000
5.537960000,47.209680000,238.000
5.538190000,47.209960000,239.000
5.538220000,47.210000000,240.000
5.538270000,47.210060000,240.000
5.538320000,47.210120000,241.000
5.538350000,47.210160000,241.000
5.538750000,47.210670000,242.000
5.538860000,47.210790000,243.000
5.538950000,47.210910000,244.000
5.538990000,47.210950000,245.000
5.539070000,47.211050000,245.000
5.539910000,47.212030000,247.000
5.540040000,47.212170000,249.000
5.540050000,47.212190000,250.000
5.540070000,47.212210000,250.000
5.540140000,47.212310000,250.000
5.540220000,47.212410000,251.000
5.540290000,47.212510000,251.000
5.540370000,47.212630000,251.000
5.540430000,47.212730000,251.000
5.540470000,47.212820000,251.000
5.540530000,47.212980000,251.000
5.540610000,47.213220000,251.000
5.540670000,47.213420000,250.000
5.540710000,47.213550000,250.000
5.540900000,47.214050000,250.000
5.540910000,47.214070000,250.000
5.540910000,47.214090000,250.000
5.541050000,47.214420000,250.000
5.541180000,47.214750000,250.000
5.541250000,47.214910000,250.000
5.541260000,47.214940000,251.000
5.541270000,47.214960000,251.000
5.541470000,47.215440000,251.000
5.541830000,47.216230000,252.000
5.541920000,47.216410000,253.000
5.542090000,47.216730000,254.000
5.542100000,47.216730000,254.000
5.542190000,47.216900000,255.000
5.542480000,47.217430000,256.000
5.542630000,47.217680000,257.000
5.542720000,47.217850000,258.000
5.542750000,47.217910000,258.000
5.542790000,47.217980000,259.000
5.542830000,47.218080000,259.000
5.542850000,47.218160000,259.000
5.542870000,47.218260000,259.000
5.542890000,47.218330000,259.000
5.542910000,47.218440000,259.000
5.542930000,47.218620000,259.000
5.542950000,47.218740000,259.000
5.542980000,47.218970000,259.000
5.542980000,47.218980000,259.000
5.543010000,47.219150000,259.000
5.543130000,47.220050000,259.000
5.543160000,47.220230000,259.000
5.543240000,47.220850000,258.000
5.543250000,47.220890000,257.000
5.543260000,47.220940000,257.000
5.543280000,47.221140000,256.000
5.543340000,47.221480000,256.000
5.543370000,47.221660000,255.000
5.543400000,47.221840000,255.000
5.543490000,47.222370000,254.000
5.543540000,47.222620000,253.000
5.543620000,47.222950000,253.000
5.543650000,47.223060000,252.000
5.543730000,47.223290000,251.000
5.543800000,47.223490000,251.000
5.543910000,47.223720000,250.000
5.543910000,47.223730000,250.000
5.544070000,47.224070000,250.000
5.544320000,47.224580000,248.000
5.544500000,47.224940000,247.000
5.544950000,47.225950000,245.000
5.544970000,47.226000000,244.000
5.544990000,47.226030000,243.000
5.545030000,47.226120000,242.000
5.545060000,47.226210000,242.000
5.545070000,47.226220000,241.000
5.545100000,47.226300000,241.000
5.545150000,47.226400000,241.000
5.545220000,47.226570000,240.000
5.545290000,47.226720000,240.000
5.545300000,47.226740000,240.000
5.545310000,47.226770000,239.000
5.545330000,47.226810000,239.000
5.545340000,47.226850000,239.000
5.545410000,47.227010000,239.000
5.545450000,47.227090000,239.000
5.545820000,47.227950000,238.000
5.546120000,47.228640000,237.000
5.546190000,47.228800000,236.000
5.546200000,47.228810000,236.000
5.546270000,47.228980000,236.000
5.546330000,47.229140000,236.000
5.546340000,47.229160000,236.000
5.546490000,47.229500000,236.000
5.546850000,47.230370000,236.000
5.546940000,47.230580000,235.000
5.547320000,47.231480000,235.000
5.547650000,47.232270000,235.000
5.547730000,47.232440000,234.000
5.547800000,47.232620000,233.000
5.547870000,47.232790000,233.000
5.547940000,47.232960000,232.000
5.548010000,47.233140000,232.000
5.548040000,47.233190000,231.000
5.548080000,47.233310000,231.000
5.548090000,47.233350000,231.000
5.548140000,47.233470000,230.000
5.548170000,47.233620000,230.000
5.548210000,47.233820000,229.000
5.548320000,47.234730000,228.000
5.548330000,47.234740000,227.000
5.548360000,47.234920000,227.000
5.548360000,47.234930000,226.000
5.548490000,47.235330000,226.000
5.548530000,47.235430000,227.000
5.548610000,47.235610000,227.000
5.548660000,47.235700000,227.000
5.548700000,47.235780000,227.000
5.548760000,47.235870000,227.000
5.548860000,47.236030000,227.000
5.548970000,47.236200000,227.000
5.549080000,47.236360000,228.000
5.549180000,47.236530000,228.000
5.549370000,47.236810000,228.000
5.549510000,47.237020000,228.000
5.549700000,47.237310000,228.000
5.549720000,47.237330000,227.000
5.549900000,47.237600000,227.000
5.550220000,47.238050000,227.000
5.550350000,47.238250000,226.000
5.550470000,47.238410000,226.000
5.550500000,47.238460000,226.000
5.550780000,47.238850000,226.000
5.550810000,47.238900000,226.000
5.550930000,47.239060000,226.000
5.551040000,47.239220000,226.000
5.551390000,47.239710000,227.000
5.551510000,47.239870000,227.000
5.552050000,47.240620000,228.000
5.552210000,47.240840000,228.000
5.552270000,47.240920000,229.000
5.552560000,47.241310000,229.000
5.552610000,47.241390000,230.000
5.552800000,47.241660000,230.000
5.553280000,47.242330000,231.000
5.553360000,47.242450000,232.000
5.553390000,47.242490000,233.000
5.553480000,47.242620000,233.000
5.553500000,47.242660000,234.000
5.553600000,47.242810000,234.000
5.553690000,47.242960000,234.000
5.553850000,47.243300000,235.000
5.553930000,47.243460000,235.000
5.554130000,47.243930000,235.000
5.554270000,47.244260000,235.000
5.554520000,47.244830000,234.000
5.554600000,47.245000000,234.000
5.554780000,47.245420000,233.000
5.554900000,47.245690000,232.000
5.554980000,47.245860000,231.000
5.555050000,47.246030000,231.000
5.555130000,47.246210000,230.000
5.555210000,47.246380000,229.000
5.555210000,47.246390000,229.000
5.555280000,47.246550000,229.000
5.555360000,47.246720000,228.000
5.555410000,47.246840000,228.000
5.555430000,47.246900000,227.000
5.555500000,47.247070000,227.000
5.555520000,47.247130000,226.000
5.555750000,47.247770000,225.000
5.555800000,47.247910000,225.000
5.555810000,47.247940000,224.000
5.555870000,47.248120000,223.000
5.555900000,47.248200000,223.000
5.556040000,47.248560000,222.000
5.556070000,47.248640000,222.000
5.556140000,47.248820000,221.000
5.556220000,47.249000000,220.000
5.556360000,47.249330000,219.000
5.556410000,47.249430000,219.000
5.556670000,47.249950000,218.000
5.556750000,47.250120000,217.000
5.556780000,47.250180000,217.000
5.556900000,47.250420000,216.000
5.557160000,47.250980000,216.000
5.557240000,47.251150000,216.000
5.557320000,47.251310000,216.000
5.557400000,47.251490000,216.000
5.557480000,47.251660000,216.000
5.557480000,47.251670000,216.000
5.557790000,47.252350000,216.000
5.557950000,47.252700000,216.000
5.558020000,47.252870000,215.000
5.558470000,47.253850000,214.000
5.558660000,47.254280000,214.000
5.558680000,47.254320000,213.000
5.558700000,47.254360000,213.000
5.558900000,47.254810000,212.000
5.559250000,47.255590000,212.000
5.559560000,47.255860000,211.000
5.559560000,47.255860000,210.000
5.559580000,47.255860000,210.000
5.559600000,47.255860000,210.000
5.559620000,47.255870000,210.000
5.559640000,47.255870000,210.000
5.559660000,47.255880000,210.000
5.559670000,47.255890000,209.000
5.559690000,47.255900000,209.000
5.559700000,47.255910000,209.000
5.559720000,47.255920000,209.000
5.560090000,47.255960000,209.000
5.560550000,47.255850000,209.000
5.560700000,47.255800000,208.000
5.560940000,47.255720000,208.000
5.561130000,47.255660000,207.000
5.561480000,47.255530000,207.000
5.562010000,47.255320000,206.000
5.562100000,47.255290000,206.000
5.562450000,47.255170000,206.000
5.562570000,47.255130000,206.000
5.562830000,47.255060000,207.000
5.562940000,47.255010000,208.000
5.563050000,47.254970000,208.000
5.563370000,47.254800000,209.000
5.563370000,47.254800000,210.000
5.563380000,47.254790000,211.000
5.563380000,47.254770000,211.000
5.563380000,47.254750000,211.000
5.563390000,47.254740000,211.000
5.563400000,47.254720000,212.000
5.563410000,47.254710000,212.000
5.563430000,47.254690000,212.000
5.563440000,47.254680000,212.000
5.563460000,47.254670000,212.000
5.563480000,47.254660000,212.000
5.563500000,47.254650000,212.000
5.563520000,47.254640000,213.000
5.563540000,47.254630000,213.000
5.563570000,47.254620000,213.000
5.563590000,47.254620000,213.000
5.563610000,47.254610000,213.000
5.563640000,47.254610000,213.000
5.563660000,47.254610000,213.000
5.563690000,47.254610000,213.000
5.563710000,47.254610000,214.000
5.563750000,47.254620000,214.000
5.563780000,47.254630000,214.000
5.563810000,47.254640000,214.000
5.563830000,47.254650000,214.000
5.563850000,47.254660000,214.000
5.563870000,47.254670000,214.000
5.563880000,47.254680000,214.000
5.563900000,47.254690000,215.000
5.563910000,47.254710000,215.000
5.563920000,47.254720000,215.000
5.563930000,47.254740000,215.000
5.563940000,47.254750000,215.000
5.563940000,47.254770000,215.000
5.563950000,47.254780000,215.000
5.563950000,47.254790000,215.000
5.563950000,47.254800000,215.000
5.563950000,47.254810000,215.000
5.563950000,47.254820000,216.000
5.563950000,47.254830000,216.000
5.563940000,47.254840000,216.000
5.564210000,47.255020000,216.000
5.566360000,47.255890000,214.000
5.566790000,47.256060000,212.000
5.566810000,47.256070000,211.000
5.567040000,47.256160000,210.000
5.567270000,47.256250000,208.000
5.568720000,47.256820000,204.000
5.568880000,47.256890000,201.000
5.568950000,47.256920000,199.000
5.569030000,47.256950000,197.000
5.569880000,47.257310000,194.000
5.570160000,47.257420000,192.000
5.570280000,47.257470000,191.000
5.570510000,47.257560000,190.000
5.571280000,47.257860000,190.000
5.571380000,47.257900000,190.000
5.571540000,47.257960000,189.000
5.571660000,47.258000000,189.000
5.571740000,47.258050000,189.000
5.572120000,47.258240000,189.000
5.572580000,47.258480000,189.000
5.572700000,47.258540000,189.000
5.573430000,47.259060000,190.000
5.573530000,47.259160000,190.000
5.574000000,47.259600000,190.000
5.574300000,47.260020000,191.000
5.574550000,47.260510000,191.000
5.574570000,47.260600000,191.000
5.574900000,47.261860000,192.000
5.575000000,47.262190000,193.000
5.575090000,47.262530000,194.000
5.575140000,47.262700000,195.000
5.575230000,47.263060000,197.000
5.575320000,47.263380000,199.000
5.575330000,47.263410000,200.000
5.575470000,47.263940000,202.000
5.575490000,47.264030000,203.000
5.575610000,47.264290000,204.000
5.575730000,47.264570000,205.000
5.575890000,47.264790000,206.000
5.576020000,47.264970000,207.000
5.576070000,47.265030000,207.000
5.576130000,47.265110000,207.000
5.576140000,47.265130000,208.000
5.576190000,47.265190000,208.000
5.576780000,47.265990000,209.000
5.576970000,47.266230000,209.000
5.577150000,47.266470000,209.000
5.577470000,47.266870000,208.000
5.577590000,47.267030000,208.000
5.577730000,47.267200000,207.000
5.577860000,47.267360000,207.000
5.578110000,47.267680000,206.000
5.578160000,47.267740000,206.000
5.578200000,47.267800000,206.000
5.578350000,47.267980000,206.000
5.578970000,47.268770000,209.000
5.579150000,47.268990000,211.000
5.579700000,47.269710000,214.000
5.579710000,47.269720000,217.000
5.579900000,47.269960000,218.000
5.580160000,47.270270000,218.000
5.580290000,47.270430000,218.000
5.580310000,47.270450000,218.000
5.580420000,47.270590000,218.000
5.580480000,47.270670000,218.000
5.580880000,47.271170000,217.000
5.580920000,47.271230000,216.000
5.580950000,47.271270000,216.000
5.580980000,47.271310000,215.000
5.581250000,47.271660000,215.000
5.581290000,47.271700000,215.000
5.581660000,47.272180000,214.000
5.581720000,47.272250000,214.000
5.581780000,47.272330000,213.000
5.582150000,47.272810000,213.000
5.582490000,47.273240000,213.000
5.582500000,47.273250000,212.000
5.582610000,47.273400000,212.000
5.582850000,47.273720000,212.000
5.583090000,47.274040000,212.000
5.583450000,47.274470000,212.000
5.583520000,47.274560000,213.000
5.583540000,47.274580000,213.000
5.583570000,47.274620000,213.000
5.583600000,47.274670000,213.000
5.583680000,47.274790000,213.000
5.583710000,47.274830000,213.000
5.583780000,47.274940000,213.000
5.583790000,47.274960000,213.000
5.583810000,47.274990000,213.000
5.583980000,47.275270000,214.000
5.584080000,47.275500000,214.000
5.584080000,47.275510000,214.000
5.584130000,47.275640000,214.000
5.584150000,47.275690000,214.000
5.584210000,47.275870000,215.000
5.584280000,47.276270000,215.000
5.584290000,47.276730000,216.000
5.584290000,47.276740000,216.000
5.584270000,47.276910000,216.000
5.584270000,47.276930000,216.000
5.584250000,47.277090000,216.000
5.584240000,47.277150000,216.000
5.584140000,47.277420000,216.000
5.584060000,47.277700000,216.000
5.583900000,47.278030000,216.000
5.583830000,47.278120000,216.000
5.583800000,47.278150000,216.000
5.583720000,47.278260000,216.000
5.583710000,47.278280000,216.000
5.583600000,47.278420000,216.000
5.583160000,47.279000000,216.000
5.583110000,47.279060000,216.000
5.583100000,47.279070000,216.000
5.583080000,47.279110000,216.000
5.582990000,47.279220000,216.000
5.582990000,47.279230000,216.000
5.582870000,47.279390000,216.000
5.582840000,47.279430000,216.000
5.582620000,47.279700000,216.000
5.582620000,47.279710000,216.000
5.582500000,47.279860000,216.000
5.582460000,47.279910000,216.000
5.582250000,47.280180000,216.000
5.582120000,47.280340000,216.000
5.582000000,47.280490000,216.000
5.581960000,47.280540000,216.000
5.581870000,47.280650000,216.000
5.581590000,47.281020000,215.000
5.581540000,47.281090000,214.000
5.581500000,47.281130000,214.000
5.581470000,47.281170000,213.000
5.581290000,47.281400000,213.000
5.581250000,47.281450000,212.000
5.581220000,47.281490000,212.000
5.581160000,47.281560000,211.000
5.581120000,47.281610000,211.000
5.581100000,47.281650000,211.000
5.580990000,47.281780000,210.000
5.580950000,47.281830000,210.000
5.580920000,47.281870000,209.000
5.580910000,47.281880000,209.000
5.580850000,47.281960000,209.000
5.580790000,47.282030000,209.000
5.580670000,47.282190000,208.000
5.580670000,47.282200000,208.000
5.580610000,47.282270000,207.000
5.580600000,47.282280000,207.000
5.580550000,47.282350000,207.000
5.580300000,47.282690000,207.000
5.580240000,47.282760000,207.000
5.580070000,47.282960000,207.000
5.580060000,47.283140000,207.000
5.580050000,47.283290000,208.000
5.580050000,47.283290000,208.000
5.580070000,47.283300000,208.000
5.580090000,47.283320000,208.000
5.580110000,47.283340000,208.000
5.580130000,47.283360000,208.000
5.580140000,47.283380000,208.000
5.580150000,47.283400000,208.000
5.580150000,47.283410000,208.000
5.580160000,47.283430000,208.000
5.580160000,47.283450000,208.000
5.580600000,47.283720000,208.000
5.581560000,47.284040000,209.000
5.581790000,47.284120000,209.000
5.581890000,47.284150000,209.000
5.582030000,47.284190000,210.000
5.582180000,47.284240000,210.000
5.582270000,47.284270000,210.000
5.582370000,47.284310000,210.000
5.582490000,47.284350000,210.000
5.582550000,47.284370000,210.000
5.582850000,47.284460000,211.000
5.583240000,47.284590000,211.000
5.583480000,47.284670000,211.000
5.583510000,47.284680000,211.000
5.583560000,47.284700000,212.000
5.583720000,47.284750000,212.000
5.583740000,47.284760000,212.000
5.584040000,47.284860000,212.000
5.584410000,47.284980000,212.000
5.584520000,47.285010000,213.000
5.585380000,47.285300000,213.000
5.585470000,47.285330000,213.000
5.585710000,47.285410000,213.000
5.586180000,47.285570000,214.000
5.586240000,47.285590000,214.000
5.586340000,47.285620000,214.000
5.586360000,47.285630000,214.000
5.586420000,47.285650000,214.000
5.586480000,47.285670000,214.000
5.587050000,47.285860000,215.000
5.587910000,47.286140000,216.000
5.587960000,47.286160000,217.000
5.587960000,47.286160000,217.000
5.588000000,47.286170000,218.000
5.588030000,47.286180000,218.000
5.588090000,47.286200000,218.000
5.588150000,47.286220000,218.000
5.588330000,47.286280000,219.000
5.588720000,47.286410000,219.000
5.589280000,47.286600000,220.000
5.589340000,47.286620000,220.000
5.590230000,47.286910000,221.000
5.590710000,47.287070000,222.000
5.590950000,47.287150000,223.000
5.591660000,47.287390000,224.000
5.591840000,47.287450000,224.000
5.591900000,47.287470000,225.000
5.592370000,47.287620000,226.000
5.592430000,47.287640000,226.000
5.592490000,47.287660000,226.000
5.593090000,47.287860000,227.000
5.593800000,47.288100000,228.000
5.594090000,47.288190000,229.000
5.594330000,47.288270000,230.000
5.595290000,47.288580000,230.000
5.595850000,47.288770000,231.000
5.597710000,47.289380000,232.000
5.598450000,47.289620000,233.000
5.598660000,47.289690000,233.000
5.599470000,47.289960000,233.000
5.599850000,47.290090000,233.000
5.600090000,47.290170000,233.000
5.602000000,47.290800000,234.000
5.602130000,47.290840000,234.000
5.602230000,47.290880000,235.000
5.604090000,47.291490000,235.000
5.604150000,47.291510000,236.000
5.604500000,47.291630000,236.000
5.604990000,47.291790000,237.000
5.605050000,47.291800000,238.000
5.605490000,47.291940000,239.000
5.605850000,47.292050000,240.000
5.606490000,47.292270000,241.000
5.606560000,47.292300000,242.000
5.606690000,47.292350000,242.000
5.606750000,47.292370000,243.000
5.606810000,47.292390000,243.000
5.607280000,47.292540000,243.000
5.607660000,47.292670000,243.000
5.607760000,47.292700000,243.000
5.607900000,47.292750000,243.000
5.610280000,47.293540000,242.000
5.611730000,47.294020000,243.000
5.613160000,47.294500000,244.000
5.614110000,47.294810000,245.000
5.614350000,47.294890000,246.000
5.615300000,47.295210000,247.000
5.617210000,47.295850000,248.000
5.617650000,47.295990000,249.000
5.617960000,47.296090000,250.000
5.618040000,47.296120000,251.000
5.618200000,47.296170000,252.000
5.618710000,47.296340000,253.000
5.618750000,47.296360000,254.000
5.618990000,47.296430000,254.000
5.619230000,47.296510000,255.000
5.619630000,47.296650000,256.000
5.619850000,47.296720000,257.000
5.619860000,47.296720000,257.000
5.619940000,47.296750000,258.000
5.621140000,47.297140000,260.000
5.621200000,47.297160000,261.000
5.621780000,47.297350000,263.000
5.621920000,47.297390000,265.000
5.621940000,47.297400000,266.000
5.622590000,47.297610000,267.000
5.622880000,47.297710000,268.000
5.623230000,47.297820000,269.000
5.623590000,47.297940000,270.000
5.623760000,47.298000000,270.000
5.623830000,47.298020000,270.000
5.624580000,47.298270000,271.000
5.624640000,47.298290000,271.000
5.624710000,47.298310000,271.000
5.625350000,47.298520000,271.000
5.625460000,47.298550000,271.000
5.625510000,47.298570000,271.000
5.625600000,47.298590000,271.000
5.625670000,47.298600000,271.000
5.625830000,47.298630000,271.000
5.625850000,47.298630000,271.000
5.626390000,47.298710000,270.000
5.626890000,47.298770000,270.000
5.627150000,47.298800000,269.000
5.627890000,47.298900000,268.000
5.628200000,47.298930000,267.000
5.628660000,47.298990000,267.000
5.628900000,47.299020000,267.000
5.629180000,47.299050000,267.000
5.629180000,47.299050000,267.000
5.629320000,47.299010000,267.000
5.629590000,47.298950000,268.000
5.629640000,47.298940000,268.000
5.629740000,47.298900000,268.000
5.629830000,47.298870000,268.000
5.629840000,47.298870000,269.000
5.629850000,47.298870000,269.000
5.629860000,47.298860000,269.000
5.629880000,47.298860000,269.000
5.629930000,47.298860000,269.000
5.630030000,47.298830000,269.000
5.630080000,47.298820000,269.000
5.630530000,47.298700000,270.000
5.630650000,47.298670000,270.000
5.631080000,47.298540000,270.000
5.631140000,47.298520000,271.000
5.631240000,47.298490000,271.000
5.631740000,47.298350000,271.000
5.631910000,47.298300000,272.000
5.631980000,47.298280000,272.000
5.631990000,47.298270000,272.000
5.632210000,47.298200000,272.000
5.632220000,47.298200000,272.000
5.632230000,47.298200000,272.000
5.632390000,47.298140000,272.000
5.632440000,47.298120000,272.000
5.632460000,47.298120000,272.000
5.632470000,47.298110000,272.000
5.632680000,47.298040000,273.000
5.632850000,47.297960000,273.000
5.632910000,47.297940000,273.000
5.633120000,47.297850000,273.000
5.633690000,47.297590000,273.000
5.633920000,47.297490000,273.000
5.634120000,47.297380000,272.000
5.634170000,47.297360000,271.000
5.635030000,47.296980000,269.000
5.635490000,47.296770000,266.000
5.635710000,47.296670000,264.000
5.635930000,47.296570000,262.000
5.636230000,47.296430000,260.000
5.636370000,47.296370000,260.000
5.636590000,47.296270000,259.000
5.637260000,47.295970000,259.000
5.637590000,47.295830000,259.000
5.637700000,47.295780000,259.000
5.637920000,47.295670000,259.000
5.638720000,47.295320000,259.000
5.638870000,47.295250000,259.000
5.639310000,47.295060000,260.000
5.639760000,47.294860000,261.000
5.639920000,47.294790000,262.000
5.640260000,47.294650000,263.000
5.640380000,47.294600000,263.000
5.640490000,47.294570000,264.000
5.640550000,47.294550000,264.000
5.640690000,47.294510000,265.000
5.640760000,47.294500000,265.000
5.640790000,47.294490000,265.000
5.640890000,47.294480000,266.000
5.641020000,47.294450000,266.000
5.641460000,47.294370000,266.000
5.641780000,47.294310000,266.000
5.641820000,47.294310000,266.000
5.642070000,47.294280000,265.000
5.642310000,47.294260000,265.000
5.642400000,47.294260000,265.000
5.642570000,47.294250000,265.000
5.642720000,47.294240000,265.000
5.642840000,47.294240000,264.000
5.643100000,47.294230000,264.000
5.643370000,47.294230000,264.000
5.644070000,47.294210000,263.000
5.644160000,47.294200000,263.000
5.644340000,47.294200000,263.000
5.644430000,47.294190000,263.000
5.644560000,47.294180000,263.000
5.644610000,47.294180000,263.000
5.644650000,47.294170000,264.000
5.644690000,47.294170000,264.000
5.644780000,47.294160000,264.000
5.644900000,47.294140000,264.000
5.644960000,47.294130000,264.000
5.645020000,47.294110000,264.000
5.645080000,47.294100000,264.000
5.645200000,47.294070000,265.000
5.645540000,47.293960000,265.000
5.645900000,47.293830000,266.000
5.645960000,47.293810000,266.000
5.646130000,47.293750000,266.000
5.646360000,47.293650000,267.000
5.646460000,47.293610000,267.000
5.646590000,47.293560000,268.000
5.646820000,47.293470000,267.000
5.647970000,47.293020000,263.000
5.648200000,47.292930000,259.000
5.648430000,47.292840000,256.000
5.648610000,47.292770000,253.000
5.648660000,47.292750000,251.000
5.648940000,47.292620000,248.000
5.649190000,47.292520000,247.000
5.649320000,47.292460000,246.000
5.649630000,47.292320000,246.000
5.649850000,47.292220000,246.000
5.649990000,47.292160000,246.000
5.650520000,47.291920000,246.000
5.650530000,47.291920000,246.000
5.650650000,47.291860000,247.000
5.651310000,47.291560000,247.000
5.651480000,47.291490000,248.000
5.652000000,47.291290000,249.000
5.652560000,47.291090000,250.000
5.652700000,47.291040000,251.000
5.652800000,47.291010000,252.000
5.652940000,47.290960000,253.000
5.653040000,47.290930000,253.000
5.653070000,47.290920000,254.000
5.653430000,47.290830000,255.000
5.653530000,47.290800000,255.000
5.653630000,47.290780000,256.000
5.653870000,47.290710000,256.000
5.653920000,47.290690000,257.000
5.654020000,47.290660000,257.000
5.654030000,47.290650000,257.000
5.654150000,47.290600000,257.000
5.654200000,47.290580000,257.000
5.654550000,47.290360000,256.000
5.654840000,47.290200000,256.000
5.654860000,47.290190000,255.000
5.654960000,47.290140000,255.000
5.655260000,47.289980000,254.000
5.655270000,47.289980000,254.000
5.655480000,47.289880000,253.000
5.655540000,47.289860000,253.000
5.655630000,47.289820000,252.000
5.655690000,47.289800000,252.000
5.656030000,47.289680000,252.000
5.656180000,47.289630000,251.000
5.656560000,47.289500000,251.000
5.656880000,47.289380000,250.000
5.656980000,47.289350000,250.000
5.657220000,47.289270000,250.000
5.657450000,47.289200000,250.000
5.657630000,47.289150000,250.000
5.657740000,47.289130000,249.000
5.657880000,47.289120000,249.000
5.658070000,47.289120000,249.000
5.658360000,47.289160000,249.000
5.658740000,47.289220000,249.000
5.658910000,47.289240000,249.000
5.659030000,47.289250000,248.000
5.659110000,47.289250000,248.000
5.659200000,47.289240000,248.000
5.659300000,47.289220000,247.000
5.659370000,47.289200000,247.000
5.659460000,47.289170000,247.000
5.659560000,47.289120000,246.000
5.659610000,47.289090000,246.000
5.659670000,47.289040000,246.000
5.659730000,47.288990000,245.000
5.659760000,47.288940000,245.000
5.659780000,47.288910000,245.000
5.659790000,47.288880000,245.000
5.659840000,47.288730000,244.000
5.659900000,47.288560000,244.000
5.659920000,47.288480000,243.000
5.659930000,47.288440000,243.000
5.659930000,47.288400000,242.000
5.659930000,47.288360000,242.000
5.659920000,47.288300000,242.000
5.659910000,47.288240000,242.000
5.659880000,47.288180000,241.000
5.659670000,47.287740000,240.000
5.659630000,47.287660000,240.000
5.659610000,47.287520000,239.000
5.659590000,47.287450000,239.000
5.659590000,47.287430000,239.000
5.659590000,47.287410000,239.000
5.659590000,47.287400000,239.000
5.659590000,47.287380000,238.000
5.659610000,47.287320000,238.000
5.659630000,47.287290000,238.000
5.659670000,47.287240000,238.000
5.659790000,47.287170000,238.000
5.659940000,47.287100000,238.000
5.660120000,47.287010000,238.000
5.660180000,47.286980000,238.000
5.660340000,47.286910000,238.000
5.660390000,47.286890000,238.000
5.660440000,47.286870000,238.000
5.660500000,47.286840000,238.000
5.660550000,47.286820000,238.000
5.660650000,47.286780000,238.000
5.660860000,47.286690000,238.000
5.660950000,47.286650000,238.000
5.661100000,47.286600000,238.000
5.661230000,47.286560000,238.000
5.661390000,47.286520000,238.000
5.661490000,47.286490000,237.000
5.661500000,47.286490000,237.000
5.661600000,47.286450000,237.000
5.661720000,47.286410000,237.000
5.661780000,47.286380000,237.000
5.662000000,47.286290000,236.000
5.662010000,47.286280000,236.000
5.662070000,47.286260000,235.000
5.662220000,47.286180000,235.000
5.662350000,47.286110000,234.000
5.662380000,47.286090000,234.000
5.662420000,47.286070000,234.000
5.662580000,47.285950000,233.000
5.662600000,47.285930000,233.000
5.662710000,47.285820000,232.000
5.662720000,47.285790000,232.000
5.662740000,47.285770000,232.000
5.663020000,47.285220000,231.000
5.663080000,47.285090000,230.000
5.663250000,47.284760000,228.000
5.663360000,47.284540000,227.000
5.663500000,47.284250000,226.000
5.663570000,47.284080000,225.000
5.663650000,47.283910000,224.000
5.663780000,47.283610000,223.000
5.664030000,47.283120000,222.000
5.664190000,47.282760000,221.000
5.664400000,47.282320000,219.000
5.664730000,47.281600000,217.000
5.664740000,47.281580000,215.000
5.665010000,47.281030000,213.000
5.665070000,47.280920000,212.000
5.665130000,47.280840000,211.000
5.665150000,47.280800000,210.000
5.665190000,47.280760000,209.000
5.665290000,47.280640000,208.000
5.665340000,47.280600000,208.000
5.665370000,47.280570000,207.000
5.665430000,47.280510000,207.000
5.665470000,47.280480000,206.000
5.665520000,47.280440000,206.000
5.665540000,47.280430000,206.000
5.665620000,47.280370000,205.000
5.665680000,47.280320000,205.000
5.665730000,47.280290000,204.000
5.665770000,47.280270000,204.000
5.665820000,47.280250000,204.000
5.665920000,47.280190000,203.000
5.666350000,47.279970000,202.000
5.666480000,47.279900000,201.000
5.666850000,47.279700000,200.000
5.667000000,47.279630000,199.000
5.667280000,47.279490000,199.000
5.667350000,47.279450000,199.000
5.667420000,47.279410000,198.000
5.667620000,47.279300000,198.000
5.667980000,47.279120000,198.000
5.668630000,47.278820000,199.000
5.668710000,47.278800000,199.000
5.668770000,47.278780000,199.000
5.668840000,47.278750000,199.000
5.668910000,47.278730000,199.000
5.668990000,47.278710000,199.000
5.669080000,47.278680000,199.000
5.669130000,47.278670000,199.000
5.669270000,47.278640000,200.000
5.669330000,47.278630000,200.000
5.669480000,47.278610000,200.000
5.669540000,47.278610000,200.000
5.669730000,47.278590000,200.000
5.669790000,47.278590000,200.000
5.670130000,47.278590000,200.000
5.670310000,47.278600000,200.000
5.670420000,47.278610000,201.000
5.670720000,47.278640000,201.000
5.670820000,47.278660000,201.000
5.671090000,47.278690000,201.000
5.671590000,47.278750000,201.000
5.672130000,47.278830000,202.000
5.672350000,47.278860000,202.000
5.673170000,47.278970000,202.000
5.673430000,47.279000000,203.000
5.673760000,47.279040000,203.000
5.674210000,47.279100000,203.000
5.674730000,47.279170000,204.000
5.675420000,47.279260000,204.000
5.675750000,47.279290000,204.000
5.675770000,47.279290000,205.000
5.675840000,47.279300000,205.000
5.675920000,47.279300000,205.000
5.676000000,47.279310000,205.000
5.676090000,47.279310000,205.000
5.676530000,47.279290000,206.000
5.676830000,47.279280000,206.000
5.676880000,47.279280000,206.000
5.676940000,47.279280000,207.000
5.677160000,47.279260000,207.000
5.677300000,47.279260000,207.000
5.678220000,47.279210000,208.000
5.678260000,47.279210000,208.000
5.678530000,47.279210000,209.000
5.678590000,47.279220000,209.000
5.678760000,47.279220000,208.000
5.679030000,47.279250000,208.000
5.679400000,47.279310000,208.000
5.679740000,47.279370000,207.000
5.679980000,47.279410000,206.000
5.680770000,47.279580000,205.000
5.681090000,47.279640000,204.000
5.681240000,47.279680000,204.000
5.681340000,47.279700000,203.000
5.682070000,47.279850000,203.000
5.682850000,47.280010000,203.000
5.683370000,47.280120000,203.000
5.683720000,47.280190000,203.000
5.683890000,47.280230000,203.000
5.684390000,47.280330000,203.000
5.684490000,47.280350000,203.000
5.684590000,47.280370000,203.000
5.685390000,47.280520000,202.000
5.685540000,47.280540000,202.000
5.686150000,47.280640000,202.000
5.686380000,47.280660000,201.000
5.686740000,47.280660000,201.000
5.687130000,47.280640000,201.000
5.687380000,47.280630000,201.000
5.687800000,47.280590000,201.000
5.688780000,47.280530000,201.000
5.689470000,47.280480000,202.000
5.689690000,47.280470000,202.000
5.689690000,47.280470000,202.000
5.689940000,47.280460000,203.000
5.690020000,47.280450000,203.000
5.690290000,47.280440000,203.000
5.690350000,47.280430000,204.000
5.690360000,47.280430000,204.000
5.690400000,47.280430000,204.000
5.690600000,47.280400000,204.000
5.690790000,47.280360000,204.000
5.690970000,47.280320000,205.000
5.691270000,47.280230000,205.000
5.691400000,47.280200000,205.000
5.691500000,47.280160000,206.000
5.691570000,47.280140000,206.000
5.691740000,47.280080000,206.000
5.692210000,47.279910000,207.000
5.692380000,47.279850000,207.000
5.692440000,47.279830000,207.000
5.692660000,47.279750000,207.000
5.692820000,47.279690000,208.000
5.693020000,47.279630000,208.000
5.693110000,47.279610000,208.000
5.693140000,47.279600000,208.000
5.693160000,47.279600000,208.000
5.693240000,47.279580000,208.000
5.693370000,47.279550000,208.000
5.693410000,47.279550000,208.000
5.693680000,47.279500000,208.000
5.693900000,47.279450000,209.000
5.693920000,47.279450000,209.000
5.694000000,47.279430000,209.000
5.694440000,47.279360000,209.000
5.694520000,47.279340000,209.000
5.694670000,47.279310000,209.000
5.694690000,47.279310000,209.000
5.694940000,47.279250000,209.000
5.694960000,47.279250000,209.000
5.695340000,47.279180000,208.000
5.695570000,47.279150000,208.000
5.695720000,47.279130000,207.000
5.696070000,47.279060000,207.000
5.696170000,47.279040000,206.000
5.696320000,47.279010000,206.000
5.696450000,47.278970000,205.000
5.696560000,47.278920000,205.000
5.696660000,47.278880000,204.000
5.696700000,47.278850000,204.000
5.696750000,47.278820000,204.000
5.696770000,47.278810000,203.000
5.696870000,47.278730000,203.000
5.696920000,47.278670000,203.000
5.696970000,47.278590000,202.000
5.696990000,47.278540000,202.000
5.697010000,47.278510000,202.000
5.697120000,47.278320000,202.000
5.697180000,47.278240000,202.000
5.697250000,47.278180000,202.000
5.697410000,47.278070000,202.000
5.697690000,47.277880000,202.000
5.697810000,47.277790000,202.000
5.698050000,47.277620000,202.000
5.698200000,47.277530000,202.000
5.698280000,47.277470000,202.000
5.698350000,47.277440000,202.000
5.698420000,47.277400000,202.000
5.698450000,47.277390000,202.000
5.698480000,47.277380000,202.000
5.698520000,47.277360000,202.000
5.698640000,47.277340000,202.000
5.698660000,47.277330000,202.000
5.699260000,47.277190000,202.000
5.699680000,47.277090000,203.000
5.699790000,47.277070000,204.000
5.699930000,47.277040000,205.000
5.699990000,47.277020000,205.000
5.700060000,47.277010000,206.000
5.700160000,47.276980000,207.000
5.700430000,47.276920000,208.000
5.700470000,47.276920000,208.000
5.700630000,47.276900000,209.000
5.700690000,47.276890000,210.000
5.700700000,47.276890000,210.000
5.700830000,47.276890000,211.000
5.700960000,47.276890000,211.000
5.701400000,47.276900000,212.000
5.701690000,47.276910000,214.000
5.701750000,47.276910000,215.000
5.701760000,47.276910000,215.000
5.701820000,47.276910000,216.000
5.701890000,47.276900000,216.000
5.701980000,47.276890000,217.000
5.702010000,47.276890000,217.000
5.702200000,47.276850000,218.000
5.702270000,47.276840000,218.000
5.702400000,47.276820000,218.000
5.702530000,47.276800000,219.000
5.702670000,47.276770000,219.000
5.702780000,47.276760000,220.000
5.702810000,47.276750000,220.000
5.702920000,47.276750000,220.000
5.702970000,47.276750000,220.000
5.703050000,47.276750000,221.000
5.703190000,47.276750000,221.000
5.703310000,47.276760000,221.000
5.703490000,47.276780000,222.000
5.703790000,47.276800000,222.000
5.704030000,47.276820000,223.000
5.704300000,47.276830000,224.000
5.704380000,47.276840000,224.000
5.704690000,47.276860000,225.000
5.704830000,47.276870000,226.000
5.704920000,47.276880000,226.000
5.705050000,47.276900000,226.000
5.705090000,47.276910000,227.000
5.705280000,47.276940000,227.000
5.705340000,47.276960000,227.000
5.705740000,47.277050000,227.000
5.706090000,47.277140000,227.000
5.706340000,47.277210000,228.000
5.706500000,47.277250000,228.000
5.706830000,47.277330000,228.000
5.707070000,47.277380000,229.000
5.707130000,47.277400000,229.000
5.707150000,47.277400000,229.000
5.707340000,47.277440000,229.000
5.707420000,47.277460000,229.000
5.707590000,47.277500000,229.000
5.707630000,47.277500000,228.000
5.707640000,47.277500000,228.000
5.707840000,47.277540000,227.000
5.708050000,47.277560000,227.000
5.708360000,47.277600000,225.000
5.708620000,47.277640000,224.000
5.709190000,47.277710000,222.000
5.709540000,47.277740000,220.000
5.709930000,47.277770000,217.000
5.710270000,47.277800000,215.000
5.710320000,47.277810000,213.000
5.710640000,47.277830000,212.000
5.710710000,47.277840000,211.000
5.711110000,47.277860000,210.000
5.711430000,47.277890000,210.000
5.711690000,47.277910000,209.000
5.712120000,47.277950000,208.000
5.712660000,47.277990000,207.000
5.713000000,47.278030000,206.000
5.713080000,47.278040000,206.000
5.713250000,47.278060000,205.000
5.713260000,47.278060000,205.000
5.713460000,47.278100000,205.000
5.713660000,47.278150000,205.000
5.713980000,47.278240000,204.000
5.714250000,47.278320000,204.000
5.715240000,47.278640000,204.000
5.715460000,47.278700000,204.000
5.715830000,47.278800000,204.000
5.715960000,47.278830000,203.000
5.716090000,47.278850000,203.000
5.716160000,47.278870000,203.000
5.716200000,47.278870000,203.000
5.716450000,47.278920000,203.000
5.716460000,47.278920000,203.000
5.716600000,47.278940000,203.000
5.716800000,47.278950000,203.000
5.717040000,47.278960000,203.000
5.717130000,47.278960000,202.000
5.717210000,47.278960000,202.000
5.717290000,47.278960000,202.000
5.718110000,47.278940000,202.000
5.718990000,47.278910000,202.000
5.719010000,47.278910000,202.000
5.719730000,47.278900000,202.000
5.720230000,47.278910000,202.000
5.720510000,47.278920000,202.000
5.720600000,47.278930000,202.000
5.721000000,47.278960000,202.000
5.721910000,47.279040000,202.000
5.722490000,47.279080000,202.000
5.722700000,47.279080000,202.000
5.722910000,47.279090000,201.000
5.723170000,47.279070000,201.000
5.723390000,47.279050000,201.000
5.723570000,47.279020000,201.000
5.723690000,47.279000000,201.000
5.723790000,47.278980000,201.000
5.723970000,47.278940000,201.000
5.724010000,47.278930000,201.000
5.724100000,47.278910000,201.000
5.724320000,47.278860000,201.000
5.724770000,47.278740000,201.000
5.725040000,47.278660000,201.000
5.725290000,47.278600000,201.000
5.725670000,47.278510000,201.000
5.725840000,47.278490000,201.000
5.726000000,47.278460000,201.000
5.726330000,47.278430000,201.000
5.726660000,47.278430000,201.000
5.726760000,47.278440000,201.000
5.726810000,47.278440000,201.000
5.726990000,47.278450000,201.000
5.727030000,47.278450000,201.000
5.727320000,47.278490000,201.000
5.727500000,47.278510000,201.000
5.727550000,47.278520000,201.000
5.727590000,47.278530000,201.000
5.727800000,47.278560000,201.000
5.727810000,47.278560000,201.000
5.727850000,47.278570000,201.000
5.728340000,47.278670000,200.000
5.728510000,47.278710000,200.000
5.728680000,47.278750000,200.000
5.729320000,47.278920000,200.000
5.729690000,47.279020000,200.000
5.729970000,47.279080000,200.000
5.730170000,47.279130000,200.000
5.730250000,47.279140000,200.000
5.730510000,47.279190000,200.000
5.730830000,47.279240000,200.000
5.731870000,47.279400000,200.000
5.732830000,47.279550000,200.000
5.732980000,47.279580000,200.000
5.733350000,47.279630000,200.000
5.734220000,47.279770000,200.000
5.734920000,47.279890000,200.000
5.735090000,47.279920000,200.000
5.736000000,47.280070000,200.000
5.736180000,47.280110000,200.000
5.736900000,47.280240000,201.000
5.737730000,47.280400000,201.000
5.739010000,47.280610000,203.000
5.739030000,47.280620000,203.000
5.739260000,47.280650000,204.000
5.739700000,47.280730000,205.000
5.740180000,47.280810000,206.000
5.740350000,47.280850000,206.000
5.740440000,47.280870000,207.000
5.740560000,47.280900000,207.000
5.740590000,47.280910000,208.000
5.740680000,47.280940000,208.000
5.740820000,47.280990000,208.000
5.741090000,47.281100000,209.000
5.741230000,47.281140000,209.000
5.741330000,47.281170000,210.000
5.741460000,47.281220000,210.000
5.741950000,47.281380000,211.000
5.742000000,47.281400000,211.000
5.742110000,47.281440000,212.000
5.742150000,47.281450000,212.000
5.742190000,47.281460000,212.000
5.742500000,47.281550000,213.000
5.742740000,47.281650000,213.000
5.742890000,47.281700000,214.000
5.742890000,47.281710000,214.000
5.743030000,47.281770000,214.000
5.743080000,47.281800000,214.000
5.743290000,47.281900000,215.000
5.743410000,47.281980000,215.000
5.743430000,47.282000000,215.000
5.743560000,47.282120000,215.000
5.743590000,47.282150000,215.000
5.743650000,47.282220000,215.000
5.743780000,47.282350000,215.000
5.743800000,47.282370000,215.000
5.744010000,47.282620000,216.000
5.744070000,47.282680000,216.000
5.744190000,47.282800000,216.000
5.744320000,47.282880000,216.000
5.744560000,47.282990000,216.000
5.744890000,47.283110000,216.000
5.745270000,47.283240000,217.000
5.745910000,47.283470000,217.000
5.746300000,47.283620000,217.000
5.746480000,47.283680000,218.000
5.746700000,47.283770000,218.000
5.747510000,47.284070000,219.000
5.747560000,47.284090000,219.000
5.748130000,47.284300000,219.000
5.748210000,47.284330000,219.000
5.748350000,47.284370000,219.000
5.748450000,47.284400000,219.000
5.748480000,47.284410000,219.000
5.748640000,47.284450000,219.000
5.748700000,47.284460000,219.000
5.749010000,47.284520000,219.000
5.749220000,47.284550000,219.000
5.749470000,47.284600000,219.000
5.749800000,47.284660000,219.000
5.749980000,47.284690000,219.000
5.750900000,47.284850000,218.000
5.751520000,47.284970000,216.000
5.751740000,47.285010000,215.000
5.752040000,47.285050000,214.000
5.752250000,47.285080000,213.000
5.752300000,47.285090000,213.000
5.752560000,47.285120000,212.000
5.752690000,47.285130000,211.000
5.752820000,47.285140000,211.000
5.753050000,47.285150000,211.000
5.753090000,47.285150000,211.000
5.753410000,47.285160000,211.000
5.754250000,47.285200000,211.000
5.754410000,47.285200000,211.000
5.754680000,47.285220000,212.000
5.754780000,47.285220000,212.000
5.754960000,47.285230000,212.000
5.755220000,47.285240000,212.000
5.755290000,47.285240000,212.000
5.755360000,47.285250000,212.000
5.755430000,47.285250000,212.000
5.755480000,47.285260000,212.000
5.755700000,47.285280000,212.000
5.755990000,47.285340000,212.000
5.756320000,47.285410000,211.000
5.756550000,47.285480000,211.000
5.756750000,47.285540000,210.000
5.756970000,47.285630000,210.000
5.757220000,47.285760000,209.000
5.757340000,47.285830000,209.000
5.757640000,47.286020000,209.000
5.757730000,47.286070000,208.000
5.758070000,47.286250000,208.000
5.758150000,47.286290000,208.000
5.758480000,47.286430000,207.000
5.758540000,47.286470000,207.000
5.758600000,47.286470000,207.000
5.758660000,47.286490000,207.000
5.758730000,47.286510000,207.000
5.758870000,47.286570000,207.000
5.759130000,47.286720000,206.000
5.759260000,47.286800000,206.000
5.759330000,47.286850000,206.000
5.759460000,47.286920000,206.000
5.759500000,47.286940000,206.000
5.759520000,47.286970000,206.000
5.759560000,47.286990000,206.000
5.759590000,47.287010000,206.000
5.759800000,47.287100000,206.000
5.760000000,47.287190000,206.000
5.760190000,47.287270000,205.000
5.760410000,47.287350000,205.000
5.760570000,47.287410000,205.000
5.760640000,47.287440000,205.000
5.760870000,47.287540000,205.000
5.761230000,47.287720000,205.000
5.761520000,47.287850000,204.000
5.761780000,47.287970000,204.000
5.761810000,47.287970000,204.000
5.761880000,47.287980000,204.000
5.761980000,47.288030000,204.000
5.762100000,47.288080000,204.000
5.762170000,47.288090000,204.000
5.762230000,47.288110000,204.000
5.762230000,47.288110000,204.000
5.762240000,47.288100000,204.000
5.762250000,47.288100000,204.000
5.762260000,47.288090000,204.000
5.762270000,47.288090000,204.000
5.762280000,47.288090000,204.000
5.762290000,47.288080000,204.000
5.762310000,47.288080000,204.000
5.762320000,47.288080000,204.000
5.762330000,47.288070000,204.000
5.762340000,47.288070000,204.000
5.762360000,47.288070000,204.000
5.762370000,47.288070000,204.000
5.762390000,47.288070000,204.000
5.762400000,47.288070000,204.000
5.762420000,47.288070000,204.000
5.762430000,47.288070000,204.000
5.762460000,47.288060000,204.000
5.762480000,47.288060000,204.000
5.762510000,47.288050000,204.000
5.762530000,47.288050000,204.000
5.762560000,47.288050000,204.000
5.762590000,47.288050000,204.000
5.762610000,47.288060000,204.000
5.762630000,47.288060000,204.000
5.762680000,47.288080000,204.000
5.762690000,47.288080000,204.000
5.762700000,47.288080000,204.000
5.762710000,47.288090000,204.000
5.762720000,47.288090000,204.000
5.762730000,47.288100000,204.000
5.762740000,47.288100000,204.000
5.762750000,47.288110000,204.000
5.762760000,47.288110000,204.000
5.762810000,47.288150000,204.000
5.762850000,47.288190000,204.000
5.762850000,47.288200000,204.000
5.762850000,47.288210000,204.000
5.762860000,47.288220000,204.000
5.762860000,47.288230000,204.000
5.762860000,47.288240000,204.000
5.762860000,47.288250000,204.000
5.762870000,47.288260000,204.000
5.762870000,47.288270000,204.000
5.762870000,47.288290000,204.000
5.762880000,47.288300000,204.000
5.762880000,47.288310000,204.000
5.762880000,47.288330000,204.000
5.762870000,47.288340000,204.000
5.762870000,47.288360000,204.000
5.762870000,47.288370000,204.000
5.762860000,47.288380000,204.000
5.762850000,47.288390000,204.000
5.762850000,47.288400000,204.000
5.762840000,47.288410000,204.000
5.762840000,47.288420000,204.000
5.762830000,47.288430000,204.000
5.762830000,47.288440000,204.000
5.762820000,47.288450000,204.000
5.762810000,47.288460000,204.000
5.762880000,47.288580000,204.000
5.762940000,47.288670000,205.000
5.762950000,47.288730000,205.000
5.762940000,47.288800000,205.000
5.762910000,47.288930000,205.000
5.762850000,47.289090000,205.000
5.762840000,47.289170000,205.000
5.762860000,47.289230000,205.000
5.762930000,47.289310000,205.000
5.763070000,47.289380000,205.000
5.763120000,47.289390000,205.000
5.763360000,47.289470000,206.000
5.763400000,47.289480000,206.000
5.763480000,47.289510000,206.000
5.763720000,47.289580000,206.000
5.763760000,47.289590000,207.000
5.764210000,47.289740000,207.000
5.764670000,47.289890000,208.000
5.764700000,47.289900000,208.000
5.765330000,47.290100000,209.000
5.765700000,47.290210000,210.000
5.765780000,47.290240000,210.000
5.766020000,47.290320000,211.000
5.766240000,47.290390000,212.000
5.766570000,47.290490000,213.000
5.766940000,47.290610000,213.000
5.767010000,47.290640000,214.000
5.767260000,47.290710000,215.000
5.767400000,47.290750000,215.000
5.767750000,47.290880000,216.000
5.767850000,47.290910000,216.000
5.767930000,47.290950000,217.000
5.768140000,47.291020000,217.000
5.768320000,47.291100000,218.000
5.768380000,47.291130000,218.000
5.768400000,47.291140000,217.000
5.768590000,47.291240000,217.000
5.768730000,47.291320000,217.000
5.768860000,47.291400000,216.000
5.768990000,47.291480000,216.000
5.769180000,47.291610000,215.000
5.769270000,47.291660000,214.000
5.769430000,47.291770000,214.000
5.769540000,47.291840000,213.000
5.769540000,47.291850000,213.000
5.769560000,47.291860000,212.000
5.769650000,47.291920000,212.000
5.769740000,47.291990000,212.000
5.769980000,47.292170000,211.000
5.770190000,47.292320000,210.000
5.770460000,47.292500000,210.000
5.770510000,47.292530000,209.000
5.770560000,47.292570000,209.000
5.770710000,47.292670000,209.000
5.771010000,47.292890000,209.000
5.771130000,47.292980000,209.000
5.771280000,47.293090000,209.000
5.771550000,47.293290000,209.000
5.771660000,47.293370000,209.000
5.771670000,47.293370000,209.000
5.771710000,47.293400000,209.000
5.771760000,47.293450000,209.000
5.771810000,47.293480000,209.000
5.771840000,47.293500000,209.000
5.771910000,47.293550000,209.000
5.771910000,47.293550000,209.000
5.771870000,47.293670000,209.000
5.771870000,47.293670000,209.000
5.772040000,47.293740000,209.000
5.772100000,47.293760000,209.000
5.772110000,47.293760000,209.000
5.772250000,47.293810000,209.000
5.772340000,47.293840000,209.000
5.772670000,47.293960000,209.000
5.773000000,47.294070000,210.000
5.773300000,47.294160000,210.000
5.773530000,47.294210000,211.000
5.773560000,47.294220000,211.000
5.773780000,47.294260000,212.000
5.773800000,47.294270000,212.000
5.774070000,47.294320000,212.000
5.774210000,47.294340000,212.000
5.774440000,47.294360000,213.000
5.774680000,47.294390000,213.000
5.775030000,47.294400000,213.000
5.775250000,47.294400000,213.000
5.775350000,47.294400000,213.000
5.775450000,47.294400000,213.000
5.775700000,47.294390000,213.000
5.775930000,47.294370000,213.000
5.776270000,47.294340000,213.000
5.776400000,47.294320000,213.000
5.776750000,47.294260000,213.000
5.777070000,47.294210000,213.000
5.777350000,47.294160000,214.000
5.777460000,47.294130000,214.000
5.777630000,47.294100000,214.000
5.778140000,47.294000000,214.000
5.778160000,47.294000000,214.000
5.778390000,47.293950000,214.000
5.778520000,47.293930000,214.000
5.778910000,47.293860000,215.000
5.778970000,47.293850000,215.000
5.779390000,47.293790000,215.000
5.779680000,47.293730000,215.000
5.779720000,47.293730000,215.000
5.780100000,47.293660000,215.000
5.780460000,47.293590000,215.000
5.780740000,47.293540000,215.000
5.780840000,47.293540000,215.000
5.780930000,47.293530000,215.000
5.781060000,47.293540000,215.000
5.781260000,47.293550000,215.000
5.781450000,47.293550000,215.000
5.781570000,47.293540000,215.000
5.781650000,47.293520000,215.000
5.781730000,47.293490000,215.000
5.781830000,47.293430000,215.000
5.781970000,47.293340000,215.000
5.781970000,47.293340000,215.000
5.782020000,47.293340000,215.000
5.782080000,47.293340000,215.000
5.782180000,47.293320000,215.000
5.782390000,47.293290000,215.000
5.782550000,47.293280000,216.000
5.782660000,47.293270000,216.000
5.782740000,47.293270000,216.000
5.782900000,47.293300000,216.000
5.783100000,47.293340000,216.000
5.783110000,47.293340000,216.000
5.783600000,47.293470000,216.000
5.783890000,47.293540000,217.000
5.784460000,47.293690000,217.000
5.784590000,47.293720000,217.000
5.784870000,47.293790000,218.000
5.785030000,47.293830000,218.000
5.785110000,47.293850000,218.000
5.785240000,47.293860000,218.000
5.785350000,47.293860000,218.000
5.785490000,47.293850000,218.000
5.785620000,47.293830000,217.000
5.785710000,47.293820000,217.000
5.786610000,47.293600000,216.000
5.786860000,47.293570000,215.000
5.787040000,47.293560000,215.000
5.787230000,47.293550000,214.000
5.787480000,47.293560000,213.000
5.787560000,47.293560000,213.000
5.787660000,47.293560000,212.000
5.787880000,47.293570000,212.000
5.787930000,47.293570000,212.000
5.788010000,47.293580000,212.000
5.788110000,47.293590000,212.000
5.788190000,47.293600000,212.000
5.788340000,47.293620000,212.000
5.788430000,47.293640000,212.000
5.788450000,47.293640000,212.000
5.788490000,47.293650000,212.000
5.788650000,47.293680000,212.000
5.788900000,47.293740000,213.000
5.789490000,47.293870000,213.000
5.789530000,47.293880000,213.000
5.789830000,47.293960000,213.000
5.789900000,47.293970000,214.000
5.790230000,47.294050000,214.000
5.790540000,47.294110000,214.000
5.790970000,47.294190000,214.000
5.791330000,47.294260000,214.000
5.791520000,47.294290000,214.000
5.791690000,47.294310000,214.000
5.791750000,47.294310000,214.000
5.792010000,47.294310000,214.000
5.792060000,47.294310000,214.000
5.792280000,47.294320000,214.000
5.792540000,47.294320000,214.000
5.792810000,47.294320000,214.000
5.793070000,47.294320000,214.000
5.793120000,47.294330000,214.000
5.793590000,47.294340000,214.000
5.793860000,47.294360000,214.000
5.794060000,47.294380000,214.000
5.794300000,47.294410000,214.000
5.794650000,47.294460000,214.000
5.794720000,47.294480000,214.000
5.795180000,47.294550000,214.000
5.795710000,47.294650000,214.000
5.795840000,47.294690000,214.000
5.795920000,47.294700000,214.000
5.796090000,47.294740000,214.000
5.796150000,47.294760000,214.000
5.796760000,47.294920000,214.000
5.797050000,47.294980000,214.000
5.797090000,47.294980000,214.000
5.797170000,47.295000000,214.000
5.797250000,47.295010000,214.000
5.797350000,47.295030000,214.000
5.797410000,47.295030000,214.000
5.797430000,47.295040000,214.000
5.797610000,47.295060000,214.000
5.797690000,47.295070000,214.000
5.798370000,47.295150000,214.000
5.798660000,47.295190000,215.000
5.799000000,47.295240000,215.000
5.799260000,47.295270000,215.000
5.799580000,47.295310000,215.000
5.800220000,47.295400000,216.000
5.800480000,47.295430000,216.000
5.800570000,47.295450000,216.000
5.800740000,47.295470000,217.000
5.801130000,47.295520000,217.000
5.801300000,47.295540000,217.000
5.801410000,47.295550000,217.000
5.801520000,47.295570000,217.000
5.801890000,47.295620000,217.000
5.801990000,47.295640000,217.000
5.802180000,47.295670000,217.000
5.802360000,47.295700000,217.000
5.802520000,47.295760000,217.000
5.802880000,47.295910000,216.000
5.803280000,47.296090000,216.000
5.803580000,47.296240000,216.000
5.804030000,47.296460000,215.000
5.804420000,47.296650000,215.000
5.804690000,47.296760000,214.000
5.804860000,47.296840000,213.000
5.805190000,47.297000000,212.000
5.805410000,47.297110000,211.000
5.805610000,47.297210000,211.000
5.805780000,47.297290000,210.000
5.805960000,47.297370000,209.000
5.806130000,47.297460000,209.000
5.806270000,47.297530000,209.000
5.806350000,47.297570000,208.000
5.806430000,47.297610000,208.000
5.806590000,47.297690000,208.000
5.806730000,47.297770000,208.000
5.806970000,47.297870000,208.000
5.807020000,47.297900000,208.000
5.807140000,47.297930000,208.000
5.807240000,47.297960000,208.000
5.807500000,47.298000000,207.000
5.807780000,47.298040000,207.000
5.808000000,47.298080000,207.000
5.808580000,47.298180000,207.000
5.808730000,47.298210000,207.000
5.809100000,47.298270000,207.000
5.809220000,47.298290000,207.000
5.809290000,47.298310000,207.000
5.809330000,47.298340000,207.000
5.809350000,47.298370000,208.000
5.809360000,47.298420000,208.000
5.809380000,47.298510000,208.000
5.809440000,47.298790000,208.000
5.809470000,47.298900000,208.000
5.809520000,47.299020000,209.000
5.809600000,47.299140000,209.000
5.809680000,47.299290000,209.000
5.809780000,47.299500000,210.000
5.809850000,47.299620000,210.000
5.810070000,47.300000000,210.000
5.810170000,47.300150000,210.000
5.810190000,47.300200000,211.000
5.810220000,47.300240000,211.000
5.810330000,47.300440000,211.000
5.810560000,47.300810000,211.000
5.810740000,47.301070000,212.000
5.810830000,47.301190000,212.000
5.810860000,47.301230000,212.000
5.810880000,47.301260000,212.000
5.811020000,47.301420000,212.000
5.811210000,47.301580000,212.000
5.811260000,47.301630000,213.000
5.811440000,47.301810000,213.000
5.811630000,47.301980000,213.000
5.811870000,47.302220000,214.000
5.811990000,47.302300000,214.000
5.812040000,47.302320000,215.000
5.812090000,47.302330000,215.000
5.812150000,47.302350000,215.000
5.812240000,47.302350000,215.000
5.812340000,47.302360000,216.000
5.812450000,47.302370000,216.000
5.812610000,47.302360000,216.000
5.812720000,47.302340000,216.000
5.812890000,47.302310000,217.000
5.813110000,47.302240000,217.000
5.813340000,47.302160000,217.000
5.813610000,47.302060000,218.000
5.814110000,47.301890000,218.000
5.814210000,47.301870000,218.000
5.814410000,47.301810000,219.000
5.814610000,47.301770000,219.000
5.814630000,47.301770000,219.000
5.814910000,47.301710000,219.000
5.815050000,47.301670000,220.000
5.815170000,47.301650000,220.000
5.815300000,47.301610000,220.000
5.815490000,47.301570000,220.000
5.816300000,47.301370000,221.000
5.816480000,47.301320000,221.000
5.816670000,47.301280000,221.000
5.816850000,47.301230000,221.000
5.817050000,47.301190000,221.000
5.817080000,47.301180000,221.000
5.817240000,47.301140000,221.000
5.817350000,47.301130000,220.000
5.817470000,47.301110000,220.000
5.817580000,47.301110000,220.000
5.817720000,47.301110000,220.000
5.817880000,47.301140000,220.000
5.818030000,47.301170000,220.000
5.818080000,47.301190000,220.000
5.818210000,47.301220000,220.000
5.818330000,47.301250000,219.000
5.818570000,47.301310000,219.000
5.818820000,47.301380000,219.000
5.818880000,47.301390000,219.000
5.819030000,47.301450000,219.000
5.819060000,47.301460000,218.000
5.819550000,47.301600000,218.000
5.819790000,47.301670000,218.000
5.820040000,47.301740000,218.000
5.822940000,47.302560000,217.000
5.823160000,47.302620000,216.000
5.823370000,47.302700000,215.000
5.823560000,47.302760000,214.000
5.823920000,47.302890000,212.000
5.824160000,47.302970000,211.000
5.824630000,47.303140000,210.000
5.824800000,47.303200000,208.000
5.824870000,47.303220000,207.000
5.825540000,47.303450000,206.000
5.825890000,47.303540000,205.000
5.826000000,47.303570000,204.000
5.826490000,47.303700000,204.000
5.827330000,47.303900000,205.000
5.828220000,47.304120000,205.000
5.828800000,47.304270000,206.000
5.828830000,47.304280000,206.000
5.829070000,47.304360000,206.000
5.829800000,47.304580000,206.000
5.830040000,47.304660000,206.000
5.830190000,47.304700000,206.000
5.830690000,47.304900000,206.000
5.830730000,47.304920000,206.000
5.830970000,47.305080000,207.000
5.831010000,47.305110000,207.000
5.831060000,47.305140000,207.000
5.831420000,47.305470000,207.000
5.831510000,47.305550000,207.000
5.831890000,47.305920000,207.000
5.831980000,47.305990000,207.000
5.832050000,47.306050000,207.000
5.832210000,47.306200000,207.000
5.832350000,47.306290000,207.000
5.832430000,47.306340000,207.000
5.832480000,47.306370000,207.000
5.832590000,47.306440000,207.000
5.832680000,47.306480000,207.000
5.832870000,47.306550000,207.000
5.833010000,47.306600000,207.000
5.833100000,47.306630000,207.000
5.833390000,47.306680000,207.000
5.833700000,47.306730000,207.000
5.833710000,47.306730000,207.000
5.833860000,47.306750000,207.000
5.834110000,47.306780000,207.000
5.834250000,47.306800000,207.000
5.835130000,47.306900000,207.000
5.835230000,47.306920000,207.000
5.835270000,47.306930000,207.000
5.835330000,47.306940000,207.000
5.836240000,47.307070000,207.000
5.836400000,47.307100000,207.000
5.836460000,47.307100000,207.000
5.837550000,47.307250000,207.000
5.838070000,47.307310000,208.000
5.838330000,47.307350000,208.000
5.838500000,47.307370000,209.000
5.838590000,47.307380000,209.000
5.839110000,47.307450000,209.000
5.839150000,47.307460000,210.000
5.839310000,47.307490000,210.000
5.839370000,47.307500000,210.000
5.839990000,47.307640000,211.000
5.840480000,47.307780000,211.000
5.840600000,47.307820000,212.000
5.840840000,47.307900000,212.000
5.841370000,47.308130000,213.000
5.841510000,47.308190000,214.000
5.841730000,47.308290000,215.000
5.841950000,47.308390000,216.000
5.842090000,47.308450000,216.000
5.842170000,47.308490000,217.000
5.843050000,47.308890000,219.000
5.843100000,47.308910000,220.000
5.843500000,47.309080000,220.000
5.843640000,47.309130000,221.000
5.844200000,47.309390000,221.000
5.845530000,47.309980000,221.000
5.845640000,47.310030000,221.000
5.845750000,47.310080000,222.000
5.846070000,47.310230000,222.000
5.846170000,47.310300000,222.000
5.846560000,47.310540000,223.000
5.846750000,47.310670000,223.000
5.847330000,47.311040000,224.000
5.847460000,47.311120000,225.000
5.847710000,47.311290000,225.000
5.847900000,47.311410000,226.000
5.848000000,47.311480000,226.000
5.848150000,47.311570000,226.000
5.848300000,47.311650000,226.000
5.848350000,47.311680000,226.000
5.848520000,47.311750000,225.000
5.848560000,47.311770000,225.000
5.848710000,47.311820000,225.000
5.848880000,47.311870000,225.000
5.849000000,47.311890000,225.000
5.849130000,47.311920000,225.000
5.849680000,47.312050000,224.000
5.849940000,47.312090000,224.000
5.850450000,47.312190000,223.000
5.850810000,47.312260000,223.000
5.851010000,47.312300000,222.000
5.851270000,47.312380000,221.000
5.851270000,47.312390000,221.000
5.851490000,47.312480000,220.000
5.851500000,47.312480000,220.000
5.851790000,47.312660000,219.000
5.852330000,47.313050000,218.000
5.852780000,47.313390000,216.000
5.852810000,47.313410000,215.000
5.853240000,47.313730000,214.000
5.854190000,47.314420000,211.000
5.854730000,47.314810000,209.000
5.854800000,47.314860000,207.000
5.854840000,47.314890000,206.000
5.855220000,47.315160000,205.000
5.855510000,47.315370000,205.000
5.855680000,47.315470000,205.000
5.855850000,47.315560000,205.000
5.855940000,47.315600000,205.000
5.856030000,47.315640000,205.000
5.856180000,47.315690000,205.000
5.856530000,47.315780000,205.000
5.857190000,47.315890000,205.000
5.857990000,47.316030000,205.000
5.858810000,47.316190000,205.000
5.859450000,47.316320000,205.000
5.859480000,47.316330000,204.000
5.860120000,47.316440000,204.000
5.860750000,47.316560000,204.000
5.861740000,47.316750000,204.000
5.861800000,47.316760000,204.000
5.861820000,47.316760000,204.000
5.861860000,47.316770000,204.000
5.862180000,47.316830000,204.000
5.862710000,47.316930000,204.000
5.863340000,47.317050000,205.000
5.864020000,47.317190000,205.000
5.864480000,47.317280000,205.000
5.864640000,47.317310000,205.000
5.864730000,47.317330000,206.000
5.864930000,47.317360000,206.000
5.864990000,47.317370000,206.000
5.865230000,47.317410000,206.000
5.865250000,47.317420000,206.000
5.865360000,47.317440000,206.000
5.865500000,47.317470000,206.000
5.865570000,47.317480000,206.000
5.865650000,47.317510000,206.000
5.865850000,47.317570000,206.000
5.865910000,47.317590000,206.000
5.865990000,47.317610000,206.000
5.866140000,47.317590000,206.000
5.866890000,47.317680000,206.000
5.866980000,47.317710000,206.000
5.868750000,47.317980000,206.000
5.868820000,47.317990000,206.000
5.868880000,47.318000000,206.000
5.870010000,47.318170000,206.000
5.870050000,47.318180000,206.000
5.870340000,47.318230000,206.000
5.870530000,47.318270000,206.000
5.870810000,47.318330000,206.000
5.870950000,47.318360000,206.000
5.871060000,47.318400000,206.000
5.871330000,47.318480000,206.000
5.871580000,47.318550000,207.000
5.871870000,47.318640000,207.000
5.872300000,47.318770000,207.000
5.872360000,47.318790000,208.000
5.874790000,47.319500000,210.000
5.874790000,47.319510000,211.000
5.875030000,47.319580000,212.000
5.875040000,47.319580000,212.000
5.875400000,47.319690000,213.000
5.875520000,47.319720000,213.000
5.875760000,47.319790000,213.000
5.875770000,47.319790000,213.000
5.876010000,47.319860000,213.000
5.876490000,47.320010000,213.000
5.876500000,47.320010000,213.000
5.876920000,47.320130000,213.000
5.878460000,47.320580000,213.000
5.878740000,47.320670000,213.000
5.879010000,47.320760000,212.000
5.879330000,47.320890000,212.000
5.879380000,47.320910000,212.000
5.879730000,47.321070000,211.000
5.880230000,47.321310000,211.000
5.881620000,47.322040000,210.000
5.881980000,47.322230000,209.000
5.882670000,47.322590000,207.000
5.882750000,47.322630000,207.000
5.883030000,47.322770000,206.000
5.883100000,47.322800000,205.000
5.883330000,47.322910000,205.000
5.883490000,47.322990000,204.000
5.883580000,47.323030000,204.000
5.883660000,47.323060000,203.000
5.883740000,47.323090000,203.000
5.883810000,47.323120000,203.000
5.884830000,47.323530000,204.000
5.885280000,47.323730000,206.000
5.885940000,47.324090000,208.000
5.886570000,47.324420000,210.000
5.886780000,47.324530000,212.000
5.886990000,47.324640000,213.000
5.886990000,47.324650000,213.000
5.887190000,47.324760000,214.000
5.887900000,47.325150000,214.000
5.887900000,47.325150000,215.000
5.888650000,47.325560000,215.000
5.888770000,47.325620000,215.000
5.890200000,47.326400000,216.000
5.890220000,47.326410000,217.000
5.890410000,47.326540000,217.000
5.890640000,47.326690000,218.000
5.891980000,47.327660000,219.000
5.892050000,47.327710000,220.000
5.892600000,47.328100000,220.000
5.892790000,47.328230000,220.000
5.892970000,47.328360000,220.000
5.893630000,47.328830000,220.000
5.894080000,47.329130000,220.000
5.894270000,47.329260000,220.000
5.894600000,47.329480000,220.000
5.894630000,47.329500000,221.000
5.895020000,47.329750000,221.000
5.895210000,47.329870000,221.000
5.895410000,47.330000000,222.000
5.895960000,47.330380000,223.000
5.896000000,47.330410000,223.000
5.896100000,47.330500000,224.000
5.896130000,47.330520000,224.000
5.896270000,47.330660000,225.000
5.896280000,47.330670000,225.000
5.896390000,47.330830000,225.000
5.896500000,47.330990000,225.000
5.896610000,47.331150000,226.000
5.897120000,47.331990000,227.000
5.897310000,47.332310000,228.000
5.897380000,47.332430000,228.000
5.897420000,47.332490000,229.000
5.897530000,47.332650000,229.000
5.897620000,47.332800000,229.000
5.897630000,47.332820000,230.000
5.897750000,47.332980000,230.000
5.897870000,47.333140000,230.000
5.897990000,47.333300000,230.000
5.898080000,47.333430000,230.000
5.898110000,47.333460000,230.000
5.898170000,47.333520000,231.000
5.898270000,47.333600000,231.000
5.898560000,47.333860000,231.000
5.898950000,47.334200000,231.000
5.899290000,47.334520000,231.000
5.899520000,47.334680000,231.000
5.899580000,47.334710000,231.000
5.899630000,47.334740000,231.000
5.900080000,47.334950000,231.000
5.900120000,47.334970000,231.000
5.900350000,47.335070000,230.000
5.901080000,47.335390000,230.000
5.901200000,47.335430000,230.000
5.901330000,47.335460000,229.000
5.901490000,47.335510000,229.000
5.902700000,47.335720000,228.000
5.902760000,47.335720000,226.000
5.903160000,47.335780000,225.000
5.903720000,47.335870000,224.000
5.903890000,47.335890000,223.000
5.903950000,47.335890000,222.000
5.904180000,47.335920000,222.000
5.904420000,47.335950000,221.000
5.905710000,47.336110000,219.000
5.906250000,47.336180000,218.000
5.906520000,47.336240000,216.000
5.906840000,47.336340000,215.000
5.906920000,47.336370000,215.000
5.906960000,47.336380000,214.000
5.907050000,47.336410000,214.000
5.907280000,47.336490000,214.000
5.907300000,47.336500000,214.000
5.907400000,47.336540000,214.000
5.907520000,47.336570000,214.000
5.907650000,47.336600000,214.000
5.907670000,47.336600000,214.000
5.907720000,47.336610000,214.000
5.907760000,47.336620000,214.000
5.907860000,47.336640000,214.000
5.908150000,47.336670000,214.000
5.908300000,47.336690000,214.000
5.908400000,47.336700000,214.000
5.908460000,47.336700000,214.000
5.908520000,47.336700000,214.000
5.908550000,47.336700000,214.000
5.908590000,47.336700000,214.000
5.908670000,47.336710000,214.000
5.908770000,47.336720000,214.000
5.908880000,47.336740000,214.000
5.908940000,47.336770000,214.000
5.909010000,47.336800000,214.000
5.909070000,47.336830000,215.000
5.909150000,47.336890000,215.000
5.909200000,47.336940000,215.000
5.909240000,47.336980000,215.000
5.909370000,47.337130000,215.000
5.909460000,47.337250000,216.000
5.909810000,47.337710000,216.000
5.909870000,47.337800000,217.000
5.909950000,47.337910000,217.000
5.910000000,47.337980000,218.000
5.910160000,47.338200000,218.000
5.910400000,47.338470000,219.000
5.910550000,47.338620000,220.000
5.910650000,47.338700000,220.000
5.910850000,47.338870000,221.000
5.910980000,47.338980000,221.000
5.911060000,47.339030000,221.000
5.911070000,47.339030000,222.000
5.911350000,47.339170000,222.000
5.911560000,47.339280000,222.000
5.911620000,47.339310000,223.000
5.913380000,47.340160000,224.000
5.913630000,47.340290000,225.000
5.913890000,47.340420000,226.000
5.914060000,47.340490000,227.000
5.914180000,47.340540000,227.000
5.914350000,47.340610000,228.000
5.914480000,47.340660000,228.000
5.914720000,47.340740000,229.000
5.914810000,47.340770000,229.000
5.915060000,47.340850000,230.000
5.915200000,47.340890000,230.000
5.915450000,47.340960000,231.000
5.915450000,47.340970000,231.000
5.915710000,47.341040000,232.000
5.915850000,47.341080000,232.000
5.916100000,47.341150000,233.000
5.916240000,47.341190000,233.000
5.916370000,47.341220000,234.000
5.916500000,47.341250000,234.000
5.916630000,47.341280000,235.000
5.916760000,47.341310000,235.000
5.916890000,47.341340000,235.000
5.916930000,47.341350000,236.000
5.917010000,47.341370000,236.000
5.917130000,47.341400000,236.000
5.917180000,47.341410000,237.000
5.917260000,47.341420000,237.000
5.917380000,47.341450000,237.000
5.917440000,47.341460000,237.000
5.917500000,47.341470000,238.000
5.917630000,47.341490000,238.000
5.917680000,47.341500000,238.000
5.917700000,47.341500000,238.000
5.917750000,47.341510000,239.000
5.917840000,47.341520000,239.000
5.917880000,47.341520000,239.000
5.917890000,47.341520000,239.000
5.917900000,47.341530000,239.000
5.918000000,47.341540000,239.000
5.918070000,47.341540000,240.000
5.918120000,47.341550000,240.000
5.918180000,47.341560000,240.000
5.918240000,47.341570000,240.000
5.918300000,47.341570000,240.000
5.918370000,47.341580000,240.000
5.918440000,47.341590000,240.000
5.918490000,47.341600000,240.000
5.918620000,47.341630000,240.000
5.918680000,47.341640000,240.000
5.918750000,47.341650000,240.000
5.918810000,47.341660000,240.000
5.918870000,47.341680000,239.000
5.918980000,47.341720000,239.000
5.919000000,47.341720000,239.000
5.919110000,47.341760000,239.000
5.919220000,47.341800000,239.000
5.919250000,47.341810000,239.000
5.919340000,47.341860000,238.000
5.919510000,47.341930000,238.000
5.921050000,47.342830000,237.000
5.921260000,47.342950000,236.000
5.921550000,47.343120000,235.000
5.921680000,47.343200000,235.000
5.922460000,47.343660000,235.000
5.922660000,47.343770000,235.000
5.922860000,47.343890000,235.000
5.923260000,47.344130000,236.000
5.923460000,47.344250000,236.000
5.923660000,47.344360000,236.000
5.924060000,47.344600000,236.000
5.924090000,47.344610000,236.000
5.924220000,47.344690000,235.000
5.924340000,47.344760000,235.000
5.924370000,47.344780000,235.000
5.924400000,47.344790000,235.000
5.924440000,47.344810000,235.000
5.924470000,47.344830000,235.000
5.924480000,47.344830000,235.000
5.924520000,47.344850000,235.000
5.924580000,47.344870000,235.000
5.924630000,47.344890000,235.000
5.924700000,47.344920000,235.000
5.924780000,47.344950000,235.000
5.924880000,47.344990000,234.000
5.924970000,47.345010000,234.000
5.925090000,47.345050000,234.000
5.925160000,47.345060000,234.000
5.925330000,47.345110000,234.000
5.925480000,47.345150000,234.000
5.925650000,47.345190000,233.000
5.926860000,47.345520000,231.000
5.927600000,47.345710000,228.000
5.927850000,47.345780000,226.000
5.928100000,47.345840000,224.000
5.928150000,47.345860000,223.000
5.928280000,47.345890000,222.000
5.928350000,47.345900000,222.000
5.928390000,47.345910000,221.000
5.928570000,47.345930000,221.000
5.929170000,47.346000000,221.000
5.930160000,47.346110000,221.000
5.931190000,47.346220000,221.000
5.931750000,47.346280000,221.000
5.932010000,47.346300000,221.000
5.932570000,47.346360000,221.000
5.932800000,47.346390000,221.000
5.933060000,47.346410000,221.000
5.933850000,47.346500000,221.000
5.934210000,47.346530000,221.000
5.935020000,47.346620000,220.000
5.935220000,47.346640000,219.000
5.935430000,47.346690000,218.000
5.935890000,47.346830000,216.000
5.936100000,47.346900000,215.000
5.936390000,47.347000000,214.000
5.936570000,47.347070000,213.000
5.936820000,47.347180000,213.000
5.936940000,47.347230000,212.000
5.937030000,47.347280000,212.000
5.937100000,47.347320000,212.000
5.937180000,47.347380000,212.000
5.937290000,47.347470000,212.000
5.937510000,47.347690000,212.000
5.937560000,47.347740000,212.000
5.937740000,47.347930000,213.000
5.937780000,47.347970000,213.000
5.937840000,47.348040000,213.000
5.937910000,47.348110000,213.000
5.937950000,47.348150000,213.000
5.938190000,47.348420000,213.000
5.938540000,47.348690000,213.000
5.938620000,47.348760000,213.000
5.938660000,47.348780000,213.000
5.938990000,47.349040000,213.000
5.939120000,47.349150000,213.000
5.939230000,47.349230000,213.000
5.939280000,47.349270000,213.000
5.939310000,47.349300000,213.000
5.939520000,47.349460000,213.000
5.939690000,47.349600000,213.000
5.939740000,47.349640000,213.000
5.939790000,47.349660000,213.000
5.939820000,47.349670000,213.000
5.939860000,47.349680000,213.000
5.939940000,47.349690000,213.000
5.940020000,47.349700000,213.000
5.940020000,47.349700000,213.000
5.940020000,47.349940000,213.000
5.940020000,47.349940000,213.000
5.940180000,47.349940000,213.000
5.940250000,47.349940000,214.000
5.940290000,47.349950000,214.000
5.940370000,47.349970000,214.000
5.940510000,47.350000000,214.000
5.940570000,47.350050000,214.000
5.940670000,47.350130000,215.000
5.940750000,47.350240000,215.000
5.940860000,47.350410000,216.000
5.941060000,47.350760000,216.000
5.941160000,47.350860000,217.000
5.941240000,47.350940000,218.000
5.941370000,47.351030000,218.000
5.941750000,47.351230000,219.000
5.941970000,47.351340000,220.000
5.942070000,47.351390000,220.000
5.942170000,47.351440000,221.000
5.942290000,47.351490000,221.000
5.942780000,47.351700000,222.000
5.943040000,47.351780000,222.000
5.943160000,47.351800000,223.000
5.943230000,47.351820000,223.000
5.943280000,47.351830000,224.000
5.943410000,47.351840000,224.000
5.943560000,47.351840000,224.000
5.943760000,47.351830000,225.000
5.943790000,47.351830000,225.000
5.943810000,47.351820000,225.000
5.943970000,47.351790000,225.000
5.944010000,47.351790000,226.000
5.944230000,47.351730000,226.000
5.944290000,47.351710000,226.000
5.944440000,47.351660000,226.000
5.944700000,47.351580000,226.000
5.945100000,47.351430000,226.000
5.945230000,47.351380000,226.000
5.945530000,47.351250000,226.000
5.945750000,47.351130000,226.000
5.945880000,47.351040000,225.000
5.945930000,47.351000000,225.000
5.945980000,47.350950000,225.000
5.946160000,47.350790000,225.000
5.946300000,47.350650000,225.000
5.946620000,47.350360000,225.000
5.946820000,47.350170000,225.000
5.947410000,47.349590000,226.000
5.947720000,47.349310000,227.000
5.947760000,47.349240000,228.000
5.947950000,47.349090000,228.000
5.948020000,47.349030000,229.000
5.948210000,47.348910000,229.000
5.948360000,47.348810000,229.000
5.948740000,47.348620000,229.000
5.948890000,47.348590000,229.000
5.949050000,47.348520000,229.000
5.949620000,47.348300000,228.000
5.949630000,47.348300000,228.000
5.950080000,47.348120000,228.000
5.950250000,47.348050000,228.000
5.950260000,47.348050000,228.000
5.950310000,47.348020000,228.000
5.950370000,47.348000000,228.000
5.950890000,47.347800000,227.000
5.951390000,47.347620000,227.000
5.951640000,47.347510000,227.000
5.951770000,47.347460000,227.000
5.952170000,47.347310000,227.000
5.952640000,47.347120000,227.000
5.953020000,47.346970000,227.000
5.953220000,47.346910000,226.000
5.953440000,47.346830000,226.000
5.953640000,47.346710000,226.000
5.953640000,47.346710000,225.000
5.953640000,47.346700000,225.000
5.953640000,47.346690000,225.000
5.953640000,47.346680000,225.000
5.953640000,47.346670000,225.000
5.953640000,47.346660000,225.000
5.953650000,47.346660000,225.000
5.953650000,47.346650000,225.000
5.953660000,47.346640000,225.000
5.953670000,47.346630000,225.000
5.953680000,47.346630000,225.000
5.953680000,47.346620000,225.000
5.953690000,47.346620000,225.000
5.953700000,47.346610000,225.000
5.953710000,47.346610000,225.000
5.953720000,47.346600000,225.000
5.953740000,47.346600000,225.000
5.953760000,47.346600000,225.000
5.953780000,47.346610000,225.000
5.953820000,47.346610000,225.000
5.953840000,47.346610000,225.000
5.953860000,47.346620000,224.000
5.953880000,47.346630000,224.000
5.953890000,47.346640000,224.000
5.953900000,47.346640000,224.000
5.954190000,47.346660000,224.000
5.954290000,47.346660000,224.000
5.954530000,47.346680000,224.000
5.954710000,47.346700000,224.000
5.955260000,47.346740000,223.000
5.955430000,47.346750000,223.000
5.955890000,47.346770000,223.000
5.956680000,47.346800000,223.000
5.956820000,47.346800000,223.000
5.957010000,47.346810000,223.000
5.957230000,47.346810000,223.000
5.957360000,47.346820000,223.000
5.957440000,47.346810000,223.000
5.957520000,47.346800000,223.000
5.957620000,47.346760000,223.000
5.957730000,47.346680000,223.000
5.957800000,47.346610000,223.000
5.957870000,47.346580000,223.000
5.957930000,47.346550000,223.000
5.957980000,47.346540000,223.000
5.958040000,47.346540000,223.000
5.958140000,47.346560000,223.000
5.958350000,47.346610000,223.000
5.958360000,47.346620000,223.000
5.958580000,47.346700000,223.000
5.958590000,47.346700000,223.000
5.958790000,47.346810000,223.000
5.959100000,47.347000000,223.000
5.959400000,47.347160000,223.000
5.959540000,47.347240000,223.000
5.959610000,47.347270000,223.000
5.959720000,47.347340000,223.000
5.959770000,47.347370000,223.000
5.959890000,47.347420000,223.000
5.959990000,47.347470000,223.000
5.960180000,47.347560000,223.000
5.960210000,47.347570000,223.000
5.960360000,47.347640000,223.000
5.960390000,47.347660000,223.000
5.960420000,47.347670000,223.000
5.960470000,47.347710000,223.000
5.960510000,47.347740000,223.000
5.960560000,47.347800000,223.000
5.960580000,47.347820000,223.000
5.960690000,47.347950000,224.000
5.960720000,47.348000000,224.000
5.960810000,47.348110000,224.000
5.960940000,47.348300000,224.000
5.961080000,47.348490000,225.000
5.961130000,47.348610000,225.000
5.961170000,47.348690000,225.000
5.961210000,47.348880000,226.000
5.961220000,47.349020000,226.000
5.961220000,47.349040000,226.000
5.961210000,47.349120000,226.000
5.961190000,47.349230000,226.000
5.961190000,47.349240000,226.000
5.961140000,47.349340000,227.000
5.961100000,47.349380000,227.000
5.961060000,47.349440000,227.000
5.960960000,47.349560000,227.000
5.960950000,47.349580000,227.000
5.960930000,47.349630000,227.000
5.960920000,47.349690000,227.000
5.960920000,47.349740000,227.000
5.960970000,47.349870000,227.000
5.961070000,47.350030000,227.000
5.961110000,47.350090000,227.000
5.961130000,47.350110000,227.000
5.961220000,47.350190000,227.000
5.961690000,47.350460000,228.000
5.961780000,47.350510000,228.000
5.962690000,47.351030000,228.000
5.962890000,47.351140000,228.000
5.963280000,47.351360000,228.000
5.963510000,47.351480000,228.000
5.963710000,47.351600000,228.000
5.963820000,47.351660000,227.000
5.963910000,47.351720000,227.000
5.964090000,47.351820000,227.000
5.964110000,47.351830000,227.000
5.964280000,47.351940000,227.000
5.964310000,47.351960000,227.000
5.964480000,47.352090000,226.000
5.964490000,47.352100000,226.000
5.964790000,47.352360000,226.000
5.965120000,47.352670000,226.000
5.965180000,47.352720000,225.000
5.965430000,47.352960000,225.000
5.965750000,47.353250000,225.000
5.966240000,47.353700000,224.000
5.966890000,47.354360000,223.000
5.967050000,47.354530000,223.000
5.967190000,47.354730000,222.000
5.967210000,47.354750000,222.000
5.967300000,47.354920000,222.000
5.967330000,47.354970000,222.000
5.967360000,47.355060000,222.000
5.967590000,47.355610000,222.000
5.967670000,47.355760000,222.000
5.967780000,47.355930000,222.000
5.967880000,47.356060000,222.000
5.967960000,47.356140000,222.000
5.968010000,47.356190000,222.000
5.968080000,47.356240000,222.000
5.968200000,47.356300000,222.000
5.968320000,47.356370000,223.000
5.968470000,47.356430000,223.000
5.968650000,47.356530000,224.000
5.968840000,47.356650000,224.000
5.968930000,47.356700000,225.000
5.969050000,47.356780000,225.000
5.969130000,47.356830000,226.000
5.969210000,47.356900000,226.000
5.969300000,47.356990000,226.000
5.969440000,47.357160000,227.000
5.969540000,47.357310000,228.000
5.969770000,47.357670000,229.000
5.969940000,47.357930000,229.000
5.970100000,47.358190000,229.000
5.970150000,47.358270000,230.000
5.970250000,47.358430000,230.000
5.970300000,47.358510000,230.000
5.970500000,47.358810000,229.000
5.970670000,47.359050000,229.000
5.970960000,47.359400000,229.000
5.971220000,47.359680000,229.000
5.971490000,47.359980000,229.000
5.971830000,47.360330000,230.000
5.971950000,47.360460000,230.000
5.972040000,47.360560000,230.000
5.972070000,47.360600000,230.000
5.972090000,47.360620000,230.000
5.972290000,47.360830000,231.000
5.972510000,47.361070000,231.000
5.972710000,47.361260000,231.000
5.972830000,47.361360000,232.000
5.972900000,47.361430000,232.000
5.973050000,47.361550000,232.000
5.973210000,47.361680000,232.000
5.973490000,47.361880000,233.000
5.973730000,47.362060000,233.000
5.973980000,47.362220000,234.000
5.974080000,47.362290000,234.000
5.974110000,47.362310000,234.000
5.974410000,47.362530000,235.000
5.974530000,47.362620000,235.000
5.974550000,47.362640000,235.000
5.974550000,47.362640000,235.000
5.974620000,47.362690000,235.000
5.974780000,47.362810000,235.000
5.975010000,47.362980000,235.000
5.975120000,47.363060000,235.000
5.975210000,47.363120000,235.000
5.975400000,47.363250000,235.000
5.975580000,47.363420000,235.000
5.975620000,47.363460000,235.000
5.975710000,47.363540000,235.000
5.975770000,47.363620000,235.000
5.975840000,47.363700000,235.000
5.975900000,47.363770000,235.000
5.976150000,47.364090000,235.000
5.976280000,47.364250000,235.000
5.976370000,47.364360000,235.000
5.976700000,47.364800000,236.000
5.976900000,47.365040000,237.000
5.977060000,47.365250000,238.000
5.977660000,47.365990000,239.000
5.977790000,47.366150000,240.000
5.977850000,47.366230000,241.000
5.977910000,47.366310000,241.000
5.978240000,47.366730000,242.000
5.978550000,47.367170000,242.000
5.978760000,47.367430000,242.000
5.978840000,47.367530000,242.000
5.978890000,47.367590000,242.000
5.979160000,47.367940000,242.000
5.979340000,47.368140000,242.000
5.979410000,47.368210000,242.000
5.979450000,47.368250000,242.000
5.979580000,47.368350000,242.000
5.979640000,47.368390000,242.000
5.979770000,47.368470000,242.000
5.979900000,47.368560000,242.000
5.979970000,47.368590000,242.000
5.980140000,47.368670000,242.000
5.980190000,47.368690000,242.000
5.980580000,47.368860000,242.000
5.981120000,47.369090000,242.000
5.981310000,47.369180000,241.000
5.981530000,47.369280000,241.000
5.981560000,47.369290000,241.000
5.981910000,47.369450000,241.000
5.982190000,47.369580000,241.000
5.982270000,47.369610000,241.000
5.982860000,47.369880000,241.000
5.983080000,47.369980000,241.000
5.983300000,47.370080000,241.000
5.983320000,47.370090000,241.000
5.983660000,47.370250000,241.000
5.983810000,47.370340000,241.000
5.983920000,47.370410000,241.000
5.983920000,47.370420000,241.000
5.984070000,47.370530000,241.000
5.984090000,47.370550000,241.000
5.984380000,47.370790000,241.000
5.984610000,47.370990000,241.000
5.984940000,47.371220000,241.000
5.985370000,47.371500000,241.000
5.985450000,47.371560000,241.000
5.985760000,47.371750000,241.000
5.986240000,47.372070000,240.000
5.986270000,47.372080000,240.000
5.986630000,47.372290000,239.000
5.986810000,47.372410000,239.000
5.986970000,47.372530000,238.000
5.987090000,47.372620000,237.000
5.987180000,47.372700000,237.000
5.987180000,47.372710000,237.000
5.987310000,47.372820000,236.000
5.987350000,47.372850000,236.000
5.987430000,47.372930000,236.000
5.987640000,47.373130000,235.000
5.987740000,47.373240000,235.000
5.987830000,47.373360000,235.000
5.987890000,47.373470000,235.000
5.987930000,47.373540000,235.000
5.987970000,47.373630000,235.000
5.987990000,47.373670000,235.000
5.988030000,47.373770000,235.000
5.988080000,47.373870000,235.000
5.988120000,47.373970000,235.000
5.988130000,47.373980000,235.000
5.988190000,47.374080000,235.000
5.988260000,47.374180000,235.000
5.988330000,47.374250000,235.000
5.988430000,47.374360000,235.000
5.988530000,47.374440000,235.000
5.988640000,47.374520000,235.000
5.988750000,47.374600000,235.000
5.988850000,47.374660000,235.000
5.988910000,47.374700000,235.000
5.988960000,47.374730000,235.000
5.989080000,47.374800000,235.000
5.989240000,47.374880000,235.000
5.989380000,47.374940000,235.000
5.989520000,47.375020000,235.000
5.989660000,47.375080000,235.000
5.989920000,47.375190000,235.000
5.989990000,47.375220000,235.000
5.990200000,47.375300000,235.000
5.990220000,47.375310000,235.000
5.990450000,47.375390000,235.000
5.990510000,47.375410000,235.000
5.990760000,47.375490000,235.000
5.990930000,47.375550000,235.000
5.991000000,47.375570000,235.000
5.991170000,47.375620000,235.000
5.991180000,47.375620000,235.000
5.991270000,47.375650000,235.000
5.991350000,47.375660000,235.000
5.991460000,47.375680000,235.000
5.991530000,47.375700000,235.000
5.991610000,47.375700000,235.000
5.991700000,47.375710000,235.000
5.991820000,47.375720000,235.000
5.991950000,47.375720000,235.000
5.992120000,47.375740000,235.000
5.992360000,47.375770000,235.000
5.992560000,47.375790000,234.000
5.992710000,47.375820000,234.000
5.992840000,47.375840000,234.000
5.992940000,47.375860000,234.000
5.993060000,47.375890000,234.000
5.993130000,47.375910000,234.000
5.993220000,47.375940000,233.000
5.993230000,47.375940000,233.000
5.993310000,47.375970000,233.000
5.993430000,47.376020000,233.000
5.993450000,47.376040000,233.000
5.993570000,47.376090000,233.000
5.993720000,47.376190000,233.000
5.993860000,47.376300000,233.000
5.993930000,47.376350000,232.000
5.994100000,47.376480000,232.000
5.994290000,47.376620000,232.000
5.994410000,47.376690000,232.000
5.994530000,47.376780000,231.000
5.994590000,47.376820000,231.000
5.994770000,47.376960000,231.000
5.994950000,47.377090000,231.000
5.995090000,47.377200000,230.000
5.995300000,47.377360000,230.000
5.995440000,47.377480000,230.000
5.995470000,47.377500000,229.000
5.995650000,47.377630000,229.000
5.995750000,47.377700000,229.000
5.996040000,47.377940000,229.000
5.996240000,47.378100000,229.000
5.996340000,47.378180000,230.000
5.996380000,47.378220000,230.000
5.996470000,47.378290000,230.000
5.996580000,47.378370000,230.000
5.996700000,47.378470000,230.000
5.996910000,47.378630000,231.000
5.997120000,47.378800000,231.000
5.997240000,47.378890000,231.000
5.997280000,47.378930000,232.000
5.997360000,47.378990000,232.000
5.997420000,47.379050000,232.000
5.997480000,47.379110000,232.000
5.997550000,47.379180000,233.000
5.997690000,47.379310000,233.000
5.997830000,47.379470000,233.000
5.997860000,47.379490000,233.000
5.997990000,47.379630000,234.000
5.998120000,47.379760000,234.000
5.998250000,47.379860000,234.000
5.998370000,47.379940000,235.000
5.998480000,47.380000000,235.000
5.998530000,47.380020000,235.000
5.998590000,47.380050000,236.000
5.998600000,47.380060000,236.000
5.998730000,47.380110000,236.000
5.998780000,47.380120000,236.000
5.998830000,47.380140000,236.000
5.998870000,47.380160000,236.000
5.998980000,47.380200000,236.000
5.999060000,47.380240000,237.000
5.999120000,47.380270000,237.000
5.999170000,47.380300000,237.000
5.999280000,47.380380000,237.000
5.999300000,47.380400000,237.000
5.999320000,47.380400000,237.000
5.999340000,47.380410000,237.000
5.999370000,47.380410000,237.000
5.999500000,47.380540000,237.000
5.999640000,47.380660000,237.000
5.999710000,47.380710000,237.000
5.999860000,47.380820000,237.000
6.000030000,47.380960000,237.000
6.000050000,47.380980000,237.000
6.000120000,47.381030000,237.000
6.000240000,47.381130000,237.000
6.000390000,47.381270000,237.000
6.000520000,47.381380000,237.000
6.000570000,47.381410000,237.000
6.000620000,47.381450000,237.000
6.000710000,47.381510000,237.000
6.000800000,47.381580000,237.000
6.000880000,47.381620000,237.000
6.000900000,47.381630000,237.000
6.001000000,47.381670000,237.000
6.001120000,47.381710000,237.000
6.001240000,47.381750000,238.000
6.001310000,47.381760000,238.000
6.001400000,47.381790000,238.000
6.001420000,47.381790000,238.000
6.001560000,47.381830000,239.000
6.001680000,47.381860000,239.000
6.001790000,47.381900000,239.000
6.001850000,47.381930000,240.000
6.001970000,47.381990000,240.000
6.002170000,47.382090000,241.000
6.002180000,47.382090000,241.000
6.002250000,47.382130000,242.000
6.002320000,47.382170000,242.000
6.002330000,47.382170000,242.000
6.002450000,47.382250000,243.000
6.002470000,47.382250000,243.000
6.002590000,47.382340000,243.000
6.002760000,47.382430000,244.000
6.002930000,47.382520000,244.000
6.003050000,47.382590000,245.000
6.003120000,47.382630000,246.000
6.003210000,47.382680000,246.000
6.003300000,47.382730000,247.000
6.003400000,47.382800000,247.000
6.003410000,47.382800000,247.000
6.003450000,47.382830000,247.000
6.003530000,47.382880000,248.000
6.003610000,47.382920000,248.000
6.003660000,47.382940000,248.000
6.003730000,47.382980000,248.000
6.003800000,47.383010000,248.000
6.003830000,47.383030000,249.000
6.003940000,47.383090000,249.000
6.004060000,47.383150000,249.000
6.004200000,47.383220000,249.000
6.004560000,47.383400000,250.000
6.004680000,47.383450000,250.000
6.004760000,47.383500000,250.000
6.005140000,47.383720000,251.000
6.005150000,47.383730000,251.000
6.005360000,47.383870000,252.000
6.005600000,47.384060000,252.000
6.005860000,47.384310000,252.000
6.005990000,47.384420000,253.000
6.006170000,47.384560000,253.000
6.006320000,47.384670000,253.000
6.006440000,47.384760000,254.000
6.006920000,47.385100000,254.000
6.007580000,47.385550000,254.000
6.007800000,47.385710000,255.000
6.007990000,47.385840000,255.000
6.008520000,47.386220000,256.000
6.008710000,47.386340000,257.000
6.009040000,47.386530000,257.000
6.009270000,47.386640000,258.000
6.009480000,47.386730000,258.000
6.009690000,47.386810000,259.000
6.009840000,47.386870000,259.000
6.010070000,47.386930000,259.000
6.010290000,47.386990000,259.000
6.010320000,47.387000000,259.000
6.010890000,47.387120000,259.000
6.011330000,47.387210000,259.000
6.011530000,47.387240000,259.000
6.011620000,47.387250000,259.000
6.011920000,47.387270000,259.000
6.012400000,47.387300000,259.000
6.012690000,47.387320000,260.000
6.013030000,47.387330000,260.000
6.013330000,47.387340000,260.000
6.013520000,47.387340000,260.000
6.013750000,47.387340000,261.000
6.013930000,47.387330000,261.000
6.014220000,47.387320000,261.000
6.014520000,47.387320000,261.000
6.014760000,47.387330000,262.000
6.015050000,47.387340000,262.000
6.015300000,47.387360000,262.000
6.015560000,47.387380000,262.000
6.016350000,47.387440000,263.000
6.017500000,47.387520000,264.000
6.017680000,47.387540000,264.000
6.017940000,47.387550000,265.000
6.017950000,47.387550000,265.000
6.018130000,47.387570000,266.000
6.018200000,47.387580000,266.000
6.018310000,47.387600000,267.000
6.018460000,47.387620000,268.000
6.018510000,47.387630000,269.000
6.018780000,47.387700000,270.000
6.018960000,47.387750000,271.000
6.019200000,47.387820000,273.000
6.019440000,47.387880000,274.000
6.019930000,47.388040000,277.000
6.020380000,47.388180000,280.000
6.020470000,47.388210000,282.000
6.020560000,47.388220000,284.000
6.020650000,47.388240000,285.000
6.020750000,47.388250000,286.000
6.020860000,47.388260000,286.000
6.020990000,47.388270000,287.000
6.021190000,47.388290000,288.000
6.021540000,47.388320000,288.000
6.022090000,47.388360000,290.000
6.022190000,47.388370000,290.000
6.022290000,47.388380000,291.000
6.023540000,47.388480000,293.000
6.023800000,47.388510000,294.000
6.023840000,47.388510000,295.000
6.024060000,47.388530000,296.000
6.024330000,47.388550000,296.000
6.024590000,47.388580000,297.000
6.024850000,47.388600000,297.000
6.025320000,47.388640000,297.000
6.025380000,47.388650000,297.000
6.025480000,47.388650000,298.000
6.025590000,47.388660000,298.000
6.025650000,47.388660000,298.000
6.025730000,47.388660000,298.000
6.025820000,47.388660000,298.000
6.025910000,47.388650000,298.000
6.025930000,47.388650000,298.000
6.026040000,47.388630000,298.000
6.026130000,47.388620000,298.000
6.026170000,47.388610000,298.000
6.026290000,47.388590000,298.000
6.026490000,47.388540000,298.000
6.026630000,47.388500000,298.000
6.026670000,47.388490000,298.000
6.026790000,47.388450000,298.000
6.026900000,47.388410000,298.000
6.027240000,47.388280000,298.000
6.027370000,47.388230000,298.000
6.027510000,47.388180000,298.000
6.027810000,47.388100000,298.000
6.027970000,47.388070000,298.000
6.028120000,47.388060000,298.000
6.028260000,47.388060000,298.000
6.028350000,47.388060000,298.000
6.028380000,47.388060000,298.000
6.028430000,47.388060000,298.000
6.028520000,47.388070000,298.000
6.028640000,47.388080000,298.000
6.028930000,47.388150000,298.000
6.029400000,47.388250000,298.000
6.029500000,47.388280000,298.000
6.029670000,47.388320000,297.000
6.030000000,47.388410000,296.000
6.030170000,47.388450000,296.000
6.030420000,47.388520000,295.000
6.030520000,47.388550000,295.000
6.030670000,47.388580000,294.000
6.030810000,47.388610000,293.000
6.030920000,47.388620000,293.000
6.030930000,47.388630000,293.000
6.030950000,47.388630000,292.000
6.031030000,47.388630000,292.000
6.031060000,47.388630000,292.000
6.031130000,47.388630000,292.000
6.031190000,47.388630000,292.000
6.031200000,47.388630000,292.000
6.031280000,47.388620000,291.000
6.031370000,47.388610000,291.000
6.031450000,47.388590000,291.000
6.031460000,47.388590000,291.000
6.031470000,47.388580000,291.000
6.031540000,47.388570000,291.000
6.031690000,47.388520000,290.000
6.031710000,47.388520000,290.000
6.031780000,47.388500000,290.000
6.032250000,47.388330000,290.000
6.032310000,47.388310000,290.000
6.032420000,47.388270000,290.000
6.032530000,47.388230000,289.000
6.032560000,47.388220000,289.000
6.032860000,47.388130000,289.000
6.033030000,47.388090000,289.000
6.033180000,47.388070000,289.000
6.033280000,47.388060000,289.000
6.033350000,47.388060000,288.000
6.033420000,47.388060000,288.000
6.033540000,47.388060000,288.000
6.033680000,47.388070000,288.000
6.033690000,47.388070000,288.000
6.033860000,47.388080000,288.000
6.033950000,47.388100000,288.000
6.034040000,47.388110000,288.000
6.034070000,47.388110000,287.000
6.034190000,47.388130000,287.000
6.034210000,47.388130000,287.000
6.034310000,47.388150000,287.000
6.034320000,47.388150000,287.000
6.034450000,47.388180000,286.000
6.034470000,47.388180000,286.000
6.034570000,47.388210000,286.000
6.034630000,47.388230000,286.000
6.034790000,47.388270000,285.000
6.034940000,47.388330000,285.000
6.035110000,47.388400000,285.000
6.035340000,47.388490000,284.000
6.035550000,47.388600000,283.000
6.035760000,47.388710000,283.000
6.035900000,47.388800000,282.000
6.035960000,47.388830000,281.000
6.036100000,47.388930000,281.000
6.036360000,47.389130000,280.000
6.036540000,47.389270000,279.000
6.036610000,47.389320000,278.000
6.036720000,47.389400000,276.000
6.036900000,47.389530000,275.000
6.037090000,47.389660000,273.000
6.037270000,47.389800000,271.000
6.037450000,47.389930000,269.000
6.037530000,47.389980000,267.000
6.037710000,47.390120000,265.000
6.037850000,47.390210000,264.000
6.038220000,47.390460000,261.000
6.038350000,47.390560000,259.000
6.038450000,47.390620000,258.000
6.038530000,47.390690000,257.000
6.038720000,47.390820000,257.000
6.038730000,47.390830000,257.000
6.038900000,47.390950000,257.000
6.039060000,47.391060000,257.000
6.039080000,47.391080000,257.000
6.039410000,47.391310000,257.000
6.039600000,47.391440000,257.000
6.039830000,47.391590000,257.000
6.039960000,47.391660000,258.000
6.040100000,47.391720000,258.000
6.040270000,47.391790000,258.000
6.040440000,47.391850000,258.000
6.040590000,47.391900000,258.000
6.040720000,47.391940000,258.000
6.040910000,47.391980000,257.000
6.041080000,47.392020000,257.000
6.041370000,47.392070000,256.000
6.041460000,47.392090000,256.000
6.041550000,47.392110000,255.000
6.041780000,47.392140000,255.000
6.042460000,47.392240000,254.000
6.042720000,47.392290000,253.000
6.043010000,47.392330000,252.000
6.043230000,47.392370000,252.000
6.043420000,47.392410000,251.000
6.043590000,47.392460000,251.000
6.043700000,47.392490000,250.000
6.043810000,47.392530000,250.000
6.043930000,47.392580000,250.000
6.044050000,47.392630000,250.000
6.044150000,47.392680000,250.000
6.044190000,47.392690000,250.000
6.044230000,47.392700000,250.000
6.044290000,47.392700000,249.000
6.044360000,47.392700000,249.000
6.044530000,47.392680000,249.000
6.044780000,47.392660000,249.000
6.044780000,47.392660000,249.000
6.044870000,47.392810000,249.000
6.045340000,47.393780000,248.000
6.045420000,47.393870000,248.000
6.045560000,47.394020000,247.000
6.045650000,47.394120000,247.000
6.045800000,47.394300000,246.000
6.045830000,47.394330000,246.000
6.045940000,47.394450000,245.000
6.045970000,47.394490000,245.000
6.046090000,47.394630000,244.000
6.046100000,47.394640000,244.000
6.046290000,47.394840000,243.000
6.047010000,47.395570000,242.000
6.047120000,47.395700000,241.000
6.047120000,47.395700000,240.000
6.047160000,47.395740000,239.000
6.047210000,47.395790000,239.000
6.047390000,47.395980000,238.000
6.048180000,47.396800000,238.000
6.048460000,47.397110000,237.000
6.048530000,47.397200000,237.000
6.048590000,47.397270000,236.000
6.048610000,47.397290000,236.000
6.048680000,47.397390000,236.000
6.048750000,47.397490000,237.000
6.048900000,47.397740000,237.000
6.048920000,47.397780000,237.000
6.048950000,47.397820000,238.000
6.048960000,47.397830000,238.000
6.049310000,47.398440000,239.000
6.049420000,47.398610000,239.000
6.049490000,47.398720000,240.000
6.049550000,47.398820000,240.000
6.049580000,47.398870000,241.000
6.050020000,47.399570000,241.000
6.050230000,47.399900000,241.000
6.050250000,47.399930000,240.000
6.050330000,47.400070000,240.000
6.050560000,47.400430000,240.000
6.050630000,47.400550000,240.000
6.050660000,47.400600000,240.000
6.050690000,47.400660000,240.000
6.050720000,47.400730000,240.000
6.050760000,47.400820000,240.000
6.050810000,47.400940000,240.000
6.050890000,47.401140000,241.000
6.050920000,47.401260000,241.000
6.050950000,47.401360000,242.000
6.050970000,47.401430000,242.000
6.050990000,47.401470000,242.000
6.051070000,47.401740000,243.000
6.051240000,47.402310000,244.000
6.051250000,47.402350000,244.000
6.051260000,47.402380000,245.000
6.051290000,47.402490000,245.000
6.051330000,47.402590000,245.000
6.051350000,47.402670000,246.000
6.051360000,47.402700000,246.000
6.051360000,47.402720000,246.000
6.051410000,47.402830000,246.000
6.051420000,47.402840000,247.000
6.051440000,47.402870000,247.000
6.051500000,47.403000000,247.000
6.051630000,47.403170000,247.000
6.051740000,47.403320000,247.000
6.051750000,47.403330000,248.000
6.051780000,47.403360000,248.000
6.051880000,47.403460000,248.000
6.051900000,47.403480000,248.000
6.052070000,47.403660000,249.000
6.052310000,47.403920000,249.000
6.052510000,47.404110000,250.000
6.052580000,47.404190000,250.000
6.052660000,47.404260000,250.000
6.052970000,47.404530000,249.000
6.053470000,47.404960000,248.000
6.053820000,47.405240000,247.000
6.054190000,47.405530000,246.000
6.054760000,47.406010000,246.000
6.054930000,47.406150000,245.000
6.055100000,47.406290000,245.000
6.055210000,47.406380000,245.000
6.055270000,47.406430000,246.000
6.055450000,47.406560000,246.000
6.055800000,47.406830000,246.000
6.056170000,47.407120000,247.000
6.056320000,47.407240000,247.000
6.056830000,47.407650000,249.000
6.057000000,47.407780000,251.000
6.057130000,47.407890000,252.000
6.057180000,47.407930000,253.000
6.057510000,47.408190000,255.000
6.057520000,47.408200000,256.000
6.057640000,47.408300000,257.000
6.057690000,47.408340000,257.000
6.057860000,47.408480000,258.000
6.058040000,47.408610000,259.000
6.058210000,47.408750000,260.000
6.058380000,47.408890000,261.000
6.058550000,47.409020000,261.000
6.058730000,47.409160000,261.000
6.058780000,47.409200000,262.000
6.058910000,47.409290000,262.000
6.059100000,47.409420000,262.000
6.059280000,47.409540000,262.000
6.059470000,47.409670000,262.000
6.059590000,47.409750000,262.000
6.059850000,47.409930000,262.000
6.060030000,47.410060000,262.000
6.060400000,47.410310000,262.000
6.060490000,47.410380000,262.000
6.060590000,47.410440000,262.000
6.061520000,47.411030000,261.000
6.061560000,47.411060000,261.000
6.061600000,47.411090000,261.000
6.061600000,47.411090000,260.000
6.061740000,47.411190000,260.000
6.061920000,47.411320000,260.000
6.062290000,47.411580000,260.000
6.062650000,47.411840000,260.000
6.062770000,47.411920000,260.000
6.063240000,47.412240000,260.000
6.063440000,47.412390000,260.000
6.063540000,47.412460000,260.000
6.063550000,47.412470000,260.000
6.063610000,47.412520000,260.000
6.063750000,47.412640000,260.000
6.063950000,47.412830000,260.000
6.064060000,47.412950000,260.000
6.064200000,47.413100000,260.000
6.064280000,47.413180000,259.000
6.064300000,47.413200000,259.000
6.064340000,47.413250000,259.000
6.064440000,47.413350000,258.000
6.064750000,47.413700000,258.000
6.064850000,47.413800000,257.000
6.064890000,47.413850000,257.000
6.065030000,47.414000000,256.000
6.065170000,47.414150000,256.000
6.065280000,47.414270000,255.000
6.065310000,47.414300000,255.000
6.065420000,47.414420000,255.000
6.065680000,47.414700000,254.000
6.066010000,47.415050000,254.000
6.066150000,47.415190000,253.000
6.066280000,47.415330000,253.000
6.066290000,47.415340000,252.000
6.066360000,47.415420000,252.000
6.066440000,47.415470000,252.000
6.066810000,47.415730000,251.000
6.067020000,47.415850000,251.000
6.067330000,47.415930000,251.000
6.067340000,47.415930000,251.000
6.067350000,47.415920000,251.000
6.067370000,47.415920000,251.000
6.067380000,47.415920000,251.000
6.067390000,47.415910000,251.000
6.067400000,47.415910000,251.000
6.067420000,47.415910000,252.000
6.067430000,47.415910000,252.000
6.067440000,47.415910000,252.000
6.067460000,47.415910000,252.000
6.067470000,47.415910000,252.000
6.067490000,47.415910000,252.000
6.067500000,47.415910000,252.000
6.067510000,47.415910000,252.000
6.067530000,47.415910000,252.000
6.067540000,47.415910000,252.000
6.067550000,47.415920000,252.000
6.067570000,47.415920000,252.000
6.067580000,47.415930000,252.000
6.067590000,47.415930000,252.000
6.067590000,47.415940000,252.000
6.067600000,47.415950000,252.000
6.067610000,47.415960000,252.000
6.067620000,47.415970000,252.000
6.067620000,47.415980000,252.000
6.067630000,47.415990000,252.000
6.067630000,47.416000000,252.000
6.067640000,47.416010000,252.000
6.067640000,47.416020000,252.000
6.067640000,47.416030000,252.000
6.067650000,47.416040000,252.000
6.067650000,47.416050000,252.000
6.067650000,47.416060000,252.000
6.067650000,47.416070000,252.000
6.067650000,47.416080000,252.000
6.067650000,47.416090000,252.000
6.067640000,47.416100000,252.000
6.067640000,47.416110000,252.000
6.067640000,47.416120000,252.000
6.067630000,47.416120000,252.000
6.067670000,47.416180000,252.000
6.067700000,47.416220000,252.000
6.067800000,47.416340000,253.000
6.067820000,47.416350000,253.000
6.067890000,47.416410000,253.000
6.067890000,47.416410000,253.000
6.068070000,47.416560000,253.000
6.068250000,47.416640000,253.000
6.068330000,47.416670000,254.000
6.068470000,47.416700000,254.000
6.068470000,47.416700000,254.000
6.068510000,47.416680000,254.000
6.068540000,47.416670000,254.000
6.068570000,47.416660000,254.000
6.068630000,47.416650000,254.000
6.068690000,47.416670000,254.000
6.068740000,47.416680000,254.000
6.068780000,47.416700000,254.000
6.068800000,47.416720000,254.000
6.068820000,47.416740000,254.000
6.068840000,47.416770000,254.000
6.069230000,47.416820000,254.000
6.069370000,47.416840000,254.000
6.069690000,47.416910000,254.000
6.069950000,47.417030000,254.000
6.070130000,47.417110000,254.000
6.070220000,47.417160000,254.000
6.070560000,47.417330000,254.000
6.070580000,47.417350000,254.000
6.070620000,47.417360000,254.000
6.070670000,47.417390000,254.000
6.070730000,47.417410000,254.000
6.070940000,47.417510000,254.000
6.071260000,47.417660000,254.000
6.071600000,47.417840000,254.000
6.071650000,47.417860000,254.000
6.071710000,47.417880000,254.000
6.071810000,47.417900000,254.000
6.071890000,47.417910000,254.000
6.071890000,47.417910000,254.000
6.071950000,47.417910000,254.000
6.071970000,47.417910000,255.000
6.071990000,47.417920000,255.000
6.072010000,47.417920000,255.000
6.072030000,47.417930000,255.000
6.072050000,47.417940000,255.000
6.072080000,47.417970000,255.000
6.072090000,47.417990000,255.000
6.072100000,47.418010000,255.000
6.072100000,47.418030000,255.000
6.072100000,47.418050000,255.000
6.072090000,47.418070000,255.000
6.072080000,47.418090000,255.000
6.072060000,47.418110000,255.000
6.072050000,47.418120000,255.000
6.072040000,47.418120000,255.000
6.072030000,47.418130000,255.000
6.072020000,47.418140000,255.000
6.071990000,47.418150000,255.000
6.071950000,47.418200000,255.000
6.071910000,47.418250000,255.000
6.071900000,47.418300000,256.000
6.071890000,47.418350000,256.000
6.071890000,47.418420000,256.000
6.071910000,47.418530000,256.000
6.071900000,47.418700000,256.000
6.071890000,47.418830000,256.000
6.071890000,47.418960000,257.000
6.071880000,47.419130000,257.000
6.071880000,47.419140000,257.000
6.071850000,47.419530000,257.000
6.071850000,47.419540000,257.000
6.071830000,47.419700000,257.000
6.071810000,47.419860000,257.000
6.071780000,47.420040000,257.000
6.071740000,47.420200000,257.000
6.071710000,47.420310000,257.000
6.071560000,47.420880000,257.000
6.071500000,47.421070000,257.000
6.071490000,47.421110000,257.000
6.071330000,47.421600000,257.000
6.071290000,47.421710000,257.000
6.071260000,47.421810000,257.000
6.071220000,47.421950000,257.000
6.071200000,47.422020000,257.000
6.071150000,47.422200000,257.000
6.071100000,47.422330000,257.000
6.071100000,47.422330000,257.000
6.071320000,47.422380000,257.000
6.071350000,47.422390000,257.000
6.071450000,47.422440000,257.000
6.071470000,47.422450000,257.000
6.071530000,47.422490000,257.000
6.071570000,47.422520000,257.000
6.071580000,47.422530000,257.000
6.071630000,47.422570000,257.000
6.071680000,47.422610000,257.000
6.071700000,47.422630000,257.000
6.071800000,47.422730000,257.000
6.071850000,47.422780000,257.000
6.071890000,47.422820000,257.000
6.071920000,47.422850000,257.000
6.071940000,47.422860000,258.000
6.072010000,47.422920000,258.000
6.072050000,47.422960000,258.000
6.072100000,47.423000000,258.000
6.072140000,47.423040000,259.000
6.072150000,47.423040000,259.000
6.072250000,47.423130000,259.000
6.072390000,47.423230000,260.000
6.072450000,47.423280000,260.000
6.072540000,47.423340000,261.000
6.072570000,47.423360000,261.000
6.072640000,47.423400000,261.000
6.072720000,47.423450000,262.000
6.072860000,47.423540000,262.000
6.072940000,47.423610000,263.000
6.073020000,47.423670000,263.000
6.073040000,47.423670000,263.000
6.073120000,47.423720000,264.000
6.073190000,47.423750000,264.000
6.073420000,47.423840000,265.000
6.073620000,47.423920000,265.000
6.073960000,47.424050000,266.000
6.074010000,47.424070000,267.000
6.074200000,47.424150000,267.000
6.074520000,47.424280000,268.000
6.074810000,47.424400000,269.000
6.074980000,47.424470000,270.000
6.075030000,47.424490000,270.000
6.075070000,47.424510000,271.000
6.075260000,47.424580000,271.000
6.075310000,47.424600000,272.000
6.075470000,47.424660000,272.000
6.075670000,47.424740000,273.000
6.075760000,47.424780000,273.000
6.075930000,47.424850000,273.000
6.076180000,47.424930000,274.000
6.076500000,47.425050000,274.000
6.076900000,47.425160000,274.000
6.077030000,47.425200000,274.000
6.077270000,47.425260000,274.000
6.077490000,47.425320000,273.000
6.077800000,47.425380000,273.000
6.077880000,47.425390000,273.000
6.078270000,47.425460000,273.000
6.078300000,47.425440000,273.000
6.078360000,47.425420000,273.000
6.078410000,47.425430000,273.000
6.078430000,47.425430000,273.000
6.078470000,47.425440000,273.000
6.078500000,47.425460000,273.000
6.078520000,47.425480000,273.000
6.078520000,47.425490000,273.000
6.078530000,47.425500000,273.000
6.078540000,47.425510000,273.000
6.078880000,47.425620000,273.000
6.079420000,47.425730000,274.000
6.079820000,47.425810000,274.000
6.080970000,47.426060000,275.000
6.081300000,47.426130000,276.000
6.081590000,47.426190000,277.000
6.081720000,47.426220000,278.000
6.081840000,47.426250000,279.000
6.082130000,47.426310000,280.000
6.082350000,47.426350000,280.000
6.082480000,47.426370000,281.000
6.082730000,47.426430000,282.000
6.083040000,47.426490000,282.000
6.083190000,47.426530000,283.000
6.083200000,47.426530000,284.000
6.083510000,47.426600000,284.000
6.083700000,47.426630000,285.000
6.083800000,47.426650000,285.000
6.083950000,47.426680000,285.000
6.083960000,47.426690000,286.000
6.084070000,47.426710000,286.000
6.084400000,47.426770000,286.000
6.084620000,47.426820000,287.000
6.084660000,47.426830000,287.000
6.084760000,47.426850000,287.000
6.084830000,47.426870000,287.000
6.084970000,47.426890000,287.000
6.085230000,47.426950000,288.000
6.085460000,47.427000000,288.000
6.085640000,47.427030000,288.000
6.085820000,47.427070000,288.000
6.085970000,47.427110000,289.000
6.086030000,47.427120000,289.000
6.086180000,47.427170000,289.000
6.086350000,47.427220000,289.000
6.086390000,47.427230000,289.000
6.086480000,47.427270000,289.000
6.086610000,47.427330000,289.000
6.086640000,47.427340000,289.000
6.086780000,47.427420000,289.000
6.086810000,47.427440000,289.000
6.086940000,47.427520000,289.000
6.087010000,47.427560000,289.000
6.087150000,47.427650000,289.000
6.087240000,47.427710000,289.000
6.087340000,47.427770000,289.000
6.087430000,47.427820000,289.000
6.087690000,47.427980000,289.000
6.087730000,47.428010000,289.000
6.087920000,47.428140000,289.000
6.087970000,47.428170000,289.000
6.088110000,47.428270000,289.000
6.088150000,47.428300000,289.000
6.088300000,47.428390000,289.000
6.088360000,47.428430000,289.000
6.088480000,47.428520000,289.000
6.088520000,47.428560000,289.000
6.088640000,47.428650000,289.000
6.088660000,47.428660000,289.000
6.088770000,47.428750000,289.000
6.088800000,47.428770000,289.000
6.088830000,47.428790000,289.000
6.088950000,47.428880000,289.000
6.089020000,47.428920000,289.000
6.089100000,47.428980000,288.000
6.089210000,47.429050000,288.000
6.089240000,47.429070000,288.000
6.089410000,47.429170000,288.000
6.089600000,47.429280000,288.000
6.089740000,47.429340000,288.000
6.089830000,47.429390000,287.000
6.089900000,47.429420000,287.000
6.090050000,47.429480000,287.000
6.090240000,47.429560000,287.000
6.090280000,47.429570000,287.000
6.090440000,47.429630000,287.000
6.090670000,47.429710000,287.000
6.090760000,47.429740000,287.000
6.090880000,47.429770000,287.000
6.091000000,47.429810000,287.000
6.091130000,47.429850000,287.000
6.091240000,47.429880000,287.000
6.091460000,47.429950000,287.000
6.091720000,47.430030000,287.000
6.091760000,47.430050000,288.000
6.091970000,47.430110000,288.000
6.092030000,47.430130000,288.000
6.092290000,47.430210000,288.000
6.092480000,47.430270000,288.000
6.092690000,47.430330000,288.000
6.092810000,47.430370000,288.000
6.092930000,47.430420000,289.000
6.093090000,47.430480000,289.000
6.093350000,47.430570000,290.000
6.093540000,47.430650000,290.000
6.093830000,47.430770000,291.000
6.093880000,47.430780000,291.000
6.094040000,47.430850000,292.000
6.094220000,47.430920000,293.000
6.094340000,47.430960000,293.000
6.094450000,47.431010000,294.000
6.094570000,47.431050000,294.000
6.094630000,47.431080000,294.000
6.094800000,47.431140000,295.000
6.094820000,47.431150000,295.000
6.095030000,47.431230000,296.000
6.095180000,47.431280000,296.000
6.095270000,47.431310000,297.000
6.095310000,47.431320000,297.000
6.095480000,47.431380000,297.000
6.095710000,47.431440000,298.000
6.095900000,47.431500000,298.000
6.096080000,47.431550000,299.000
6.096250000,47.431590000,300.000
6.096290000,47.431600000,300.000
6.096500000,47.431640000,301.000
6.096520000,47.431650000,301.000
6.096730000,47.431700000,301.000
6.096940000,47.431740000,302.000
6.097010000,47.431750000,302.000
6.097170000,47.431790000,303.000
6.097260000,47.431810000,303.000
6.097490000,47.431850000,304.000
6.097660000,47.431890000,304.000
6.097770000,47.431910000,305.000
6.097910000,47.431940000,306.000
6.098030000,47.431960000,306.000
6.098240000,47.432010000,307.000
6.098280000,47.432020000,308.000
6.098470000,47.432060000,309.000
6.098530000,47.432070000,310.000
6.098640000,47.432100000,310.000
6.098780000,47.432130000,311.000
6.098920000,47.432170000,312.000
6.098940000,47.432170000,312.000
6.099170000,47.432230000,313.000
6.099410000,47.432290000,314.000
6.099580000,47.432320000,315.000
6.099790000,47.432370000,317.000
6.099960000,47.432410000,318.000
6.100150000,47.432450000,319.000
6.100220000,47.432470000,320.000
6.100400000,47.432510000,320.000
6.100450000,47.432520000,320.000
6.100660000,47.432560000,320.000
6.100670000,47.432560000,320.000
6.100780000,47.432570000,320.000
6.100920000,47.432590000,320.000
6.100950000,47.432600000,320.000
6.101110000,47.432610000,319.000
6.101180000,47.432620000,319.000
6.101250000,47.432620000,319.000
6.101350000,47.432610000,319.000
6.101440000,47.432600000,318.000
6.101480000,47.432600000,318.000
6.101590000,47.432580000,318.000
6.101700000,47.432560000,318.000
6.101710000,47.432550000,317.000
6.101840000,47.432510000,317.000
6.101940000,47.432480000,317.000
6.101970000,47.432470000,317.000
6.102180000,47.432400000,316.000
6.102210000,47.432380000,316.000
6.102500000,47.432280000,316.000
6.102820000,47.432180000,315.000
6.102890000,47.432150000,314.000
6.103090000,47.432070000,314.000
6.103120000,47.432070000,313.000
6.103360000,47.431990000,312.000
6.103400000,47.431970000,312.000
6.103600000,47.431910000,311.000
6.103640000,47.431890000,310.000
6.103830000,47.431830000,310.000
6.103890000,47.431800000,309.000
6.104070000,47.431740000,308.000
6.104150000,47.431710000,308.000
6.104310000,47.431660000,307.000
6.104460000,47.431600000,307.000
6.104540000,47.431580000,306.000
6.104690000,47.431540000,305.000
6.104790000,47.431500000,305.000
6.104950000,47.431450000,304.000
6.105190000,47.431370000,303.000
6.105260000,47.431350000,302.000
6.105470000,47.431280000,301.000
6.105500000,47.431270000,300.000
6.105690000,47.431200000,299.000
6.105740000,47.431180000,298.000
6.105920000,47.431120000,297.000
6.105990000,47.431100000,295.000
6.106090000,47.431060000,294.000
6.106210000,47.431020000,293.000
6.106240000,47.431010000,292.000
6.106300000,47.430990000,291.000
6.106340000,47.430970000,291.000
6.106380000,47.430960000,290.000
6.106430000,47.430950000,290.000
6.106560000,47.430920000,289.000
6.106630000,47.430900000,288.000
6.106690000,47.430890000,287.000
6.106790000,47.430880000,287.000
6.106890000,47.430870000,286.000
6.106910000,47.430860000,285.000
6.107040000,47.430860000,284.000
6.107150000,47.430860000,283.000
6.107200000,47.430860000,283.000
6.107390000,47.430880000,282.000
6.107420000,47.430890000,281.000
6.107550000,47.430910000,280.000
6.107680000,47.430950000,279.000
6.107790000,47.430980000,278.000
6.107850000,47.431010000,277.000
6.107900000,47.431030000,277.000
6.108010000,47.431090000,277.000
6.108120000,47.431150000,277.000
6.108220000,47.431210000,277.000
6.108300000,47.431280000,276.000
6.108390000,47.431370000,276.000
6.108410000,47.431400000,276.000
6.108430000,47.431430000,276.000
6.108480000,47.431490000,276.000
6.108540000,47.431560000,276.000
6.108560000,47.431580000,276.000
6.108590000,47.431620000,276.000
6.108700000,47.431790000,276.000
6.108830000,47.431970000,276.000
6.108930000,47.432100000,276.000
6.109030000,47.432260000,276.000
6.109080000,47.432310000,276.000
6.109120000,47.432360000,276.000
6.109200000,47.432470000,276.000
6.109290000,47.432560000,276.000
6.109410000,47.432680000,276.000
6.109460000,47.432730000,276.000
6.109540000,47.432820000,276.000
6.109610000,47.432890000,277.000
6.109690000,47.432970000,277.000
6.109740000,47.433020000,277.000
6.109750000,47.433030000,277.000
6.109840000,47.433120000,278.000
6.109900000,47.433180000,278.000
6.110060000,47.433340000,278.000
6.110210000,47.433490000,279.000
6.110280000,47.433560000,279.000
6.110280000,47.433570000,279.000
6.110310000,47.433600000,279.000
6.110430000,47.433720000,280.000
6.110440000,47.433730000,280.000
6.110620000,47.433910000,280.000
6.110760000,47.434050000,281.000
6.110880000,47.434160000,281.000
6.110930000,47.434210000,281.000
6.111040000,47.434320000,281.000
6.111100000,47.434390000,281.000
6.111120000,47.434420000,280.000
6.111190000,47.434500000,280.000
6.111230000,47.434550000,280.000
6.111270000,47.434590000,280.000
6.111330000,47.434650000,280.000
6.111390000,47.434690000,279.000
6.111450000,47.434740000,279.000
6.111570000,47.434830000,279.000
6.111590000,47.434840000,279.000
6.111730000,47.434940000,278.000
6.111760000,47.434950000,278.000
6.111960000,47.435130000,278.000
6.111970000,47.435150000,278.000
6.112020000,47.435250000,277.000
6.112080000,47.435390000,277.000
6.112090000,47.435410000,277.000
6.112130000,47.435490000,276.000
6.112190000,47.435580000,276.000
6.112250000,47.435660000,276.000
6.112330000,47.435730000,276.000
6.112420000,47.435810000,276.000
6.112570000,47.435910000,276.000
6.112690000,47.436000000,276.000
6.112820000,47.436090000,277.000
6.112910000,47.436170000,277.000
6.112990000,47.436240000,277.000
6.113080000,47.436340000,278.000
6.113140000,47.436410000,278.000
6.113250000,47.436530000,278.000
6.113280000,47.436560000,278.000
6.113360000,47.436660000,279.000
6.113500000,47.436800000,279.000
6.113590000,47.436910000,279.000
6.113680000,47.437010000,279.000
6.113790000,47.437140000,280.000
6.113900000,47.437240000,280.000
6.113930000,47.437270000,280.000
6.113970000,47.437310000,281.000
6.114060000,47.437390000,281.000
6.114160000,47.437460000,281.000
6.114220000,47.437500000,281.000
6.114250000,47.437520000,281.000
6.114360000,47.437560000,281.000
6.114470000,47.437610000,282.000
6.114580000,47.437640000,282.000
6.114600000,47.437640000,282.000
6.114700000,47.437670000,282.000
6.114810000,47.437690000,282.000
6.114850000,47.437700000,282.000
6.114920000,47.437710000,282.000
6.115010000,47.437720000,283.000
6.115110000,47.437720000,283.000
6.115170000,47.437720000,283.000
6.115240000,47.437720000,283.000
6.115340000,47.437720000,283.000
6.115440000,47.437710000,283.000
6.115510000,47.437700000,283.000
6.115540000,47.437690000,283.000
6.115650000,47.437670000,284.000
6.115740000,47.437650000,284.000
6.115770000,47.437640000,284.000
6.115830000,47.437630000,284.000
6.115870000,47.437610000,284.000
6.116060000,47.437550000,284.000
6.116110000,47.437530000,284.000
6.116250000,47.437480000,284.000
6.116340000,47.437440000,285.000
6.116570000,47.437350000,285.000
6.117170000,47.437130000,286.000
6.117180000,47.437120000,287.000
6.119460000,47.436300000,290.000
6.119790000,47.436220000,292.000
6.119930000,47.436190000,295.000
6.120070000,47.436170000,296.000
6.120220000,47.436160000,298.000
6.120410000,47.436150000,299.000
6.120610000,47.436150000,301.000
6.120740000,47.436150000,302.000
6.120880000,47.436170000,303.000
6.121040000,47.436190000,304.000
6.121240000,47.436220000,305.000
6.121410000,47.436250000,306.000
6.121580000,47.436290000,307.000
6.121680000,47.436320000,308.000
6.121800000,47.436360000,309.000
6.122100000,47.436440000,311.000
6.122260000,47.436500000,312.000
6.122560000,47.436590000,313.000
6.122760000,47.436660000,313.000
6.122970000,47.436720000,314.000
6.123130000,47.436770000,314.000
6.123160000,47.436780000,314.000
6.123380000,47.436820000,314.000
6.123530000,47.436850000,315.000
6.123730000,47.436880000,315.000
6.123910000,47.436900000,315.000
6.124160000,47.436900000,315.000
6.124290000,47.436900000,316.000
6.124430000,47.436890000,316.000
6.124520000,47.436880000,316.000
6.124790000,47.436850000,316.000
6.125140000,47.436800000,316.000
6.125350000,47.436740000,317.000
6.125460000,47.436710000,317.000
6.125550000,47.436690000,317.000
6.125660000,47.436650000,317.000
6.125810000,47.436600000,317.000
6.126010000,47.436500000,317.000
6.126130000,47.436430000,317.000
6.126250000,47.436350000,317.000
6.126420000,47.436250000,318.000
6.126520000,47.436180000,318.000
6.126620000,47.436100000,318.000
6.126830000,47.435890000,318.000
6.126980000,47.435750000,318.000
6.127220000,47.435510000,317.000
6.127820000,47.434910000,314.000
6.128890000,47.433850000,307.000
6.129040000,47.433680000,301.000
6.129110000,47.433600000,297.000
6.129200000,47.433510000,295.000
6.129290000,47.433440000,292.000
6.129350000,47.433390000,291.000
6.129410000,47.433340000,289.000
6.129430000,47.433330000,288.000
6.129520000,47.433260000,287.000
6.129690000,47.433120000,286.000
6.129740000,47.433080000,285.000
6.129860000,47.432990000,284.000
6.129890000,47.432960000,284.000
6.130050000,47.432850000,283.000
6.130080000,47.432830000,282.000
6.130090000,47.432820000,281.000
6.130230000,47.432730000,280.000
6.130270000,47.432710000,280.000
6.130320000,47.432670000,279.000
6.130430000,47.432600000,279.000
6.130470000,47.432570000,278.000
6.130600000,47.432490000,277.000
6.130620000,47.432480000,277.000
6.130730000,47.432410000,276.000
6.130790000,47.432360000,276.000
6.130810000,47.432350000,275.000
6.130840000,47.432330000,275.000
6.130910000,47.432280000,275.000
6.130980000,47.432240000,275.000
6.131320000,47.432020000,274.000
6.131500000,47.431900000,274.000
6.131660000,47.431820000,273.000
6.131780000,47.431770000,272.000
6.131850000,47.431740000,272.000
6.131950000,47.431720000,272.000
6.132030000,47.431700000,271.000
6.132050000,47.431690000,271.000
6.132200000,47.431670000,271.000
6.132310000,47.431660000,271.000
6.132320000,47.431660000,270.000
6.132510000,47.431660000,270.000
6.132580000,47.431660000,270.000
6.132650000,47.431660000,270.000
6.132730000,47.431670000,269.000
6.132900000,47.431700000,269.000
6.132980000,47.431710000,269.000
6.133060000,47.431740000,269.000
6.133120000,47.431760000,269.000
6.133160000,47.431770000,269.000
6.133800000,47.432020000,269.000
6.134110000,47.432160000,269.000
6.134340000,47.432250000,269.000
6.134460000,47.432300000,269.000
6.134480000,47.432310000,269.000
6.134540000,47.432330000,269.000
6.134560000,47.432340000,269.000
6.135270000,47.432580000,269.000
6.135510000,47.432670000,269.000
6.135530000,47.432670000,269.000
6.135600000,47.432700000,269.000
6.135740000,47.432750000,269.000
6.135830000,47.432790000,269.000
6.135960000,47.432860000,269.000
6.135970000,47.432870000,269.000
6.136210000,47.433000000,270.000
6.136360000,47.433090000,270.000
6.136380000,47.433100000,270.000
6.137360000,47.433690000,271.000
6.137470000,47.433760000,272.000
6.137630000,47.433860000,272.000
6.137710000,47.433910000,273.000
6.137820000,47.433980000,273.000
6.137910000,47.434030000,273.000
6.137940000,47.434050000,274.000
6.138200000,47.434230000,274.000
6.138290000,47.434280000,274.000
6.138340000,47.434320000,275.000
6.138390000,47.434360000,275.000
6.138570000,47.434490000,275.000
6.138650000,47.434550000,275.000
6.138880000,47.434730000,276.000
6.139010000,47.434810000,276.000
6.139150000,47.434950000,277.000
6.139420000,47.435180000,277.000
6.139570000,47.435330000,278.000
6.139800000,47.435550000,279.000
6.139840000,47.435590000,279.000
6.139950000,47.435700000,280.000
6.140480000,47.436210000,281.000
6.140560000,47.436290000,281.000
6.140720000,47.436440000,282.000
6.140870000,47.436580000,283.000
6.140970000,47.436680000,283.000
6.141030000,47.436730000,284.000
6.141060000,47.436760000,284.000
6.141160000,47.436840000,284.000
6.141190000,47.436870000,284.000
6.141730000,47.437320000,284.000
6.142540000,47.437980000,283.000
6.142570000,47.438010000,282.000
6.142710000,47.438120000,282.000
6.142920000,47.438290000,281.000
6.143020000,47.438360000,281.000
6.143110000,47.438420000,281.000
6.143290000,47.438500000,281.000
6.143450000,47.438560000,281.000
6.143590000,47.438600000,281.000
6.143740000,47.438630000,281.000
6.143900000,47.438640000,281.000
6.144090000,47.438650000,281.000
6.144260000,47.438650000,281.000
6.144300000,47.438650000,281.000
6.144560000,47.438660000,281.000
6.144880000,47.438660000,281.000
6.144990000,47.438660000,281.000
6.145950000,47.438640000,281.000
6.145990000,47.438640000,281.000
6.146210000,47.438630000,282.000
6.146860000,47.438610000,282.000
6.147130000,47.438610000,283.000
6.147270000,47.438620000,284.000
6.147400000,47.438630000,284.000
6.147540000,47.438650000,285.000
6.147720000,47.438700000,285.000
6.148070000,47.438790000,286.000
6.148290000,47.438850000,287.000
6.148720000,47.438950000,288.000
6.149340000,47.439110000,289.000
6.149430000,47.439130000,290.000
6.149580000,47.439170000,291.000
6.149590000,47.439170000,292.000
6.149840000,47.439230000,292.000
6.150080000,47.439290000,293.000
6.150470000,47.439390000,294.000
6.150580000,47.439420000,295.000
6.150830000,47.439480000,296.000
6.151080000,47.439540000,297.000
6.151250000,47.439580000,298.000
6.151330000,47.439600000,299.000
6.151580000,47.439660000,299.000
6.151910000,47.439740000,300.000
6.152090000,47.439770000,301.000
6.152340000,47.439830000,302.000
6.152350000,47.439830000,303.000
6.152530000,47.439860000,304.000
6.152600000,47.439860000,304.000
6.152680000,47.439870000,305.000
6.152870000,47.439880000,306.000
6.152970000,47.439890000,306.000
6.153130000,47.439900000,307.000
6.153250000,47.439900000,307.000
6.153400000,47.439910000,308.000
6.153640000,47.439920000,309.000
6.153660000,47.439920000,309.000
6.153930000,47.439940000,310.000
6.153970000,47.439940000,310.000
6.154190000,47.439970000,311.000
6.154210000,47.439980000,311.000
6.154430000,47.440010000,311.000
6.154450000,47.440020000,311.000
6.154760000,47.440070000,311.000
6.154960000,47.440110000,311.000
6.155150000,47.440150000,311.000
6.155210000,47.440170000,310.000
6.155470000,47.440220000,310.000
6.155720000,47.440270000,310.000
6.155780000,47.440280000,310.000
6.156740000,47.440480000,309.000
6.157470000,47.440640000,309.000
6.157500000,47.440640000,309.000
6.158010000,47.440750000,309.000
6.158260000,47.440810000,309.000
6.158360000,47.440830000,309.000
6.158520000,47.440860000,309.000
6.158950000,47.440960000,309.000
6.159020000,47.440970000,309.000
6.159180000,47.441020000,309.000
6.159390000,47.441070000,309.000
6.159430000,47.441080000,308.000
6.159670000,47.441150000,308.000
6.159720000,47.441160000,308.000
6.159920000,47.441220000,307.000
6.159970000,47.441230000,307.000
6.160160000,47.441290000,306.000
6.160250000,47.441320000,306.000
6.160400000,47.441370000,305.000
6.160560000,47.441420000,305.000
6.160880000,47.441540000,304.000
6.161110000,47.441620000,303.000
6.161420000,47.441740000,302.000
6.161570000,47.441800000,301.000
6.161740000,47.441860000,300.000
6.162070000,47.441990000,299.000
6.162260000,47.442050000,298.000
6.162410000,47.442100000,297.000
6.162730000,47.442200000,296.000
6.162740000,47.442210000,295.000
6.162990000,47.442280000,294.000
6.163050000,47.442300000,293.000
6.163270000,47.442360000,292.000
6.163480000,47.442420000,291.000
6.163510000,47.442430000,291.000
6.163730000,47.442480000,290.000
6.163980000,47.442550000,289.000
6.164220000,47.442610000,288.000
6.164470000,47.442670000,287.000
6.164560000,47.442690000,286.000
6.164620000,47.442710000,286.000
6.164720000,47.442730000,285.000
6.164970000,47.442790000,285.000
6.165220000,47.442860000,285.000
6.165470000,47.442920000,285.000
6.165710000,47.442980000,285.000
6.165720000,47.442980000,285.000
6.165970000,47.443040000,285.000
6.166220000,47.443110000,285.000
6.166370000,47.443150000,286.000
6.167250000,47.443380000,286.000
6.167960000,47.443560000,286.000
6.168210000,47.443620000,286.000
6.168460000,47.443690000,287.000
6.168510000,47.443700000,287.000
6.168830000,47.443790000,287.000
6.169010000,47.443830000,287.000
6.169020000,47.443830000,287.000
6.169040000,47.443840000,287.000
6.169080000,47.443850000,287.000
6.169260000,47.443900000,287.000
6.169750000,47.444030000,287.000
6.170000000,47.444090000,287.000
6.170990000,47.444350000,287.000
6.171000000,47.444360000,286.000
6.171240000,47.444420000,286.000
6.171480000,47.444490000,286.000
6.171730000,47.444550000,286.000
6.172820000,47.444840000,285.000
6.173710000,47.445070000,284.000
6.174050000,47.445160000,283.000
6.174760000,47.445350000,282.000
6.175010000,47.445410000,282.000
6.175090000,47.445430000,281.000
6.175120000,47.445440000,281.000
6.175380000,47.445510000,280.000
6.175440000,47.445520000,280.000
6.175500000,47.445530000,280.000
6.175510000,47.445530000,280.000
6.175550000,47.445540000,280.000
6.175600000,47.445540000,280.000
6.175650000,47.445550000,280.000
6.175700000,47.445550000,280.000
6.175920000,47.445560000,280.000
6.176040000,47.445570000,281.000
6.176150000,47.445550000,281.000
6.176200000,47.445550000,281.000
6.176280000,47.445530000,281.000
6.176360000,47.445520000,281.000
6.176430000,47.445500000,282.000
6.176560000,47.445470000,282.000
6.176840000,47.445350000,282.000
6.177170000,47.445200000,283.000
6.177520000,47.445050000,283.000
6.177690000,47.444960000,284.000
6.178550000,47.444560000,285.000
6.178730000,47.444500000,286.000
6.178780000,47.444480000,287.000
6.178860000,47.444450000,287.000
6.179260000,47.444320000,288.000
6.179470000,47.444290000,288.000
6.179660000,47.444260000,289.000
6.180150000,47.444180000,289.000
6.180230000,47.444170000,290.000
6.180520000,47.444120000,290.000
6.180750000,47.444090000,291.000
6.180880000,47.444060000,291.000
6.181000000,47.444040000,291.000
6.181050000,47.444030000,292.000
6.181050000,47.444030000,292.000
6.181260000,47.443990000,292.000
6.181300000,47.443980000,292.000
6.181520000,47.443950000,292.000
6.181640000,47.443930000,292.000
6.181780000,47.443920000,293.000
6.181880000,47.443910000,293.000
6.182100000,47.443890000,293.000
6.182300000,47.443890000,293.000
6.182310000,47.443900000,293.000
6.182530000,47.443900000,293.000
6.182570000,47.443900000,293.000
6.182710000,47.443920000,293.000
6.182840000,47.443930000,293.000
6.182930000,47.443940000,293.000
6.183130000,47.443980000,293.000
6.183280000,47.444010000,293.000
6.183420000,47.444050000,293.000
6.183590000,47.444100000,293.000
6.183650000,47.444120000,293.000
6.183800000,47.444160000,293.000
6.184130000,47.444270000,293.000
6.184550000,47.444420000,293.000
6.184720000,47.444470000,293.000
6.184810000,47.444500000,292.000
6.184970000,47.444540000,292.000
6.185050000,47.444560000,292.000
6.185220000,47.444600000,292.000
6.185270000,47.444620000,291.000
6.185420000,47.444650000,291.000
6.185620000,47.444680000,291.000
6.185990000,47.444740000,290.000
6.186120000,47.444760000,290.000
6.186510000,47.444820000,289.000
6.186520000,47.444820000,289.000
6.186750000,47.444860000,288.000
6.186960000,47.444880000,288.000
6.187030000,47.444890000,287.000
6.187140000,47.444890000,286.000
6.187290000,47.444900000,286.000
6.187310000,47.444900000,285.000
6.187490000,47.444910000,284.000
6.187560000,47.444910000,284.000
6.187670000,47.444910000,283.000
6.187820000,47.444900000,283.000
6.187880000,47.444900000,282.000
6.188090000,47.444890000,281.000
6.188280000,47.444880000,280.000
6.188350000,47.444870000,279.000
6.188620000,47.444850000,278.000
6.188730000,47.444840000,277.000
6.188880000,47.444820000,277.000
6.189140000,47.444800000,275.000
6.189410000,47.444780000,274.000
6.189440000,47.444770000,273.000
6.189640000,47.444760000,273.000
6.189670000,47.444760000,272.000
6.189890000,47.444760000,272.000
6.189940000,47.444760000,271.000
6.190200000,47.444780000,271.000
6.190260000,47.444780000,271.000
6.190500000,47.444810000,270.000
6.190720000,47.444860000,270.000
6.190870000,47.444890000,270.000
6.190970000,47.444910000,270.000
6.191200000,47.444960000,269.000
6.191460000,47.445010000,269.000
6.191610000,47.445040000,269.000
6.191810000,47.445060000,268.000
6.192010000,47.445070000,268.000
6.192100000,47.445080000,268.000
6.192270000,47.445080000,268.000
6.192450000,47.445080000,267.000
6.192540000,47.445080000,267.000
6.193330000,47.445060000,266.000
6.193600000,47.445060000,266.000
6.193870000,47.445050000,265.000
6.194400000,47.445040000,265.000
6.194660000,47.445040000,264.000
6.194910000,47.445030000,264.000
6.195200000,47.445030000,263.000
6.195460000,47.445020000,262.000
6.195600000,47.445020000,261.000
6.195780000,47.445020000,260.000
6.196310000,47.445010000,259.000
6.196790000,47.445000000,257.000
6.196800000,47.445000000,256.000
6.197060000,47.445000000,254.000
6.197100000,47.445000000,254.000
6.197190000,47.445010000,253.000
6.197590000,47.445020000,252.000
6.198210000,47.445060000,251.000
6.198940000,47.445130000,250.000
6.199050000,47.445140000,249.000
6.199220000,47.445150000,249.000
6.199410000,47.445160000,248.000
6.199440000,47.445170000,248.000
6.199710000,47.445180000,248.000
6.199800000,47.445180000,247.000
6.200140000,47.445190000,247.000
6.200280000,47.445190000,247.000
6.200410000,47.445190000,247.000
6.200550000,47.445200000,246.000
6.200810000,47.445210000,246.000
6.201250000,47.445230000,245.000
6.202160000,47.445240000,244.000
6.202670000,47.445260000,243.000
6.202940000,47.445270000,242.000
6.203260000,47.445280000,242.000
6.203320000,47.445300000,241.000
6.203380000,47.445330000,241.000
6.203440000,47.445370000,241.000
6.203510000,47.445430000,241.000
6.203580000,47.445490000,241.000
6.203660000,47.445560000,241.000
6.203910000,47.445820000,241.000
6.204340000,47.446210000,241.000
6.204420000,47.446270000,241.000
6.204450000,47.446310000,241.000
6.204500000,47.446360000,241.000
6.204570000,47.446460000,241.000
6.204670000,47.446600000,241.000
6.204680000,47.446620000,241.000
6.204750000,47.446740000,242.000
6.204770000,47.446770000,242.000
6.204790000,47.446820000,243.000
6.204800000,47.446900000,243.000
6.204790000,47.446990000,244.000
6.204760000,47.447220000,245.000
6.204740000,47.447350000,246.000
6.204740000,47.447410000,247.000
6.204750000,47.447480000,247.000
6.204750000,47.447480000,248.000
6.204880000,47.447470000,248.000
6.205140000,47.447430000,249.000
6.205250000,47.447430000,250.000
6.205390000,47.447440000,251.000
6.205530000,47.447460000,252.000
6.205660000,47.447490000,252.000
6.205760000,47.447510000,253.000
6.206080000,47.447580000,254.000
6.206330000,47.447630000,255.000
6.206380000,47.447640000,256.000
6.206610000,47.447700000,257.000
6.206860000,47.447770000,258.000
6.207060000,47.447820000,259.000
6.207100000,47.447840000,259.000
6.207310000,47.447920000,260.000
6.207330000,47.447930000,260.000
6.207760000,47.448090000,261.000
6.208030000,47.448200000,262.000
6.208270000,47.448300000,263.000
6.208360000,47.448340000,264.000
6.208500000,47.448390000,265.000
6.208510000,47.448400000,266.000
6.208720000,47.448480000,266.000
6.208950000,47.448560000,267.000
6.209090000,47.448620000,267.000
6.209190000,47.448660000,267.000
6.209210000,47.448660000,268.000
6.209790000,47.448900000,268.000
6.209870000,47.448930000,269.000
6.210100000,47.449020000,269.000
6.210110000,47.449020000,270.000
6.210120000,47.449030000,270.000
6.210440000,47.449160000,270.000
6.211030000,47.449380000,271.000
6.211070000,47.449400000,272.000
6.211520000,47.449580000,272.000
6.211770000,47.449670000,273.000
6.211970000,47.449760000,274.000
6.212670000,47.450010000,275.000
6.212780000,47.450050000,276.000
6.213330000,47.450220000,277.000
6.213390000,47.450230000,278.000
6.213640000,47.450300000,279.000
6.213950000,47.450380000,279.000
6.214380000,47.450490000,280.000
6.214630000,47.450550000,281.000
6.214710000,47.450570000,281.000
6.215140000,47.450670000,282.000
6.215390000,47.450730000,282.000
6.215420000,47.450730000,283.000
6.215860000,47.450820000,283.000
6.215900000,47.450830000,284.000
6.216020000,47.450850000,284.000
6.216180000,47.450880000,284.000
6.216320000,47.450900000,284.000
6.216430000,47.450910000,284.000
6.217020000,47.450980000,284.000
6.217050000,47.450980000,284.000
6.217290000,47.451000000,284.000
6.218030000,47.451060000,284.000
6.218080000,47.451060000,284.000
6.218340000,47.451090000,284.000
6.218610000,47.451110000,284.000
6.218870000,47.451130000,284.000
6.218930000,47.451140000,284.000
6.219130000,47.451160000,284.000
6.219210000,47.451170000,283.000
6.219400000,47.451190000,283.000
6.219500000,47.451210000,283.000
6.219670000,47.451230000,282.000
6.219870000,47.451270000,282.000
6.220090000,47.451310000,281.000
6.220300000,47.451360000,280.000
6.220480000,47.451410000,280.000
6.220660000,47.451460000,279.000
6.220910000,47.451530000,279.000
6.221160000,47.451600000,278.000
6.221310000,47.451640000,277.000
6.221400000,47.451660000,277.000
6.221650000,47.451730000,277.000
6.221890000,47.451800000,276.000
6.222140000,47.451870000,276.000
6.222220000,47.451890000,276.000
6.222380000,47.451940000,276.000
6.222570000,47.452000000,275.000
6.222620000,47.452020000,275.000
6.222770000,47.452070000,275.000
6.222860000,47.452110000,275.000
6.222900000,47.452120000,275.000
6.223080000,47.452200000,275.000
6.223310000,47.452290000,274.000
6.223340000,47.452310000,274.000
6.223750000,47.452500000,274.000
6.223910000,47.452570000,274.000
6.223960000,47.452600000,274.000
6.224170000,47.452710000,273.000
6.224580000,47.452940000,273.000
6.224710000,47.453010000,273.000
6.225210000,47.453280000,273.000
6.225360000,47.453360000,272.000
6.225410000,47.453390000,272.000
6.225620000,47.453500000,272.000
6.225840000,47.453610000,272.000
6.225960000,47.453670000,272.000
6.226050000,47.453720000,271.000
6.226570000,47.453970000,271.000
6.227780000,47.454480000,269.000
6.228280000,47.454680000,268.000
6.228610000,47.454830000,267.000
6.228710000,47.454870000,267.000
6.229100000,47.455070000,267.000
6.229400000,47.455250000,268.000
6.229690000,47.455450000,269.000
6.229770000,47.455510000,270.000
6.229880000,47.455590000,270.000
6.230120000,47.455760000,271.000
6.230240000,47.455850000,272.000
6.230420000,47.455980000,273.000
6.230590000,47.456120000,274.000
6.230670000,47.456170000,274.000
6.230770000,47.456250000,275.000
6.230840000,47.456310000,275.000
6.230850000,47.456310000,275.000
6.231130000,47.456520000,276.000
6.231200000,47.456570000,276.000
6.231310000,47.456650000,277.000
6.231380000,47.456700000,277.000
6.231490000,47.456780000,277.000
6.231590000,47.456860000,278.000
6.231800000,47.457010000,278.000
6.231990000,47.457140000,279.000
6.232040000,47.457170000,279.000
6.232340000,47.457320000,279.000
6.232670000,47.457470000,280.000
6.232790000,47.457510000,281.000
6.232980000,47.457580000,282.000
6.233250000,47.457650000,283.000
6.233310000,47.457660000,283.000
6.233510000,47.457710000,284.000
6.233710000,47.457750000,285.000
6.234000000,47.457800000,286.000
6.234130000,47.457830000,286.000
6.234340000,47.457860000,287.000
6.234700000,47.457930000,288.000
6.235080000,47.458000000,289.000
6.235230000,47.458030000,290.000
6.235290000,47.458050000,290.000
6.235460000,47.458090000,291.000
6.235820000,47.458170000,291.000
6.235960000,47.458210000,291.000
6.236280000,47.458300000,291.000
6.236450000,47.458360000,291.000
6.236530000,47.458380000,291.000
6.236770000,47.458450000,290.000
6.237170000,47.458590000,290.000
6.237230000,47.458610000,290.000
6.237280000,47.458630000,290.000
6.237480000,47.458700000,290.000
6.237720000,47.458800000,290.000
6.238170000,47.458970000,289.000
6.238360000,47.459050000,289.000
6.238400000,47.459060000,289.000
6.239070000,47.459320000,288.000
6.239100000,47.459330000,288.000
6.239770000,47.459590000,287.000
6.239800000,47.459600000,287.000
6.240300000,47.459790000,287.000
6.240730000,47.459940000,286.000
6.240780000,47.459960000,286.000
6.240970000,47.460020000,286.000
6.241210000,47.460090000,286.000
6.241290000,47.460120000,286.000
6.241740000,47.460240000,286.000
6.241960000,47.460300000,286.000
6.242180000,47.460350000,287.000
6.242460000,47.460420000,287.000
6.242630000,47.460460000,287.000
6.243010000,47.460560000,287.000
6.243370000,47.460640000,287.000
6.243390000,47.460650000,288.000
6.243460000,47.460670000,288.000
6.243620000,47.460710000,288.000
6.243640000,47.460710000,288.000
6.243880000,47.460780000,289.000
6.244130000,47.460850000,289.000
6.244200000,47.460870000,289.000
6.244300000,47.460900000,289.000
6.244370000,47.460920000,290.000
6.244440000,47.460940000,290.000
6.244680000,47.461020000,290.000
6.244830000,47.461060000,290.000
6.244930000,47.461090000,291.000
6.245240000,47.461190000,291.000
6.245410000,47.461240000,291.000
6.245580000,47.461290000,292.000
6.245640000,47.461310000,292.000
6.246070000,47.461440000,292.000
6.246500000,47.461570000,292.000
6.246800000,47.461660000,292.000
6.247030000,47.461730000,292.000
6.247040000,47.461730000,292.000
6.247410000,47.461840000,292.000
6.247600000,47.461900000,292.000
6.247770000,47.461950000,292.000
6.247840000,47.461980000,292.000
6.248180000,47.462080000,292.000
6.248320000,47.462120000,292.000
6.248500000,47.462170000,292.000
6.248560000,47.462190000,292.000
6.248570000,47.462190000,292.000
6.248740000,47.462250000,293.000
6.248980000,47.462320000,293.000
6.249050000,47.462340000,294.000
6.249070000,47.462350000,294.000
6.249300000,47.462410000,294.000
6.249540000,47.462490000,295.000
6.249620000,47.462510000,295.000
6.250360000,47.462740000,296.000
6.250680000,47.462830000,297.000
6.250750000,47.462850000,298.000
6.250930000,47.462910000,299.000
6.251060000,47.462950000,299.000
6.251240000,47.463000000,299.000
6.251410000,47.463060000,299.000
6.251480000,47.463080000,299.000
6.251590000,47.463120000,299.000
6.251650000,47.463140000,299.000
6.251720000,47.463160000,299.000
6.251870000,47.463210000,299.000
6.251890000,47.463210000,299.000
6.251960000,47.463240000,299.000
6.252130000,47.463300000,299.000
6.252190000,47.463320000,299.000
6.252360000,47.463380000,299.000
6.252600000,47.463460000,299.000
6.252670000,47.463490000,299.000
6.252890000,47.463570000,299.000
6.253310000,47.463710000,299.000
6.253430000,47.463750000,298.000
6.253540000,47.463790000,298.000
6.253610000,47.463820000,298.000
6.254010000,47.463960000,297.000
6.254150000,47.464020000,296.000
6.254170000,47.464020000,296.000
6.254260000,47.464060000,296.000
6.254390000,47.464130000,295.000
6.254410000,47.464140000,295.000
6.254530000,47.464210000,294.000
6.254710000,47.464320000,294.000
6.254810000,47.464380000,293.000
6.254970000,47.464490000,292.000
6.254990000,47.464500000,292.000
6.255180000,47.464630000,291.000
6.255250000,47.464680000,291.000
6.255370000,47.464760000,290.000
6.255510000,47.464850000,290.000
6.255560000,47.464880000,289.000
6.255720000,47.465000000,289.000
6.255740000,47.465010000,288.000
6.255930000,47.465140000,287.000
6.255990000,47.465190000,287.000
6.256110000,47.465270000,286.000
6.256250000,47.465370000,285.000
6.256300000,47.465400000,285.000
6.256490000,47.465530000,284.000
6.256500000,47.465530000,284.000
6.256530000,47.465550000,283.000
6.256660000,47.465630000,283.000
6.256690000,47.465650000,282.000
6.256790000,47.465700000,282.000
6.256870000,47.465730000,282.000
6.256910000,47.465750000,281.000
6.256970000,47.465770000,281.000
6.257020000,47.465790000,281.000
6.257040000,47.465800000,280.000
6.257090000,47.465810000,280.000
6.257150000,47.465830000,280.000
6.257280000,47.465870000,280.000
6.257410000,47.465900000,279.000
6.257580000,47.465930000,279.000
6.257740000,47.465950000,278.000
6.257980000,47.465990000,278.000
6.258040000,47.466020000,278.000
6.258090000,47.466050000,277.000
6.258180000,47.466100000,277.000
6.258220000,47.466120000,277.000
6.258340000,47.466210000,277.000
6.258380000,47.466230000,277.000
6.258570000,47.466350000,277.000
6.258630000,47.466390000,277.000
6.258780000,47.466480000,277.000
6.258840000,47.466520000,277.000
6.258890000,47.466540000,276.000
6.259100000,47.466590000,276.000
6.259100000,47.466590000,276.000
6.259200000,47.466670000,276.000
6.259240000,47.466710000,276.000
6.259350000,47.466870000,276.000
6.259390000,47.466920000,276.000
6.259450000,47.467000000,276.000
6.259480000,47.467020000,276.000
6.259500000,47.467040000,276.000
6.259600000,47.467110000,276.000
6.259630000,47.467120000,276.000
6.259670000,47.467130000,276.000
6.259780000,47.467170000,276.000
6.259940000,47.467200000,276.000
6.260070000,47.467200000,276.000
6.260170000,47.467180000,276.000
6.260190000,47.467180000,276.000
6.260250000,47.467170000,277.000
6.260330000,47.467170000,277.000
6.260450000,47.467180000,277.000
6.260460000,47.467180000,277.000
6.260600000,47.467180000,277.000
6.260760000,47.467190000,278.000
6.260830000,47.467200000,278.000
6.261200000,47.467200000,278.000
6.261290000,47.467200000,278.000
6.261450000,47.467190000,279.000
6.261560000,47.467190000,279.000
6.261800000,47.467170000,279.000
6.262090000,47.467160000,280.000
6.262430000,47.467150000,280.000
6.262460000,47.467150000,281.000
6.262820000,47.467140000,281.000
6.262980000,47.467140000,281.000
6.263050000,47.467140000,281.000
6.263170000,47.467160000,281.000
6.263260000,47.467170000,281.000
6.263360000,47.467200000,281.000
6.263380000,47.467210000,281.000
6.263490000,47.467250000,281.000
6.263580000,47.467300000,281.000
6.263680000,47.467360000,281.000
6.263760000,47.467440000,281.000
6.263840000,47.467540000,281.000
6.263880000,47.467610000,281.000
6.263900000,47.467650000,281.000
6.263930000,47.467770000,281.000
6.263930000,47.467790000,281.000
6.263940000,47.467880000,281.000
6.263920000,47.467970000,281.000
6.263870000,47.468080000,281.000
6.263840000,47.468140000,281.000
6.263780000,47.468260000,281.000
6.263580000,47.468570000,281.000
6.263350000,47.468970000,280.000
6.263250000,47.469140000,279.000
6.263230000,47.469180000,278.000
6.263170000,47.469310000,277.000
6.263140000,47.469370000,276.000
6.263130000,47.469390000,276.000
6.263120000,47.469420000,275.000
6.263110000,47.469460000,275.000
6.263110000,47.469520000,275.000
6.263100000,47.469630000,274.000
6.263120000,47.469680000,274.000
6.263130000,47.469730000,274.000
6.263140000,47.469740000,273.000
6.263150000,47.469780000,273.000
6.263170000,47.469810000,273.000
6.263220000,47.469900000,273.000
6.263290000,47.469960000,272.000
6.263380000,47.470070000,272.000
6.263430000,47.470110000,272.000
6.263550000,47.470250000,272.000
6.263560000,47.470260000,271.000
6.263700000,47.470390000,271.000
6.263860000,47.470540000,271.000
6.263880000,47.470560000,271.000
6.264010000,47.470690000,271.000
6.264030000,47.470710000,271.000
6.264120000,47.470790000,271.000
6.264160000,47.470830000,271.000
6.264180000,47.470850000,270.000
6.264320000,47.470980000,270.000
6.264470000,47.471130000,270.000
6.264620000,47.471280000,270.000
6.264640000,47.471290000,270.000
6.264800000,47.471440000,270.000
6.264840000,47.471480000,270.000
6.264940000,47.471570000,270.000
6.265100000,47.471710000,270.000
6.265120000,47.471730000,270.000
6.265270000,47.471850000,271.000
6.265290000,47.471870000,271.000
6.265510000,47.472040000,271.000
6.265560000,47.472070000,272.000
6.265580000,47.472090000,272.000
6.266170000,47.472460000,273.000
6.266360000,47.472580000,274.000
6.266750000,47.472830000,275.000
6.266860000,47.472900000,275.000
6.267050000,47.473020000,276.000
6.267240000,47.473150000,277.000
6.267440000,47.473270000,278.000
6.267630000,47.473400000,278.000
6.267820000,47.473520000,279.000
6.268040000,47.473660000,280.000
6.268570000,47.473940000,281.000
6.268780000,47.474020000,282.000
6.268930000,47.474050000,283.000
6.269080000,47.474090000,284.000
6.269250000,47.474120000,285.000
6.269290000,47.474130000,286.000
6.269330000,47.474140000,287.000
6.269830000,47.474170000,288.000
6.270250000,47.474150000,291.000
6.270360000,47.474140000,293.000
6.270740000,47.474090000,295.000
6.270880000,47.474070000,297.000
6.270940000,47.474060000,298.000
6.271100000,47.474060000,299.000
6.271150000,47.474060000,300.000
6.271360000,47.474070000,302.000
6.271410000,47.474080000,303.000
6.272030000,47.474140000,303.000
6.272250000,47.474180000,304.000
6.272790000,47.474300000,304.000
6.273470000,47.474440000,305.000
6.273560000,47.474460000,305.000
6.273730000,47.474490000,306.000
6.273980000,47.474540000,306.000
6.274240000,47.474590000,306.000
6.274490000,47.474640000,306.000
6.274750000,47.474690000,305.000
6.274930000,47.474730000,304.000
6.275000000,47.474740000,304.000
6.275630000,47.474860000,303.000
6.276360000,47.475030000,302.000
6.276680000,47.475120000,300.000
6.276760000,47.475150000,299.000
6.276930000,47.475230000,298.000
6.276970000,47.475260000,298.000
6.277100000,47.475350000,297.000
6.277150000,47.475390000,297.000
6.277290000,47.475510000,297.000
6.277310000,47.475530000,296.000
6.277580000,47.475780000,296.000
6.277780000,47.475970000,295.000
6.277830000,47.476010000,295.000
6.277960000,47.476100000,295.000
6.278060000,47.476170000,294.000
6.278160000,47.476220000,294.000
6.278280000,47.476280000,294.000
6.278390000,47.476310000,293.000
6.278560000,47.476360000,293.000
6.278630000,47.476380000,293.000
6.278710000,47.476390000,292.000
6.278870000,47.476410000,292.000
6.278900000,47.476410000,291.000
6.279030000,47.476410000,291.000
6.279120000,47.476410000,291.000
6.279160000,47.476410000,290.000
6.279430000,47.476390000,289.000
6.279570000,47.476380000,289.000
6.279830000,47.476350000,288.000
6.279950000,47.476330000,287.000
6.280210000,47.476290000,286.000
6.280470000,47.476260000,285.000
6.280730000,47.476220000,284.000
6.280830000,47.476200000,283.000
6.280990000,47.476180000,282.000
6.281250000,47.476150000,281.000
6.281420000,47.476120000,280.000
6.281510000,47.476110000,279.000
6.281770000,47.476070000,278.000
6.281790000,47.476070000,278.000
6.282030000,47.476040000,278.000
6.282060000,47.476030000,277.000
6.282700000,47.475950000,276.000
6.283010000,47.475940000,276.000
6.283200000,47.475950000,275.000
6.283350000,47.475970000,274.000
6.283580000,47.476010000,274.000
6.283760000,47.476070000,273.000
6.283940000,47.476160000,273.000
6.284070000,47.476240000,272.000
6.284220000,47.476370000,271.000
6.284330000,47.476470000,271.000
6.284630000,47.476780000,269.000
6.284670000,47.476810000,268.000
6.284810000,47.476960000,267.000
6.285040000,47.477200000,266.000
6.285470000,47.477630000,264.000
6.285910000,47.478080000,262.000
6.286010000,47.478180000,261.000
6.286180000,47.478350000,260.000
6.286400000,47.478570000,259.000
6.286830000,47.479020000,258.000
6.286970000,47.479170000,257.000
6.287420000,47.479630000,257.000
6.287460000,47.479670000,257.000
6.287500000,47.479720000,257.000
6.287970000,47.480190000,258.000
6.288950000,47.481080000,261.000
6.289020000,47.481140000,263.000
6.289120000,47.481220000,264.000
6.289310000,47.481380000,265.000
6.289430000,47.481460000,266.000
6.289850000,47.481710000,266.000
6.290070000,47.481840000,267.000
6.290410000,47.482040000,267.000
6.290720000,47.482240000,268.000
6.290910000,47.482400000,268.000
6.290990000,47.482470000,268.000
6.291000000,47.482480000,268.000
6.291080000,47.482550000,268.000
6.291290000,47.482780000,268.000
6.291310000,47.482800000,268.000
6.291510000,47.483040000,268.000
6.291740000,47.483330000,267.000
6.292010000,47.483710000,267.000
6.292030000,47.483740000,266.000
6.292140000,47.483900000,266.000
6.292420000,47.484330000,266.000
6.292470000,47.484390000,265.000
6.292590000,47.484550000,265.000
6.292630000,47.484600000,265.000
6.292720000,47.484700000,265.000
6.292900000,47.484840000,266.000
6.293070000,47.484950000,266.000
6.293400000,47.485150000,266.000
6.293910000,47.485450000,267.000
6.293970000,47.485480000,268.000
6.294340000,47.485670000,268.000
6.294840000,47.485890000,269.000
6.295280000,47.486090000,270.000
6.295500000,47.486190000,270.000
6.295510000,47.486190000,271.000
6.295730000,47.486280000,271.000
6.295970000,47.486370000,271.000
6.296460000,47.486510000,272.000
6.296740000,47.486590000,273.000
6.296950000,47.486640000,273.000
6.297190000,47.486700000,273.000
6.297600000,47.486810000,274.000
6.298320000,47.486990000,275.000
6.298620000,47.487040000,276.000
6.298750000,47.487050000,276.000
6.298990000,47.487080000,277.000
6.299470000,47.487070000,277.000
6.299890000,47.487060000,278.000
6.300300000,47.487050000,278.000
6.300360000,47.487050000,278.000
6.300430000,47.487050000,279.000
6.300610000,47.487040000,279.000
6.300640000,47.487040000,279.000
6.300970000,47.487020000,279.000
6.301300000,47.487020000,279.000
6.301730000,47.487030000,279.000
6.301830000,47.487030000,279.000
6.302060000,47.487080000,279.000
6.302090000,47.487090000,279.000
6.302150000,47.487120000,279.000
6.302210000,47.487140000,279.000
6.302320000,47.487220000,279.000
6.302320000,47.487220000,279.000
6.302550000,47.487050000,279.000
6.302550000,47.487050000,279.000
6.302690000,47.487040000,279.000
6.303130000,47.487070000,279.000
6.303370000,47.487070000,279.000
6.303900000,47.487050000,278.000
6.304170000,47.487050000,278.000
6.304210000,47.487050000,278.000
6.304430000,47.487030000,278.000
6.305230000,47.486990000,277.000
6.305360000,47.486970000,277.000
6.306160000,47.486880000,276.000
6.306280000,47.486870000,275.000
6.306450000,47.486850000,275.000
6.306540000,47.486840000,274.000
6.306710000,47.486820000,274.000
6.306880000,47.486790000,273.000
6.307110000,47.486750000,273.000
6.307310000,47.486710000,272.000
6.307530000,47.486660000,271.000
6.307570000,47.486660000,271.000
6.307820000,47.486600000,271.000
6.307850000,47.486600000,270.000
6.308080000,47.486560000,270.000
6.308310000,47.486510000,269.000
6.308340000,47.486510000,269.000
6.308490000,47.486470000,268.000
6.308590000,47.486450000,268.000
6.308700000,47.486420000,268.000
6.308820000,47.486370000,267.000
6.308830000,47.486370000,267.000
6.308930000,47.486320000,267.000
6.309110000,47.486240000,267.000
6.309400000,47.486070000,266.000
6.309780000,47.485810000,265.000
6.310020000,47.485660000,264.000
6.310200000,47.485550000,263.000
6.310220000,47.485540000,263.000
6.310350000,47.485440000,262.000
6.310550000,47.485260000,262.000
6.310550000,47.485260000,262.000
6.310600000,47.485220000,261.000
6.311100000,47.484790000,260.000
6.311230000,47.484700000,260.000
6.311290000,47.484660000,259.000
6.311440000,47.484590000,259.000
6.311690000,47.484470000,258.000
6.311860000,47.484400000,258.000
6.312010000,47.484340000,257.000
6.312090000,47.484310000,257.000
6.312560000,47.484120000,256.000
6.312740000,47.484030000,256.000
6.312910000,47.483940000,255.000
6.312970000,47.483910000,255.000
6.313020000,47.483880000,255.000
6.313150000,47.483800000,254.000
6.313160000,47.483780000,254.000
6.313260000,47.483710000,254.000
6.313410000,47.483570000,253.000
6.313560000,47.483420000,253.000
6.313790000,47.483200000,252.000
6.314240000,47.482770000,251.000
6.314390000,47.482620000,251.000
6.314400000,47.482610000,250.000
6.314990000,47.482060000,250.000
6.315020000,47.482040000,249.000
6.315130000,47.481940000,249.000
6.315270000,47.481830000,249.000
6.315450000,47.481720000,249.000
6.315450000,47.481720000,248.000
6.315620000,47.481660000,248.000
6.315770000,47.481600000,248.000
6.316220000,47.481450000,248.000
6.316740000,47.481280000,248.000
6.316880000,47.481230000,248.000
6.317110000,47.481150000,248.000
6.317360000,47.481070000,248.000
6.317870000,47.480870000,248.000
6.318170000,47.480750000,248.000
6.318350000,47.480690000,248.000
6.318590000,47.480610000,248.000
6.318770000,47.480550000,248.000
6.318820000,47.480540000,249.000
6.319080000,47.480470000,249.000
6.319290000,47.480410000,249.000
6.319310000,47.480400000,249.000
6.319560000,47.480340000,249.000
6.319760000,47.480280000,249.000
6.319810000,47.480270000,249.000
6.319820000,47.480270000,249.000
6.320050000,47.480210000,249.000
6.320070000,47.480200000,250.000
6.320300000,47.480140000,250.000
6.320380000,47.480120000,250.000
6.320560000,47.480070000,250.000
6.320790000,47.480020000,250.000
6.320800000,47.480010000,250.000
6.321050000,47.479960000,250.000
6.321150000,47.479930000,250.000
6.321480000,47.479860000,250.000
6.321560000,47.479850000,250.000
6.321780000,47.479810000,250.000
6.322020000,47.479770000,250.000
6.322080000,47.479770000,250.000
6.322260000,47.479740000,250.000
6.322350000,47.479730000,250.000
6.322510000,47.479720000,250.000
6.322810000,47.479690000,250.000
6.323140000,47.479660000,250.000
6.323330000,47.479640000,250.000
6.323390000,47.479640000,250.000
6.323510000,47.479630000,250.000
6.323660000,47.479630000,250.000
6.323820000,47.479630000,250.000
6.323940000,47.479640000,250.000
6.324130000,47.479650000,249.000
6.324440000,47.479670000,249.000
6.324540000,47.479680000,249.000
6.324660000,47.479680000,249.000
6.325020000,47.479680000,249.000
6.325160000,47.479680000,248.000
6.325270000,47.479690000,248.000
6.325390000,47.479700000,248.000
6.325670000,47.479740000,248.000
6.325910000,47.479680000,248.000
6.325920000,47.479680000,247.000
6.325980000,47.479660000,247.000
6.326070000,47.479640000,247.000
6.326170000,47.479620000,247.000
6.326190000,47.479620000,247.000
6.326240000,47.479610000,247.000
6.326370000,47.479580000,247.000
6.326430000,47.479580000,247.000
6.326700000,47.479560000,247.000
6.326760000,47.479550000,247.000
6.327100000,47.479530000,247.000
6.327290000,47.479520000,247.000
6.327430000,47.479510000,247.000
6.327760000,47.479490000,247.000
6.327820000,47.479480000,247.000
6.327950000,47.479470000,247.000
6.328360000,47.479440000,247.000
6.328890000,47.479410000,247.000
6.329490000,47.479360000,247.000
6.329600000,47.479350000,247.000
6.329710000,47.479350000,247.000
6.330240000,47.479310000,247.000
6.330860000,47.479260000,247.000
6.330960000,47.479250000,247.000
6.331210000,47.479230000,247.000
6.331310000,47.479230000,247.000
6.331410000,47.479220000,247.000
6.331880000,47.479190000,247.000
6.331950000,47.479180000,247.000
6.332020000,47.479180000,247.000
6.332420000,47.479150000,247.000
6.332540000,47.479140000,247.000
6.333260000,47.479080000,247.000
6.333300000,47.479080000,248.000
6.333360000,47.479070000,248.000
6.333610000,47.479060000,249.000
6.333860000,47.479030000,249.000
6.334000000,47.479010000,250.000
6.334060000,47.479000000,250.000
6.334150000,47.478990000,251.000
6.334290000,47.478960000,251.000
6.334530000,47.478910000,252.000
6.334650000,47.478880000,252.000
6.334900000,47.478810000,253.000
6.334920000,47.478810000,253.000
6.335150000,47.478750000,254.000
6.335360000,47.478700000,254.000
6.335400000,47.478690000,254.000
6.335420000,47.478690000,254.000
6.335580000,47.478650000,254.000
6.335650000,47.478630000,254.000
6.335840000,47.478590000,254.000
6.335920000,47.478570000,254.000
6.336160000,47.478520000,253.000
6.336170000,47.478510000,253.000
6.336410000,47.478460000,253.000
6.336420000,47.478450000,253.000
6.336450000,47.478450000,253.000
6.336650000,47.478400000,252.000
6.336690000,47.478350000,252.000
6.336780000,47.478250000,252.000
6.336960000,47.478240000,252.000
6.337100000,47.478240000,252.000
6.337250000,47.478260000,251.000
6.337560000,47.478320000,251.000
6.337590000,47.478320000,251.000
6.337820000,47.478370000,251.000
6.337840000,47.478370000,251.000
6.338050000,47.478420000,251.000
6.338070000,47.478420000,251.000
6.338170000,47.478460000,251.000
6.338300000,47.478510000,252.000
6.338470000,47.478590000,252.000
6.338510000,47.478620000,252.000
6.338690000,47.478750000,252.000
6.338710000,47.478760000,253.000
6.338870000,47.478880000,253.000
6.338960000,47.478950000,253.000
6.339090000,47.479010000,253.000
6.339120000,47.479030000,254.000
6.339160000,47.479050000,254.000
6.339300000,47.479120000,254.000
6.339340000,47.479140000,254.000
6.339390000,47.479160000,254.000
6.339500000,47.479210000,255.000
6.339700000,47.479300000,255.000
6.339750000,47.479320000,255.000
6.339910000,47.479370000,255.000
6.340090000,47.479410000,255.000
6.340160000,47.479430000,254.000
6.340350000,47.479460000,254.000
6.340500000,47.479490000,253.000
6.340520000,47.479490000,253.000
6.340760000,47.479530000,253.000
6.340800000,47.479540000,252.000
6.340870000,47.479550000,252.000
6.340970000,47.479560000,251.000
6.341020000,47.479570000,251.000
6.341120000,47.479590000,251.000
6.341280000,47.479610000,250.000
6.341380000,47.479630000,250.000
6.341540000,47.479660000,249.000
6.341580000,47.479660000,249.000
6.341640000,47.479670000,249.000
6.341840000,47.479700000,248.000
6.341900000,47.479710000,248.000
6.342060000,47.479740000,247.000
6.342320000,47.479780000,247.000
6.342350000,47.479780000,246.000
6.342420000,47.479790000,246.000
6.342580000,47.479820000,246.000
6.342680000,47.479830000,246.000
6.342730000,47.479840000,246.000
6.342830000,47.479860000,246.000
6.342870000,47.479870000,246.000
6.343130000,47.479910000,246.000
6.343200000,47.479920000,246.000
6.343230000,47.479920000,247.000
6.343590000,47.479980000,247.000
6.344370000,47.480110000,247.000
6.344880000,47.480190000,248.000
6.344890000,47.480200000,248.000
6.345140000,47.480240000,249.000
6.345610000,47.480310000,249.000
6.345660000,47.480320000,249.000
6.345920000,47.480360000,249.000
6.346230000,47.480420000,249.000
6.346430000,47.480450000,249.000
6.346460000,47.480450000,249.000
6.346690000,47.480490000,249.000
6.346700000,47.480490000,249.000
6.347250000,47.480580000,249.000
6.347250000,47.480580000,249.000
6.347340000,47.480560000,249.000
6.347430000,47.480540000,249.000
6.347820000,47.480440000,249.000
6.347970000,47.480380000,249.000
6.348220000,47.480290000,249.000
6.348690000,47.480120000,249.000
6.349080000,47.479950000,249.000
6.349350000,47.479820000,249.000
6.349410000,47.479790000,249.000
6.349570000,47.479720000,249.000
6.349690000,47.479660000,249.000
6.349790000,47.479620000,249.000
6.349870000,47.479580000,249.000
6.350010000,47.479510000,249.000
6.350030000,47.479500000,249.000
6.350190000,47.479410000,249.000
6.350520000,47.479210000,250.000
6.350610000,47.479160000,250.000
6.350800000,47.479030000,251.000
6.350810000,47.479020000,252.000
6.350990000,47.478910000,252.000
6.351110000,47.478830000,253.000
6.351180000,47.478780000,253.000
6.351370000,47.478650000,254.000
6.351400000,47.478640000,254.000
6.351550000,47.478520000,255.000
6.351640000,47.478460000,255.000
6.351900000,47.478260000,256.000
6.351980000,47.478200000,257.000
6.352070000,47.478140000,257.000
6.352160000,47.478070000,258.000
6.352340000,47.477940000,258.000
6.352380000,47.477910000,259.000
6.352490000,47.477820000,259.000
6.352510000,47.477800000,259.000
6.352570000,47.477740000,259.000
6.352620000,47.477690000,260.000
6.352620000,47.477690000,260.000
6.352980000,47.477730000,260.000
6.353220000,47.477790000,260.000
6.353240000,47.477800000,261.000
6.353270000,47.477810000,261.000
6.353300000,47.477830000,261.000
6.353370000,47.477880000,261.000
6.353520000,47.478020000,262.000
6.353670000,47.478180000,262.000
6.353780000,47.478320000,262.000
6.353870000,47.478490000,263.000
6.353960000,47.478730000,263.000
6.354030000,47.478930000,263.000
6.354070000,47.479020000,263.000
6.354090000,47.479100000,262.000
6.354150000,47.479230000,262.000
6.354290000,47.479510000,262.000
6.354340000,47.479620000,262.000
6.354350000,47.479630000,261.000
6.354430000,47.479760000,261.000
6.354470000,47.479840000,261.000
6.354480000,47.479890000,261.000
6.354490000,47.479920000,261.000
6.354650000,47.480010000,260.000
6.354680000,47.480030000,260.000
6.354780000,47.480080000,260.000
6.354900000,47.480140000,260.000
6.355010000,47.480150000,260.000
6.355170000,47.480170000,260.000
6.355360000,47.480200000,260.000
6.355450000,47.480200000,260.000
6.355520000,47.480210000,260.000
6.355620000,47.480200000,260.000
6.355780000,47.480190000,260.000
6.355950000,47.480180000,260.000
6.356080000,47.480170000,260.000
6.356260000,47.480150000,260.000
6.356290000,47.480140000,260.000
6.356500000,47.480120000,260.000
6.356560000,47.480110000,260.000
6.356690000,47.480090000,260.000
6.356790000,47.480070000,260.000
6.356870000,47.480060000,260.000
6.356980000,47.480030000,260.000
6.357030000,47.480010000,260.000
6.357090000,47.479980000,260.000
6.357160000,47.479930000,260.000
6.357210000,47.479890000,260.000
6.357310000,47.479790000,260.000
6.357510000,47.479580000,260.000
6.357580000,47.479500000,259.000
6.357580000,47.479500000,259.000
6.357700000,47.479530000,259.000
6.357800000,47.479550000,259.000
6.357960000,47.479600000,259.000
6.358140000,47.479670000,259.000
6.358250000,47.479710000,258.000
6.358440000,47.479780000,258.000
6.358460000,47.479790000,258.000
6.358640000,47.479850000,258.000
6.358820000,47.479910000,257.000
6.358950000,47.479940000,257.000
6.359160000,47.479990000,257.000
6.359290000,47.480020000,256.000
6.359500000,47.480040000,256.000
6.359600000,47.480050000,256.000
6.359770000,47.480060000,255.000
6.359940000,47.480060000,255.000
6.359980000,47.480060000,255.000
6.360210000,47.480050000,255.000
6.360230000,47.480050000,255.000
6.360400000,47.480050000,255.000
6.361280000,47.480020000,254.000
6.361970000,47.479990000,254.000
6.362860000,47.479960000,254.000
6.363310000,47.479930000,254.000
6.363760000,47.479910000,254.000
6.363880000,47.479910000,255.000
6.363940000,47.479900000,255.000
6.364280000,47.479890000,255.000
6.364550000,47.479870000,256.000
6.364630000,47.479870000,256.000
6.364670000,47.479870000,256.000
6.364890000,47.479850000,257.000
6.365200000,47.479830000,257.000
6.365440000,47.479810000,257.000
6.365630000,47.479780000,258.000
6.365870000,47.479740000,258.000
6.366240000,47.479660000,258.000
6.366420000,47.479630000,259.000
6.366820000,47.479540000,259.000
6.367130000,47.479480000,259.000
6.367160000,47.479480000,260.000
6.367410000,47.479420000,260.000
6.367430000,47.479410000,260.000
6.367440000,47.479410000,260.000
6.367500000,47.479400000,260.000
6.367550000,47.479380000,260.000
6.367560000,47.479380000,260.000
6.367780000,47.479310000,261.000
6.368000000,47.479240000,261.000
6.368450000,47.479070000,261.000
6.368810000,47.478940000,261.000
6.368840000,47.478930000,261.000
6.369040000,47.478870000,261.000
6.369080000,47.478860000,261.000
6.369220000,47.478830000,261.000
6.369340000,47.478810000,261.000
6.369400000,47.478810000,261.000
6.369570000,47.478800000,261.000
6.369600000,47.478800000,261.000
6.369770000,47.478810000,261.000
6.369860000,47.478820000,261.000
6.369890000,47.478820000,261.000
6.370060000,47.478840000,261.000
6.370130000,47.478860000,260.000
6.370200000,47.478870000,260.000
6.370380000,47.478910000,260.000
6.370440000,47.478930000,260.000
6.370620000,47.478980000,260.000
6.370640000,47.478990000,260.000
6.370860000,47.479070000,260.000
6.370870000,47.479080000,260.000
6.371240000,47.479220000,260.000
6.371490000,47.479320000,260.000
6.371550000,47.479340000,260.000
6.371880000,47.479470000,260.000
6.372010000,47.479520000,260.000
6.372240000,47.479610000,260.000
6.372280000,47.479630000,260.000
6.372470000,47.479700000,260.000
6.372700000,47.479790000,260.000
6.372840000,47.479850000,260.000
6.373160000,47.479970000,260.000
6.373260000,47.480010000,260.000
6.373390000,47.480060000,260.000
6.373850000,47.480240000,260.000
6.374110000,47.480350000,260.000
6.374560000,47.480530000,260.000
6.375070000,47.480720000,260.000
6.375300000,47.480810000,260.000
6.375420000,47.480860000,260.000
6.375760000,47.480990000,261.000
6.375950000,47.481060000,261.000
6.376320000,47.481200000,261.000
6.376460000,47.481250000,261.000
6.376510000,47.481270000,262.000
6.376650000,47.481320000,262.000
6.376750000,47.481350000,262.000
6.376880000,47.481380000,263.000
6.376990000,47.481400000,263.000
6.377100000,47.481410000,264.000
6.377230000,47.481420000,264.000
6.377470000,47.481420000,265.000
6.377710000,47.481430000,265.000
6.377850000,47.481420000,266.000
6.378210000,47.481410000,267.000
6.378570000,47.481400000,268.000
6.379010000,47.481380000,269.000
6.379030000,47.481380000,270.000
6.379340000,47.481360000,270.000
6.379680000,47.481360000,270.000
6.379810000,47.481360000,270.000
6.380220000,47.481350000,270.000
6.380410000,47.481350000,270.000
6.380470000,47.481350000,270.000
6.380680000,47.481360000,270.000
6.380730000,47.481360000,269.000
6.380800000,47.481360000,269.000
6.380940000,47.481370000,269.000
6.381100000,47.481390000,269.000
6.381240000,47.481420000,269.000
6.381360000,47.481450000,269.000
6.381480000,47.481490000,268.000
6.381750000,47.481590000,268.000
6.381920000,47.481640000,268.000
6.382010000,47.481640000,268.000
6.382120000,47.481630000,268.000
6.382190000,47.481620000,268.000
6.382240000,47.481600000,268.000
6.382280000,47.481570000,268.000
6.382370000,47.481500000,268.000
6.382370000,47.481500000,268.000
6.382370000,47.481490000,268.000
6.382370000,47.481480000,268.000
6.382370000,47.481470000,268.000
6.382370000,47.481460000,268.000
6.382370000,47.481450000,268.000
6.382380000,47.481450000,268.000
6.382380000,47.481440000,268.000
6.382390000,47.481430000,268.000
6.382400000,47.481420000,268.000
6.382410000,47.481410000,268.000
6.382420000,47.481410000,268.000
6.382420000,47.481400000,268.000
6.382430000,47.481400000,268.000
6.382440000,47.481390000,268.000
6.382450000,47.481390000,268.000
6.382460000,47.481390000,268.000
6.382470000,47.481390000,268.000
6.382470000,47.481380000,268.000
6.382480000,47.481380000,268.000
6.382490000,47.481380000,268.000
6.382500000,47.481380000,268.000
6.382510000,47.481380000,268.000
6.382520000,47.481380000,268.000
6.382530000,47.481380000,268.000
6.382550000,47.481380000,268.000
6.382560000,47.481380000,268.000
6.382570000,47.481380000,268.000
6.382580000,47.481380000,268.000
6.382590000,47.481380000,268.000
6.382600000,47.481390000,268.000
6.382610000,47.481390000,268.000
6.382620000,47.481390000,268.000
6.382630000,47.481400000,268.000
6.382640000,47.481400000,268.000
6.382650000,47.481400000,268.000
6.382660000,47.481410000,268.000
6.382670000,47.481420000,268.000
6.382680000,47.481420000,268.000
6.382680000,47.481430000,268.000
6.382690000,47.481440000,268.000
6.382700000,47.481440000,268.000
6.382700000,47.481450000,268.000
6.382710000,47.481460000,268.000
6.382710000,47.481470000,268.000
6.382720000,47.481480000,268.000
6.382720000,47.481490000,268.000
6.382720000,47.481500000,268.000
6.382720000,47.481510000,268.000
6.382720000,47.481520000,268.000
6.382720000,47.481530000,268.000
6.382780000,47.481590000,269.000
6.382940000,47.481700000,269.000
6.383080000,47.481790000,269.000
6.383270000,47.481890000,269.000
6.383390000,47.481950000,269.000
6.383430000,47.481970000,269.000
6.383580000,47.482040000,269.000
6.383730000,47.482110000,269.000
6.383910000,47.482190000,269.000
6.383920000,47.482190000,269.000
6.384080000,47.482250000,270.000
6.384100000,47.482260000,270.000
6.384190000,47.482290000,270.000
6.384250000,47.482310000,270.000
6.384430000,47.482370000,270.000
6.384590000,47.482420000,270.000
6.384630000,47.482430000,270.000
6.384660000,47.482440000,270.000
6.384670000,47.482440000,270.000
6.384800000,47.482470000,270.000
6.384870000,47.482490000,270.000
6.384920000,47.482500000,270.000
6.385190000,47.482570000,270.000
6.385460000,47.482640000,270.000
6.385660000,47.482680000,270.000
6.385900000,47.482740000,270.000
6.386120000,47.482790000,270.000
6.386170000,47.482800000,270.000
6.386670000,47.482910000,270.000
6.386770000,47.482940000,270.000
6.386930000,47.482970000,271.000
6.386960000,47.482980000,271.000
6.387300000,47.483060000,271.000
6.387370000,47.483070000,272.000
6.387430000,47.483080000,272.000
6.387630000,47.483130000,272.000
6.387690000,47.483140000,273.000
6.387720000,47.483150000,273.000
6.387940000,47.483210000,273.000
6.387970000,47.483210000,274.000
6.388190000,47.483260000,274.000
6.388280000,47.483280000,274.000
6.388600000,47.483350000,275.000
6.388690000,47.483370000,275.000
6.388730000,47.483380000,276.000
6.388950000,47.483430000,276.000
6.388980000,47.483440000,277.000
6.389050000,47.483460000,277.000
6.389450000,47.483540000,277.000
6.389990000,47.483660000,279.000
6.390240000,47.483720000,280.000
6.390740000,47.483840000,282.000
6.390840000,47.483860000,283.000
6.390880000,47.483870000,284.000
6.391000000,47.483900000,285.000
6.391230000,47.483960000,286.000
6.391250000,47.483960000,286.000
6.391500000,47.484020000,287.000
6.391750000,47.484080000,288.000
6.391870000,47.484110000,289.000
6.392000000,47.484140000,290.000
6.392250000,47.484200000,291.000
6.392500000,47.484260000,291.000
6.392620000,47.484290000,292.000
6.392750000,47.484320000,293.000
6.393030000,47.484390000,293.000
6.393250000,47.484450000,294.000
6.393390000,47.484490000,294.000
6.393500000,47.484520000,295.000
6.393740000,47.484590000,295.000
6.393750000,47.484590000,296.000
6.394000000,47.484670000,296.000
6.394280000,47.484760000,297.000
6.394460000,47.484820000,297.000
6.394680000,47.484900000,298.000
6.395100000,47.485060000,298.000
6.395930000,47.485370000,298.000
6.396630000,47.485640000,297.000
6.397220000,47.485860000,297.000
6.397600000,47.486010000,297.000
6.398170000,47.486230000,298.000
6.398180000,47.486230000,298.000
6.398640000,47.486420000,299.000
6.398910000,47.486540000,300.000
6.399120000,47.486640000,301.000
6.399140000,47.486650000,301.000
6.399280000,47.486720000,302.000
6.399560000,47.486880000,302.000
6.399690000,47.486930000,303.000
6.399980000,47.487110000,303.000
6.400190000,47.487230000,303.000
6.400340000,47.487330000,303.000
6.400370000,47.487350000,303.000
6.400380000,47.487360000,303.000
6.400490000,47.487430000,303.000
6.400650000,47.487540000,303.000
6.400760000,47.487610000,303.000
6.400950000,47.487770000,303.000
6.401060000,47.487860000,303.000
6.401170000,47.487950000,303.000
6.401200000,47.487980000,303.000
6.401330000,47.488100000,303.000
6.401370000,47.488140000,303.000
6.401700000,47.488440000,303.000
6.401720000,47.488470000,303.000
6.401740000,47.488550000,302.000
6.401910000,47.488700000,302.000
6.402170000,47.488980000,301.000
6.402190000,47.489000000,301.000
6.402260000,47.489070000,300.000
6.402320000,47.489130000,300.000
6.402340000,47.489150000,300.000
6.402460000,47.489280000,299.000
6.402670000,47.489490000,299.000
6.403120000,47.489970000,298.000
6.403330000,47.490190000,297.000
6.403340000,47.490210000,296.000
6.403410000,47.490280000,295.000
6.403470000,47.490340000,295.000
6.403760000,47.490640000,294.000
6.403780000,47.490660000,293.000
6.403840000,47.490730000,293.000
6.403850000,47.490740000,292.000
6.404190000,47.491100000,291.000
6.404270000,47.491190000,291.000
6.404330000,47.491250000,290.000
6.404350000,47.491270000,290.000
6.404470000,47.491400000,289.000
6.404620000,47.491550000,289.000
6.404720000,47.491680000,288.000
6.404800000,47.491790000,288.000
6.404890000,47.491950000,288.000
6.404950000,47.492060000,287.000
6.405040000,47.492250000,287.000
6.405090000,47.492380000,287.000
6.405180000,47.492600000,287.000
6.405310000,47.492960000,286.000
6.405320000,47.493000000,286.000
6.405330000,47.493020000,286.000
6.405390000,47.493180000,286.000
6.405390000,47.493190000,286.000
6.405410000,47.493230000,286.000
6.405420000,47.493260000,286.000
6.405480000,47.493420000,285.000
6.405490000,47.493460000,285.000
6.405550000,47.493610000,285.000
6.405560000,47.493640000,285.000
6.405620000,47.493810000,284.000
6.405680000,47.493960000,284.000
6.405720000,47.494060000,284.000
6.405750000,47.494110000,283.000
6.405780000,47.494160000,283.000
6.405850000,47.494270000,283.000
6.405940000,47.494400000,282.000
6.406020000,47.494500000,282.000
6.406100000,47.494580000,282.000
6.406170000,47.494660000,281.000
6.406240000,47.494740000,281.000
6.406300000,47.494790000,281.000
6.406360000,47.494850000,280.000
6.406470000,47.494960000,280.000
6.406580000,47.495010000,280.000
6.406640000,47.495040000,280.000
6.406810000,47.495170000,280.000
6.406870000,47.495220000,280.000
6.406920000,47.495260000,280.000
6.407040000,47.495350000,281.000
6.407170000,47.495460000,281.000
6.407210000,47.495490000,281.000
6.407270000,47.495560000,281.000
6.407310000,47.495600000,281.000
6.407390000,47.495670000,282.000
6.407480000,47.495740000,282.000
6.407590000,47.495810000,282.000
6.407720000,47.495880000,282.000
6.407820000,47.495920000,283.000
6.407920000,47.496020000,283.000
6.408070000,47.496090000,283.000
6.408370000,47.496250000,284.000
6.408700000,47.496420000,284.000
6.408890000,47.496530000,285.000
6.409100000,47.496660000,286.000
6.409170000,47.496690000,287.000
6.409500000,47.496870000,288.000
6.409510000,47.496880000,288.000
6.409520000,47.496880000,289.000
6.409660000,47.496960000,289.000
6.409730000,47.496990000,289.000
6.409920000,47.497090000,290.000
6.409940000,47.497100000,290.000
6.410080000,47.497170000,291.000
6.410130000,47.497200000,291.000
6.410150000,47.497210000,292.000
6.410250000,47.497270000,292.000
6.410370000,47.497350000,292.000
6.410460000,47.497410000,293.000
6.410520000,47.497460000,293.000
6.410540000,47.497480000,293.000
6.410630000,47.497560000,293.000
6.410680000,47.497610000,293.000
6.410720000,47.497650000,293.000
6.410740000,47.497660000,293.000
6.410930000,47.497840000,293.000
6.411030000,47.497930000,293.000
6.411180000,47.498070000,293.000
6.411340000,47.498220000,293.000
6.411460000,47.498330000,293.000
6.411500000,47.498360000,292.000
6.411500000,47.498370000,292.000
6.411590000,47.498450000,292.000
6.411650000,47.498510000,292.000
6.411810000,47.498660000,292.000
6.411960000,47.498800000,292.000
6.412070000,47.498900000,292.000
6.412080000,47.498920000,292.000
6.412120000,47.498950000,292.000
6.412270000,47.499090000,292.000
6.412310000,47.499130000,292.000
6.412740000,47.499530000,293.000
6.412780000,47.499570000,293.000
6.412930000,47.499720000,294.000
6.413110000,47.499920000,294.000
6.413500000,47.500350000,295.000
6.413610000,47.500460000,296.000
6.413730000,47.500590000,297.000
6.413900000,47.500740000,298.000
6.413920000,47.500750000,299.000
6.414020000,47.500840000,299.000
6.414030000,47.500850000,300.000
6.414070000,47.500880000,300.000
6.414150000,47.500940000,301.000
6.414250000,47.501010000,301.000
6.414300000,47.501040000,302.000
6.414430000,47.501120000,302.000
6.414580000,47.501210000,303.000
6.414600000,47.501230000,303.000
6.414650000,47.501250000,304.000
6.414800000,47.501330000,304.000
6.415140000,47.501520000,305.000
6.415470000,47.501700000,307.000
6.415490000,47.501720000,308.000
6.415870000,47.501940000,309.000
6.415920000,47.501960000,310.000
6.415940000,47.501970000,310.000
6.416080000,47.502070000,311.000
6.416230000,47.502190000,312.000
6.416310000,47.502260000,312.000
6.416400000,47.502340000,313.000
6.416410000,47.502350000,313.000
6.416490000,47.502440000,314.000
6.416540000,47.502480000,314.000
6.416560000,47.502500000,315.000
6.416590000,47.502540000,315.000
6.416690000,47.502660000,315.000
6.416740000,47.502720000,316.000
6.416850000,47.502900000,316.000
6.416890000,47.502970000,317.000
6.416980000,47.503110000,318.000
6.417010000,47.503200000,318.000
6.417030000,47.503240000,319.000
6.417110000,47.503410000,319.000
6.417240000,47.503680000,320.000
6.417240000,47.503710000,321.000
6.417240000,47.503760000,322.000
6.417500000,47.504320000,323.000
6.417600000,47.504580000,324.000
6.417670000,47.504720000,326.000
6.417690000,47.504770000,326.000
6.417710000,47.504810000,327.000
6.417790000,47.505010000,328.000
6.417870000,47.505180000,328.000
6.417880000,47.505220000,329.000
6.418000000,47.505480000,329.000
6.418060000,47.505610000,329.000
6.418180000,47.505870000,329.000
6.418220000,47.505960000,329.000
6.418250000,47.506040000,329.000
6.418310000,47.506170000,329.000
6.418350000,47.506250000,329.000
6.418480000,47.506560000,329.000
6.418560000,47.506730000,329.000
6.418590000,47.506810000,329.000
6.418610000,47.506860000,329.000
6.418640000,47.506910000,329.000
6.418680000,47.507000000,329.000
6.418870000,47.507420000,328.000
6.418930000,47.507550000,327.000
6.418950000,47.507590000,326.000
6.418950000,47.507600000,326.000
6.419080000,47.507890000,325.000
6.419100000,47.507940000,324.000
6.419130000,47.508030000,324.000
6.419150000,47.508070000,323.000
6.419160000,47.508110000,323.000
6.419190000,47.508200000,323.000
6.419220000,47.508290000,322.000
6.419240000,47.508320000,322.000
6.419260000,47.508430000,321.000
6.419270000,47.508460000,321.000
6.419280000,47.508530000,321.000
6.419300000,47.508600000,320.000
6.419300000,47.508640000,320.000
6.419310000,47.508690000,320.000
6.419320000,47.508780000,319.000
6.419330000,47.508820000,319.000
6.419340000,47.508940000,319.000
6.419340000,47.509040000,318.000
6.419330000,47.509170000,318.000
6.419330000,47.509180000,317.000
6.419320000,47.509310000,317.000
6.419300000,47.509440000,316.000
6.419270000,47.509600000,315.000
6.419220000,47.509820000,314.000
6.419120000,47.510220000,313.000
6.419040000,47.510520000,312.000
6.418940000,47.510930000,310.000
6.418850000,47.511270000,308.000
6.418730000,47.511700000,306.000
6.418690000,47.511880000,304.000
6.418600000,47.512230000,302.000
6.418570000,47.512380000,301.000
6.418480000,47.512730000,298.000
6.418430000,47.512910000,296.000
6.418400000,47.513040000,295.000
6.418390000,47.513120000,293.000
6.418380000,47.513210000,292.000
6.418360000,47.513300000,291.000
6.418280000,47.513580000,289.000
6.418260000,47.513730000,288.000
6.418230000,47.514010000,286.000
6.418230000,47.514030000,285.000
6.418220000,47.514190000,283.000
6.418210000,47.514370000,282.000
6.418210000,47.514410000,281.000
6.418210000,47.514460000,280.000
6.418210000,47.514520000,280.000
6.418210000,47.514620000,279.000
6.418210000,47.514820000,278.000
6.418220000,47.515540000,276.000
6.418230000,47.515990000,273.000
6.418210000,47.516080000,272.000
6.418230000,47.516490000,270.000
6.418250000,47.517010000,269.000
6.418260000,47.517370000,269.000
6.418280000,47.517910000,268.000
6.418300000,47.518390000,268.000
6.418320000,47.518820000,267.000
6.418330000,47.519050000,267.000
6.418330000,47.519160000,267.000
6.418330000,47.519500000,267.000
6.418330000,47.519610000,267.000
6.418350000,47.519860000,267.000
6.418400000,47.520390000,268.000
6.418410000,47.520550000,269.000
6.418420000,47.520720000,269.000
6.418420000,47.520830000,270.000
6.418420000,47.520830000,270.000
6.418440000,47.520990000,270.000
6.418480000,47.521550000,271.000
6.418510000,47.521950000,272.000
6.418520000,47.522190000,273.000
6.418520000,47.522550000,273.000
6.418520000,47.522640000,273.000
6.418590000,47.523550000,271.000
6.418590000,47.523630000,271.000
6.418600000,47.523760000,270.000
6.418600000,47.523800000,269.000
6.418600000,47.523940000,269.000
6.418600000,47.523980000,269.000
6.418610000,47.524120000,269.000
6.418610000,47.524160000,269.000
6.418620000,47.524570000,268.000
6.418650000,47.525330000,268.000
6.418670000,47.525920000,268.000
6.418670000,47.525960000,268.000
6.418670000,47.526100000,268.000
6.418670000,47.526140000,268.000
6.418680000,47.526280000,268.000
6.418680000,47.526320000,268.000
6.418680000,47.526420000,268.000
6.418680000,47.526640000,268.000
6.418680000,47.526680000,268.000
6.418690000,47.526820000,269.000
6.418690000,47.526860000,269.000
6.418690000,47.527000000,269.000
6.418690000,47.527010000,269.000
6.418690000,47.527040000,269.000
6.418710000,47.527360000,269.000
6.418720000,47.527400000,270.000
6.418720000,47.527610000,270.000
6.418720000,47.527800000,270.000
6.418710000,47.528380000,271.000
6.418710000,47.528510000,271.000
6.418720000,47.528690000,271.000
6.418730000,47.529040000,272.000
6.418750000,47.529590000,273.000
6.418750000,47.529680000,273.000
6.418760000,47.529740000,274.000
6.418770000,47.530100000,274.000
6.418770000,47.530140000,274.000
6.418760000,47.530280000,275.000
6.418760000,47.530320000,275.000
6.418750000,47.530460000,275.000
6.418750000,47.530500000,275.000
6.418750000,47.530580000,275.000
6.418750000,47.530640000,275.000
6.418750000,47.530820000,276.000
6.418750000,47.530860000,276.000
6.418750000,47.531060000,276.000
6.418770000,47.531180000,276.000
6.418780000,47.531220000,276.000
6.418800000,47.531360000,276.000
6.418800000,47.531400000,276.000
6.418820000,47.531480000,276.000
6.418820000,47.531570000,276.000
6.418820000,47.531690000,276.000
6.418830000,47.531720000,276.000
6.418830000,47.531750000,275.000
6.418830000,47.531900000,275.000
6.418830000,47.531930000,274.000
6.418840000,47.532110000,274.000
6.418840000,47.532170000,273.000
6.418840000,47.532350000,272.000
6.418820000,47.532570000,272.000
6.418760000,47.532980000,270.000
6.418720000,47.533150000,269.000
6.418710000,47.533190000,268.000
6.418700000,47.533240000,267.000
6.418670000,47.533370000,266.000
6.418650000,47.533540000,266.000
6.418560000,47.533840000,267.000
6.418550000,47.533890000,267.000
6.418530000,47.533970000,268.000
6.418520000,47.534020000,268.000
6.418480000,47.534120000,269.000
6.418460000,47.534200000,269.000
6.418370000,47.534470000,270.000
6.418370000,47.534500000,271.000
6.418320000,47.534650000,272.000
6.418260000,47.534830000,273.000
6.418230000,47.534900000,274.000
6.418090000,47.535300000,275.000
6.417990000,47.535580000,277.000
6.417810000,47.536030000,279.000
6.417770000,47.536100000,280.000
6.417710000,47.536210000,281.000
6.417610000,47.536440000,282.000
6.417330000,47.537130000,284.000
6.416780000,47.538510000,282.000
6.416390000,47.539500000,278.000
6.416350000,47.539590000,276.000
6.416330000,47.539630000,274.000
6.416310000,47.539670000,273.000
6.416290000,47.539720000,272.000
6.416170000,47.540030000,272.000
6.416090000,47.540200000,271.000
6.416020000,47.540370000,270.000
6.415930000,47.540600000,270.000
6.415520000,47.541590000,268.000
6.415450000,47.541760000,267.000
6.415430000,47.541800000,267.000
6.415410000,47.541850000,266.000
6.415380000,47.541930000,266.000
6.414940000,47.543060000,266.000
6.414480000,47.544190000,266.000
6.414450000,47.544270000,266.000
6.414450000,47.544270000,265.000
6.414440000,47.544280000,265.000
6.414410000,47.544360000,265.000
6.414410000,47.544370000,265.000
6.414400000,47.544400000,265.000
6.413990000,47.545400000,263.000
6.413850000,47.545740000,261.000
6.413840000,47.545750000,260.000
6.413700000,47.546100000,258.000
6.413350000,47.546950000,258.000
6.413210000,47.547320000,257.000
6.413110000,47.547630000,257.000
6.413060000,47.547840000,257.000
6.413020000,47.548020000,257.000
6.412960000,47.548360000,257.000
6.412960000,47.548380000,257.000
6.412940000,47.548560000,257.000
6.412940000,47.548580000,257.000
6.412940000,47.548600000,257.000
6.412910000,47.548950000,257.000
6.412900000,47.549210000,257.000
6.412900000,47.549440000,257.000
6.412910000,47.549460000,257.000
6.412920000,47.549640000,257.000
6.412920000,47.549670000,257.000
6.412930000,47.549820000,257.000
6.412930000,47.549830000,257.000
6.412930000,47.549850000,257.000
6.412950000,47.550000000,257.000
6.412950000,47.550030000,257.000
6.412950000,47.550040000,257.000
6.413060000,47.550530000,258.000
6.413100000,47.550710000,259.000
6.413140000,47.550960000,260.000
6.413260000,47.551300000,262.000
6.413310000,47.551410000,263.000
6.413430000,47.551700000,264.000
6.413560000,47.551980000,265.000
6.413880000,47.552540000,264.000
6.413930000,47.552600000,264.000
6.414370000,47.553180000,263.000
6.414630000,47.553470000,262.000
6.414800000,47.553650000,262.000
6.414960000,47.553800000,261.000
6.415080000,47.553920000,261.000
6.415490000,47.554300000,260.000
6.415940000,47.554650000,259.000
6.416330000,47.554940000,259.000
6.416620000,47.555130000,258.000
6.416890000,47.555280000,258.000
6.417210000,47.555460000,258.000
6.417620000,47.555670000,258.000
6.417870000,47.555800000,258.000
6.418140000,47.555930000,258.000
6.418300000,47.556010000,258.000
6.418590000,47.556150000,258.000
6.418950000,47.556320000,258.000
6.419230000,47.556460000,259.000
6.419500000,47.556580000,260.000
6.419880000,47.556760000,261.000
6.419920000,47.556780000,261.000
6.419950000,47.556800000,262.000
6.420320000,47.556980000,263.000
6.420370000,47.557000000,263.000
6.420380000,47.557010000,264.000
6.420390000,47.557010000,264.000
6.420600000,47.557110000,265.000
6.420610000,47.557120000,265.000
6.420820000,47.557220000,265.000
6.421060000,47.557350000,266.000
6.421230000,47.557440000,266.000
6.421340000,47.557500000,266.000
6.421390000,47.557520000,266.000
6.421450000,47.557550000,266.000
6.421780000,47.557710000,266.000
6.421870000,47.557770000,266.000
6.422270000,47.557920000,266.000
6.422410000,47.557950000,265.000
6.422410000,47.557950000,265.000
6.422420000,47.557940000,265.000
6.422430000,47.557940000,265.000
6.422440000,47.557930000,265.000
6.422450000,47.557930000,265.000
6.422460000,47.557930000,265.000
6.422470000,47.557920000,265.000
6.422480000,47.557920000,265.000
6.422500000,47.557920000,265.000
6.422530000,47.557910000,265.000
6.422560000,47.557910000,265.000
6.422600000,47.557900000,265.000
6.422640000,47.557900000,265.000
6.422670000,47.557910000,265.000
6.422710000,47.557910000,265.000
6.422740000,47.557920000,265.000
6.422760000,47.557920000,265.000
6.422780000,47.557930000,265.000
6.422790000,47.557930000,265.000
6.422800000,47.557940000,265.000
6.422810000,47.557940000,265.000
6.422820000,47.557940000,265.000
6.422840000,47.557950000,265.000
6.422850000,47.557960000,265.000
6.422870000,47.557970000,265.000
6.422890000,47.557990000,265.000
6.422910000,47.558000000,265.000
6.422930000,47.558020000,265.000
6.422940000,47.558030000,265.000
6.422950000,47.558050000,265.000
6.422970000,47.558070000,265.000
6.422980000,47.558100000,265.000
6.422980000,47.558120000,265.000
6.422980000,47.558150000,265.000
6.422980000,47.558180000,265.000
6.422980000,47.558200000,265.000
6.422970000,47.558230000,265.000
6.422950000,47.558250000,265.000
6.422930000,47.558280000,265.000
6.422890000,47.558320000,265.000
6.422880000,47.558440000,265.000
6.422910000,47.558530000,265.000
6.423060000,47.558780000,265.000
6.423280000,47.559080000,265.000
6.423610000,47.559500000,265.000
6.423940000,47.559880000,265.000
6.423950000,47.559890000,265.000
6.423970000,47.559920000,265.000
6.424070000,47.560010000,265.000
6.424100000,47.560030000,265.000
6.424110000,47.560040000,265.000
6.424230000,47.560150000,265.000
6.424270000,47.560190000,265.000
6.424450000,47.560350000,265.000
6.424990000,47.560800000,266.000
6.425640000,47.561320000,267.000
6.426920000,47.562390000,268.000
6.427650000,47.562920000,269.000
6.428350000,47.563520000,269.000
6.428520000,47.563660000,270.000
6.428560000,47.563690000,270.000
6.428740000,47.563860000,270.000
6.428960000,47.564040000,270.000
6.429000000,47.564070000,270.000
6.429190000,47.564230000,270.000
6.429420000,47.564420000,270.000
6.429660000,47.564610000,270.000
6.429950000,47.564920000,270.000
6.430520000,47.565560000,269.000
6.430740000,47.565820000,269.000
6.430860000,47.565920000,268.000
6.431210000,47.566340000,268.000
6.431470000,47.566650000,268.000
6.431720000,47.566910000,269.000
6.431820000,47.567030000,270.000
6.432130000,47.567380000,271.000
6.432220000,47.567470000,272.000
6.432290000,47.567540000,273.000
6.432330000,47.567590000,274.000
6.432370000,47.567700000,274.000
6.432470000,47.567810000,275.000
6.432510000,47.567850000,276.000
6.432510000,47.567860000,276.000
6.432600000,47.567960000,277.000
6.432700000,47.568070000,277.000
6.432800000,47.568180000,277.000
6.432890000,47.568290000,278.000
6.432980000,47.568390000,278.000
6.433070000,47.568490000,279.000
6.433160000,47.568600000,279.000
6.433240000,47.568690000,280.000
6.433330000,47.568790000,280.000
6.433400000,47.568880000,280.000
6.433470000,47.568960000,281.000
6.433480000,47.568960000,281.000
6.433560000,47.569040000,281.000
6.433620000,47.569110000,282.000
6.433750000,47.569260000,282.000
6.434090000,47.569660000,283.000
6.434250000,47.569920000,284.000
6.434490000,47.570500000,284.000
6.434600000,47.570950000,285.000
6.434630000,47.571090000,285.000
6.434640000,47.571130000,285.000
6.434870000,47.571950000,286.000
6.435000000,47.572490000,286.000
6.435070000,47.572840000,287.000
6.435080000,47.572900000,288.000
6.435080000,47.572980000,288.000
6.435070000,47.573070000,289.000
6.435060000,47.573140000,289.000
6.435040000,47.573220000,289.000
6.434940000,47.573610000,290.000
6.434900000,47.573740000,291.000
6.434880000,47.573790000,291.000
6.434610000,47.574370000,291.000
6.434220000,47.575340000,292.000
6.434190000,47.575410000,293.000
6.433640000,47.576730000,294.000
6.433370000,47.577390000,294.000
6.433230000,47.577720000,294.000
6.433160000,47.577890000,294.000
6.432950000,47.578410000,294.000
6.432910000,47.578500000,293.000
6.432880000,47.578590000,293.000
6.432620000,47.579230000,292.000
6.432600000,47.579280000,291.000
6.432530000,47.579450000,291.000
6.431850000,47.581120000,288.000
6.431820000,47.581190000,287.000
6.431760000,47.581360000,285.000
6.431490000,47.582040000,284.000
6.431480000,47.582060000,284.000
6.431280000,47.582590000,283.000
6.431240000,47.582700000,282.000
6.431110000,47.582920000,282.000
6.431060000,47.583000000,281.000
6.430840000,47.583230000,281.000
6.430830000,47.583240000,281.000
6.430730000,47.583340000,281.000
6.430690000,47.583370000,281.000
6.430520000,47.583500000,282.000
6.430350000,47.583610000,282.000
6.429730000,47.584000000,283.000
6.429610000,47.584070000,283.000
6.429530000,47.584110000,283.000
6.429460000,47.584150000,284.000
6.429370000,47.584200000,284.000
6.429310000,47.584240000,284.000
6.429220000,47.584300000,284.000
6.429150000,47.584360000,284.000
6.429020000,47.584480000,283.000
6.428970000,47.584550000,283.000
6.428920000,47.584620000,282.000
6.428880000,47.584670000,282.000
6.428880000,47.584680000,281.000
6.428870000,47.584690000,281.000
6.428840000,47.584750000,281.000
6.428800000,47.584840000,280.000
6.428800000,47.584850000,280.000
6.428760000,47.584970000,280.000
6.428760000,47.585020000,279.000
6.428740000,47.585180000,278.000
6.428740000,47.585200000,278.000
6.428750000,47.585340000,277.000
6.428760000,47.585400000,277.000
6.428780000,47.585450000,276.000
6.428790000,47.585500000,276.000
6.428800000,47.585540000,275.000
6.429010000,47.586080000,274.000
6.429180000,47.586470000,272.000
6.429250000,47.586650000,272.000
6.429320000,47.586830000,271.000
6.429390000,47.587140000,270.000
6.429390000,47.587360000,270.000
6.429400000,47.587460000,269.000
6.429340000,47.587800000,269.000
6.429170000,47.588420000,269.000
6.429130000,47.588530000,268.000
6.429000000,47.589000000,269.000
6.428960000,47.589170000,269.000
6.428890000,47.589420000,270.000
6.428870000,47.589500000,270.000
6.428850000,47.589550000,271.000
6.428840000,47.589570000,271.000
6.428750000,47.589950000,271.000
6.428740000,47.590230000,272.000
6.428750000,47.590420000,273.000
6.428780000,47.590570000,273.000
6.428810000,47.590740000,274.000
6.428900000,47.591150000,275.000
6.429000000,47.591560000,276.000
6.429010000,47.591670000,277.000
6.429030000,47.591920000,278.000
6.429000000,47.592140000,279.000
6.428970000,47.592300000,279.000
6.428940000,47.592410000,280.000
6.428920000,47.592490000,280.000
6.428910000,47.592510000,280.000
6.428850000,47.592650000,280.000
6.428850000,47.592660000,280.000
6.428770000,47.592830000,280.000
6.428760000,47.592860000,280.000
6.428690000,47.593000000,280.000
6.428410000,47.593610000,280.000
6.428370000,47.593700000,280.000
6.428330000,47.593840000,280.000
6.428300000,47.593990000,280.000
6.428290000,47.594040000,280.000
6.428210000,47.594350000,280.000
6.428160000,47.594600000,279.000
6.428130000,47.594830000,279.000
6.428120000,47.595030000,279.000
6.428090000,47.595280000,279.000
6.428090000,47.595470000,279.000
6.428100000,47.595650000,279.000
6.428100000,47.595830000,279.000
6.428100000,47.595900000,279.000
6.428110000,47.596010000,278.000
6.428150000,47.596530000,278.000
6.428150000,47.596550000,277.000
6.428210000,47.596910000,276.000
6.428220000,47.596940000,276.000
6.428260000,47.597090000,275.000
6.428280000,47.597180000,275.000
6.428370000,47.597430000,274.000
6.428450000,47.597610000,274.000
6.428580000,47.597950000,274.000
6.428800000,47.598480000,274.000
6.429170000,47.599340000,276.000
6.429310000,47.599690000,277.000
6.429380000,47.599860000,277.000
6.429440000,47.600010000,278.000
6.429440000,47.600030000,278.000
6.429450000,47.600040000,278.000
6.429480000,47.600190000,279.000
6.429490000,47.600210000,279.000
6.429510000,47.600280000,279.000
6.429520000,47.600370000,279.000
6.429530000,47.600520000,279.000
6.429520000,47.600600000,279.000
6.429520000,47.600700000,279.000
6.429510000,47.600800000,279.000
6.429500000,47.600850000,279.000
6.429490000,47.600890000,279.000
6.429480000,47.600940000,279.000
6.429420000,47.601100000,279.000
6.429390000,47.601180000,279.000
6.429350000,47.601260000,279.000
6.429330000,47.601320000,279.000
6.428830000,47.602020000,278.000
6.428660000,47.602270000,277.000
6.428630000,47.602310000,276.000
6.428610000,47.602350000,275.000
6.428600000,47.602390000,275.000
6.428580000,47.602420000,275.000
6.428580000,47.602440000,274.000
6.428520000,47.602670000,274.000
6.428540000,47.602810000,273.000
6.428540000,47.602820000,273.000
6.428560000,47.602950000,273.000
6.428570000,47.603000000,273.000
6.428580000,47.603050000,273.000
6.428620000,47.603230000,273.000
6.428640000,47.603310000,273.000
6.428820000,47.604020000,273.000
6.428830000,47.604080000,273.000
6.428980000,47.604830000,274.000
6.428980000,47.605050000,274.000
6.428980000,47.605170000,275.000
6.428830000,47.605890000,276.000
6.428820000,47.605990000,277.000
6.428800000,47.606160000,277.000
6.428780000,47.606290000,278.000
6.428780000,47.606430000,278.000
6.428840000,47.607030000,279.000
6.428960000,47.607640000,279.000
6.428990000,47.607780000,279.000
6.429020000,47.607910000,279.000
6.429030000,47.607960000,279.000
6.429110000,47.608220000,278.000
6.429220000,47.608460000,277.000
6.429440000,47.608820000,276.000
6.429560000,47.608990000,276.000
6.429850000,47.609430000,275.000
6.430400000,47.610240000,275.000
6.430430000,47.610290000,275.000
6.430620000,47.610570000,275.000
6.430650000,47.610610000,275.000
6.430730000,47.610730000,275.000
6.431100000,47.611270000,275.000
6.431200000,47.611400000,275.000
6.431290000,47.611550000,275.000
6.431310000,47.611590000,275.000
6.431420000,47.611760000,275.000
6.431520000,47.611940000,275.000
6.431710000,47.612260000,275.000
6.431780000,47.612390000,276.000
6.431880000,47.612550000,276.000
6.431940000,47.612640000,276.000
6.431980000,47.612720000,276.000
6.432010000,47.612760000,276.000
6.432080000,47.612880000,276.000
6.432580000,47.613700000,276.000
6.432750000,47.613970000,276.000
6.432870000,47.614150000,277.000
6.432910000,47.614210000,277.000
6.432940000,47.614260000,278.000
6.433020000,47.614370000,278.000
6.433240000,47.614700000,279.000
6.433270000,47.614750000,280.000
6.433280000,47.614770000,281.000
6.433740000,47.615340000,283.000
6.433770000,47.615380000,284.000
6.433860000,47.615500000,285.000
6.433900000,47.615540000,286.000
6.434100000,47.615800000,287.000
6.434120000,47.615810000,288.000
6.434150000,47.615860000,288.000
6.434390000,47.616160000,288.000
6.434480000,47.616290000,287.000
6.434510000,47.616340000,286.000
6.434560000,47.616400000,285.000
6.434720000,47.616650000,284.000
6.434800000,47.616810000,283.000
6.434820000,47.616840000,282.000
6.434880000,47.616960000,281.000
6.434900000,47.617010000,280.000
6.434990000,47.617180000,279.000
6.435070000,47.617350000,278.000
6.435130000,47.617470000,277.000
6.435370000,47.617950000,276.000
6.435600000,47.618370000,276.000
6.435670000,47.618490000,276.000
6.435730000,47.618600000,276.000
6.435850000,47.618790000,276.000
6.436020000,47.619030000,276.000
6.436040000,47.619060000,276.000
6.436070000,47.619100000,276.000
6.436130000,47.619170000,276.000
6.436750000,47.619940000,276.000
6.436780000,47.619980000,276.000
6.437190000,47.620390000,276.000
6.437310000,47.620520000,275.000
6.437600000,47.620860000,275.000
6.437610000,47.620860000,275.000
6.437740000,47.621010000,275.000
6.438010000,47.621320000,275.000
6.438370000,47.621740000,276.000
6.438660000,47.622100000,277.000
6.438840000,47.622360000,278.000
6.438890000,47.622430000,278.000
6.438920000,47.622490000,279.000
6.438980000,47.622600000,279.000
6.439040000,47.622710000,279.000
6.439160000,47.622950000,278.000
6.439210000,47.623090000,278.000
6.439280000,47.623290000,277.000
6.439340000,47.623460000,277.000
6.439370000,47.623560000,276.000
6.439370000,47.623590000,276.000
6.439420000,47.623850000,275.000
6.439450000,47.624020000,274.000
6.439480000,47.624180000,274.000
6.439510000,47.624330000,273.000
6.439510000,47.624360000,273.000
6.439620000,47.625070000,274.000
6.439640000,47.625250000,274.000
6.439830000,47.626500000,275.000
6.439920000,47.627170000,276.000
6.439960000,47.627400000,277.000
6.439980000,47.627580000,277.000
6.440190000,47.628970000,278.000
6.440390000,47.630350000,279.000
6.440400000,47.630400000,279.000
6.440500000,47.631040000,279.000
6.440610000,47.631840000,280.000
6.440640000,47.632010000,281.000
6.440690000,47.632350000,282.000
6.440730000,47.632550000,283.000
6.440740000,47.632580000,284.000
6.440790000,47.632840000,285.000
6.440900000,47.633400000,285.000
6.441080000,47.634200000,284.000
6.441200000,47.634710000,283.000
6.441220000,47.634790000,283.000
6.441250000,47.634970000,282.000
6.441320000,47.635330000,282.000
6.441370000,47.635710000,281.000
6.441400000,47.635860000,281.000
6.441400000,47.635890000,281.000
6.441400000,47.635910000,281.000
6.441430000,47.636040000,280.000
6.441460000,47.636220000,280.000
6.441460000,47.636250000,280.000
6.441490000,47.636400000,280.000
6.441510000,47.636500000,280.000
6.441550000,47.636760000,280.000
6.441560000,47.636790000,280.000
6.441580000,47.636930000,281.000
6.441610000,47.637080000,281.000
6.441610000,47.637110000,281.000
6.441640000,47.637290000,282.000
6.441650000,47.637320000,282.000
6.441670000,47.637470000,283.000
6.441690000,47.637560000,283.000
6.441700000,47.637650000,284.000
6.441710000,47.637680000,284.000
6.441730000,47.637830000,284.000
6.441740000,47.637860000,285.000
6.441760000,47.638010000,285.000
6.441790000,47.638190000,286.000
6.441840000,47.638540000,287.000
6.441870000,47.638720000,288.000
6.441930000,47.639080000,289.000
6.441930000,47.639110000,290.000
6.441950000,47.639260000,291.000
6.442030000,47.639730000,292.000
6.442040000,47.639770000,293.000
6.442040000,47.639810000,294.000
6.442100000,47.640150000,295.000
6.442210000,47.640840000,297.000
6.442230000,47.640960000,298.000
6.442230000,47.641010000,299.000
6.442260000,47.641200000,299.000
6.442300000,47.641330000,300.000
6.442330000,47.641560000,300.000
6.442350000,47.641640000,300.000
6.442370000,47.641740000,301.000
6.442410000,47.641880000,301.000
6.442410000,47.641910000,301.000
6.442450000,47.642090000,301.000
6.442460000,47.642130000,301.000
6.442580000,47.642620000,301.000
6.442620000,47.642800000,301.000
6.442680000,47.643020000,301.000
6.442740000,47.643280000,300.000
6.442790000,47.643500000,299.000
6.442800000,47.643560000,298.000
6.442870000,47.643700000,297.000
6.442920000,47.643790000,297.000
6.442960000,47.643840000,296.000
6.443020000,47.643920000,296.000
6.443110000,47.644010000,295.000
6.443240000,47.644140000,295.000
6.443310000,47.644200000,294.000
6.443320000,47.644210000,294.000
6.443600000,47.644490000,293.000
6.443640000,47.644540000,293.000
6.443870000,47.644770000,292.000
6.444010000,47.644940000,292.000
6.444120000,47.645080000,292.000
6.444150000,47.645110000,292.000
6.444290000,47.645250000,292.000
6.444340000,47.645280000,292.000
6.444630000,47.645500000,292.000
6.444710000,47.645560000,292.000
6.444760000,47.645600000,292.000
6.444780000,47.645620000,292.000
6.445000000,47.645810000,292.000
6.445090000,47.645880000,292.000
6.445210000,47.645970000,292.000
6.445250000,47.646010000,292.000
6.445410000,47.646130000,292.000
6.445490000,47.646180000,292.000
6.445540000,47.646210000,292.000
6.445590000,47.646270000,292.000
6.445910000,47.646450000,292.000
6.446170000,47.646590000,293.000
6.446400000,47.646710000,293.000
6.446450000,47.646740000,293.000
6.446790000,47.646940000,294.000
6.446890000,47.646990000,294.000
6.446960000,47.647040000,294.000
6.446990000,47.647050000,295.000
6.447090000,47.647110000,295.000
6.447180000,47.647160000,295.000
6.447270000,47.647210000,295.000
6.447460000,47.647320000,296.000
6.447900000,47.647540000,297.000
6.447950000,47.647560000,297.000
6.448120000,47.647650000,298.000
6.448150000,47.647660000,298.000
6.448470000,47.647820000,299.000
6.448760000,47.647970000,300.000
6.448900000,47.648040000,301.000
6.449240000,47.648200000,302.000
6.449280000,47.648220000,303.000
6.449490000,47.648300000,304.000
6.449520000,47.648320000,304.000
6.449770000,47.648420000,305.000
6.449970000,47.648510000,305.000
6.450050000,47.648550000,305.000
6.450320000,47.648680000,305.000
6.450400000,47.648720000,305.000
6.450640000,47.648840000,305.000
6.450790000,47.648910000,305.000
6.450900000,47.648950000,305.000
6.451090000,47.649020000,305.000
6.451160000,47.649050000,305.000
6.451210000,47.649070000,305.000
6.451300000,47.649110000,305.000
6.451380000,47.649150000,305.000
6.451420000,47.649160000,305.000
6.451440000,47.649170000,305.000
6.452010000,47.649460000,305.000
6.452080000,47.649490000,306.000
6.452190000,47.649550000,306.000
6.452590000,47.649720000,306.000
6.453340000,47.650070000,306.000
6.453960000,47.650360000,306.000
6.454120000,47.650430000,306.000
6.454180000,47.650460000,306.000
6.455050000,47.650870000,306.000
6.455150000,47.650910000,306.000
6.455830000,47.651230000,306.000
6.455980000,47.651300000,306.000
6.456770000,47.651670000,305.000
6.456940000,47.651750000,304.000
6.457010000,47.651780000,304.000
6.457390000,47.651960000,303.000
6.457820000,47.652150000,303.000
6.458400000,47.652420000,302.000
6.458490000,47.652460000,301.000
6.458690000,47.652560000,301.000
6.459350000,47.652870000,300.000
6.459380000,47.652880000,299.000
6.459420000,47.652900000,299.000
6.459570000,47.652970000,298.000
6.460030000,47.653190000,298.000
6.460300000,47.653310000,297.000
6.460450000,47.653380000,297.000
6.460530000,47.653410000,297.000
6.460530000,47.653410000,297.000
6.460820000,47.653540000,297.000
6.460840000,47.653550000,297.000
6.460880000,47.653560000,297.000
6.461050000,47.653630000,298.000
6.461310000,47.653730000,298.000
6.461600000,47.653830000,298.000
6.461730000,47.653880000,298.000
6.461800000,47.653900000,298.000
6.461850000,47.653910000,298.000
6.462080000,47.653970000,299.000
6.462200000,47.654000000,299.000
6.462600000,47.654090000,299.000
6.462950000,47.654150000,299.000
6.463010000,47.654160000,299.000
6.463200000,47.654180000,299.000
6.463450000,47.654200000,299.000
6.463520000,47.654200000,299.000
6.463580000,47.654210000,299.000
6.463900000,47.654220000,299.000
6.464220000,47.654230000,299.000
6.464230000,47.654230000,299.000
6.464490000,47.654230000,298.000
6.464590000,47.654220000,298.000
6.464960000,47.654210000,298.000
6.465310000,47.654190000,298.000
6.465780000,47.654160000,297.000
6.466230000,47.654140000,296.000
6.466590000,47.654120000,294.000
6.466620000,47.654120000,293.000
6.466890000,47.654110000,292.000
6.467000000,47.654100000,291.000
6.467340000,47.654100000,290.000
6.467580000,47.654100000,289.000
6.467680000,47.654100000,288.000
6.467950000,47.654110000,287.000
6.467960000,47.654110000,286.000
6.468320000,47.654150000,285.000
6.468590000,47.654180000,284.000
6.468890000,47.654230000,283.000
6.469230000,47.654310000,283.000
6.469470000,47.654370000,283.000
6.469540000,47.654390000,282.000
6.469680000,47.654430000,282.000
6.469830000,47.654480000,282.000
6.470120000,47.654580000,282.000
6.470270000,47.654640000,282.000
6.470380000,47.654680000,282.000
6.470620000,47.654780000,281.000
6.470660000,47.654800000,281.000
6.471550000,47.655210000,281.000
6.471590000,47.655230000,281.000
6.471660000,47.655270000,281.000
6.471880000,47.655370000,281.000
6.472860000,47.655840000,281.000
6.472910000,47.655860000,281.000
6.473180000,47.655990000,281.000
6.473990000,47.656370000,282.000
6.474370000,47.656540000,282.000
6.474450000,47.656580000,282.000
6.474480000,47.656600000,283.000
6.474870000,47.656790000,283.000
6.475020000,47.656860000,283.000
6.475030000,47.656870000,283.000
6.475250000,47.656970000,283.000
6.475370000,47.657020000,283.000
6.476000000,47.657330000,284.000
6.476010000,47.657330000,284.000
6.476220000,47.657430000,284.000
6.476390000,47.657510000,284.000
6.476800000,47.657710000,284.000
6.477420000,47.658010000,284.000
6.477760000,47.658170000,284.000
6.477940000,47.658250000,284.000
6.477960000,47.658250000,284.000
6.478790000,47.658660000,284.000
6.479050000,47.658780000,285.000
6.479620000,47.659040000,285.000
6.480470000,47.659440000,285.000
6.480610000,47.659480000,285.000
6.480720000,47.659520000,285.000
6.480820000,47.659550000,285.000
6.480860000,47.659570000,285.000
6.480870000,47.659560000,285.000
6.480880000,47.659560000,285.000
6.480890000,47.659560000,285.000
6.480900000,47.659560000,285.000
6.480910000,47.659560000,285.000
6.480920000,47.659550000,285.000
6.480940000,47.659550000,285.000
6.480950000,47.659550000,285.000
6.480960000,47.659550000,285.000
6.480970000,47.659550000,285.000
6.480980000,47.659550000,285.000
6.481000000,47.659550000,285.000
6.481010000,47.659560000,285.000
6.481020000,47.659560000,285.000
6.481030000,47.659560000,285.000
6.481040000,47.659560000,285.000
6.481050000,47.659570000,285.000
6.481070000,47.659570000,285.000
6.481080000,47.659580000,285.000
6.481090000,47.659580000,285.000
6.481100000,47.659590000,285.000
6.481110000,47.659590000,285.000
6.481110000,47.659600000,285.000
6.481120000,47.659600000,285.000
6.481130000,47.659610000,285.000
6.481140000,47.659620000,285.000
6.481140000,47.659630000,285.000
6.481150000,47.659640000,285.000
6.481160000,47.659650000,285.000
6.481160000,47.659660000,285.000
6.481210000,47.659730000,285.000
6.481280000,47.659790000,285.000
6.481310000,47.659810000,285.000
6.481380000,47.659860000,285.000
6.481460000,47.659920000,285.000
6.482140000,47.660250000,285.000
6.482540000,47.660430000,285.000
6.482760000,47.660540000,285.000
6.482880000,47.660600000,285.000
6.483190000,47.660740000,285.000
6.483400000,47.660840000,286.000
6.483570000,47.660930000,286.000
6.483790000,47.661040000,286.000
6.484160000,47.661220000,286.000
6.484430000,47.661380000,286.000
6.484820000,47.661600000,286.000
6.485080000,47.661750000,286.000
6.485340000,47.661900000,286.000
6.485620000,47.662060000,286.000
6.485740000,47.662130000,286.000
6.486060000,47.662310000,287.000
6.486090000,47.662330000,287.000
6.486660000,47.662660000,287.000
6.487720000,47.663270000,287.000
6.488010000,47.663440000,287.000
6.488760000,47.663860000,287.000
6.489520000,47.664300000,288.000
6.489560000,47.664320000,288.000
6.490340000,47.664770000,288.000
6.491100000,47.665200000,289.000
6.491260000,47.665300000,289.000
6.491710000,47.665560000,290.000
6.491860000,47.665650000,290.000
6.492130000,47.665800000,291.000
6.492180000,47.665830000,291.000
6.492440000,47.665990000,292.000
6.492870000,47.666230000,292.000
6.492940000,47.666280000,292.000
6.492990000,47.666310000,293.000
6.493190000,47.666420000,293.000
6.493570000,47.666640000,293.000
6.493780000,47.666780000,293.000
6.493910000,47.666890000,293.000
6.493950000,47.666930000,294.000
6.493990000,47.666970000,294.000
6.494130000,47.667120000,294.000
6.494450000,47.667470000,294.000
6.494840000,47.667870000,294.000
6.494890000,47.667930000,294.000
6.494990000,47.668030000,294.000
6.495130000,47.668180000,294.000
6.495280000,47.668330000,293.000
6.495430000,47.668490000,293.000
6.495700000,47.668790000,293.000
6.495990000,47.669090000,292.000
6.496000000,47.669110000,292.000
6.496180000,47.669300000,292.000
6.496250000,47.669380000,292.000
6.496810000,47.669980000,292.000
6.497050000,47.670250000,292.000
6.497710000,47.670940000,292.000
6.497890000,47.671130000,292.000
6.497980000,47.671220000,292.000
6.498030000,47.671280000,292.000
6.498090000,47.671350000,292.000
6.498170000,47.671430000,292.000
6.498560000,47.671820000,292.000
6.498850000,47.672090000,292.000
6.498870000,47.672100000,292.000
6.499170000,47.672350000,292.000
6.499210000,47.672390000,292.000
6.499240000,47.672410000,292.000
6.499590000,47.672700000,292.000
6.500020000,47.673050000,292.000
6.500210000,47.673200000,292.000
6.500260000,47.673240000,292.000
6.500300000,47.673270000,292.000
6.500660000,47.673570000,292.000
6.500980000,47.673830000,292.000
6.501280000,47.674070000,293.000
6.501510000,47.674250000,293.000
6.501750000,47.674440000,293.000
6.501970000,47.674650000,293.000
6.502050000,47.674720000,293.000
6.502080000,47.674750000,293.000
6.502100000,47.674760000,293.000
6.502110000,47.674770000,293.000
6.502130000,47.674780000,293.000
6.502140000,47.674790000,293.000
6.502160000,47.674800000,293.000
6.502220000,47.674830000,293.000
6.502220000,47.674830000,293.000
6.501920000,47.675330000,293.000
6.501810000,47.675520000,293.000
6.501620000,47.675850000,294.000
6.501620000,47.675860000,294.000
6.501410000,47.676230000,294.000
6.501220000,47.676560000,294.000
6.501210000,47.676580000,294.000
6.501110000,47.676760000,294.000
6.500950000,47.677040000,294.000
6.500790000,47.677310000,294.000
6.500700000,47.677460000,294.000
6.500640000,47.677570000,294.000
6.500500000,47.677810000,294.000
6.500480000,47.677860000,294.000
6.500280000,47.678200000,294.000
6.500160000,47.678420000,294.000
6.499930000,47.678810000,294.000
6.499580000,47.679410000,294.000
6.499490000,47.679560000,294.000
6.499380000,47.679760000,294.000
6.499220000,47.680080000,294.000
6.499150000,47.680300000,294.000
6.499130000,47.680410000,294.000
6.499130000,47.680440000,294.000
6.499130000,47.680460000,294.000
6.499150000,47.680570000,294.000
6.499180000,47.680660000,294.000
6.499200000,47.680710000,294.000
6.499230000,47.680800000,294.000
6.499250000,47.680830000,294.000
6.499270000,47.680840000,294.000
6.499290000,47.680870000,294.000
6.499350000,47.680900000,294.000
6.499350000,47.680900000,294.000
6.499360000,47.680900000,294.000
6.499370000,47.680900000,294.000
6.499380000,47.680900000,294.000
6.499390000,47.680890000,294.000
6.499400000,47.680890000,294.000
6.499410000,47.680890000,294.000
6.499420000,47.680890000,294.000
6.499430000,47.680890000,294.000
6.499440000,47.680890000,294.000
6.499450000,47.680890000,294.000
6.499460000,47.680890000,294.000
6.499460000,47.680900000,294.000
6.499470000,47.680900000,294.000
6.499480000,47.680900000,294.000
6.499490000,47.680900000,294.000
6.499490000,47.680910000,294.000
6.499500000,47.680910000,294.000
6.499510000,47.680910000,294.000
6.499510000,47.680920000,294.000
6.499520000,47.680920000,294.000
6.499530000,47.680920000,294.000
6.499530000,47.680930000,294.000
6.499540000,47.680930000,294.000
6.499540000,47.680940000,294.000
6.499550000,47.680950000,294.000
6.499550000,47.680960000,294.000
6.499560000,47.680970000,294.000
6.499560000,47.680980000,294.000
6.499560000,47.680990000,294.000
6.499550000,47.680990000,294.000
6.499550000,47.681000000,294.000
6.499550000,47.681010000,294.000
6.499550000,47.681020000,294.000
6.499540000,47.681020000,294.000
6.499540000,47.681030000,294.000
6.499530000,47.681030000,294.000
6.499530000,47.681040000,294.000
6.499520000,47.681040000,294.000
6.499510000,47.681050000,294.000
6.499500000,47.681060000,294.000
6.499490000,47.681060000,294.000
6.499480000,47.681060000,294.000
6.499480000,47.681070000,294.000
6.499470000,47.681070000,294.000
6.499460000,47.681070000,294.000
6.499450000,47.681070000,294.000
6.499440000,47.681070000,294.000
6.499430000,47.681070000,294.000
6.499420000,47.681070000,294.000
6.499410000,47.681070000,294.000
6.499210000,47.681190000,294.000
6.499130000,47.681220000,294.000
6.499010000,47.681330000,295.000
6.498390000,47.681860000,295.000
6.498310000,47.681930000,295.000
6.498270000,47.681970000,295.000
6.498070000,47.682150000,295.000
6.497950000,47.682250000,295.000
6.497820000,47.682370000,295.000
6.497570000,47.682600000,295.000
6.497480000,47.682670000,294.000
6.497440000,47.682700000,294.000
6.497410000,47.682730000,294.000
6.497380000,47.682760000,294.000
6.496920000,47.683120000,294.000
6.496810000,47.683210000,293.000
6.496690000,47.683300000,293.000
6.496610000,47.683380000,293.000
6.496560000,47.683420000,293.000
6.496510000,47.683460000,293.000
6.496380000,47.683500000,293.000
6.496380000,47.683500000,293.000
6.496380000,47.683510000,293.000
6.496380000,47.683520000,293.000
6.496370000,47.683520000,293.000
6.496370000,47.683530000,293.000
6.496360000,47.683530000,293.000
6.496360000,47.683540000,293.000
6.496350000,47.683540000,293.000
6.496350000,47.683550000,293.000
6.496340000,47.683550000,293.000
6.496330000,47.683550000,293.000
6.496330000,47.683560000,293.000
6.496320000,47.683560000,293.000
6.496310000,47.683560000,293.000
6.496310000,47.683570000,293.000
6.496300000,47.683570000,293.000
6.496290000,47.683570000,293.000
6.496120000,47.683770000,293.000
6.496050000,47.683860000,293.000
6.496000000,47.683920000,293.000
6.495950000,47.684000000,293.000
6.495930000,47.684060000,293.000
6.495900000,47.684130000,293.000
6.495780000,47.684380000,293.000
6.495720000,47.684470000,294.000
6.495570000,47.684800000,294.000
6.495400000,47.685210000,294.000
6.495280000,47.685480000,294.000
6.495240000,47.685560000,294.000
6.495190000,47.685650000,294.000
6.495100000,47.685800000,294.000
6.494950000,47.686090000,294.000
6.494840000,47.686290000,293.000
6.494820000,47.686310000,293.000
6.494690000,47.686590000,293.000
6.494590000,47.686800000,293.000
6.494550000,47.686910000,292.000
6.494460000,47.687140000,292.000
6.494430000,47.687190000,292.000
6.494400000,47.687300000,292.000
6.494390000,47.687310000,292.000
6.494340000,47.687480000,292.000
6.494320000,47.687560000,292.000
6.494270000,47.687770000,293.000
6.494260000,47.687860000,293.000
6.494220000,47.688050000,294.000
6.494190000,47.688200000,294.000
6.494190000,47.688200000,294.000
6.494250000,47.688200000,295.000
6.494280000,47.688210000,295.000
6.494320000,47.688230000,295.000
6.494350000,47.688250000,295.000
6.494680000,47.688460000,295.000
6.494790000,47.688540000,296.000
6.494890000,47.688600000,296.000
6.495060000,47.688720000,297.000
6.495170000,47.688790000,297.000
6.495250000,47.688840000,298.000
6.495380000,47.688930000,298.000
6.495460000,47.688990000,299.000
6.495540000,47.689060000,299.000
6.495610000,47.689120000,300.000
6.495680000,47.689210000,300.000
6.495740000,47.689350000,301.000
6.495790000,47.689630000,302.000
6.495810000,47.689740000,302.000
6.495820000,47.689810000,303.000
6.495860000,47.690030000,304.000
6.495880000,47.690150000,305.000
6.495910000,47.690310000,305.000
6.495920000,47.690390000,306.000
6.495970000,47.690620000,307.000
6.496040000,47.690860000,307.000
6.496060000,47.690900000,308.000
6.496100000,47.691020000,308.000
6.496110000,47.691030000,309.000
6.496210000,47.691220000,309.000
6.496250000,47.691290000,309.000
6.496330000,47.691430000,310.000
6.496460000,47.691590000,310.000
6.496480000,47.691610000,310.000
6.496560000,47.691690000,311.000
6.496650000,47.691760000,311.000
6.496690000,47.691790000,311.000
6.496840000,47.691870000,311.000
6.496850000,47.691870000,312.000
6.497090000,47.691990000,312.000
6.497480000,47.692170000,312.000
6.497790000,47.692320000,312.000
6.498930000,47.692880000,312.000
6.498980000,47.692900000,312.000
6.499990000,47.693390000,312.000
6.500060000,47.693420000,312.000
6.500490000,47.693630000,312.000
6.500750000,47.693750000,311.000
6.500930000,47.693840000,311.000
6.501290000,47.694010000,311.000
6.501850000,47.694310000,311.000
6.502010000,47.694390000,311.000
6.502090000,47.694430000,311.000
6.502180000,47.694440000,311.000
6.502280000,47.694450000,311.000
6.502370000,47.694450000,311.000
6.502490000,47.694420000,310.000
6.502570000,47.694370000,310.000
6.502750000,47.694310000,310.000
6.503020000,47.694220000,310.000
6.503020000,47.694220000,310.000
6.503020000,47.694210000,310.000
6.503030000,47.694200000,310.000
6.503030000,47.694190000,310.000
6.503030000,47.694180000,310.000
6.503040000,47.694170000,310.000
6.503040000,47.694160000,310.000
6.503050000,47.694150000,310.000
6.503060000,47.694150000,310.000
6.503060000,47.694140000,310.000
6.503070000,47.694130000,310.000
6.503080000,47.694130000,310.000
6.503090000,47.694120000,310.000
6.503100000,47.694110000,310.000
6.503110000,47.694110000,310.000
6.503120000,47.694100000,310.000
6.503130000,47.694100000,310.000
6.503140000,47.694100000,310.000
6.503150000,47.694100000,310.000
6.503160000,47.694090000,310.000
6.503170000,47.694090000,310.000
6.503180000,47.694090000,310.000
6.503190000,47.694090000,310.000
6.503200000,47.694090000,310.000
6.503210000,47.694090000,310.000
6.503220000,47.694090000,310.000
6.503240000,47.694090000,310.000
6.503250000,47.694090000,310.000
6.503270000,47.694090000,310.000
6.503280000,47.694090000,310.000
6.503290000,47.694100000,310.000
6.503300000,47.694100000,310.000
6.503310000,47.694100000,310.000
6.503320000,47.694110000,310.000
6.503330000,47.694110000,310.000
6.503340000,47.694120000,309.000
6.503420000,47.694120000,309.000
6.503580000,47.694130000,309.000
6.503580000,47.694130000,309.000
6.503780000,47.694190000,309.000
6.503900000,47.694240000,309.000
6.504070000,47.694330000,309.000
6.504180000,47.694400000,309.000
6.504260000,47.694500000,309.000
6.504310000,47.694560000,309.000
6.504340000,47.694620000,309.000
6.504480000,47.694790000,309.000
6.504540000,47.694870000,309.000
6.504560000,47.694900000,308.000
6.504600000,47.694950000,308.000
6.504700000,47.695080000,308.000
6.504800000,47.695220000,308.000
6.504880000,47.695310000,308.000
6.504940000,47.695380000,308.000
6.504960000,47.695440000,308.000
6.504960000,47.695440000,308.000
6.504990000,47.695440000,308.000
6.505020000,47.695450000,308.000
6.505050000,47.695460000,308.000
6.505070000,47.695470000,308.000
6.505100000,47.695480000,308.000
6.505130000,47.695490000,308.000
6.505150000,47.695500000,308.000
6.505170000,47.695520000,308.000
6.505180000,47.695520000,308.000
6.505190000,47.695530000,308.000
6.505210000,47.695540000,308.000
6.505210000,47.695550000,308.000
6.505220000,47.695570000,308.000
6.505230000,47.695580000,308.000
6.505240000,47.695590000,308.000
6.505240000,47.695600000,308.000
6.505250000,47.695620000,308.000
6.505260000,47.695630000,308.000
6.505260000,47.695650000,308.000
6.505260000,47.695670000,308.000
6.505260000,47.695690000,308.000
6.505250000,47.695710000,308.000
6.505250000,47.695720000,308.000
6.505240000,47.695740000,308.000
6.505400000,47.695870000,308.000
6.505560000,47.695970000,308.000
6.505670000,47.696030000,308.000
6.505800000,47.696130000,308.000
6.505830000,47.696150000,308.000
6.505950000,47.696210000,308.000
6.506180000,47.696330000,308.000
6.506220000,47.696350000,309.000
6.506630000,47.696560000,310.000
6.506800000,47.696630000,311.000
6.507060000,47.696740000,312.000
6.507170000,47.696770000,313.000
6.507190000,47.696770000,313.000
6.507210000,47.696770000,314.000
6.507220000,47.696770000,314.000
6.507230000,47.696760000,314.000
6.507250000,47.696760000,314.000
6.507260000,47.696770000,314.000
6.507280000,47.696770000,315.000
6.507290000,47.696770000,315.000
6.507300000,47.696770000,315.000
6.507320000,47.696770000,315.000
6.507330000,47.696780000,315.000
6.507340000,47.696780000,315.000
6.507360000,47.696790000,315.000
6.507370000,47.696790000,315.000
6.507380000,47.696800000,315.000
6.507390000,47.696800000,315.000
6.507400000,47.696810000,315.000
6.507410000,47.696820000,315.000
6.507420000,47.696830000,315.000
6.507430000,47.696830000,315.000
6.507430000,47.696840000,316.000
6.507440000,47.696850000,316.000
6.507440000,47.696860000,316.000
6.507450000,47.696860000,316.000
6.507450000,47.696870000,316.000
6.507450000,47.696880000,316.000
6.507450000,47.696890000,316.000
6.507450000,47.696900000,316.000
6.507450000,47.696910000,316.000
6.507450000,47.696920000,316.000
6.507440000,47.696930000,316.000
6.508070000,47.697260000,317.000
6.508150000,47.697330000,318.000
6.508370000,47.697430000,319.000
6.508590000,47.697530000,320.000
6.508810000,47.697640000,322.000
6.508960000,47.697710000,323.000
6.509020000,47.697740000,323.000
6.509240000,47.697850000,324.000
6.509680000,47.698060000,326.000
6.509720000,47.698080000,327.000
6.510110000,47.698260000,328.000
6.510160000,47.698280000,329.000
6.510320000,47.698370000,330.000
6.510430000,47.698430000,331.000
6.510530000,47.698490000,331.000
6.510650000,47.698560000,332.000
6.510730000,47.698610000,332.000
6.510900000,47.698710000,332.000
6.511120000,47.698840000,332.000
6.511130000,47.698850000,331.000
6.511310000,47.698980000,331.000
6.511400000,47.699040000,331.000
6.511610000,47.699190000,331.000
6.511680000,47.699240000,331.000
6.511800000,47.699330000,331.000
6.511850000,47.699370000,330.000
6.512020000,47.699510000,330.000
6.512210000,47.699660000,330.000
6.512310000,47.699740000,330.000
6.512380000,47.699800000,330.000
6.512440000,47.699850000,331.000
6.512580000,47.699980000,331.000
6.512640000,47.700020000,332.000
6.512880000,47.700260000,333.000
6.513010000,47.700390000,334.000
6.513390000,47.700750000,336.000
6.513390000,47.700750000,338.000
6.513580000,47.700920000,339.000
6.513730000,47.701070000,341.000
6.514040000,47.701360000,343.000
6.514130000,47.701440000,344.000
6.514360000,47.701650000,345.000
6.514840000,47.702080000,345.000
6.515010000,47.702280000,345.000
6.515070000,47.702330000,345.000
6.515480000,47.702720000,344.000
6.515630000,47.702860000,344.000
6.515790000,47.703010000,344.000
6.515850000,47.703070000,344.000
6.516400000,47.703600000,343.000
6.516560000,47.703750000,343.000
6.516710000,47.703890000,343.000
6.516870000,47.704040000,342.000
6.516910000,47.704080000,342.000
6.517020000,47.704190000,342.000
6.517170000,47.704330000,342.000
6.517640000,47.704770000,342.000
6.517730000,47.704860000,341.000
6.517790000,47.704920000,341.000
6.518400000,47.705510000,341.000
6.518500000,47.705600000,340.000
6.518560000,47.705660000,340.000
6.518710000,47.705800000,340.000
6.518870000,47.705950000,340.000
6.518890000,47.705960000,340.000
6.519020000,47.706100000,340.000
6.519050000,47.706140000,340.000
6.519190000,47.706270000,340.000
6.519280000,47.706350000,340.000
6.519310000,47.706380000,340.000
6.519560000,47.706610000,340.000
6.519760000,47.706820000,340.000
6.519790000,47.706840000,340.000
6.519900000,47.706950000,340.000
6.520020000,47.707090000,340.000
6.520100000,47.707190000,340.000
6.520140000,47.707240000,340.000
6.520170000,47.707280000,340.000
6.520180000,47.707300000,340.000
6.520260000,47.707400000,340.000
6.520310000,47.707480000,340.000
6.520420000,47.707630000,339.000
6.520600000,47.707940000,337.000
6.520710000,47.708150000,336.000
6.520770000,47.708280000,334.000
6.520930000,47.708620000,332.000
6.520990000,47.708740000,330.000
6.521010000,47.708790000,329.000
6.521040000,47.708840000,328.000
6.521330000,47.709430000,326.000
6.521350000,47.709480000,324.000
6.521670000,47.710100000,322.000
6.521680000,47.710120000,321.000
6.521700000,47.710160000,320.000
6.521720000,47.710200000,320.000
6.521760000,47.710270000,319.000
6.521850000,47.710440000,319.000
6.522050000,47.710850000,318.000
6.522180000,47.711130000,318.000
6.522420000,47.711610000,317.000
6.522500000,47.711780000,317.000
6.522670000,47.712120000,316.000
6.522760000,47.712290000,316.000
6.522850000,47.712460000,316.000
6.522910000,47.712590000,316.000
6.522930000,47.712630000,316.000
6.523010000,47.712800000,316.000
6.523080000,47.712930000,316.000
6.523100000,47.712980000,316.000
6.523160000,47.713120000,316.000
6.523230000,47.713300000,316.000
6.523260000,47.713380000,316.000
6.523290000,47.713500000,316.000
6.523320000,47.713660000,317.000
6.523380000,47.713930000,317.000
6.523420000,47.714220000,317.000
6.523430000,47.714330000,317.000
6.523470000,47.714590000,318.000
6.523490000,47.714680000,318.000
6.523520000,47.714760000,318.000
6.523590000,47.714970000,319.000
6.523650000,47.715090000,319.000
6.523710000,47.715220000,319.000
6.523780000,47.715320000,319.000
6.523930000,47.715550000,319.000
6.523990000,47.715630000,319.000
6.524010000,47.715660000,319.000
6.524250000,47.715990000,318.000
6.524280000,47.716030000,318.000
6.524470000,47.716290000,318.000
6.524480000,47.716310000,317.000
6.524670000,47.716590000,317.000
6.524850000,47.716850000,316.000
6.524920000,47.716960000,316.000
6.524970000,47.717040000,316.000
6.525110000,47.717240000,315.000
6.525290000,47.717510000,314.000
6.525370000,47.717620000,314.000
6.525440000,47.717730000,313.000
6.525440000,47.717740000,313.000
6.525570000,47.717930000,313.000
6.525580000,47.717950000,312.000
6.525660000,47.718060000,312.000
6.525660000,47.718070000,312.000
6.525820000,47.718300000,311.000
6.525990000,47.718550000,311.000
6.526000000,47.718560000,310.000
6.526030000,47.718610000,310.000
6.526090000,47.718700000,310.000
6.526290000,47.718980000,310.000
6.526560000,47.719360000,310.000
6.526600000,47.719410000,310.000
6.527130000,47.720170000,311.000
6.527180000,47.720240000,311.000
6.527310000,47.720430000,311.000
6.527360000,47.720500000,311.000
6.527420000,47.720560000,311.000
6.527520000,47.720640000,311.000
6.527530000,47.720650000,311.000
6.527690000,47.720760000,311.000
6.527800000,47.720820000,311.000
6.528010000,47.720940000,311.000
6.528120000,47.720990000,311.000
6.528190000,47.721030000,311.000
6.528350000,47.721090000,311.000
6.528580000,47.721140000,311.000
6.528950000,47.721220000,311.000
6.528990000,47.721230000,311.000
6.529300000,47.721290000,311.000
6.529480000,47.721320000,311.000
6.529590000,47.721340000,311.000
6.529770000,47.721350000,311.000
6.529980000,47.721360000,311.000
6.530070000,47.721370000,312.000
6.530110000,47.721380000,312.000
6.530140000,47.721390000,312.000
6.530200000,47.721420000,312.000
6.530320000,47.721500000,312.000
6.530480000,47.721640000,313.000
6.530850000,47.721960000,313.000
6.530950000,47.722040000,314.000
6.531010000,47.722090000,314.000
6.531080000,47.722130000,315.000
6.531150000,47.722160000,315.000
6.531340000,47.722230000,315.000
6.531580000,47.722310000,316.000
6.531810000,47.722380000,316.000
6.532000000,47.722440000,316.000
6.532110000,47.722500000,316.000
6.532170000,47.722540000,316.000
6.532260000,47.722610000,316.000
6.532420000,47.722740000,316.000
6.532850000,47.723090000,316.000
6.533130000,47.723310000,316.000
6.533500000,47.723590000,316.000
6.533560000,47.723640000,316.000
6.533970000,47.723960000,317.000
6.534370000,47.724270000,317.000
6.534470000,47.724350000,317.000
6.534600000,47.724450000,317.000
6.535000000,47.724760000,317.000
6.535660000,47.725280000,317.000
6.536040000,47.725570000,317.000
6.536600000,47.726010000,318.000
6.536850000,47.726210000,318.000
6.536960000,47.726290000,318.000
6.537090000,47.726350000,319.000
6.537320000,47.726460000,319.000
6.537330000,47.726460000,319.000
6.537330000,47.726450000,319.000
6.537340000,47.726450000,319.000
6.537350000,47.726450000,319.000
6.537360000,47.726450000,319.000
6.537370000,47.726450000,319.000
6.537380000,47.726450000,319.000
6.537390000,47.726450000,319.000
6.537400000,47.726450000,319.000
6.537400000,47.726460000,319.000
6.537410000,47.726460000,319.000
6.537420000,47.726460000,319.000
6.537430000,47.726460000,319.000
6.537440000,47.726460000,319.000
6.537440000,47.726470000,319.000
6.537450000,47.726470000,319.000
6.537460000,47.726480000,319.000
6.537470000,47.726490000,319.000
6.537480000,47.726490000,319.000
6.537480000,47.726500000,319.000
6.537480000,47.726510000,319.000
6.537490000,47.726510000,319.000
6.537490000,47.726520000,319.000
6.537490000,47.726530000,320.000
6.537490000,47.726540000,320.000
6.537490000,47.726550000,320.000
6.537490000,47.726560000,320.000
6.537480000,47.726570000,320.000
6.537480000,47.726580000,320.000
6.537540000,47.726640000,320.000
6.537630000,47.726770000,320.000
6.537650000,47.726800000,320.000
6.537670000,47.726830000,320.000
6.538320000,47.727350000,320.000
6.538700000,47.727660000,320.000
6.539380000,47.728190000,320.000
6.540490000,47.729060000,321.000
6.541110000,47.729540000,321.000
6.541410000,47.729770000,322.000
6.541710000,47.730000000,322.000
6.541890000,47.730140000,322.000
6.542080000,47.730300000,323.000
6.542290000,47.730460000,323.000
6.542690000,47.730770000,323.000
6.542930000,47.730950000,324.000
6.543170000,47.731140000,324.000
6.543280000,47.731200000,324.000
6.543460000,47.731340000,324.000
6.543740000,47.731560000,324.000
6.543930000,47.731700000,324.000
6.544560000,47.732200000,324.000
6.544720000,47.732320000,324.000
6.544960000,47.732510000,324.000
6.545090000,47.732630000,325.000
6.545150000,47.732700000,325.000
6.545240000,47.732770000,325.000
6.545330000,47.732840000,325.000
6.545830000,47.733220000,326.000
6.545960000,47.733330000,327.000
6.546130000,47.733460000,328.000
6.546420000,47.733700000,329.000
6.546720000,47.733950000,330.000
6.546800000,47.734020000,330.000
6.547180000,47.734340000,331.000
6.547450000,47.734600000,331.000
6.547700000,47.734830000,332.000
6.549790000,47.736770000,333.000
6.550100000,47.737080000,334.000
6.550220000,47.737190000,334.000
6.551310000,47.738230000,336.000
6.551370000,47.738280000,338.000
6.551700000,47.738610000,338.000
6.551820000,47.738730000,338.000
6.551970000,47.738870000,338.000
6.552050000,47.738950000,338.000
6.552120000,47.739020000,338.000
6.552270000,47.739170000,338.000
6.552410000,47.739320000,337.000
6.552560000,47.739470000,337.000
6.552710000,47.739620000,337.000
6.552860000,47.739770000,336.000
6.553000000,47.739920000,336.000
6.553300000,47.740220000,335.000
6.553700000,47.740630000,334.000
6.553740000,47.740670000,334.000
6.554500000,47.741440000,333.000
6.554950000,47.741890000,332.000
6.555090000,47.742040000,331.000
6.555700000,47.742660000,330.000
6.556260000,47.743250000,329.000
6.556360000,47.743350000,328.000
6.556940000,47.743960000,327.000
6.557430000,47.744470000,326.000
6.557720000,47.744770000,326.000
6.558180000,47.745240000,325.000
6.558310000,47.745380000,325.000
6.558400000,47.745420000,324.000
6.558450000,47.745450000,324.000
6.558520000,47.745510000,324.000
6.558600000,47.745550000,324.000
6.558620000,47.745550000,324.000
6.558630000,47.745550000,324.000
6.558650000,47.745550000,324.000
6.558660000,47.745550000,324.000
6.558670000,47.745560000,324.000
6.558690000,47.745560000,324.000
6.558700000,47.745560000,324.000
6.558710000,47.745560000,324.000
6.558730000,47.745570000,324.000
6.558740000,47.745570000,324.000
6.558750000,47.745580000,324.000
6.558760000,47.745580000,324.000
6.558770000,47.745590000,324.000
6.558780000,47.745600000,324.000
6.558790000,47.745610000,324.000
6.558800000,47.745610000,324.000
6.558810000,47.745620000,324.000
6.558820000,47.745630000,324.000
6.558820000,47.745640000,324.000
6.558830000,47.745650000,324.000
6.558830000,47.745660000,323.000
6.558840000,47.745670000,323.000
6.558840000,47.745680000,323.000
6.558840000,47.745690000,323.000
6.558840000,47.745710000,323.000
6.558840000,47.745720000,323.000
6.558840000,47.745730000,323.000
6.558840000,47.745740000,323.000
6.558830000,47.745750000,323.000
6.558820000,47.745760000,323.000
6.558810000,47.745770000,323.000
6.558810000,47.745780000,323.000
6.558790000,47.745790000,323.000
6.558860000,47.745870000,323.000
6.558950000,47.745990000,323.000
6.558960000,47.746010000,323.000
6.558960000,47.746050000,323.000
6.559530000,47.746660000,323.000
6.559900000,47.747050000,323.000
6.559970000,47.747090000,323.000
6.560150000,47.747290000,323.000
6.560200000,47.747360000,323.000
6.560260000,47.747410000,324.000
6.560310000,47.747450000,324.000
6.560780000,47.747930000,324.000
6.561300000,47.748430000,324.000
6.561420000,47.748550000,325.000
6.561480000,47.748600000,325.000
6.561650000,47.748720000,325.000
6.561720000,47.748770000,325.000
6.561820000,47.748820000,325.000
6.561940000,47.748880000,325.000
6.562070000,47.748940000,325.000
6.562180000,47.748980000,325.000
6.562300000,47.749020000,325.000
6.562430000,47.749070000,325.000
6.562550000,47.749110000,325.000
6.562650000,47.749140000,325.000
6.562700000,47.749170000,325.000
6.563020000,47.749260000,325.000
6.563430000,47.749370000,325.000
6.563640000,47.749420000,325.000
6.563730000,47.749450000,325.000
6.564100000,47.749540000,325.000
6.564830000,47.749740000,325.000
6.564970000,47.749770000,325.000
6.565510000,47.749910000,325.000
6.566610000,47.750200000,325.000
6.567590000,47.750460000,326.000
6.568710000,47.750750000,326.000
6.569830000,47.751050000,326.000
6.570080000,47.751110000,326.000
6.570520000,47.751230000,326.000
6.570830000,47.751310000,327.000
6.572120000,47.751660000,327.000
6.572470000,47.751760000,327.000
6.573330000,47.751980000,327.000
6.573490000,47.752020000,328.000
6.574030000,47.752160000,328.000
6.574210000,47.752210000,328.000
6.574360000,47.752250000,329.000
6.574710000,47.752340000,329.000
6.574780000,47.752360000,329.000
6.575020000,47.752420000,329.000
6.575110000,47.752450000,329.000
6.575560000,47.752560000,329.000
6.575850000,47.752640000,330.000
6.576130000,47.752710000,330.000
6.576380000,47.752780000,330.000
6.576730000,47.752870000,330.000
6.576990000,47.752940000,331.000
6.577260000,47.753020000,331.000
6.577510000,47.753090000,331.000
6.577710000,47.753140000,331.000
6.578390000,47.753310000,331.000
6.578700000,47.753390000,331.000
6.578890000,47.753430000,331.000
6.579010000,47.753460000,331.000
6.579300000,47.753530000,330.000
6.579390000,47.753550000,330.000
6.579480000,47.753570000,330.000
6.579870000,47.753660000,330.000
6.580060000,47.753700000,330.000
6.580160000,47.753720000,330.000
6.580440000,47.753750000,330.000
6.580600000,47.753760000,330.000
6.580790000,47.753780000,330.000
6.580920000,47.753790000,330.000
6.581020000,47.753800000,330.000
6.581190000,47.753820000,330.000
6.581300000,47.753830000,330.000
6.581450000,47.753860000,330.000
6.581570000,47.753940000,330.000
6.581780000,47.754110000,330.000
6.582060000,47.754300000,330.000
6.582110000,47.754330000,330.000
6.582150000,47.754340000,330.000
6.582210000,47.754350000,330.000
6.582380000,47.754360000,330.000
6.582450000,47.754370000,330.000
6.582720000,47.754390000,330.000
6.583210000,47.754410000,330.000
6.583570000,47.754430000,330.000
6.583650000,47.754440000,330.000
6.583740000,47.754440000,329.000
6.583820000,47.754450000,329.000
6.584610000,47.754500000,329.000
6.584700000,47.754510000,329.000
6.585240000,47.754540000,328.000
6.586170000,47.754620000,328.000
6.586790000,47.754660000,328.000
6.587220000,47.754710000,329.000
6.587950000,47.754790000,329.000
6.587950000,47.754790000,329.000
6.587970000,47.754790000,329.000
6.588660000,47.754880000,329.000
6.588910000,47.754910000,330.000
6.588920000,47.754910000,330.000
6.589190000,47.754930000,330.000
6.589220000,47.754930000,330.000
6.589460000,47.754920000,330.000
6.589820000,47.754920000,330.000
6.589990000,47.754910000,330.000
6.590290000,47.754900000,330.000
6.590650000,47.754890000,330.000
6.590820000,47.754890000,330.000
6.591110000,47.754900000,330.000
6.591250000,47.754910000,330.000
6.591890000,47.754930000,330.000
6.592490000,47.754950000,330.000
6.593650000,47.754990000,330.000
6.593710000,47.754990000,330.000
6.593940000,47.755000000,330.000
6.594700000,47.755030000,330.000
6.595260000,47.755080000,330.000
6.595480000,47.755120000,330.000
6.595530000,47.755130000,330.000
6.595560000,47.755140000,330.000
6.597200000,47.755620000,330.000
6.597750000,47.755780000,331.000
6.598310000,47.755940000,331.000
6.599260000,47.756210000,332.000
6.599550000,47.756290000,333.000
6.599810000,47.756350000,334.000
6.599870000,47.756360000,335.000
6.600080000,47.756390000,335.000
6.600310000,47.756410000,335.000
6.600690000,47.756400000,336.000
6.600990000,47.756400000,336.000
6.601060000,47.756400000,336.000
6.601120000,47.756400000,337.000
6.601380000,47.756400000,337.000
6.601500000,47.756410000,337.000
6.601620000,47.756440000,337.000
6.601740000,47.756460000,337.000
6.602150000,47.756580000,338.000
6.603380000,47.757020000,338.000
6.604180000,47.757370000,339.000
6.604520000,47.757550000,339.000
6.604580000,47.757590000,339.000
6.605230000,47.757940000,339.000
6.605650000,47.758160000,339.000
6.606040000,47.758390000,339.000
6.606410000,47.758620000,340.000
6.606720000,47.758870000,340.000
6.606980000,47.759130000,340.000
6.607100000,47.759250000,340.000
6.607220000,47.759400000,340.000
6.607620000,47.759850000,340.000
6.607730000,47.759980000,340.000
6.607760000,47.760020000,340.000
6.608120000,47.760440000,340.000
6.608230000,47.760600000,340.000
6.608240000,47.760610000,340.000
6.608310000,47.760710000,340.000
6.608410000,47.760830000,340.000
6.608560000,47.761140000,340.000
6.608640000,47.761360000,340.000
6.608780000,47.761760000,340.000
6.608800000,47.761860000,340.000
6.608800000,47.761950000,340.000
6.608760000,47.762130000,340.000
6.608660000,47.762340000,340.000
6.608650000,47.762340000,340.000
6.608220000,47.762910000,341.000
6.608020000,47.763170000,342.000
6.608000000,47.763190000,342.000
6.607510000,47.763730000,343.000
6.607480000,47.763790000,343.000
6.607470000,47.763870000,344.000
6.607500000,47.764360000,343.000
6.607490000,47.764490000,343.000
6.607480000,47.764610000,343.000
6.607450000,47.764730000,342.000
6.607420000,47.764840000,342.000
6.607370000,47.764950000,342.000
6.607300000,47.765080000,341.000
6.607270000,47.765190000,341.000
6.607260000,47.765270000,341.000
6.607280000,47.765320000,341.000
6.607290000,47.765370000,340.000
6.607300000,47.765370000,340.000
6.607320000,47.765420000,340.000
6.607370000,47.765460000,340.000
6.607430000,47.765510000,340.000
6.607500000,47.765580000,340.000
6.607510000,47.765580000,340.000
6.607600000,47.765660000,340.000
6.607740000,47.765790000,339.000
6.607950000,47.765970000,339.000
6.608080000,47.766100000,339.000
6.608410000,47.766410000,339.000
6.608640000,47.766660000,339.000
6.608860000,47.766910000,339.000
6.608900000,47.766950000,339.000
6.608990000,47.767050000,339.000
6.609290000,47.767400000,339.000
6.609560000,47.767720000,339.000
6.609840000,47.768070000,339.000
6.609860000,47.768100000,339.000
6.609920000,47.768170000,339.000
6.609990000,47.768230000,339.000
6.610120000,47.768330000,339.000
6.610260000,47.768440000,339.000
6.610500000,47.768610000,339.000
6.610530000,47.768630000,339.000
6.610900000,47.768890000,339.000
6.611050000,47.768980000,339.000
6.611320000,47.769160000,339.000
6.611500000,47.769250000,340.000
6.611620000,47.769300000,340.000
6.611690000,47.769340000,340.000
6.611830000,47.769410000,341.000
6.612160000,47.769560000,341.000
6.612740000,47.769820000,341.000
6.613370000,47.770090000,342.000
6.613540000,47.770160000,342.000
6.613810000,47.770280000,342.000
6.613820000,47.770280000,342.000
6.614040000,47.770390000,342.000
6.614160000,47.770460000,342.000
6.614430000,47.770600000,341.000
6.614580000,47.770680000,341.000
6.615150000,47.771020000,341.000
6.615370000,47.771150000,341.000
6.615690000,47.771340000,341.000
6.615910000,47.771470000,341.000
6.616100000,47.771590000,341.000
6.616730000,47.771970000,341.000
6.617350000,47.772350000,341.000
6.617630000,47.772510000,341.000
6.618230000,47.772870000,342.000
6.618870000,47.773250000,343.000
6.619070000,47.773370000,343.000
6.619300000,47.773520000,344.000
6.619520000,47.773670000,344.000
6.619690000,47.773800000,345.000
6.619820000,47.773900000,345.000
6.619940000,47.774010000,346.000
6.620160000,47.774210000,346.000
6.620290000,47.774340000,347.000
6.620650000,47.774680000,347.000
6.621730000,47.775710000,349.000
6.621890000,47.775860000,350.000
6.622200000,47.776160000,351.000
6.622500000,47.776450000,352.000
6.622650000,47.776600000,352.000
6.622700000,47.776640000,353.000
6.622810000,47.776750000,353.000
6.623170000,47.777090000,354.000
6.623450000,47.777350000,354.000
6.623590000,47.777480000,355.000
6.623810000,47.777690000,355.000
6.623890000,47.777770000,355.000
6.623950000,47.777840000,355.000
6.624050000,47.777970000,355.000
6.624140000,47.778140000,355.000
6.624180000,47.778270000,355.000
6.624240000,47.778450000,355.000
6.624300000,47.778750000,355.000
6.624300000,47.778800000,355.000
6.624310000,47.778980000,355.000
6.624320000,47.779280000,355.000
6.624330000,47.779360000,355.000
6.624330000,47.779380000,354.000
6.624330000,47.779560000,354.000
6.624340000,47.779770000,354.000
6.624360000,47.780010000,353.000
6.624370000,47.780060000,353.000
6.624390000,47.780210000,352.000
6.624450000,47.780380000,352.000
6.624500000,47.780510000,351.000
6.624530000,47.780560000,351.000
6.624560000,47.780620000,350.000
6.624660000,47.780780000,350.000
6.624770000,47.780940000,349.000
6.625290000,47.781690000,348.000
6.625370000,47.781810000,347.000
6.625600000,47.782140000,347.000
6.625730000,47.782330000,348.000
6.625910000,47.782590000,348.000
6.626040000,47.782780000,349.000
6.626150000,47.782890000,349.000
6.626160000,47.782910000,350.000
6.626210000,47.782950000,350.000
6.626260000,47.782990000,350.000
6.626330000,47.783040000,351.000
6.626430000,47.783100000,351.000
6.626540000,47.783150000,351.000
6.626640000,47.783200000,351.000
6.626800000,47.783260000,352.000
6.626830000,47.783270000,352.000
6.626960000,47.783310000,352.000
6.627080000,47.783340000,352.000
6.627130000,47.783360000,352.000
6.627320000,47.783420000,352.000
6.627370000,47.783430000,352.000
6.627560000,47.783500000,352.000
6.627570000,47.783500000,352.000
6.627720000,47.783560000,352.000
6.627930000,47.783680000,352.000
6.628020000,47.783740000,352.000
6.628150000,47.783840000,352.000
6.628240000,47.783920000,352.000
6.628300000,47.784000000,352.000
6.628350000,47.784070000,352.000
6.628400000,47.784130000,352.000
6.628460000,47.784190000,352.000
6.628520000,47.784250000,352.000
6.628580000,47.784300000,352.000
6.628650000,47.784360000,352.000
6.628740000,47.784410000,352.000
6.628810000,47.784450000,352.000
6.628900000,47.784490000,352.000
6.628980000,47.784520000,352.000
6.629100000,47.784560000,352.000
6.629190000,47.784580000,352.000
6.629280000,47.784590000,352.000
6.629340000,47.784600000,352.000
6.629750000,47.784680000,352.000
6.629900000,47.784710000,352.000
6.630710000,47.784870000,352.000
6.630750000,47.784870000,352.000
6.630920000,47.784910000,352.000
6.631140000,47.784940000,352.000
6.631250000,47.784960000,352.000
6.631330000,47.784980000,352.000
6.631410000,47.785000000,352.000
6.631570000,47.785060000,351.000
6.631610000,47.785070000,351.000
6.631770000,47.785140000,351.000
6.631900000,47.785200000,351.000
6.632190000,47.785330000,351.000
6.632480000,47.785470000,351.000
6.632510000,47.785490000,351.000
6.632670000,47.785590000,351.000
6.632790000,47.785690000,351.000
6.632890000,47.785790000,351.000
6.632940000,47.785850000,351.000
6.632990000,47.785910000,351.000
6.633080000,47.786060000,351.000
6.633240000,47.786340000,351.000
6.633320000,47.786480000,351.000
6.633370000,47.786560000,351.000
6.633390000,47.786590000,351.000
6.633510000,47.786760000,351.000
6.633580000,47.786840000,351.000
6.633640000,47.786890000,351.000
6.633690000,47.786920000,351.000
6.633740000,47.786950000,351.000
6.633780000,47.786970000,351.000
6.633840000,47.786990000,351.000
6.633900000,47.787020000,351.000
6.633980000,47.787040000,351.000
6.634060000,47.787060000,351.000
6.634170000,47.787080000,351.000
6.634290000,47.787100000,351.000
6.634430000,47.787130000,351.000
6.634530000,47.787150000,351.000
6.634650000,47.787180000,351.000
6.634790000,47.787200000,351.000
6.635270000,47.787280000,351.000
6.635410000,47.787310000,351.000
6.635750000,47.787370000,352.000
6.636090000,47.787450000,352.000
6.636270000,47.787520000,352.000
6.636310000,47.787540000,352.000
6.636350000,47.787550000,353.000
6.636390000,47.787580000,353.000
6.636440000,47.787600000,353.000
6.636700000,47.787760000,353.000
6.636710000,47.787760000,353.000
6.637010000,47.787980000,354.000
6.637140000,47.788080000,354.000
6.637220000,47.788150000,354.000
6.637250000,47.788190000,354.000
6.637340000,47.788260000,355.000
6.637520000,47.788430000,355.000
6.637850000,47.788710000,355.000
6.637890000,47.788750000,356.000
6.638070000,47.788900000,356.000
6.638620000,47.789270000,357.000
6.638670000,47.789310000,358.000
6.638840000,47.789420000,358.000
6.639020000,47.789530000,359.000
6.639130000,47.789600000,359.000
6.639250000,47.789670000,359.000
6.639400000,47.789750000,360.000
6.639480000,47.789790000,360.000
6.639560000,47.789830000,360.000
6.639590000,47.789840000,361.000
6.639720000,47.789900000,361.000
6.639920000,47.789970000,361.000
6.640090000,47.790030000,361.000
6.640300000,47.790090000,362.000
6.640560000,47.790150000,362.000
6.640780000,47.790210000,363.000
6.640820000,47.790220000,363.000
6.641200000,47.790380000,363.000
6.641470000,47.790510000,364.000
6.641730000,47.790630000,364.000
6.641920000,47.790720000,365.000
6.641940000,47.790730000,365.000
6.642130000,47.790820000,366.000
6.642400000,47.790950000,366.000
6.642810000,47.791150000,367.000
6.643000000,47.791250000,367.000
6.643060000,47.791280000,368.000
6.643290000,47.791400000,368.000
6.643560000,47.791550000,369.000
6.644070000,47.791860000,370.000
6.644260000,47.791970000,370.000
6.644420000,47.792090000,370.000
6.644570000,47.792200000,370.000
6.644700000,47.792300000,370.000
6.644790000,47.792390000,370.000
6.644870000,47.792470000,370.000
6.644950000,47.792550000,370.000
6.645080000,47.792670000,370.000
6.645330000,47.792910000,369.000
6.645540000,47.793110000,369.000
6.645700000,47.793280000,368.000
6.645890000,47.793470000,368.000
6.646330000,47.794050000,367.000
6.646630000,47.794480000,366.000
6.646640000,47.794480000,365.000
6.646740000,47.794640000,365.000
6.646880000,47.794860000,364.000
6.647010000,47.795090000,364.000
6.647140000,47.795320000,363.000
6.647230000,47.795480000,363.000
6.647290000,47.795570000,363.000
6.647340000,47.795640000,363.000
6.647390000,47.795720000,362.000
6.647470000,47.795810000,362.000
6.647530000,47.795870000,362.000
6.647610000,47.795940000,362.000
6.647680000,47.796000000,362.000
6.647760000,47.796060000,362.000
6.647840000,47.796120000,362.000
6.647910000,47.796160000,362.000
6.648010000,47.796220000,362.000
6.648180000,47.796320000,362.000
6.648360000,47.796410000,362.000
6.648540000,47.796480000,362.000
6.648720000,47.796550000,362.000
6.648850000,47.796590000,362.000
6.648850000,47.796590000,362.000
6.648770000,47.796670000,362.000
6.648770000,47.796670000,362.000
6.648890000,47.796720000,362.000
6.648980000,47.796750000,362.000
6.649090000,47.796790000,362.000
6.649210000,47.796820000,362.000
6.649350000,47.796850000,362.000
6.649390000,47.796860000,362.000
6.649600000,47.796890000,362.000
6.649650000,47.796900000,362.000
6.649900000,47.796950000,362.000
6.650010000,47.796970000,362.000
6.650010000,47.796970000,362.000
6.649900000,47.796950000,362.000
6.649650000,47.796900000,362.000
6.649600000,47.796890000,362.000
6.649390000,47.796860000,362.000
6.649350000,47.796850000,362.000
6.649210000,47.796820000,362.000
6.649090000,47.796790000,362.000
6.648980000,47.796750000,362.000
6.648890000,47.796720000,363.000
6.648770000,47.796670000,363.000
6.648770000,47.796670000,363.000
6.648850000,47.796590000,363.000
6.648850000,47.796590000,363.000
6.649010000,47.796630000,364.000
6.649120000,47.796650000,364.000
6.649250000,47.796670000,364.000
6.649340000,47.796680000,365.000
6.649500000,47.796690000,365.000
6.649550000,47.796690000,365.000
6.649680000,47.796700000,366.000
6.649860000,47.796690000,366.000
6.650080000,47.796670000,367.000
6.650250000,47.796640000,367.000
6.650350000,47.796630000,368.000
6.650440000,47.796610000,368.000
6.650610000,47.796580000,369.000
6.650760000,47.796560000,369.000
6.651040000,47.796500000,370.000
6.651210000,47.796470000,370.000
6.651270000,47.796460000,371.000
6.651350000,47.796460000,371.000
6.651380000,47.796450000,372.000
6.651430000,47.796450000,372.000
6.651520000,47.796450000,372.000
6.651610000,47.796450000,372.000
6.651680000,47.796450000,373.000
6.651770000,47.796450000,373.000
6.651850000,47.796450000,373.000
6.651950000,47.796460000,374.000
6.652050000,47.796470000,374.000
6.652140000,47.796490000,375.000
6.652260000,47.796510000,375.000
6.652350000,47.796530000,375.000
6.652430000,47.796550000,376.000
6.652510000,47.796580000,376.000
6.652720000,47.796670000,377.000
6.652840000,47.796720000,377.000
6.652940000,47.796760000,378.000
6.653040000,47.796800000,378.000
6.653120000,47.796830000,379.000
6.653330000,47.796890000,380.000
6.653510000,47.796920000,380.000
6.653730000,47.796950000,381.000
6.653930000,47.796970000,382.000
6.654130000,47.796990000,383.000
6.654700000,47.797020000,384.000
6.655230000,47.797070000,385.000
6.655340000,47.797080000,387.000
6.655410000,47.797090000,388.000
6.655560000,47.797110000,388.000
6.655600000,47.797120000,389.000
6.655680000,47.797140000,390.000
6.655850000,47.797180000,390.000
6.656030000,47.797230000,391.000
6.656090000,47.797260000,391.000
6.656150000,47.797280000,392.000
6.656250000,47.797320000,392.000
6.656320000,47.797350000,393.000
6.656430000,47.797400000,393.000
6.656520000,47.797450000,393.000
6.656720000,47.797610000,392.000
6.656790000,47.797660000,392.000
6.656870000,47.797740000,392.000
6.656930000,47.797790000,391.000
6.657020000,47.797890000,391.000
6.657080000,47.797940000,390.000
6.657280000,47.798240000,390.000
6.657380000,47.798380000,389.000
6.657470000,47.798510000,388.000
6.657550000,47.798600000,387.000
6.657640000,47.798680000,387.000
6.657660000,47.798710000,386.000
6.657740000,47.798770000,386.000
6.657810000,47.798820000,385.000
6.657900000,47.798880000,385.000
6.658000000,47.798940000,385.000
6.658140000,47.799010000,385.000
6.658220000,47.799050000,385.000
6.658320000,47.799090000,384.000
6.658450000,47.799130000,384.000
6.658570000,47.799160000,384.000
6.658660000,47.799190000,384.000
6.658770000,47.799210000,384.000
6.658850000,47.799220000,384.000
6.658920000,47.799230000,384.000
6.659030000,47.799240000,384.000
6.659170000,47.799240000,384.000
6.659300000,47.799240000,384.000
6.659390000,47.799240000,384.000
6.659500000,47.799240000,384.000
6.659550000,47.799240000,384.000
6.659620000,47.799230000,384.000
6.659770000,47.799210000,384.000
6.660100000,47.799170000,384.000
6.660310000,47.799150000,384.000
6.660480000,47.799130000,384.000
6.660800000,47.799100000,384.000
6.660960000,47.799100000,384.000
6.661060000,47.799090000,384.000
6.661140000,47.799100000,385.000
6.661250000,47.799100000,385.000
6.661480000,47.799120000,385.000
6.661710000,47.799150000,385.000
6.662010000,47.799190000,386.000
6.662080000,47.799200000,386.000
6.662460000,47.799260000,387.000
6.662700000,47.799320000,387.000
6.662780000,47.799330000,387.000
6.662830000,47.799350000,388.000
6.662950000,47.799380000,388.000
6.663010000,47.799400000,388.000
6.663030000,47.799410000,388.000
6.663190000,47.799460000,389.000
6.663210000,47.799470000,389.000
6.663320000,47.799500000,389.000
6.663380000,47.799520000,390.000
6.663900000,47.799680000,390.000
6.664000000,47.799710000,391.000
6.664190000,47.799770000,392.000
6.664290000,47.799790000,392.000
6.664410000,47.799820000,393.000
6.664610000,47.799860000,393.000
6.664940000,47.799930000,394.000
6.665360000,47.800020000,395.000
6.665470000,47.800050000,396.000
6.665580000,47.800080000,396.000
6.665680000,47.800110000,397.000
6.665810000,47.800160000,397.000
6.665910000,47.800200000,397.000
6.666080000,47.800280000,397.000
6.666320000,47.800430000,396.000
6.666340000,47.800450000,396.000
6.666580000,47.800630000,396.000
6.666620000,47.800670000,395.000
6.666850000,47.800890000,395.000
6.667000000,47.801040000,395.000
6.667220000,47.801220000,394.000
6.667330000,47.801290000,394.000
6.667500000,47.801390000,393.000
6.667600000,47.801450000,393.000
6.667820000,47.801560000,393.000
6.668100000,47.801690000,393.000
6.668680000,47.801950000,393.000
6.669130000,47.802150000,393.000
6.669240000,47.802190000,393.000
6.669350000,47.802230000,393.000
6.669380000,47.802250000,393.000
6.669580000,47.802320000,393.000
6.669620000,47.802330000,393.000
6.669740000,47.802360000,393.000
6.669870000,47.802400000,393.000
6.670060000,47.802450000,393.000
6.670950000,47.802690000,393.000
6.671110000,47.802740000,393.000
6.671170000,47.802750000,393.000
6.671360000,47.802820000,393.000
6.671630000,47.802910000,393.000
6.671820000,47.802990000,393.000
6.672290000,47.803180000,393.000
6.672380000,47.803210000,394.000
6.673130000,47.803510000,394.000
6.673420000,47.803620000,395.000
6.673660000,47.803730000,396.000
6.673850000,47.803820000,397.000
6.673980000,47.803880000,397.000
6.674050000,47.803920000,398.000
6.674130000,47.803970000,398.000
6.674200000,47.804030000,399.000
6.674270000,47.804100000,399.000
6.674310000,47.804140000,399.000
6.674340000,47.804180000,399.000
6.674380000,47.804220000,400.000
6.674400000,47.804240000,400.000
6.674460000,47.804310000,400.000
6.674600000,47.804440000,400.000
6.674620000,47.804460000,400.000
6.674650000,47.804490000,400.000
6.674680000,47.804510000,401.000
6.674720000,47.804540000,401.000
6.674750000,47.804550000,401.000
6.674790000,47.804580000,401.000
6.674880000,47.804630000,401.000
6.674960000,47.804660000,401.000
6.675130000,47.804730000,401.000
6.675420000,47.804840000,401.000
6.675770000,47.804960000,401.000
6.676070000,47.805070000,401.000
6.676090000,47.805080000,401.000
6.676290000,47.805170000,401.000
6.676510000,47.805270000,401.000
6.676860000,47.805440000,401.000
6.676930000,47.805480000,401.000
6.676980000,47.805510000,401.000
6.677010000,47.805540000,402.000
6.677060000,47.805590000,402.000
6.677120000,47.805640000,402.000
6.677180000,47.805680000,402.000
6.677290000,47.805780000,402.000
6.677430000,47.805910000,402.000
6.677560000,47.806030000,402.000
6.677610000,47.806070000,402.000
6.677650000,47.806100000,403.000
6.677720000,47.806140000,403.000
6.677910000,47.806250000,403.000
6.678070000,47.806330000,403.000
6.678270000,47.806430000,403.000
6.678750000,47.806660000,404.000
6.679000000,47.806770000,404.000
6.679120000,47.806820000,404.000
6.679410000,47.806960000,404.000
6.679640000,47.807070000,405.000
6.679750000,47.807140000,405.000
6.679860000,47.807210000,405.000
6.680000000,47.807330000,405.000
6.680110000,47.807480000,406.000
6.680150000,47.807590000,406.000
6.680190000,47.807680000,406.000
6.680200000,47.807810000,406.000
6.680190000,47.807960000,407.000
6.680150000,47.808150000,407.000
6.680110000,47.808290000,407.000
6.680100000,47.808320000,407.000
6.680100000,47.808350000,407.000
6.680070000,47.808480000,407.000
6.680070000,47.808520000,407.000
6.680080000,47.808590000,408.000
6.680110000,47.808700000,408.000
6.680160000,47.808790000,408.000
6.680220000,47.808870000,408.000
6.680330000,47.808970000,408.000
6.680490000,47.809100000,408.000
6.680720000,47.809290000,408.000
6.680820000,47.809370000,408.000
6.680950000,47.809480000,408.000
6.680990000,47.809520000,408.000
6.681080000,47.809600000,408.000
6.681110000,47.809630000,408.000
6.681150000,47.809690000,408.000
6.681210000,47.809760000,408.000
6.681250000,47.809830000,408.000
6.681280000,47.809910000,408.000
6.681290000,47.810020000,408.000
6.681290000,47.810150000,408.000
6.681290000,47.810190000,408.000
6.681280000,47.810250000,408.000
6.681220000,47.810400000,408.000
6.681160000,47.810530000,407.000
6.681140000,47.810570000,407.000
6.681130000,47.810590000,407.000
6.681120000,47.810600000,407.000
6.681030000,47.810740000,407.000
6.680940000,47.810890000,406.000
6.680880000,47.811030000,406.000
6.680870000,47.811090000,406.000
6.680860000,47.811210000,405.000
6.680850000,47.811590000,405.000
6.680850000,47.811660000,404.000
6.680850000,47.811730000,404.000
6.680850000,47.811920000,404.000
6.680850000,47.812000000,404.000
6.680860000,47.812190000,405.000
6.680860000,47.812250000,405.000
6.680860000,47.812370000,405.000
6.680860000,47.812380000,405.000
6.680890000,47.812520000,406.000
6.680900000,47.812600000,406.000
6.680960000,47.812740000,406.000
6.681040000,47.812870000,406.000
6.681140000,47.812990000,407.000
6.681340000,47.813220000,407.000
6.681620000,47.813520000,408.000
6.681660000,47.813570000,409.000
6.681790000,47.813720000,409.000
6.681920000,47.813900000,409.000
6.682090000,47.814120000,410.000
6.682310000,47.814450000,410.000
6.682530000,47.814750000,410.000
6.682550000,47.814790000,411.000
6.682560000,47.814820000,411.000
6.682600000,47.814920000,411.000
6.682650000,47.815070000,411.000
6.682700000,47.815240000,411.000
6.682770000,47.815450000,411.000
6.682830000,47.815620000,411.000
6.682870000,47.815700000,411.000
6.682890000,47.815750000,411.000
6.682890000,47.815760000,411.000
6.682940000,47.815860000,411.000
6.683010000,47.815940000,411.000
6.683120000,47.816050000,411.000
6.683140000,47.816080000,411.000
6.683350000,47.816200000,411.000
6.683470000,47.816280000,411.000
6.683560000,47.816340000,411.000
6.683610000,47.816380000,411.000
6.683780000,47.816490000,411.000
6.683870000,47.816560000,411.000
6.683930000,47.816630000,411.000
6.684020000,47.816740000,411.000
6.684080000,47.816830000,411.000
6.684160000,47.816970000,411.000
6.684350000,47.817340000,411.000
6.684500000,47.817610000,411.000
6.684530000,47.817670000,411.000
6.684580000,47.817780000,411.000
6.684640000,47.817880000,411.000
6.684670000,47.817950000,411.000
6.684730000,47.818020000,411.000
6.684820000,47.818110000,411.000
6.684920000,47.818200000,411.000
6.685050000,47.818290000,411.000
6.685390000,47.818570000,411.000
6.685410000,47.818590000,411.000
6.685570000,47.818710000,411.000
6.685710000,47.818800000,412.000
6.685870000,47.818930000,412.000
6.686540000,47.819390000,412.000
6.687000000,47.819690000,412.000
6.687180000,47.819810000,413.000
6.687420000,47.819970000,413.000
6.687660000,47.820120000,413.000
6.687750000,47.820180000,413.000
6.687840000,47.820230000,413.000
6.687960000,47.820280000,413.000
6.688100000,47.820330000,413.000
6.688260000,47.820380000,413.000
6.688670000,47.820490000,413.000
6.689210000,47.820620000,413.000
6.689840000,47.820760000,413.000
6.690060000,47.820820000,413.000
6.690330000,47.820880000,412.000
6.691170000,47.821080000,412.000
6.691750000,47.821210000,412.000
6.692090000,47.821290000,411.000
6.692500000,47.821390000,411.000
6.692640000,47.821420000,411.000
6.692840000,47.821470000,411.000
6.692850000,47.821470000,411.000
6.693110000,47.821530000,411.000
6.693860000,47.821710000,411.000
6.694340000,47.821820000,412.000
6.694560000,47.821870000,412.000
6.695130000,47.822000000,413.000
6.695370000,47.822070000,413.000
6.695480000,47.822100000,413.000
6.695620000,47.822140000,414.000
6.695740000,47.822180000,414.000
6.695850000,47.822220000,414.000
6.695950000,47.822260000,414.000
6.696080000,47.822330000,415.000
6.696200000,47.822390000,415.000
6.696940000,47.822800000,415.000
6.697590000,47.823160000,416.000
6.697640000,47.823190000,417.000
6.697690000,47.823220000,417.000
6.697740000,47.823250000,417.000
6.697940000,47.823360000,417.000
6.698560000,47.823700000,418.000
6.698690000,47.823770000,418.000
6.698750000,47.823810000,418.000
6.698890000,47.823890000,418.000
6.698960000,47.823930000,419.000
6.699440000,47.824200000,419.000
6.699690000,47.824350000,419.000
6.699900000,47.824480000,419.000
6.700140000,47.824620000,420.000
6.700360000,47.824760000,421.000
6.700680000,47.825030000,422.000
6.701080000,47.825380000,423.000
6.701180000,47.825450000,424.000
6.701390000,47.825580000,425.000
6.701570000,47.825690000,426.000
6.701900000,47.825840000,426.000
6.702450000,47.826060000,427.000
6.702570000,47.826110000,427.000
6.702750000,47.826170000,427.000
6.702990000,47.826260000,428.000
6.703180000,47.826340000,428.000
6.703350000,47.826410000,428.000
6.703480000,47.826480000,428.000
6.703570000,47.826540000,428.000
6.703680000,47.826620000,428.000
6.703800000,47.826710000,428.000
6.703870000,47.826780000,428.000
6.703970000,47.826880000,429.000
6.704060000,47.826970000,429.000
6.704230000,47.827190000,429.000
6.704500000,47.827560000,430.000
6.704530000,47.827600000,430.000
6.704670000,47.827790000,431.000
6.704850000,47.828020000,431.000
6.704950000,47.828140000,432.000
6.705220000,47.828420000,432.000
6.705470000,47.828660000,433.000
6.705590000,47.828750000,433.000
6.705640000,47.828790000,433.000
6.705680000,47.828820000,433.000
6.705770000,47.828890000,433.000
6.705980000,47.829060000,432.000
6.706250000,47.829290000,432.000
6.706370000,47.829420000,432.000
6.706450000,47.829510000,432.000
6.706630000,47.829770000,431.000
6.706750000,47.829930000,431.000
6.706830000,47.830040000,431.000
6.706890000,47.830110000,431.000
6.706900000,47.830120000,432.000
6.706980000,47.830200000,432.000
6.707040000,47.830240000,432.000
6.707050000,47.830250000,432.000
6.707060000,47.830250000,433.000
6.707110000,47.830290000,433.000
6.707150000,47.830310000,433.000
6.707200000,47.830340000,433.000
6.707250000,47.830370000,434.000
6.707340000,47.830410000,434.000
6.707470000,47.830470000,434.000
6.707680000,47.830560000,435.000
6.707850000,47.830640000,436.000
6.707950000,47.830700000,436.000
6.708100000,47.830780000,437.000
6.708300000,47.830920000,438.000
6.708450000,47.831050000,439.000
6.708540000,47.831140000,440.000
6.708550000,47.831140000,440.000
6.708680000,47.831290000,441.000
6.708740000,47.831350000,442.000
6.708780000,47.831390000,442.000
6.708860000,47.831460000,443.000
6.709010000,47.831600000,443.000
6.709140000,47.831710000,444.000
6.709280000,47.831810000,445.000
6.709460000,47.831920000,446.000
6.709730000,47.832070000,447.000
6.709820000,47.832130000,447.000
6.709890000,47.832190000,448.000
6.709990000,47.832290000,449.000
6.710120000,47.832430000,449.000
6.710190000,47.832510000,450.000
6.710460000,47.832810000,451.000
6.710700000,47.833060000,452.000
6.710900000,47.833280000,453.000
6.711010000,47.833420000,454.000
6.711090000,47.833530000,454.000
6.711160000,47.833650000,455.000
6.711220000,47.833780000,455.000
6.711260000,47.833870000,455.000
6.711350000,47.834010000,456.000
6.711410000,47.834080000,456.000
6.711490000,47.834160000,456.000
6.711610000,47.834250000,456.000
6.711730000,47.834330000,457.000
6.711950000,47.834470000,457.000
6.712090000,47.834580000,458.000
6.712230000,47.834710000,459.000
6.712400000,47.834870000,460.000
6.712530000,47.835020000,462.000
6.712630000,47.835150000,463.000
6.712750000,47.835290000,465.000
6.712940000,47.835480000,466.000
6.713150000,47.835680000,469.000
6.713370000,47.835920000,471.000
6.713430000,47.835990000,473.000
6.713510000,47.836080000,474.000
6.713650000,47.836270000,475.000
6.713660000,47.836280000,476.000
6.713750000,47.836410000,477.000
6.713780000,47.836440000,478.000
6.713880000,47.836580000,478.000
6.714000000,47.836730000,479.000
6.714280000,47.837040000,480.000
6.714440000,47.837210000,481.000
6.714830000,47.837600000,483.000
6.714930000,47.837700000,484.000
6.715030000,47.837790000,484.000
6.715140000,47.837890000,485.000
6.715220000,47.837950000,486.000
6.715300000,47.838000000,486.000
6.715360000,47.838040000,486.000
6.715420000,47.838070000,486.000
6.715660000,47.838180000,487.000
6.715840000,47.838260000,487.000
6.716050000,47.838360000,487.000
6.716220000,47.838460000,488.000
6.716370000,47.838560000,488.000
6.716530000,47.838680000,488.000
6.716670000,47.838800000,489.000
6.716780000,47.838920000,489.000
6.716890000,47.839070000,490.000
6.716960000,47.839200000,490.000
6.717050000,47.839360000,491.000
6.717100000,47.839470000,492.000
6.717160000,47.839580000,493.000
6.717230000,47.839690000,494.000
6.717320000,47.839820000,495.000
6.717430000,47.839950000,497.000
6.717530000,47.840080000,498.000
6.717610000,47.840200000,499.000
6.717670000,47.840290000,500.000
6.717790000,47.840490000,501.000
6.717840000,47.840580000,502.000
6.717960000,47.840800000,503.000
6.718010000,47.840890000,504.000
6.718030000,47.840970000,505.000
6.718070000,47.841160000,506.000
6.718120000,47.841440000,507.000
6.718120000,47.841470000,508.000
6.718160000,47.841740000,509.000
6.718200000,47.841930000,509.000
6.718220000,47.841990000,510.000
6.718250000,47.842070000,511.000
6.718300000,47.842130000,511.000
6.718340000,47.842180000,512.000
6.718400000,47.842240000,512.000
6.718480000,47.842310000,513.000
6.718830000,47.842580000,513.000
6.719190000,47.842870000,514.000
6.719380000,47.843020000,515.000
6.719530000,47.843140000,516.000
6.719670000,47.843260000,516.000
6.719790000,47.843390000,517.000
6.719870000,47.843480000,517.000
6.720230000,47.843880000,518.000
6.720370000,47.844050000,519.000
6.720530000,47.844220000,521.000
6.720640000,47.844360000,522.000
6.720760000,47.844570000,524.000
6.720790000,47.844620000,525.000
6.720830000,47.844700000,526.000
6.721400000,47.845790000,531.000
6.721490000,47.845940000,535.000
6.721560000,47.846060000,537.000
6.721670000,47.846200000,539.000
6.721770000,47.846300000,540.000
6.721820000,47.846340000,541.000
6.721880000,47.846390000,542.000
6.721980000,47.846490000,543.000
6.722800000,47.847190000,545.000
6.723060000,47.847420000,547.000
6.723160000,47.847500000,548.000
6.723230000,47.847580000,549.000
6.723290000,47.847660000,550.000
6.723340000,47.847730000,551.000
6.723400000,47.847820000,552.000
6.723640000,47.848160000,553.000
6.723800000,47.848360000,554.000
6.723940000,47.848500000,556.000
6.724040000,47.848610000,557.000
6.724130000,47.848710000,558.000
6.724320000,47.848880000,559.000
6.724430000,47.848970000,560.000
6.724560000,47.849040000,560.000
6.724600000,47.849060000,561.000
6.724640000,47.849080000,561.000
6.724730000,47.849120000,562.000
6.724840000,47.849140000,562.000
6.724960000,47.849160000,562.000
6.725090000,47.849160000,563.000
6.725190000,47.849150000,563.000
6.725300000,47.849130000,563.000
6.725830000,47.848930000,564.000
6.725830000,47.848930000,564.000
6.726040000,47.848920000,564.000
6.726280000,47.848920000,565.000
6.726560000,47.848940000,565.000
6.726810000,47.848990000,566.000
6.727070000,47.849040000,566.000
6.727120000,47.849060000,567.000
6.727320000,47.849100000,567.000
6.727370000,47.849120000,567.000
6.727420000,47.849140000,568.000
6.727590000,47.849210000,568.000
6.727700000,47.849280000,568.000
6.727770000,47.849350000,568.000
6.727780000,47.849360000,568.000
6.727980000,47.849580000,569.000
6.728150000,47.849820000,569.000
6.728180000,47.849860000,569.000
6.728330000,47.850070000,570.000
6.728530000,47.850380000,570.000
6.728690000,47.850650000,571.000
6.728730000,47.850710000,571.000
6.728790000,47.850820000,572.000
6.728840000,47.850920000,572.000
6.728880000,47.850980000,573.000
6.728950000,47.851130000,574.000
6.728960000,47.851160000,574.000
6.729020000,47.851280000,575.000
6.729040000,47.851350000,575.000
6.729050000,47.851420000,576.000
6.729050000,47.851510000,577.000
6.729050000,47.851570000,577.000
6.729050000,47.851670000,578.000
6.729000000,47.852240000,580.000
6.729010000,47.852300000,581.000
6.729060000,47.852440000,582.000
6.729120000,47.852590000,583.000
6.729160000,47.852650000,584.000
6.729210000,47.852710000,584.000
6.729320000,47.852820000,585.000
6.729350000,47.852850000,585.000
6.729530000,47.852980000,585.000
6.729600000,47.853030000,585.000
6.729720000,47.853110000,586.000
6.729760000,47.853130000,586.000
6.729970000,47.853280000,586.000
6.730170000,47.853380000,586.000
6.730320000,47.853460000,587.000
6.730530000,47.853530000,587.000
6.730570000,47.853540000,587.000
6.730690000,47.853560000,588.000
6.730870000,47.853580000,588.000
6.731090000,47.853610000,588.000
6.731210000,47.853620000,588.000
6.731320000,47.853630000,589.000
6.731460000,47.853650000,589.000
6.731610000,47.853690000,590.000
6.731780000,47.853750000,591.000
6.732000000,47.853830000,592.000
6.732080000,47.853870000,592.000
6.732300000,47.853960000,593.000
6.732680000,47.854130000,595.000
6.732970000,47.854270000,596.000
6.733160000,47.854360000,598.000
6.733190000,47.854370000,599.000
6.733310000,47.854430000,600.000
6.733450000,47.854510000,601.000
6.733620000,47.854620000,602.000
6.733720000,47.854700000,602.000
6.733720000,47.854710000,603.000
6.733760000,47.854750000,603.000
6.733830000,47.854810000,604.000
6.733890000,47.854870000,604.000
6.733920000,47.854890000,604.000
6.734200000,47.855200000,605.000
6.734210000,47.855200000,606.000
6.734520000,47.855540000,607.000
6.734580000,47.855630000,607.000
6.734600000,47.855660000,608.000
6.734640000,47.855720000,609.000
6.734680000,47.855840000,609.000
6.734690000,47.855870000,609.000
6.734720000,47.855960000,610.000
6.734730000,47.856130000,610.000
6.734740000,47.856250000,611.000
6.734750000,47.856460000,612.000
6.734770000,47.856530000,613.000
6.734820000,47.856700000,615.000
6.734840000,47.856730000,616.000
6.734880000,47.856860000,617.000
6.734910000,47.856900000,618.000
6.735020000,47.857100000,619.000
6.735100000,47.857230000,620.000
6.735160000,47.857330000,622.000
6.735210000,47.857400000,623.000
6.735330000,47.857550000,624.000
6.735340000,47.857560000,625.000
6.735410000,47.857640000,626.000
6.735480000,47.857710000,627.000
6.735520000,47.857750000,628.000
6.735560000,47.857800000,628.000
6.735620000,47.857860000,629.000
6.735770000,47.858010000,629.000
6.735840000,47.858090000,630.000
6.735920000,47.858160000,630.000
6.736030000,47.858260000,629.000
6.736100000,47.858290000,629.000
6.736180000,47.858340000,629.000
6.736320000,47.858380000,629.000
6.736330000,47.858380000,629.000
6.736380000,47.858390000,629.000
6.736440000,47.858400000,629.000
6.736520000,47.858410000,628.000
6.736590000,47.858410000,628.000
6.736620000,47.858410000,628.000
6.736690000,47.858410000,628.000
6.736770000,47.858400000,628.000
6.736870000,47.858380000,628.000
6.736930000,47.858350000,628.000
6.737010000,47.858310000,627.000
6.737100000,47.858260000,627.000
6.737180000,47.858200000,627.000
6.737210000,47.858170000,627.000
6.737240000,47.858130000,627.000
6.737260000,47.858090000,627.000
6.737290000,47.858040000,627.000
6.737310000,47.858000000,626.000
6.737310000,47.857960000,626.000
6.737320000,47.857940000,626.000
6.737320000,47.857900000,626.000
6.737330000,47.857830000,626.000
6.737330000,47.857780000,626.000
6.737330000,47.857730000,626.000
6.737330000,47.857650000,626.000
6.737330000,47.857600000,626.000
6.737310000,47.857220000,627.000
6.737320000,47.857140000,628.000
6.737320000,47.857010000,629.000
6.737350000,47.856900000,629.000
6.737400000,47.856760000,630.000
6.737430000,47.856710000,631.000
6.737450000,47.856670000,631.000
6.737540000,47.856550000,632.000
6.737640000,47.856450000,633.000
6.737700000,47.856410000,633.000
6.737740000,47.856380000,634.000
6.737850000,47.856320000,634.000
6.737900000,47.856290000,635.000
6.738030000,47.856240000,635.000
6.738150000,47.856210000,636.000
6.738290000,47.856180000,636.000
6.738400000,47.856160000,637.000
6.738450000,47.856160000,637.000
6.738670000,47.856150000,638.000
6.738980000,47.856140000,639.000
6.739310000,47.856140000,640.000
6.739600000,47.856140000,642.000
6.739810000,47.856140000,643.000
6.740030000,47.856160000,644.000
6.740180000,47.856180000,646.000
6.740380000,47.856210000,647.000
6.740620000,47.856260000,648.000
6.740810000,47.856280000,649.000
6.741030000,47.856300000,650.000
6.741910000,47.856340000,653.000
6.742180000,47.856350000,655.000
6.742370000,47.856370000,657.000
6.742390000,47.856370000,658.000
6.742480000,47.856380000,659.000
6.742570000,47.856400000,660.000
6.742650000,47.856420000,661.000
6.742800000,47.856450000,662.000
6.742900000,47.856480000,663.000
6.742910000,47.856480000,663.000
6.742990000,47.856510000,664.000
6.743270000,47.856610000,665.000
6.743410000,47.856670000,666.000
6.743780000,47.856830000,666.000
6.744300000,47.857050000,666.000
6.744740000,47.857240000,666.000
6.744940000,47.857340000,666.000
6.745210000,47.857460000,666.000
6.745440000,47.857580000,665.000
6.745580000,47.857660000,665.000
6.745630000,47.857700000,665.000
6.745670000,47.857740000,665.000
6.745780000,47.857860000,665.000
6.745820000,47.857940000,666.000
6.745840000,47.857980000,667.000
6.745890000,47.858070000,667.000
6.745970000,47.858210000,668.000
6.746030000,47.858300000,669.000
6.746180000,47.858500000,671.000
6.746220000,47.858560000,672.000
6.746600000,47.859030000,675.000
6.746720000,47.859190000,677.000
6.746850000,47.859350000,679.000
6.746970000,47.859510000,681.000
6.747030000,47.859600000,682.000
6.747050000,47.859640000,683.000
6.747060000,47.859680000,683.000
6.747080000,47.859730000,683.000
6.747080000,47.859760000,684.000
6.747090000,47.859800000,684.000
6.747090000,47.859830000,684.000
6.747090000,47.860010000,684.000
6.747060000,47.860150000,684.000
6.747030000,47.860290000,685.000
6.746990000,47.860440000,685.000
6.746970000,47.860500000,685.000
6.746930000,47.860620000,685.000
6.746890000,47.860740000,685.000
6.746870000,47.860790000,686.000
6.746850000,47.860820000,686.000
6.746800000,47.860890000,686.000
6.746700000,47.860980000,686.000
6.746650000,47.861020000,686.000
6.746580000,47.861050000,686.000
6.746560000,47.861060000,686.000
6.746480000,47.861100000,686.000
6.746380000,47.861150000,686.000
6.746270000,47.861190000,685.000
6.746140000,47.861250000,685.000
6.746000000,47.861320000,684.000
6.745600000,47.861510000,682.000
6.745470000,47.861560000,681.000
6.745360000,47.861590000,680.000
6.745220000,47.861620000,679.000
6.745030000,47.861650000,678.000
6.744830000,47.861680000,677.000
6.744160000,47.861800000,675.000
6.744140000,47.861810000,673.000
6.743790000,47.861860000,672.000
6.743580000,47.861880000,671.000
6.743450000,47.861900000,670.000
6.743300000,47.861910000,669.000
6.743190000,47.861930000,669.000
6.743130000,47.861940000,668.000
6.743100000,47.861950000,668.000
6.743090000,47.861950000,668.000
6.743080000,47.861960000,668.000
6.743070000,47.861970000,667.000
6.743070000,47.861980000,667.000
6.743060000,47.861990000,667.000
6.743060000,47.862000000,667.000
6.743060000,47.862030000,667.000
6.743070000,47.862040000,667.000
6.743090000,47.862060000,667.000
6.743100000,47.862080000,667.000
6.743120000,47.862080000,667.000
6.743130000,47.862090000,667.000
6.743160000,47.862100000,667.000
6.743180000,47.862100000,667.000
6.743190000,47.862110000,666.000
6.743250000,47.862110000,666.000
6.743300000,47.862110000,666.000
6.743360000,47.862110000,666.000
6.743450000,47.862100000,666.000
6.743570000,47.862090000,666.000
6.743750000,47.862070000,665.000
6.744160000,47.862030000,665.000
6.744500000,47.862000000,664.000
6.744760000,47.861990000,663.000
6.745100000,47.861980000,662.000
6.745600000,47.861990000,660.000
6.745800000,47.861990000,658.000
6.745910000,47.861990000,657.000
6.745970000,47.861980000,656.000
6.746040000,47.861970000,655.000
6.746260000,47.861910000,654.000
6.746520000,47.861840000,653.000
6.746850000,47.861740000,652.000
6.747090000,47.861670000,650.000
6.747190000,47.861630000,649.000
6.747250000,47.861610000,648.000
6.747310000,47.861580000,647.000
6.747420000,47.861520000,646.000
6.748110000,47.861050000,643.000
6.748210000,47.860980000,641.000
6.748260000,47.860950000,639.000
6.748310000,47.860920000,638.000
6.748380000,47.860900000,637.000
6.748430000,47.860880000,636.000
6.748510000,47.860860000,635.000
6.748570000,47.860860000,635.000
6.748610000,47.860850000,634.000
6.748680000,47.860850000,633.000
6.748770000,47.860850000,633.000
6.748820000,47.860850000,632.000
6.748850000,47.860850000,632.000
6.748970000,47.860860000,631.000
6.749040000,47.860870000,631.000
6.749090000,47.860890000,630.000
6.749180000,47.860910000,630.000
6.749260000,47.860940000,629.000
6.749410000,47.861010000,628.000
6.749540000,47.861090000,628.000
6.749650000,47.861160000,627.000
6.749740000,47.861210000,626.000
6.749830000,47.861260000,626.000
6.749930000,47.861300000,626.000
6.750010000,47.861340000,625.000
6.750090000,47.861370000,625.000
6.750170000,47.861390000,625.000
6.750260000,47.861400000,625.000
6.750340000,47.861410000,625.000
6.750460000,47.861420000,624.000
6.750500000,47.861420000,624.000
6.750670000,47.861430000,624.000
6.750860000,47.861420000,624.000
6.751400000,47.861360000,623.000
6.751560000,47.861360000,622.000
6.751680000,47.861370000,622.000
6.751820000,47.861400000,622.000
6.752000000,47.861450000,621.000
6.752200000,47.861520000,620.000
6.752330000,47.861570000,620.000
6.752740000,47.861740000,618.000
6.752890000,47.861830000,616.000
6.752990000,47.861900000,615.000
6.753080000,47.861980000,613.000
6.753210000,47.862100000,612.000
6.753320000,47.862240000,611.000
6.753400000,47.862340000,609.000
6.753490000,47.862450000,608.000
6.753560000,47.862510000,607.000
6.753630000,47.862580000,606.000
6.753800000,47.862700000,604.000
6.753920000,47.862770000,603.000
6.754020000,47.862840000,602.000
6.754090000,47.862890000,601.000
6.754140000,47.862950000,600.000
6.754190000,47.863020000,599.000
6.754200000,47.863050000,599.000
6.754220000,47.863090000,598.000
6.754230000,47.863150000,598.000
6.754230000,47.863230000,597.000
6.754210000,47.863320000,596.000
6.754170000,47.863440000,596.000
6.754150000,47.863530000,595.000
6.754150000,47.863580000,594.000
6.754140000,47.863620000,594.000
6.754140000,47.863650000,593.000
6.754140000,47.863690000,593.000
6.754150000,47.863730000,592.000
6.754160000,47.863770000,592.000
6.754180000,47.863840000,592.000
6.754260000,47.864110000,590.000
6.754270000,47.864140000,590.000
6.754350000,47.864470000,588.000
6.754380000,47.864540000,587.000
6.754460000,47.864670000,586.000
6.754530000,47.864770000,585.000
6.754590000,47.864850000,584.000
6.754670000,47.864920000,583.000
6.754710000,47.864940000,583.000
6.754740000,47.864970000,582.000
6.754810000,47.865000000,582.000
6.754880000,47.865010000,582.000
6.754940000,47.865020000,581.000
6.754960000,47.865020000,581.000
6.755040000,47.865020000,581.000
6.755180000,47.865000000,581.000
6.755470000,47.864930000,580.000
6.755540000,47.864910000,579.000
6.755610000,47.864910000,579.000
6.755680000,47.864910000,579.000
6.755760000,47.864930000,578.000
6.755840000,47.864960000,578.000
6.755980000,47.865030000,577.000
6.756120000,47.865110000,577.000
6.756230000,47.865180000,576.000
6.756550000,47.865340000,575.000
6.756690000,47.865440000,574.000
6.756730000,47.865460000,574.000
6.756790000,47.865510000,573.000
6.756810000,47.865540000,572.000
6.756840000,47.865580000,572.000
6.756860000,47.865630000,571.000
6.756890000,47.865720000,571.000
6.756910000,47.865780000,570.000
6.756920000,47.865820000,570.000
6.756940000,47.865860000,569.000
6.756950000,47.865910000,569.000
6.756970000,47.865940000,569.000
6.757000000,47.865980000,568.000
6.757040000,47.866040000,568.000
6.757100000,47.866110000,567.000
6.757140000,47.866140000,567.000
6.757170000,47.866180000,567.000
6.757200000,47.866220000,566.000
6.757220000,47.866240000,566.000
6.757230000,47.866260000,565.000
6.757240000,47.866280000,565.000
6.757250000,47.866330000,565.000
6.757250000,47.866350000,565.000
6.757250000,47.866370000,564.000
6.757250000,47.866400000,564.000
6.757240000,47.866410000,564.000
6.757210000,47.866460000,564.000
6.757170000,47.866510000,563.000
6.757130000,47.866540000,563.000
6.757090000,47.866560000,563.000
6.757040000,47.866590000,562.000
6.757000000,47.866620000,562.000
6.756930000,47.866650000,562.000
6.756870000,47.866670000,561.000
6.756780000,47.866700000,561.000
6.756760000,47.866710000,561.000
6.756590000,47.866750000,560.000
6.756500000,47.866760000,560.000
6.756400000,47.866770000,559.000
6.756320000,47.866780000,559.000
6.756200000,47.866770000,558.000
6.755750000,47.866700000,557.000
6.755570000,47.866670000,556.000
6.755470000,47.866660000,555.000
6.755370000,47.866660000,554.000
6.755290000,47.866660000,553.000
6.755190000,47.866670000,553.000
6.755080000,47.866700000,552.000
6.754990000,47.866740000,552.000
6.754900000,47.866790000,551.000
6.754820000,47.866840000,550.000
6.754740000,47.866900000,550.000
6.754690000,47.866970000,549.000
6.754650000,47.867030000,549.000
6.754640000,47.867050000,548.000
6.754520000,47.867400000,547.000
6.754490000,47.867480000,546.000
6.754480000,47.867580000,545.000
6.754480000,47.867650000,545.000
6.754480000,47.867670000,544.000
6.754500000,47.867720000,544.000
6.754530000,47.867780000,544.000
6.754540000,47.867820000,543.000
6.754580000,47.867880000,543.000
6.754630000,47.867940000,543.000
6.754740000,47.868080000,542.000
6.754860000,47.868240000,542.000
6.754960000,47.868380000,541.000
6.755050000,47.868480000,541.000
6.755120000,47.868550000,540.000
6.755170000,47.868600000,540.000
6.755200000,47.868620000,540.000
6.755370000,47.868740000,539.000
6.755660000,47.868920000,538.000
6.755830000,47.869030000,538.000
6.755880000,47.869050000,537.000
6.755910000,47.869060000,537.000
6.755910000,47.869070000,537.000
6.755980000,47.869100000,537.000
6.756120000,47.869160000,536.000
6.756330000,47.869220000,536.000
6.756670000,47.869310000,536.000
6.756950000,47.869390000,535.000
6.757090000,47.869420000,535.000
6.757110000,47.869430000,535.000
6.757120000,47.869440000,535.000
6.757130000,47.869440000,535.000
6.757200000,47.869470000,535.000
6.757280000,47.869510000,534.000
6.757300000,47.869530000,534.000
6.757340000,47.869550000,534.000
6.757400000,47.869600000,534.000
6.757460000,47.869670000,534.000
6.757490000,47.869730000,534.000
6.757510000,47.869810000,534.000
6.757520000,47.869870000,534.000
6.757520000,47.869960000,533.000
6.757510000,47.870020000,533.000
6.757510000,47.870050000,533.000
6.757480000,47.870230000,533.000
6.757460000,47.870290000,533.000
6.757400000,47.870550000,532.000
6.757380000,47.870640000,531.000
6.757350000,47.870800000,530.000
6.757340000,47.870910000,530.000
6.757350000,47.871030000,529.000
6.757380000,47.871180000,528.000
6.757380000,47.871210000,527.000
6.757400000,47.871300000,527.000
6.757410000,47.871330000,526.000
6.757480000,47.871540000,526.000
6.757550000,47.871680000,525.000
6.757630000,47.871820000,524.000
6.757800000,47.872060000,523.000
6.758250000,47.872570000,521.000
6.758490000,47.872840000,520.000
6.758580000,47.872950000,518.000
6.758810000,47.873180000,517.000
6.758980000,47.873330000,516.000
6.759180000,47.873490000,515.000
6.759280000,47.873570000,514.000
6.759520000,47.873750000,513.000
6.759750000,47.873930000,511.000
6.760310000,47.874310000,508.000
6.760440000,47.874370000,506.000
6.760560000,47.874410000,504.000
6.760890000,47.874520000,502.000
6.761270000,47.874630000,500.000
6.761330000,47.874650000,498.000
6.761410000,47.874670000,497.000
6.761820000,47.874800000,496.000
6.762040000,47.874850000,496.000
6.762160000,47.874860000,495.000
6.762250000,47.874870000,495.000
6.762400000,47.874880000,495.000
6.762570000,47.874880000,495.000
6.762690000,47.874890000,495.000
6.762790000,47.874900000,495.000
6.762810000,47.874900000,495.000
6.762890000,47.874910000,495.000
6.762970000,47.874940000,495.000
6.763010000,47.874950000,495.000
6.763040000,47.874970000,495.000
6.763080000,47.874980000,495.000
6.763160000,47.875030000,495.000
6.763350000,47.875130000,495.000
6.763390000,47.875150000,495.000
6.763450000,47.875180000,495.000
6.763800000,47.875350000,495.000
6.763990000,47.875430000,495.000
6.764040000,47.875450000,494.000
6.764090000,47.875460000,494.000
6.764320000,47.875540000,494.000
6.764340000,47.875540000,494.000
6.764390000,47.875570000,494.000
6.764450000,47.875610000,494.000
6.764490000,47.875640000,494.000
6.764520000,47.875670000,494.000
6.764550000,47.875690000,494.000
6.764570000,47.875720000,494.000
6.764590000,47.875740000,494.000
6.764610000,47.875770000,494.000
6.764620000,47.875790000,494.000
6.764640000,47.875860000,494.000
6.764640000,47.875860000,494.000
6.764740000,47.875860000,493.000
6.765020000,47.875910000,493.000
6.765210000,47.875930000,493.000
6.765340000,47.875940000,493.000
6.765440000,47.875940000,493.000
6.765540000,47.875930000,493.000
6.765700000,47.875910000,493.000
6.765880000,47.875890000,492.000
6.765990000,47.875880000,492.000
6.766200000,47.875850000,492.000
6.766380000,47.875840000,492.000
6.766590000,47.875830000,492.000
6.766750000,47.875810000,492.000
6.766890000,47.875790000,492.000
6.767040000,47.875760000,492.000
6.767190000,47.875740000,493.000
6.767250000,47.875720000,493.000
6.767360000,47.875680000,493.000
6.767570000,47.875620000,493.000
6.767610000,47.875610000,493.000
6.767700000,47.875590000,494.000
6.767730000,47.875580000,494.000
6.767870000,47.875550000,494.000
6.767960000,47.875550000,494.000
6.768030000,47.875540000,494.000
6.768370000,47.875500000,495.000
6.768550000,47.875480000,495.000
6.768680000,47.875460000,495.000
6.768750000,47.875450000,496.000
6.768830000,47.875430000,496.000
6.769010000,47.875400000,496.000
6.769190000,47.875370000,496.000
6.769290000,47.875360000,496.000
6.769420000,47.875340000,497.000
6.769540000,47.875330000,497.000
6.769670000,47.875330000,497.000
6.769920000,47.875350000,497.000
6.770150000,47.875370000,497.000
6.770720000,47.875390000,497.000
6.770860000,47.875400000,497.000
6.770910000,47.875400000,498.000
6.770950000,47.875410000,498.000
6.770960000,47.875410000,498.000
6.771030000,47.875410000,498.000
6.771260000,47.875430000,498.000
6.771680000,47.875470000,498.000
6.771930000,47.875480000,498.000
6.772030000,47.875490000,498.000
6.772060000,47.875490000,498.000
6.772330000,47.875510000,498.000
6.772640000,47.875520000,498.000
6.772850000,47.875540000,498.000
6.773180000,47.875550000,498.000
6.773240000,47.875560000,498.000
6.773780000,47.875590000,498.000
6.774220000,47.875610000,498.000
6.774230000,47.875610000,498.000
6.774570000,47.875620000,498.000
6.774730000,47.875630000,498.000
6.774860000,47.875640000,497.000
6.775120000,47.875660000,497.000
6.775130000,47.875660000,497.000
6.775440000,47.875690000,497.000
6.775600000,47.875720000,496.000
6.775710000,47.875750000,496.000
6.775800000,47.875780000,496.000
6.775900000,47.875820000,496.000
6.775990000,47.875890000,496.000
6.775990000,47.875900000,496.000
6.776130000,47.876020000,495.000
6.776180000,47.876100000,495.000
6.776200000,47.876200000,495.000
6.776200000,47.876220000,495.000
6.776210000,47.876350000,495.000
6.776210000,47.876400000,494.000
6.776220000,47.876580000,494.000
6.776210000,47.876650000,494.000
6.776210000,47.876670000,494.000
6.776220000,47.876800000,494.000
6.776230000,47.876970000,494.000
6.776230000,47.877010000,494.000
6.776230000,47.877120000,494.000
6.776220000,47.877190000,494.000
6.776200000,47.877280000,494.000
6.776200000,47.877280000,494.000
6.776460000,47.877250000,494.000
6.776640000,47.877230000,494.000
6.776740000,47.877220000,494.000
6.776940000,47.877190000,494.000
6.777090000,47.877160000,495.000
6.777190000,47.877140000,495.000
6.777220000,47.877130000,495.000
6.777330000,47.877100000,495.000
6.777410000,47.877080000,495.000
6.777580000,47.877040000,495.000
6.777850000,47.876960000,495.000
6.778110000,47.876890000,495.000
6.778370000,47.876810000,495.000
6.778630000,47.876740000,496.000
6.778700000,47.876720000,496.000
6.778810000,47.876690000,496.000
6.778950000,47.876650000,496.000
6.779280000,47.876580000,497.000
6.779360000,47.876560000,497.000
6.779530000,47.876520000,497.000
6.779780000,47.876470000,497.000
6.780050000,47.876410000,498.000
6.780560000,47.876300000,498.000
6.780710000,47.876260000,499.000
6.781030000,47.876190000,499.000
6.781220000,47.876140000,499.000
6.781440000,47.876080000,499.000
6.781610000,47.876040000,499.000
6.781990000,47.875940000,499.000
6.782370000,47.875840000,499.000
6.782500000,47.875810000,499.000
6.782680000,47.875760000,499.000
6.782900000,47.875700000,499.000
6.783090000,47.875650000,499.000
6.783290000,47.875580000,499.000
6.783490000,47.875490000,500.000
6.783620000,47.875440000,500.000
6.783780000,47.875380000,500.000
6.783870000,47.875340000,500.000
6.783970000,47.875290000,501.000
6.784100000,47.875240000,501.000
6.784230000,47.875180000,501.000
6.784300000,47.875160000,501.000
6.784400000,47.875120000,501.000
6.784590000,47.875070000,502.000
6.784740000,47.875030000,502.000
6.784750000,47.875030000,502.000
6.784910000,47.874990000,502.000
6.785060000,47.874950000,503.000
6.785180000,47.874910000,503.000
6.785360000,47.874840000,503.000
6.785700000,47.874680000,504.000
6.786080000,47.874500000,504.000
6.786350000,47.874360000,504.000
6.786480000,47.874300000,504.000
6.786700000,47.874190000,504.000
6.786740000,47.874170000,504.000
6.787010000,47.874030000,504.000
6.787130000,47.873970000,504.000
6.787210000,47.873930000,504.000
6.787220000,47.873920000,504.000
6.787290000,47.873890000,504.000
6.787320000,47.873880000,504.000
6.787350000,47.873860000,504.000
6.787390000,47.873850000,504.000
6.787450000,47.873820000,504.000
6.787530000,47.873790000,504.000
6.787610000,47.873760000,504.000
6.787660000,47.873740000,504.000
6.787760000,47.873710000,504.000
6.787980000,47.873640000,504.000
6.788050000,47.873620000,504.000
6.788440000,47.873490000,504.000
6.788470000,47.873480000,504.000
6.788580000,47.873450000,504.000
6.788670000,47.873420000,504.000
6.788780000,47.873380000,504.000
6.788860000,47.873350000,505.000
6.788910000,47.873330000,505.000
6.788960000,47.873310000,505.000
6.789030000,47.873280000,505.000
6.789080000,47.873260000,505.000
6.789150000,47.873220000,505.000
6.789260000,47.873160000,505.000
6.789330000,47.873120000,506.000
6.789370000,47.873100000,506.000
6.789400000,47.873070000,506.000
6.789440000,47.873040000,506.000
6.789510000,47.872980000,506.000
6.789660000,47.872840000,506.000
6.789690000,47.872810000,506.000
6.789720000,47.872790000,507.000
6.789760000,47.872760000,507.000
6.789810000,47.872730000,507.000
6.789850000,47.872700000,507.000
6.789880000,47.872680000,507.000
6.789920000,47.872660000,507.000
6.789990000,47.872630000,507.000
6.790030000,47.872610000,507.000
6.790100000,47.872590000,507.000
6.790200000,47.872550000,507.000
6.790380000,47.872480000,508.000
6.790530000,47.872430000,508.000
6.790590000,47.872400000,508.000
6.790690000,47.872360000,509.000
6.790780000,47.872310000,509.000
6.790820000,47.872290000,509.000
6.790880000,47.872260000,510.000
6.790960000,47.872210000,510.000
6.790970000,47.872210000,510.000
6.791280000,47.872020000,511.000
6.791350000,47.871980000,511.000
6.791450000,47.871920000,512.000
6.791490000,47.871900000,512.000
6.791520000,47.871880000,512.000
6.791560000,47.871850000,512.000
6.791590000,47.871830000,513.000
6.791620000,47.871820000,513.000
6.791650000,47.871800000,513.000
6.791840000,47.871670000,513.000
6.791900000,47.871630000,514.000
6.791980000,47.871570000,514.000
6.792060000,47.871510000,514.000
6.792200000,47.871400000,515.000
6.792430000,47.871210000,515.000
6.792540000,47.871120000,515.000
6.792640000,47.871030000,515.000
6.792710000,47.870970000,515.000
6.792780000,47.870910000,515.000
6.792850000,47.870850000,515.000
6.792950000,47.870760000,515.000
6.793030000,47.870690000,515.000
6.793170000,47.870570000,515.000
6.793180000,47.870570000,515.000
6.793280000,47.870480000,515.000
6.793340000,47.870430000,515.000
6.793350000,47.870420000,515.000
6.793460000,47.870330000,515.000
6.793670000,47.870140000,515.000
6.793780000,47.870050000,515.000
6.794120000,47.869760000,515.000
6.794330000,47.869580000,516.000
6.794480000,47.869460000,516.000
6.794710000,47.869260000,517.000
6.794780000,47.869200000,517.000
6.795000000,47.869020000,518.000
6.795120000,47.868920000,518.000
6.795220000,47.868840000,519.000
6.795290000,47.868800000,519.000
6.795350000,47.868770000,519.000
6.795400000,47.868750000,519.000
6.795550000,47.868680000,520.000
6.795820000,47.868580000,520.000
6.796410000,47.868350000,521.000
6.796520000,47.868310000,521.000
6.796590000,47.868290000,522.000
6.796640000,47.868270000,522.000
6.796690000,47.868260000,522.000
6.796720000,47.868250000,522.000
6.796810000,47.868240000,522.000
6.796880000,47.868230000,522.000
6.797040000,47.868200000,522.000
6.797110000,47.868190000,522.000
6.797200000,47.868180000,522.000
6.797220000,47.868180000,522.000
6.797290000,47.868170000,522.000
6.797420000,47.868140000,522.000
6.797450000,47.868140000,521.000
6.797600000,47.868110000,521.000
6.797660000,47.868100000,521.000
6.797840000,47.868060000,521.000
6.798050000,47.868020000,521.000
6.798130000,47.868000000,521.000
6.798190000,47.867990000,521.000
6.798330000,47.867960000,521.000
6.798430000,47.867930000,520.000
6.798460000,47.867930000,520.000
6.798690000,47.867870000,520.000
6.798810000,47.867840000,520.000
6.798880000,47.867820000,520.000
6.798970000,47.867800000,520.000
6.799060000,47.867790000,520.000
6.799130000,47.867770000,520.000
6.799180000,47.867760000,520.000
6.799240000,47.867760000,520.000
6.799310000,47.867750000,520.000
6.799400000,47.867740000,520.000
6.799450000,47.867730000,520.000
6.799530000,47.867730000,520.000
6.799620000,47.867720000,520.000
6.799670000,47.867720000,520.000
6.799780000,47.867710000,520.000
6.799830000,47.867710000,521.000
6.799920000,47.867710000,521.000
6.799990000,47.867720000,521.000
6.800040000,47.867720000,521.000
6.800180000,47.867720000,521.000
6.800320000,47.867730000,521.000
6.800440000,47.867740000,521.000
6.800460000,47.867740000,521.000
6.800570000,47.867750000,522.000
6.800630000,47.867760000,522.000
6.800700000,47.867760000,522.000
6.800770000,47.867770000,522.000
6.800800000,47.867770000,522.000
6.800870000,47.867780000,522.000
6.800990000,47.867790000,522.000
6.801160000,47.867800000,522.000
6.801220000,47.867810000,523.000
6.801280000,47.867810000,523.000
6.801360000,47.867820000,523.000
6.801430000,47.867820000,523.000
6.801490000,47.867820000,523.000
6.801580000,47.867820000,523.000
6.801680000,47.867820000,523.000
6.801720000,47.867810000,523.000
6.801760000,47.867810000,523.000
6.801800000,47.867810000,523.000
6.801830000,47.867800000,523.000
6.801870000,47.867800000,523.000
6.801900000,47.867800000,523.000
6.801980000,47.867780000,523.000
6.802060000,47.867770000,523.000
6.802070000,47.867760000,523.000
6.802080000,47.867760000,523.000
6.802130000,47.867750000,523.000
6.802160000,47.867740000,523.000
6.802190000,47.867730000,523.000
6.802250000,47.867720000,523.000
6.802440000,47.867650000,523.000
6.802480000,47.867630000,523.000
6.802530000,47.867610000,523.000
6.802560000,47.867600000,523.000
6.802600000,47.867580000,523.000
6.802650000,47.867550000,523.000
6.802700000,47.867530000,523.000
6.802700000,47.867520000,523.000
6.802790000,47.867470000,523.000
6.802920000,47.867390000,523.000
6.802970000,47.867360000,523.000
6.803090000,47.867280000,523.000
6.803140000,47.867250000,523.000
6.803220000,47.867200000,523.000
6.803440000,47.867070000,523.000
6.803560000,47.866990000,523.000
6.803610000,47.866960000,523.000
6.803640000,47.866940000,523.000
6.803770000,47.866850000,523.000
6.803790000,47.866830000,523.000
6.803830000,47.866810000,523.000
6.804030000,47.866670000,523.000
6.804140000,47.866600000,523.000
6.804260000,47.866520000,523.000
6.804320000,47.866480000,524.000
6.804390000,47.866430000,524.000
6.804450000,47.866390000,524.000
6.804520000,47.866350000,524.000
6.804720000,47.866220000,525.000
6.804930000,47.866080000,525.000
6.804970000,47.866060000,525.000
6.805080000,47.865990000,526.000
6.805250000,47.865880000,526.000
6.805370000,47.865810000,526.000
6.805470000,47.865750000,527.000
6.805530000,47.865720000,527.000
6.805570000,47.865700000,527.000
6.805630000,47.865670000,528.000
6.805660000,47.865660000,528.000
6.805710000,47.865630000,528.000
6.805740000,47.865620000,528.000
6.805840000,47.865570000,528.000
6.805910000,47.865530000,528.000
6.805970000,47.865510000,528.000
6.806000000,47.865490000,528.000
6.806030000,47.865480000,528.000
6.806050000,47.865470000,528.000
6.806130000,47.865430000,528.000
6.806220000,47.865390000,528.000
6.806310000,47.865350000,528.000
6.806360000,47.865330000,528.000
6.806420000,47.865300000,528.000
6.806440000,47.865300000,528.000
6.806480000,47.865280000,528.000
6.806550000,47.865250000,528.000
6.806640000,47.865210000,528.000
6.806800000,47.865150000,528.000
6.806930000,47.865100000,528.000
6.807010000,47.865070000,528.000
6.807100000,47.865030000,528.000
6.807190000,47.864990000,528.000
6.807440000,47.864890000,528.000
6.807520000,47.864860000,528.000
6.807560000,47.864840000,528.000
6.807650000,47.864800000,528.000
6.807680000,47.864790000,528.000
6.807760000,47.864760000,528.000
6.807850000,47.864710000,528.000
6.807870000,47.864710000,528.000
6.808000000,47.864650000,528.000
6.808090000,47.864610000,528.000
6.808210000,47.864560000,528.000
6.808280000,47.864520000,528.000
6.808350000,47.864490000,528.000
6.808390000,47.864470000,528.000
6.808420000,47.864460000,528.000
6.808450000,47.864440000,528.000
6.808470000,47.864430000,528.000
6.808520000,47.864410000,528.000
6.808550000,47.864390000,528.000
6.808570000,47.864380000,528.000
6.808610000,47.864360000,529.000
6.808650000,47.864330000,529.000
6.808710000,47.864290000,529.000
6.808740000,47.864270000,529.000
6.808770000,47.864250000,529.000
6.808790000,47.864240000,529.000
6.808840000,47.864200000,529.000
6.808900000,47.864150000,529.000
6.808940000,47.864120000,529.000
6.808980000,47.864080000,529.000
6.809060000,47.864010000,530.000
6.809120000,47.863950000,530.000
6.809140000,47.863930000,530.000
6.809160000,47.863910000,530.000
6.809180000,47.863880000,530.000
6.809210000,47.863850000,530.000
6.809210000,47.863850000,530.000
6.809210000,47.863840000,530.000
6.809230000,47.863820000,530.000
6.809250000,47.863790000,531.000
6.809270000,47.863770000,531.000
6.809290000,47.863740000,531.000
6.809300000,47.863730000,531.000
6.809340000,47.863670000,531.000
6.809360000,47.863630000,531.000
6.809380000,47.863600000,531.000
6.809380000,47.863590000,531.000
6.809420000,47.863530000,531.000
6.809420000,47.863520000,531.000
6.809470000,47.863440000,531.000
6.809500000,47.863360000,532.000
6.809500000,47.863350000,532.000
6.809530000,47.863290000,532.000
6.809560000,47.863160000,532.000
6.809580000,47.863100000,532.000
6.809580000,47.863050000,532.000
6.809590000,47.862920000,532.000
6.809590000,47.862820000,532.000
6.809590000,47.862770000,532.000
6.809560000,47.862640000,532.000
6.809540000,47.862550000,532.000
6.809510000,47.862420000,532.000
6.809480000,47.862330000,532.000
6.809410000,47.862070000,532.000
6.809410000,47.862050000,532.000
6.809360000,47.861930000,532.000
6.809330000,47.861790000,532.000
6.809250000,47.861530000,532.000
6.809220000,47.861420000,532.000
6.809210000,47.861380000,532.000
6.809200000,47.861350000,533.000
6.809180000,47.861280000,533.000
6.809100000,47.861000000,533.000
6.809040000,47.860780000,533.000
6.808990000,47.860620000,533.000
6.808970000,47.860560000,533.000
6.808930000,47.860470000,533.000
6.808920000,47.860440000,533.000
6.808820000,47.860210000,533.000
6.808770000,47.860020000,533.000
6.808750000,47.859940000,533.000
6.808740000,47.859900000,533.000
6.808730000,47.859770000,533.000
6.808730000,47.859760000,533.000
6.808730000,47.859690000,533.000
6.808730000,47.859680000,533.000
6.808730000,47.859610000,533.000
6.808730000,47.859600000,533.000
6.808730000,47.859540000,533.000
6.808740000,47.859410000,533.000
6.808750000,47.859380000,533.000
6.808770000,47.859270000,533.000
6.808780000,47.859220000,533.000
6.808830000,47.859090000,533.000
6.808860000,47.859030000,533.000
6.808920000,47.858910000,533.000
6.808950000,47.858850000,533.000
6.809000000,47.858780000,532.000
6.809070000,47.858670000,532.000
6.809110000,47.858620000,532.000
6.809130000,47.858590000,532.000
6.809230000,47.858440000,532.000
6.809250000,47.858410000,532.000
6.809360000,47.858270000,532.000
6.809410000,47.858200000,531.000
6.809480000,47.858110000,531.000
6.809660000,47.857870000,531.000
6.809680000,47.857850000,531.000
6.809740000,47.857810000,531.000
6.809840000,47.857670000,531.000
6.809900000,47.857590000,531.000
6.810000000,47.857440000,532.000
6.810170000,47.857200000,532.000
6.810350000,47.856960000,533.000
6.810410000,47.856860000,534.000
6.810430000,47.856840000,534.000
6.810490000,47.856760000,534.000
6.810490000,47.856730000,535.000
6.810490000,47.856720000,535.000
6.810530000,47.856660000,535.000
6.810590000,47.856560000,535.000
6.810660000,47.856470000,536.000
6.810690000,47.856430000,536.000
6.810710000,47.856400000,536.000
6.810730000,47.856370000,536.000
6.810760000,47.856350000,537.000
6.810850000,47.856230000,537.000
6.810960000,47.856110000,537.000
6.811020000,47.856050000,537.000
6.811070000,47.856000000,537.000
6.811120000,47.855960000,537.000
6.811160000,47.855920000,537.000
6.811210000,47.855880000,537.000
6.811230000,47.855870000,537.000
6.811250000,47.855850000,537.000
6.811300000,47.855810000,537.000
6.811330000,47.855790000,537.000
6.811440000,47.855710000,537.000
6.811480000,47.855690000,537.000
6.811510000,47.855660000,537.000
6.811550000,47.855640000,537.000
6.811580000,47.855620000,537.000
6.811610000,47.855600000,537.000
6.811640000,47.855580000,537.000
6.811690000,47.855560000,537.000
6.811800000,47.855500000,537.000
6.811890000,47.855450000,537.000
6.811960000,47.855420000,537.000
6.811990000,47.855400000,537.000
6.812100000,47.855350000,537.000
6.812180000,47.855320000,537.000
6.812300000,47.855270000,537.000
6.812350000,47.855250000,537.000
6.812380000,47.855230000,537.000
6.812420000,47.855220000,537.000
6.812550000,47.855180000,537.000
6.812710000,47.855110000,537.000
6.812850000,47.855080000,537.000
6.813200000,47.854960000,538.000
6.813360000,47.854900000,538.000
6.813550000,47.854820000,538.000
6.813720000,47.854750000,538.000
6.814050000,47.854600000,539.000
6.814570000,47.854360000,539.000
6.814970000,47.854180000,540.000
6.815070000,47.854140000,540.000
6.815240000,47.854070000,541.000
6.815390000,47.854030000,541.000
6.815480000,47.854010000,542.000
6.815680000,47.853970000,542.000
6.815830000,47.853940000,543.000
6.815920000,47.853920000,543.000
6.816040000,47.853910000,543.000
6.816150000,47.853900000,544.000
6.816250000,47.853890000,544.000
6.816380000,47.853890000,545.000
6.816730000,47.853900000,545.000
6.816850000,47.853910000,546.000
6.816990000,47.853920000,546.000
6.817110000,47.853940000,547.000
6.817190000,47.853960000,547.000
6.817380000,47.853990000,548.000
6.817570000,47.854050000,548.000
6.817670000,47.854080000,549.000
6.817730000,47.854100000,549.000
6.817860000,47.854150000,550.000
6.817860000,47.854160000,550.000
6.818010000,47.854220000,550.000
6.818140000,47.854290000,550.000
6.818210000,47.854320000,550.000
6.818350000,47.854410000,550.000
6.818400000,47.854440000,550.000
6.818470000,47.854490000,550.000
6.818710000,47.854680000,550.000
6.818830000,47.854780000,550.000
6.818990000,47.854910000,550.000
6.819050000,47.854950000,550.000
6.819070000,47.854970000,550.000
6.819350000,47.855200000,550.000
6.819600000,47.855390000,550.000
6.819600000,47.855390000,550.000
6.819840000,47.855300000,550.000
6.819890000,47.855290000,551.000
6.819990000,47.855270000,551.000
6.820090000,47.855270000,551.000
6.820310000,47.855280000,552.000
6.820940000,47.855270000,553.000
6.821060000,47.855280000,555.000
6.821180000,47.855290000,556.000
6.821300000,47.855310000,557.000
6.821490000,47.855350000,558.000
6.821590000,47.855370000,559.000
6.821690000,47.855380000,559.000
6.821770000,47.855390000,560.000
6.821850000,47.855390000,561.000
6.821910000,47.855390000,561.000
6.821960000,47.855390000,562.000
6.822040000,47.855370000,562.000
6.822100000,47.855360000,562.000
6.822150000,47.855360000,563.000
6.822280000,47.855340000,563.000
6.822380000,47.855330000,564.000
6.822460000,47.855330000,564.000
6.822490000,47.855340000,565.000
6.822540000,47.855350000,565.000
6.822570000,47.855360000,565.000
6.822600000,47.855380000,565.000
6.822630000,47.855390000,566.000
6.822780000,47.855520000,566.000
6.823420000,47.856180000,567.000
6.823440000,47.856200000,568.000
6.823900000,47.856610000,569.000
6.823960000,47.856650000,570.000
6.824010000,47.856680000,571.000
6.824090000,47.856720000,571.000
6.824190000,47.856750000,572.000
6.824290000,47.856770000,572.000
6.824450000,47.856800000,573.000
6.824570000,47.856830000,573.000
6.824580000,47.856830000,574.000
6.824700000,47.856850000,574.000
6.824800000,47.856860000,574.000
6.824900000,47.856880000,575.000
6.824970000,47.856880000,575.000
6.825020000,47.856880000,576.000
6.825090000,47.856880000,576.000
6.825130000,47.856870000,576.000
6.825170000,47.856860000,577.000
6.825190000,47.856850000,577.000
6.825210000,47.856840000,577.000
6.825220000,47.856830000,577.000
6.825240000,47.856820000,577.000
6.825240000,47.856810000,577.000
6.825250000,47.856800000,577.000
6.825250000,47.856790000,577.000
6.825250000,47.856750000,578.000
6.825240000,47.856740000,578.000
6.825230000,47.856720000,578.000
6.825220000,47.856710000,578.000
6.825200000,47.856690000,578.000
6.824820000,47.856510000,579.000
6.824720000,47.856440000,580.000
6.824690000,47.856410000,580.000
6.824660000,47.856370000,581.000
6.824610000,47.856310000,581.000
6.824410000,47.856040000,582.000
6.824380000,47.855990000,583.000
6.824260000,47.855790000,584.000
6.824180000,47.855620000,585.000
6.824140000,47.855530000,586.000
6.824120000,47.855480000,587.000
6.824100000,47.855400000,588.000
6.824090000,47.855350000,589.000
6.824100000,47.855310000,589.000
6.824120000,47.855260000,590.000
6.824170000,47.855230000,590.000
6.824220000,47.855210000,591.000
6.824260000,47.855220000,591.000
6.824280000,47.855210000,591.000
6.824290000,47.855210000,592.000
6.824300000,47.855220000,592.000
6.824320000,47.855220000,592.000
6.824360000,47.855240000,592.000
6.824400000,47.855270000,592.000
6.824480000,47.855330000,593.000
6.824580000,47.855410000,593.000
6.824660000,47.855460000,594.000
6.824770000,47.855510000,594.000
6.824890000,47.855570000,595.000
6.825020000,47.855610000,596.000
6.825120000,47.855640000,597.000
6.825380000,47.855710000,598.000
6.825510000,47.855750000,598.000
6.825540000,47.855750000,599.000
6.825650000,47.855770000,600.000
6.825730000,47.855760000,601.000
6.825750000,47.855760000,601.000
6.825770000,47.855750000,601.000
6.825790000,47.855740000,602.000
6.825800000,47.855740000,602.000
6.825810000,47.855730000,602.000
6.825810000,47.855710000,602.000
6.825820000,47.855670000,603.000
6.825820000,47.855650000,603.000
6.825810000,47.855640000,603.000
6.825810000,47.855630000,603.000
6.825800000,47.855620000,603.000
6.825790000,47.855610000,603.000
6.825780000,47.855610000,604.000
6.825590000,47.855520000,604.000
6.825310000,47.855390000,605.000
6.825010000,47.855240000,607.000
6.824980000,47.855230000,608.000
6.824930000,47.855190000,609.000
6.824890000,47.855150000,609.000
6.824880000,47.855140000,610.000
6.824860000,47.855110000,610.000
6.824860000,47.855090000,611.000
6.824860000,47.855060000,611.000
6.824860000,47.855050000,611.000
6.824870000,47.855030000,612.000
6.824890000,47.855010000,612.000
6.824900000,47.855000000,612.000
6.824910000,47.854990000,612.000
6.824950000,47.854980000,612.000
6.825000000,47.854970000,613.000
6.825030000,47.854960000,613.000
6.825070000,47.854960000,613.000
6.825120000,47.854970000,613.000
6.825170000,47.854980000,614.000
6.825240000,47.855000000,614.000
6.825320000,47.855010000,614.000
6.825480000,47.855040000,615.000
6.825490000,47.855050000,616.000
6.825650000,47.855070000,616.000
6.825830000,47.855090000,617.000
6.825980000,47.855100000,617.000
6.826140000,47.855100000,618.000
6.826270000,47.855100000,619.000
6.826400000,47.855090000,619.000
6.826550000,47.855080000,620.000
6.826560000,47.855080000,620.000
6.826710000,47.855060000,621.000
6.826810000,47.855040000,621.000
6.827030000,47.854960000,622.000
6.827160000,47.854900000,622.000
6.827610000,47.854720000,623.000
6.827780000,47.854650000,624.000
6.827840000,47.854620000,625.000
6.827870000,47.854600000,626.000
6.827900000,47.854580000,626.000
6.828010000,47.854490000,626.000
6.828190000,47.854350000,627.000
6.828700000,47.853940000,629.000
6.828880000,47.853800000,631.000
6.829140000,47.853590000,633.000
6.829650000,47.853290000,636.000
6.829860000,47.853170000,639.000
6.830180000,47.852980000,641.000
6.830200000,47.852970000,643.000
6.830220000,47.852950000,644.000
6.830230000,47.852920000,645.000
6.830190000,47.852850000,646.000
6.830170000,47.852830000,646.000
6.830150000,47.852820000,647.000
6.830120000,47.852810000,647.000
6.830100000,47.852800000,647.000
6.830070000,47.852790000,648.000
6.830020000,47.852790000,648.000
6.829690000,47.852800000,648.000
6.829500000,47.852810000,649.000
6.829420000,47.852810000,650.000
6.829330000,47.852800000,650.000
6.829280000,47.852800000,650.000
6.829220000,47.852780000,651.000
6.828820000,47.852650000,652.000
6.828780000,47.852640000,652.000
6.828250000,47.852480000,653.000
6.828020000,47.852430000,655.000
6.827910000,47.852400000,655.000
6.827870000,47.852370000,656.000
6.827850000,47.852360000,657.000
6.827820000,47.852340000,657.000
6.827800000,47.852320000,657.000
6.827790000,47.852310000,658.000
6.827750000,47.852270000,658.000
6.827740000,47.852250000,658.000
6.827720000,47.852220000,658.000
6.827720000,47.852200000,659.000
6.827710000,47.852170000,659.000
6.827710000,47.852160000,659.000
6.827710000,47.852120000,659.000
6.827710000,47.852080000,659.000
6.827730000,47.851980000,660.000
6.827770000,47.851840000,660.000
6.827880000,47.851490000,662.000
6.827910000,47.851380000,663.000
6.827930000,47.851310000,664.000
6.827970000,47.851210000,664.000
6.828010000,47.851140000,665.000
6.828020000,47.851110000,666.000
6.828060000,47.851040000,666.000
6.828100000,47.850980000,667.000
6.828340000,47.850700000,668.000
6.828380000,47.850650000,669.000
6.828400000,47.850610000,669.000
6.828420000,47.850560000,670.000
6.828430000,47.850520000,671.000
6.828480000,47.850220000,672.000
6.828490000,47.850200000,672.000
6.828490000,47.850180000,673.000
6.828510000,47.850160000,674.000
6.828520000,47.850140000,674.000
6.828540000,47.850130000,674.000
6.828550000,47.850120000,674.000
6.828690000,47.850040000,675.000
6.829420000,47.849780000,677.000
6.829630000,47.849690000,678.000
6.829730000,47.849650000,679.000
6.830300000,47.849420000,681.000
6.830450000,47.849360000,683.000
6.830540000,47.849320000,685.000
6.830610000,47.849290000,686.000
6.830670000,47.849250000,687.000
6.831040000,47.849020000,688.000
6.831200000,47.848930000,690.000
6.831320000,47.848860000,691.000
6.831420000,47.848810000,692.000
6.831520000,47.848760000,693.000
6.831560000,47.848730000,694.000
6.831590000,47.848710000,695.000
6.831670000,47.848640000,695.000
6.831770000,47.848540000,696.000
6.831830000,47.848460000,697.000
6.831950000,47.848270000,698.000
6.832050000,47.848080000,700.000
6.832130000,47.847920000,701.000
6.832200000,47.847760000,703.000
6.832200000,47.847750000,704.000
6.832260000,47.847570000,706.000
6.832300000,47.847420000,707.000
6.832300000,47.847400000,708.000
6.832320000,47.847260000,709.000
6.832330000,47.847220000,710.000
6.832340000,47.847100000,712.000
6.832360000,47.846950000,713.000
6.832380000,47.846840000,714.000
6.832420000,47.846680000,716.000
6.832470000,47.846380000,718.000
6.832500000,47.846240000,720.000
6.832510000,47.846110000,722.000
6.832590000,47.845910000,724.000
6.832900000,47.845410000,728.000
6.832990000,47.845270000,731.000
6.833010000,47.845240000,734.000
6.833140000,47.845030000,736.000
6.833200000,47.844940000,739.000
6.833220000,47.844910000,740.000
6.833290000,47.844820000,742.000
6.833470000,47.844650000,744.000
6.833660000,47.844460000,747.000
6.833740000,47.844380000,748.000
6.833810000,47.844310000,750.000
6.833880000,47.844240000,751.000
6.833970000,47.844140000,752.000
6.834040000,47.844040000,753.000
6.834060000,47.844000000,753.000
6.834110000,47.843890000,754.000
6.834160000,47.843760000,754.000
6.834260000,47.843470000,755.000
6.834270000,47.843440000,756.000
6.834310000,47.843330000,757.000
6.834330000,47.843300000,757.000
6.834390000,47.843210000,758.000
6.834500000,47.843090000,758.000
6.834610000,47.842990000,759.000
6.834640000,47.842970000,760.000
6.834780000,47.842860000,760.000
6.834820000,47.842820000,761.000
6.834960000,47.842720000,761.000
6.835060000,47.842650000,762.000
6.835150000,47.842600000,763.000
6.835260000,47.842520000,764.000
6.835430000,47.842400000,765.000
6.835570000,47.842300000,766.000
6.835690000,47.842200000,767.000
6.835730000,47.842160000,768.000
6.835850000,47.842050000,769.000
6.835860000,47.842040000,769.000
6.836000000,47.841900000,770.000
6.836050000,47.841860000,771.000
6.836130000,47.841770000,772.000
6.836150000,47.841750000,773.000
6.836170000,47.841700000,773.000
6.836170000,47.841690000,774.000
6.836170000,47.841670000,774.000
6.836170000,47.841660000,774.000
6.836170000,47.841650000,774.000
6.836170000,47.841630000,775.000
6.836160000,47.841620000,775.000
6.836140000,47.841600000,775.000
6.836120000,47.841580000,775.000
6.836040000,47.841550000,775.000
6.835990000,47.841540000,776.000
6.835950000,47.841530000,776.000
6.835900000,47.841530000,776.000
6.835850000,47.841530000,777.000
6.835810000,47.841530000,777.000
6.835640000,47.841550000,777.000
6.835410000,47.841580000,778.000
6.835370000,47.841580000,778.000
6.835110000,47.841620000,779.000
6.834950000,47.841640000,779.000
6.834850000,47.841660000,780.000
6.834340000,47.841760000,780.000
6.834320000,47.841760000,781.000
6.834080000,47.841800000,781.000
6.833920000,47.841830000,782.000
6.833820000,47.841840000,783.000
6.833540000,47.841880000,783.000
6.833450000,47.841890000,784.000
6.833350000,47.841890000,784.000
6.833290000,47.841880000,784.000
6.833220000,47.841870000,785.000
6.833140000,47.841860000,785.000
6.833090000,47.841840000,785.000
6.833050000,47.841830000,785.000
6.833040000,47.841820000,785.000
6.833000000,47.841810000,786.000
6.832960000,47.841790000,786.000
6.832920000,47.841760000,786.000
6.832890000,47.841730000,786.000
6.832870000,47.841690000,786.000
6.832820000,47.841600000,786.000
6.832740000,47.841440000,786.000
6.832690000,47.841350000,786.000
6.832650000,47.841290000,787.000
6.832570000,47.841190000,787.000
6.832520000,47.841120000,787.000
6.832430000,47.841040000,787.000
6.832280000,47.840890000,788.000
6.832180000,47.840780000,788.000
6.831980000,47.840590000,788.000
6.831930000,47.840530000,788.000
6.831840000,47.840460000,789.000
6.831820000,47.840450000,789.000
6.831680000,47.840360000,789.000
6.831620000,47.840320000,789.000
6.831460000,47.840220000,790.000
6.831420000,47.840200000,791.000
6.831210000,47.840070000,792.000
6.830940000,47.839900000,794.000
6.830700000,47.839780000,795.000
6.830600000,47.839740000,797.000
6.830520000,47.839710000,798.000
6.830190000,47.839560000,800.000
6.830160000,47.839540000,801.000
6.829610000,47.839300000,804.000
6.829260000,47.839140000,806.000
6.829180000,47.839110000,808.000
6.829050000,47.839040000,810.000
6.828970000,47.838990000,811.000
6.828660000,47.838800000,813.000
6.828460000,47.838670000,815.000
6.827900000,47.838320000,817.000
6.827700000,47.838170000,820.000
6.827690000,47.838170000,821.000
6.827500000,47.838040000,823.000
6.827130000,47.837790000,825.000
6.826990000,47.837680000,827.000
6.826890000,47.837610000,829.000
6.826860000,47.837590000,830.000
6.826820000,47.837550000,830.000
6.826710000,47.837440000,831.000
6.826680000,47.837410000,832.000
6.826570000,47.837270000,833.000
6.826510000,47.837160000,834.000
6.826400000,47.836950000,835.000
6.826340000,47.836760000,837.000
6.826340000,47.836680000,838.000
6.826360000,47.836600000,839.000
6.826380000,47.836510000,840.000
6.826440000,47.836350000,841.000
6.826450000,47.836330000,841.000
6.826520000,47.836180000,842.000
6.826520000,47.836170000,843.000
6.826600000,47.836040000,844.000
6.826660000,47.835980000,844.000
6.826730000,47.835950000,845.000
6.826770000,47.835940000,845.000
6.826840000,47.835930000,846.000
6.826870000,47.835960000,846.000
6.826900000,47.835980000,846.000
6.826910000,47.836010000,846.000
6.826900000,47.836050000,846.000
6.826890000,47.836100000,847.000
6.826850000,47.836150000,847.000
6.826790000,47.836220000,847.000
6.826720000,47.836310000,847.000
6.826710000,47.836330000,848.000
6.826690000,47.836380000,848.000
6.826680000,47.836420000,848.000
6.826680000,47.836480000,848.000
6.826690000,47.836510000,848.000
6.826700000,47.836530000,848.000
6.826740000,47.836610000,849.000
6.826790000,47.836680000,849.000
6.826800000,47.836690000,849.000
6.826880000,47.836770000,849.000
6.826960000,47.836820000,850.000
6.826990000,47.836840000,850.000
6.827180000,47.836950000,850.000
6.827350000,47.837040000,851.000
6.827590000,47.837150000,851.000
6.827730000,47.837210000,852.000
6.827820000,47.837240000,852.000
6.828020000,47.837320000,853.000
6.828050000,47.837330000,853.000
6.828280000,47.837400000,854.000
6.828290000,47.837410000,855.000
6.828530000,47.837490000,856.000
6.828550000,47.837500000,856.000
6.828770000,47.837570000,857.000
6.828880000,47.837600000,858.000
6.829020000,47.837650000,859.000
6.829260000,47.837720000,860.000
6.829540000,47.837810000,861.000
6.829690000,47.837860000,862.000
6.829800000,47.837890000,863.000
6.829980000,47.837920000,864.000
6.830000000,47.837920000,865.000
6.830060000,47.837930000,865.000
6.830260000,47.837970000,866.000
6.830310000,47.837980000,867.000
6.830520000,47.838010000,867.000
6.831310000,47.838130000,869.000
6.831570000,47.838170000,870.000
6.832210000,47.838270000,872.000
6.832580000,47.838320000,874.000
6.832950000,47.838370000,876.000
6.833290000,47.838420000,878.000
6.833400000,47.838430000,879.000
6.833710000,47.838460000,880.000
6.833820000,47.838460000,881.000
6.833960000,47.838450000,882.000
6.834090000,47.838450000,882.000
6.834170000,47.838450000,883.000
6.834230000,47.838450000,883.000
6.834350000,47.838460000,884.000
6.834450000,47.838470000,884.000
6.834470000,47.838480000,884.000
6.834720000,47.838530000,885.000
6.834800000,47.838540000,885.000
6.834890000,47.838560000,886.000
6.834920000,47.838550000,886.000
6.834960000,47.838550000,886.000
6.834980000,47.838540000,887.000
6.835010000,47.838530000,887.000
6.835020000,47.838520000,887.000
6.835040000,47.838500000,887.000
6.835060000,47.838480000,887.000
6.835070000,47.838460000,887.000
6.835070000,47.838440000,887.000
6.835080000,47.838430000,888.000
6.835070000,47.838420000,888.000
6.835060000,47.838400000,888.000
6.835050000,47.838380000,888.000
6.835040000,47.838360000,888.000
6.835020000,47.838350000,888.000
6.835010000,47.838340000,888.000
6.835000000,47.838330000,888.000
6.834930000,47.838310000,888.000
6.834710000,47.838240000,889.000
6.834620000,47.838210000,889.000
6.834470000,47.838160000,890.000
6.834370000,47.838130000,891.000
6.834200000,47.838080000,892.000
6.833980000,47.838010000,893.000
6.833890000,47.837980000,894.000
6.833850000,47.837960000,895.000
6.833760000,47.837920000,896.000
6.833720000,47.837900000,897.000
6.833670000,47.837870000,897.000
6.833630000,47.837840000,898.000
6.833580000,47.837800000,898.000
6.833470000,47.837710000,899.000
6.833390000,47.837650000,900.000
6.833310000,47.837590000,901.000
6.833280000,47.837560000,902.000
6.833130000,47.837480000,903.000
6.833070000,47.837450000,903.000
6.832870000,47.837380000,904.000
6.832860000,47.837380000,905.000
6.832720000,47.837340000,906.000
6.832570000,47.837310000,907.000
6.832390000,47.837280000,908.000
6.832190000,47.837240000,909.000
6.831970000,47.837190000,911.000
6.831790000,47.837140000,912.000
6.831650000,47.837080000,913.000
6.831530000,47.837010000,914.000
6.831430000,47.836940000,915.000
6.831340000,47.836850000,916.000
6.831270000,47.836750000,917.000
6.831240000,47.836680000,917.000
6.831230000,47.836600000,918.000
6.831240000,47.836520000,919.000
6.831250000,47.836440000,920.000
6.831260000,47.836430000,920.000
6.831290000,47.836350000,921.000
6.831340000,47.836260000,921.000
6.831370000,47.836210000,922.000
6.831450000,47.836100000,923.000
6.831460000,47.836080000,923.000
6.831540000,47.835990000,924.000
6.831590000,47.835940000,924.000
6.831640000,47.835900000,925.000
6.831710000,47.835880000,925.000
6.831760000,47.835860000,925.000
6.831810000,47.835850000,926.000
6.831840000,47.835880000,926.000
6.831860000,47.835910000,926.000
6.831870000,47.835930000,926.000
6.831870000,47.835990000,926.000
6.831870000,47.836060000,927.000
6.831860000,47.836160000,927.000
6.831870000,47.836230000,927.000
6.831880000,47.836270000,927.000
6.831910000,47.836330000,928.000
6.831950000,47.836370000,928.000
6.831990000,47.836400000,928.000
6.832060000,47.836450000,928.000
6.832120000,47.836480000,928.000
6.832200000,47.836500000,929.000
6.832230000,47.836510000,929.000
6.832300000,47.836530000,929.000
6.832400000,47.836550000,929.000
6.832490000,47.836550000,929.000
6.832510000,47.836550000,930.000
6.832820000,47.836560000,930.000
6.833170000,47.836560000,930.000
6.833300000,47.836570000,931.000
6.833380000,47.836570000,931.000
6.833560000,47.836590000,932.000
6.833830000,47.836620000,933.000
6.834000000,47.836630000,934.000
6.834200000,47.836640000,935.000
6.834360000,47.836650000,936.000
6.834380000,47.836650000,936.000
6.834470000,47.836650000,937.000
6.834500000,47.836640000,938.000
6.834530000,47.836630000,938.000
6.834570000,47.836610000,939.000
6.834590000,47.836590000,939.000
6.834590000,47.836550000,939.000
6.834570000,47.836520000,940.000
6.834530000,47.836490000,940.000
6.834460000,47.836460000,940.000
6.834370000,47.836440000,941.000
6.834340000,47.836430000,941.000
6.834260000,47.836420000,942.000
6.834140000,47.836400000,942.000
6.834090000,47.836380000,943.000
6.834000000,47.836360000,943.000
6.833850000,47.836320000,944.000
6.833840000,47.836310000,945.000
6.833710000,47.836260000,945.000
6.833590000,47.836210000,946.000
6.833500000,47.836160000,947.000
6.833420000,47.836120000,948.000
6.833400000,47.836110000,948.000
6.833330000,47.836060000,949.000
6.833280000,47.836010000,949.000
6.833240000,47.835970000,950.000
6.833220000,47.835930000,950.000
6.833160000,47.835820000,951.000
6.833030000,47.835420000,952.000
6.832940000,47.835200000,954.000
6.832840000,47.834920000,956.000
6.832830000,47.834900000,957.000
6.832810000,47.834770000,958.000
6.832800000,47.834740000,959.000
6.832780000,47.834590000,960.000
6.832780000,47.834560000,961.000
6.832740000,47.834210000,963.000
6.832740000,47.834200000,964.000
6.832730000,47.834140000,964.000
6.832710000,47.834080000,965.000
6.832700000,47.834030000,966.000
6.832640000,47.833920000,966.000
6.832560000,47.833800000,967.000
6.832480000,47.833700000,968.000
6.832390000,47.833580000,969.000
6.832360000,47.833540000,970.000
6.832330000,47.833490000,970.000
6.832290000,47.833410000,971.000
6.832200000,47.833210000,972.000
6.832150000,47.833030000,973.000
6.832140000,47.832930000,974.000
6.832140000,47.832860000,975.000
6.832150000,47.832800000,976.000
6.832170000,47.832730000,976.000
6.832200000,47.832660000,977.000
6.832290000,47.832500000,978.000
6.832400000,47.832320000,979.000
6.832460000,47.832210000,980.000
6.832480000,47.832160000,981.000
6.832500000,47.832100000,982.000
6.832540000,47.831990000,983.000
6.832620000,47.831710000,984.000
6.832640000,47.831610000,985.000
6.832680000,47.831540000,986.000
6.832720000,47.831500000,987.000
6.832760000,47.831470000,988.000
6.832770000,47.831460000,988.000
6.832820000,47.831450000,989.000
6.832870000,47.831450000,989.000
6.832910000,47.831450000,989.000
6.832960000,47.831470000,990.000
6.832990000,47.831490000,990.000
6.833010000,47.831560000,990.000
6.833020000,47.831620000,991.000
6.833010000,47.831670000,991.000
6.833010000,47.831680000,992.000
6.833010000,47.831850000,992.000
6.833010000,47.831990000,993.000
6.833040000,47.832140000,994.000
6.833080000,47.832300000,995.000
6.833110000,47.832380000,996.000
6.833140000,47.832470000,997.000
6.833210000,47.832590000,998.000
6.833290000,47.832730000,999.000
6.833380000,47.832880000,999.000
6.833520000,47.833100000,1000.000
6.833620000,47.833260000,1002.000
6.833820000,47.833500000,1003.000
6.833850000,47.833540000,1004.000
6.833990000,47.833700000,1005.000
6.834110000,47.833820000,1006.000
6.834260000,47.833950000,1007.000
6.834300000,47.833980000,1008.000
6.834350000,47.834020000,1009.000
6.834450000,47.834080000,1010.000
6.834520000,47.834110000,1011.000
6.834600000,47.834150000,1012.000
6.834680000,47.834190000,1013.000
6.834750000,47.834220000,1014.000
6.834870000,47.834260000,1015.000
6.834960000,47.834280000,1016.000
6.834990000,47.834290000,1016.000
6.835170000,47.834340000,1017.000
6.835380000,47.834380000,1019.000
6.835470000,47.834390000,1020.000
6.835570000,47.834410000,1021.000
6.835730000,47.834420000,1022.000
6.835970000,47.834440000,1024.000
6.836000000,47.834450000,1025.000
6.836260000,47.834470000,1026.000
6.836620000,47.834490000,1028.000
6.836690000,47.834490000,1030.000
6.836840000,47.834500000,1031.000
6.837060000,47.834520000,1032.000
6.837100000,47.834520000,1033.000
6.837520000,47.834550000,1034.000
6.837780000,47.834550000,1035.000
6.837870000,47.834550000,1036.000
6.837930000,47.834560000,1037.000
6.838200000,47.834560000,1038.000
6.838600000,47.834570000,1039.000
6.838730000,47.834580000,1040.000
6.838870000,47.834590000,1040.000
6.839110000,47.834610000,1041.000
6.839470000,47.834640000,1042.000
6.839480000,47.834640000,1043.000
6.839730000,47.834650000,1044.000
6.839780000,47.834650000,1044.000
6.839920000,47.834660000,1045.000
6.840000000,47.834660000,1045.000
6.840120000,47.834670000,1045.000
6.840290000,47.834690000,1046.000
6.840450000,47.834710000,1046.000
6.840510000,47.834720000,1046.000
6.840570000,47.834710000,1046.000
6.840630000,47.834700000,1047.000
6.840680000,47.834680000,1047.000
6.840710000,47.834650000,1047.000
6.840730000,47.834620000,1047.000
6.840740000,47.834580000,1047.000
6.840690000,47.834520000,1047.000
6.840670000,47.834500000,1048.000
6.840630000,47.834490000,1048.000
6.840600000,47.834480000,1048.000
6.840550000,47.834470000,1048.000
6.840430000,47.834460000,1048.000
6.840230000,47.834430000,1048.000
6.840160000,47.834420000,1049.000
6.840030000,47.834390000,1049.000
6.839950000,47.834370000,1049.000
6.839780000,47.834310000,1049.000
6.839680000,47.834280000,1050.000
6.839550000,47.834230000,1050.000
6.839340000,47.834160000,1050.000
6.839100000,47.834050000,1051.000
6.838890000,47.833950000,1052.000
6.838870000,47.833940000,1053.000
6.838770000,47.833880000,1053.000
6.838680000,47.833820000,1054.000
6.838670000,47.833810000,1054.000
6.838630000,47.833770000,1055.000
6.838600000,47.833730000,1055.000
6.838580000,47.833700000,1056.000
6.838570000,47.833670000,1056.000
6.838570000,47.833650000,1056.000
6.838570000,47.833610000,1056.000
6.838590000,47.833580000,1057.000
6.838610000,47.833550000,1057.000
6.838630000,47.833530000,1057.000
6.838670000,47.833500000,1057.000
6.838740000,47.833470000,1057.000
6.838790000,47.833460000,1058.000
6.838850000,47.833440000,1058.000
6.838980000,47.833420000,1058.000
6.839130000,47.833410000,1059.000
6.839340000,47.833400000,1060.000
6.839370000,47.833400000,1060.000
6.839560000,47.833390000,1061.000
6.839630000,47.833380000,1061.000
6.839720000,47.833370000,1062.000
6.839790000,47.833350000,1062.000
6.839860000,47.833330000,1062.000
6.839920000,47.833300000,1063.000
6.840090000,47.833210000,1063.000
6.840170000,47.833110000,1064.000
6.840190000,47.833080000,1065.000
6.840200000,47.833060000,1065.000
6.840230000,47.833010000,1065.000
6.840240000,47.832960000,1066.000
6.840250000,47.832920000,1066.000
6.840250000,47.832860000,1067.000
6.840250000,47.832810000,1067.000
6.840240000,47.832750000,1067.000
6.840230000,47.832690000,1068.000
6.840220000,47.832630000,1068.000
6.840200000,47.832530000,1069.000
6.840140000,47.832430000,1069.000
6.840110000,47.832370000,1070.000
6.840060000,47.832300000,1071.000
6.839880000,47.832010000,1072.000
6.839830000,47.831940000,1073.000
6.839790000,47.831850000,1073.000
6.839770000,47.831800000,1074.000
6.839700000,47.831680000,1075.000
6.839590000,47.831420000,1076.000
6.839480000,47.831160000,1078.000
6.839420000,47.830980000,1080.000
6.839300000,47.830710000,1081.000
6.839200000,47.830550000,1083.000
6.839130000,47.830460000,1085.000
6.838920000,47.830220000,1086.000
6.838790000,47.830080000,1088.000
6.838670000,47.830000000,1090.000
6.838620000,47.829950000,1091.000
6.838510000,47.829850000,1092.000
6.838430000,47.829780000,1093.000
6.838270000,47.829630000,1095.000
6.838210000,47.829580000,1096.000
6.837950000,47.829300000,1099.000
6.837730000,47.829010000,1102.000
6.837680000,47.828940000,1104.000
6.837620000,47.828870000,1106.000
6.837580000,47.828790000,1107.000
6.837530000,47.828710000,1109.000
6.837440000,47.828560000,1110.000
6.837370000,47.828420000,1112.000
6.837270000,47.828230000,1114.000
6.837190000,47.828080000,1115.000
6.837080000,47.827930000,1117.000
6.837070000,47.827920000,1118.000
6.837040000,47.827880000,1118.000
6.836950000,47.827770000,1119.000
6.836950000,47.827760000,1120.000
6.836870000,47.827670000,1120.000
6.836420000,47.827240000,1122.000
6.836210000,47.827010000,1124.000
6.836070000,47.826860000,1125.000
6.835920000,47.826690000,1127.000
6.835800000,47.826550000,1128.000
6.835610000,47.826330000,1130.000
6.835410000,47.826080000,1131.000
6.835300000,47.825940000,1133.000
6.835150000,47.825730000,1135.000
6.835070000,47.825580000,1136.000
6.835010000,47.825440000,1137.000
6.834940000,47.825220000,1139.000
6.834900000,47.825060000,1140.000
6.834890000,47.824980000,1141.000
6.834890000,47.824880000,1142.000
6.834880000,47.824740000,1143.000
6.834890000,47.824580000,1144.000
6.834890000,47.824330000,1145.000
6.834880000,47.824160000,1147.000
6.834870000,47.824070000,1148.000
6.834840000,47.823860000,1149.000
6.834800000,47.823610000,1150.000
6.834720000,47.823280000,1152.000
6.834670000,47.823090000,1154.000
6.834630000,47.822920000,1155.000
6.834630000,47.822910000,1156.000
6.834560000,47.822640000,1157.000
6.834540000,47.822560000,1159.000
6.834500000,47.822370000,1160.000
6.834480000,47.822120000,1161.000
6.834440000,47.821900000,1163.000
6.834420000,47.821850000,1164.000
6.834380000,47.821760000,1165.000
6.834310000,47.821600000,1166.000
6.834280000,47.821520000,1167.000
6.834270000,47.821500000,1167.000
6.834260000,47.821450000,1168.000
6.834250000,47.821380000,1168.000
6.834260000,47.821320000,1168.000
6.834260000,47.821310000,1168.000
6.834270000,47.821250000,1168.000
6.834290000,47.821190000,1168.000
6.834320000,47.821150000,1168.000
6.834380000,47.821060000,1168.000
6.834420000,47.820980000,1168.000
6.834520000,47.820810000,1168.000
6.834540000,47.820770000,1168.000
6.834610000,47.820650000,1168.000
6.834660000,47.820560000,1168.000
6.834710000,47.820490000,1168.000
6.834740000,47.820460000,1168.000
6.834820000,47.820390000,1168.000
6.834920000,47.820360000,1168.000
6.834970000,47.820350000,1168.000
6.835060000,47.820350000,1168.000
6.835120000,47.820360000,1168.000
6.835220000,47.820390000,1168.000
6.835430000,47.820470000,1168.000
6.835780000,47.820590000,1168.000
6.836030000,47.820680000,1168.000
6.836050000,47.820680000,1168.000
6.836190000,47.820720000,1168.000
6.836340000,47.820760000,1168.000
6.836650000,47.820820000,1168.000
6.836790000,47.820840000,1168.000
6.836890000,47.820850000,1168.000
6.837240000,47.820860000,1168.000
6.837330000,47.820850000,1168.000
6.837530000,47.820840000,1169.000
6.837800000,47.820830000,1169.000
6.838150000,47.820790000,1169.000
6.838380000,47.820760000,1169.000
6.838570000,47.820730000,1169.000
6.838900000,47.820660000,1169.000
6.839220000,47.820560000,1169.000
6.839320000,47.820530000,1169.000
6.839470000,47.820460000,1168.000
6.839560000,47.820420000,1168.000
6.839650000,47.820370000,1168.000
6.839730000,47.820330000,1168.000
6.839810000,47.820280000,1168.000
6.839930000,47.820200000,1167.000
6.840060000,47.820110000,1167.000
6.840110000,47.820060000,1167.000
6.840180000,47.819980000,1167.000
6.840220000,47.819940000,1167.000
6.840270000,47.819880000,1166.000
6.840410000,47.819730000,1166.000
6.840490000,47.819620000,1166.000
6.840670000,47.819410000,1165.000
6.840680000,47.819400000,1165.000
6.840800000,47.819260000,1164.000
6.840810000,47.819250000,1163.000
6.840940000,47.819100000,1163.000
6.840960000,47.819080000,1162.000
6.841030000,47.818990000,1161.000
6.841150000,47.818830000,1161.000
6.841410000,47.818470000,1159.000
6.841490000,47.818340000,1158.000
6.841780000,47.817910000,1156.000
6.841890000,47.817680000,1154.000
6.841970000,47.817500000,1152.000
6.842170000,47.816980000,1149.000
6.842180000,47.816950000,1148.000
6.842250000,47.816640000,1146.000
6.842250000,47.816630000,1144.000
6.842280000,47.816390000,1143.000
6.842330000,47.815910000,1141.000
6.842330000,47.815850000,1139.000
6.842330000,47.815850000,1138.000
6.842350000,47.815700000,1138.000
6.842370000,47.815530000,1137.000
6.842390000,47.815220000,1137.000
6.842400000,47.814870000,1136.000
6.842390000,47.814720000,1136.000
6.842380000,47.814690000,1136.000
6.842380000,47.814680000,1136.000
6.842340000,47.814570000,1136.000
6.842310000,47.814510000,1135.000
6.842280000,47.814460000,1135.000
6.842030000,47.814190000,1135.000
6.841720000,47.813910000,1135.000
6.841600000,47.813790000,1135.000
6.841460000,47.813670000,1135.000
6.841220000,47.813420000,1134.000
6.841190000,47.813400000,1134.000
6.841050000,47.813240000,1134.000
6.840910000,47.813090000,1134.000
6.840760000,47.812940000,1134.000
6.840420000,47.812570000,1134.000
6.840330000,47.812490000,1133.000
6.839940000,47.812090000,1133.000
6.839850000,47.812000000,1133.000
6.839760000,47.811880000,1132.000
6.839630000,47.811720000,1131.000
6.839620000,47.811710000,1131.000
6.839540000,47.811550000,1130.000
6.839370000,47.811220000,1129.000
6.839340000,47.811070000,1128.000
6.839300000,47.810880000,1127.000
6.839310000,47.810630000,1126.000
6.839340000,47.810460000,1125.000
6.839430000,47.810270000,1124.000
6.839700000,47.809790000,1122.000
6.839820000,47.809660000,1120.000
6.839860000,47.809640000,1119.000
6.839970000,47.809570000,1118.000
6.840240000,47.809510000,1117.000
6.840520000,47.809480000,1116.000
6.840600000,47.809480000,1115.000
6.840860000,47.809490000,1115.000
6.841080000,47.809530000,1114.000
6.841220000,47.809550000,1113.000
6.841370000,47.809610000,1112.000
6.841570000,47.809690000,1111.000
6.841760000,47.809820000,1110.000
6.841770000,47.809840000,1110.000
6.841900000,47.809990000,1109.000
6.842000000,47.810170000,1109.000
6.842000000,47.810180000,1108.000
6.842090000,47.810240000,1108.000
6.842150000,47.810250000,1107.000
6.842430000,47.810240000,1107.000
6.842730000,47.810230000,1106.000
6.842750000,47.810230000,1106.000
6.842980000,47.810240000,1106.000
6.843020000,47.810240000,1105.000
6.843280000,47.810270000,1105.000
6.843410000,47.810280000,1104.000
6.843820000,47.810300000,1104.000
6.843900000,47.810310000,1103.000
6.844080000,47.810310000,1102.000
6.844350000,47.810320000,1101.000
6.844440000,47.810320000,1100.000
6.844600000,47.810310000,1099.000
6.844740000,47.810300000,1098.000
6.845600000,47.810230000,1095.000
6.845870000,47.810210000,1092.000
6.846050000,47.810180000,1090.000
6.846430000,47.810010000,1088.000
6.846550000,47.809950000,1086.000
6.846670000,47.809900000,1085.000
6.846740000,47.809840000,1084.000
6.846750000,47.809830000,1083.000
6.846780000,47.809800000,1082.000
6.846830000,47.809740000,1082.000
6.846870000,47.809680000,1082.000
6.846900000,47.809620000,1081.000
6.846920000,47.809560000,1081.000
6.846960000,47.809410000,1081.000
6.847020000,47.809190000,1080.000
6.847030000,47.809140000,1080.000
6.847030000,47.809110000,1080.000
6.847030000,47.809100000,1080.000
6.847110000,47.808860000,1079.000
6.847150000,47.808770000,1079.000
6.847260000,47.808600000,1078.000
6.847300000,47.808520000,1078.000
6.847340000,47.808460000,1078.000
6.847360000,47.808420000,1077.000
6.847440000,47.808290000,1077.000
6.847490000,47.808210000,1077.000
6.847520000,47.808100000,1076.000
6.847540000,47.808030000,1076.000
6.847540000,47.807880000,1075.000
6.847540000,47.807760000,1075.000
6.847540000,47.807720000,1074.000
6.847530000,47.807580000,1074.000
6.847530000,47.807540000,1073.000
6.847510000,47.807330000,1073.000
6.847490000,47.807240000,1072.000
6.847490000,47.807220000,1072.000
6.847490000,47.807200000,1072.000
6.847450000,47.807090000,1071.000
6.847430000,47.807050000,1071.000
6.847370000,47.806890000,1070.000
6.847060000,47.806370000,1069.000
6.847040000,47.806330000,1068.000
6.847030000,47.806320000,1067.000
6.847010000,47.806260000,1067.000
6.846980000,47.806200000,1066.000
6.846960000,47.806160000,1066.000
6.846910000,47.806040000,1066.000
6.846850000,47.805850000,1065.000
6.846800000,47.805680000,1064.000
6.846790000,47.805630000,1064.000
6.846770000,47.805560000,1063.000
6.846740000,47.805460000,1062.000
6.846730000,47.805430000,1062.000
6.846710000,47.805390000,1062.000
6.846660000,47.805290000,1061.000
6.846630000,47.805250000,1061.000
6.846610000,47.805220000,1061.000
6.846610000,47.805220000,1060.000
6.846580000,47.805220000,1060.000
6.846560000,47.805210000,1060.000
6.846550000,47.805210000,1060.000
6.846510000,47.805220000,1060.000
6.846460000,47.805230000,1060.000
6.846440000,47.805250000,1060.000
6.846420000,47.805270000,1059.000
6.846410000,47.805280000,1059.000
6.846400000,47.805300000,1059.000
6.846390000,47.805340000,1059.000
6.846400000,47.805380000,1059.000
6.846420000,47.805450000,1059.000
6.846430000,47.805490000,1058.000
6.846520000,47.805680000,1058.000
6.846600000,47.805910000,1057.000
6.846620000,47.805970000,1056.000
6.846640000,47.806100000,1056.000
6.846670000,47.806330000,1055.000
6.846690000,47.806490000,1054.000
6.846710000,47.806910000,1053.000
6.846660000,47.807270000,1052.000
6.846590000,47.807560000,1051.000
6.846580000,47.807580000,1050.000
6.846530000,47.807660000,1050.000
6.846390000,47.807830000,1049.000
6.846130000,47.808040000,1048.000
6.846030000,47.808100000,1047.000
6.845630000,47.808440000,1046.000
6.845530000,47.808520000,1045.000
6.845450000,47.808580000,1045.000
6.844940000,47.808960000,1043.000
6.844890000,47.808990000,1042.000
6.844830000,47.809010000,1042.000
6.844780000,47.809010000,1041.000
6.844720000,47.809000000,1041.000
6.844670000,47.808980000,1041.000
6.844640000,47.808940000,1040.000
6.844630000,47.808910000,1040.000
6.844640000,47.808880000,1040.000
6.844650000,47.808840000,1040.000
6.844690000,47.808800000,1040.000
6.844730000,47.808780000,1039.000
6.844790000,47.808750000,1039.000
6.844860000,47.808730000,1039.000
6.844980000,47.808670000,1039.000
6.845350000,47.808350000,1038.000
6.845540000,47.808140000,1038.000
6.845670000,47.808010000,1037.000
6.845680000,47.807990000,1037.000
6.845820000,47.807810000,1036.000
6.845980000,47.807620000,1036.000
6.846010000,47.807520000,1035.000
6.846010000,47.807500000,1035.000
6.846030000,47.807410000,1034.000
6.846020000,47.807320000,1034.000
6.846020000,47.807310000,1034.000
6.845960000,47.807050000,1033.000
6.845930000,47.806970000,1032.000
6.845880000,47.806790000,1031.000
6.845820000,47.806580000,1030.000
6.845560000,47.806050000,1028.000
6.845470000,47.805940000,1026.000
6.845340000,47.805780000,1024.000
6.845210000,47.805620000,1023.000
6.845030000,47.805390000,1021.000
6.844520000,47.804790000,1018.000
6.844450000,47.804670000,1016.000
6.844390000,47.804580000,1015.000
6.844360000,47.804500000,1014.000
6.844130000,47.803980000,1012.000
6.844060000,47.803690000,1010.000
6.843990000,47.803090000,1007.000
6.843980000,47.803050000,1006.000
6.843950000,47.802910000,1004.000
6.843950000,47.802880000,1003.000
6.843850000,47.802650000,1002.000
6.843770000,47.802500000,1001.000
6.843710000,47.802400000,1000.000
6.843690000,47.802370000,999.000
6.843650000,47.802300000,999.000
6.843540000,47.801950000,998.000
6.843520000,47.801890000,997.000
6.843530000,47.801830000,996.000
6.843550000,47.801770000,996.000
6.843580000,47.801680000,995.000
6.843700000,47.801580000,995.000
6.843730000,47.801560000,994.000
6.843750000,47.801550000,994.000
6.843930000,47.801460000,994.000
6.843950000,47.801450000,993.000
6.844150000,47.801370000,993.000
6.844180000,47.801360000,993.000
6.844420000,47.801280000,992.000
6.844450000,47.801270000,992.000
6.844890000,47.801110000,991.000
6.844940000,47.801090000,991.000
6.845040000,47.801040000,990.000
6.845140000,47.800990000,990.000
6.845290000,47.800870000,989.000
6.845360000,47.800790000,989.000
6.845400000,47.800720000,988.000
6.845410000,47.800710000,988.000
6.845480000,47.800550000,988.000
6.845490000,47.800540000,987.000
6.845560000,47.800320000,987.000
6.845620000,47.800050000,986.000
6.845610000,47.799880000,985.000
6.845610000,47.799790000,985.000
6.845580000,47.799700000,984.000
6.845550000,47.799610000,984.000
6.845510000,47.799530000,983.000
6.845440000,47.799440000,983.000
6.845370000,47.799370000,982.000
6.845180000,47.799200000,982.000
6.844990000,47.799050000,981.000
6.844860000,47.798950000,980.000
6.844820000,47.798920000,980.000
6.844750000,47.798860000,979.000
6.844530000,47.798710000,978.000
6.844430000,47.798620000,977.000
6.844220000,47.798470000,976.000
6.844120000,47.798390000,975.000
6.843930000,47.798240000,974.000
6.843850000,47.798160000,973.000
6.843650000,47.797910000,972.000
6.843550000,47.797730000,971.000
6.843360000,47.797460000,969.000
6.843180000,47.797220000,968.000
6.843000000,47.796970000,966.000
6.842920000,47.796860000,965.000
6.842880000,47.796820000,964.000
6.842760000,47.796690000,963.000
6.842740000,47.796670000,963.000
6.842640000,47.796590000,962.000
6.842560000,47.796530000,962.000
6.842500000,47.796510000,961.000
6.842440000,47.796490000,961.000
6.842390000,47.796490000,960.000
6.842360000,47.796490000,960.000
6.842340000,47.796500000,960.000
6.842330000,47.796500000,960.000
6.842320000,47.796510000,960.000
6.842300000,47.796520000,960.000
6.842270000,47.796560000,959.000
6.842270000,47.796600000,959.000
6.842260000,47.796620000,959.000
6.842270000,47.796640000,959.000
6.842290000,47.796670000,959.000
6.842330000,47.796700000,959.000
6.842370000,47.796720000,958.000
6.842390000,47.796730000,958.000
6.842510000,47.796790000,958.000
6.842560000,47.796820000,958.000
6.842610000,47.796860000,957.000
6.842680000,47.796920000,957.000
6.842730000,47.796980000,957.000
6.842780000,47.797040000,956.000
6.842820000,47.797120000,956.000
6.842830000,47.797140000,956.000
6.842860000,47.797210000,955.000
6.843030000,47.797570000,954.000
6.843060000,47.797660000,953.000
6.843110000,47.797790000,953.000
6.843120000,47.797830000,952.000
6.843160000,47.797950000,951.000
6.843170000,47.798010000,951.000
6.843200000,47.798140000,950.000
6.843260000,47.798330000,949.000
6.843330000,47.798510000,948.000
6.843430000,47.798670000,947.000
6.843590000,47.798860000,947.000
6.843720000,47.799010000,947.000
6.843860000,47.799170000,947.000
6.843890000,47.799190000,947.000
6.844140000,47.799470000,948.000
6.844170000,47.799500000,948.000
6.844260000,47.799640000,948.000
6.844270000,47.799660000,949.000
6.844300000,47.799740000,949.000
6.844330000,47.799810000,949.000
6.844340000,47.799810000,949.000
6.844350000,47.799930000,950.000
6.844370000,47.800000000,950.000
6.844370000,47.800070000,950.000
6.844350000,47.800160000,950.000
6.844350000,47.800190000,951.000
6.844310000,47.800250000,951.000
6.844270000,47.800290000,951.000
6.844230000,47.800320000,951.000
6.844220000,47.800330000,951.000
6.844170000,47.800360000,951.000
6.844090000,47.800390000,950.000
6.844000000,47.800400000,950.000
6.843900000,47.800430000,949.000
6.843780000,47.800440000,948.000
6.843740000,47.800450000,947.000
6.843380000,47.800500000,946.000
6.842970000,47.800560000,943.000
6.842960000,47.800560000,942.000
6.842830000,47.800580000,940.000
6.842700000,47.800620000,939.000
6.842350000,47.800720000,937.000
6.842240000,47.800760000,935.000
6.842220000,47.800770000,934.000
6.842120000,47.800820000,932.000
6.841890000,47.801000000,930.000
6.841850000,47.801030000,929.000
6.841650000,47.801190000,928.000
6.841440000,47.801390000,927.000
6.841400000,47.801470000,926.000
6.841250000,47.801810000,925.000
6.841230000,47.801960000,924.000
6.841240000,47.801990000,923.000
6.841260000,47.802140000,923.000
6.841350000,47.802440000,922.000
6.841480000,47.802770000,921.000
6.841600000,47.803140000,919.000
6.841600000,47.803230000,917.000
6.841600000,47.803460000,916.000
6.841610000,47.804060000,913.000
6.841750000,47.804840000,908.000
6.841790000,47.805050000,905.000
6.841870000,47.805190000,902.000
6.841900000,47.805230000,900.000
6.841900000,47.805270000,899.000
6.841900000,47.805300000,898.000
6.841880000,47.805340000,897.000
6.841850000,47.805370000,896.000
6.841800000,47.805390000,896.000
6.841760000,47.805400000,895.000
6.841690000,47.805410000,895.000
6.841640000,47.805390000,894.000
6.841610000,47.805380000,894.000
6.841600000,47.805370000,894.000
6.841600000,47.805360000,894.000
6.841590000,47.805350000,893.000
6.841570000,47.805320000,893.000
6.841510000,47.805100000,892.000
6.841500000,47.805090000,892.000
6.841460000,47.804910000,891.000
6.841420000,47.804710000,890.000
6.841280000,47.804250000,888.000
6.841200000,47.804030000,886.000
6.841100000,47.803810000,885.000
6.840980000,47.803600000,884.000
6.840830000,47.803290000,883.000
6.840700000,47.802980000,882.000
6.840620000,47.802780000,882.000
6.840510000,47.802600000,881.000
6.840310000,47.802340000,881.000
6.840310000,47.802330000,880.000
6.840210000,47.802160000,879.000
6.840150000,47.801990000,878.000
6.840090000,47.801640000,876.000
6.840090000,47.801630000,875.000
6.840070000,47.801270000,873.000
6.840070000,47.801220000,871.000
6.840060000,47.801090000,870.000
6.840060000,47.801000000,868.000
6.840060000,47.800780000,867.000
6.840080000,47.800710000,866.000
6.840150000,47.800590000,864.000
6.840160000,47.800570000,863.000
6.840200000,47.800520000,863.000
6.840310000,47.800420000,862.000
6.840320000,47.800410000,862.000
6.840380000,47.800350000,862.000
6.840420000,47.800290000,862.000
6.840450000,47.800230000,862.000
6.840470000,47.800070000,861.000
6.840470000,47.800020000,861.000
6.840480000,47.799970000,861.000
6.840510000,47.799920000,861.000
6.840590000,47.799850000,861.000
6.840740000,47.799800000,861.000
6.840830000,47.799770000,861.000
6.840900000,47.799760000,861.000
6.840970000,47.799740000,861.000
6.841040000,47.799720000,861.000
6.841120000,47.799690000,861.000
6.841150000,47.799640000,861.000
6.841150000,47.799580000,861.000
6.841120000,47.799540000,861.000
6.841030000,47.799470000,861.000
6.840890000,47.799400000,861.000
6.840550000,47.799230000,861.000
6.840470000,47.799190000,860.000
6.840340000,47.799090000,860.000
6.840340000,47.799080000,859.000
6.840170000,47.798950000,858.000
6.840160000,47.798940000,857.000
6.840070000,47.798810000,856.000
6.840010000,47.798680000,855.000
6.840000000,47.798500000,853.000
6.840010000,47.798280000,851.000
6.840000000,47.798250000,850.000
6.839980000,47.798220000,849.000
6.839930000,47.798180000,848.000
6.839870000,47.798140000,847.000
6.839740000,47.798080000,846.000
6.839460000,47.797940000,844.000
6.839380000,47.797880000,843.000
6.839350000,47.797830000,842.000
6.839290000,47.797700000,840.000
6.839250000,47.797560000,839.000
6.839270000,47.797380000,838.000
6.839280000,47.797330000,837.000
6.839280000,47.797210000,837.000
6.839250000,47.797170000,836.000
6.839200000,47.797140000,836.000
6.839170000,47.797130000,836.000
6.839150000,47.797120000,835.000
6.839120000,47.797120000,835.000
6.839060000,47.797130000,835.000
6.839010000,47.797140000,835.000
6.838990000,47.797160000,835.000
6.838980000,47.797170000,835.000
6.838970000,47.797180000,834.000
6.838960000,47.797190000,834.000
6.838990000,47.797270000,834.000
6.838990000,47.797290000,834.000
6.839000000,47.797450000,834.000
6.839000000,47.797480000,833.000
6.839050000,47.797730000,833.000
6.839070000,47.797810000,833.000
6.839130000,47.797990000,832.000
6.839140000,47.798040000,831.000
6.839220000,47.798180000,831.000
6.839310000,47.798270000,830.000
6.839360000,47.798310000,830.000
6.839390000,47.798370000,830.000
6.839410000,47.798430000,829.000
6.839340000,47.798720000,828.000
6.839330000,47.798910000,827.000
6.839420000,47.799070000,826.000
6.839500000,47.799160000,825.000
6.839530000,47.799210000,825.000
6.839540000,47.799270000,824.000
6.839550000,47.799370000,823.000
6.839540000,47.799390000,823.000
6.839510000,47.799450000,823.000
6.839450000,47.799500000,822.000
6.839430000,47.799530000,822.000
6.839310000,47.799640000,821.000
6.839090000,47.799810000,820.000
6.838890000,47.799980000,819.000
6.838820000,47.800040000,819.000
6.838790000,47.800100000,818.000
6.838780000,47.800110000,817.000
6.838700000,47.800270000,816.000
6.838650000,47.800440000,814.000
6.838630000,47.800540000,813.000
6.838580000,47.800730000,811.000
6.838570000,47.800800000,810.000
6.838560000,47.800820000,808.000
6.838500000,47.801010000,807.000
6.838490000,47.801060000,806.000
6.838460000,47.801150000,804.000
6.838450000,47.801200000,803.000
6.838380000,47.801520000,801.000
6.838350000,47.801580000,800.000
6.838320000,47.801630000,798.000
6.838270000,47.801670000,797.000
6.838230000,47.801690000,796.000
6.838120000,47.801740000,795.000
6.838050000,47.801760000,795.000
6.838040000,47.801760000,794.000
6.837950000,47.801780000,794.000
6.837770000,47.801790000,793.000
6.837680000,47.801780000,792.000
6.837600000,47.801770000,792.000
6.837450000,47.801730000,791.000
6.837290000,47.801660000,790.000
6.837220000,47.801630000,790.000
6.837120000,47.801590000,789.000
6.837060000,47.801580000,789.000
6.836800000,47.801520000,788.000
6.836650000,47.801500000,787.000
6.836550000,47.801470000,786.000
6.836330000,47.801410000,785.000
6.836300000,47.801400000,785.000
6.836120000,47.801370000,784.000
6.835920000,47.801340000,783.000
6.835780000,47.801320000,782.000
6.835750000,47.801320000,782.000
6.835610000,47.801290000,781.000
6.835360000,47.801240000,780.000
6.835130000,47.801210000,779.000
6.834910000,47.801180000,778.000
6.834810000,47.801180000,778.000
6.834710000,47.801180000,777.000
6.834620000,47.801190000,777.000
6.834520000,47.801210000,776.000
6.834460000,47.801230000,776.000
6.834320000,47.801280000,775.000
6.834140000,47.801360000,775.000
6.834070000,47.801380000,774.000
6.834010000,47.801370000,774.000
6.833940000,47.801340000,773.000
6.833930000,47.801290000,773.000
6.833960000,47.801220000,772.000
6.834020000,47.801170000,772.000
6.834130000,47.801110000,772.000
6.834220000,47.801070000,771.000
6.834310000,47.801010000,771.000
6.834410000,47.800920000,770.000
6.834530000,47.800760000,769.000
6.834600000,47.800700000,769.000
6.834630000,47.800670000,768.000
6.834740000,47.800590000,768.000
6.834770000,47.800570000,768.000
6.834870000,47.800520000,768.000
6.834980000,47.800480000,767.000
6.835170000,47.800440000,767.000
6.835270000,47.800440000,767.000
6.835500000,47.800440000,767.000
6.835530000,47.800440000,767.000
6.835620000,47.800450000,767.000
6.835950000,47.800500000,767.000
6.836050000,47.800510000,767.000
6.836070000,47.800510000,766.000
6.836260000,47.800510000,766.000
6.836320000,47.800500000,766.000
6.836350000,47.800500000,766.000
6.836440000,47.800480000,766.000
6.836520000,47.800460000,766.000
6.836660000,47.800410000,766.000
6.836690000,47.800300000,766.000
6.836700000,47.800230000,766.000
6.836720000,47.800180000,766.000
6.836720000,47.800080000,766.000
6.836760000,47.799970000,765.000
6.836800000,47.799930000,765.000
6.836900000,47.799820000,764.000
6.837010000,47.799710000,763.000
6.837050000,47.799640000,763.000
6.837060000,47.799640000,762.000
6.837090000,47.799520000,761.000
6.837090000,47.799410000,760.000
6.837070000,47.799180000,759.000
6.837020000,47.798950000,758.000
6.837010000,47.798930000,757.000
6.836920000,47.798760000,755.000
6.836830000,47.798600000,754.000
6.836830000,47.798590000,753.000
6.836780000,47.798460000,752.000
6.836760000,47.798310000,751.000
6.836750000,47.798090000,749.000
6.836750000,47.797860000,747.000
6.836760000,47.797540000,745.000
6.836760000,47.797520000,743.000
6.836760000,47.797440000,742.000
6.836740000,47.797350000,741.000
6.836730000,47.797340000,740.000
6.836730000,47.797330000,739.000
6.836690000,47.797310000,739.000
6.836660000,47.797290000,738.000
6.836630000,47.797280000,738.000
6.836490000,47.797270000,737.000
6.836470000,47.797290000,737.000
6.836460000,47.797310000,736.000
6.836440000,47.797330000,736.000
6.836420000,47.797370000,736.000
6.836410000,47.797400000,735.000
6.836410000,47.797420000,735.000
6.836390000,47.797600000,734.000
6.836390000,47.797650000,733.000
6.836370000,47.797700000,733.000
6.836330000,47.797810000,732.000
6.836280000,47.797940000,731.000
6.836170000,47.798170000,729.000
6.836120000,47.798290000,728.000
6.836050000,47.798470000,727.000
6.836050000,47.798490000,726.000
6.835960000,47.798700000,725.000
6.835910000,47.798810000,724.000
6.835850000,47.798880000,723.000
6.835730000,47.798950000,723.000
6.835660000,47.798970000,722.000
6.835520000,47.798980000,721.000
6.835380000,47.798980000,721.000
6.835180000,47.798980000,720.000
6.835010000,47.798980000,719.000
6.834880000,47.798990000,719.000
6.834740000,47.799020000,718.000
6.834730000,47.799020000,717.000
6.834530000,47.799060000,717.000
6.834340000,47.799120000,716.000
6.834120000,47.799170000,716.000
6.833990000,47.799210000,716.000
6.833940000,47.799230000,716.000
6.833830000,47.799280000,716.000
6.833780000,47.799320000,716.000
6.833740000,47.799340000,716.000
6.833610000,47.799460000,716.000
6.833460000,47.799610000,716.000
6.833450000,47.799620000,716.000
6.833310000,47.799760000,716.000
6.833280000,47.799790000,716.000
6.833130000,47.799950000,716.000
6.833060000,47.800010000,716.000
6.833010000,47.800030000,716.000
6.832990000,47.800040000,716.000
6.832900000,47.800080000,716.000
6.832840000,47.800100000,716.000
6.832800000,47.800110000,716.000
6.832730000,47.800120000,716.000
6.832680000,47.800130000,716.000
6.832630000,47.800120000,716.000
6.832580000,47.800120000,716.000
6.832540000,47.800110000,716.000
6.832470000,47.800100000,715.000
6.832330000,47.800050000,715.000
6.832250000,47.800010000,714.000
6.832180000,47.799970000,713.000
6.832140000,47.799950000,713.000
6.831970000,47.799840000,712.000
6.831940000,47.799820000,711.000
6.831890000,47.799760000,710.000
6.831820000,47.799690000,709.000
6.831770000,47.799590000,708.000
6.831740000,47.799530000,707.000
6.831720000,47.799480000,706.000
6.831690000,47.799350000,705.000
6.831700000,47.799350000,704.000
6.831710000,47.799270000,703.000
6.831750000,47.799170000,702.000
6.831820000,47.799110000,701.000
6.831970000,47.799030000,700.000
6.832140000,47.798950000,699.000
6.832250000,47.798870000,697.000
6.832300000,47.798830000,696.000
6.832310000,47.798800000,695.000
6.832330000,47.798780000,695.000
6.832340000,47.798730000,694.000
6.832350000,47.798680000,693.000
6.832340000,47.798620000,693.000
6.832340000,47.798570000,693.000
6.832270000,47.798300000,693.000
6.832220000,47.798120000,692.000
6.832210000,47.798090000,692.000
6.832200000,47.798040000,692.000
6.832190000,47.798000000,692.000
6.832140000,47.797830000,692.000
6.832090000,47.797740000,692.000
6.832040000,47.797630000,692.000
6.831980000,47.797500000,692.000
6.831930000,47.797380000,692.000
6.831910000,47.797250000,692.000
6.831920000,47.797100000,692.000
6.831900000,47.796960000,692.000
6.831870000,47.796850000,691.000
6.831810000,47.796690000,691.000
6.831740000,47.796580000,690.000
6.831630000,47.796370000,690.000
6.831620000,47.796350000,689.000
6.831520000,47.796190000,688.000
6.831420000,47.796060000,687.000
6.831310000,47.795920000,687.000
6.831180000,47.795750000,686.000
6.831150000,47.795680000,685.000
6.831130000,47.795610000,684.000
6.831130000,47.795600000,684.000
6.831130000,47.795530000,683.000
6.831130000,47.795510000,683.000
6.831140000,47.795430000,683.000
6.831170000,47.795290000,682.000
6.831200000,47.795180000,682.000
6.831230000,47.795100000,681.000
6.831250000,47.795000000,680.000
6.831270000,47.794910000,680.000
6.831290000,47.794800000,679.000
6.831280000,47.794730000,678.000
6.831270000,47.794670000,678.000
6.831260000,47.794640000,677.000
6.831220000,47.794520000,676.000
6.831120000,47.794400000,676.000
6.831020000,47.794300000,675.000
6.830930000,47.794210000,674.000
6.830890000,47.794180000,673.000
6.830880000,47.794170000,673.000
6.830840000,47.794110000,672.000
6.830830000,47.794080000,672.000
6.830780000,47.794000000,671.000
6.830740000,47.793910000,671.000
6.830710000,47.793850000,670.000
6.830690000,47.793780000,670.000
6.830670000,47.793700000,669.000
6.830650000,47.793590000,668.000
6.830640000,47.793520000,668.000
6.830620000,47.793410000,667.000
6.830580000,47.793300000,667.000
6.830560000,47.793220000,667.000
6.830480000,47.793120000,667.000
6.830390000,47.793060000,667.000
6.830310000,47.793000000,667.000
6.830270000,47.792960000,668.000
6.830210000,47.792920000,668.000
6.830130000,47.792860000,668.000
6.830090000,47.792840000,669.000
6.830030000,47.792790000,669.000
6.829950000,47.792730000,669.000
6.829940000,47.792730000,670.000
6.829850000,47.792660000,670.000
6.829760000,47.792600000,670.000
6.829710000,47.792570000,671.000
6.829660000,47.792540000,671.000
6.829560000,47.792480000,671.000
6.829550000,47.792480000,672.000
6.829450000,47.792420000,672.000
6.829440000,47.792420000,672.000
6.829360000,47.792370000,673.000
6.829310000,47.792340000,673.000
6.829160000,47.792250000,673.000
6.829140000,47.792240000,674.000
6.829050000,47.792180000,674.000
6.828960000,47.792120000,674.000
6.828920000,47.792070000,675.000
6.828900000,47.792030000,675.000
6.828880000,47.791980000,675.000
6.828890000,47.791950000,674.000
6.828900000,47.791920000,674.000
6.828940000,47.791860000,673.000
6.828990000,47.791790000,673.000
6.829070000,47.791700000,672.000
6.829210000,47.791550000,670.000
6.829250000,47.791510000,669.000
6.829420000,47.791260000,667.000
6.829560000,47.791050000,665.000
6.829640000,47.790930000,662.000
6.829660000,47.790900000,661.000
6.829700000,47.790800000,659.000
6.829720000,47.790740000,658.000
6.829710000,47.790720000,657.000
6.829710000,47.790690000,656.000
6.829700000,47.790630000,655.000
6.829660000,47.790570000,654.000
6.829590000,47.790420000,653.000
6.829560000,47.790380000,652.000
6.829550000,47.790370000,652.000
6.829520000,47.790300000,651.000
6.829510000,47.790220000,651.000
6.829500000,47.790200000,650.000
6.829500000,47.790120000,650.000
6.829510000,47.789950000,650.000
6.829520000,47.789840000,650.000
6.829570000,47.789630000,649.000
6.829620000,47.789490000,649.000
6.829680000,47.789320000,649.000
6.829710000,47.789210000,648.000
6.829750000,47.789140000,648.000
6.829790000,47.789060000,648.000
6.829840000,47.788940000,648.000
6.829930000,47.788800000,647.000
6.830260000,47.788310000,647.000
6.830500000,47.787950000,645.000
6.830660000,47.787760000,644.000
6.830740000,47.787670000,643.000
6.830870000,47.787520000,642.000
6.830870000,47.787510000,641.000
6.831230000,47.787130000,639.000
6.831360000,47.786960000,638.000
6.831540000,47.786760000,636.000
6.831770000,47.786520000,635.000
6.831930000,47.786360000,633.000
6.832010000,47.786300000,631.000
6.832180000,47.786160000,629.000
6.832210000,47.786130000,627.000
6.832490000,47.785920000,625.000
6.832540000,47.785890000,623.000
6.832730000,47.785770000,621.000
6.832860000,47.785690000,619.000
6.832930000,47.785640000,617.000
6.833120000,47.785520000,615.000
6.833180000,47.785470000,613.000
6.833310000,47.785390000,612.000
6.833500000,47.785270000,610.000
6.833650000,47.785170000,608.000
6.833690000,47.785140000,606.000
6.833810000,47.785060000,605.000
6.833900000,47.784990000,604.000
6.833970000,47.784920000,603.000
6.834020000,47.784830000,602.000
6.834060000,47.784690000,601.000
6.834070000,47.784530000,600.000
6.834120000,47.784180000,599.000
6.834120000,47.784140000,598.000
6.834120000,47.784120000,597.000
6.834140000,47.784000000,596.000
6.834140000,47.783940000,596.000
6.834180000,47.783580000,594.000
6.834200000,47.783400000,593.000
6.834200000,47.783350000,592.000
6.834200000,47.783220000,592.000
6.834180000,47.783150000,592.000
6.834160000,47.783090000,592.000
6.834130000,47.783000000,592.000
6.834020000,47.782850000,592.000
6.833860000,47.782650000,592.000
6.833830000,47.782600000,592.000
6.833730000,47.782440000,593.000
6.833640000,47.782330000,593.000
6.833600000,47.782280000,593.000
6.833460000,47.782130000,594.000
6.833450000,47.782110000,594.000
6.833360000,47.782030000,594.000
6.833310000,47.781980000,594.000
6.833260000,47.781930000,595.000
6.833220000,47.781870000,595.000
6.833190000,47.781820000,595.000
6.833170000,47.781770000,595.000
6.833150000,47.781710000,595.000
6.833150000,47.781620000,595.000
6.833200000,47.781470000,594.000
6.833320000,47.781270000,593.000
6.833420000,47.781140000,592.000
6.833470000,47.781070000,591.000
6.833540000,47.780970000,591.000
6.833610000,47.780820000,590.000
6.833690000,47.780650000,589.000
6.833720000,47.780580000,588.000
6.833760000,47.780490000,587.000
6.833780000,47.780450000,586.000
6.833830000,47.780320000,585.000
6.833870000,47.780210000,584.000
6.833880000,47.780160000,584.000
6.833900000,47.780080000,583.000
6.833900000,47.779920000,582.000
6.833900000,47.779770000,581.000
6.833890000,47.779660000,580.000
6.833890000,47.779560000,580.000
6.833920000,47.779430000,579.000
6.833940000,47.779360000,578.000
6.833980000,47.779210000,577.000
6.834050000,47.779050000,577.000
6.834110000,47.778900000,576.000
6.834140000,47.778830000,575.000
6.834190000,47.778760000,574.000
6.834220000,47.778720000,574.000
6.834300000,47.778640000,573.000
6.834390000,47.778570000,572.000
6.834450000,47.778550000,572.000
6.834550000,47.778490000,571.000
6.834730000,47.778430000,571.000
6.834920000,47.778380000,570.000
6.835050000,47.778350000,569.000
6.835160000,47.778340000,569.000
6.835300000,47.778330000,568.000
6.835410000,47.778330000,567.000
6.835450000,47.778330000,567.000
6.835540000,47.778320000,566.000
6.835600000,47.778300000,566.000
6.835660000,47.778270000,565.000
6.835680000,47.778250000,565.000
6.835750000,47.778200000,564.000
6.835770000,47.778160000,564.000
6.835770000,47.778110000,564.000
6.835770000,47.778090000,563.000
6.835760000,47.778020000,563.000
6.835710000,47.777920000,562.000
6.835640000,47.777750000,562.000
6.835630000,47.777720000,561.000
6.835560000,47.777580000,560.000
6.835520000,47.777510000,559.000
6.835470000,47.777410000,559.000
6.835450000,47.777370000,558.000
6.835420000,47.777330000,557.000
6.835360000,47.777240000,557.000
6.835290000,47.777160000,556.000
6.835160000,47.777040000,555.000
6.834830000,47.776810000,554.000
6.834630000,47.776660000,553.000
6.834450000,47.776530000,552.000
6.834350000,47.776450000,551.000
6.834240000,47.776370000,550.000
6.834060000,47.776210000,549.000
6.833900000,47.776070000,548.000
6.833730000,47.775930000,547.000
6.833640000,47.775860000,547.000
6.833570000,47.775790000,546.000
6.833400000,47.775650000,545.000
6.833290000,47.775560000,545.000
6.833080000,47.775380000,544.000
6.832810000,47.775190000,544.000
6.832620000,47.775080000,544.000
6.832460000,47.775010000,544.000
6.832220000,47.774920000,544.000
6.832000000,47.774830000,544.000
6.831390000,47.774610000,544.000
6.831140000,47.774530000,544.000
6.830630000,47.774320000,543.000
6.830010000,47.774020000,542.000
6.829630000,47.773820000,540.000
6.829480000,47.773710000,539.000
6.829440000,47.773670000,537.000
6.829330000,47.773520000,536.000
6.829250000,47.773410000,535.000
6.829230000,47.773360000,535.000
6.829190000,47.773280000,534.000
6.829160000,47.773220000,533.000
6.829140000,47.773180000,533.000
6.829110000,47.773110000,533.000
6.829090000,47.773030000,533.000
6.829070000,47.772930000,533.000
6.829050000,47.772860000,533.000
6.829050000,47.772660000,533.000
6.829070000,47.772420000,533.000
6.829080000,47.772340000,533.000
6.829080000,47.772200000,533.000
6.829070000,47.772110000,533.000
6.829060000,47.772010000,534.000
6.829010000,47.771910000,534.000
6.828990000,47.771840000,534.000
6.828950000,47.771760000,534.000
6.828850000,47.771590000,534.000
6.828740000,47.771410000,534.000
6.828700000,47.771340000,534.000
6.828600000,47.771180000,534.000
6.828570000,47.771120000,534.000
6.828510000,47.770950000,533.000
6.828440000,47.770780000,532.000
6.828400000,47.770660000,532.000
6.828340000,47.770480000,531.000
6.828300000,47.770360000,530.000
6.828280000,47.770310000,530.000
6.828220000,47.770130000,529.000
6.828220000,47.770100000,528.000
6.828120000,47.769760000,527.000
6.828070000,47.769590000,526.000
6.828040000,47.769500000,526.000
6.828010000,47.769430000,525.000
6.828010000,47.769420000,525.000
6.827960000,47.769320000,525.000
6.827910000,47.769260000,525.000
6.827790000,47.769120000,525.000
6.827770000,47.769100000,525.000
6.827650000,47.768980000,525.000
6.827500000,47.768840000,526.000
6.827460000,47.768810000,526.000
6.827330000,47.768700000,526.000
6.827290000,47.768670000,526.000
6.827120000,47.768540000,526.000
6.827090000,47.768510000,526.000
6.826920000,47.768370000,527.000
6.826820000,47.768280000,527.000
6.826640000,47.768070000,527.000
6.826530000,47.767940000,527.000
6.826510000,47.767910000,527.000
6.826290000,47.767620000,527.000
6.826220000,47.767510000,526.000
6.826190000,47.767460000,526.000
6.826120000,47.767360000,526.000
6.826060000,47.767270000,525.000
6.826010000,47.767190000,525.000
6.825960000,47.767110000,525.000
6.825900000,47.767040000,524.000
6.825710000,47.766910000,524.000
6.825530000,47.766790000,523.000
6.825410000,47.766710000,523.000
6.825400000,47.766700000,523.000
6.825370000,47.766670000,523.000
6.825260000,47.766560000,522.000
6.825240000,47.766530000,522.000
6.825190000,47.766470000,522.000
6.825160000,47.766380000,521.000
6.825100000,47.766250000,521.000
6.825090000,47.766200000,520.000
6.824970000,47.765900000,520.000
6.824960000,47.765880000,519.000
6.824890000,47.765730000,518.000
6.824810000,47.765560000,518.000
6.824760000,47.765440000,517.000
6.824690000,47.765330000,516.000
6.824560000,47.765200000,515.000
6.824430000,47.765090000,515.000
6.824340000,47.765020000,514.000
6.824170000,47.764930000,513.000
6.824080000,47.764900000,513.000
6.824050000,47.764890000,512.000
6.823840000,47.764830000,512.000
6.823640000,47.764760000,511.000
6.823430000,47.764680000,511.000
6.823350000,47.764650000,511.000
6.823210000,47.764580000,510.000
6.823150000,47.764530000,510.000
6.823020000,47.764450000,510.000
6.822970000,47.764400000,510.000
6.822910000,47.764350000,509.000
6.822780000,47.764200000,509.000
6.822710000,47.764090000,509.000
6.822570000,47.763880000,509.000
6.822510000,47.763800000,508.000
6.822470000,47.763730000,508.000
6.822430000,47.763650000,508.000
6.822300000,47.763400000,507.000
6.822220000,47.763190000,507.000
6.822200000,47.763050000,506.000
6.822110000,47.762760000,506.000
6.822050000,47.762590000,505.000
6.821980000,47.762460000,505.000
6.821920000,47.762360000,504.000
6.821790000,47.762210000,504.000
6.821680000,47.762070000,504.000
6.821660000,47.762040000,503.000
6.821540000,47.761890000,503.000
6.821440000,47.761750000,503.000
6.821350000,47.761620000,502.000
6.821330000,47.761580000,502.000
6.821280000,47.761510000,502.000
6.821170000,47.761320000,502.000
6.821070000,47.761150000,502.000
6.820940000,47.760940000,502.000
6.820830000,47.760750000,502.000
6.820790000,47.760670000,502.000
6.820420000,47.760140000,502.000
6.820300000,47.759930000,502.000
6.820240000,47.759790000,502.000
6.820110000,47.759490000,502.000
6.820000000,47.759240000,502.000
6.819970000,47.759140000,502.000
6.819940000,47.759060000,501.000
6.819840000,47.758910000,501.000
6.819760000,47.758810000,501.000
6.819690000,47.758730000,501.000
6.819570000,47.758620000,501.000
6.819450000,47.758500000,500.000
6.819410000,47.758430000,500.000
6.819370000,47.758320000,500.000
6.819330000,47.758170000,500.000
6.819270000,47.757960000,500.000
6.819260000,47.757930000,500.000
6.819190000,47.757720000,500.000
6.819100000,47.757470000,500.000
6.819080000,47.757370000,500.000
6.819030000,47.757200000,500.000
6.819010000,47.757040000,500.000
6.819000000,47.756990000,500.000
6.818990000,47.756870000,500.000
6.818980000,47.756790000,500.000
6.818980000,47.756720000,500.000
6.818980000,47.756610000,500.000
6.818980000,47.756510000,500.000
6.818990000,47.756420000,500.000
6.819000000,47.756320000,500.000
6.819010000,47.756260000,499.000
6.819030000,47.756180000,499.000
6.819100000,47.755930000,499.000
6.819200000,47.755620000,499.000
6.819230000,47.755520000,498.000
6.819350000,47.755160000,498.000
6.819360000,47.755110000,497.000
6.819370000,47.755070000,497.000
6.819380000,47.755030000,497.000
6.819380000,47.754940000,496.000
6.819390000,47.754860000,496.000
6.819380000,47.754820000,496.000
6.819360000,47.754750000,496.000
6.819330000,47.754680000,496.000
6.819290000,47.754620000,495.000
6.819150000,47.754450000,495.000
6.819080000,47.754360000,495.000
6.819030000,47.754310000,495.000
6.819010000,47.754290000,495.000
6.818970000,47.754240000,495.000
6.818900000,47.754110000,495.000
6.818870000,47.754010000,495.000
6.818860000,47.753890000,495.000
6.818860000,47.753740000,495.000
6.818860000,47.753650000,495.000
6.818870000,47.753530000,495.000
6.818890000,47.753360000,495.000
6.818920000,47.753260000,495.000
6.818950000,47.753180000,495.000
6.819070000,47.752980000,495.000
6.819250000,47.752660000,495.000
6.819430000,47.752380000,495.000
6.819550000,47.752150000,495.000
6.819630000,47.751990000,495.000
6.819660000,47.751900000,495.000
6.819710000,47.751800000,494.000
6.819730000,47.751660000,494.000
6.819740000,47.751600000,494.000
6.819740000,47.751540000,494.000
6.819720000,47.751460000,494.000
6.819700000,47.751400000,494.000
6.819630000,47.751240000,493.000
6.819560000,47.751080000,493.000
6.819480000,47.750870000,493.000
6.819460000,47.750730000,493.000
6.819460000,47.750570000,493.000
6.819470000,47.750480000,493.000
6.819480000,47.750400000,493.000
6.819520000,47.750270000,493.000
6.819590000,47.750170000,493.000
6.819790000,47.749890000,493.000
6.819850000,47.749800000,493.000
6.820080000,47.749520000,493.000
6.820110000,47.749490000,493.000
6.820250000,47.749290000,493.000
6.820310000,47.749220000,493.000
6.820410000,47.749100000,493.000
6.820890000,47.748590000,492.000
6.821160000,47.748350000,492.000
6.821390000,47.748150000,492.000
6.821640000,47.747960000,492.000
6.821930000,47.747730000,491.000
6.822210000,47.747520000,491.000
6.822370000,47.747390000,491.000
6.822840000,47.746950000,491.000
6.822940000,47.746840000,490.000
6.823090000,47.746750000,490.000
6.823390000,47.746560000,490.000
6.823520000,47.746470000,490.000
6.823600000,47.746420000,490.000
6.823860000,47.746190000,490.000
6.823950000,47.746090000,490.000
6.824040000,47.746000000,489.000
6.824190000,47.745790000,489.000
6.824230000,47.745700000,489.000
6.824280000,47.745570000,488.000
6.824380000,47.745340000,488.000
6.824480000,47.745130000,487.000
6.824510000,47.745060000,487.000
6.824620000,47.744800000,486.000
6.824660000,47.744690000,485.000
6.824710000,47.744520000,485.000
6.824790000,47.744250000,484.000
6.824840000,47.744080000,483.000
6.824880000,47.743900000,483.000
6.824910000,47.743680000,482.000
6.824920000,47.743640000,482.000
6.824920000,47.743550000,481.000
6.824930000,47.743370000,481.000
6.824970000,47.743140000,480.000
6.825000000,47.743060000,480.000
6.825140000,47.742410000,479.000
6.825180000,47.742310000,478.000
6.825200000,47.742250000,478.000
6.825230000,47.742190000,477.000
6.825300000,47.742090000,477.000
6.825300000,47.742090000,477.000
6.825440000,47.741970000,476.000
6.825580000,47.741920000,476.000
6.825670000,47.741890000,475.000
6.825860000,47.741830000,475.000
6.826300000,47.741660000,474.000
6.826820000,47.741370000,473.000
6.826920000,47.741200000,472.000
6.826930000,47.741180000,471.000
6.826970000,47.741100000,471.000
6.827020000,47.741000000,470.000
6.827080000,47.740910000,470.000
6.827130000,47.740810000,470.000
6.827150000,47.740780000,470.000
6.827230000,47.740590000,470.000
6.827280000,47.740440000,470.000
6.827420000,47.740210000,470.000
6.827530000,47.739990000,470.000
6.827540000,47.739980000,470.000
6.827550000,47.739940000,470.000
6.827590000,47.739800000,470.000
6.827600000,47.739760000,470.000
6.827600000,47.739750000,470.000
6.827650000,47.739580000,470.000
6.827680000,47.739450000,470.000
6.827710000,47.739340000,469.000
6.827780000,47.739190000,469.000
6.827890000,47.739000000,469.000
6.828160000,47.738640000,469.000
6.828470000,47.738230000,469.000
6.828780000,47.737760000,468.000
6.828900000,47.737530000,468.000
6.828980000,47.737380000,467.000
6.829060000,47.737220000,467.000
6.829090000,47.737150000,467.000
6.829210000,47.736690000,466.000
6.829230000,47.736600000,466.000
6.829820000,47.734360000,464.000
6.829890000,47.734100000,462.000
6.829920000,47.733940000,461.000
6.829930000,47.733890000,461.000
6.830000000,47.733330000,461.000
6.830000000,47.733190000,460.000
6.830000000,47.733100000,460.000
6.829990000,47.733060000,460.000
6.829990000,47.733030000,460.000
6.829990000,47.732960000,460.000
6.829990000,47.732900000,460.000
6.829990000,47.732780000,460.000
6.829980000,47.732540000,460.000
6.830010000,47.732390000,460.000
6.830030000,47.732090000,460.000
6.830100000,47.731910000,459.000
6.830120000,47.731830000,459.000
6.830180000,47.731720000,459.000
6.830230000,47.731660000,458.000
6.830410000,47.731460000,458.000
6.830530000,47.731340000,458.000
6.830660000,47.731100000,457.000
6.830690000,47.731060000,457.000
6.830700000,47.731030000,456.000
6.830700000,47.731010000,456.000
6.830710000,47.730990000,456.000
6.830730000,47.730930000,456.000
6.830750000,47.730610000,455.000
6.830750000,47.730220000,455.000
6.830750000,47.730200000,454.000
6.830760000,47.729600000,454.000
6.830770000,47.729520000,453.000
6.830800000,47.729420000,453.000
6.830900000,47.729080000,452.000
6.831060000,47.728550000,452.000
6.831210000,47.728020000,451.000
6.831280000,47.727680000,451.000
6.831420000,47.727080000,450.000
6.831430000,47.727040000,450.000
6.831680000,47.725840000,450.000
6.831710000,47.725680000,449.000
6.831720000,47.725610000,449.000
6.831750000,47.725430000,448.000
6.831770000,47.725310000,448.000
6.831790000,47.725190000,447.000
6.831840000,47.724900000,447.000
6.831880000,47.724600000,446.000
6.831920000,47.724170000,445.000
6.831980000,47.723700000,444.000
6.832020000,47.723260000,444.000
6.832060000,47.722960000,443.000
6.832060000,47.722910000,442.000
6.832080000,47.722840000,442.000
6.832080000,47.722840000,441.000
6.832090000,47.722780000,441.000
6.832110000,47.722660000,441.000
6.832180000,47.722240000,441.000
6.832430000,47.721100000,440.000
6.832520000,47.720760000,439.000
6.832560000,47.720550000,438.000
6.832600000,47.720410000,437.000
6.832600000,47.720280000,437.000
6.832620000,47.719000000,436.000
6.832610000,47.718750000,435.000
6.832620000,47.718620000,434.000
6.832620000,47.718500000,434.000
6.832630000,47.718360000,434.000
6.832660000,47.718210000,434.000
6.832700000,47.718070000,433.000
6.832740000,47.717970000,433.000
6.832820000,47.717830000,433.000
6.832890000,47.717740000,433.000
6.833190000,47.717440000,433.000
6.833300000,47.717320000,433.000
6.833440000,47.717180000,433.000
6.833650000,47.716970000,433.000
6.833850000,47.716770000,432.000
6.834140000,47.716490000,432.000
6.834440000,47.716180000,432.000
6.834660000,47.715950000,432.000
6.834870000,47.715740000,432.000
6.835070000,47.715520000,432.000
6.835130000,47.715440000,432.000
6.835230000,47.715330000,431.000
6.835260000,47.715270000,431.000
6.835260000,47.715170000,431.000
6.835270000,47.715020000,431.000
6.835280000,47.714890000,430.000
6.835290000,47.714810000,430.000
6.835290000,47.714690000,430.000
6.835300000,47.714590000,430.000
6.835310000,47.714480000,429.000
6.835370000,47.714350000,429.000
6.835450000,47.714160000,429.000
6.835530000,47.714030000,428.000
6.835570000,47.713950000,428.000
6.835770000,47.713670000,427.000
6.835860000,47.713540000,427.000
6.835980000,47.713360000,427.000
6.836040000,47.713210000,427.000
6.836060000,47.713140000,427.000
6.836110000,47.712980000,426.000
6.836130000,47.712890000,426.000
6.836140000,47.712740000,426.000
6.836130000,47.712710000,426.000
6.836110000,47.712640000,426.000
6.836070000,47.712510000,426.000
6.836020000,47.712320000,426.000
6.835980000,47.712150000,426.000
6.835930000,47.711990000,426.000
6.835870000,47.711790000,426.000
6.835830000,47.711600000,425.000
6.835810000,47.711550000,425.000
6.835770000,47.711450000,425.000
6.835670000,47.711270000,425.000
6.835650000,47.711210000,425.000
6.835630000,47.711100000,425.000
6.835630000,47.711010000,424.000
6.835650000,47.710890000,424.000
6.835740000,47.710580000,424.000
6.835770000,47.710460000,423.000
6.835780000,47.710340000,423.000
6.835770000,47.710120000,423.000
6.835730000,47.709770000,422.000
6.835690000,47.709450000,422.000
6.835700000,47.709390000,422.000
6.835720000,47.709230000,421.000
6.835750000,47.709080000,421.000
6.835840000,47.708890000,421.000
6.835970000,47.708710000,420.000
6.836010000,47.708640000,420.000
6.836080000,47.708560000,420.000
6.836380000,47.708050000,419.000
6.836550000,47.707720000,419.000
6.836660000,47.707530000,418.000
6.836730000,47.707290000,418.000
6.836770000,47.707150000,417.000
6.836790000,47.706980000,417.000
6.836790000,47.706570000,416.000
6.836800000,47.706410000,415.000
6.836810000,47.706300000,415.000
6.836830000,47.706200000,414.000
6.836890000,47.706040000,414.000
6.836970000,47.705790000,414.000
6.837020000,47.705630000,414.000
6.837050000,47.705480000,413.000
6.837040000,47.705290000,413.000
6.837020000,47.705180000,413.000
6.837020000,47.705130000,413.000
6.837010000,47.705100000,413.000
6.836950000,47.704930000,413.000
6.836860000,47.704750000,413.000
6.836510000,47.704050000,413.000
6.836470000,47.703950000,413.000
6.836410000,47.703820000,412.000
6.836380000,47.703770000,412.000
6.836140000,47.703260000,412.000
6.836030000,47.703030000,412.000
6.836020000,47.702990000,411.000
6.835990000,47.702930000,411.000
6.835670000,47.702250000,411.000
6.835460000,47.701790000,410.000
6.835320000,47.701480000,409.000
6.835250000,47.701210000,408.000
6.835170000,47.700800000,408.000
6.835010000,47.700020000,407.000
6.834960000,47.699740000,406.000
6.834900000,47.699480000,405.000
6.834870000,47.699300000,405.000
6.834860000,47.699140000,404.000
6.834870000,47.698890000,404.000
6.834940000,47.698150000,403.000
6.834970000,47.697820000,403.000
6.835070000,47.697100000,403.000
6.835090000,47.696730000,403.000
6.835080000,47.696670000,403.000
6.835110000,47.696510000,403.000
6.835110000,47.696470000,403.000
6.835130000,47.696290000,403.000
6.835140000,47.696080000,403.000
6.835160000,47.695970000,403.000
6.835160000,47.695830000,403.000
6.835140000,47.695680000,403.000
6.835120000,47.695510000,403.000
6.835100000,47.695360000,403.000
6.835090000,47.695330000,403.000
6.835040000,47.695040000,403.000
6.835000000,47.694880000,403.000
6.834980000,47.694820000,403.000
6.834950000,47.694710000,403.000
6.834930000,47.694640000,403.000
6.834920000,47.694620000,403.000
6.834920000,47.694550000,403.000
6.834910000,47.694360000,403.000
6.834920000,47.694320000,402.000
6.834900000,47.694180000,402.000
6.834910000,47.694010000,402.000
6.834920000,47.693880000,402.000
6.834940000,47.693780000,402.000
6.834970000,47.693650000,402.000
6.835010000,47.693500000,402.000
6.835060000,47.693350000,401.000
6.835080000,47.693300000,401.000
6.835110000,47.693220000,401.000
6.835170000,47.693120000,401.000
6.835190000,47.693090000,401.000
6.835270000,47.692940000,401.000
6.835330000,47.692850000,400.000
6.835410000,47.692710000,400.000
6.835530000,47.692520000,400.000
6.835650000,47.692310000,400.000
6.835870000,47.691940000,399.000
6.835900000,47.691870000,399.000
6.835940000,47.691750000,399.000
6.835960000,47.691640000,399.000
6.835980000,47.691530000,399.000
6.835970000,47.691340000,399.000
6.835920000,47.691180000,398.000
6.835860000,47.690930000,398.000
6.835800000,47.690740000,398.000
6.835740000,47.690530000,398.000
6.835700000,47.690320000,397.000
6.835680000,47.690190000,397.000
6.835670000,47.690010000,397.000
6.835650000,47.689830000,397.000
6.835640000,47.689630000,397.000
6.835640000,47.689500000,396.000
6.835660000,47.689300000,396.000
6.835680000,47.689200000,396.000
6.835690000,47.689140000,396.000
6.835700000,47.689060000,396.000
6.835660000,47.688940000,396.000
6.835650000,47.688830000,396.000
6.835650000,47.688830000,396.000
6.835640000,47.688830000,395.000
6.835640000,47.688820000,395.000
6.835630000,47.688820000,395.000
6.835630000,47.688810000,395.000
6.835620000,47.688810000,395.000
6.835610000,47.688800000,395.000
6.835610000,47.688790000,395.000
6.835600000,47.688780000,395.000
6.835600000,47.688770000,395.000
6.835600000,47.688760000,395.000
6.835600000,47.688750000,395.000
6.835600000,47.688740000,395.000
6.835610000,47.688740000,395.000
6.835610000,47.688730000,395.000
6.835620000,47.688730000,395.000
6.835620000,47.688720000,395.000
6.835630000,47.688710000,395.000
6.835640000,47.688710000,395.000
6.835640000,47.688700000,395.000
6.835650000,47.688700000,395.000
6.835660000,47.688700000,395.000
6.835670000,47.688690000,395.000
6.835680000,47.688690000,395.000
6.835690000,47.688690000,395.000
6.835700000,47.688690000,395.000
6.835710000,47.688690000,395.000
6.835720000,47.688690000,395.000
6.835800000,47.688620000,395.000
6.835920000,47.688530000,395.000
6.836050000,47.688390000,395.000
6.836230000,47.688230000,395.000
6.836310000,47.688180000,394.000
6.836500000,47.688060000,394.000
6.836580000,47.688030000,394.000
6.836740000,47.687960000,394.000
6.836850000,47.687900000,394.000
6.837170000,47.687740000,393.000
6.837530000,47.687580000,393.000
6.837650000,47.687510000,393.000
6.837770000,47.687460000,393.000
6.837890000,47.687390000,393.000
6.838030000,47.687310000,394.000
6.838120000,47.687280000,394.000
6.838120000,47.687280000,394.000
6.838120000,47.687270000,394.000
6.838120000,47.687260000,394.000
6.838120000,47.687250000,395.000
6.838120000,47.687240000,395.000
6.838130000,47.687230000,395.000
6.838140000,47.687220000,395.000
6.838140000,47.687210000,395.000
6.838150000,47.687200000,395.000
6.838160000,47.687190000,395.000
6.838170000,47.687180000,395.000
6.838180000,47.687180000,395.000
6.838190000,47.687170000,395.000
6.838200000,47.687170000,395.000
6.838210000,47.687160000,395.000
6.838220000,47.687160000,395.000
6.838230000,47.687150000,395.000
6.838240000,47.687150000,395.000
6.838250000,47.687150000,395.000
6.838260000,47.687150000,395.000
6.838270000,47.687140000,395.000
6.838280000,47.687140000,395.000
6.838290000,47.687140000,395.000
6.838300000,47.687140000,395.000
6.838320000,47.687140000,396.000
6.838330000,47.687140000,396.000
6.838340000,47.687140000,396.000
6.838350000,47.687140000,396.000
6.838360000,47.687140000,396.000
6.838370000,47.687150000,396.000
6.838390000,47.687150000,396.000
6.838400000,47.687150000,396.000
6.838410000,47.687160000,396.000
6.838420000,47.687160000,396.000
6.838430000,47.687160000,396.000
6.838440000,47.687170000,396.000
6.838450000,47.687170000,396.000
6.838460000,47.687180000,396.000
6.838470000,47.687190000,396.000
6.838480000,47.687200000,396.000
6.838490000,47.687200000,396.000
6.838490000,47.687210000,396.000
6.838500000,47.687220000,396.000
6.838500000,47.687230000,396.000
6.838630000,47.687250000,396.000
6.838720000,47.687260000,397.000
6.838810000,47.687270000,397.000
6.838910000,47.687280000,397.000
6.839150000,47.687280000,397.000
6.839180000,47.687280000,398.000
6.839440000,47.687280000,398.000
6.839690000,47.687270000,399.000
6.839940000,47.687250000,399.000
6.839950000,47.687250000,400.000
6.839970000,47.687250000,400.000
6.840160000,47.687230000,400.000
6.840210000,47.687230000,400.000
6.840380000,47.687210000,400.000
6.840590000,47.687190000,400.000
6.840770000,47.687160000,400.000
6.840800000,47.687160000,400.000
6.841000000,47.687130000,400.000
6.841020000,47.687130000,400.000
6.841210000,47.687100000,399.000
6.841240000,47.687100000,399.000
6.841450000,47.687070000,399.000
6.841550000,47.687060000,399.000
6.841670000,47.687040000,399.000
6.841730000,47.687030000,399.000
6.841810000,47.687020000,399.000
6.841870000,47.687010000,399.000
6.841890000,47.687010000,398.000
6.841990000,47.686990000,398.000
6.842110000,47.686980000,398.000
6.842330000,47.686940000,398.000
6.842540000,47.686900000,398.000
6.842650000,47.686890000,398.000
6.842820000,47.686860000,398.000
6.843040000,47.686820000,398.000
6.843250000,47.686770000,398.000
6.843330000,47.686760000,398.000
6.843540000,47.686710000,398.000
6.843730000,47.686660000,398.000
6.843850000,47.686610000,398.000
6.843940000,47.686570000,398.000
6.844040000,47.686530000,398.000
6.844130000,47.686470000,398.000
6.844130000,47.686470000,398.000
6.844130000,47.686460000,398.000
6.844140000,47.686450000,398.000
6.844140000,47.686440000,398.000
6.844140000,47.686430000,398.000
6.844150000,47.686430000,398.000
6.844150000,47.686420000,398.000
6.844160000,47.686410000,398.000
6.844170000,47.686400000,398.000
6.844180000,47.686390000,398.000
6.844200000,47.686340000,398.000
6.844210000,47.686290000,398.000
6.844210000,47.686240000,398.000
6.844210000,47.686210000,398.000
6.844210000,47.686200000,398.000
6.844210000,47.686160000,398.000
6.844200000,47.686090000,398.000
6.844050000,47.685560000,398.000
6.843980000,47.685300000,398.000
6.843880000,47.684970000,399.000
6.843830000,47.684780000,401.000
6.843690000,47.684420000,403.000
6.843620000,47.684250000,404.000
6.843570000,47.684100000,406.000
6.843430000,47.683720000,408.000
6.843400000,47.683650000,409.000
6.843360000,47.683520000,410.000
6.843330000,47.683390000,410.000
6.843290000,47.683260000,410.000
6.843260000,47.683140000,410.000
6.843250000,47.683020000,410.000
6.843240000,47.682890000,410.000
6.843230000,47.682760000,410.000
6.843220000,47.682660000,410.000
6.843220000,47.682610000,410.000
6.843210000,47.682470000,410.000
6.843210000,47.682320000,410.000
6.843210000,47.682160000,409.000
6.843220000,47.682020000,409.000
6.843220000,47.682010000,409.000
6.843220000,47.682010000,409.000
6.843220000,47.681880000,409.000
6.843220000,47.681740000,409.000
6.843220000,47.681610000,409.000
6.843210000,47.681490000,408.000
6.843210000,47.681400000,408.000
6.843210000,47.681340000,408.000
6.843210000,47.681190000,408.000
6.843210000,47.681080000,408.000
6.843210000,47.681040000,408.000
6.843210000,47.680970000,408.000
6.843200000,47.680860000,408.000
6.843200000,47.680770000,408.000
6.843200000,47.680660000,408.000
6.843190000,47.680550000,408.000
6.843190000,47.680430000,408.000
6.843180000,47.680300000,408.000
6.843170000,47.680170000,408.000
6.843170000,47.680040000,408.000
6.843160000,47.679910000,408.000
6.843160000,47.679780000,407.000
6.843160000,47.679680000,407.000
6.843160000,47.679650000,407.000
6.843160000,47.679520000,407.000
6.843160000,47.679390000,407.000
6.843160000,47.679260000,407.000
6.843160000,47.679120000,406.000
6.843160000,47.678970000,406.000
6.843160000,47.678780000,406.000
6.843150000,47.678610000,406.000
6.843160000,47.678430000,405.000
6.843160000,47.678400000,405.000
6.843160000,47.678210000,405.000
6.843160000,47.678070000,405.000
6.843160000,47.678050000,405.000
6.843170000,47.678010000,404.000
6.843170000,47.677900000,404.000
6.843170000,47.677890000,404.000
6.843180000,47.677830000,404.000
6.843180000,47.677740000,404.000
6.843190000,47.677710000,404.000
6.843200000,47.677650000,404.000
6.843210000,47.677600000,403.000
6.843220000,47.677540000,403.000
6.843230000,47.677470000,403.000
6.843240000,47.677450000,403.000
6.843280000,47.677300000,403.000
6.843330000,47.677180000,403.000
6.843350000,47.677140000,402.000
6.843430000,47.676980000,402.000
6.843530000,47.676810000,402.000
6.843550000,47.676790000,402.000
6.843650000,47.676650000,401.000
6.843740000,47.676540000,401.000
6.843790000,47.676480000,401.000
6.843930000,47.676320000,400.000
6.844020000,47.676230000,399.000
6.844870000,47.675490000,396.000
6.844910000,47.675450000,393.000
6.845290000,47.675130000,390.000
6.845330000,47.675070000,388.000
6.845350000,47.675040000,386.000
6.845380000,47.675010000,385.000
6.845400000,47.674980000,384.000
6.845420000,47.674950000,384.000
6.845430000,47.674920000,383.000
6.845450000,47.674890000,383.000
6.845450000,47.674890000,383.000
6.845440000,47.674880000,382.000
6.845430000,47.674870000,382.000
6.845430000,47.674860000,382.000
6.845420000,47.674850000,382.000
6.845420000,47.674840000,382.000
6.845410000,47.674830000,382.000
6.845410000,47.674820000,382.000
6.845410000,47.674810000,382.000
6.845410000,47.674790000,382.000
6.845410000,47.674780000,382.000
6.845410000,47.674770000,382.000
6.845420000,47.674760000,382.000
6.845420000,47.674750000,382.000
6.845430000,47.674740000,382.000
6.845440000,47.674730000,382.000
6.845450000,47.674720000,382.000
6.845460000,47.674710000,382.000
6.845470000,47.674700000,382.000
6.845480000,47.674700000,382.000
6.845490000,47.674690000,382.000
6.845500000,47.674690000,382.000
6.845510000,47.674680000,382.000
6.845520000,47.674680000,382.000
6.845540000,47.674670000,382.000
6.845560000,47.674670000,382.000
6.845570000,47.674660000,382.000
6.845580000,47.674660000,382.000
6.845600000,47.674660000,382.000
6.845610000,47.674660000,382.000
6.845630000,47.674660000,382.000
6.845640000,47.674660000,382.000
6.845650000,47.674660000,381.000
6.845670000,47.674660000,381.000
6.845680000,47.674660000,381.000
6.845690000,47.674670000,381.000
6.845710000,47.674670000,381.000
6.845720000,47.674670000,381.000
6.845730000,47.674680000,381.000
6.845740000,47.674680000,381.000
6.845760000,47.674690000,381.000
6.845770000,47.674700000,381.000
6.845910000,47.674690000,381.000
6.846000000,47.674680000,381.000
6.846110000,47.674660000,381.000
6.846190000,47.674660000,381.000
6.846350000,47.674630000,381.000
6.846600000,47.674570000,380.000
6.846740000,47.674540000,380.000
6.846750000,47.674540000,380.000
6.846800000,47.674520000,380.000
6.846890000,47.674500000,380.000
6.846970000,47.674480000,380.000
6.847050000,47.674460000,380.000
6.847170000,47.674420000,379.000
6.847270000,47.674380000,379.000
6.847300000,47.674360000,379.000
6.847340000,47.674350000,379.000
6.847380000,47.674330000,379.000
6.847430000,47.674300000,379.000
6.847480000,47.674280000,379.000
6.847510000,47.674260000,379.000
6.847540000,47.674250000,379.000
6.847580000,47.674230000,379.000
6.847640000,47.674200000,379.000
6.847690000,47.674160000,379.000
6.847750000,47.674130000,379.000
6.847820000,47.674090000,379.000
6.847880000,47.674040000,379.000
6.847940000,47.674000000,379.000
6.848000000,47.673950000,379.000
6.848050000,47.673900000,379.000
6.848100000,47.673850000,379.000
6.848160000,47.673800000,379.000
6.848220000,47.673740000,379.000
6.848270000,47.673680000,380.000
6.848320000,47.673620000,380.000
6.848370000,47.673560000,380.000
6.848400000,47.673510000,380.000
6.848430000,47.673470000,380.000
6.848450000,47.673430000,380.000
6.848470000,47.673390000,380.000
6.848480000,47.673370000,380.000
6.848490000,47.673330000,380.000
6.848510000,47.673300000,380.000
6.848520000,47.673270000,380.000
6.848530000,47.673240000,380.000
6.848540000,47.673210000,381.000
6.848550000,47.673190000,381.000
6.848550000,47.673170000,381.000
6.848560000,47.673150000,381.000
6.848610000,47.672880000,381.000
6.848620000,47.672810000,381.000
6.848620000,47.672740000,381.000
6.848630000,47.672680000,381.000
6.848630000,47.672610000,381.000
6.848640000,47.672610000,382.000
6.848640000,47.672530000,382.000
6.848640000,47.672520000,382.000
6.848650000,47.672450000,382.000
6.848660000,47.672370000,383.000
6.848670000,47.672280000,383.000
6.848680000,47.672190000,383.000
6.848680000,47.672170000,384.000
6.848690000,47.672100000,384.000
6.848710000,47.672010000,384.000
6.848710000,47.671980000,385.000
6.848730000,47.671910000,385.000
6.848750000,47.671820000,385.000
6.848760000,47.671810000,386.000
6.848780000,47.671730000,386.000
6.848810000,47.671630000,387.000
6.848850000,47.671550000,387.000
6.848890000,47.671460000,387.000
6.848930000,47.671370000,388.000
6.848980000,47.671290000,388.000
6.849040000,47.671200000,389.000
6.849090000,47.671130000,389.000
6.849100000,47.671110000,390.000
6.849170000,47.671020000,390.000
6.849250000,47.670930000,391.000
6.849330000,47.670840000,391.000
6.849420000,47.670750000,392.000
6.849510000,47.670670000,392.000
6.849600000,47.670590000,393.000
6.849690000,47.670510000,393.000
6.849790000,47.670440000,394.000
6.849880000,47.670380000,394.000
6.849900000,47.670370000,394.000
6.850010000,47.670300000,395.000
6.850130000,47.670230000,395.000
6.850250000,47.670170000,396.000
6.850380000,47.670100000,396.000
6.850520000,47.670040000,397.000
6.850660000,47.669980000,397.000
6.850810000,47.669920000,398.000
6.850950000,47.669860000,398.000
6.851100000,47.669800000,399.000
6.851250000,47.669740000,399.000
6.851400000,47.669670000,400.000
6.851560000,47.669610000,401.000
6.851710000,47.669540000,402.000
6.851860000,47.669480000,403.000
6.852020000,47.669410000,404.000
6.852170000,47.669350000,405.000
6.852310000,47.669290000,407.000
6.852450000,47.669230000,408.000
6.852460000,47.669220000,408.000
6.852600000,47.669160000,409.000
6.852720000,47.669100000,410.000
6.852840000,47.669040000,411.000
6.852930000,47.668990000,412.000
6.852940000,47.668980000,413.000
6.853040000,47.668930000,413.000
6.853120000,47.668870000,414.000
6.853130000,47.668870000,415.000
6.853200000,47.668820000,415.000
6.853280000,47.668770000,416.000
6.853320000,47.668740000,416.000
6.853350000,47.668720000,417.000
6.853430000,47.668660000,417.000
6.853500000,47.668610000,418.000
6.853570000,47.668550000,418.000
6.853640000,47.668490000,418.000
6.853710000,47.668420000,418.000
6.853780000,47.668360000,417.000
6.853820000,47.668320000,417.000
6.853840000,47.668290000,417.000
6.853910000,47.668220000,417.000
6.853950000,47.668170000,417.000
6.853960000,47.668150000,416.000
6.854010000,47.668090000,416.000
6.854060000,47.668020000,416.000
6.854070000,47.668010000,416.000
6.854120000,47.667940000,416.000
6.854160000,47.667860000,415.000
6.854170000,47.667840000,415.000
6.854200000,47.667790000,415.000
6.854250000,47.667710000,415.000
6.854280000,47.667630000,415.000
6.854310000,47.667550000,414.000
6.854320000,47.667520000,414.000
6.854330000,47.667490000,414.000
6.854330000,47.667470000,414.000
6.854360000,47.667400000,414.000
6.854370000,47.667340000,413.000
6.854380000,47.667320000,413.000
6.854380000,47.667280000,413.000
6.854390000,47.667220000,413.000
6.854390000,47.667140000,413.000
6.854400000,47.667120000,412.000
6.854410000,47.667050000,412.000
6.854410000,47.666960000,412.000
6.854400000,47.666890000,412.000
6.854390000,47.666820000,411.000
6.854380000,47.666730000,411.000
6.854370000,47.666640000,410.000
6.854350000,47.666550000,410.000
6.854330000,47.666450000,409.000
6.854310000,47.666360000,409.000
6.854280000,47.666270000,408.000
6.854280000,47.666250000,408.000
6.854250000,47.666170000,408.000
6.854220000,47.666070000,407.000
6.854190000,47.665970000,406.000
6.854170000,47.665880000,406.000
6.854140000,47.665770000,405.000
6.854120000,47.665720000,405.000
6.854110000,47.665680000,404.000
6.854080000,47.665580000,404.000
6.854040000,47.665480000,403.000
6.854010000,47.665380000,403.000
6.853990000,47.665290000,402.000
6.853950000,47.665180000,402.000
6.853920000,47.665080000,401.000
6.853880000,47.664970000,401.000
6.853850000,47.664870000,401.000
6.853820000,47.664770000,401.000
6.853800000,47.664690000,401.000
6.853790000,47.664660000,401.000
6.853760000,47.664580000,401.000
6.853760000,47.664560000,401.000
6.853730000,47.664450000,401.000
6.853700000,47.664340000,401.000
6.853670000,47.664230000,401.000
6.853660000,47.664160000,401.000
6.853650000,47.664120000,402.000
6.853650000,47.664050000,402.000
6.853640000,47.664010000,402.000
6.853640000,47.663910000,402.000
6.853640000,47.663810000,402.000
6.853660000,47.663720000,402.000
6.853680000,47.663620000,402.000
6.853710000,47.663520000,402.000
6.853720000,47.663510000,402.000
6.853750000,47.663430000,402.000
6.853800000,47.663330000,402.000
6.853860000,47.663240000,402.000
6.853920000,47.663140000,402.000
6.853950000,47.663120000,402.000
6.853990000,47.663060000,402.000
6.854070000,47.662990000,401.000
6.854090000,47.662970000,401.000
6.854150000,47.662910000,401.000
6.854240000,47.662830000,400.000
6.854320000,47.662750000,400.000
6.854400000,47.662680000,399.000
6.854480000,47.662600000,399.000
6.854560000,47.662530000,399.000
6.854630000,47.662460000,398.000
6.854700000,47.662390000,398.000
6.854770000,47.662310000,397.000
6.854830000,47.662240000,397.000
6.854890000,47.662160000,396.000
6.854940000,47.662090000,396.000
6.854950000,47.662070000,396.000
6.854980000,47.662010000,395.000
6.855010000,47.661950000,395.000
6.855030000,47.661900000,395.000
6.855040000,47.661890000,395.000
6.855060000,47.661830000,394.000
6.855070000,47.661770000,394.000
6.855090000,47.661710000,394.000
6.855100000,47.661640000,393.000
6.855110000,47.661580000,393.000
6.855120000,47.661470000,392.000
6.855100000,47.661380000,392.000
6.855080000,47.661130000,391.000
6.855080000,47.661130000,390.000
6.855070000,47.661130000,390.000
6.855050000,47.661130000,390.000
6.855040000,47.661120000,389.000
6.855030000,47.661120000,389.000
6.855020000,47.661110000,389.000
6.855010000,47.661110000,389.000
6.855000000,47.661100000,389.000
6.854990000,47.661090000,389.000
6.854980000,47.661080000,389.000
6.854970000,47.661070000,388.000
6.854970000,47.661060000,388.000
6.854960000,47.661050000,388.000
6.854950000,47.661040000,388.000
6.854950000,47.661030000,388.000
6.854950000,47.661020000,388.000
6.854950000,47.661010000,388.000
6.854950000,47.661000000,388.000
6.854950000,47.660990000,388.000
6.854950000,47.660980000,388.000
6.854960000,47.660960000,388.000
6.854970000,47.660950000,388.000
6.854970000,47.660940000,387.000
6.854980000,47.660930000,387.000
6.854990000,47.660920000,387.000
6.855000000,47.660910000,387.000
6.855010000,47.660910000,387.000
6.855020000,47.660900000,387.000
6.855030000,47.660900000,387.000
6.855040000,47.660890000,387.000
6.855050000,47.660890000,387.000
6.855060000,47.660880000,387.000
6.855070000,47.660880000,387.000
6.855080000,47.660880000,387.000
6.855090000,47.660870000,387.000
6.855110000,47.660870000,387.000
6.855120000,47.660870000,386.000
6.855130000,47.660870000,386.000
6.855150000,47.660870000,386.000
6.855160000,47.660870000,386.000
6.855170000,47.660870000,386.000
6.855180000,47.660870000,386.000
6.855190000,47.660870000,386.000
6.855210000,47.660870000,386.000
6.855220000,47.660870000,386.000
6.855230000,47.660880000,386.000
6.855240000,47.660880000,386.000
6.855310000,47.660860000,386.000
6.855360000,47.660830000,385.000
6.855420000,47.660800000,385.000
6.855490000,47.660760000,385.000
6.855530000,47.660740000,385.000
6.855660000,47.660680000,384.000
6.855780000,47.660660000,384.000
6.855880000,47.660640000,383.000
6.855990000,47.660630000,383.000
6.856120000,47.660640000,382.000
6.856450000,47.660680000,381.000
6.856740000,47.660740000,381.000
6.857050000,47.660800000,380.000
6.857250000,47.660850000,380.000
6.857410000,47.660870000,380.000
6.857550000,47.660870000,379.000
6.857650000,47.660870000,379.000
6.857710000,47.660870000,379.000
6.857740000,47.660870000,379.000
6.857840000,47.660860000,379.000
6.857950000,47.660840000,379.000
6.858050000,47.660820000,379.000
6.858220000,47.660770000,379.000
6.858330000,47.660740000,379.000
6.858410000,47.660700000,379.000
6.858520000,47.660640000,379.000
6.858630000,47.660570000,379.000
6.858740000,47.660500000,379.000
6.858870000,47.660390000,379.000
6.858930000,47.660350000,379.000
6.859010000,47.660320000,378.000
6.859140000,47.660180000,378.000
6.859470000,47.659860000,377.000
6.859860000,47.659490000,377.000
6.859940000,47.659410000,376.000
6.859960000,47.659340000,375.000
6.860300000,47.658990000,374.000
6.860380000,47.658910000,374.000
6.860410000,47.658890000,373.000
6.860470000,47.658820000,373.000
6.860540000,47.658730000,373.000
6.860630000,47.658630000,372.000
6.860650000,47.658620000,372.000
6.860860000,47.658460000,372.000
6.861020000,47.658370000,371.000
6.861160000,47.658300000,371.000
6.861240000,47.658250000,370.000
6.861370000,47.658190000,370.000
6.861470000,47.658140000,370.000
6.861610000,47.658070000,369.000
6.861880000,47.657930000,369.000
6.862040000,47.657850000,368.000
6.862150000,47.657780000,368.000
6.862390000,47.657590000,368.000
6.862440000,47.657560000,367.000
6.862500000,47.657520000,367.000
6.862650000,47.657380000,367.000
6.862720000,47.657330000,366.000
6.862950000,47.657150000,366.000
6.862960000,47.657140000,366.000
6.863000000,47.657120000,366.000
6.863010000,47.657100000,366.000
6.863140000,47.656990000,366.000
6.863240000,47.656950000,366.000
6.863340000,47.656890000,366.000
6.863700000,47.656660000,365.000
6.863700000,47.656660000,365.000
6.863620000,47.656620000,365.000
6.863440000,47.656500000,365.000
6.863220000,47.656350000,365.000
6.863170000,47.656330000,365.000
6.863110000,47.656290000,365.000
6.862880000,47.656180000,365.000
6.862790000,47.656130000,365.000
6.862760000,47.656110000,365.000
6.862710000,47.656070000,365.000
6.862670000,47.656030000,365.000
6.862620000,47.655980000,365.000
6.862590000,47.655950000,365.000
6.862550000,47.655900000,365.000
6.862540000,47.655880000,365.000
6.862510000,47.655800000,365.000
6.862500000,47.655720000,365.000
6.862500000,47.655630000,366.000
6.862510000,47.655520000,366.000
6.862520000,47.655430000,366.000
6.862520000,47.655240000,366.000
6.862530000,47.655140000,366.000
6.862530000,47.655020000,366.000
6.862540000,47.654830000,367.000
6.862540000,47.654810000,367.000
6.862540000,47.654780000,367.000
6.862550000,47.654700000,367.000
6.862550000,47.654540000,367.000
6.862550000,47.654530000,367.000
6.862560000,47.654510000,367.000
6.862560000,47.654500000,367.000
6.862580000,47.654070000,367.000
6.862560000,47.653400000,367.000
6.862530000,47.653030000,367.000
6.862500000,47.652720000,367.000
6.862500000,47.652680000,367.000
6.862440000,47.652210000,367.000
6.862430000,47.652150000,367.000
6.862420000,47.652090000,367.000
6.862380000,47.651900000,367.000
6.862290000,47.651680000,367.000
6.862270000,47.651570000,367.000
6.862230000,47.651370000,367.000
6.862230000,47.651340000,367.000
6.862250000,47.651290000,367.000
6.862260000,47.651250000,367.000
6.862310000,47.651190000,367.000
6.862650000,47.650860000,367.000
6.862710000,47.650800000,367.000
6.862890000,47.650630000,367.000
6.862930000,47.650560000,367.000
6.862950000,47.650500000,366.000
6.862950000,47.650430000,366.000
6.862950000,47.650420000,366.000
6.862880000,47.650010000,365.000
6.862870000,47.649950000,364.000
6.862850000,47.649880000,364.000
6.862780000,47.649530000,363.000
6.862760000,47.649430000,362.000
6.862760000,47.649390000,362.000
6.862740000,47.649330000,361.000
6.862700000,47.649260000,361.000
6.862700000,47.649250000,361.000
6.862640000,47.649160000,360.000
6.862580000,47.649110000,360.000
6.862420000,47.648950000,360.000
6.862390000,47.648920000,360.000
6.862360000,47.648890000,360.000
6.862230000,47.648780000,360.000
6.862090000,47.648660000,360.000
6.862010000,47.648570000,360.000
6.861970000,47.648500000,360.000
6.861960000,47.648450000,360.000
6.861950000,47.648390000,360.000
6.861960000,47.648310000,360.000
6.862020000,47.648060000,360.000
6.862140000,47.647660000,360.000
6.862170000,47.647570000,360.000
6.862290000,47.647170000,360.000
6.862360000,47.646960000,360.000
6.862400000,47.646810000,360.000
6.862480000,47.646560000,360.000
6.862560000,47.646260000,360.000
6.862590000,47.646170000,360.000
6.862650000,47.645940000,360.000
6.862700000,47.645730000,359.000
6.862750000,47.645530000,359.000
6.862760000,47.645500000,359.000
6.862770000,47.645430000,359.000
6.862790000,47.645380000,359.000
6.862800000,47.645340000,359.000
6.862820000,47.645300000,359.000
6.862830000,47.645240000,359.000
6.862830000,47.645200000,359.000
6.862840000,47.645120000,359.000
6.862820000,47.644900000,359.000
6.862810000,47.644620000,360.000
6.862770000,47.644170000,361.000
6.862770000,47.644080000,362.000
6.862770000,47.644060000,362.000
6.862770000,47.643990000,363.000
6.862770000,47.643910000,363.000
6.862750000,47.643810000,363.000
6.862720000,47.643720000,364.000
6.862670000,47.643610000,364.000
6.862580000,47.643420000,365.000
6.862510000,47.643240000,365.000
6.862460000,47.643180000,364.000
6.862410000,47.643130000,364.000
6.862380000,47.643110000,364.000
6.862300000,47.643050000,364.000
6.862220000,47.643010000,363.000
6.862150000,47.642980000,363.000
6.862060000,47.642940000,363.000
6.861990000,47.642900000,362.000
6.861950000,47.642870000,362.000
6.861900000,47.642820000,362.000
6.861900000,47.642820000,362.000
6.861840000,47.642780000,361.000
6.861800000,47.642740000,361.000
6.861780000,47.642700000,361.000
6.861730000,47.642670000,361.000
6.861680000,47.642630000,360.000
6.861620000,47.642570000,360.000
6.861580000,47.642510000,360.000
6.861510000,47.642450000,359.000
6.861420000,47.642390000,359.000
6.861330000,47.642340000,359.000
6.861210000,47.642280000,358.000
6.861170000,47.642260000,358.000
6.861120000,47.642230000,357.000
6.861070000,47.642190000,357.000
6.860980000,47.642130000,357.000
6.860880000,47.642050000,356.000
6.860800000,47.641960000,356.000
6.860730000,47.641880000,356.000
6.860650000,47.641780000,356.000
6.860560000,47.641700000,356.000
6.860420000,47.641520000,356.000
6.860320000,47.641370000,357.000
6.860220000,47.641250000,357.000
6.860170000,47.641190000,357.000
6.860080000,47.641100000,357.000
6.860000000,47.641020000,357.000
6.859900000,47.640950000,358.000
6.859780000,47.640860000,358.000
6.859740000,47.640840000,358.000
6.859730000,47.640840000,358.000
6.859730000,47.640840000,358.000
6.859700000,47.640830000,358.000
6.859670000,47.640830000,358.000
6.859650000,47.640840000,358.000
6.859610000,47.640850000,358.000
6.859480000,47.640910000,359.000
6.859460000,47.640930000,359.000
6.859090000,47.641150000,359.000
6.858900000,47.641260000,359.000
6.858500000,47.641440000,359.000
6.858170000,47.641510000,360.000
6.857790000,47.641570000,360.000
6.857500000,47.641580000,360.000
6.857190000,47.641570000,360.000
6.857020000,47.641560000,361.000
6.856740000,47.641550000,361.000
6.856300000,47.641530000,361.000
6.856140000,47.641520000,361.000
6.855820000,47.641500000,361.000
6.854930000,47.641450000,362.000
6.854140000,47.641400000,362.000
6.853860000,47.641380000,363.000
6.853510000,47.641350000,363.000
6.853330000,47.641330000,363.000
6.853150000,47.641310000,363.000
6.852880000,47.641250000,363.000
6.852560000,47.641230000,364.000
6.852320000,47.641220000,364.000
6.851680000,47.641170000,364.000
        </coordinates>
      </LineString>
    </Placemark>
  </Document>
</kml>
