<?xml version="1.0" encoding="UTF-8"?>
<kml xmlns="http://www.opengis.net/kml/2.2">
  <Document>
    <name>Tour de France 2026 - Stage 06</name>
    <Style id="routeStyle">
      <LineStyle>
        <color>ff111111</color>
        <width>4</width>
      </LineStyle>
    </Style>
    <Placemark>
      <name>Tour de France 2026 - Stage 06</name>
      <styleUrl>#routeStyle</styleUrl>
      <LineString>
        <tessellate>1</tessellate>
        <coordinates>
-0.377540000,43.293660000,171.000
-0.377620000,43.293470000,171.000
-0.377630000,43.293470000,171.000
-0.377660000,43.293410000,171.000
-0.377840000,43.293030000,172.000
-0.377850000,43.293000000,172.000
-0.377910000,43.292900000,173.000
-0.378020000,43.292650000,173.000
-0.378020000,43.292650000,174.000
-0.378130000,43.292460000,174.000
-0.378280000,43.292160000,175.000
-0.378430000,43.291870000,176.000
-0.378460000,43.291800000,176.000
-0.378840000,43.290980000,177.000
-0.378890000,43.290860000,177.000
-0.379060000,43.290500000,177.000
-0.379080000,43.290400000,177.000
-0.379190000,43.290270000,177.000
-0.379350000,43.290040000,177.000
-0.379480000,43.289690000,177.000
-0.379490000,43.289690000,178.000
-0.379520000,43.289600000,178.000
-0.379530000,43.289520000,178.000
-0.379600000,43.289380000,178.000
-0.379640000,43.289290000,178.000
-0.379700000,43.289150000,178.000
-0.379760000,43.289030000,178.000
-0.379800000,43.288930000,178.000
-0.379840000,43.288850000,178.000
-0.380010000,43.288510000,178.000
-0.380050000,43.288420000,178.000
-0.380390000,43.287710000,178.000
-0.380550000,43.287420000,178.000
-0.380620000,43.287280000,178.000
-0.380650000,43.287220000,178.000
-0.380670000,43.287190000,178.000
-0.380690000,43.287170000,178.000
-0.380710000,43.287140000,178.000
-0.380810000,43.287070000,178.000
-0.380910000,43.287010000,178.000
-0.381050000,43.286920000,178.000
-0.381080000,43.286890000,178.000
-0.381290000,43.286760000,178.000
-0.381430000,43.286660000,178.000
-0.381580000,43.286560000,178.000
-0.381580000,43.286560000,178.000
-0.381800000,43.286410000,178.000
-0.381840000,43.286380000,178.000
-0.382070000,43.286240000,178.000
-0.382190000,43.286160000,178.000
-0.382380000,43.286040000,178.000
-0.382540000,43.285950000,178.000
-0.382850000,43.285750000,178.000
-0.382860000,43.285750000,178.000
-0.382890000,43.285730000,178.000
-0.382960000,43.285690000,178.000
-0.383050000,43.285650000,178.000
-0.383150000,43.285590000,178.000
-0.383350000,43.285470000,178.000
-0.383460000,43.285400000,178.000
-0.383700000,43.285240000,178.000
-0.383780000,43.285200000,178.000
-0.383910000,43.285110000,178.000
-0.383970000,43.285070000,178.000
-0.384160000,43.284950000,178.000
-0.384480000,43.284730000,178.000
-0.384510000,43.284710000,178.000
-0.384530000,43.284700000,178.000
-0.384540000,43.284680000,178.000
-0.384570000,43.284640000,178.000
-0.384680000,43.284580000,178.000
-0.384830000,43.284490000,178.000
-0.384850000,43.284490000,178.000
-0.385030000,43.284360000,178.000
-0.385170000,43.284280000,178.000
-0.385530000,43.284040000,178.000
-0.385560000,43.284020000,178.000
-0.385660000,43.283960000,178.000
-0.386170000,43.283630000,178.000
-0.386390000,43.283500000,178.000
-0.386560000,43.283400000,178.000
-0.386760000,43.283280000,178.000
-0.386860000,43.283220000,178.000
-0.386990000,43.283130000,178.000
-0.387090000,43.283050000,178.000
-0.387160000,43.282980000,178.000
-0.387190000,43.282940000,178.000
-0.387220000,43.282900000,178.000
-0.387250000,43.282830000,178.000
-0.387260000,43.282780000,178.000
-0.387270000,43.282750000,178.000
-0.387320000,43.282540000,178.000
-0.387320000,43.282520000,178.000
-0.387370000,43.282200000,178.000
-0.387370000,43.282150000,178.000
-0.387380000,43.282090000,178.000
-0.387420000,43.281990000,178.000
-0.387440000,43.281920000,178.000
-0.387470000,43.281730000,178.000
-0.387500000,43.281550000,178.000
-0.387510000,43.281480000,178.000
-0.387560000,43.281010000,178.000
-0.387540000,43.280890000,178.000
-0.387550000,43.280810000,178.000
-0.387620000,43.280530000,178.000
-0.387670000,43.280170000,178.000
-0.387710000,43.279930000,179.000
-0.387750000,43.279840000,179.000
-0.387790000,43.279570000,179.000
-0.387810000,43.279430000,179.000
-0.387830000,43.279270000,179.000
-0.387830000,43.279220000,179.000
-0.387830000,43.279150000,179.000
-0.387840000,43.279080000,179.000
-0.387850000,43.279040000,179.000
-0.387860000,43.279010000,179.000
-0.387880000,43.278970000,179.000
-0.387910000,43.278930000,179.000
-0.387970000,43.278890000,179.000
-0.388060000,43.278840000,179.000
-0.388060000,43.278840000,179.000
-0.388090000,43.278860000,179.000
-0.388140000,43.278870000,179.000
-0.388200000,43.278880000,179.000
-0.388290000,43.278890000,179.000
-0.388350000,43.278880000,179.000
-0.388430000,43.278870000,179.000
-0.388480000,43.278850000,179.000
-0.388520000,43.278830000,179.000
-0.388570000,43.278800000,179.000
-0.388610000,43.278760000,179.000
-0.388640000,43.278730000,179.000
-0.388660000,43.278690000,180.000
-0.388670000,43.278650000,180.000
-0.388680000,43.278630000,180.000
-0.388680000,43.278610000,180.000
-0.388680000,43.278560000,180.000
-0.388670000,43.278520000,180.000
-0.388650000,43.278480000,180.000
-0.388620000,43.278430000,180.000
-0.388590000,43.278400000,180.000
-0.388550000,43.278360000,180.000
-0.388510000,43.278340000,180.000
-0.388460000,43.278320000,180.000
-0.388430000,43.278310000,180.000
-0.388410000,43.278300000,180.000
-0.388350000,43.278290000,180.000
-0.388300000,43.278280000,180.000
-0.388250000,43.278280000,180.000
-0.388230000,43.278280000,180.000
-0.388150000,43.278200000,180.000
-0.388120000,43.278160000,180.000
-0.388100000,43.278140000,180.000
-0.388090000,43.278120000,180.000
-0.388080000,43.278050000,180.000
-0.388060000,43.277920000,180.000
-0.388050000,43.277880000,180.000
-0.388050000,43.277830000,180.000
-0.388040000,43.277800000,180.000
-0.388020000,43.277770000,180.000
-0.388070000,43.277490000,180.000
-0.388110000,43.277170000,180.000
-0.388150000,43.276920000,181.000
-0.388210000,43.276450000,181.000
-0.388280000,43.276010000,181.000
-0.388300000,43.275860000,182.000
-0.388350000,43.275510000,182.000
-0.388370000,43.275370000,183.000
-0.388370000,43.275340000,183.000
-0.388410000,43.275130000,183.000
-0.388410000,43.275120000,183.000
-0.388410000,43.275100000,183.000
-0.388420000,43.275020000,183.000
-0.388450000,43.274830000,183.000
-0.388490000,43.274540000,183.000
-0.388520000,43.274340000,183.000
-0.388550000,43.274190000,183.000
-0.388580000,43.273960000,183.000
-0.388610000,43.273730000,183.000
-0.388620000,43.273660000,183.000
-0.388630000,43.273600000,183.000
-0.388640000,43.273510000,183.000
-0.388640000,43.273500000,183.000
-0.388650000,43.273470000,183.000
-0.388670000,43.273320000,183.000
-0.388670000,43.273310000,183.000
-0.388690000,43.273150000,183.000
-0.388740000,43.272770000,183.000
-0.388760000,43.272650000,183.000
-0.388770000,43.272610000,183.000
-0.388770000,43.272550000,183.000
-0.388780000,43.272510000,183.000
-0.388790000,43.272440000,183.000
-0.388840000,43.272130000,183.000
-0.388850000,43.272000000,183.000
-0.388890000,43.271940000,183.000
-0.388920000,43.271680000,183.000
-0.388950000,43.271490000,183.000
-0.388990000,43.271200000,183.000
-0.388990000,43.271150000,183.000
-0.389000000,43.271080000,183.000
-0.389060000,43.270700000,184.000
-0.389090000,43.270480000,184.000
-0.389110000,43.270340000,184.000
-0.389090000,43.270250000,185.000
-0.389110000,43.270150000,185.000
-0.389120000,43.270050000,185.000
-0.389180000,43.269690000,186.000
-0.389210000,43.269450000,186.000
-0.389310000,43.268780000,186.000
-0.389330000,43.268670000,186.000
-0.389350000,43.268490000,186.000
-0.389380000,43.268270000,185.000
-0.389460000,43.267730000,185.000
-0.389520000,43.267290000,185.000
-0.389520000,43.267270000,185.000
-0.389520000,43.267260000,185.000
-0.389640000,43.266510000,184.000
-0.389690000,43.266190000,184.000
-0.389870000,43.264930000,184.000
-0.389930000,43.264560000,184.000
-0.389970000,43.264270000,184.000
-0.389970000,43.264230000,184.000
-0.389990000,43.264130000,184.000
-0.390000000,43.264050000,184.000
-0.390020000,43.263930000,184.000
-0.390070000,43.263600000,184.000
-0.390100000,43.263330000,184.000
-0.390150000,43.262990000,184.000
-0.390200000,43.262650000,184.000
-0.390270000,43.262210000,184.000
-0.390330000,43.261800000,184.000
-0.390380000,43.261430000,184.000
-0.390420000,43.261130000,184.000
-0.390450000,43.260890000,184.000
-0.390470000,43.260750000,184.000
-0.390510000,43.260480000,184.000
-0.390540000,43.260280000,184.000
-0.390550000,43.260200000,184.000
-0.390570000,43.260090000,184.000
-0.390580000,43.259950000,184.000
-0.390640000,43.259590000,184.000
-0.390650000,43.259470000,184.000
-0.390680000,43.259300000,184.000
-0.390680000,43.259200000,184.000
-0.390690000,43.259040000,184.000
-0.390680000,43.258900000,185.000
-0.390640000,43.258640000,185.000
-0.390600000,43.258440000,185.000
-0.390580000,43.258360000,185.000
-0.390540000,43.258200000,185.000
-0.390510000,43.258050000,185.000
-0.390480000,43.257900000,185.000
-0.390440000,43.257730000,185.000
-0.390390000,43.257500000,185.000
-0.390320000,43.257180000,185.000
-0.390280000,43.257050000,186.000
-0.390220000,43.256730000,186.000
-0.390190000,43.256610000,186.000
-0.390050000,43.256010000,186.000
-0.390060000,43.255960000,186.000
-0.390060000,43.255930000,186.000
-0.390040000,43.255860000,186.000
-0.390020000,43.255770000,186.000
-0.389990000,43.255640000,186.000
-0.389950000,43.255460000,186.000
-0.389930000,43.255350000,187.000
-0.389760000,43.254560000,187.000
-0.389690000,43.254260000,187.000
-0.389670000,43.254190000,187.000
-0.389580000,43.253760000,187.000
-0.389570000,43.253680000,187.000
-0.389550000,43.253600000,187.000
-0.389530000,43.253570000,188.000
-0.389510000,43.253540000,188.000
-0.389400000,43.253070000,188.000
-0.389320000,43.252700000,188.000
-0.389300000,43.252610000,188.000
-0.389250000,43.252380000,189.000
-0.389210000,43.252220000,189.000
-0.389130000,43.251850000,189.000
-0.389120000,43.251810000,189.000
-0.389110000,43.251760000,189.000
-0.389100000,43.251700000,189.000
-0.389080000,43.251610000,189.000
-0.389060000,43.251540000,189.000
-0.389050000,43.251480000,189.000
-0.389030000,43.251410000,189.000
-0.389020000,43.251350000,189.000
-0.389000000,43.251280000,189.000
-0.388980000,43.251190000,189.000
-0.388970000,43.251130000,189.000
-0.388930000,43.250970000,189.000
-0.388910000,43.250860000,189.000
-0.388840000,43.250590000,189.000
-0.388820000,43.250490000,189.000
-0.388800000,43.250380000,189.000
-0.388770000,43.250280000,189.000
-0.388760000,43.250200000,189.000
-0.388740000,43.250140000,189.000
-0.388730000,43.250090000,189.000
-0.388710000,43.250020000,189.000
-0.388700000,43.249960000,189.000
-0.388680000,43.249860000,189.000
-0.388660000,43.249750000,189.000
-0.388630000,43.249620000,189.000
-0.388620000,43.249580000,189.000
-0.388600000,43.249500000,189.000
-0.388590000,43.249450000,189.000
-0.388570000,43.249370000,189.000
-0.388550000,43.249270000,189.000
-0.388520000,43.249160000,189.000
-0.388500000,43.249070000,189.000
-0.388470000,43.248920000,189.000
-0.388450000,43.248820000,189.000
-0.388440000,43.248770000,189.000
-0.388410000,43.248680000,189.000
-0.388410000,43.248670000,189.000
-0.388380000,43.248510000,189.000
-0.388340000,43.248360000,189.000
-0.388330000,43.248300000,189.000
-0.388300000,43.248170000,189.000
-0.388300000,43.248160000,189.000
-0.388240000,43.247850000,189.000
-0.388250000,43.247770000,189.000
-0.388250000,43.247710000,189.000
-0.388230000,43.247610000,189.000
-0.388230000,43.247510000,189.000
-0.388230000,43.247400000,189.000
-0.388230000,43.247390000,189.000
-0.388230000,43.247350000,189.000
-0.388230000,43.247310000,189.000
-0.388240000,43.247250000,189.000
-0.388250000,43.247180000,189.000
-0.388270000,43.247110000,189.000
-0.388290000,43.247060000,189.000
-0.388320000,43.246980000,189.000
-0.388350000,43.246930000,189.000
-0.388370000,43.246900000,189.000
-0.388380000,43.246870000,189.000
-0.388400000,43.246830000,189.000
-0.388430000,43.246790000,189.000
-0.388470000,43.246730000,189.000
-0.388530000,43.246640000,189.000
-0.388530000,43.246640000,189.000
-0.388560000,43.246630000,189.000
-0.388580000,43.246630000,189.000
-0.388610000,43.246620000,189.000
-0.388670000,43.246590000,189.000
-0.388700000,43.246570000,189.000
-0.388730000,43.246550000,189.000
-0.388750000,43.246530000,189.000
-0.388770000,43.246500000,189.000
-0.388790000,43.246470000,189.000
-0.388800000,43.246450000,189.000
-0.388810000,43.246420000,189.000
-0.388810000,43.246390000,189.000
-0.388810000,43.246360000,189.000
-0.388800000,43.246330000,189.000
-0.388790000,43.246300000,189.000
-0.388770000,43.246280000,189.000
-0.388750000,43.246250000,189.000
-0.388730000,43.246230000,189.000
-0.388700000,43.246210000,189.000
-0.388670000,43.246190000,189.000
-0.388650000,43.246180000,189.000
-0.388600000,43.246090000,189.000
-0.388560000,43.245920000,189.000
-0.388530000,43.245820000,189.000
-0.388530000,43.245800000,189.000
-0.388490000,43.245660000,189.000
-0.388400000,43.245460000,189.000
-0.388380000,43.245420000,189.000
-0.388360000,43.245350000,189.000
-0.388290000,43.245170000,189.000
-0.388280000,43.245140000,189.000
-0.388270000,43.245110000,189.000
-0.388250000,43.245090000,189.000
-0.388230000,43.245040000,189.000
-0.388220000,43.245010000,189.000
-0.388150000,43.244880000,189.000
-0.388120000,43.244830000,189.000
-0.388100000,43.244800000,189.000
-0.388070000,43.244760000,190.000
-0.388040000,43.244710000,190.000
-0.388000000,43.244650000,190.000
-0.387960000,43.244570000,190.000
-0.387890000,43.244490000,190.000
-0.387860000,43.244450000,191.000
-0.387800000,43.244370000,191.000
-0.387790000,43.244360000,191.000
-0.387770000,43.244340000,191.000
-0.387760000,43.244320000,192.000
-0.387740000,43.244310000,192.000
-0.387670000,43.244230000,192.000
-0.387650000,43.244210000,192.000
-0.387610000,43.244160000,192.000
-0.387590000,43.244140000,193.000
-0.387480000,43.244020000,193.000
-0.387430000,43.243960000,193.000
-0.387340000,43.243860000,194.000
-0.387210000,43.243710000,194.000
-0.387180000,43.243670000,194.000
-0.387130000,43.243610000,195.000
-0.387070000,43.243530000,195.000
-0.387020000,43.243450000,196.000
-0.386980000,43.243400000,196.000
-0.386960000,43.243360000,196.000
-0.386930000,43.243310000,197.000
-0.386920000,43.243300000,197.000
-0.386890000,43.243250000,197.000
-0.386880000,43.243230000,197.000
-0.386840000,43.243150000,197.000
-0.386840000,43.243140000,198.000
-0.386820000,43.243100000,198.000
-0.386810000,43.243080000,198.000
-0.386790000,43.243040000,198.000
-0.386770000,43.242980000,198.000
-0.386770000,43.242970000,198.000
-0.386750000,43.242930000,198.000
-0.386750000,43.242910000,198.000
-0.386740000,43.242870000,199.000
-0.386710000,43.242800000,199.000
-0.386710000,43.242790000,199.000
-0.386700000,43.242730000,199.000
-0.386690000,43.242680000,199.000
-0.386670000,43.242620000,199.000
-0.386670000,43.242560000,199.000
-0.386660000,43.242550000,200.000
-0.386650000,43.242480000,200.000
-0.386650000,43.242440000,200.000
-0.386640000,43.242380000,200.000
-0.386640000,43.242370000,200.000
-0.386630000,43.242280000,200.000
-0.386630000,43.242260000,201.000
-0.386630000,43.242190000,201.000
-0.386640000,43.242080000,201.000
-0.386650000,43.242010000,201.000
-0.386650000,43.241980000,201.000
-0.386660000,43.241900000,202.000
-0.386670000,43.241840000,202.000
-0.386680000,43.241820000,202.000
-0.386700000,43.241720000,202.000
-0.386700000,43.241710000,202.000
-0.386720000,43.241660000,202.000
-0.386740000,43.241600000,203.000
-0.386760000,43.241550000,203.000
-0.386760000,43.241530000,203.000
-0.386780000,43.241480000,203.000
-0.386790000,43.241460000,203.000
-0.386830000,43.241370000,203.000
-0.386850000,43.241330000,203.000
-0.386850000,43.241310000,203.000
-0.386890000,43.241240000,203.000
-0.386960000,43.241120000,203.000
-0.387010000,43.241040000,203.000
-0.387050000,43.240990000,203.000
-0.387140000,43.240870000,202.000
-0.387170000,43.240830000,202.000
-0.387260000,43.240730000,202.000
-0.387270000,43.240710000,202.000
-0.387310000,43.240680000,201.000
-0.387340000,43.240640000,201.000
-0.387400000,43.240580000,201.000
-0.387430000,43.240550000,201.000
-0.387450000,43.240530000,201.000
-0.387520000,43.240470000,201.000
-0.387610000,43.240390000,201.000
-0.387640000,43.240370000,200.000
-0.387720000,43.240310000,200.000
-0.387760000,43.240280000,200.000
-0.387780000,43.240260000,200.000
-0.387830000,43.240230000,200.000
-0.387960000,43.240140000,200.000
-0.388070000,43.240060000,199.000
-0.388150000,43.240010000,199.000
-0.388230000,43.239950000,199.000
-0.388260000,43.239940000,199.000
-0.388310000,43.239900000,199.000
-0.388390000,43.239860000,198.000
-0.388450000,43.239820000,198.000
-0.388490000,43.239790000,198.000
-0.388510000,43.239780000,198.000
-0.388850000,43.239580000,198.000
-0.389100000,43.239420000,197.000
-0.389190000,43.239370000,197.000
-0.389440000,43.239210000,197.000
-0.389490000,43.239180000,196.000
-0.389710000,43.239050000,196.000
-0.390000000,43.238860000,196.000
-0.390010000,43.238860000,195.000
-0.390120000,43.238790000,195.000
-0.390190000,43.238740000,195.000
-0.390200000,43.238740000,195.000
-0.390330000,43.238650000,195.000
-0.390430000,43.238570000,195.000
-0.390510000,43.238510000,195.000
-0.390620000,43.238420000,195.000
-0.390760000,43.238300000,196.000
-0.390860000,43.238200000,196.000
-0.390890000,43.238170000,196.000
-0.390910000,43.238150000,196.000
-0.391010000,43.238040000,196.000
-0.391100000,43.237940000,197.000
-0.391130000,43.237910000,197.000
-0.391180000,43.237850000,197.000
-0.391250000,43.237750000,197.000
-0.391270000,43.237720000,197.000
-0.391320000,43.237650000,197.000
-0.391360000,43.237590000,198.000
-0.391370000,43.237570000,198.000
-0.391420000,43.237480000,198.000
-0.391460000,43.237410000,198.000
-0.391520000,43.237310000,198.000
-0.391560000,43.237200000,198.000
-0.391600000,43.237120000,198.000
-0.391650000,43.237000000,199.000
-0.391670000,43.236950000,199.000
-0.391700000,43.236880000,199.000
-0.391710000,43.236830000,199.000
-0.391740000,43.236730000,199.000
-0.391760000,43.236640000,199.000
-0.391780000,43.236540000,200.000
-0.391800000,43.236430000,200.000
-0.391820000,43.236340000,200.000
-0.391830000,43.236240000,200.000
-0.391830000,43.236130000,200.000
-0.391830000,43.236010000,200.000
-0.391830000,43.235890000,201.000
-0.391820000,43.235790000,201.000
-0.391820000,43.235700000,201.000
-0.391810000,43.235620000,201.000
-0.391800000,43.235560000,201.000
-0.391790000,43.235510000,201.000
-0.391770000,43.235400000,201.000
-0.391750000,43.235290000,202.000
-0.391730000,43.235190000,202.000
-0.391720000,43.235090000,202.000
-0.391710000,43.234990000,202.000
-0.391690000,43.234900000,202.000
-0.391680000,43.234800000,202.000
-0.391670000,43.234740000,202.000
-0.391670000,43.234710000,202.000
-0.391660000,43.234510000,203.000
-0.391650000,43.234420000,203.000
-0.391650000,43.234320000,203.000
-0.391650000,43.234220000,203.000
-0.391610000,43.233310000,203.000
-0.391610000,43.233300000,204.000
-0.391610000,43.233130000,204.000
-0.391610000,43.233120000,204.000
-0.391580000,43.232430000,204.000
-0.391610000,43.232320000,204.000
-0.391610000,43.232050000,204.000
-0.391610000,43.231840000,203.000
-0.391620000,43.231630000,203.000
-0.391640000,43.231430000,203.000
-0.391640000,43.231260000,203.000
-0.391660000,43.231030000,203.000
-0.391690000,43.230890000,203.000
-0.391710000,43.230740000,203.000
-0.391730000,43.230630000,203.000
-0.391740000,43.230570000,203.000
-0.391750000,43.230490000,203.000
-0.391750000,43.230400000,203.000
-0.391760000,43.230310000,204.000
-0.391760000,43.230190000,204.000
-0.391770000,43.230020000,204.000
-0.391770000,43.229870000,204.000
-0.391770000,43.229620000,204.000
-0.391770000,43.229500000,204.000
-0.391740000,43.229380000,205.000
-0.391750000,43.229330000,205.000
-0.391750000,43.229270000,205.000
-0.391750000,43.229230000,206.000
-0.391750000,43.229160000,206.000
-0.391740000,43.229060000,206.000
-0.391740000,43.228910000,207.000
-0.391740000,43.228810000,207.000
-0.391740000,43.228690000,208.000
-0.391730000,43.228610000,208.000
-0.391730000,43.228530000,208.000
-0.391710000,43.228440000,209.000
-0.391690000,43.228290000,209.000
-0.391670000,43.228200000,210.000
-0.391650000,43.228140000,210.000
-0.391640000,43.228080000,210.000
-0.391630000,43.228010000,211.000
-0.391610000,43.227920000,211.000
-0.391570000,43.227720000,211.000
-0.391550000,43.227630000,212.000
-0.391520000,43.227530000,212.000
-0.391510000,43.227470000,213.000
-0.391500000,43.227430000,213.000
-0.391490000,43.227350000,213.000
-0.391490000,43.227310000,214.000
-0.391480000,43.227240000,214.000
-0.391480000,43.227220000,214.000
-0.391480000,43.227170000,214.000
-0.391470000,43.227090000,214.000
-0.391470000,43.226960000,215.000
-0.391470000,43.226920000,215.000
-0.391480000,43.226870000,215.000
-0.391490000,43.226790000,216.000
-0.391490000,43.226780000,216.000
-0.391500000,43.226680000,216.000
-0.391510000,43.226640000,216.000
-0.391520000,43.226580000,216.000
-0.391550000,43.226490000,217.000
-0.391580000,43.226370000,217.000
-0.391600000,43.226310000,217.000
-0.391620000,43.226260000,218.000
-0.391620000,43.226250000,218.000
-0.391660000,43.226160000,218.000
-0.391670000,43.226130000,218.000
-0.391690000,43.226070000,219.000
-0.391770000,43.225940000,219.000
-0.391820000,43.225850000,219.000
-0.391880000,43.225760000,219.000
-0.391890000,43.225750000,219.000
-0.391940000,43.225670000,219.000
-0.391950000,43.225660000,219.000
-0.392030000,43.225560000,219.000
-0.392140000,43.225440000,219.000
-0.392210000,43.225360000,219.000
-0.392270000,43.225290000,219.000
-0.392310000,43.225260000,219.000
-0.392420000,43.225160000,219.000
-0.392520000,43.225070000,219.000
-0.392590000,43.225040000,219.000
-0.392670000,43.224980000,218.000
-0.392950000,43.224800000,218.000
-0.393120000,43.224700000,218.000
-0.393290000,43.224600000,218.000
-0.393530000,43.224480000,218.000
-0.393530000,43.224480000,218.000
-0.393570000,43.224480000,218.000
-0.393600000,43.224480000,218.000
-0.393630000,43.224480000,218.000
-0.393660000,43.224470000,217.000
-0.393680000,43.224460000,217.000
-0.393710000,43.224460000,217.000
-0.393740000,43.224440000,217.000
-0.393760000,43.224430000,217.000
-0.393790000,43.224400000,217.000
-0.393810000,43.224390000,217.000
-0.393820000,43.224380000,217.000
-0.393830000,43.224360000,217.000
-0.393840000,43.224350000,217.000
-0.393850000,43.224330000,217.000
-0.393850000,43.224320000,217.000
-0.393860000,43.224300000,217.000
-0.393860000,43.224290000,217.000
-0.393860000,43.224280000,217.000
-0.393860000,43.224270000,217.000
-0.393860000,43.224260000,217.000
-0.393860000,43.224240000,217.000
-0.393860000,43.224230000,217.000
-0.393850000,43.224210000,217.000
-0.393850000,43.224200000,217.000
-0.393840000,43.224180000,217.000
-0.393830000,43.224160000,217.000
-0.393820000,43.224140000,217.000
-0.393800000,43.224130000,217.000
-0.393780000,43.224120000,217.000
-0.393760000,43.224100000,217.000
-0.393740000,43.224090000,217.000
-0.393710000,43.224080000,217.000
-0.393690000,43.224080000,217.000
-0.393670000,43.224070000,217.000
-0.393640000,43.224070000,217.000
-0.393620000,43.224060000,217.000
-0.393600000,43.224060000,216.000
-0.393570000,43.224060000,216.000
-0.393550000,43.224060000,216.000
-0.393530000,43.224070000,216.000
-0.393510000,43.224070000,216.000
-0.393500000,43.224070000,216.000
-0.393480000,43.224070000,216.000
-0.393470000,43.224070000,216.000
-0.393450000,43.224080000,216.000
-0.393440000,43.224080000,216.000
-0.393420000,43.224080000,216.000
-0.393410000,43.224090000,216.000
-0.393400000,43.224090000,216.000
-0.393390000,43.224100000,216.000
-0.393380000,43.224100000,216.000
-0.393370000,43.224110000,216.000
-0.393360000,43.224120000,216.000
-0.393350000,43.224120000,216.000
-0.393340000,43.224130000,216.000
-0.393330000,43.224140000,216.000
-0.393220000,43.224140000,216.000
-0.393150000,43.224130000,216.000
-0.393010000,43.224120000,216.000
-0.392860000,43.224120000,216.000
-0.392820000,43.224130000,216.000
-0.392770000,43.224140000,216.000
-0.392720000,43.224160000,216.000
-0.392690000,43.224170000,215.000
-0.392660000,43.224190000,215.000
-0.392640000,43.224210000,215.000
-0.392620000,43.224240000,215.000
-0.392610000,43.224290000,215.000
-0.392550000,43.224500000,215.000
-0.392520000,43.224670000,215.000
-0.392480000,43.224800000,215.000
-0.392450000,43.224860000,214.000
-0.392360000,43.224980000,214.000
-0.392340000,43.225000000,214.000
-0.392220000,43.225130000,213.000
-0.392110000,43.225200000,213.000
-0.391990000,43.225280000,213.000
-0.391940000,43.225300000,212.000
-0.391890000,43.225330000,212.000
-0.391810000,43.225370000,212.000
-0.391780000,43.225390000,212.000
-0.391750000,43.225390000,212.000
-0.391540000,43.225480000,211.000
-0.391270000,43.225580000,211.000
-0.391120000,43.225640000,210.000
-0.390970000,43.225700000,210.000
-0.390900000,43.225720000,210.000
-0.390770000,43.225760000,209.000
-0.390330000,43.225910000,209.000
-0.390240000,43.225930000,208.000
-0.389850000,43.226050000,208.000
-0.389850000,43.226050000,207.000
-0.389840000,43.226040000,207.000
-0.389830000,43.226030000,207.000
-0.389820000,43.226030000,207.000
-0.389810000,43.226020000,207.000
-0.389800000,43.226020000,207.000
-0.389790000,43.226010000,207.000
-0.389780000,43.226010000,207.000
-0.389770000,43.226000000,207.000
-0.389760000,43.226000000,207.000
-0.389750000,43.226000000,207.000
-0.389740000,43.226000000,207.000
-0.389720000,43.225990000,206.000
-0.389710000,43.225990000,206.000
-0.389650000,43.225910000,206.000
-0.389570000,43.225800000,206.000
-0.389530000,43.225750000,206.000
-0.389420000,43.225680000,206.000
-0.389290000,43.225530000,206.000
-0.389070000,43.225310000,205.000
-0.388930000,43.225120000,205.000
-0.388890000,43.225060000,205.000
-0.388860000,43.225020000,204.000
-0.388740000,43.224820000,204.000
-0.388630000,43.224590000,204.000
-0.388540000,43.224360000,204.000
-0.388390000,43.223880000,205.000
-0.388240000,43.223410000,205.000
-0.388220000,43.223360000,206.000
-0.388050000,43.222790000,206.000
-0.388030000,43.222710000,207.000
-0.387940000,43.222410000,207.000
-0.387920000,43.222370000,208.000
-0.387720000,43.221690000,209.000
-0.387650000,43.221490000,210.000
-0.387620000,43.221400000,211.000
-0.387490000,43.221000000,212.000
-0.387470000,43.220940000,212.000
-0.387380000,43.220710000,213.000
-0.387350000,43.220660000,213.000
-0.387250000,43.220460000,214.000
-0.387170000,43.220320000,214.000
-0.387140000,43.220270000,214.000
-0.387120000,43.220230000,214.000
-0.386900000,43.219910000,215.000
-0.386840000,43.219840000,215.000
-0.386720000,43.219690000,215.000
-0.386690000,43.219650000,216.000
-0.386580000,43.219540000,216.000
-0.386480000,43.219440000,216.000
-0.386430000,43.219390000,216.000
-0.386210000,43.219190000,216.000
-0.385950000,43.218990000,215.000
-0.385770000,43.218870000,215.000
-0.385570000,43.218740000,214.000
-0.385390000,43.218630000,214.000
-0.385290000,43.218570000,213.000
-0.385010000,43.218410000,212.000
-0.384950000,43.218380000,212.000
-0.384700000,43.218230000,211.000
-0.384660000,43.218190000,211.000
-0.384600000,43.218140000,210.000
-0.384440000,43.218020000,210.000
-0.384310000,43.217900000,210.000
-0.384180000,43.217750000,210.000
-0.384150000,43.217680000,210.000
-0.384100000,43.217600000,210.000
-0.384070000,43.217550000,210.000
-0.384040000,43.217480000,210.000
-0.383990000,43.217340000,210.000
-0.383970000,43.217290000,210.000
-0.383940000,43.217140000,210.000
-0.383920000,43.216960000,210.000
-0.383880000,43.216890000,210.000
-0.383880000,43.216800000,210.000
-0.383860000,43.216540000,210.000
-0.383830000,43.216020000,210.000
-0.383840000,43.215800000,210.000
-0.383900000,43.215330000,211.000
-0.383950000,43.215050000,211.000
-0.383980000,43.214900000,212.000
-0.384050000,43.214660000,212.000
-0.384100000,43.214480000,212.000
-0.384270000,43.214040000,213.000
-0.384300000,43.213960000,213.000
-0.384310000,43.213910000,213.000
-0.384380000,43.213740000,213.000
-0.384420000,43.213620000,213.000
-0.384430000,43.213590000,213.000
-0.384470000,43.213430000,213.000
-0.384490000,43.213220000,213.000
-0.384480000,43.213100000,213.000
-0.384450000,43.212890000,213.000
-0.384390000,43.212720000,213.000
-0.384390000,43.212720000,213.000
-0.384370000,43.212680000,213.000
-0.384330000,43.212570000,213.000
-0.384280000,43.212450000,213.000
-0.384200000,43.212330000,213.000
-0.384120000,43.212190000,213.000
-0.384010000,43.212030000,214.000
-0.383890000,43.211860000,214.000
-0.383890000,43.211850000,214.000
-0.383810000,43.211680000,214.000
-0.383770000,43.211570000,214.000
-0.383710000,43.211400000,214.000
-0.383690000,43.211300000,215.000
-0.383660000,43.211180000,215.000
-0.383620000,43.210980000,215.000
-0.383620000,43.210810000,215.000
-0.383630000,43.210680000,216.000
-0.383660000,43.210540000,216.000
-0.383690000,43.210410000,216.000
-0.383740000,43.210240000,216.000
-0.383810000,43.209970000,217.000
-0.383900000,43.209650000,217.000
-0.383950000,43.209490000,217.000
-0.384030000,43.209220000,218.000
-0.384080000,43.209040000,218.000
-0.384140000,43.208820000,219.000
-0.384310000,43.208240000,219.000
-0.384350000,43.208110000,220.000
-0.384370000,43.208020000,220.000
-0.384500000,43.207580000,220.000
-0.384570000,43.207330000,220.000
-0.384590000,43.207270000,221.000
-0.384640000,43.207080000,221.000
-0.384700000,43.206880000,221.000
-0.384790000,43.206570000,221.000
-0.384910000,43.206210000,221.000
-0.384950000,43.206110000,221.000
-0.384980000,43.206060000,221.000
-0.385030000,43.205970000,221.000
-0.385080000,43.205910000,221.000
-0.385180000,43.205770000,221.000
-0.385310000,43.205620000,221.000
-0.385520000,43.205410000,221.000
-0.385560000,43.205370000,221.000
-0.385650000,43.205290000,221.000
-0.385850000,43.205100000,221.000
-0.385870000,43.205090000,221.000
-0.386020000,43.204950000,221.000
-0.386070000,43.204900000,221.000
-0.386180000,43.204810000,221.000
-0.386190000,43.204800000,221.000
-0.386340000,43.204670000,221.000
-0.386390000,43.204640000,222.000
-0.386520000,43.204550000,222.000
-0.386620000,43.204470000,222.000
-0.386850000,43.204300000,223.000
-0.387020000,43.204160000,223.000
-0.387190000,43.204020000,224.000
-0.387500000,43.203770000,225.000
-0.387520000,43.203750000,226.000
-0.387730000,43.203580000,227.000
-0.387850000,43.203490000,228.000
-0.387930000,43.203430000,228.000
-0.388100000,43.203270000,229.000
-0.388270000,43.203090000,229.000
-0.388380000,43.202940000,229.000
-0.388440000,43.202820000,229.000
-0.388470000,43.202710000,229.000
-0.388500000,43.202590000,229.000
-0.388510000,43.202580000,229.000
-0.388520000,43.202500000,229.000
-0.388520000,43.202450000,229.000
-0.388520000,43.202410000,229.000
-0.388520000,43.202390000,229.000
-0.388510000,43.202280000,228.000
-0.388500000,43.202230000,228.000
-0.388500000,43.202220000,228.000
-0.388500000,43.202210000,228.000
-0.388480000,43.202130000,228.000
-0.388470000,43.202090000,228.000
-0.388460000,43.202050000,228.000
-0.388450000,43.202040000,228.000
-0.388420000,43.201950000,228.000
-0.388400000,43.201920000,228.000
-0.388390000,43.201880000,227.000
-0.388380000,43.201870000,227.000
-0.388370000,43.201850000,227.000
-0.388310000,43.201710000,227.000
-0.388290000,43.201650000,227.000
-0.388250000,43.201530000,227.000
-0.388240000,43.201520000,227.000
-0.388230000,43.201480000,227.000
-0.388220000,43.201420000,227.000
-0.388210000,43.201400000,227.000
-0.388210000,43.201370000,227.000
-0.388200000,43.201330000,227.000
-0.388190000,43.201190000,228.000
-0.388190000,43.201060000,228.000
-0.388200000,43.200900000,229.000
-0.388220000,43.200770000,229.000
-0.388240000,43.200700000,230.000
-0.388250000,43.200680000,230.000
-0.388260000,43.200570000,231.000
-0.388280000,43.200480000,231.000
-0.388300000,43.200370000,232.000
-0.388300000,43.200330000,232.000
-0.388320000,43.200260000,232.000
-0.388330000,43.200170000,233.000
-0.388330000,43.200100000,233.000
-0.388310000,43.200010000,234.000
-0.388300000,43.199970000,234.000
-0.388260000,43.199890000,234.000
-0.388240000,43.199860000,235.000
-0.388210000,43.199810000,235.000
-0.388210000,43.199800000,235.000
-0.388140000,43.199670000,236.000
-0.388060000,43.199490000,236.000
-0.387990000,43.199390000,236.000
-0.387970000,43.199370000,235.000
-0.387870000,43.199240000,235.000
-0.387800000,43.199150000,235.000
-0.387750000,43.199080000,234.000
-0.387700000,43.199030000,234.000
-0.387570000,43.198880000,234.000
-0.387410000,43.198660000,233.000
-0.387380000,43.198610000,232.000
-0.387330000,43.198510000,232.000
-0.387330000,43.198490000,232.000
-0.387320000,43.198450000,231.000
-0.387300000,43.198350000,231.000
-0.387300000,43.198310000,231.000
-0.387300000,43.198260000,230.000
-0.387310000,43.198190000,230.000
-0.387330000,43.198130000,230.000
-0.387340000,43.198100000,230.000
-0.387400000,43.197970000,229.000
-0.387450000,43.197900000,229.000
-0.387490000,43.197830000,229.000
-0.387520000,43.197800000,229.000
-0.387580000,43.197730000,228.000
-0.387640000,43.197660000,228.000
-0.387660000,43.197650000,228.000
-0.387700000,43.197610000,228.000
-0.387760000,43.197560000,228.000
-0.387830000,43.197500000,228.000
-0.388010000,43.197380000,228.000
-0.388180000,43.197270000,228.000
-0.388220000,43.197250000,228.000
-0.388500000,43.197090000,228.000
-0.388610000,43.197020000,227.000
-0.388740000,43.196940000,227.000
-0.388800000,43.196900000,227.000
-0.388840000,43.196880000,227.000
-0.388950000,43.196800000,227.000
-0.389040000,43.196730000,227.000
-0.389130000,43.196660000,227.000
-0.389200000,43.196590000,227.000
-0.389290000,43.196450000,227.000
-0.389330000,43.196370000,227.000
-0.389370000,43.196340000,227.000
-0.389410000,43.196300000,227.000
-0.389440000,43.196260000,227.000
-0.389460000,43.196210000,227.000
-0.389500000,43.196140000,227.000
-0.389530000,43.196050000,227.000
-0.389570000,43.195910000,227.000
-0.389620000,43.195660000,227.000
-0.389670000,43.195410000,227.000
-0.389700000,43.195250000,228.000
-0.389730000,43.195100000,228.000
-0.389750000,43.194980000,228.000
-0.389750000,43.194950000,228.000
-0.389780000,43.194790000,228.000
-0.389800000,43.194650000,228.000
-0.389810000,43.194500000,229.000
-0.389820000,43.194340000,229.000
-0.389840000,43.194120000,229.000
-0.389840000,43.194080000,229.000
-0.389840000,43.194000000,229.000
-0.389840000,43.193910000,230.000
-0.389840000,43.193740000,230.000
-0.389840000,43.193620000,230.000
-0.389850000,43.193450000,230.000
-0.389860000,43.193310000,230.000
-0.389870000,43.193150000,231.000
-0.389890000,43.193020000,231.000
-0.389920000,43.192860000,231.000
-0.389960000,43.192700000,231.000
-0.390010000,43.192540000,232.000
-0.390030000,43.192480000,232.000
-0.390070000,43.192380000,233.000
-0.390100000,43.192310000,233.000
-0.390170000,43.192170000,234.000
-0.390260000,43.192000000,235.000
-0.390280000,43.191970000,235.000
-0.390350000,43.191880000,236.000
-0.390390000,43.191820000,236.000
-0.390460000,43.191740000,237.000
-0.390500000,43.191700000,237.000
-0.390550000,43.191640000,237.000
-0.390590000,43.191600000,238.000
-0.390650000,43.191540000,238.000
-0.390730000,43.191460000,238.000
-0.390820000,43.191380000,239.000
-0.390960000,43.191260000,239.000
-0.391160000,43.191110000,240.000
-0.391180000,43.191100000,240.000
-0.391420000,43.190940000,241.000
-0.391740000,43.190730000,241.000
-0.391860000,43.190640000,241.000
-0.392100000,43.190510000,242.000
-0.392230000,43.190380000,242.000
-0.392390000,43.190200000,242.000
-0.392500000,43.190070000,243.000
-0.392640000,43.189910000,243.000
-0.392700000,43.189830000,243.000
-0.392750000,43.189770000,243.000
-0.392810000,43.189700000,244.000
-0.392900000,43.189600000,244.000
-0.392950000,43.189540000,244.000
-0.393050000,43.189430000,244.000
-0.393140000,43.189320000,244.000
-0.393220000,43.189230000,244.000
-0.393320000,43.189110000,245.000
-0.393430000,43.188990000,245.000
-0.393530000,43.188860000,245.000
-0.393540000,43.188840000,245.000
-0.393570000,43.188800000,245.000
-0.393620000,43.188730000,246.000
-0.393660000,43.188670000,246.000
-0.393690000,43.188620000,246.000
-0.393730000,43.188530000,246.000
-0.393770000,43.188450000,246.000
-0.393790000,43.188390000,246.000
-0.393810000,43.188320000,246.000
-0.393820000,43.188270000,246.000
-0.393830000,43.188200000,246.000
-0.393860000,43.188080000,246.000
-0.393850000,43.187960000,246.000
-0.393820000,43.187830000,246.000
-0.393770000,43.187670000,246.000
-0.393710000,43.187540000,245.000
-0.393660000,43.187380000,245.000
-0.393580000,43.187190000,245.000
-0.393540000,43.187070000,244.000
-0.393490000,43.186950000,244.000
-0.393430000,43.186850000,244.000
-0.393340000,43.186700000,244.000
-0.393140000,43.186480000,243.000
-0.393040000,43.186320000,243.000
-0.392920000,43.186130000,243.000
-0.392840000,43.186020000,243.000
-0.392740000,43.185850000,243.000
-0.392670000,43.185730000,244.000
-0.392660000,43.185720000,244.000
-0.392600000,43.185630000,244.000
-0.392520000,43.185510000,244.000
-0.392460000,43.185420000,244.000
-0.392390000,43.185320000,244.000
-0.392310000,43.185180000,244.000
-0.392210000,43.185030000,245.000
-0.392140000,43.184920000,245.000
-0.392090000,43.184840000,245.000
-0.392040000,43.184700000,245.000
-0.391990000,43.184520000,246.000
-0.391970000,43.184350000,246.000
-0.391970000,43.184240000,247.000
-0.391970000,43.184220000,247.000
-0.392000000,43.184060000,248.000
-0.392000000,43.184040000,248.000
-0.392030000,43.183920000,249.000
-0.392060000,43.183760000,249.000
-0.392080000,43.183560000,250.000
-0.392080000,43.183480000,250.000
-0.392070000,43.183400000,251.000
-0.392060000,43.183300000,251.000
-0.392020000,43.183160000,252.000
-0.391950000,43.182930000,252.000
-0.391880000,43.182720000,253.000
-0.391850000,43.182580000,253.000
-0.391820000,43.182460000,253.000
-0.391790000,43.182350000,254.000
-0.391770000,43.182230000,254.000
-0.391760000,43.182140000,254.000
-0.391750000,43.182080000,254.000
-0.391740000,43.182020000,254.000
-0.391740000,43.181990000,254.000
-0.391740000,43.181980000,254.000
-0.391750000,43.181900000,255.000
-0.391750000,43.181820000,255.000
-0.391790000,43.181630000,255.000
-0.391840000,43.181510000,255.000
-0.391890000,43.181370000,255.000
-0.391940000,43.181250000,255.000
-0.391970000,43.181140000,255.000
-0.391980000,43.181120000,255.000
-0.392000000,43.181030000,255.000
-0.392010000,43.180980000,255.000
-0.392020000,43.180940000,255.000
-0.392040000,43.180810000,255.000
-0.392030000,43.180650000,255.000
-0.392000000,43.180480000,255.000
-0.391960000,43.180300000,255.000
-0.391950000,43.180200000,255.000
-0.391940000,43.180120000,255.000
-0.391940000,43.180020000,255.000
-0.391940000,43.179980000,255.000
-0.391950000,43.179920000,255.000
-0.391940000,43.179860000,255.000
-0.391940000,43.179820000,255.000
-0.391940000,43.179770000,255.000
-0.391940000,43.179700000,255.000
-0.391970000,43.179610000,255.000
-0.392010000,43.179530000,255.000
-0.392080000,43.179410000,255.000
-0.392150000,43.179320000,255.000
-0.392190000,43.179270000,256.000
-0.392250000,43.179200000,256.000
-0.392370000,43.179130000,256.000
-0.392490000,43.179060000,256.000
-0.392650000,43.178950000,257.000
-0.392670000,43.178940000,257.000
-0.392770000,43.178880000,257.000
-0.392860000,43.178830000,258.000
-0.392920000,43.178790000,258.000
-0.393030000,43.178730000,258.000
-0.393110000,43.178670000,259.000
-0.393150000,43.178630000,259.000
-0.393200000,43.178580000,259.000
-0.393210000,43.178560000,259.000
-0.393240000,43.178540000,259.000
-0.393270000,43.178510000,260.000
-0.393290000,43.178490000,260.000
-0.393320000,43.178460000,260.000
-0.393340000,43.178430000,260.000
-0.393360000,43.178400000,260.000
-0.393380000,43.178370000,260.000
-0.393400000,43.178350000,260.000
-0.393410000,43.178320000,261.000
-0.393430000,43.178300000,261.000
-0.393440000,43.178280000,261.000
-0.393450000,43.178260000,261.000
-0.393460000,43.178250000,261.000
-0.393470000,43.178230000,261.000
-0.393480000,43.178210000,261.000
-0.393490000,43.178190000,261.000
-0.393500000,43.178170000,261.000
-0.393520000,43.178150000,261.000
-0.393530000,43.178120000,261.000
-0.393540000,43.178090000,262.000
-0.393550000,43.178070000,262.000
-0.393560000,43.178040000,262.000
-0.393570000,43.178020000,262.000
-0.393580000,43.177990000,262.000
-0.393580000,43.177970000,262.000
-0.393590000,43.177940000,262.000
-0.393600000,43.177890000,262.000
-0.393610000,43.177870000,262.000
-0.393610000,43.177820000,262.000
-0.393620000,43.177780000,262.000
-0.393620000,43.177740000,262.000
-0.393630000,43.177690000,263.000
-0.393630000,43.177660000,263.000
-0.393640000,43.177610000,263.000
-0.393640000,43.177590000,263.000
-0.393640000,43.177570000,263.000
-0.393650000,43.177530000,263.000
-0.393650000,43.177500000,263.000
-0.393650000,43.177470000,263.000
-0.393660000,43.177440000,263.000
-0.393660000,43.177420000,263.000
-0.393660000,43.177410000,263.000
-0.393670000,43.177390000,263.000
-0.393670000,43.177370000,263.000
-0.393680000,43.177340000,263.000
-0.393690000,43.177300000,263.000
-0.393700000,43.177270000,263.000
-0.393710000,43.177240000,263.000
-0.393710000,43.177230000,263.000
-0.393710000,43.177200000,263.000
-0.393720000,43.177190000,263.000
-0.393730000,43.177120000,263.000
-0.393750000,43.177030000,263.000
-0.393750000,43.176990000,263.000
-0.393750000,43.176960000,263.000
-0.393760000,43.176930000,263.000
-0.393780000,43.176880000,263.000
-0.393800000,43.176840000,263.000
-0.393820000,43.176800000,263.000
-0.393840000,43.176770000,263.000
-0.393850000,43.176740000,263.000
-0.393870000,43.176710000,263.000
-0.393890000,43.176670000,263.000
-0.393900000,43.176630000,263.000
-0.393920000,43.176600000,263.000
-0.393940000,43.176550000,263.000
-0.393960000,43.176510000,263.000
-0.393980000,43.176470000,263.000
-0.394010000,43.176430000,263.000
-0.394030000,43.176390000,263.000
-0.394040000,43.176360000,263.000
-0.394060000,43.176310000,263.000
-0.394080000,43.176260000,263.000
-0.394100000,43.176230000,263.000
-0.394120000,43.176190000,263.000
-0.394160000,43.176120000,263.000
-0.394190000,43.176060000,264.000
-0.394210000,43.176010000,264.000
-0.394250000,43.175940000,264.000
-0.394260000,43.175920000,264.000
-0.394270000,43.175880000,264.000
-0.394290000,43.175860000,265.000
-0.394290000,43.175840000,265.000
-0.394300000,43.175830000,265.000
-0.394300000,43.175820000,265.000
-0.394310000,43.175810000,265.000
-0.394310000,43.175790000,265.000
-0.394330000,43.175750000,265.000
-0.394330000,43.175730000,265.000
-0.394340000,43.175700000,265.000
-0.394350000,43.175680000,266.000
-0.394360000,43.175650000,266.000
-0.394370000,43.175620000,266.000
-0.394380000,43.175600000,266.000
-0.394390000,43.175580000,266.000
-0.394400000,43.175560000,266.000
-0.394410000,43.175540000,266.000
-0.394410000,43.175520000,266.000
-0.394420000,43.175500000,267.000
-0.394430000,43.175480000,267.000
-0.394440000,43.175460000,267.000
-0.394450000,43.175440000,267.000
-0.394460000,43.175420000,267.000
-0.394470000,43.175390000,267.000
-0.394480000,43.175360000,267.000
-0.394490000,43.175320000,267.000
-0.394500000,43.175280000,268.000
-0.394520000,43.175230000,268.000
-0.394520000,43.175200000,268.000
-0.394530000,43.175180000,268.000
-0.394540000,43.175160000,268.000
-0.394540000,43.175120000,268.000
-0.394560000,43.175070000,269.000
-0.394570000,43.175000000,269.000
-0.394580000,43.174940000,269.000
-0.394590000,43.174890000,269.000
-0.394600000,43.174860000,270.000
-0.394610000,43.174840000,270.000
-0.394610000,43.174820000,270.000
-0.394610000,43.174800000,270.000
-0.394620000,43.174780000,270.000
-0.394620000,43.174760000,270.000
-0.394620000,43.174730000,270.000
-0.394620000,43.174710000,271.000
-0.394620000,43.174670000,271.000
-0.394620000,43.174650000,271.000
-0.394620000,43.174640000,271.000
-0.394630000,43.174610000,271.000
-0.394630000,43.174590000,271.000
-0.394630000,43.174550000,271.000
-0.394630000,43.174500000,272.000
-0.394630000,43.174460000,272.000
-0.394620000,43.174420000,272.000
-0.394620000,43.174380000,272.000
-0.394610000,43.174350000,272.000
-0.394600000,43.174310000,272.000
-0.394580000,43.174270000,272.000
-0.394560000,43.174220000,272.000
-0.394550000,43.174200000,272.000
-0.394530000,43.174150000,272.000
-0.394520000,43.174120000,272.000
-0.394500000,43.174100000,272.000
-0.394490000,43.174070000,272.000
-0.394480000,43.174060000,272.000
-0.394470000,43.174030000,272.000
-0.394460000,43.174000000,272.000
-0.394440000,43.173970000,272.000
-0.394440000,43.173950000,272.000
-0.394430000,43.173930000,272.000
-0.394420000,43.173900000,272.000
-0.394410000,43.173880000,272.000
-0.394410000,43.173840000,272.000
-0.394400000,43.173770000,272.000
-0.394390000,43.173720000,272.000
-0.394390000,43.173680000,272.000
-0.394380000,43.173650000,272.000
-0.394380000,43.173600000,272.000
-0.394390000,43.173550000,272.000
-0.394390000,43.173520000,272.000
-0.394400000,43.173500000,272.000
-0.394400000,43.173470000,272.000
-0.394410000,43.173450000,271.000
-0.394420000,43.173410000,271.000
-0.394440000,43.173390000,271.000
-0.394460000,43.173330000,271.000
-0.394490000,43.173260000,271.000
-0.394500000,43.173220000,271.000
-0.394530000,43.173170000,271.000
-0.394560000,43.173090000,271.000
-0.394590000,43.173020000,271.000
-0.394610000,43.172970000,271.000
-0.394640000,43.172920000,271.000
-0.394670000,43.172870000,271.000
-0.394690000,43.172800000,271.000
-0.394710000,43.172760000,271.000
-0.394720000,43.172720000,271.000
-0.394730000,43.172650000,271.000
-0.394740000,43.172600000,271.000
-0.394750000,43.172530000,271.000
-0.394760000,43.172460000,271.000
-0.394780000,43.172330000,272.000
-0.394790000,43.172260000,272.000
-0.394790000,43.172200000,273.000
-0.394800000,43.172080000,273.000
-0.394790000,43.172030000,274.000
-0.394790000,43.171970000,274.000
-0.394780000,43.171870000,275.000
-0.394770000,43.171750000,275.000
-0.394760000,43.171740000,276.000
-0.394740000,43.171610000,276.000
-0.394740000,43.171590000,277.000
-0.394730000,43.171570000,277.000
-0.394720000,43.171510000,277.000
-0.394700000,43.171410000,278.000
-0.394690000,43.171390000,278.000
-0.394670000,43.171300000,279.000
-0.394660000,43.171240000,279.000
-0.394650000,43.171200000,279.000
-0.394630000,43.171170000,280.000
-0.394620000,43.171130000,280.000
-0.394600000,43.171070000,280.000
-0.394590000,43.171030000,281.000
-0.394580000,43.170990000,281.000
-0.394580000,43.170960000,281.000
-0.394570000,43.170930000,281.000
-0.394570000,43.170910000,282.000
-0.394560000,43.170840000,282.000
-0.394560000,43.170790000,282.000
-0.394560000,43.170780000,282.000
-0.394570000,43.170770000,282.000
-0.394570000,43.170750000,282.000
-0.394570000,43.170720000,282.000
-0.394570000,43.170670000,282.000
-0.394580000,43.170640000,282.000
-0.394580000,43.170610000,282.000
-0.394590000,43.170600000,282.000
-0.394590000,43.170590000,282.000
-0.394600000,43.170550000,282.000
-0.394620000,43.170480000,282.000
-0.394630000,43.170440000,282.000
-0.394640000,43.170420000,282.000
-0.394650000,43.170400000,282.000
-0.394670000,43.170360000,282.000
-0.394690000,43.170320000,281.000
-0.394710000,43.170280000,281.000
-0.394720000,43.170270000,281.000
-0.394730000,43.170250000,281.000
-0.394750000,43.170220000,281.000
-0.394770000,43.170190000,281.000
-0.394800000,43.170160000,281.000
-0.394830000,43.170120000,281.000
-0.394850000,43.170090000,281.000
-0.394860000,43.170080000,281.000
-0.394890000,43.170050000,281.000
-0.394920000,43.170020000,281.000
-0.394930000,43.170000000,281.000
-0.394950000,43.169980000,281.000
-0.394980000,43.169960000,281.000
-0.394990000,43.169950000,280.000
-0.395010000,43.169930000,280.000
-0.395020000,43.169930000,280.000
-0.395050000,43.169900000,280.000
-0.395080000,43.169880000,280.000
-0.395110000,43.169850000,280.000
-0.395140000,43.169830000,280.000
-0.395170000,43.169810000,280.000
-0.395200000,43.169790000,280.000
-0.395210000,43.169780000,280.000
-0.395230000,43.169770000,280.000
-0.395250000,43.169760000,280.000
-0.395270000,43.169750000,280.000
-0.395310000,43.169720000,280.000
-0.395340000,43.169700000,280.000
-0.395350000,43.169690000,280.000
-0.395370000,43.169690000,280.000
-0.395380000,43.169680000,280.000
-0.395390000,43.169670000,280.000
-0.395400000,43.169670000,280.000
-0.395410000,43.169670000,279.000
-0.395410000,43.169660000,279.000
-0.395430000,43.169650000,279.000
-0.395450000,43.169640000,279.000
-0.395460000,43.169630000,279.000
-0.395480000,43.169620000,279.000
-0.395490000,43.169620000,279.000
-0.395520000,43.169600000,279.000
-0.395550000,43.169580000,279.000
-0.395570000,43.169570000,279.000
-0.395590000,43.169560000,279.000
-0.395600000,43.169550000,279.000
-0.395620000,43.169540000,279.000
-0.395640000,43.169530000,279.000
-0.395670000,43.169520000,279.000
-0.395700000,43.169500000,279.000
-0.395720000,43.169490000,279.000
-0.395740000,43.169480000,279.000
-0.395750000,43.169480000,279.000
-0.395760000,43.169470000,279.000
-0.395770000,43.169460000,279.000
-0.395820000,43.169430000,279.000
-0.395850000,43.169410000,279.000
-0.395880000,43.169400000,279.000
-0.395900000,43.169390000,279.000
-0.395910000,43.169380000,279.000
-0.395940000,43.169370000,279.000
-0.395940000,43.169360000,279.000
-0.395960000,43.169350000,279.000
-0.395970000,43.169340000,279.000
-0.395990000,43.169330000,279.000
-0.396010000,43.169320000,279.000
-0.396020000,43.169320000,279.000
-0.396030000,43.169310000,279.000
-0.396050000,43.169300000,279.000
-0.396060000,43.169290000,279.000
-0.396070000,43.169290000,279.000
-0.396100000,43.169270000,279.000
-0.396150000,43.169240000,279.000
-0.396170000,43.169230000,279.000
-0.396190000,43.169220000,279.000
-0.396220000,43.169200000,279.000
-0.396240000,43.169190000,279.000
-0.396260000,43.169180000,279.000
-0.396300000,43.169160000,279.000
-0.396320000,43.169140000,279.000
-0.396350000,43.169130000,279.000
-0.396390000,43.169100000,279.000
-0.396420000,43.169080000,279.000
-0.396450000,43.169070000,279.000
-0.396470000,43.169050000,279.000
-0.396490000,43.169040000,279.000
-0.396510000,43.169020000,279.000
-0.396540000,43.169010000,279.000
-0.396560000,43.168990000,279.000
-0.396580000,43.168980000,279.000
-0.396600000,43.168950000,279.000
-0.396630000,43.168940000,279.000
-0.396650000,43.168910000,279.000
-0.396680000,43.168900000,279.000
-0.396680000,43.168890000,279.000
-0.396690000,43.168890000,279.000
-0.396690000,43.168880000,279.000
-0.396700000,43.168880000,279.000
-0.396700000,43.168870000,279.000
-0.396710000,43.168870000,279.000
-0.396710000,43.168860000,279.000
-0.396720000,43.168860000,279.000
-0.396730000,43.168840000,279.000
-0.396750000,43.168830000,279.000
-0.396780000,43.168800000,279.000
-0.396790000,43.168780000,280.000
-0.396810000,43.168770000,280.000
-0.396830000,43.168750000,280.000
-0.396840000,43.168740000,280.000
-0.396840000,43.168730000,280.000
-0.396870000,43.168700000,280.000
-0.396890000,43.168670000,280.000
-0.396930000,43.168610000,280.000
-0.396960000,43.168570000,280.000
-0.396980000,43.168540000,280.000
-0.397000000,43.168490000,280.000
-0.397020000,43.168460000,280.000
-0.397040000,43.168420000,280.000
-0.397050000,43.168390000,280.000
-0.397070000,43.168360000,280.000
-0.397080000,43.168320000,280.000
-0.397100000,43.168280000,280.000
-0.397110000,43.168240000,280.000
-0.397120000,43.168200000,280.000
-0.397130000,43.168150000,280.000
-0.397150000,43.168070000,280.000
-0.397160000,43.167970000,280.000
-0.397170000,43.167900000,280.000
-0.397180000,43.167830000,281.000
-0.397190000,43.167740000,281.000
-0.397200000,43.167640000,281.000
-0.397210000,43.167570000,281.000
-0.397210000,43.167550000,281.000
-0.397210000,43.167530000,281.000
-0.397220000,43.167520000,281.000
-0.397220000,43.167500000,281.000
-0.397220000,43.167480000,281.000
-0.397230000,43.167450000,281.000
-0.397240000,43.167400000,281.000
-0.397250000,43.167320000,281.000
-0.397270000,43.167220000,282.000
-0.397280000,43.167210000,282.000
-0.397290000,43.167160000,282.000
-0.397300000,43.167120000,282.000
-0.397310000,43.167050000,282.000
-0.397330000,43.166980000,282.000
-0.397400000,43.166640000,282.000
-0.397520000,43.166290000,283.000
-0.397550000,43.166220000,283.000
-0.397580000,43.166140000,283.000
-0.397610000,43.166060000,283.000
-0.397630000,43.165970000,283.000
-0.397650000,43.165910000,283.000
-0.397660000,43.165850000,283.000
-0.397690000,43.165770000,283.000
-0.397700000,43.165740000,283.000
-0.397700000,43.165710000,283.000
-0.397700000,43.165670000,283.000
-0.397710000,43.165600000,283.000
-0.397710000,43.165520000,283.000
-0.397710000,43.165470000,283.000
-0.397720000,43.165440000,283.000
-0.397710000,43.165420000,283.000
-0.397710000,43.165410000,283.000
-0.397710000,43.165400000,283.000
-0.397710000,43.165390000,283.000
-0.397710000,43.165380000,283.000
-0.397710000,43.165360000,283.000
-0.397710000,43.165320000,283.000
-0.397710000,43.165290000,283.000
-0.397710000,43.165240000,283.000
-0.397710000,43.165230000,283.000
-0.397710000,43.165220000,283.000
-0.397710000,43.165190000,283.000
-0.397710000,43.165170000,283.000
-0.397710000,43.165150000,283.000
-0.397700000,43.165130000,283.000
-0.397700000,43.165110000,283.000
-0.397690000,43.165090000,283.000
-0.397690000,43.165070000,283.000
-0.397680000,43.165050000,283.000
-0.397670000,43.165020000,283.000
-0.397670000,43.164990000,283.000
-0.397660000,43.164970000,283.000
-0.397650000,43.164910000,283.000
-0.397630000,43.164850000,283.000
-0.397620000,43.164800000,283.000
-0.397600000,43.164720000,283.000
-0.397590000,43.164670000,283.000
-0.397570000,43.164610000,283.000
-0.397550000,43.164570000,283.000
-0.397540000,43.164530000,283.000
-0.397540000,43.164500000,283.000
-0.397530000,43.164460000,283.000
-0.397520000,43.164430000,283.000
-0.397510000,43.164400000,283.000
-0.397490000,43.164350000,283.000
-0.397490000,43.164340000,283.000
-0.397480000,43.164310000,283.000
-0.397470000,43.164270000,283.000
-0.397450000,43.164210000,283.000
-0.397440000,43.164170000,283.000
-0.397420000,43.164120000,283.000
-0.397420000,43.164100000,283.000
-0.397410000,43.164070000,283.000
-0.397400000,43.164050000,283.000
-0.397390000,43.164020000,283.000
-0.397380000,43.163990000,283.000
-0.397380000,43.163960000,283.000
-0.397370000,43.163930000,283.000
-0.397360000,43.163890000,283.000
-0.397350000,43.163850000,283.000
-0.397340000,43.163800000,283.000
-0.397330000,43.163750000,283.000
-0.397320000,43.163700000,283.000
-0.397310000,43.163680000,283.000
-0.397270000,43.163560000,283.000
-0.397250000,43.163460000,283.000
-0.397230000,43.163340000,283.000
-0.397220000,43.163280000,283.000
-0.397200000,43.163150000,284.000
-0.397180000,43.162990000,284.000
-0.397190000,43.162880000,284.000
-0.397190000,43.162830000,284.000
-0.397200000,43.162790000,284.000
-0.397210000,43.162700000,284.000
-0.397220000,43.162590000,284.000
-0.397240000,43.162480000,284.000
-0.397250000,43.162430000,284.000
-0.397270000,43.162360000,285.000
-0.397340000,43.162000000,285.000
-0.397350000,43.161970000,285.000
-0.397360000,43.161880000,286.000
-0.397390000,43.161720000,286.000
-0.397430000,43.161580000,287.000
-0.397440000,43.161460000,287.000
-0.397460000,43.161380000,287.000
-0.397480000,43.161340000,288.000
-0.397500000,43.161290000,288.000
-0.397520000,43.161220000,288.000
-0.397530000,43.161180000,288.000
-0.397570000,43.160980000,289.000
-0.397610000,43.160810000,289.000
-0.397650000,43.160710000,290.000
-0.397680000,43.160640000,290.000
-0.397740000,43.160540000,290.000
-0.397770000,43.160470000,290.000
-0.397810000,43.160420000,290.000
-0.397840000,43.160360000,290.000
-0.397880000,43.160310000,290.000
-0.397930000,43.160250000,290.000
-0.397960000,43.160210000,290.000
-0.398040000,43.160120000,290.000
-0.398070000,43.160080000,290.000
-0.398160000,43.159990000,290.000
-0.398200000,43.159920000,290.000
-0.398220000,43.159880000,290.000
-0.398320000,43.159790000,290.000
-0.398380000,43.159730000,290.000
-0.398790000,43.159370000,290.000
-0.399360000,43.158860000,290.000
-0.400080000,43.158200000,290.000
-0.400140000,43.158150000,291.000
-0.400330000,43.157990000,291.000
-0.400490000,43.157860000,291.000
-0.400740000,43.157690000,292.000
-0.400750000,43.157680000,292.000
-0.400760000,43.157670000,292.000
-0.400950000,43.157570000,293.000
-0.400960000,43.157560000,293.000
-0.401170000,43.157460000,293.000
-0.401410000,43.157360000,293.000
-0.401680000,43.157280000,294.000
-0.401950000,43.157220000,295.000
-0.402320000,43.157150000,295.000
-0.402720000,43.157060000,296.000
-0.403430000,43.156930000,297.000
-0.403770000,43.156860000,298.000
-0.404100000,43.156800000,299.000
-0.404410000,43.156740000,300.000
-0.404660000,43.156690000,300.000
-0.404900000,43.156640000,301.000
-0.405030000,43.156610000,301.000
-0.405150000,43.156570000,302.000
-0.405320000,43.156510000,302.000
-0.405370000,43.156490000,302.000
-0.405380000,43.156480000,302.000
-0.405510000,43.156420000,302.000
-0.405640000,43.156340000,303.000
-0.405770000,43.156260000,303.000
-0.405870000,43.156160000,303.000
-0.405970000,43.156070000,303.000
-0.406040000,43.155970000,303.000
-0.406130000,43.155840000,303.000
-0.406140000,43.155800000,304.000
-0.406170000,43.155750000,304.000
-0.406220000,43.155660000,304.000
-0.406240000,43.155590000,304.000
-0.406260000,43.155490000,304.000
-0.406280000,43.155380000,304.000
-0.406270000,43.155290000,304.000
-0.406250000,43.155170000,304.000
-0.406240000,43.155060000,304.000
-0.406210000,43.154950000,305.000
-0.406170000,43.154850000,305.000
-0.406120000,43.154750000,305.000
-0.406060000,43.154660000,305.000
-0.405970000,43.154500000,305.000
-0.405840000,43.154290000,305.000
-0.405710000,43.154100000,305.000
-0.405330000,43.153520000,305.000
-0.405020000,43.153060000,305.000
-0.404760000,43.152650000,304.000
-0.404490000,43.152240000,304.000
-0.404350000,43.152000000,305.000
-0.404250000,43.151820000,305.000
-0.404210000,43.151750000,306.000
-0.404190000,43.151720000,306.000
-0.404160000,43.151650000,306.000
-0.404150000,43.151620000,306.000
-0.404120000,43.151560000,306.000
-0.404120000,43.151540000,307.000
-0.404110000,43.151470000,307.000
-0.404100000,43.151400000,307.000
-0.404090000,43.151360000,307.000
-0.404090000,43.151320000,307.000
-0.404090000,43.151230000,307.000
-0.404090000,43.151100000,308.000
-0.404100000,43.151000000,308.000
-0.404110000,43.150920000,308.000
-0.404120000,43.150850000,308.000
-0.404130000,43.150750000,308.000
-0.404140000,43.150670000,308.000
-0.404140000,43.150580000,308.000
-0.404150000,43.150500000,308.000
-0.404150000,43.150380000,308.000
-0.404150000,43.150330000,308.000
-0.404130000,43.150190000,308.000
-0.404100000,43.150090000,308.000
-0.404040000,43.149920000,308.000
-0.403980000,43.149800000,308.000
-0.403870000,43.149560000,308.000
-0.403640000,43.149030000,308.000
-0.403600000,43.148950000,308.000
-0.403580000,43.148890000,308.000
-0.403530000,43.148790000,308.000
-0.403530000,43.148780000,308.000
-0.403500000,43.148710000,309.000
-0.403470000,43.148640000,309.000
-0.403430000,43.148550000,309.000
-0.403390000,43.148460000,309.000
-0.403350000,43.148380000,310.000
-0.403290000,43.148260000,310.000
-0.403270000,43.148220000,310.000
-0.403230000,43.148140000,311.000
-0.403120000,43.147980000,311.000
-0.402990000,43.147850000,312.000
-0.402940000,43.147800000,312.000
-0.402840000,43.147710000,313.000
-0.402780000,43.147660000,313.000
-0.402760000,43.147640000,313.000
-0.402680000,43.147570000,314.000
-0.402560000,43.147460000,314.000
-0.402480000,43.147370000,315.000
-0.402370000,43.147240000,315.000
-0.402190000,43.147010000,316.000
-0.402140000,43.146950000,316.000
-0.402080000,43.146840000,316.000
-0.402000000,43.146760000,317.000
-0.401860000,43.146610000,317.000
-0.401690000,43.146470000,317.000
-0.401510000,43.146350000,318.000
-0.401270000,43.146180000,318.000
-0.401230000,43.146150000,319.000
-0.401160000,43.146100000,319.000
-0.401020000,43.146000000,319.000
-0.400870000,43.145900000,320.000
-0.400720000,43.145800000,320.000
-0.400480000,43.145640000,320.000
-0.400190000,43.145430000,320.000
-0.400050000,43.145330000,320.000
-0.400030000,43.145320000,320.000
-0.399800000,43.145170000,320.000
-0.399630000,43.145050000,320.000
-0.399510000,43.144950000,320.000
-0.399420000,43.144870000,320.000
-0.399410000,43.144860000,320.000
-0.399320000,43.144750000,320.000
-0.399300000,43.144720000,320.000
-0.399270000,43.144680000,320.000
-0.399240000,43.144610000,320.000
-0.399210000,43.144540000,320.000
-0.399200000,43.144480000,320.000
-0.399190000,43.144410000,320.000
-0.399190000,43.144310000,320.000
-0.399200000,43.144160000,320.000
-0.399210000,43.143990000,320.000
-0.399220000,43.143870000,320.000
-0.399230000,43.143830000,320.000
-0.399230000,43.143730000,320.000
-0.399240000,43.143660000,320.000
-0.399250000,43.143540000,320.000
-0.399260000,43.143400000,321.000
-0.399270000,43.143230000,321.000
-0.399270000,43.143140000,321.000
-0.399280000,43.142970000,321.000
-0.399290000,43.142880000,321.000
-0.399290000,43.142850000,321.000
-0.399270000,43.142820000,321.000
-0.399280000,43.142710000,321.000
-0.399300000,43.142550000,322.000
-0.399310000,43.142450000,322.000
-0.399320000,43.142310000,322.000
-0.399320000,43.142230000,322.000
-0.399320000,43.142200000,322.000
-0.399320000,43.142140000,323.000
-0.399310000,43.142010000,323.000
-0.399300000,43.141890000,323.000
-0.399280000,43.141720000,323.000
-0.399270000,43.141690000,324.000
-0.399250000,43.141510000,324.000
-0.399240000,43.141440000,324.000
-0.399230000,43.141330000,324.000
-0.399220000,43.141260000,325.000
-0.399200000,43.141100000,325.000
-0.399180000,43.140960000,325.000
-0.399150000,43.140730000,326.000
-0.399140000,43.140610000,326.000
-0.399120000,43.140470000,326.000
-0.399120000,43.140430000,327.000
-0.399110000,43.140320000,327.000
-0.399110000,43.140250000,327.000
-0.399110000,43.140200000,327.000
-0.399130000,43.140080000,328.000
-0.399170000,43.139920000,328.000
-0.399240000,43.139720000,328.000
-0.399310000,43.139550000,329.000
-0.399430000,43.139280000,329.000
-0.399460000,43.139210000,330.000
-0.399670000,43.138730000,330.000
-0.399720000,43.138600000,331.000
-0.399750000,43.138530000,331.000
-0.399790000,43.138460000,331.000
-0.399870000,43.138350000,331.000
-0.399960000,43.138240000,332.000
-0.399990000,43.138210000,332.000
-0.400090000,43.138110000,332.000
-0.400240000,43.137990000,332.000
-0.400310000,43.137940000,332.000
-0.400400000,43.137870000,332.000
-0.400640000,43.137730000,332.000
-0.400670000,43.137700000,332.000
-0.400800000,43.137620000,332.000
-0.400830000,43.137600000,332.000
-0.400950000,43.137510000,332.000
-0.401010000,43.137460000,332.000
-0.401080000,43.137390000,332.000
-0.401170000,43.137300000,332.000
-0.401240000,43.137210000,333.000
-0.401320000,43.137120000,333.000
-0.401370000,43.137050000,333.000
-0.401480000,43.136910000,333.000
-0.401520000,43.136870000,333.000
-0.401580000,43.136790000,333.000
-0.401650000,43.136710000,334.000
-0.401760000,43.136580000,334.000
-0.401930000,43.136370000,334.000
-0.402000000,43.136280000,334.000
-0.402050000,43.136210000,335.000
-0.402120000,43.136110000,335.000
-0.402180000,43.135990000,335.000
-0.402220000,43.135910000,335.000
-0.402280000,43.135740000,336.000
-0.402300000,43.135670000,336.000
-0.402330000,43.135580000,336.000
-0.402350000,43.135540000,337.000
-0.402360000,43.135500000,337.000
-0.402370000,43.135460000,337.000
-0.402420000,43.135320000,337.000
-0.402430000,43.135250000,338.000
-0.402530000,43.134900000,338.000
-0.402590000,43.134730000,339.000
-0.402640000,43.134550000,340.000
-0.402670000,43.134460000,340.000
-0.402690000,43.134380000,341.000
-0.402700000,43.134340000,341.000
-0.402730000,43.134220000,341.000
-0.402750000,43.134090000,342.000
-0.402770000,43.133970000,342.000
-0.402780000,43.133920000,343.000
-0.402790000,43.133860000,343.000
-0.402810000,43.133760000,343.000
-0.402830000,43.133610000,344.000
-0.402830000,43.133560000,345.000
-0.402840000,43.133510000,345.000
-0.402840000,43.133430000,346.000
-0.402840000,43.133380000,346.000
-0.402830000,43.133360000,347.000
-0.402820000,43.133300000,347.000
-0.402810000,43.133240000,348.000
-0.402770000,43.133100000,349.000
-0.402760000,43.133060000,349.000
-0.402740000,43.133020000,350.000
-0.402700000,43.132900000,350.000
-0.402690000,43.132890000,351.000
-0.402620000,43.132720000,352.000
-0.402610000,43.132700000,352.000
-0.402570000,43.132590000,353.000
-0.402560000,43.132540000,354.000
-0.402550000,43.132520000,354.000
-0.402540000,43.132450000,355.000
-0.402520000,43.132360000,355.000
-0.402520000,43.132350000,356.000
-0.402510000,43.132230000,356.000
-0.402510000,43.132120000,357.000
-0.402520000,43.131990000,358.000
-0.402540000,43.131820000,358.000
-0.402610000,43.131290000,359.000
-0.402630000,43.131110000,360.000
-0.402700000,43.130630000,360.000
-0.402700000,43.130570000,361.000
-0.402710000,43.130510000,361.000
-0.402840000,43.129450000,362.000
-0.402890000,43.129090000,363.000
-0.402940000,43.128670000,365.000
-0.402940000,43.128610000,366.000
-0.402950000,43.128550000,366.000
-0.402950000,43.128370000,367.000
-0.402940000,43.128130000,368.000
-0.402940000,43.127980000,369.000
-0.402940000,43.127970000,370.000
-0.402920000,43.127780000,371.000
-0.402880000,43.127480000,372.000
-0.402870000,43.127440000,372.000
-0.402850000,43.127260000,373.000
-0.402800000,43.126890000,374.000
-0.402770000,43.126670000,375.000
-0.402730000,43.126370000,376.000
-0.402620000,43.125590000,378.000
-0.402610000,43.125530000,379.000
-0.402600000,43.125460000,380.000
-0.402580000,43.125320000,381.000
-0.402560000,43.125140000,383.000
-0.402550000,43.124950000,384.000
-0.402550000,43.124800000,385.000
-0.402560000,43.124690000,387.000
-0.402580000,43.124520000,388.000
-0.402600000,43.124330000,389.000
-0.402630000,43.124150000,391.000
-0.402650000,43.123970000,392.000
-0.402680000,43.123790000,394.000
-0.402800000,43.122910000,397.000
-0.402820000,43.122720000,399.000
-0.402850000,43.122540000,401.000
-0.402880000,43.122360000,403.000
-0.403010000,43.121460000,406.000
-0.403040000,43.121290000,409.000
-0.403100000,43.120870000,412.000
-0.403120000,43.120740000,415.000
-0.403160000,43.120600000,417.000
-0.403170000,43.120570000,419.000
-0.403190000,43.120500000,420.000
-0.403240000,43.120400000,422.000
-0.403340000,43.120240000,423.000
-0.403350000,43.120220000,424.000
-0.403440000,43.120070000,426.000
-0.403460000,43.120060000,427.000
-0.403500000,43.119990000,428.000
-0.403680000,43.119750000,429.000
-0.403870000,43.119550000,431.000
-0.404050000,43.119350000,433.000
-0.404140000,43.119270000,434.000
-0.404230000,43.119190000,436.000
-0.404300000,43.119130000,437.000
-0.404310000,43.119130000,438.000
-0.404370000,43.119080000,438.000
-0.404450000,43.119030000,439.000
-0.404500000,43.119000000,440.000
-0.404610000,43.118930000,440.000
-0.404690000,43.118890000,441.000
-0.405010000,43.118720000,442.000
-0.405030000,43.118700000,443.000
-0.405070000,43.118680000,444.000
-0.405130000,43.118650000,445.000
-0.405190000,43.118600000,445.000
-0.405200000,43.118590000,446.000
-0.405240000,43.118550000,446.000
-0.405260000,43.118540000,447.000
-0.405380000,43.118430000,447.000
-0.405420000,43.118380000,448.000
-0.405470000,43.118310000,448.000
-0.405600000,43.118200000,448.000
-0.405740000,43.118030000,449.000
-0.405830000,43.117940000,449.000
-0.405930000,43.117850000,450.000
-0.406040000,43.117760000,450.000
-0.406140000,43.117690000,450.000
-0.406250000,43.117630000,451.000
-0.406350000,43.117580000,451.000
-0.406450000,43.117540000,451.000
-0.406460000,43.117540000,451.000
-0.406670000,43.117450000,452.000
-0.406870000,43.117370000,452.000
-0.406890000,43.117360000,452.000
-0.406990000,43.117310000,453.000
-0.407160000,43.117220000,453.000
-0.407470000,43.117050000,453.000
-0.407480000,43.117040000,454.000
-0.407730000,43.116890000,454.000
-0.407850000,43.116810000,455.000
-0.408030000,43.116690000,455.000
-0.408030000,43.116680000,456.000
-0.408150000,43.116600000,456.000
-0.408730000,43.116170000,457.000
-0.408900000,43.116050000,458.000
-0.409030000,43.115950000,459.000
-0.409050000,43.115940000,459.000
-0.409070000,43.115920000,460.000
-0.409410000,43.115660000,460.000
-0.409620000,43.115490000,461.000
-0.409640000,43.115480000,461.000
-0.409780000,43.115400000,461.000
-0.409880000,43.115310000,461.000
-0.410030000,43.115150000,461.000
-0.410050000,43.115130000,461.000
-0.410140000,43.115050000,462.000
-0.410160000,43.115030000,462.000
-0.410170000,43.115010000,462.000
-0.410190000,43.114990000,462.000
-0.410240000,43.114930000,462.000
-0.410260000,43.114900000,462.000
-0.410290000,43.114860000,462.000
-0.410300000,43.114850000,462.000
-0.410310000,43.114830000,462.000
-0.410330000,43.114800000,462.000
-0.410370000,43.114740000,462.000
-0.410510000,43.114500000,462.000
-0.410920000,43.113730000,463.000
-0.411020000,43.113540000,464.000
-0.411040000,43.113520000,465.000
-0.411080000,43.113440000,465.000
-0.411110000,43.113390000,466.000
-0.411150000,43.113350000,466.000
-0.411190000,43.113320000,467.000
-0.411220000,43.113300000,467.000
-0.411260000,43.113270000,467.000
-0.411300000,43.113250000,467.000
-0.411410000,43.113180000,467.000
-0.411420000,43.113170000,468.000
-0.411580000,43.113070000,468.000
-0.411600000,43.113060000,468.000
-0.411670000,43.113020000,468.000
-0.411700000,43.113000000,468.000
-0.411880000,43.112860000,469.000
-0.411930000,43.112810000,469.000
-0.411990000,43.112740000,469.000
-0.412020000,43.112690000,468.000
-0.412020000,43.112680000,468.000
-0.412040000,43.112640000,468.000
-0.412070000,43.112570000,468.000
-0.412090000,43.112470000,467.000
-0.412110000,43.112390000,467.000
-0.412120000,43.112310000,466.000
-0.412140000,43.112210000,465.000
-0.412160000,43.112120000,465.000
-0.412160000,43.112080000,464.000
-0.412160000,43.112050000,464.000
-0.412160000,43.112000000,463.000
-0.412180000,43.111940000,463.000
-0.412200000,43.111910000,463.000
-0.412220000,43.111870000,462.000
-0.412230000,43.111840000,462.000
-0.412280000,43.111780000,461.000
-0.412460000,43.111560000,461.000
-0.412490000,43.111540000,460.000
-0.412520000,43.111500000,459.000
-0.412590000,43.111430000,459.000
-0.412640000,43.111370000,458.000
-0.412680000,43.111330000,458.000
-0.412690000,43.111300000,457.000
-0.412710000,43.111250000,457.000
-0.412720000,43.111210000,456.000
-0.412720000,43.111160000,456.000
-0.412720000,43.111100000,456.000
-0.412710000,43.111040000,456.000
-0.412690000,43.110990000,455.000
-0.412660000,43.110920000,455.000
-0.412650000,43.110900000,455.000
-0.412620000,43.110850000,455.000
-0.412560000,43.110740000,455.000
-0.412540000,43.110710000,455.000
-0.412260000,43.110280000,454.000
-0.412240000,43.110250000,454.000
-0.412200000,43.110180000,454.000
-0.412140000,43.110090000,453.000
-0.411700000,43.109420000,453.000
-0.411670000,43.109360000,452.000
-0.411640000,43.109300000,452.000
-0.411620000,43.109250000,451.000
-0.411610000,43.109220000,451.000
-0.411600000,43.109190000,451.000
-0.411580000,43.109120000,450.000
-0.411580000,43.109060000,450.000
-0.411570000,43.108990000,450.000
-0.411590000,43.108890000,449.000
-0.411630000,43.108750000,449.000
-0.411650000,43.108700000,448.000
-0.411670000,43.108660000,448.000
-0.411730000,43.108490000,447.000
-0.411760000,43.108410000,446.000
-0.411810000,43.108340000,446.000
-0.411870000,43.108240000,445.000
-0.411910000,43.108190000,445.000
-0.411930000,43.108170000,444.000
-0.411970000,43.108110000,444.000
-0.412030000,43.108060000,444.000
-0.412040000,43.108040000,443.000
-0.412080000,43.108010000,443.000
-0.412140000,43.107960000,443.000
-0.412200000,43.107910000,442.000
-0.412260000,43.107860000,442.000
-0.412300000,43.107800000,442.000
-0.412330000,43.107750000,441.000
-0.412350000,43.107690000,441.000
-0.412420000,43.107530000,440.000
-0.412450000,43.107460000,440.000
-0.412520000,43.107300000,439.000
-0.412530000,43.107290000,438.000
-0.412570000,43.107230000,438.000
-0.412600000,43.107200000,437.000
-0.412650000,43.107130000,437.000
-0.412660000,43.107120000,437.000
-0.412740000,43.107050000,436.000
-0.412770000,43.107010000,436.000
-0.412800000,43.106990000,435.000
-0.413370000,43.106450000,434.000
-0.413430000,43.106350000,432.000
-0.413470000,43.106210000,431.000
-0.413470000,43.106090000,430.000
-0.413430000,43.105830000,429.000
-0.413370000,43.105570000,428.000
-0.413360000,43.105460000,427.000
-0.413350000,43.105360000,426.000
-0.413360000,43.105290000,426.000
-0.413370000,43.105220000,425.000
-0.413380000,43.105200000,425.000
-0.413400000,43.105150000,425.000
-0.413550000,43.104820000,424.000
-0.413680000,43.104600000,424.000
-0.413720000,43.104540000,423.000
-0.413730000,43.104520000,423.000
-0.413770000,43.104450000,422.000
-0.413820000,43.104370000,422.000
-0.413830000,43.104360000,422.000
-0.413850000,43.104330000,422.000
-0.413930000,43.104250000,421.000
-0.414040000,43.104180000,421.000
-0.414180000,43.104120000,420.000
-0.414350000,43.104070000,419.000
-0.414540000,43.104050000,418.000
-0.414700000,43.104050000,417.000
-0.414870000,43.104060000,416.000
-0.415060000,43.104030000,415.000
-0.415200000,43.103990000,414.000
-0.415230000,43.103980000,413.000
-0.415330000,43.103930000,412.000
-0.415410000,43.103890000,411.000
-0.415440000,43.103880000,411.000
-0.415520000,43.103810000,410.000
-0.415560000,43.103750000,410.000
-0.415570000,43.103740000,409.000
-0.415600000,43.103660000,409.000
-0.415610000,43.103580000,408.000
-0.415590000,43.103500000,407.000
-0.415560000,43.103450000,407.000
-0.415560000,43.103440000,406.000
-0.415510000,43.103300000,406.000
-0.415510000,43.103260000,406.000
-0.415500000,43.103230000,406.000
-0.415480000,43.103200000,406.000
-0.415380000,43.103080000,406.000
-0.415130000,43.102700000,407.000
-0.414830000,43.102270000,408.000
-0.414810000,43.102230000,409.000
-0.414780000,43.102190000,409.000
-0.414740000,43.102120000,409.000
-0.414660000,43.101990000,410.000
-0.414640000,43.101960000,410.000
-0.414580000,43.101830000,410.000
-0.414530000,43.101730000,411.000
-0.414500000,43.101670000,411.000
-0.414410000,43.101450000,411.000
-0.414360000,43.101300000,411.000
-0.414340000,43.101140000,411.000
-0.414330000,43.101030000,410.000
-0.414350000,43.100850000,410.000
-0.414350000,43.100840000,410.000
-0.414360000,43.100760000,410.000
-0.414360000,43.100740000,410.000
-0.414380000,43.100660000,409.000
-0.414390000,43.100580000,409.000
-0.414420000,43.100490000,409.000
-0.414440000,43.100450000,409.000
-0.414450000,43.100410000,409.000
-0.414490000,43.100330000,409.000
-0.414500000,43.100310000,409.000
-0.414580000,43.100170000,408.000
-0.414600000,43.100150000,408.000
-0.414770000,43.099920000,408.000
-0.414800000,43.099880000,408.000
-0.415080000,43.099520000,408.000
-0.415130000,43.099460000,407.000
-0.415200000,43.099370000,407.000
-0.415250000,43.099300000,407.000
-0.415620000,43.098840000,407.000
-0.415900000,43.098480000,406.000
-0.416030000,43.098330000,406.000
-0.416770000,43.097390000,406.000
-0.417370000,43.096640000,407.000
-0.417770000,43.096140000,407.000
-0.418020000,43.095840000,408.000
-0.418210000,43.095590000,408.000
-0.418350000,43.095400000,408.000
-0.418530000,43.095180000,409.000
-0.418620000,43.095060000,409.000
-0.418730000,43.094890000,409.000
-0.418820000,43.094750000,409.000
-0.418870000,43.094650000,409.000
-0.418900000,43.094590000,409.000
-0.418930000,43.094510000,409.000
-0.418970000,43.094400000,409.000
-0.419000000,43.094310000,409.000
-0.419040000,43.094130000,409.000
-0.419110000,43.093730000,409.000
-0.419120000,43.093640000,409.000
-0.419150000,43.093440000,409.000
-0.419170000,43.093310000,409.000
-0.419180000,43.093180000,410.000
-0.419210000,43.092980000,410.000
-0.419240000,43.092730000,410.000
-0.419330000,43.092060000,410.000
-0.419350000,43.091890000,410.000
-0.419410000,43.091400000,411.000
-0.419490000,43.090790000,411.000
-0.419560000,43.090190000,412.000
-0.419590000,43.089920000,412.000
-0.419590000,43.089890000,412.000
-0.419620000,43.089630000,413.000
-0.419640000,43.089490000,413.000
-0.419650000,43.089390000,413.000
-0.419660000,43.089360000,413.000
-0.419680000,43.089310000,414.000
-0.419710000,43.089210000,414.000
-0.419750000,43.089140000,414.000
-0.419840000,43.088950000,414.000
-0.419850000,43.088940000,414.000
-0.419970000,43.088680000,414.000
-0.420170000,43.088270000,415.000
-0.420190000,43.088230000,415.000
-0.420250000,43.088110000,415.000
-0.420340000,43.087910000,416.000
-0.420470000,43.087670000,416.000
-0.420490000,43.087620000,416.000
-0.420500000,43.087610000,416.000
-0.420740000,43.087130000,416.000
-0.420900000,43.086830000,416.000
-0.420950000,43.086740000,416.000
-0.421120000,43.086420000,416.000
-0.421150000,43.086380000,416.000
-0.421190000,43.086330000,416.000
-0.421260000,43.086270000,416.000
-0.421390000,43.086200000,416.000
-0.421410000,43.086190000,416.000
-0.421520000,43.086130000,416.000
-0.421580000,43.086100000,416.000
-0.421730000,43.086030000,416.000
-0.421900000,43.085950000,416.000
-0.422050000,43.085880000,416.000
-0.422080000,43.085850000,416.000
-0.422090000,43.085840000,416.000
-0.422100000,43.085820000,416.000
-0.422130000,43.085770000,416.000
-0.422140000,43.085740000,417.000
-0.422140000,43.085700000,417.000
-0.422120000,43.085650000,417.000
-0.422100000,43.085580000,417.000
-0.422080000,43.085500000,417.000
-0.422070000,43.085440000,417.000
-0.422070000,43.085390000,417.000
-0.422070000,43.085330000,417.000
-0.422070000,43.085330000,417.000
-0.422080000,43.085330000,417.000
-0.422090000,43.085330000,417.000
-0.422100000,43.085330000,418.000
-0.422110000,43.085330000,418.000
-0.422120000,43.085320000,418.000
-0.422130000,43.085320000,418.000
-0.422140000,43.085320000,418.000
-0.422150000,43.085320000,418.000
-0.422150000,43.085310000,418.000
-0.422160000,43.085310000,418.000
-0.422170000,43.085310000,418.000
-0.422170000,43.085300000,418.000
-0.422180000,43.085300000,418.000
-0.422190000,43.085290000,418.000
-0.422200000,43.085280000,418.000
-0.422210000,43.085270000,418.000
-0.422210000,43.085260000,418.000
-0.422220000,43.085260000,418.000
-0.422220000,43.085250000,418.000
-0.422220000,43.085240000,418.000
-0.422220000,43.085230000,418.000
-0.422220000,43.085220000,418.000
-0.422220000,43.085210000,418.000
-0.422220000,43.085200000,418.000
-0.422220000,43.085190000,418.000
-0.422210000,43.085190000,418.000
-0.422210000,43.085180000,418.000
-0.422210000,43.085170000,418.000
-0.422200000,43.085170000,418.000
-0.422200000,43.085160000,418.000
-0.422190000,43.085160000,418.000
-0.422190000,43.085150000,418.000
-0.422180000,43.085150000,418.000
-0.422170000,43.085140000,418.000
-0.422240000,43.085120000,418.000
-0.422600000,43.084970000,418.000
-0.422680000,43.084930000,419.000
-0.422930000,43.084850000,419.000
-0.423390000,43.084880000,419.000
-0.423390000,43.084880000,419.000
-0.423400000,43.084900000,420.000
-0.423420000,43.084920000,420.000
-0.423440000,43.084930000,420.000
-0.423460000,43.084950000,420.000
-0.423480000,43.084960000,420.000
-0.423510000,43.084970000,420.000
-0.423530000,43.084980000,420.000
-0.423560000,43.084990000,420.000
-0.423590000,43.085000000,420.000
-0.423630000,43.085010000,420.000
-0.423650000,43.085010000,420.000
-0.423660000,43.085010000,420.000
-0.423680000,43.085010000,420.000
-0.423700000,43.085010000,420.000
-0.423710000,43.085010000,420.000
-0.423730000,43.085000000,420.000
-0.423750000,43.085000000,420.000
-0.423760000,43.085000000,420.000
-0.423780000,43.084990000,420.000
-0.423800000,43.084990000,420.000
-0.423810000,43.084980000,420.000
-0.423830000,43.084970000,420.000
-0.423840000,43.084970000,420.000
-0.423860000,43.084960000,420.000
-0.423870000,43.084950000,420.000
-0.423880000,43.084940000,420.000
-0.423900000,43.084930000,420.000
-0.423910000,43.084920000,420.000
-0.423920000,43.084900000,420.000
-0.423930000,43.084890000,420.000
-0.423940000,43.084880000,420.000
-0.423950000,43.084860000,420.000
-0.423960000,43.084850000,420.000
-0.423960000,43.084830000,420.000
-0.423970000,43.084800000,420.000
-0.423970000,43.084780000,420.000
-0.423970000,43.084750000,420.000
-0.423960000,43.084730000,420.000
-0.423950000,43.084710000,420.000
-0.423940000,43.084690000,421.000
-0.423920000,43.084670000,421.000
-0.423910000,43.084650000,421.000
-0.423890000,43.084640000,421.000
-0.423870000,43.084620000,421.000
-0.423850000,43.084610000,421.000
-0.423820000,43.084600000,421.000
-0.423790000,43.084590000,421.000
-0.423770000,43.084580000,421.000
-0.423740000,43.084570000,421.000
-0.423710000,43.084570000,421.000
-0.423680000,43.084570000,421.000
-0.423630000,43.084570000,421.000
-0.423350000,43.084310000,421.000
-0.423140000,43.084010000,421.000
-0.422950000,43.083730000,421.000
-0.422790000,43.083500000,422.000
-0.422490000,43.083030000,422.000
-0.422020000,43.082140000,422.000
-0.422010000,43.082130000,423.000
-0.421930000,43.081960000,423.000
-0.421850000,43.081790000,424.000
-0.421590000,43.081230000,425.000
-0.421530000,43.080920000,427.000
-0.421490000,43.080740000,428.000
-0.421410000,43.080390000,430.000
-0.421300000,43.079860000,430.000
-0.421290000,43.079810000,430.000
-0.421280000,43.079770000,430.000
-0.421170000,43.079060000,430.000
-0.421110000,43.078700000,429.000
-0.421120000,43.078550000,428.000
-0.421150000,43.078380000,428.000
-0.421170000,43.078190000,427.000
-0.421190000,43.078000000,428.000
-0.421250000,43.077720000,428.000
-0.421340000,43.077400000,428.000
-0.421440000,43.077050000,429.000
-0.421480000,43.076820000,429.000
-0.421510000,43.076620000,430.000
-0.421520000,43.076510000,430.000
-0.421540000,43.076400000,430.000
-0.421530000,43.076150000,430.000
-0.421510000,43.075930000,431.000
-0.421450000,43.075620000,431.000
-0.421410000,43.075390000,431.000
-0.421340000,43.075080000,431.000
-0.421290000,43.074890000,431.000
-0.421230000,43.074600000,431.000
-0.421230000,43.074550000,431.000
-0.421230000,43.074490000,431.000
-0.421170000,43.074260000,431.000
-0.421130000,43.074060000,431.000
-0.421130000,43.074010000,431.000
-0.421120000,43.073880000,431.000
-0.421120000,43.073760000,431.000
-0.421150000,43.073490000,431.000
-0.421150000,43.073440000,431.000
-0.421190000,43.073290000,430.000
-0.421230000,43.073150000,430.000
-0.421280000,43.072980000,430.000
-0.421330000,43.072830000,430.000
-0.421400000,43.072680000,430.000
-0.421480000,43.072540000,430.000
-0.421520000,43.072470000,430.000
-0.421550000,43.072410000,430.000
-0.421560000,43.072380000,430.000
-0.421560000,43.072350000,430.000
-0.421650000,43.072230000,430.000
-0.421780000,43.072090000,430.000
-0.421900000,43.071950000,431.000
-0.422030000,43.071810000,431.000
-0.422140000,43.071670000,431.000
-0.422150000,43.071660000,432.000
-0.422260000,43.071490000,432.000
-0.422330000,43.071360000,432.000
-0.422370000,43.071260000,432.000
-0.422430000,43.071040000,433.000
-0.422450000,43.070920000,433.000
-0.422460000,43.070790000,433.000
-0.422450000,43.070680000,433.000
-0.422450000,43.070600000,433.000
-0.422450000,43.070510000,433.000
-0.422370000,43.069970000,432.000
-0.422350000,43.069810000,432.000
-0.422350000,43.069790000,432.000
-0.422330000,43.069670000,431.000
-0.422320000,43.069540000,431.000
-0.422320000,43.069350000,431.000
-0.422320000,43.069290000,430.000
-0.422330000,43.069070000,430.000
-0.422390000,43.068790000,430.000
-0.422450000,43.068640000,429.000
-0.422480000,43.068560000,429.000
-0.422610000,43.068310000,429.000
-0.422620000,43.068300000,428.000
-0.422720000,43.068150000,428.000
-0.422800000,43.068030000,428.000
-0.423170000,43.067500000,427.000
-0.423350000,43.067230000,427.000
-0.423590000,43.066880000,426.000
-0.423710000,43.066690000,426.000
-0.423800000,43.066480000,426.000
-0.423880000,43.066260000,426.000
-0.423940000,43.065950000,426.000
-0.423970000,43.065780000,426.000
-0.424080000,43.065370000,426.000
-0.424130000,43.065190000,426.000
-0.424200000,43.064920000,426.000
-0.424200000,43.064900000,426.000
-0.424220000,43.064840000,426.000
-0.424230000,43.064790000,426.000
-0.424340000,43.064330000,426.000
-0.424360000,43.064230000,426.000
-0.424380000,43.064120000,426.000
-0.424390000,43.064010000,426.000
-0.424410000,43.063790000,426.000
-0.424430000,43.063650000,426.000
-0.424440000,43.063580000,426.000
-0.424450000,43.063480000,427.000
-0.424470000,43.063400000,427.000
-0.424480000,43.063370000,427.000
-0.424520000,43.063260000,427.000
-0.424570000,43.063160000,427.000
-0.424680000,43.062920000,427.000
-0.424690000,43.062920000,427.000
-0.424800000,43.062710000,428.000
-0.424820000,43.062680000,428.000
-0.424990000,43.062440000,428.000
-0.424990000,43.062430000,428.000
-0.425050000,43.062350000,428.000
-0.425260000,43.062060000,429.000
-0.425280000,43.062040000,429.000
-0.425280000,43.062030000,429.000
-0.425400000,43.061870000,429.000
-0.425510000,43.061720000,429.000
-0.425670000,43.061540000,430.000
-0.425800000,43.061420000,431.000
-0.425840000,43.061390000,431.000
-0.426070000,43.061210000,432.000
-0.426120000,43.061160000,432.000
-0.426170000,43.061150000,433.000
-0.426200000,43.061140000,433.000
-0.426230000,43.061120000,433.000
-0.426600000,43.060660000,434.000
-0.426740000,43.060490000,435.000
-0.426820000,43.060380000,436.000
-0.426840000,43.060350000,436.000
-0.426900000,43.060280000,437.000
-0.426950000,43.060220000,437.000
-0.427100000,43.060110000,437.000
-0.427100000,43.060110000,437.000
-0.427120000,43.060110000,438.000
-0.427150000,43.060100000,438.000
-0.427170000,43.060090000,438.000
-0.427190000,43.060090000,438.000
-0.427210000,43.060080000,438.000
-0.427230000,43.060070000,438.000
-0.427240000,43.060050000,438.000
-0.427260000,43.060040000,438.000
-0.427270000,43.060030000,438.000
-0.427280000,43.060020000,438.000
-0.427290000,43.060010000,438.000
-0.427300000,43.059990000,438.000
-0.427310000,43.059980000,438.000
-0.427320000,43.059970000,438.000
-0.427320000,43.059950000,438.000
-0.427330000,43.059940000,438.000
-0.427330000,43.059910000,438.000
-0.427330000,43.059900000,438.000
-0.427330000,43.059880000,438.000
-0.427330000,43.059860000,438.000
-0.427320000,43.059840000,438.000
-0.427310000,43.059830000,438.000
-0.427300000,43.059810000,438.000
-0.427290000,43.059800000,438.000
-0.427270000,43.059770000,438.000
-0.427250000,43.059760000,438.000
-0.427240000,43.059750000,438.000
-0.427220000,43.059740000,438.000
-0.427210000,43.059740000,438.000
-0.427190000,43.059730000,438.000
-0.427170000,43.059720000,438.000
-0.427150000,43.059720000,438.000
-0.427130000,43.059720000,438.000
-0.427110000,43.059710000,438.000
-0.427090000,43.059710000,438.000
-0.427050000,43.059660000,438.000
-0.427010000,43.059630000,438.000
-0.426980000,43.059580000,438.000
-0.426940000,43.059510000,438.000
-0.426930000,43.059500000,438.000
-0.426760000,43.059160000,438.000
-0.426590000,43.058840000,438.000
-0.426480000,43.058570000,438.000
-0.426430000,43.058420000,439.000
-0.426420000,43.058380000,439.000
-0.426410000,43.058330000,439.000
-0.426400000,43.058300000,439.000
-0.426360000,43.058010000,439.000
-0.426340000,43.057710000,439.000
-0.426350000,43.057390000,439.000
-0.426380000,43.056970000,439.000
-0.426390000,43.056900000,439.000
-0.426470000,43.056070000,439.000
-0.426510000,43.055500000,439.000
-0.426530000,43.055290000,439.000
-0.426530000,43.055250000,439.000
-0.426530000,43.055210000,439.000
-0.426560000,43.054760000,439.000
-0.426610000,43.054240000,439.000
-0.426610000,43.054140000,439.000
-0.426620000,43.053980000,439.000
-0.426620000,43.053950000,439.000
-0.426620000,43.053920000,439.000
-0.426690000,43.052950000,440.000
-0.426720000,43.052540000,440.000
-0.426780000,43.051850000,439.000
-0.426790000,43.051760000,439.000
-0.426810000,43.051580000,439.000
-0.426820000,43.051400000,439.000
-0.426840000,43.051210000,438.000
-0.426870000,43.051050000,438.000
-0.426960000,43.050360000,438.000
-0.427060000,43.049680000,438.000
-0.427080000,43.049440000,438.000
-0.427100000,43.049260000,438.000
-0.427110000,43.049160000,438.000
-0.427110000,43.049080000,438.000
-0.427110000,43.048900000,437.000
-0.427110000,43.048720000,437.000
-0.427110000,43.048650000,437.000
-0.427100000,43.048540000,437.000
-0.427080000,43.048360000,437.000
-0.427080000,43.048310000,437.000
-0.427020000,43.048000000,437.000
-0.427020000,43.047960000,437.000
-0.426940000,43.047650000,437.000
-0.426930000,43.047650000,437.000
-0.426880000,43.047470000,437.000
-0.426820000,43.047300000,437.000
-0.426700000,43.046950000,437.000
-0.426600000,43.046650000,437.000
-0.426400000,43.046080000,437.000
-0.426100000,43.045200000,438.000
-0.425960000,43.044820000,438.000
-0.425610000,43.043810000,439.000
-0.425550000,43.043640000,439.000
-0.425490000,43.043480000,440.000
-0.425480000,43.043460000,440.000
-0.425420000,43.043290000,440.000
-0.425360000,43.043110000,441.000
-0.425300000,43.042940000,441.000
-0.425060000,43.042300000,441.000
-0.424610000,43.040990000,442.000
-0.424320000,43.040170000,443.000
-0.424070000,43.039490000,444.000
-0.424060000,43.039460000,445.000
-0.423800000,43.038720000,446.000
-0.423790000,43.038680000,446.000
-0.423730000,43.038510000,447.000
-0.423720000,43.038470000,447.000
-0.423720000,43.038460000,447.000
-0.423700000,43.038430000,448.000
-0.423570000,43.037970000,448.000
-0.423580000,43.037790000,448.000
-0.423560000,43.037600000,449.000
-0.423560000,43.037500000,449.000
-0.423570000,43.037390000,449.000
-0.423590000,43.037260000,449.000
-0.423590000,43.037260000,450.000
-0.423610000,43.037260000,450.000
-0.423620000,43.037260000,450.000
-0.423630000,43.037250000,450.000
-0.423640000,43.037250000,450.000
-0.423660000,43.037240000,450.000
-0.423670000,43.037240000,450.000
-0.423680000,43.037230000,450.000
-0.423690000,43.037220000,450.000
-0.423700000,43.037210000,450.000
-0.423720000,43.037200000,450.000
-0.423730000,43.037190000,450.000
-0.423740000,43.037180000,450.000
-0.423750000,43.037160000,450.000
-0.423760000,43.037150000,450.000
-0.423760000,43.037140000,450.000
-0.423770000,43.037120000,450.000
-0.423770000,43.037100000,450.000
-0.423770000,43.037090000,450.000
-0.423770000,43.037070000,450.000
-0.423770000,43.037050000,450.000
-0.423770000,43.037030000,450.000
-0.423760000,43.037010000,450.000
-0.423750000,43.037000000,450.000
-0.423740000,43.036980000,450.000
-0.423730000,43.036960000,450.000
-0.423720000,43.036950000,450.000
-0.423710000,43.036950000,450.000
-0.423700000,43.036940000,450.000
-0.423680000,43.036920000,450.000
-0.423660000,43.036910000,450.000
-0.423630000,43.036900000,450.000
-0.423610000,43.036890000,450.000
-0.423580000,43.036880000,450.000
-0.423560000,43.036880000,450.000
-0.423530000,43.036870000,450.000
-0.423510000,43.036870000,450.000
-0.423490000,43.036870000,450.000
-0.423460000,43.036870000,450.000
-0.423430000,43.036880000,450.000
-0.423360000,43.036830000,450.000
-0.423330000,43.036810000,450.000
-0.423290000,43.036770000,450.000
-0.423260000,43.036730000,450.000
-0.423200000,43.036650000,450.000
-0.423170000,43.036620000,450.000
-0.423150000,43.036610000,450.000
-0.423130000,43.036600000,450.000
-0.423080000,43.036480000,450.000
-0.422970000,43.036210000,450.000
-0.422960000,43.036180000,450.000
-0.422890000,43.036010000,450.000
-0.422850000,43.035890000,450.000
-0.422830000,43.035840000,450.000
-0.422770000,43.035660000,450.000
-0.422720000,43.035540000,450.000
-0.422700000,43.035490000,450.000
-0.422590000,43.035180000,451.000
-0.422450000,43.034810000,451.000
-0.422310000,43.034420000,451.000
-0.422190000,43.034100000,451.000
-0.422170000,43.034040000,451.000
-0.422120000,43.033930000,451.000
-0.422030000,43.033670000,451.000
-0.421920000,43.033300000,451.000
-0.421900000,43.033220000,451.000
-0.421890000,43.033170000,451.000
-0.421890000,43.033160000,451.000
-0.421880000,43.033120000,451.000
-0.421850000,43.032920000,451.000
-0.421820000,43.032550000,451.000
-0.421820000,43.032220000,451.000
-0.421820000,43.032140000,451.000
-0.421820000,43.031740000,451.000
-0.421820000,43.031410000,452.000
-0.421850000,43.031310000,452.000
-0.421860000,43.031250000,452.000
-0.421840000,43.030740000,452.000
-0.421830000,43.030220000,452.000
-0.421820000,43.030110000,453.000
-0.421790000,43.029700000,453.000
-0.421770000,43.029500000,453.000
-0.421750000,43.029300000,454.000
-0.421740000,43.029060000,454.000
-0.421720000,43.029030000,454.000
-0.421690000,43.028990000,454.000
-0.421690000,43.028900000,454.000
-0.421670000,43.028500000,455.000
-0.421650000,43.028110000,455.000
-0.421630000,43.027730000,456.000
-0.421630000,43.027550000,456.000
-0.421620000,43.027370000,456.000
-0.421620000,43.027350000,456.000
-0.421610000,43.027010000,457.000
-0.421600000,43.026990000,457.000
-0.421600000,43.026830000,457.000
-0.421590000,43.026630000,457.000
-0.421570000,43.026290000,457.000
-0.421570000,43.026280000,458.000
-0.421570000,43.026120000,458.000
-0.421560000,43.025950000,458.000
-0.421550000,43.025760000,458.000
-0.421550000,43.025640000,458.000
-0.421550000,43.025580000,458.000
-0.421540000,43.025340000,459.000
-0.421530000,43.025060000,459.000
-0.421530000,43.025010000,459.000
-0.421530000,43.024960000,459.000
-0.421530000,43.024910000,459.000
-0.421530000,43.024810000,459.000
-0.421530000,43.024720000,459.000
-0.421600000,43.024490000,459.000
-0.421650000,43.024350000,459.000
-0.421670000,43.024290000,459.000
-0.421700000,43.024250000,459.000
-0.421760000,43.024170000,459.000
-0.421760000,43.024170000,459.000
-0.421790000,43.024170000,459.000
-0.421810000,43.024170000,459.000
-0.421830000,43.024170000,459.000
-0.421850000,43.024160000,459.000
-0.421870000,43.024150000,459.000
-0.421890000,43.024150000,459.000
-0.421900000,43.024140000,459.000
-0.421920000,43.024130000,459.000
-0.421940000,43.024120000,459.000
-0.421950000,43.024110000,459.000
-0.421960000,43.024090000,459.000
-0.421980000,43.024080000,459.000
-0.421990000,43.024070000,459.000
-0.422000000,43.024050000,460.000
-0.422010000,43.024040000,460.000
-0.422010000,43.024020000,460.000
-0.422020000,43.024010000,460.000
-0.422020000,43.023990000,460.000
-0.422020000,43.023970000,460.000
-0.422020000,43.023960000,460.000
-0.422020000,43.023940000,460.000
-0.422010000,43.023920000,460.000
-0.422000000,43.023890000,460.000
-0.421990000,43.023880000,460.000
-0.421980000,43.023870000,460.000
-0.421970000,43.023850000,460.000
-0.421950000,43.023840000,460.000
-0.421940000,43.023830000,460.000
-0.421920000,43.023820000,460.000
-0.421900000,43.023810000,460.000
-0.421910000,43.023770000,460.000
-0.421910000,43.023600000,460.000
-0.421880000,43.023360000,460.000
-0.421880000,43.023310000,460.000
-0.421900000,43.023200000,460.000
-0.421910000,43.023090000,460.000
-0.421920000,43.022990000,460.000
-0.421960000,43.022880000,460.000
-0.421980000,43.022780000,460.000
-0.422130000,43.022350000,460.000
-0.422240000,43.022060000,460.000
-0.422300000,43.021890000,460.000
-0.422510000,43.021330000,460.000
-0.422790000,43.020550000,460.000
-0.422850000,43.020350000,461.000
-0.422910000,43.020140000,461.000
-0.422930000,43.020060000,461.000
-0.422980000,43.019890000,461.000
-0.423000000,43.019860000,461.000
-0.423020000,43.019830000,461.000
-0.423080000,43.019460000,462.000
-0.423170000,43.018890000,462.000
-0.423200000,43.018760000,463.000
-0.423180000,43.018530000,463.000
-0.423170000,43.018490000,464.000
-0.423160000,43.018390000,464.000
-0.423160000,43.018090000,465.000
-0.423150000,43.018030000,465.000
-0.423140000,43.017850000,466.000
-0.423130000,43.017670000,467.000
-0.423130000,43.017640000,467.000
-0.423100000,43.017130000,468.000
-0.423100000,43.017080000,469.000
-0.423090000,43.016970000,469.000
-0.423080000,43.016780000,470.000
-0.423080000,43.016730000,471.000
-0.423080000,43.016670000,471.000
-0.423070000,43.016600000,471.000
-0.423070000,43.016530000,472.000
-0.423060000,43.016470000,472.000
-0.423050000,43.016400000,472.000
-0.423030000,43.016080000,473.000
-0.423010000,43.015860000,474.000
-0.423010000,43.015680000,474.000
-0.423000000,43.015380000,475.000
-0.423010000,43.015350000,476.000
-0.423020000,43.015210000,476.000
-0.423020000,43.015160000,477.000
-0.423020000,43.015120000,477.000
-0.423000000,43.015020000,477.000
-0.423050000,43.014630000,478.000
-0.423060000,43.014610000,479.000
-0.423100000,43.014250000,478.000
-0.423090000,43.013530000,478.000
-0.423090000,43.013320000,477.000
-0.423080000,43.013170000,476.000
-0.423070000,43.012990000,475.000
-0.423050000,43.012560000,474.000
-0.423030000,43.012450000,474.000
-0.423000000,43.012270000,473.000
-0.422980000,43.012140000,473.000
-0.422910000,43.011850000,472.000
-0.422800000,43.011570000,472.000
-0.422730000,43.011400000,472.000
-0.422720000,43.011370000,472.000
-0.422460000,43.010900000,471.000
-0.422450000,43.010880000,471.000
-0.422350000,43.010700000,471.000
-0.422220000,43.010440000,471.000
-0.422200000,43.010390000,471.000
-0.422180000,43.010350000,471.000
-0.422040000,43.010050000,471.000
-0.421920000,43.009800000,472.000
-0.421470000,43.009100000,472.000
-0.421230000,43.008740000,473.000
-0.421210000,43.008720000,474.000
-0.421050000,43.008370000,474.000
-0.421020000,43.008260000,474.000
-0.420980000,43.008110000,475.000
-0.420890000,43.007820000,475.000
-0.420880000,43.007760000,476.000
-0.420850000,43.007610000,476.000
-0.420830000,43.007410000,476.000
-0.420830000,43.007240000,476.000
-0.420850000,43.007020000,477.000
-0.420880000,43.006880000,477.000
-0.420900000,43.006800000,477.000
-0.420910000,43.006740000,477.000
-0.420940000,43.006630000,477.000
-0.421020000,43.006450000,477.000
-0.421070000,43.006360000,477.000
-0.421080000,43.006330000,477.000
-0.421130000,43.006240000,477.000
-0.421160000,43.006200000,477.000
-0.421310000,43.005950000,477.000
-0.421410000,43.005710000,477.000
-0.421460000,43.005480000,477.000
-0.421490000,43.005370000,477.000
-0.421510000,43.005230000,477.000
-0.421530000,43.005060000,477.000
-0.421520000,43.004920000,477.000
-0.421470000,43.004700000,477.000
-0.421430000,43.004590000,477.000
-0.421390000,43.004480000,477.000
-0.421300000,43.004260000,477.000
-0.421260000,43.004180000,478.000
-0.421220000,43.004110000,478.000
-0.421180000,43.004030000,478.000
-0.421010000,43.003730000,478.000
-0.420920000,43.003590000,478.000
-0.420740000,43.003280000,479.000
-0.420710000,43.003240000,479.000
-0.420470000,43.002820000,480.000
-0.420440000,43.002770000,480.000
-0.420250000,43.002400000,481.000
-0.420190000,43.002260000,482.000
-0.420160000,43.002140000,483.000
-0.420140000,43.002080000,483.000
-0.420110000,43.001960000,484.000
-0.420100000,43.001910000,484.000
-0.420100000,43.001860000,484.000
-0.420080000,43.001600000,485.000
-0.420090000,43.001470000,485.000
-0.420160000,43.001180000,486.000
-0.420330000,43.000760000,486.000
-0.420420000,43.000560000,486.000
-0.420640000,43.000050000,487.000
-0.420710000,42.999880000,487.000
-0.420720000,42.999870000,487.000
-0.420730000,42.999830000,487.000
-0.420790000,42.999710000,487.000
-0.421010000,42.999190000,487.000
-0.421080000,42.999020000,487.000
-0.421100000,42.998970000,487.000
-0.421170000,42.998810000,487.000
-0.421190000,42.998770000,487.000
-0.421200000,42.998730000,487.000
-0.421220000,42.998680000,487.000
-0.421350000,42.998370000,486.000
-0.421350000,42.998350000,486.000
-0.421360000,42.998330000,486.000
-0.421440000,42.998160000,486.000
-0.421490000,42.998040000,486.000
-0.421500000,42.998030000,486.000
-0.421660000,42.997630000,486.000
-0.421820000,42.997200000,486.000
-0.421940000,42.996680000,486.000
-0.421940000,42.996640000,486.000
-0.421940000,42.996630000,486.000
-0.421950000,42.996590000,486.000
-0.421970000,42.996460000,486.000
-0.421970000,42.996450000,486.000
-0.421970000,42.996410000,486.000
-0.422040000,42.995930000,486.000
-0.422070000,42.995730000,486.000
-0.422170000,42.994960000,487.000
-0.422200000,42.994690000,487.000
-0.422210000,42.994600000,488.000
-0.422250000,42.994180000,488.000
-0.422290000,42.993760000,488.000
-0.422310000,42.993440000,489.000
-0.422320000,42.993310000,490.000
-0.422340000,42.993140000,491.000
-0.422350000,42.993080000,492.000
-0.422390000,42.992900000,493.000
-0.422400000,42.992880000,494.000
-0.422400000,42.992880000,494.000
-0.422410000,42.992780000,495.000
-0.422470000,42.992630000,495.000
-0.422490000,42.992380000,496.000
-0.422490000,42.992320000,497.000
-0.422460000,42.992130000,498.000
-0.422440000,42.991970000,499.000
-0.422400000,42.991810000,499.000
-0.422370000,42.991700000,500.000
-0.422350000,42.991640000,500.000
-0.422310000,42.991530000,501.000
-0.422290000,42.991460000,501.000
-0.422250000,42.991210000,502.000
-0.422220000,42.991080000,502.000
-0.422160000,42.990770000,502.000
-0.422150000,42.990710000,503.000
-0.422160000,42.990640000,503.000
-0.422170000,42.990560000,503.000
-0.422190000,42.990520000,504.000
-0.422300000,42.990360000,504.000
-0.422530000,42.990030000,504.000
-0.422590000,42.989910000,505.000
-0.422590000,42.989900000,505.000
-0.422610000,42.989810000,505.000
-0.422610000,42.989720000,505.000
-0.422580000,42.989520000,506.000
-0.422510000,42.989190000,506.000
-0.422420000,42.988760000,506.000
-0.422400000,42.988650000,506.000
-0.422340000,42.988350000,506.000
-0.422340000,42.988330000,506.000
-0.422340000,42.988310000,506.000
-0.422350000,42.988300000,506.000
-0.422360000,42.988290000,506.000
-0.422400000,42.988260000,506.000
-0.422400000,42.988260000,506.000
-0.422260000,42.988200000,506.000
-0.422210000,42.988170000,506.000
-0.422180000,42.988150000,506.000
-0.422130000,42.988130000,506.000
-0.422080000,42.988090000,506.000
-0.422050000,42.988070000,506.000
-0.422030000,42.988050000,506.000
-0.422020000,42.988040000,506.000
-0.422010000,42.988010000,506.000
-0.421990000,42.987980000,506.000
-0.421960000,42.987880000,506.000
-0.421960000,42.987880000,506.000
-0.421950000,42.987810000,506.000
-0.421900000,42.987640000,506.000
-0.421830000,42.987380000,506.000
-0.421810000,42.987300000,506.000
-0.421750000,42.987080000,506.000
-0.421670000,42.986810000,506.000
-0.421630000,42.986630000,506.000
-0.421600000,42.986500000,507.000
-0.421590000,42.986450000,507.000
-0.421560000,42.986330000,507.000
-0.421560000,42.986300000,507.000
-0.421560000,42.986280000,507.000
-0.421570000,42.986250000,507.000
-0.421590000,42.986190000,507.000
-0.421600000,42.986190000,507.000
-0.421610000,42.986160000,507.000
-0.421620000,42.986130000,507.000
-0.421620000,42.986100000,508.000
-0.421610000,42.986070000,508.000
-0.421610000,42.986040000,508.000
-0.421610000,42.986030000,508.000
-0.421590000,42.985940000,508.000
-0.421590000,42.985860000,508.000
-0.421600000,42.985810000,508.000
-0.421610000,42.985760000,508.000
-0.421610000,42.985710000,508.000
-0.421610000,42.985710000,508.000
-0.421680000,42.985700000,508.000
-0.421740000,42.985700000,509.000
-0.421800000,42.985710000,509.000
-0.421890000,42.985730000,509.000
-0.421980000,42.985760000,509.000
-0.422080000,42.985780000,509.000
-0.422210000,42.985810000,509.000
-0.422360000,42.985830000,509.000
-0.422560000,42.985850000,510.000
-0.422660000,42.985850000,510.000
-0.422790000,42.985840000,510.000
-0.422930000,42.985850000,510.000
-0.423080000,42.985870000,511.000
-0.423150000,42.985880000,511.000
-0.423240000,42.985900000,511.000
-0.423370000,42.985930000,512.000
-0.423390000,42.985930000,512.000
-0.423550000,42.985980000,512.000
-0.423620000,42.985990000,513.000
-0.423640000,42.986000000,513.000
-0.423710000,42.985990000,513.000
-0.423750000,42.985980000,513.000
-0.423790000,42.985960000,513.000
-0.423830000,42.985950000,514.000
-0.423890000,42.985920000,514.000
-0.423960000,42.985880000,514.000
-0.424010000,42.985830000,514.000
-0.424080000,42.985780000,515.000
-0.424150000,42.985720000,515.000
-0.424160000,42.985700000,515.000
-0.424230000,42.985640000,515.000
-0.424270000,42.985610000,516.000
-0.424310000,42.985590000,516.000
-0.424340000,42.985580000,516.000
-0.424400000,42.985570000,516.000
-0.424550000,42.985570000,516.000
-0.424730000,42.985560000,517.000
-0.424800000,42.985570000,517.000
-0.424800000,42.985570000,517.000
-0.425040000,42.985600000,518.000
-0.425210000,42.985620000,518.000
-0.425330000,42.985620000,519.000
-0.425370000,42.985620000,519.000
-0.425460000,42.985620000,519.000
-0.425610000,42.985610000,520.000
-0.425710000,42.985610000,520.000
-0.425860000,42.985610000,520.000
-0.425900000,42.985610000,521.000
-0.425960000,42.985610000,521.000
-0.426110000,42.985630000,521.000
-0.426240000,42.985640000,522.000
-0.426340000,42.985650000,522.000
-0.426430000,42.985670000,522.000
-0.426650000,42.985730000,523.000
-0.427130000,42.985810000,524.000
-0.427130000,42.985810000,524.000
-0.427250000,42.985540000,525.000
-0.427380000,42.985180000,525.000
-0.427560000,42.984790000,525.000
-0.427590000,42.984720000,525.000
-0.427780000,42.984340000,525.000
-0.427890000,42.984140000,525.000
-0.427980000,42.983850000,524.000
-0.427990000,42.983800000,524.000
-0.427990000,42.983700000,524.000
-0.427970000,42.983600000,524.000
-0.427930000,42.983510000,524.000
-0.427900000,42.983480000,523.000
-0.427740000,42.983330000,523.000
-0.427670000,42.983270000,523.000
-0.427390000,42.983020000,523.000
-0.427300000,42.982960000,523.000
-0.427250000,42.982910000,523.000
-0.427060000,42.982750000,523.000
-0.426960000,42.982680000,523.000
-0.426850000,42.982610000,523.000
-0.426600000,42.982500000,523.000
-0.426390000,42.982410000,523.000
-0.425930000,42.982220000,522.000
-0.425740000,42.982150000,521.000
-0.425690000,42.982130000,521.000
-0.425570000,42.982090000,520.000
-0.425520000,42.982080000,520.000
-0.425300000,42.982040000,519.000
-0.425000000,42.981990000,519.000
-0.424800000,42.981960000,518.000
-0.424370000,42.981910000,517.000
-0.424190000,42.981890000,516.000
-0.423950000,42.981860000,515.000
-0.423790000,42.981840000,515.000
-0.423720000,42.981830000,514.000
-0.423340000,42.981790000,514.000
-0.423160000,42.981770000,513.000
-0.422980000,42.981740000,513.000
-0.422720000,42.981690000,512.000
-0.422550000,42.981650000,512.000
-0.422380000,42.981610000,512.000
-0.422060000,42.981540000,511.000
-0.421880000,42.981500000,511.000
-0.421620000,42.981450000,511.000
-0.421440000,42.981410000,510.000
-0.421270000,42.981370000,510.000
-0.421180000,42.981340000,510.000
-0.421130000,42.981320000,510.000
-0.421000000,42.981270000,510.000
-0.420970000,42.981240000,510.000
-0.420950000,42.981230000,510.000
-0.420910000,42.981180000,510.000
-0.420870000,42.981130000,510.000
-0.420850000,42.981060000,510.000
-0.420830000,42.980900000,510.000
-0.420800000,42.980730000,510.000
-0.420760000,42.980530000,510.000
-0.420750000,42.980470000,510.000
-0.420750000,42.980460000,510.000
-0.420730000,42.980290000,510.000
-0.420720000,42.980230000,510.000
-0.420690000,42.980060000,510.000
-0.420660000,42.979880000,510.000
-0.420640000,42.979730000,510.000
-0.420640000,42.979700000,510.000
-0.420630000,42.979580000,511.000
-0.420610000,42.979510000,511.000
-0.420570000,42.979450000,511.000
-0.420510000,42.979360000,512.000
-0.420430000,42.979290000,512.000
-0.420230000,42.979170000,513.000
-0.420210000,42.979170000,513.000
-0.420160000,42.979150000,513.000
-0.420110000,42.979120000,514.000
-0.419980000,42.979080000,514.000
-0.419930000,42.979070000,514.000
-0.419920000,42.979060000,515.000
-0.419860000,42.979050000,515.000
-0.419760000,42.979020000,515.000
-0.419640000,42.979000000,515.000
-0.419530000,42.978990000,516.000
-0.419440000,42.978980000,516.000
-0.419150000,42.978960000,517.000
-0.419110000,42.978950000,517.000
-0.419060000,42.978940000,518.000
-0.419020000,42.978930000,518.000
-0.418970000,42.978900000,518.000
-0.418920000,42.978850000,518.000
-0.418870000,42.978800000,519.000
-0.418840000,42.978750000,519.000
-0.418810000,42.978700000,519.000
-0.418810000,42.978650000,520.000
-0.418810000,42.978610000,520.000
-0.418810000,42.978570000,520.000
-0.418820000,42.978560000,521.000
-0.418840000,42.978510000,521.000
-0.418880000,42.978470000,521.000
-0.418910000,42.978440000,521.000
-0.418940000,42.978420000,522.000
-0.418950000,42.978410000,522.000
-0.419000000,42.978380000,522.000
-0.419030000,42.978370000,522.000
-0.419060000,42.978360000,523.000
-0.419100000,42.978350000,523.000
-0.419160000,42.978340000,523.000
-0.419470000,42.978270000,524.000
-0.419530000,42.978270000,525.000
-0.419880000,42.978200000,526.000
-0.420050000,42.978160000,527.000
-0.420300000,42.978110000,528.000
-0.420470000,42.978080000,529.000
-0.420580000,42.978060000,530.000
-0.420660000,42.978060000,531.000
-0.420660000,42.978060000,531.000
-0.420690000,42.978000000,532.000
-0.420700000,42.977960000,532.000
-0.420700000,42.977930000,533.000
-0.420690000,42.977880000,533.000
-0.420680000,42.977840000,533.000
-0.420660000,42.977810000,534.000
-0.420620000,42.977790000,534.000
-0.420560000,42.977760000,534.000
-0.420540000,42.977750000,534.000
-0.420480000,42.977740000,534.000
-0.420400000,42.977740000,535.000
-0.420340000,42.977750000,535.000
-0.420300000,42.977760000,535.000
-0.420250000,42.977780000,535.000
-0.420080000,42.977840000,536.000
-0.420040000,42.977860000,536.000
-0.419860000,42.977920000,536.000
-0.419710000,42.977960000,537.000
-0.419620000,42.977970000,537.000
-0.419590000,42.977970000,538.000
-0.419470000,42.977980000,538.000
-0.419380000,42.977990000,538.000
-0.419180000,42.977990000,539.000
-0.419060000,42.978000000,539.000
-0.418960000,42.978010000,540.000
-0.418900000,42.978000000,540.000
-0.418850000,42.978010000,540.000
-0.418810000,42.978020000,541.000
-0.418720000,42.978060000,541.000
-0.418690000,42.978070000,541.000
-0.418620000,42.978090000,541.000
-0.418480000,42.978150000,542.000
-0.418270000,42.978250000,542.000
-0.417890000,42.978420000,543.000
-0.417850000,42.978430000,544.000
-0.417530000,42.978540000,545.000
-0.417390000,42.978570000,545.000
-0.417210000,42.978610000,546.000
-0.417160000,42.978630000,546.000
-0.417000000,42.978710000,547.000
-0.416960000,42.978740000,547.000
-0.416830000,42.978830000,548.000
-0.416800000,42.978870000,548.000
-0.416710000,42.978950000,549.000
-0.416550000,42.979120000,549.000
-0.416340000,42.979320000,550.000
-0.416190000,42.979430000,551.000
-0.416120000,42.979480000,551.000
-0.415850000,42.979630000,552.000
-0.415800000,42.979660000,553.000
-0.415600000,42.979750000,554.000
-0.415480000,42.979800000,554.000
-0.415230000,42.979960000,555.000
-0.415100000,42.980040000,556.000
-0.415010000,42.980090000,556.000
-0.414970000,42.980100000,557.000
-0.414920000,42.980100000,557.000
-0.414850000,42.980100000,558.000
-0.414780000,42.980090000,558.000
-0.414720000,42.980070000,558.000
-0.414660000,42.980040000,558.000
-0.414630000,42.980000000,559.000
-0.414600000,42.979940000,559.000
-0.414590000,42.979860000,559.000
-0.414610000,42.979820000,560.000
-0.414630000,42.979800000,560.000
-0.414650000,42.979770000,560.000
-0.414760000,42.979710000,560.000
-0.414860000,42.979670000,561.000
-0.414870000,42.979660000,561.000
-0.414990000,42.979630000,561.000
-0.415090000,42.979620000,562.000
-0.415130000,42.979610000,562.000
-0.415270000,42.979580000,562.000
-0.415450000,42.979520000,563.000
-0.415540000,42.979480000,564.000
-0.415640000,42.979440000,564.000
-0.415740000,42.979380000,564.000
-0.415840000,42.979320000,565.000
-0.415920000,42.979250000,566.000
-0.416020000,42.979180000,566.000
-0.416070000,42.979110000,567.000
-0.416180000,42.978960000,567.000
-0.416260000,42.978820000,568.000
-0.416340000,42.978680000,569.000
-0.416500000,42.978470000,570.000
-0.416550000,42.978420000,570.000
-0.416590000,42.978390000,571.000
-0.416630000,42.978360000,571.000
-0.416690000,42.978320000,572.000
-0.416780000,42.978250000,572.000
-0.416940000,42.978160000,573.000
-0.417100000,42.978070000,573.000
-0.417280000,42.977970000,574.000
-0.417430000,42.977880000,575.000
-0.417450000,42.977870000,575.000
-0.417550000,42.977790000,576.000
-0.417620000,42.977740000,577.000
-0.417690000,42.977680000,577.000
-0.417780000,42.977600000,578.000
-0.417850000,42.977550000,578.000
-0.418120000,42.977340000,579.000
-0.418300000,42.977220000,580.000
-0.418340000,42.977180000,580.000
-0.418470000,42.977090000,581.000
-0.418660000,42.976970000,581.000
-0.418810000,42.976870000,582.000
-0.418840000,42.976850000,582.000
-0.419120000,42.976700000,582.000
-0.419240000,42.976640000,582.000
-0.419450000,42.976540000,583.000
-0.419520000,42.976510000,583.000
-0.419660000,42.976450000,583.000
-0.419850000,42.976370000,583.000
-0.420160000,42.976260000,584.000
-0.420540000,42.976140000,584.000
-0.420560000,42.976140000,584.000
-0.420740000,42.976070000,585.000
-0.420760000,42.976060000,585.000
-0.420830000,42.976010000,585.000
-0.420860000,42.975970000,586.000
-0.420890000,42.975940000,586.000
-0.420910000,42.975890000,586.000
-0.420910000,42.975850000,587.000
-0.420900000,42.975780000,587.000
-0.420870000,42.975740000,587.000
-0.420850000,42.975710000,588.000
-0.420820000,42.975690000,588.000
-0.420800000,42.975670000,588.000
-0.420750000,42.975650000,588.000
-0.420690000,42.975640000,589.000
-0.420610000,42.975630000,589.000
-0.420520000,42.975650000,589.000
-0.420460000,42.975680000,590.000
-0.420400000,42.975710000,590.000
-0.420310000,42.975790000,591.000
-0.420290000,42.975810000,591.000
-0.420200000,42.975880000,591.000
-0.420120000,42.975940000,592.000
-0.420090000,42.975960000,592.000
-0.419970000,42.976050000,593.000
-0.419870000,42.976100000,593.000
-0.419760000,42.976160000,594.000
-0.419740000,42.976160000,594.000
-0.419670000,42.976190000,595.000
-0.419600000,42.976220000,595.000
-0.419520000,42.976240000,596.000
-0.419490000,42.976250000,596.000
-0.419320000,42.976290000,596.000
-0.419290000,42.976300000,597.000
-0.419060000,42.976360000,597.000
-0.419020000,42.976370000,597.000
-0.418830000,42.976420000,598.000
-0.418780000,42.976440000,598.000
-0.418610000,42.976510000,598.000
-0.418410000,42.976590000,599.000
-0.418400000,42.976600000,599.000
-0.418250000,42.976670000,599.000
-0.418200000,42.976700000,600.000
-0.418090000,42.976770000,600.000
-0.418010000,42.976820000,600.000
-0.417680000,42.977020000,601.000
-0.417630000,42.977050000,601.000
-0.417510000,42.977130000,601.000
-0.417440000,42.977170000,602.000
-0.417300000,42.977250000,603.000
-0.417250000,42.977280000,603.000
-0.417180000,42.977310000,604.000
-0.417080000,42.977350000,605.000
-0.417040000,42.977370000,605.000
-0.416970000,42.977390000,606.000
-0.416850000,42.977430000,607.000
-0.416810000,42.977440000,607.000
-0.416740000,42.977460000,608.000
-0.416620000,42.977480000,609.000
-0.416580000,42.977490000,609.000
-0.416510000,42.977500000,610.000
-0.416390000,42.977510000,611.000
-0.416330000,42.977510000,611.000
-0.416260000,42.977510000,612.000
-0.416110000,42.977510000,613.000
-0.416090000,42.977500000,613.000
-0.415930000,42.977490000,614.000
-0.415850000,42.977480000,615.000
-0.415750000,42.977470000,616.000
-0.415450000,42.977430000,617.000
-0.415360000,42.977420000,618.000
-0.415250000,42.977420000,619.000
-0.415110000,42.977410000,620.000
-0.415040000,42.977410000,621.000
-0.414870000,42.977420000,622.000
-0.414850000,42.977430000,622.000
-0.414680000,42.977450000,623.000
-0.414630000,42.977460000,623.000
-0.414570000,42.977470000,623.000
-0.414490000,42.977500000,624.000
-0.414170000,42.977630000,624.000
-0.413960000,42.977690000,625.000
-0.413900000,42.977710000,625.000
-0.413810000,42.977730000,625.000
-0.413730000,42.977750000,626.000
-0.413710000,42.977750000,626.000
-0.413590000,42.977770000,626.000
-0.413490000,42.977770000,626.000
-0.413450000,42.977770000,626.000
-0.413240000,42.977790000,627.000
-0.413150000,42.977790000,627.000
-0.413050000,42.977800000,627.000
-0.413000000,42.977810000,627.000
-0.412940000,42.977830000,628.000
-0.412790000,42.977870000,628.000
-0.412770000,42.977870000,628.000
-0.412650000,42.977920000,628.000
-0.412550000,42.977960000,629.000
-0.412430000,42.978000000,629.000
-0.412330000,42.978040000,629.000
-0.412230000,42.978070000,629.000
-0.412160000,42.978100000,630.000
-0.412110000,42.978110000,630.000
-0.412090000,42.978120000,630.000
-0.412030000,42.978130000,630.000
-0.411960000,42.978150000,630.000
-0.411850000,42.978160000,631.000
-0.411360000,42.978210000,631.000
-0.411150000,42.978250000,632.000
-0.410910000,42.978310000,632.000
-0.410860000,42.978320000,633.000
-0.410750000,42.978350000,633.000
-0.410650000,42.978370000,633.000
-0.410550000,42.978380000,634.000
-0.410480000,42.978380000,634.000
-0.410430000,42.978380000,634.000
-0.410400000,42.978380000,634.000
-0.410320000,42.978370000,634.000
-0.410220000,42.978350000,635.000
-0.410190000,42.978340000,635.000
-0.410130000,42.978320000,635.000
-0.409980000,42.978250000,635.000
-0.409900000,42.978210000,635.000
-0.409720000,42.978120000,635.000
-0.409660000,42.978090000,636.000
-0.409590000,42.978060000,636.000
-0.409570000,42.978060000,636.000
-0.409530000,42.978040000,636.000
-0.409460000,42.978010000,636.000
-0.409360000,42.977980000,636.000
-0.409350000,42.977980000,636.000
-0.409240000,42.977970000,636.000
-0.409100000,42.977960000,637.000
-0.408950000,42.977960000,637.000
-0.408860000,42.977960000,637.000
-0.408700000,42.977960000,637.000
-0.408610000,42.977970000,637.000
-0.408550000,42.977970000,637.000
-0.408430000,42.977970000,638.000
-0.408370000,42.977970000,638.000
-0.408310000,42.977960000,638.000
-0.408180000,42.977940000,638.000
-0.408130000,42.977930000,638.000
-0.408080000,42.977920000,638.000
-0.407960000,42.977890000,639.000
-0.407900000,42.977860000,639.000
-0.407840000,42.977840000,640.000
-0.407700000,42.977780000,640.000
-0.407690000,42.977770000,641.000
-0.407570000,42.977700000,642.000
-0.407510000,42.977650000,642.000
-0.407430000,42.977570000,643.000
-0.407370000,42.977500000,644.000
-0.407330000,42.977450000,645.000
-0.407260000,42.977340000,645.000
-0.407220000,42.977280000,646.000
-0.407160000,42.977190000,647.000
-0.407100000,42.977110000,648.000
-0.407060000,42.977070000,649.000
-0.407020000,42.977030000,649.000
-0.406970000,42.976990000,650.000
-0.406920000,42.976960000,651.000
-0.406830000,42.976910000,651.000
-0.406730000,42.976880000,652.000
-0.406630000,42.976850000,653.000
-0.406480000,42.976820000,653.000
-0.406380000,42.976800000,654.000
-0.406280000,42.976780000,655.000
-0.406170000,42.976760000,656.000
-0.406100000,42.976740000,656.000
-0.406070000,42.976730000,657.000
-0.406020000,42.976720000,657.000
-0.405930000,42.976690000,657.000
-0.405830000,42.976650000,658.000
-0.405750000,42.976610000,658.000
-0.405690000,42.976580000,659.000
-0.405670000,42.976570000,659.000
-0.405610000,42.976530000,659.000
-0.405540000,42.976480000,660.000
-0.405520000,42.976450000,660.000
-0.405480000,42.976430000,660.000
-0.405480000,42.976420000,660.000
-0.405430000,42.976370000,661.000
-0.405390000,42.976300000,661.000
-0.405280000,42.976100000,662.000
-0.405280000,42.976090000,662.000
-0.405200000,42.975890000,663.000
-0.405170000,42.975820000,663.000
-0.405130000,42.975760000,664.000
-0.405100000,42.975720000,664.000
-0.405050000,42.975660000,665.000
-0.405020000,42.975640000,665.000
-0.404990000,42.975610000,666.000
-0.404920000,42.975540000,666.000
-0.404860000,42.975500000,666.000
-0.404480000,42.975220000,667.000
-0.404440000,42.975190000,668.000
-0.404260000,42.975060000,669.000
-0.404140000,42.975000000,669.000
-0.404040000,42.974960000,670.000
-0.403970000,42.974950000,670.000
-0.403930000,42.974940000,671.000
-0.403810000,42.974930000,671.000
-0.403710000,42.974920000,671.000
-0.403680000,42.974910000,671.000
-0.403580000,42.974900000,672.000
-0.403520000,42.974880000,672.000
-0.403470000,42.974870000,672.000
-0.403380000,42.974840000,672.000
-0.403300000,42.974810000,672.000
-0.403230000,42.974780000,673.000
-0.403200000,42.974770000,673.000
-0.403180000,42.974770000,673.000
-0.403140000,42.974760000,673.000
-0.403090000,42.974740000,673.000
-0.403030000,42.974730000,673.000
-0.402920000,42.974710000,673.000
-0.402820000,42.974700000,674.000
-0.402730000,42.974700000,674.000
-0.402640000,42.974700000,674.000
-0.402550000,42.974700000,674.000
-0.402450000,42.974710000,674.000
-0.402380000,42.974710000,675.000
-0.402320000,42.974720000,675.000
-0.402240000,42.974710000,675.000
-0.402210000,42.974710000,675.000
-0.402140000,42.974710000,675.000
-0.402030000,42.974700000,676.000
-0.402020000,42.974700000,676.000
-0.401960000,42.974690000,676.000
-0.401900000,42.974680000,677.000
-0.401770000,42.974660000,677.000
-0.401720000,42.974660000,678.000
-0.401640000,42.974640000,678.000
-0.401530000,42.974620000,679.000
-0.401380000,42.974600000,679.000
-0.401270000,42.974580000,680.000
-0.401170000,42.974570000,681.000
-0.401050000,42.974550000,681.000
-0.401000000,42.974540000,682.000
-0.400770000,42.974510000,683.000
-0.400760000,42.974510000,683.000
-0.400620000,42.974490000,684.000
-0.400500000,42.974490000,685.000
-0.400390000,42.974480000,685.000
-0.400270000,42.974480000,686.000
-0.400100000,42.974500000,687.000
-0.400030000,42.974500000,688.000
-0.399930000,42.974510000,688.000
-0.399780000,42.974520000,689.000
-0.399760000,42.974520000,690.000
-0.399580000,42.974530000,690.000
-0.399540000,42.974530000,690.000
-0.399430000,42.974530000,691.000
-0.399300000,42.974520000,691.000
-0.399290000,42.974510000,691.000
-0.399130000,42.974490000,691.000
-0.398880000,42.974440000,692.000
-0.398810000,42.974430000,692.000
-0.398710000,42.974410000,692.000
-0.398630000,42.974400000,692.000
-0.398580000,42.974400000,693.000
-0.398570000,42.974400000,693.000
-0.398530000,42.974390000,693.000
-0.398470000,42.974380000,693.000
-0.398450000,42.974380000,693.000
-0.398410000,42.974380000,693.000
-0.398360000,42.974370000,693.000
-0.398330000,42.974360000,693.000
-0.398270000,42.974350000,693.000
-0.398190000,42.974340000,694.000
-0.398130000,42.974320000,694.000
-0.398090000,42.974310000,694.000
-0.398050000,42.974300000,694.000
-0.397990000,42.974280000,694.000
-0.397930000,42.974250000,694.000
-0.397890000,42.974220000,694.000
-0.397840000,42.974180000,694.000
-0.397790000,42.974130000,695.000
-0.397730000,42.974080000,695.000
-0.397690000,42.974050000,695.000
-0.397660000,42.974020000,695.000
-0.397620000,42.974000000,695.000
-0.397610000,42.974000000,695.000
-0.397570000,42.973970000,695.000
-0.397540000,42.973960000,695.000
-0.397490000,42.973940000,695.000
-0.397400000,42.973920000,696.000
-0.397390000,42.973910000,696.000
-0.397330000,42.973900000,696.000
-0.397260000,42.973900000,696.000
-0.397170000,42.973900000,697.000
-0.397080000,42.973910000,697.000
-0.397070000,42.973910000,697.000
-0.396930000,42.973960000,697.000
-0.396850000,42.973990000,698.000
-0.396780000,42.974010000,698.000
-0.396740000,42.974030000,698.000
-0.396690000,42.974040000,699.000
-0.396640000,42.974050000,699.000
-0.396550000,42.974060000,699.000
-0.396430000,42.974060000,699.000
-0.396310000,42.974060000,700.000
-0.396210000,42.974060000,700.000
-0.396130000,42.974070000,701.000
-0.396030000,42.974100000,701.000
-0.395980000,42.974120000,701.000
-0.395940000,42.974130000,702.000
-0.395910000,42.974140000,702.000
-0.395870000,42.974160000,702.000
-0.395820000,42.974180000,702.000
-0.395760000,42.974190000,703.000
-0.395710000,42.974210000,703.000
-0.395680000,42.974210000,703.000
-0.395660000,42.974220000,703.000
-0.395600000,42.974230000,703.000
-0.395550000,42.974240000,704.000
-0.395500000,42.974230000,704.000
-0.395440000,42.974230000,704.000
-0.395380000,42.974210000,704.000
-0.395320000,42.974200000,704.000
-0.395250000,42.974180000,705.000
-0.395180000,42.974150000,705.000
-0.394990000,42.974090000,706.000
-0.394930000,42.974080000,706.000
-0.394870000,42.974060000,707.000
-0.394810000,42.974050000,707.000
-0.394740000,42.974050000,707.000
-0.394600000,42.974040000,708.000
-0.394390000,42.974030000,709.000
-0.394230000,42.974030000,710.000
-0.394160000,42.974020000,710.000
-0.394120000,42.974010000,711.000
-0.394120000,42.974010000,711.000
-0.393980000,42.973940000,712.000
-0.393920000,42.973910000,712.000
-0.393870000,42.973870000,713.000
-0.393820000,42.973830000,713.000
-0.393790000,42.973790000,714.000
-0.393770000,42.973760000,714.000
-0.393680000,42.973590000,715.000
-0.393500000,42.973230000,716.000
-0.393430000,42.973110000,718.000
-0.393340000,42.973010000,719.000
-0.393300000,42.972970000,720.000
-0.393280000,42.972950000,721.000
-0.393090000,42.972790000,722.000
-0.392960000,42.972680000,723.000
-0.392820000,42.972560000,724.000
-0.392760000,42.972520000,725.000
-0.392010000,42.971990000,729.000
-0.391960000,42.971960000,731.000
-0.391920000,42.971950000,732.000
-0.391900000,42.971940000,733.000
-0.391840000,42.971930000,734.000
-0.391800000,42.971930000,735.000
-0.391760000,42.971930000,735.000
-0.391700000,42.971950000,736.000
-0.391690000,42.971950000,736.000
-0.391610000,42.971980000,737.000
-0.391460000,42.972030000,737.000
-0.391440000,42.972030000,737.000
-0.391340000,42.972070000,736.000
-0.391300000,42.972090000,736.000
-0.391260000,42.972100000,736.000
-0.391240000,42.972110000,736.000
-0.391230000,42.972130000,736.000
-0.391240000,42.972140000,736.000
-0.391240000,42.972140000,735.000
-0.391250000,42.972160000,735.000
-0.391260000,42.972170000,735.000
-0.391280000,42.972190000,735.000
-0.391340000,42.972230000,735.000
-0.391540000,42.972360000,734.000
-0.391720000,42.972480000,734.000
-0.391910000,42.972600000,733.000
-0.392090000,42.972720000,732.000
-0.392090000,42.972720000,731.000
-0.391980000,42.972810000,730.000
-0.391830000,42.972930000,729.000
-0.391670000,42.973060000,728.000
-0.391530000,42.973170000,727.000
-0.391490000,42.973210000,727.000
-0.391460000,42.973220000,727.000
-0.391430000,42.973230000,727.000
-0.391400000,42.973240000,727.000
-0.391370000,42.973240000,727.000
-0.391270000,42.973240000,727.000
-0.391220000,42.973240000,728.000
-0.391180000,42.973240000,728.000
-0.391140000,42.973230000,729.000
-0.391110000,42.973220000,729.000
-0.391000000,42.973170000,730.000
-0.390790000,42.973080000,731.000
-0.390580000,42.972990000,733.000
-0.390520000,42.972970000,734.000
-0.390460000,42.972950000,735.000
-0.390360000,42.972910000,736.000
-0.390130000,42.972840000,738.000
-0.390040000,42.972820000,739.000
-0.389890000,42.972780000,740.000
-0.389560000,42.972690000,742.000
-0.389550000,42.972680000,744.000
-0.389320000,42.972620000,745.000
-0.389270000,42.972600000,747.000
-0.389100000,42.972540000,748.000
-0.389080000,42.972540000,749.000
-0.388960000,42.972480000,751.000
-0.388890000,42.972450000,752.000
-0.388780000,42.972400000,753.000
-0.388670000,42.972350000,754.000
-0.388570000,42.972310000,755.000
-0.388460000,42.972280000,757.000
-0.388440000,42.972270000,757.000
-0.388240000,42.972200000,759.000
-0.388210000,42.972190000,760.000
-0.388140000,42.972180000,761.000
-0.388080000,42.972170000,761.000
-0.388000000,42.972160000,762.000
-0.387940000,42.972160000,763.000
-0.387850000,42.972150000,764.000
-0.387760000,42.972120000,765.000
-0.387750000,42.972120000,765.000
-0.387530000,42.972070000,767.000
-0.387470000,42.972050000,768.000
-0.387290000,42.972010000,769.000
-0.386830000,42.971880000,771.000
-0.386460000,42.971790000,774.000
-0.386370000,42.971770000,776.000
-0.386350000,42.971760000,777.000
-0.386260000,42.971750000,778.000
-0.386170000,42.971760000,779.000
-0.386120000,42.971760000,779.000
-0.386060000,42.971770000,780.000
-0.385880000,42.971800000,781.000
-0.385640000,42.971840000,782.000
-0.385530000,42.971860000,782.000
-0.385400000,42.971880000,783.000
-0.385310000,42.971890000,784.000
-0.385220000,42.971890000,785.000
-0.385100000,42.971900000,785.000
-0.385000000,42.971880000,786.000
-0.384920000,42.971870000,787.000
-0.384870000,42.971860000,787.000
-0.384760000,42.971830000,788.000
-0.384690000,42.971800000,788.000
-0.384580000,42.971770000,789.000
-0.384470000,42.971720000,789.000
-0.384430000,42.971700000,790.000
-0.384270000,42.971620000,790.000
-0.384240000,42.971600000,791.000
-0.384130000,42.971530000,791.000
-0.384070000,42.971510000,792.000
-0.384060000,42.971510000,792.000
-0.384000000,42.971480000,792.000
-0.383850000,42.971430000,792.000
-0.383420000,42.971260000,793.000
-0.382970000,42.971090000,794.000
-0.382930000,42.971080000,795.000
-0.382880000,42.971050000,796.000
-0.382780000,42.970990000,797.000
-0.382730000,42.970950000,797.000
-0.382680000,42.970900000,797.000
-0.382640000,42.970850000,798.000
-0.382630000,42.970830000,798.000
-0.382570000,42.970750000,798.000
-0.382530000,42.970690000,799.000
-0.382510000,42.970660000,799.000
-0.382420000,42.970520000,800.000
-0.382400000,42.970500000,800.000
-0.382310000,42.970400000,800.000
-0.382240000,42.970330000,801.000
-0.382160000,42.970280000,801.000
-0.382100000,42.970260000,802.000
-0.382070000,42.970240000,802.000
-0.381950000,42.970210000,802.000
-0.381870000,42.970200000,802.000
-0.381400000,42.970100000,803.000
-0.380990000,42.969990000,804.000
-0.380940000,42.969980000,805.000
-0.380880000,42.969950000,806.000
-0.380790000,42.969910000,806.000
-0.380720000,42.969850000,807.000
-0.380550000,42.969760000,807.000
-0.380550000,42.969760000,808.000
-0.380540000,42.969740000,808.000
-0.380540000,42.969720000,808.000
-0.380540000,42.969700000,809.000
-0.380550000,42.969680000,809.000
-0.380640000,42.969660000,809.000
-0.380670000,42.969660000,809.000
-0.380700000,42.969660000,809.000
-0.380730000,42.969670000,810.000
-0.380760000,42.969670000,810.000
-0.380780000,42.969680000,810.000
-0.380810000,42.969680000,810.000
-0.380840000,42.969690000,810.000
-0.380880000,42.969700000,811.000
-0.380920000,42.969710000,811.000
-0.381000000,42.969740000,811.000
-0.381100000,42.969780000,811.000
-0.381200000,42.969830000,812.000
-0.381280000,42.969870000,812.000
-0.381330000,42.969900000,813.000
-0.381400000,42.969940000,813.000
-0.381420000,42.969950000,814.000
-0.381450000,42.969960000,814.000
-0.381460000,42.969960000,814.000
-0.381480000,42.969960000,814.000
-0.381520000,42.969970000,814.000
-0.381560000,42.969970000,815.000
-0.381620000,42.969970000,815.000
-0.381670000,42.969970000,815.000
-0.381720000,42.969970000,815.000
-0.381860000,42.969960000,816.000
-0.381910000,42.969960000,816.000
-0.381940000,42.969960000,816.000
-0.382020000,42.969970000,817.000
-0.382090000,42.969980000,817.000
-0.382160000,42.970000000,818.000
-0.382230000,42.970010000,818.000
-0.382300000,42.970020000,818.000
-0.382330000,42.970030000,819.000
-0.382360000,42.970030000,819.000
-0.382400000,42.970020000,819.000
-0.382420000,42.970010000,819.000
-0.382430000,42.970000000,819.000
-0.382450000,42.969980000,820.000
-0.382460000,42.969960000,820.000
-0.382460000,42.969950000,820.000
-0.382460000,42.969920000,820.000
-0.382440000,42.969900000,820.000
-0.382430000,42.969890000,820.000
-0.382410000,42.969870000,821.000
-0.382360000,42.969860000,821.000
-0.382330000,42.969860000,821.000
-0.382290000,42.969850000,821.000
-0.382210000,42.969840000,821.000
-0.382110000,42.969840000,822.000
-0.381930000,42.969840000,822.000
-0.381840000,42.969830000,823.000
-0.381830000,42.969830000,823.000
-0.381760000,42.969820000,824.000
-0.381670000,42.969810000,824.000
-0.381600000,42.969790000,824.000
-0.381530000,42.969760000,825.000
-0.381490000,42.969740000,825.000
-0.381460000,42.969710000,825.000
-0.381430000,42.969670000,826.000
-0.381410000,42.969640000,826.000
-0.381380000,42.969590000,826.000
-0.381330000,42.969540000,827.000
-0.381300000,42.969520000,827.000
-0.381290000,42.969510000,827.000
-0.381260000,42.969490000,828.000
-0.381160000,42.969450000,828.000
-0.381090000,42.969430000,828.000
-0.381070000,42.969420000,829.000
-0.381010000,42.969390000,829.000
-0.380960000,42.969360000,829.000
-0.380900000,42.969300000,830.000
-0.380880000,42.969240000,830.000
-0.380900000,42.969140000,831.000
-0.380920000,42.969040000,831.000
-0.380930000,42.968960000,832.000
-0.380910000,42.968880000,832.000
-0.380910000,42.968860000,833.000
-0.380820000,42.968770000,833.000
-0.380760000,42.968730000,834.000
-0.380700000,42.968690000,834.000
-0.380590000,42.968660000,834.000
-0.380550000,42.968660000,835.000
-0.380480000,42.968650000,835.000
-0.380380000,42.968680000,835.000
-0.380330000,42.968710000,835.000
-0.380310000,42.968730000,835.000
-0.380220000,42.968800000,836.000
-0.380150000,42.968840000,836.000
-0.380050000,42.968860000,836.000
-0.379960000,42.968870000,836.000
-0.379880000,42.968870000,836.000
-0.379760000,42.968850000,837.000
-0.379640000,42.968820000,837.000
-0.379550000,42.968770000,837.000
-0.379490000,42.968710000,837.000
-0.379440000,42.968620000,837.000
-0.379430000,42.968560000,838.000
-0.379420000,42.968440000,838.000
-0.379420000,42.968380000,838.000
-0.379410000,42.968360000,838.000
-0.379410000,42.968330000,838.000
-0.379380000,42.968300000,839.000
-0.379350000,42.968270000,839.000
-0.379310000,42.968230000,839.000
-0.379280000,42.968210000,839.000
-0.379260000,42.968210000,839.000
-0.379210000,42.968190000,839.000
-0.379150000,42.968180000,839.000
-0.379090000,42.968170000,839.000
-0.379050000,42.968180000,839.000
-0.379020000,42.968180000,840.000
-0.378940000,42.968190000,840.000
-0.378840000,42.968190000,840.000
-0.378800000,42.968200000,840.000
-0.378730000,42.968200000,841.000
-0.378630000,42.968190000,841.000
-0.378560000,42.968170000,841.000
-0.378510000,42.968160000,842.000
-0.378390000,42.968110000,842.000
-0.378290000,42.968060000,842.000
-0.378180000,42.968010000,843.000
-0.378030000,42.967980000,843.000
-0.377910000,42.967970000,844.000
-0.377690000,42.967970000,845.000
-0.377570000,42.967960000,845.000
-0.377480000,42.967940000,846.000
-0.377410000,42.967920000,846.000
-0.377400000,42.967910000,847.000
-0.377330000,42.967880000,847.000
-0.377250000,42.967820000,847.000
-0.377060000,42.967680000,848.000
-0.376980000,42.967630000,849.000
-0.376900000,42.967590000,849.000
-0.376850000,42.967570000,850.000
-0.376800000,42.967550000,850.000
-0.376700000,42.967540000,850.000
-0.376610000,42.967530000,851.000
-0.376570000,42.967530000,851.000
-0.376480000,42.967540000,851.000
-0.376400000,42.967570000,851.000
-0.376330000,42.967610000,852.000
-0.376280000,42.967660000,852.000
-0.376220000,42.967720000,852.000
-0.376140000,42.967810000,853.000
-0.376080000,42.967890000,853.000
-0.376040000,42.967940000,853.000
-0.375990000,42.967970000,854.000
-0.375930000,42.967990000,854.000
-0.375900000,42.968000000,854.000
-0.375850000,42.968010000,854.000
-0.375770000,42.967990000,854.000
-0.375710000,42.967970000,855.000
-0.375670000,42.967950000,855.000
-0.375650000,42.967930000,855.000
-0.375600000,42.967880000,855.000
-0.375530000,42.967810000,855.000
-0.375520000,42.967810000,856.000
-0.375450000,42.967750000,856.000
-0.375380000,42.967710000,856.000
-0.375330000,42.967690000,856.000
-0.375320000,42.967690000,857.000
-0.375230000,42.967670000,857.000
-0.375100000,42.967640000,857.000
-0.375000000,42.967600000,857.000
-0.374500000,42.967520000,858.000
-0.374400000,42.967510000,859.000
-0.374390000,42.967500000,859.000
-0.374300000,42.967490000,860.000
-0.374220000,42.967490000,860.000
-0.374140000,42.967490000,860.000
-0.374060000,42.967490000,861.000
-0.373930000,42.967500000,861.000
-0.373900000,42.967500000,862.000
-0.373780000,42.967510000,862.000
-0.373650000,42.967520000,862.000
-0.373520000,42.967520000,863.000
-0.373410000,42.967510000,863.000
-0.373300000,42.967500000,864.000
-0.373170000,42.967480000,864.000
-0.373070000,42.967470000,865.000
-0.372850000,42.967450000,866.000
-0.372580000,42.967410000,866.000
-0.372540000,42.967400000,867.000
-0.372370000,42.967390000,868.000
-0.372300000,42.967380000,868.000
-0.372270000,42.967380000,869.000
-0.372150000,42.967370000,869.000
-0.372050000,42.967370000,870.000
-0.372040000,42.967370000,870.000
-0.371930000,42.967380000,870.000
-0.371850000,42.967400000,871.000
-0.371820000,42.967420000,872.000
-0.371760000,42.967450000,872.000
-0.371710000,42.967500000,873.000
-0.371660000,42.967560000,873.000
-0.371640000,42.967600000,874.000
-0.371620000,42.967650000,874.000
-0.371630000,42.967700000,875.000
-0.371660000,42.967780000,876.000
-0.371710000,42.967840000,876.000
-0.371760000,42.967880000,877.000
-0.371790000,42.967910000,878.000
-0.371960000,42.967990000,879.000
-0.372090000,42.968040000,880.000
-0.372210000,42.968100000,881.000
-0.372360000,42.968200000,882.000
-0.372440000,42.968260000,883.000
-0.372520000,42.968330000,884.000
-0.372560000,42.968400000,885.000
-0.372590000,42.968460000,886.000
-0.372610000,42.968500000,887.000
-0.372610000,42.968520000,888.000
-0.372620000,42.968590000,888.000
-0.372620000,42.968680000,889.000
-0.372580000,42.968790000,890.000
-0.372540000,42.968880000,891.000
-0.372490000,42.968940000,891.000
-0.372460000,42.968960000,892.000
-0.372420000,42.969000000,893.000
-0.372340000,42.969040000,893.000
-0.372290000,42.969060000,894.000
-0.372240000,42.969070000,894.000
-0.372200000,42.969080000,895.000
-0.372150000,42.969080000,895.000
-0.372070000,42.969070000,895.000
-0.371950000,42.969050000,896.000
-0.371830000,42.969010000,897.000
-0.371740000,42.968970000,897.000
-0.371710000,42.968950000,898.000
-0.371590000,42.968890000,899.000
-0.371480000,42.968860000,899.000
-0.371410000,42.968850000,900.000
-0.371350000,42.968860000,900.000
-0.371290000,42.968860000,901.000
-0.371280000,42.968860000,901.000
-0.371200000,42.968880000,902.000
-0.371060000,42.968910000,902.000
-0.370990000,42.968920000,903.000
-0.370930000,42.968930000,903.000
-0.370860000,42.968930000,904.000
-0.370790000,42.968920000,904.000
-0.370710000,42.968910000,905.000
-0.370590000,42.968880000,906.000
-0.370490000,42.968850000,906.000
-0.370360000,42.968790000,907.000
-0.370280000,42.968750000,908.000
-0.370240000,42.968720000,909.000
-0.369990000,42.968590000,910.000
-0.369820000,42.968480000,911.000
-0.369740000,42.968430000,913.000
-0.369670000,42.968390000,914.000
-0.369610000,42.968360000,915.000
-0.369550000,42.968330000,916.000
-0.369440000,42.968290000,917.000
-0.369360000,42.968270000,917.000
-0.369320000,42.968260000,918.000
-0.369110000,42.968210000,919.000
-0.368890000,42.968140000,921.000
-0.368680000,42.968050000,922.000
-0.368500000,42.967980000,924.000
-0.368350000,42.967920000,925.000
-0.368250000,42.967890000,927.000
-0.368140000,42.967850000,928.000
-0.368030000,42.967820000,929.000
-0.367920000,42.967790000,930.000
-0.367790000,42.967770000,931.000
-0.367640000,42.967740000,932.000
-0.367550000,42.967730000,933.000
-0.367470000,42.967720000,934.000
-0.367330000,42.967710000,934.000
-0.367310000,42.967710000,935.000
-0.367160000,42.967720000,936.000
-0.367090000,42.967710000,936.000
-0.367060000,42.967710000,937.000
-0.366910000,42.967690000,938.000
-0.366760000,42.967660000,939.000
-0.366580000,42.967640000,940.000
-0.366440000,42.967610000,941.000
-0.366260000,42.967570000,942.000
-0.366090000,42.967510000,943.000
-0.366020000,42.967490000,944.000
-0.365830000,42.967400000,945.000
-0.365740000,42.967360000,946.000
-0.365640000,42.967330000,947.000
-0.365600000,42.967320000,948.000
-0.365510000,42.967290000,949.000
-0.365410000,42.967270000,950.000
-0.365250000,42.967260000,951.000
-0.365160000,42.967250000,951.000
-0.365120000,42.967250000,952.000
-0.364930000,42.967240000,953.000
-0.364780000,42.967220000,954.000
-0.364600000,42.967190000,955.000
-0.364520000,42.967170000,957.000
-0.364450000,42.967150000,957.000
-0.364370000,42.967120000,958.000
-0.364290000,42.967090000,959.000
-0.364230000,42.967070000,960.000
-0.364190000,42.967050000,960.000
-0.364140000,42.967040000,961.000
-0.364000000,42.967020000,962.000
-0.363800000,42.967000000,963.000
-0.363610000,42.966990000,964.000
-0.363480000,42.966980000,965.000
-0.363350000,42.966970000,966.000
-0.363070000,42.966920000,967.000
-0.362950000,42.966900000,969.000
-0.362860000,42.966870000,969.000
-0.362600000,42.966810000,970.000
-0.362300000,42.966730000,972.000
-0.361990000,42.966660000,973.000
-0.361810000,42.966620000,974.000
-0.361530000,42.966560000,976.000
-0.361230000,42.966490000,977.000
-0.361110000,42.966470000,978.000
-0.360970000,42.966470000,979.000
-0.360840000,42.966470000,980.000
-0.360640000,42.966460000,982.000
-0.360540000,42.966450000,983.000
-0.360450000,42.966430000,983.000
-0.360350000,42.966410000,984.000
-0.360270000,42.966380000,985.000
-0.360240000,42.966370000,986.000
-0.360100000,42.966340000,986.000
-0.359910000,42.966300000,987.000
-0.359730000,42.966280000,989.000
-0.359650000,42.966270000,989.000
-0.359480000,42.966270000,990.000
-0.359400000,42.966270000,991.000
-0.359230000,42.966270000,992.000
-0.359050000,42.966260000,993.000
-0.358750000,42.966230000,995.000
-0.358630000,42.966230000,996.000
-0.358510000,42.966220000,997.000
-0.358350000,42.966210000,998.000
-0.358260000,42.966190000,1000.000
-0.358190000,42.966180000,1000.000
-0.357970000,42.966140000,1002.000
-0.357710000,42.966080000,1003.000
-0.357530000,42.966040000,1005.000
-0.357390000,42.966010000,1006.000
-0.357220000,42.965960000,1008.000
-0.357060000,42.965930000,1009.000
-0.356640000,42.965830000,1012.000
-0.356600000,42.965820000,1013.000
-0.356390000,42.965770000,1015.000
-0.356260000,42.965730000,1016.000
-0.356160000,42.965680000,1018.000
-0.355980000,42.965560000,1019.000
-0.355840000,42.965400000,1020.000
-0.355830000,42.965400000,1021.000
-0.355780000,42.965340000,1022.000
-0.355730000,42.965280000,1023.000
-0.355700000,42.965250000,1023.000
-0.355630000,42.965190000,1024.000
-0.355550000,42.965130000,1024.000
-0.355530000,42.965120000,1025.000
-0.355380000,42.965010000,1025.000
-0.355360000,42.964990000,1026.000
-0.355280000,42.964920000,1026.000
-0.355210000,42.964850000,1027.000
-0.355150000,42.964790000,1027.000
-0.355080000,42.964720000,1028.000
-0.355060000,42.964710000,1028.000
-0.354910000,42.964580000,1029.000
-0.354900000,42.964570000,1029.000
-0.354580000,42.964380000,1030.000
-0.354520000,42.964340000,1031.000
-0.354360000,42.964240000,1032.000
-0.354330000,42.964230000,1033.000
-0.354240000,42.964180000,1033.000
-0.354110000,42.964130000,1034.000
-0.353960000,42.964100000,1035.000
-0.353810000,42.964060000,1036.000
-0.353660000,42.964020000,1036.000
-0.353520000,42.963950000,1037.000
-0.353460000,42.963920000,1038.000
-0.353420000,42.963890000,1039.000
-0.353350000,42.963840000,1039.000
-0.353300000,42.963790000,1040.000
-0.353220000,42.963720000,1040.000
-0.353150000,42.963670000,1041.000
-0.353130000,42.963650000,1041.000
-0.353100000,42.963630000,1042.000
-0.353060000,42.963610000,1042.000
-0.352960000,42.963560000,1043.000
-0.352930000,42.963550000,1043.000
-0.352830000,42.963520000,1043.000
-0.352700000,42.963480000,1044.000
-0.352650000,42.963460000,1044.000
-0.352530000,42.963440000,1045.000
-0.352450000,42.963430000,1045.000
-0.352230000,42.963420000,1046.000
-0.352220000,42.963420000,1047.000
-0.352060000,42.963410000,1048.000
-0.351970000,42.963400000,1049.000
-0.351730000,42.963390000,1050.000
-0.351650000,42.963380000,1051.000
-0.351520000,42.963370000,1052.000
-0.351400000,42.963380000,1053.000
-0.351280000,42.963400000,1054.000
-0.351240000,42.963410000,1055.000
-0.351180000,42.963420000,1056.000
-0.351060000,42.963480000,1057.000
-0.351030000,42.963490000,1057.000
-0.350960000,42.963530000,1058.000
-0.350890000,42.963600000,1059.000
-0.350860000,42.963620000,1059.000
-0.350840000,42.963630000,1060.000
-0.350780000,42.963680000,1061.000
-0.350720000,42.963720000,1061.000
-0.350660000,42.963740000,1062.000
-0.350630000,42.963760000,1062.000
-0.350580000,42.963770000,1063.000
-0.350460000,42.963770000,1063.000
-0.350250000,42.963790000,1064.000
-0.350130000,42.963790000,1065.000
-0.349980000,42.963820000,1067.000
-0.349830000,42.963840000,1068.000
-0.349730000,42.963840000,1069.000
-0.349670000,42.963850000,1070.000
-0.349510000,42.963870000,1071.000
-0.349480000,42.963870000,1072.000
-0.349440000,42.963870000,1072.000
-0.349370000,42.963880000,1073.000
-0.349260000,42.963910000,1074.000
-0.349250000,42.963920000,1074.000
-0.349200000,42.963930000,1075.000
-0.349100000,42.963980000,1075.000
-0.349050000,42.964020000,1076.000
-0.348960000,42.964090000,1077.000
-0.348890000,42.964150000,1078.000
-0.348830000,42.964210000,1078.000
-0.348780000,42.964240000,1079.000
-0.348750000,42.964260000,1080.000
-0.348710000,42.964280000,1080.000
-0.348700000,42.964280000,1081.000
-0.348650000,42.964300000,1081.000
-0.348600000,42.964310000,1082.000
-0.348550000,42.964320000,1082.000
-0.348470000,42.964320000,1082.000
-0.348400000,42.964320000,1083.000
-0.348290000,42.964310000,1084.000
-0.348230000,42.964310000,1084.000
-0.348190000,42.964300000,1085.000
-0.348100000,42.964300000,1085.000
-0.347990000,42.964270000,1086.000
-0.347980000,42.964260000,1087.000
-0.347900000,42.964230000,1087.000
-0.347750000,42.964160000,1088.000
-0.347610000,42.964080000,1088.000
-0.347580000,42.964070000,1089.000
-0.347530000,42.964050000,1089.000
-0.347490000,42.964040000,1089.000
-0.347460000,42.964040000,1089.000
-0.347350000,42.964040000,1090.000
-0.347240000,42.964060000,1090.000
-0.347120000,42.964070000,1090.000
-0.347100000,42.964070000,1090.000
-0.346950000,42.964070000,1090.000
-0.346860000,42.964070000,1091.000
-0.346710000,42.964070000,1091.000
-0.346610000,42.964080000,1091.000
-0.346600000,42.964080000,1091.000
-0.346490000,42.964100000,1092.000
-0.346340000,42.964110000,1092.000
-0.346290000,42.964110000,1092.000
-0.346250000,42.964100000,1092.000
-0.346200000,42.964080000,1092.000
-0.346150000,42.964050000,1093.000
-0.346110000,42.964000000,1093.000
-0.346090000,42.963980000,1093.000
-0.346090000,42.963970000,1093.000
-0.346090000,42.963950000,1093.000
-0.346090000,42.963910000,1093.000
-0.346110000,42.963870000,1093.000
-0.346130000,42.963840000,1093.000
-0.346140000,42.963820000,1093.000
-0.346190000,42.963770000,1094.000
-0.346220000,42.963750000,1094.000
-0.346260000,42.963740000,1094.000
-0.346300000,42.963730000,1094.000
-0.346440000,42.963700000,1094.000
-0.346540000,42.963690000,1095.000
-0.346610000,42.963680000,1095.000
-0.346780000,42.963650000,1097.000
-0.346830000,42.963640000,1098.000
-0.346890000,42.963620000,1099.000
-0.346950000,42.963590000,1099.000
-0.346990000,42.963560000,1100.000
-0.347000000,42.963560000,1101.000
-0.347050000,42.963510000,1102.000
-0.347120000,42.963450000,1103.000
-0.347150000,42.963420000,1104.000
-0.347190000,42.963380000,1104.000
-0.347290000,42.963280000,1106.000
-0.347310000,42.963260000,1107.000
-0.347460000,42.963140000,1108.000
-0.347550000,42.963060000,1110.000
-0.347600000,42.963000000,1112.000
-0.347610000,42.962990000,1113.000
-0.347660000,42.962890000,1114.000
-0.347690000,42.962830000,1115.000
-0.347720000,42.962800000,1116.000
-0.347740000,42.962780000,1117.000
-0.347770000,42.962750000,1118.000
-0.347870000,42.962710000,1119.000
-0.347970000,42.962670000,1120.000
-0.348080000,42.962620000,1122.000
-0.348130000,42.962600000,1123.000
-0.348240000,42.962560000,1124.000
-0.348300000,42.962540000,1125.000
-0.348440000,42.962490000,1126.000
-0.348530000,42.962470000,1126.000
-0.348690000,42.962430000,1127.000
-0.348760000,42.962420000,1128.000
-0.348970000,42.962390000,1128.000
-0.349000000,42.962380000,1129.000
-0.349160000,42.962370000,1129.000
-0.349250000,42.962370000,1130.000
-0.349290000,42.962370000,1130.000
-0.349410000,42.962370000,1131.000
-0.349480000,42.962370000,1131.000
-0.349490000,42.962360000,1131.000
-0.349540000,42.962350000,1132.000
-0.349560000,42.962340000,1132.000
-0.349580000,42.962330000,1132.000
-0.349600000,42.962310000,1132.000
-0.349620000,42.962300000,1132.000
-0.349620000,42.962280000,1133.000
-0.349630000,42.962270000,1133.000
-0.349630000,42.962260000,1133.000
-0.349630000,42.962240000,1133.000
-0.349620000,42.962240000,1133.000
-0.349620000,42.962220000,1133.000
-0.349600000,42.962210000,1133.000
-0.349590000,42.962200000,1133.000
-0.349570000,42.962190000,1133.000
-0.349550000,42.962190000,1133.000
-0.349530000,42.962180000,1134.000
-0.349500000,42.962180000,1134.000
-0.349460000,42.962190000,1134.000
-0.349170000,42.962230000,1134.000
-0.348930000,42.962250000,1135.000
-0.348830000,42.962250000,1136.000
-0.348660000,42.962270000,1136.000
-0.348440000,42.962280000,1137.000
-0.348420000,42.962280000,1138.000
-0.348190000,42.962310000,1139.000
-0.348050000,42.962330000,1141.000
-0.347960000,42.962350000,1142.000
-0.347720000,42.962410000,1143.000
-0.347610000,42.962440000,1145.000
-0.347490000,42.962460000,1146.000
-0.347280000,42.962510000,1147.000
-0.347250000,42.962510000,1149.000
-0.347140000,42.962530000,1150.000
-0.347010000,42.962540000,1151.000
-0.346990000,42.962540000,1152.000
-0.346810000,42.962550000,1153.000
-0.346770000,42.962540000,1154.000
-0.346560000,42.962520000,1155.000
-0.346520000,42.962510000,1156.000
-0.346380000,42.962500000,1157.000
-0.346280000,42.962490000,1158.000
-0.346210000,42.962490000,1159.000
-0.346070000,42.962490000,1159.000
-0.346030000,42.962500000,1160.000
-0.345920000,42.962510000,1160.000
-0.345800000,42.962540000,1160.000
-0.345700000,42.962590000,1161.000
-0.345630000,42.962640000,1161.000
-0.345620000,42.962660000,1161.000
-0.345590000,42.962700000,1161.000
-0.345580000,42.962750000,1161.000
-0.345580000,42.962830000,1161.000
-0.345570000,42.962840000,1161.000
-0.345570000,42.962880000,1161.000
-0.345560000,42.962920000,1161.000
-0.345530000,42.962970000,1161.000
-0.345480000,42.963000000,1161.000
-0.345460000,42.963020000,1161.000
-0.345420000,42.963030000,1161.000
-0.345370000,42.963040000,1161.000
-0.345290000,42.963060000,1161.000
-0.345270000,42.963060000,1162.000
-0.345210000,42.963070000,1162.000
-0.345140000,42.963090000,1162.000
-0.344900000,42.963110000,1162.000
-0.344750000,42.963110000,1162.000
-0.344660000,42.963110000,1162.000
-0.344560000,42.963100000,1162.000
-0.344540000,42.963090000,1162.000
-0.344480000,42.963080000,1162.000
-0.344370000,42.963060000,1162.000
-0.344310000,42.963060000,1162.000
-0.344300000,42.963060000,1162.000
-0.344250000,42.963070000,1162.000
-0.344120000,42.963100000,1162.000
-0.344070000,42.963120000,1163.000
-0.343980000,42.963160000,1163.000
-0.343880000,42.963200000,1163.000
-0.343850000,42.963200000,1163.000
-0.343780000,42.963210000,1164.000
-0.343620000,42.963210000,1164.000
-0.343600000,42.963210000,1165.000
-0.343490000,42.963210000,1165.000
-0.343360000,42.963210000,1166.000
-0.343280000,42.963220000,1166.000
-0.343120000,42.963240000,1167.000
-0.343020000,42.963250000,1167.000
-0.342790000,42.963310000,1168.000
-0.342670000,42.963340000,1169.000
-0.342650000,42.963340000,1169.000
-0.342480000,42.963370000,1170.000
-0.342290000,42.963390000,1171.000
-0.342050000,42.963450000,1172.000
-0.341950000,42.963470000,1173.000
-0.341870000,42.963490000,1173.000
-0.341720000,42.963500000,1174.000
-0.341610000,42.963510000,1175.000
-0.341440000,42.963530000,1175.000
-0.341360000,42.963530000,1176.000
-0.341310000,42.963520000,1176.000
-0.341230000,42.963510000,1177.000
-0.341180000,42.963500000,1177.000
-0.341110000,42.963480000,1178.000
-0.340960000,42.963420000,1178.000
-0.340880000,42.963390000,1179.000
-0.340780000,42.963360000,1179.000
-0.340740000,42.963340000,1179.000
-0.340400000,42.963200000,1180.000
-0.340190000,42.963120000,1181.000
-0.340020000,42.963060000,1182.000
-0.339950000,42.963050000,1183.000
-0.339830000,42.963020000,1183.000
-0.339730000,42.963020000,1184.000
-0.339710000,42.963020000,1184.000
-0.339640000,42.963030000,1185.000
-0.339580000,42.963040000,1185.000
-0.339510000,42.963060000,1185.000
-0.339480000,42.963090000,1186.000
-0.339460000,42.963110000,1186.000
-0.339400000,42.963190000,1187.000
-0.339340000,42.963470000,1188.000
-0.339330000,42.963550000,1190.000
-0.339320000,42.963620000,1191.000
-0.339330000,42.963740000,1193.000
-0.339330000,42.963770000,1194.000
-0.339350000,42.963840000,1195.000
-0.339380000,42.963900000,1196.000
-0.339410000,42.963940000,1197.000
-0.339420000,42.963950000,1198.000
-0.339510000,42.964020000,1199.000
-0.339590000,42.964060000,1200.000
-0.339670000,42.964090000,1200.000
-0.339780000,42.964120000,1202.000
-0.339820000,42.964120000,1202.000
-0.339910000,42.964130000,1203.000
-0.340070000,42.964130000,1204.000
-0.340290000,42.964140000,1206.000
-0.340320000,42.964150000,1207.000
-0.340560000,42.964150000,1209.000
-0.340710000,42.964160000,1210.000
-0.340810000,42.964160000,1211.000
-0.340940000,42.964160000,1212.000
-0.341050000,42.964170000,1213.000
-0.341170000,42.964180000,1213.000
-0.341290000,42.964190000,1214.000
-0.341350000,42.964200000,1214.000
-0.341530000,42.964240000,1214.000
-0.341540000,42.964240000,1215.000
-0.342000000,42.964360000,1215.000
-0.342090000,42.964380000,1216.000
-0.342690000,42.964540000,1216.000
-0.342700000,42.964540000,1217.000
-0.343110000,42.964650000,1217.000
-0.343150000,42.964660000,1218.000
-0.343200000,42.964680000,1218.000
-0.343280000,42.964710000,1219.000
-0.343360000,42.964760000,1220.000
-0.343370000,42.964760000,1221.000
-0.343420000,42.964800000,1222.000
-0.343440000,42.964830000,1222.000
-0.343450000,42.964850000,1223.000
-0.343460000,42.964870000,1223.000
-0.343460000,42.964900000,1224.000
-0.343450000,42.964940000,1224.000
-0.343440000,42.964960000,1225.000
-0.343430000,42.964980000,1225.000
-0.343410000,42.965000000,1226.000
-0.343370000,42.965030000,1226.000
-0.343350000,42.965040000,1227.000
-0.343320000,42.965050000,1227.000
-0.343280000,42.965070000,1228.000
-0.343240000,42.965080000,1228.000
-0.343140000,42.965090000,1229.000
-0.343060000,42.965100000,1230.000
-0.342930000,42.965110000,1231.000
-0.342680000,42.965100000,1232.000
-0.342270000,42.965070000,1235.000
-0.342100000,42.965050000,1238.000
-0.342020000,42.965040000,1240.000
-0.341620000,42.965000000,1243.000
-0.341150000,42.964970000,1245.000
-0.340930000,42.964950000,1247.000
-0.340800000,42.964930000,1248.000
-0.340570000,42.964880000,1249.000
-0.340570000,42.964870000,1250.000
-0.340340000,42.964810000,1251.000
-0.340310000,42.964800000,1252.000
-0.340120000,42.964780000,1252.000
-0.340100000,42.964770000,1252.000
-0.339870000,42.964750000,1253.000
-0.339860000,42.964750000,1253.000
-0.339640000,42.964740000,1254.000
-0.339610000,42.964740000,1254.000
-0.339420000,42.964720000,1255.000
-0.339250000,42.964670000,1255.000
-0.339070000,42.964630000,1256.000
-0.338990000,42.964620000,1256.000
-0.338940000,42.964620000,1257.000
-0.338880000,42.964630000,1257.000
-0.338850000,42.964640000,1258.000
-0.338700000,42.964660000,1259.000
-0.338570000,42.964660000,1259.000
-0.338470000,42.964660000,1260.000
-0.338460000,42.964650000,1261.000
-0.338380000,42.964640000,1262.000
-0.338240000,42.964600000,1263.000
-0.338120000,42.964570000,1264.000
-0.338090000,42.964560000,1265.000
-0.337920000,42.964510000,1266.000
-0.337860000,42.964500000,1267.000
-0.337740000,42.964490000,1268.000
-0.337640000,42.964480000,1269.000
-0.337610000,42.964490000,1269.000
-0.337490000,42.964490000,1270.000
-0.337380000,42.964490000,1271.000
-0.337240000,42.964500000,1272.000
-0.337160000,42.964490000,1273.000
-0.337030000,42.964480000,1274.000
-0.336920000,42.964470000,1276.000
-0.336860000,42.964460000,1276.000
-0.336430000,42.964390000,1278.000
-0.336200000,42.964360000,1280.000
-0.336180000,42.964360000,1282.000
-0.335960000,42.964330000,1283.000
-0.335840000,42.964310000,1284.000
-0.335680000,42.964270000,1286.000
-0.335540000,42.964230000,1287.000
-0.335530000,42.964220000,1287.000
-0.335330000,42.964140000,1289.000
-0.335280000,42.964130000,1289.000
-0.335110000,42.964050000,1290.000
-0.335090000,42.964040000,1291.000
-0.334960000,42.963990000,1292.000
-0.334900000,42.963960000,1293.000
-0.334700000,42.963860000,1294.000
-0.334550000,42.963780000,1295.000
-0.334490000,42.963760000,1296.000
-0.334280000,42.963680000,1297.000
-0.334150000,42.963620000,1298.000
-0.334070000,42.963580000,1299.000
-0.333980000,42.963540000,1300.000
-0.333920000,42.963500000,1301.000
-0.333710000,42.963360000,1303.000
-0.333690000,42.963350000,1304.000
-0.333600000,42.963290000,1305.000
-0.333530000,42.963240000,1305.000
-0.333510000,42.963230000,1306.000
-0.333460000,42.963200000,1307.000
-0.333400000,42.963150000,1308.000
-0.333350000,42.963100000,1308.000
-0.333180000,42.962920000,1310.000
-0.333110000,42.962840000,1311.000
-0.332950000,42.962660000,1312.000
-0.332860000,42.962550000,1314.000
-0.332810000,42.962490000,1315.000
-0.332780000,42.962450000,1316.000
-0.332760000,42.962420000,1317.000
-0.332750000,42.962340000,1318.000
-0.332710000,42.962200000,1319.000
-0.332680000,42.962010000,1321.000
-0.332660000,42.961900000,1322.000
-0.332650000,42.961830000,1324.000
-0.332640000,42.961710000,1325.000
-0.332660000,42.961620000,1327.000
-0.332710000,42.961500000,1328.000
-0.332800000,42.961400000,1330.000
-0.332810000,42.961390000,1331.000
-0.332940000,42.961270000,1332.000
-0.333000000,42.961210000,1333.000
-0.333040000,42.961160000,1334.000
-0.333050000,42.961100000,1335.000
-0.333050000,42.961080000,1336.000
-0.333040000,42.961040000,1337.000
-0.332990000,42.960950000,1338.000
-0.332970000,42.960910000,1338.000
-0.332900000,42.960830000,1339.000
-0.332850000,42.960770000,1340.000
-0.332850000,42.960760000,1341.000
-0.332820000,42.960710000,1342.000
-0.332770000,42.960640000,1342.000
-0.332770000,42.960600000,1343.000
-0.332770000,42.960550000,1344.000
-0.332770000,42.960530000,1344.000
-0.332790000,42.960440000,1345.000
-0.332800000,42.960420000,1345.000
-0.332820000,42.960380000,1345.000
-0.332850000,42.960330000,1345.000
-0.332890000,42.960280000,1346.000
-0.332930000,42.960210000,1346.000
-0.332940000,42.960190000,1346.000
-0.332990000,42.960120000,1346.000
-0.332990000,42.960090000,1346.000
-0.333000000,42.960080000,1346.000
-0.333010000,42.960060000,1346.000
-0.333010000,42.960050000,1346.000
-0.333040000,42.959980000,1346.000
-0.333060000,42.959890000,1346.000
-0.333050000,42.959740000,1347.000
-0.333030000,42.959580000,1347.000
-0.333020000,42.959560000,1347.000
-0.332990000,42.959430000,1347.000
-0.332980000,42.959410000,1347.000
-0.332970000,42.959340000,1347.000
-0.332950000,42.959230000,1347.000
-0.332950000,42.959190000,1347.000
-0.332950000,42.959090000,1348.000
-0.332960000,42.959020000,1348.000
-0.333000000,42.958900000,1348.000
-0.333000000,42.958870000,1348.000
-0.333010000,42.958810000,1348.000
-0.333010000,42.958690000,1348.000
-0.332990000,42.958550000,1349.000
-0.332980000,42.958510000,1349.000
-0.332970000,42.958470000,1349.000
-0.332960000,42.958430000,1349.000
-0.332950000,42.958400000,1350.000
-0.332940000,42.958390000,1350.000
-0.332910000,42.958340000,1350.000
-0.332810000,42.958230000,1350.000
-0.332730000,42.958170000,1351.000
-0.332530000,42.958090000,1351.000
-0.332490000,42.958090000,1351.000
-0.332460000,42.958090000,1352.000
-0.332440000,42.958090000,1352.000
-0.332420000,42.958100000,1352.000
-0.332370000,42.958120000,1352.000
-0.332320000,42.958160000,1353.000
-0.332300000,42.958190000,1353.000
-0.332290000,42.958210000,1353.000
-0.332290000,42.958240000,1353.000
-0.332290000,42.958280000,1353.000
-0.332300000,42.958320000,1353.000
-0.332320000,42.958370000,1354.000
-0.332340000,42.958410000,1354.000
-0.332360000,42.958430000,1354.000
-0.332370000,42.958440000,1354.000
-0.332440000,42.958500000,1354.000
-0.332550000,42.958580000,1355.000
-0.332600000,42.958640000,1355.000
-0.332630000,42.958680000,1355.000
-0.332670000,42.958740000,1356.000
-0.332680000,42.958790000,1356.000
-0.332680000,42.958840000,1356.000
-0.332660000,42.958900000,1357.000
-0.332630000,42.958980000,1357.000
-0.332590000,42.959080000,1357.000
-0.332580000,42.959140000,1358.000
-0.332580000,42.959180000,1359.000
-0.332570000,42.959220000,1359.000
-0.332580000,42.959270000,1360.000
-0.332590000,42.959320000,1360.000
-0.332610000,42.959410000,1361.000
-0.332610000,42.959450000,1361.000
-0.332600000,42.959490000,1362.000
-0.332580000,42.959580000,1363.000
-0.332560000,42.959620000,1363.000
-0.332550000,42.959640000,1364.000
-0.332520000,42.959680000,1364.000
-0.332470000,42.959720000,1365.000
-0.332410000,42.959760000,1365.000
-0.332400000,42.959760000,1366.000
-0.332310000,42.959810000,1366.000
-0.332170000,42.959860000,1367.000
-0.332080000,42.959880000,1368.000
-0.332070000,42.959880000,1368.000
-0.331860000,42.959950000,1369.000
-0.331610000,42.960120000,1371.000
-0.331510000,42.960200000,1372.000
-0.331500000,42.960210000,1373.000
-0.331430000,42.960270000,1374.000
-0.331370000,42.960320000,1375.000
-0.331360000,42.960340000,1375.000
-0.331330000,42.960360000,1376.000
-0.331250000,42.960450000,1377.000
-0.331230000,42.960490000,1378.000
-0.331210000,42.960520000,1379.000
-0.331210000,42.960570000,1380.000
-0.331210000,42.960670000,1381.000
-0.331200000,42.960670000,1382.000
-0.331190000,42.960760000,1383.000
-0.331160000,42.960820000,1384.000
-0.331150000,42.960840000,1385.000
-0.331150000,42.960850000,1385.000
-0.331110000,42.960910000,1386.000
-0.331080000,42.960970000,1387.000
-0.331070000,42.960990000,1388.000
-0.331060000,42.961010000,1388.000
-0.331040000,42.961050000,1389.000
-0.331030000,42.961120000,1390.000
-0.331050000,42.961190000,1391.000
-0.331070000,42.961250000,1392.000
-0.331080000,42.961310000,1393.000
-0.331070000,42.961370000,1394.000
-0.331070000,42.961380000,1395.000
-0.331040000,42.961450000,1396.000
-0.331010000,42.961510000,1397.000
-0.331010000,42.961520000,1397.000
-0.331000000,42.961540000,1398.000
-0.330980000,42.961590000,1399.000
-0.330960000,42.961610000,1399.000
-0.330900000,42.961730000,1400.000
-0.330870000,42.961790000,1402.000
-0.330860000,42.961790000,1402.000
-0.330750000,42.961960000,1404.000
-0.330730000,42.961990000,1405.000
-0.330630000,42.962120000,1407.000
-0.330570000,42.962190000,1408.000
-0.330540000,42.962270000,1409.000
-0.330500000,42.962360000,1410.000
-0.330490000,42.962380000,1411.000
-0.330470000,42.962440000,1412.000
-0.330460000,42.962440000,1412.000
-0.330400000,42.962580000,1413.000
-0.330390000,42.962610000,1413.000
-0.330340000,42.962730000,1414.000
-0.330340000,42.962810000,1414.000
-0.330340000,42.962870000,1415.000
-0.330340000,42.962920000,1415.000
-0.330350000,42.962950000,1416.000
-0.330380000,42.963020000,1416.000
-0.330420000,42.963090000,1416.000
-0.330430000,42.963110000,1417.000
-0.330470000,42.963160000,1417.000
-0.330510000,42.963200000,1417.000
-0.330550000,42.963240000,1418.000
-0.330560000,42.963250000,1418.000
-0.330620000,42.963280000,1418.000
-0.330670000,42.963300000,1419.000
-0.330760000,42.963330000,1419.000
-0.330810000,42.963350000,1419.000
-0.330850000,42.963360000,1420.000
-0.330860000,42.963360000,1420.000
-0.330930000,42.963390000,1420.000
-0.331010000,42.963420000,1420.000
-0.331060000,42.963450000,1421.000
-0.331080000,42.963460000,1421.000
-0.331120000,42.963490000,1421.000
-0.331170000,42.963540000,1421.000
-0.331190000,42.963570000,1422.000
-0.331200000,42.963600000,1422.000
-0.331210000,42.963610000,1422.000
-0.331220000,42.963660000,1422.000
-0.331250000,42.963740000,1423.000
-0.331270000,42.963770000,1423.000
-0.331320000,42.963900000,1424.000
-0.331350000,42.963940000,1424.000
-0.331380000,42.964010000,1424.000
-0.331420000,42.964110000,1425.000
-0.331430000,42.964130000,1425.000
-0.331450000,42.964170000,1426.000
-0.331490000,42.964230000,1426.000
-0.331510000,42.964280000,1427.000
-0.331510000,42.964290000,1427.000
-0.331530000,42.964340000,1427.000
-0.331560000,42.964380000,1427.000
-0.331590000,42.964420000,1428.000
-0.331620000,42.964440000,1428.000
-0.331650000,42.964460000,1428.000
-0.331700000,42.964490000,1428.000
-0.331770000,42.964530000,1429.000
-0.331800000,42.964560000,1429.000
-0.331830000,42.964580000,1429.000
-0.331870000,42.964630000,1430.000
-0.331920000,42.964700000,1430.000
-0.331930000,42.964710000,1430.000
-0.331970000,42.964740000,1431.000
-0.332010000,42.964770000,1431.000
-0.332110000,42.964820000,1431.000
-0.332110000,42.964830000,1432.000
-0.332160000,42.964850000,1432.000
-0.332240000,42.964910000,1432.000
-0.332280000,42.964930000,1433.000
-0.332310000,42.964940000,1433.000
-0.332350000,42.964950000,1433.000
-0.332410000,42.964970000,1433.000
-0.332440000,42.964970000,1434.000
-0.332510000,42.964970000,1434.000
-0.332540000,42.964970000,1434.000
-0.332580000,42.964970000,1434.000
-0.332620000,42.964980000,1434.000
-0.332640000,42.964980000,1435.000
-0.332690000,42.964990000,1435.000
-0.332800000,42.965020000,1435.000
-0.332890000,42.965050000,1436.000
-0.332950000,42.965060000,1436.000
-0.332990000,42.965060000,1436.000
-0.333100000,42.965070000,1437.000
-0.333170000,42.965070000,1437.000
-0.333270000,42.965080000,1437.000
-0.333340000,42.965090000,1438.000
-0.333410000,42.965100000,1438.000
-0.333500000,42.965120000,1439.000
-0.333560000,42.965140000,1439.000
-0.333720000,42.965190000,1439.000
-0.333750000,42.965200000,1440.000
-0.333890000,42.965240000,1440.000
-0.333950000,42.965250000,1441.000
-0.333980000,42.965260000,1441.000
-0.334120000,42.965280000,1442.000
-0.334190000,42.965310000,1442.000
-0.334240000,42.965330000,1442.000
-0.334270000,42.965350000,1443.000
-0.334310000,42.965390000,1443.000
-0.334360000,42.965430000,1443.000
-0.334400000,42.965460000,1444.000
-0.334440000,42.965510000,1444.000
-0.334470000,42.965590000,1444.000
-0.334480000,42.965630000,1445.000
-0.334470000,42.965690000,1445.000
-0.334450000,42.965770000,1446.000
-0.334440000,42.965790000,1446.000
-0.334420000,42.965840000,1447.000
-0.334400000,42.965940000,1447.000
-0.334390000,42.965950000,1448.000
-0.334370000,42.966030000,1449.000
-0.334380000,42.966080000,1450.000
-0.334380000,42.966120000,1450.000
-0.334390000,42.966150000,1451.000
-0.334400000,42.966190000,1452.000
-0.334430000,42.966220000,1452.000
-0.334460000,42.966260000,1453.000
-0.334490000,42.966280000,1454.000
-0.334500000,42.966280000,1454.000
-0.334550000,42.966300000,1454.000
-0.334610000,42.966330000,1455.000
-0.334710000,42.966350000,1456.000
-0.334740000,42.966360000,1456.000
-0.334850000,42.966370000,1457.000
-0.334940000,42.966370000,1458.000
-0.334960000,42.966370000,1459.000
-0.335080000,42.966390000,1460.000
-0.335180000,42.966420000,1461.000
-0.335190000,42.966420000,1461.000
-0.335230000,42.966440000,1462.000
-0.335290000,42.966490000,1463.000
-0.335310000,42.966510000,1463.000
-0.335350000,42.966560000,1464.000
-0.335390000,42.966610000,1465.000
-0.335460000,42.966720000,1466.000
-0.335500000,42.966790000,1467.000
-0.335520000,42.966860000,1468.000
-0.335530000,42.966890000,1469.000
-0.335560000,42.966980000,1470.000
-0.335570000,42.967060000,1471.000
-0.335570000,42.967080000,1472.000
-0.335560000,42.967190000,1473.000
-0.335580000,42.967240000,1474.000
-0.335580000,42.967260000,1474.000
-0.335620000,42.967330000,1475.000
-0.335670000,42.967410000,1476.000
-0.335750000,42.967490000,1476.000
-0.335810000,42.967560000,1477.000
-0.335820000,42.967560000,1478.000
-0.335840000,42.967590000,1478.000
-0.335880000,42.967700000,1479.000
-0.335880000,42.967730000,1479.000
-0.335900000,42.967840000,1480.000
-0.335940000,42.967900000,1481.000
-0.335980000,42.967940000,1481.000
-0.336020000,42.967970000,1482.000
-0.336060000,42.967990000,1482.000
-0.336130000,42.968010000,1483.000
-0.336180000,42.968030000,1483.000
-0.336230000,42.968060000,1484.000
-0.336270000,42.968080000,1484.000
-0.336310000,42.968130000,1485.000
-0.336330000,42.968150000,1485.000
-0.336430000,42.968260000,1486.000
-0.336450000,42.968280000,1486.000
-0.336460000,42.968300000,1487.000
-0.336510000,42.968370000,1487.000
-0.336540000,42.968460000,1488.000
-0.336540000,42.968570000,1488.000
-0.336550000,42.968620000,1489.000
-0.336560000,42.968660000,1490.000
-0.336570000,42.968710000,1490.000
-0.336600000,42.968760000,1491.000
-0.336610000,42.968800000,1491.000
-0.336630000,42.968820000,1492.000
-0.336640000,42.968840000,1492.000
-0.336680000,42.968870000,1492.000
-0.336700000,42.968880000,1492.000
-0.336730000,42.968900000,1493.000
-0.336760000,42.968910000,1493.000
-0.336780000,42.968910000,1493.000
-0.336790000,42.968910000,1493.000
-0.336800000,42.968910000,1493.000
-0.336830000,42.968910000,1494.000
-0.336860000,42.968900000,1494.000
-0.336910000,42.968890000,1494.000
-0.336970000,42.968880000,1494.000
-0.337040000,42.968850000,1495.000
-0.337090000,42.968850000,1495.000
-0.337130000,42.968840000,1495.000
-0.337160000,42.968840000,1495.000
-0.337190000,42.968850000,1496.000
-0.337280000,42.968870000,1496.000
-0.337330000,42.968900000,1496.000
-0.337370000,42.968920000,1497.000
-0.337420000,42.968930000,1497.000
-0.337480000,42.968930000,1497.000
-0.337490000,42.968930000,1498.000
-0.337550000,42.968920000,1498.000
-0.337690000,42.968890000,1498.000
-0.337710000,42.968890000,1499.000
-0.337750000,42.968880000,1499.000
-0.337870000,42.968860000,1500.000
-0.337950000,42.968850000,1500.000
-0.338020000,42.968850000,1501.000
-0.338100000,42.968860000,1501.000
-0.338240000,42.968880000,1502.000
-0.338430000,42.968920000,1502.000
-0.338480000,42.968930000,1503.000
-0.338660000,42.968970000,1504.000
-0.338670000,42.968980000,1504.000
-0.338770000,42.969000000,1505.000
-0.338870000,42.969010000,1506.000
-0.338910000,42.969020000,1506.000
-0.338950000,42.969020000,1507.000
-0.338990000,42.969020000,1507.000
-0.339060000,42.969030000,1507.000
-0.339150000,42.969030000,1508.000
-0.339160000,42.969030000,1508.000
-0.339240000,42.969040000,1508.000
-0.339340000,42.969060000,1509.000
-0.339460000,42.969090000,1509.000
-0.339600000,42.969130000,1510.000
-0.339720000,42.969170000,1511.000
-0.339860000,42.969210000,1512.000
-0.340100000,42.969260000,1513.000
-0.340220000,42.969290000,1514.000
-0.340290000,42.969310000,1514.000
-0.340380000,42.969350000,1515.000
-0.340440000,42.969390000,1516.000
-0.340480000,42.969420000,1516.000
-0.340520000,42.969440000,1517.000
-0.340550000,42.969450000,1517.000
-0.340580000,42.969460000,1517.000
-0.340620000,42.969470000,1518.000
-0.340650000,42.969470000,1518.000
-0.340670000,42.969470000,1518.000
-0.340710000,42.969470000,1518.000
-0.340740000,42.969470000,1519.000
-0.340800000,42.969460000,1519.000
-0.340940000,42.969390000,1519.000
-0.341060000,42.969330000,1520.000
-0.341160000,42.969290000,1521.000
-0.341170000,42.969290000,1522.000
-0.341220000,42.969280000,1522.000
-0.341270000,42.969270000,1523.000
-0.341310000,42.969270000,1523.000
-0.341350000,42.969280000,1523.000
-0.341400000,42.969290000,1524.000
-0.341460000,42.969320000,1524.000
-0.341550000,42.969360000,1525.000
-0.341670000,42.969430000,1526.000
-0.341800000,42.969500000,1527.000
-0.341830000,42.969520000,1527.000
-0.342000000,42.969600000,1528.000
-0.342090000,42.969650000,1529.000
-0.342210000,42.969700000,1530.000
-0.342240000,42.969710000,1531.000
-0.342530000,42.969810000,1533.000
-0.342640000,42.969860000,1534.000
-0.342650000,42.969860000,1535.000
-0.342740000,42.969900000,1535.000
-0.342800000,42.969910000,1536.000
-0.342840000,42.969910000,1537.000
-0.342870000,42.969910000,1537.000
-0.342950000,42.969910000,1538.000
-0.343050000,42.969890000,1538.000
-0.343270000,42.969860000,1539.000
-0.343360000,42.969850000,1540.000
-0.343440000,42.969850000,1541.000
-0.343550000,42.969850000,1542.000
-0.343630000,42.969860000,1543.000
-0.343660000,42.969870000,1543.000
-0.343700000,42.969890000,1543.000
-0.343750000,42.969920000,1544.000
-0.343800000,42.969980000,1544.000
-0.343850000,42.970040000,1545.000
-0.343910000,42.970120000,1546.000
-0.343950000,42.970160000,1546.000
-0.344020000,42.970240000,1547.000
-0.344060000,42.970270000,1547.000
-0.344110000,42.970300000,1548.000
-0.344250000,42.970370000,1549.000
-0.344260000,42.970370000,1549.000
-0.344450000,42.970470000,1550.000
-0.344460000,42.970470000,1550.000
-0.344630000,42.970550000,1551.000
-0.344800000,42.970650000,1552.000
-0.344870000,42.970680000,1553.000
-0.344920000,42.970700000,1554.000
-0.345000000,42.970730000,1554.000
-0.345120000,42.970770000,1555.000
-0.345160000,42.970780000,1556.000
-0.345190000,42.970790000,1556.000
-0.345240000,42.970810000,1557.000
-0.345300000,42.970850000,1557.000
-0.345360000,42.970900000,1558.000
-0.345410000,42.970950000,1558.000
-0.345490000,42.971060000,1559.000
-0.345540000,42.971120000,1559.000
-0.345640000,42.971300000,1560.000
-0.345660000,42.971350000,1561.000
-0.345690000,42.971380000,1561.000
-0.345690000,42.971390000,1562.000
-0.345720000,42.971410000,1562.000
-0.345730000,42.971430000,1562.000
-0.345770000,42.971460000,1563.000
-0.345820000,42.971480000,1563.000
-0.345860000,42.971490000,1563.000
-0.345880000,42.971490000,1563.000
-0.345920000,42.971500000,1564.000
-0.346110000,42.971550000,1564.000
-0.346140000,42.971550000,1564.000
-0.346260000,42.971580000,1565.000
-0.346350000,42.971590000,1565.000
-0.346490000,42.971590000,1566.000
-0.346590000,42.971600000,1567.000
-0.346630000,42.971600000,1567.000
-0.346720000,42.971620000,1567.000
-0.346770000,42.971640000,1568.000
-0.346790000,42.971660000,1568.000
-0.346810000,42.971670000,1568.000
-0.346820000,42.971690000,1569.000
-0.346830000,42.971720000,1569.000
-0.346830000,42.971770000,1569.000
-0.346810000,42.971790000,1569.000
-0.346780000,42.971810000,1570.000
-0.346720000,42.971830000,1570.000
-0.346520000,42.971840000,1570.000
-0.346380000,42.971840000,1571.000
-0.346120000,42.971840000,1572.000
-0.346110000,42.971840000,1573.000
-0.346020000,42.971860000,1574.000
-0.345940000,42.971880000,1574.000
-0.345890000,42.971900000,1575.000
-0.345840000,42.971940000,1576.000
-0.345820000,42.971970000,1576.000
-0.345800000,42.972000000,1576.000
-0.345800000,42.972050000,1577.000
-0.345790000,42.972060000,1577.000
-0.345790000,42.972110000,1578.000
-0.345780000,42.972180000,1578.000
-0.345780000,42.972230000,1579.000
-0.345780000,42.972240000,1579.000
-0.345790000,42.972300000,1579.000
-0.345780000,42.972360000,1580.000
-0.345780000,42.972400000,1580.000
-0.345780000,42.972420000,1581.000
-0.345780000,42.972450000,1581.000
-0.345800000,42.972470000,1581.000
-0.345820000,42.972500000,1582.000
-0.345840000,42.972520000,1582.000
-0.345870000,42.972540000,1582.000
-0.345910000,42.972570000,1583.000
-0.345940000,42.972590000,1583.000
-0.345970000,42.972610000,1583.000
-0.346010000,42.972620000,1584.000
-0.346060000,42.972630000,1584.000
-0.346120000,42.972640000,1584.000
-0.346180000,42.972650000,1585.000
-0.346280000,42.972670000,1585.000
-0.346340000,42.972690000,1586.000
-0.346350000,42.972700000,1586.000
-0.346370000,42.972710000,1586.000
-0.346390000,42.972720000,1587.000
-0.346410000,42.972750000,1587.000
-0.346430000,42.972790000,1587.000
-0.346450000,42.972860000,1588.000
-0.346470000,42.972950000,1588.000
-0.346480000,42.973040000,1589.000
-0.346480000,42.973060000,1590.000
-0.346500000,42.973140000,1590.000
-0.346510000,42.973210000,1591.000
-0.346510000,42.973220000,1591.000
-0.346520000,42.973320000,1592.000
-0.346520000,42.973390000,1593.000
-0.346520000,42.973400000,1593.000
-0.346500000,42.973480000,1594.000
-0.346470000,42.973530000,1595.000
-0.346440000,42.973570000,1595.000
-0.346440000,42.973580000,1595.000
-0.346390000,42.973610000,1596.000
-0.346360000,42.973640000,1596.000
-0.346310000,42.973660000,1597.000
-0.346260000,42.973670000,1597.000
-0.346250000,42.973670000,1598.000
-0.346190000,42.973680000,1598.000
-0.346090000,42.973670000,1598.000
-0.345990000,42.973650000,1599.000
-0.345870000,42.973640000,1600.000
-0.345730000,42.973620000,1601.000
-0.345600000,42.973630000,1601.000
-0.345530000,42.973640000,1602.000
-0.345480000,42.973650000,1603.000
-0.345430000,42.973680000,1603.000
-0.345390000,42.973700000,1604.000
-0.345340000,42.973750000,1605.000
-0.345310000,42.973800000,1605.000
-0.345290000,42.973880000,1606.000
-0.345280000,42.973930000,1606.000
-0.345260000,42.973960000,1607.000
-0.345230000,42.974000000,1607.000
-0.345200000,42.974040000,1608.000
-0.345170000,42.974070000,1608.000
-0.345120000,42.974100000,1609.000
-0.345080000,42.974130000,1609.000
-0.345000000,42.974160000,1610.000
-0.344860000,42.974190000,1610.000
-0.344800000,42.974210000,1611.000
-0.344730000,42.974230000,1611.000
-0.344690000,42.974240000,1612.000
-0.344650000,42.974250000,1612.000
-0.344580000,42.974290000,1613.000
-0.344510000,42.974340000,1613.000
-0.344470000,42.974390000,1614.000
-0.344420000,42.974460000,1614.000
-0.344410000,42.974480000,1615.000
-0.344400000,42.974490000,1615.000
-0.344400000,42.974530000,1616.000
-0.344400000,42.974560000,1616.000
-0.344420000,42.974630000,1616.000
-0.344420000,42.974660000,1617.000
-0.344430000,42.974690000,1617.000
-0.344450000,42.974740000,1617.000
-0.344520000,42.974840000,1618.000
-0.344580000,42.974940000,1619.000
-0.344630000,42.974990000,1619.000
-0.344670000,42.975040000,1620.000
-0.344700000,42.975080000,1621.000
-0.344770000,42.975130000,1621.000
-0.344800000,42.975160000,1622.000
-0.344810000,42.975170000,1622.000
-0.344850000,42.975200000,1622.000
-0.344890000,42.975220000,1623.000
-0.344960000,42.975260000,1623.000
-0.345040000,42.975300000,1624.000
-0.345130000,42.975340000,1624.000
-0.345190000,42.975380000,1625.000
-0.345220000,42.975410000,1625.000
-0.345260000,42.975460000,1626.000
-0.345290000,42.975500000,1626.000
-0.345290000,42.975510000,1627.000
-0.345300000,42.975580000,1627.000
-0.345300000,42.975620000,1628.000
-0.345300000,42.975670000,1628.000
-0.345290000,42.975680000,1628.000
-0.345270000,42.975750000,1629.000
-0.345220000,42.975820000,1629.000
-0.345130000,42.975890000,1630.000
-0.345050000,42.975930000,1631.000
-0.345000000,42.975960000,1631.000
-0.344960000,42.975980000,1632.000
-0.344910000,42.976010000,1632.000
-0.344870000,42.976030000,1633.000
-0.344850000,42.976050000,1633.000
-0.344840000,42.976070000,1633.000
-0.344820000,42.976110000,1634.000
-0.344810000,42.976150000,1634.000
-0.344810000,42.976170000,1634.000
-0.344810000,42.976190000,1635.000
-0.344820000,42.976210000,1635.000
-0.344830000,42.976230000,1635.000
-0.344860000,42.976260000,1635.000
-0.344920000,42.976300000,1636.000
-0.345030000,42.976400000,1636.000
-0.345110000,42.976470000,1637.000
-0.345210000,42.976590000,1638.000
-0.345250000,42.976670000,1639.000
-0.345290000,42.976750000,1640.000
-0.345290000,42.976760000,1640.000
-0.345310000,42.976850000,1641.000
-0.345320000,42.976910000,1642.000
-0.345290000,42.977040000,1643.000
-0.345270000,42.977080000,1643.000
-0.345250000,42.977110000,1644.000
-0.345200000,42.977160000,1644.000
-0.345100000,42.977250000,1645.000
-0.344940000,42.977330000,1646.000
-0.344890000,42.977350000,1647.000
-0.344770000,42.977390000,1648.000
-0.344640000,42.977460000,1649.000
-0.344520000,42.977540000,1649.000
-0.344500000,42.977560000,1650.000
-0.344330000,42.977680000,1651.000
-0.344320000,42.977680000,1652.000
-0.344130000,42.977800000,1653.000
-0.343920000,42.977890000,1654.000
-0.343720000,42.977980000,1655.000
-0.343560000,42.978060000,1657.000
-0.343390000,42.978100000,1658.000
-0.343280000,42.978120000,1659.000
-0.343270000,42.978120000,1660.000
-0.343170000,42.978150000,1660.000
-0.343110000,42.978180000,1661.000
-0.343060000,42.978220000,1661.000
-0.343050000,42.978220000,1662.000
-0.343030000,42.978260000,1662.000
-0.343000000,42.978310000,1662.000
-0.342980000,42.978380000,1663.000
-0.342970000,42.978460000,1663.000
-0.342980000,42.978530000,1663.000
-0.343010000,42.978630000,1664.000
-0.343050000,42.978710000,1664.000
-0.343060000,42.978730000,1665.000
-0.343080000,42.978770000,1665.000
-0.343080000,42.978800000,1666.000
-0.343080000,42.978850000,1666.000
-0.343060000,42.978890000,1666.000
-0.343030000,42.978920000,1666.000
-0.343000000,42.978940000,1667.000
-0.342970000,42.978950000,1667.000
-0.342910000,42.978970000,1667.000
-0.342850000,42.978960000,1667.000
-0.342820000,42.978950000,1668.000
-0.342800000,42.978940000,1668.000
-0.342790000,42.978930000,1668.000
-0.342770000,42.978910000,1668.000
-0.342760000,42.978890000,1668.000
-0.342750000,42.978830000,1669.000
-0.342750000,42.978790000,1669.000
-0.342760000,42.978720000,1669.000
-0.342770000,42.978680000,1669.000
-0.342780000,42.978650000,1670.000
-0.342800000,42.978550000,1670.000
-0.342800000,42.978460000,1671.000
-0.342800000,42.978400000,1671.000
-0.342780000,42.978240000,1672.000
-0.342780000,42.978170000,1673.000
-0.342790000,42.978140000,1673.000
-0.342800000,42.978110000,1674.000
-0.342830000,42.978060000,1674.000
-0.342910000,42.977990000,1675.000
-0.342950000,42.977950000,1675.000
-0.343070000,42.977850000,1676.000
-0.343090000,42.977820000,1677.000
-0.343140000,42.977760000,1677.000
-0.343180000,42.977690000,1678.000
-0.343200000,42.977630000,1678.000
-0.343230000,42.977540000,1679.000
-0.343230000,42.977510000,1680.000
-0.343240000,42.977400000,1680.000
-0.343230000,42.977330000,1681.000
-0.343230000,42.977300000,1682.000
-0.343150000,42.977200000,1682.000
-0.343080000,42.977150000,1683.000
-0.343010000,42.977110000,1684.000
-0.342810000,42.977060000,1684.000
-0.342610000,42.977030000,1685.000
-0.342440000,42.977000000,1687.000
-0.342310000,42.976970000,1688.000
-0.342190000,42.976940000,1689.000
-0.342090000,42.976900000,1689.000
-0.342010000,42.976850000,1690.000
-0.341950000,42.976820000,1691.000
-0.341890000,42.976780000,1692.000
-0.341860000,42.976750000,1692.000
-0.341630000,42.976560000,1693.000
-0.341480000,42.976470000,1695.000
-0.341430000,42.976440000,1696.000
-0.341340000,42.976400000,1697.000
-0.341180000,42.976350000,1698.000
-0.340900000,42.976280000,1699.000
-0.340720000,42.976260000,1700.000
-0.340480000,42.976250000,1702.000
-0.340460000,42.976260000,1703.000
-0.340290000,42.976290000,1703.000
-0.340230000,42.976310000,1703.000
-0.340200000,42.976320000,1704.000
-0.340070000,42.976370000,1704.000
-0.339960000,42.976440000,1704.000
-0.339840000,42.976530000,1704.000
-0.339730000,42.976590000,1703.000
-0.339690000,42.976610000,1703.000
-0.339640000,42.976630000,1703.000
-0.339590000,42.976630000,1703.000
-0.339570000,42.976630000,1703.000
-0.339520000,42.976630000,1703.000
-0.339480000,42.976620000,1703.000
-0.339460000,42.976610000,1703.000
-0.339420000,42.976600000,1703.000
-0.339320000,42.976550000,1703.000
-0.339150000,42.976470000,1702.000
-0.339150000,42.976460000,1702.000
-0.339060000,42.976430000,1702.000
-0.339010000,42.976410000,1702.000
-0.338940000,42.976380000,1702.000
-0.338860000,42.976360000,1702.000
-0.338840000,42.976350000,1702.000
-0.338710000,42.976330000,1701.000
-0.338610000,42.976310000,1701.000
-0.338470000,42.976280000,1701.000
-0.338450000,42.976280000,1701.000
-0.338300000,42.976240000,1701.000
-0.338220000,42.976220000,1701.000
-0.338170000,42.976210000,1700.000
-0.338130000,42.976190000,1700.000
-0.338020000,42.976140000,1699.000
-0.338000000,42.976120000,1699.000
-0.337890000,42.976030000,1698.000
-0.337750000,42.975840000,1697.000
-0.337640000,42.975700000,1696.000
-0.337630000,42.975680000,1695.000
-0.337470000,42.975480000,1693.000
-0.337390000,42.975390000,1692.000
-0.337210000,42.975250000,1691.000
-0.337120000,42.975200000,1689.000
-0.337030000,42.975180000,1688.000
-0.336930000,42.975150000,1687.000
-0.336860000,42.975140000,1687.000
-0.336710000,42.975130000,1686.000
-0.336500000,42.975140000,1685.000
-0.336320000,42.975140000,1684.000
-0.335990000,42.975110000,1682.000
-0.335710000,42.975070000,1680.000
-0.335530000,42.975050000,1679.000
-0.335200000,42.975000000,1677.000
-0.334990000,42.974960000,1675.000
-0.334960000,42.974950000,1674.000
-0.334830000,42.974920000,1673.000
-0.334760000,42.974890000,1672.000
-0.334710000,42.974880000,1671.000
-0.334570000,42.974810000,1670.000
-0.334550000,42.974800000,1669.000
-0.334430000,42.974720000,1668.000
-0.334370000,42.974690000,1668.000
-0.334220000,42.974540000,1667.000
-0.334190000,42.974510000,1666.000
-0.334080000,42.974440000,1665.000
-0.334020000,42.974410000,1664.000
-0.333820000,42.974330000,1663.000
-0.333710000,42.974290000,1662.000
-0.333600000,42.974250000,1662.000
-0.333490000,42.974220000,1661.000
-0.333370000,42.974190000,1660.000
-0.333220000,42.974140000,1659.000
-0.333140000,42.974120000,1658.000
-0.333020000,42.974080000,1658.000
-0.332920000,42.974040000,1657.000
-0.332890000,42.974020000,1656.000
-0.332770000,42.973970000,1656.000
-0.332610000,42.973880000,1655.000
-0.332420000,42.973730000,1654.000
-0.332260000,42.973590000,1652.000
-0.332220000,42.973540000,1651.000
-0.332130000,42.973430000,1651.000
-0.332100000,42.973390000,1650.000
-0.332000000,42.973230000,1649.000
-0.331960000,42.973120000,1648.000
-0.331930000,42.972990000,1647.000
-0.331910000,42.972810000,1646.000
-0.331930000,42.972640000,1645.000
-0.331950000,42.972580000,1644.000
-0.331980000,42.972500000,1643.000
-0.332010000,42.972410000,1642.000
-0.332030000,42.972350000,1642.000
-0.332030000,42.972300000,1641.000
-0.332020000,42.972270000,1641.000
-0.332010000,42.972250000,1640.000
-0.331970000,42.972210000,1640.000
-0.331940000,42.972180000,1639.000
-0.331910000,42.972170000,1639.000
-0.331830000,42.972150000,1639.000
-0.331690000,42.972140000,1638.000
-0.331590000,42.972150000,1638.000
-0.331480000,42.972170000,1637.000
-0.331470000,42.972170000,1637.000
-0.331360000,42.972200000,1636.000
-0.331260000,42.972220000,1636.000
-0.331240000,42.972220000,1635.000
-0.331130000,42.972230000,1635.000
-0.331030000,42.972230000,1634.000
-0.330990000,42.972220000,1634.000
-0.330960000,42.972210000,1634.000
-0.330920000,42.972190000,1633.000
-0.330800000,42.972110000,1633.000
-0.330760000,42.972080000,1632.000
-0.330600000,42.972000000,1631.000
-0.330570000,42.971980000,1631.000
-0.330400000,42.971900000,1630.000
-0.330340000,42.971870000,1629.000
-0.330210000,42.971790000,1628.000
-0.330200000,42.971790000,1628.000
-0.330130000,42.971760000,1627.000
-0.330000000,42.971700000,1626.000
-0.329990000,42.971700000,1626.000
-0.329970000,42.971690000,1625.000
-0.329850000,42.971660000,1625.000
-0.329760000,42.971650000,1624.000
-0.329660000,42.971620000,1624.000
-0.329560000,42.971600000,1623.000
-0.329530000,42.971600000,1623.000
-0.329350000,42.971560000,1622.000
-0.329290000,42.971550000,1621.000
-0.329080000,42.971510000,1620.000
-0.329050000,42.971500000,1620.000
-0.328870000,42.971480000,1619.000
-0.328810000,42.971470000,1618.000
-0.328700000,42.971470000,1618.000
-0.328620000,42.971470000,1617.000
-0.328560000,42.971480000,1617.000
-0.328540000,42.971480000,1617.000
-0.328440000,42.971510000,1616.000
-0.328350000,42.971540000,1616.000
-0.328340000,42.971550000,1615.000
-0.328270000,42.971560000,1615.000
-0.328220000,42.971560000,1615.000
-0.328180000,42.971550000,1615.000
-0.328140000,42.971530000,1614.000
-0.328100000,42.971520000,1614.000
-0.328060000,42.971500000,1614.000
-0.328020000,42.971470000,1614.000
-0.327980000,42.971440000,1613.000
-0.327940000,42.971390000,1613.000
-0.327920000,42.971370000,1613.000
-0.327880000,42.971330000,1612.000
-0.327850000,42.971300000,1612.000
-0.327800000,42.971260000,1612.000
-0.327750000,42.971230000,1612.000
-0.327690000,42.971200000,1611.000
-0.327630000,42.971180000,1611.000
-0.327570000,42.971160000,1611.000
-0.327500000,42.971150000,1610.000
-0.327430000,42.971160000,1610.000
-0.327380000,42.971170000,1610.000
-0.327330000,42.971180000,1609.000
-0.327150000,42.971230000,1609.000
-0.327000000,42.971280000,1608.000
-0.326890000,42.971330000,1608.000
-0.326810000,42.971370000,1607.000
-0.326790000,42.971390000,1607.000
-0.326670000,42.971470000,1607.000
-0.326630000,42.971490000,1606.000
-0.326550000,42.971540000,1606.000
-0.326390000,42.971630000,1606.000
-0.326260000,42.971710000,1605.000
-0.326250000,42.971720000,1605.000
-0.326160000,42.971790000,1605.000
-0.326090000,42.971850000,1604.000
-0.326060000,42.971880000,1604.000
-0.325980000,42.971970000,1604.000
-0.325910000,42.972040000,1604.000
-0.325810000,42.972150000,1603.000
-0.325780000,42.972190000,1603.000
-0.325690000,42.972290000,1603.000
-0.325680000,42.972300000,1603.000
-0.325640000,42.972340000,1602.000
-0.325590000,42.972370000,1602.000
-0.325530000,42.972400000,1602.000
-0.325490000,42.972420000,1602.000
-0.325460000,42.972430000,1602.000
-0.325390000,42.972450000,1602.000
-0.325310000,42.972470000,1601.000
-0.325260000,42.972480000,1601.000
-0.325250000,42.972480000,1601.000
-0.325190000,42.972490000,1601.000
-0.325140000,42.972490000,1601.000
-0.325080000,42.972490000,1601.000
-0.325020000,42.972480000,1601.000
-0.324950000,42.972460000,1600.000
-0.324900000,42.972450000,1600.000
-0.324840000,42.972440000,1599.000
-0.324790000,42.972420000,1599.000
-0.324730000,42.972390000,1599.000
-0.324690000,42.972360000,1598.000
-0.324650000,42.972340000,1598.000
-0.324620000,42.972310000,1597.000
-0.324610000,42.972300000,1597.000
-0.324600000,42.972270000,1597.000
-0.324580000,42.972240000,1597.000
-0.324570000,42.972210000,1596.000
-0.324560000,42.972160000,1596.000
-0.324560000,42.972120000,1595.000
-0.324560000,42.972060000,1595.000
-0.324570000,42.972010000,1595.000
-0.324580000,42.971960000,1594.000
-0.324590000,42.971940000,1594.000
-0.324600000,42.971900000,1593.000
-0.324600000,42.971870000,1593.000
-0.324600000,42.971840000,1593.000
-0.324600000,42.971810000,1592.000
-0.324580000,42.971770000,1592.000
-0.324580000,42.971760000,1592.000
-0.324560000,42.971730000,1591.000
-0.324540000,42.971680000,1591.000
-0.324520000,42.971620000,1591.000
-0.324510000,42.971590000,1590.000
-0.324510000,42.971580000,1590.000
-0.324530000,42.971450000,1589.000
-0.324530000,42.971420000,1589.000
-0.324530000,42.971400000,1588.000
-0.324510000,42.971340000,1588.000
-0.324470000,42.971270000,1587.000
-0.324450000,42.971250000,1587.000
-0.324440000,42.971230000,1587.000
-0.324370000,42.971130000,1586.000
-0.324330000,42.971090000,1585.000
-0.324260000,42.971000000,1585.000
-0.324210000,42.970940000,1584.000
-0.324210000,42.970930000,1583.000
-0.324160000,42.970900000,1583.000
-0.324110000,42.970880000,1583.000
-0.324080000,42.970880000,1582.000
-0.324040000,42.970880000,1582.000
-0.323990000,42.970880000,1582.000
-0.323980000,42.970880000,1581.000
-0.323940000,42.970900000,1581.000
-0.323910000,42.970920000,1581.000
-0.323840000,42.970970000,1581.000
-0.323810000,42.971000000,1580.000
-0.323740000,42.971110000,1580.000
-0.323710000,42.971170000,1579.000
-0.323670000,42.971240000,1579.000
-0.323610000,42.971310000,1578.000
-0.323590000,42.971320000,1578.000
-0.323550000,42.971360000,1577.000
-0.323490000,42.971390000,1577.000
-0.323400000,42.971420000,1576.000
-0.323390000,42.971430000,1576.000
-0.323330000,42.971440000,1576.000
-0.323260000,42.971460000,1575.000
-0.323170000,42.971470000,1575.000
-0.323160000,42.971470000,1575.000
-0.323050000,42.971470000,1574.000
-0.322970000,42.971450000,1574.000
-0.322920000,42.971430000,1573.000
-0.322820000,42.971390000,1573.000
-0.322770000,42.971370000,1572.000
-0.322710000,42.971360000,1572.000
-0.322650000,42.971370000,1572.000
-0.322600000,42.971370000,1571.000
-0.322430000,42.971410000,1571.000
-0.322350000,42.971430000,1570.000
-0.322310000,42.971460000,1570.000
-0.322270000,42.971490000,1569.000
-0.322260000,42.971500000,1569.000
-0.322210000,42.971570000,1569.000
-0.322150000,42.971660000,1568.000
-0.322130000,42.971690000,1567.000
-0.322100000,42.971750000,1567.000
-0.322070000,42.971780000,1566.000
-0.322020000,42.971820000,1566.000
-0.321960000,42.971870000,1565.000
-0.321850000,42.971910000,1565.000
-0.321830000,42.971920000,1564.000
-0.321690000,42.971970000,1564.000
-0.321610000,42.972000000,1563.000
-0.321580000,42.972020000,1562.000
-0.321520000,42.972060000,1562.000
-0.321290000,42.972180000,1561.000
-0.321150000,42.972230000,1560.000
-0.321080000,42.972250000,1559.000
-0.320920000,42.972280000,1558.000
-0.320830000,42.972290000,1557.000
-0.320740000,42.972290000,1556.000
-0.320730000,42.972290000,1556.000
-0.320580000,42.972280000,1555.000
-0.320440000,42.972270000,1554.000
-0.320300000,42.972270000,1554.000
-0.320250000,42.972280000,1553.000
-0.320010000,42.972310000,1552.000
-0.319950000,42.972320000,1551.000
-0.319760000,42.972350000,1550.000
-0.319530000,42.972380000,1548.000
-0.319510000,42.972390000,1548.000
-0.319370000,42.972400000,1547.000
-0.319280000,42.972410000,1546.000
-0.319210000,42.972410000,1545.000
-0.318890000,42.972460000,1544.000
-0.318800000,42.972470000,1542.000
-0.318530000,42.972510000,1541.000
-0.318350000,42.972520000,1539.000
-0.318310000,42.972530000,1538.000
-0.318210000,42.972550000,1537.000
-0.318160000,42.972570000,1537.000
-0.318130000,42.972590000,1536.000
-0.318100000,42.972610000,1535.000
-0.318090000,42.972620000,1535.000
-0.318060000,42.972660000,1535.000
-0.318040000,42.972700000,1534.000
-0.318020000,42.972760000,1534.000
-0.318020000,42.972780000,1533.000
-0.318000000,42.972840000,1533.000
-0.317990000,42.972920000,1532.000
-0.317990000,42.972950000,1532.000
-0.317990000,42.973020000,1531.000
-0.317990000,42.973130000,1531.000
-0.318000000,42.973280000,1530.000
-0.318000000,42.973310000,1529.000
-0.318040000,42.973480000,1528.000
-0.318040000,42.973490000,1528.000
-0.318070000,42.973580000,1527.000
-0.318100000,42.973620000,1527.000
-0.318110000,42.973660000,1526.000
-0.318130000,42.973720000,1526.000
-0.318150000,42.973830000,1525.000
-0.318160000,42.973840000,1524.000
-0.318160000,42.973910000,1524.000
-0.318190000,42.974020000,1523.000
-0.318210000,42.974080000,1523.000
-0.318240000,42.974170000,1522.000
-0.318250000,42.974190000,1522.000
-0.318290000,42.974330000,1521.000
-0.318300000,42.974370000,1520.000
-0.318300000,42.974410000,1520.000
-0.318290000,42.974440000,1519.000
-0.318270000,42.974480000,1519.000
-0.318230000,42.974510000,1518.000
-0.318210000,42.974530000,1518.000
-0.318140000,42.974580000,1518.000
-0.318080000,42.974660000,1517.000
-0.318070000,42.974670000,1517.000
-0.317990000,42.974770000,1517.000
-0.317970000,42.974840000,1516.000
-0.317930000,42.974940000,1515.000
-0.317900000,42.975010000,1515.000
-0.317850000,42.975100000,1514.000
-0.317800000,42.975170000,1514.000
-0.317750000,42.975240000,1513.000
-0.317670000,42.975330000,1513.000
-0.317600000,42.975390000,1512.000
-0.317520000,42.975450000,1512.000
-0.317510000,42.975460000,1511.000
-0.317440000,42.975490000,1511.000
-0.317350000,42.975540000,1510.000
-0.317300000,42.975560000,1510.000
-0.317260000,42.975580000,1510.000
-0.317200000,42.975600000,1509.000
-0.317080000,42.975640000,1509.000
-0.317070000,42.975640000,1508.000
-0.316980000,42.975670000,1508.000
-0.316880000,42.975680000,1508.000
-0.316850000,42.975690000,1507.000
-0.316810000,42.975700000,1507.000
-0.316730000,42.975710000,1507.000
-0.316630000,42.975710000,1506.000
-0.316600000,42.975710000,1506.000
-0.316490000,42.975720000,1506.000
-0.316360000,42.975710000,1505.000
-0.316280000,42.975700000,1505.000
-0.316110000,42.975690000,1504.000
-0.316060000,42.975690000,1504.000
-0.315910000,42.975680000,1504.000
-0.315870000,42.975680000,1503.000
-0.315730000,42.975670000,1503.000
-0.315620000,42.975660000,1502.000
-0.315600000,42.975660000,1502.000
-0.315360000,42.975650000,1502.000
-0.315220000,42.975660000,1501.000
-0.315130000,42.975660000,1500.000
-0.315030000,42.975660000,1500.000
-0.314940000,42.975650000,1500.000
-0.314890000,42.975650000,1499.000
-0.314880000,42.975640000,1499.000
-0.314830000,42.975630000,1499.000
-0.314780000,42.975610000,1498.000
-0.314740000,42.975590000,1498.000
-0.314680000,42.975570000,1498.000
-0.314670000,42.975570000,1498.000
-0.314650000,42.975570000,1498.000
-0.314620000,42.975570000,1498.000
-0.314580000,42.975570000,1497.000
-0.314530000,42.975580000,1497.000
-0.314490000,42.975600000,1497.000
-0.314440000,42.975620000,1497.000
-0.314420000,42.975630000,1497.000
-0.314320000,42.975680000,1496.000
-0.314280000,42.975690000,1496.000
-0.314260000,42.975690000,1496.000
-0.314220000,42.975700000,1496.000
-0.314080000,42.975720000,1496.000
-0.314010000,42.975730000,1495.000
-0.313980000,42.975730000,1495.000
-0.313930000,42.975730000,1495.000
-0.313860000,42.975740000,1495.000
-0.313730000,42.975740000,1495.000
-0.313720000,42.975740000,1494.000
-0.313630000,42.975750000,1494.000
-0.313540000,42.975750000,1494.000
-0.313490000,42.975750000,1494.000
-0.313440000,42.975740000,1494.000
-0.313300000,42.975690000,1493.000
-0.313260000,42.975680000,1493.000
-0.313150000,42.975640000,1493.000
-0.313020000,42.975630000,1493.000
-0.313010000,42.975630000,1492.000
-0.312930000,42.975620000,1492.000
-0.312860000,42.975630000,1492.000
-0.312800000,42.975640000,1492.000
-0.312780000,42.975640000,1492.000
-0.312740000,42.975660000,1491.000
-0.312680000,42.975680000,1491.000
-0.312640000,42.975700000,1491.000
-0.312570000,42.975730000,1491.000
-0.312410000,42.975810000,1491.000
-0.312360000,42.975830000,1490.000
-0.312250000,42.975870000,1490.000
-0.312130000,42.975900000,1490.000
-0.312110000,42.975900000,1490.000
-0.311900000,42.975950000,1489.000
-0.311890000,42.975950000,1489.000
-0.311660000,42.976000000,1488.000
-0.311650000,42.976000000,1487.000
-0.311510000,42.976030000,1486.000
-0.311430000,42.976050000,1485.000
-0.311410000,42.976060000,1485.000
-0.311290000,42.976100000,1484.000
-0.311220000,42.976110000,1483.000
-0.311200000,42.976120000,1482.000
-0.311070000,42.976150000,1481.000
-0.310960000,42.976160000,1480.000
-0.310930000,42.976160000,1479.000
-0.310720000,42.976180000,1478.000
-0.310660000,42.976190000,1477.000
-0.310550000,42.976190000,1476.000
-0.310480000,42.976180000,1475.000
-0.310470000,42.976180000,1474.000
-0.310410000,42.976170000,1474.000
-0.310350000,42.976130000,1473.000
-0.310280000,42.976070000,1472.000
-0.310180000,42.975980000,1471.000
-0.310140000,42.975930000,1470.000
-0.310130000,42.975910000,1469.000
-0.310080000,42.975860000,1468.000
-0.309990000,42.975790000,1467.000
-0.309980000,42.975780000,1466.000
-0.309840000,42.975690000,1465.000
-0.309660000,42.975570000,1464.000
-0.309510000,42.975480000,1462.000
-0.309430000,42.975440000,1461.000
-0.309230000,42.975330000,1461.000
-0.309210000,42.975320000,1460.000
-0.309050000,42.975210000,1459.000
-0.309000000,42.975160000,1459.000
-0.308900000,42.975060000,1458.000
-0.308850000,42.975010000,1458.000
-0.308760000,42.974920000,1457.000
-0.308720000,42.974870000,1457.000
-0.308650000,42.974820000,1457.000
-0.308600000,42.974780000,1456.000
-0.308490000,42.974720000,1456.000
-0.308350000,42.974650000,1455.000
-0.308200000,42.974580000,1455.000
-0.308190000,42.974570000,1455.000
-0.308080000,42.974530000,1454.000
-0.308000000,42.974500000,1454.000
-0.307950000,42.974490000,1454.000
-0.307900000,42.974490000,1453.000
-0.307820000,42.974490000,1453.000
-0.307760000,42.974500000,1453.000
-0.307740000,42.974510000,1453.000
-0.307620000,42.974570000,1452.000
-0.307500000,42.974620000,1452.000
-0.307390000,42.974650000,1451.000
-0.307340000,42.974660000,1451.000
-0.307110000,42.974690000,1450.000
-0.306860000,42.974730000,1449.000
-0.306820000,42.974740000,1448.000
-0.306570000,42.974760000,1447.000
-0.306520000,42.974770000,1447.000
-0.306200000,42.974810000,1446.000
-0.306090000,42.974820000,1445.000
-0.305960000,42.974830000,1444.000
-0.305840000,42.974820000,1443.000
-0.305830000,42.974820000,1443.000
-0.305730000,42.974790000,1442.000
-0.305680000,42.974770000,1441.000
-0.305630000,42.974740000,1441.000
-0.305570000,42.974690000,1441.000
-0.305500000,42.974630000,1440.000
-0.305460000,42.974560000,1440.000
-0.305400000,42.974470000,1439.000
-0.305310000,42.974340000,1439.000
-0.305260000,42.974280000,1439.000
-0.305220000,42.974230000,1439.000
-0.305110000,42.974170000,1440.000
-0.305090000,42.974150000,1440.000
-0.304970000,42.974070000,1440.000
-0.304910000,42.974030000,1440.000
-0.304790000,42.973940000,1440.000
-0.304740000,42.973890000,1440.000
-0.304720000,42.973870000,1441.000
-0.304700000,42.973830000,1441.000
-0.304690000,42.973790000,1441.000
-0.304690000,42.973720000,1441.000
-0.304690000,42.973670000,1441.000
-0.304700000,42.973560000,1441.000
-0.304700000,42.973540000,1442.000
-0.304690000,42.973500000,1442.000
-0.304660000,42.973440000,1442.000
-0.304620000,42.973370000,1442.000
-0.304610000,42.973350000,1442.000
-0.304530000,42.973270000,1442.000
-0.304500000,42.973220000,1442.000
-0.304490000,42.973190000,1443.000
-0.304490000,42.973160000,1443.000
-0.304490000,42.973130000,1443.000
-0.304500000,42.973080000,1443.000
-0.304520000,42.973040000,1443.000
-0.304520000,42.973030000,1443.000
-0.304530000,42.972980000,1443.000
-0.304540000,42.972900000,1443.000
-0.304530000,42.972860000,1443.000
-0.304530000,42.972840000,1443.000
-0.304510000,42.972800000,1443.000
-0.304490000,42.972770000,1443.000
-0.304430000,42.972700000,1443.000
-0.304410000,42.972670000,1443.000
-0.304320000,42.972610000,1442.000
-0.304260000,42.972570000,1442.000
-0.304250000,42.972560000,1442.000
-0.304110000,42.972460000,1442.000
-0.303940000,42.972360000,1441.000
-0.303900000,42.972340000,1441.000
-0.303810000,42.972300000,1441.000
-0.303710000,42.972230000,1440.000
-0.303700000,42.972230000,1440.000
-0.303650000,42.972180000,1440.000
-0.303550000,42.972090000,1440.000
-0.303540000,42.972080000,1439.000
-0.303460000,42.972020000,1439.000
-0.303360000,42.971970000,1439.000
-0.303350000,42.971960000,1439.000
-0.303280000,42.971920000,1438.000
-0.303090000,42.971800000,1438.000
-0.302870000,42.971670000,1438.000
-0.302790000,42.971640000,1437.000
-0.302700000,42.971600000,1437.000
-0.302490000,42.971490000,1436.000
-0.302390000,42.971420000,1436.000
-0.302330000,42.971380000,1435.000
-0.302210000,42.971300000,1435.000
-0.302160000,42.971260000,1434.000
-0.302070000,42.971190000,1434.000
-0.302050000,42.971160000,1433.000
-0.302030000,42.971130000,1433.000
-0.301940000,42.971000000,1433.000
-0.301910000,42.970960000,1432.000
-0.301820000,42.970860000,1432.000
-0.301730000,42.970770000,1431.000
-0.301690000,42.970720000,1431.000
-0.301570000,42.970560000,1430.000
-0.301550000,42.970550000,1430.000
-0.301450000,42.970430000,1429.000
-0.301420000,42.970400000,1429.000
-0.301390000,42.970370000,1429.000
-0.301340000,42.970330000,1428.000
-0.301290000,42.970280000,1428.000
-0.301250000,42.970260000,1428.000
-0.301220000,42.970240000,1428.000
-0.301180000,42.970220000,1428.000
-0.301130000,42.970210000,1428.000
-0.301090000,42.970190000,1427.000
-0.301040000,42.970180000,1427.000
-0.301030000,42.970180000,1427.000
-0.300900000,42.970160000,1427.000
-0.300850000,42.970140000,1427.000
-0.300820000,42.970130000,1427.000
-0.300800000,42.970120000,1427.000
-0.300780000,42.970120000,1427.000
-0.300750000,42.970100000,1427.000
-0.300710000,42.970070000,1427.000
-0.300680000,42.970050000,1427.000
-0.300660000,42.970020000,1427.000
-0.300640000,42.970000000,1427.000
-0.300640000,42.969980000,1427.000
-0.300630000,42.969960000,1427.000
-0.300630000,42.969950000,1427.000
-0.300630000,42.969930000,1427.000
-0.300630000,42.969910000,1427.000
-0.300640000,42.969900000,1427.000
-0.300680000,42.969850000,1427.000
-0.300690000,42.969830000,1427.000
-0.300820000,42.969670000,1427.000
-0.300940000,42.969520000,1427.000
-0.300960000,42.969500000,1426.000
-0.301060000,42.969360000,1426.000
-0.301150000,42.969220000,1426.000
-0.301260000,42.969080000,1426.000
-0.301290000,42.969040000,1426.000
-0.301420000,42.968890000,1426.000
-0.301430000,42.968890000,1426.000
-0.301550000,42.968740000,1425.000
-0.301570000,42.968710000,1425.000
-0.301620000,42.968670000,1424.000
-0.301660000,42.968620000,1424.000
-0.301700000,42.968600000,1423.000
-0.301720000,42.968590000,1423.000
-0.301790000,42.968550000,1423.000
-0.301890000,42.968480000,1422.000
-0.301900000,42.968480000,1422.000
-0.301990000,42.968420000,1421.000
-0.302050000,42.968390000,1421.000
-0.302070000,42.968370000,1420.000
-0.302080000,42.968360000,1420.000
-0.302090000,42.968340000,1420.000
-0.302110000,42.968310000,1419.000
-0.302120000,42.968280000,1419.000
-0.302130000,42.968240000,1419.000
-0.302130000,42.968190000,1418.000
-0.302120000,42.968150000,1418.000
-0.302110000,42.968110000,1418.000
-0.302070000,42.968020000,1417.000
-0.302060000,42.967980000,1417.000
-0.302050000,42.967930000,1416.000
-0.302060000,42.967890000,1416.000
-0.302070000,42.967840000,1416.000
-0.302080000,42.967800000,1415.000
-0.302120000,42.967720000,1415.000
-0.302210000,42.967610000,1414.000
-0.302310000,42.967490000,1413.000
-0.302340000,42.967460000,1412.000
-0.302480000,42.967310000,1411.000
-0.302490000,42.967310000,1411.000
-0.302620000,42.967160000,1410.000
-0.302640000,42.967140000,1410.000
-0.302730000,42.967000000,1409.000
-0.302770000,42.966930000,1409.000
-0.302800000,42.966830000,1408.000
-0.302790000,42.966750000,1408.000
-0.302780000,42.966660000,1408.000
-0.302770000,42.966650000,1408.000
-0.302740000,42.966570000,1407.000
-0.302670000,42.966490000,1407.000
-0.302670000,42.966480000,1407.000
-0.302570000,42.966420000,1407.000
-0.302480000,42.966380000,1406.000
-0.302450000,42.966360000,1406.000
-0.302280000,42.966290000,1406.000
-0.302080000,42.966190000,1405.000
-0.301950000,42.966110000,1405.000
-0.301880000,42.966070000,1405.000
-0.301870000,42.966050000,1405.000
-0.301850000,42.966020000,1404.000
-0.301840000,42.965970000,1404.000
-0.301840000,42.965900000,1404.000
-0.301850000,42.965840000,1404.000
-0.301890000,42.965780000,1403.000
-0.301910000,42.965750000,1403.000
-0.301990000,42.965650000,1402.000
-0.302020000,42.965590000,1402.000
-0.302080000,42.965520000,1401.000
-0.302180000,42.965350000,1401.000
-0.302250000,42.965240000,1400.000
-0.302330000,42.965150000,1399.000
-0.302410000,42.965050000,1398.000
-0.302480000,42.964960000,1398.000
-0.302500000,42.964930000,1397.000
-0.302600000,42.964800000,1396.000
-0.302630000,42.964760000,1396.000
-0.302720000,42.964680000,1395.000
-0.302750000,42.964660000,1394.000
-0.302790000,42.964620000,1394.000
-0.302830000,42.964570000,1393.000
-0.302860000,42.964530000,1393.000
-0.302900000,42.964470000,1393.000
-0.302950000,42.964410000,1392.000
-0.302970000,42.964380000,1392.000
-0.302990000,42.964360000,1391.000
-0.303050000,42.964340000,1391.000
-0.303120000,42.964300000,1391.000
-0.303190000,42.964240000,1391.000
-0.303220000,42.964190000,1390.000
-0.303240000,42.964150000,1390.000
-0.303260000,42.964110000,1390.000
-0.303260000,42.964080000,1390.000
-0.303270000,42.964020000,1390.000
-0.303280000,42.963940000,1390.000
-0.303290000,42.963890000,1389.000
-0.303290000,42.963870000,1389.000
-0.303310000,42.963820000,1389.000
-0.303300000,42.963790000,1389.000
-0.303290000,42.963760000,1389.000
-0.303270000,42.963740000,1389.000
-0.303250000,42.963720000,1389.000
-0.303190000,42.963680000,1389.000
-0.303110000,42.963650000,1389.000
-0.302980000,42.963610000,1388.000
-0.302910000,42.963600000,1388.000
-0.302570000,42.963510000,1388.000
-0.302550000,42.963500000,1388.000
-0.302340000,42.963460000,1387.000
-0.302310000,42.963450000,1387.000
-0.302100000,42.963400000,1387.000
-0.302010000,42.963380000,1386.000
-0.301870000,42.963360000,1386.000
-0.301820000,42.963350000,1386.000
-0.301680000,42.963300000,1386.000
-0.301570000,42.963270000,1385.000
-0.301420000,42.963210000,1385.000
-0.301380000,42.963200000,1385.000
-0.301200000,42.963140000,1384.000
-0.301150000,42.963120000,1384.000
-0.301050000,42.963080000,1383.000
-0.300970000,42.963050000,1383.000
-0.300750000,42.962990000,1383.000
-0.300730000,42.962990000,1382.000
-0.300560000,42.962930000,1382.000
-0.300530000,42.962910000,1382.000
-0.300460000,42.962880000,1381.000
-0.300330000,42.962810000,1381.000
-0.300320000,42.962810000,1381.000
-0.300190000,42.962760000,1380.000
-0.300100000,42.962740000,1380.000
-0.299920000,42.962710000,1380.000
-0.299860000,42.962700000,1379.000
-0.299760000,42.962690000,1379.000
-0.299660000,42.962660000,1379.000
-0.299510000,42.962620000,1378.000
-0.299470000,42.962600000,1378.000
-0.299430000,42.962590000,1378.000
-0.299400000,42.962570000,1378.000
-0.299370000,42.962550000,1377.000
-0.299250000,42.962470000,1377.000
-0.299220000,42.962450000,1377.000
-0.299140000,42.962410000,1377.000
-0.299020000,42.962360000,1377.000
-0.299010000,42.962350000,1377.000
-0.298990000,42.962340000,1377.000
-0.298960000,42.962330000,1377.000
-0.298930000,42.962310000,1376.000
-0.298910000,42.962290000,1376.000
-0.298840000,42.962230000,1376.000
-0.298780000,42.962180000,1376.000
-0.298740000,42.962150000,1376.000
-0.298690000,42.962130000,1376.000
-0.298660000,42.962110000,1376.000
-0.298510000,42.962030000,1376.000
-0.298460000,42.962010000,1376.000
-0.298200000,42.961880000,1375.000
-0.298060000,42.961810000,1375.000
-0.298010000,42.961780000,1375.000
-0.297970000,42.961760000,1375.000
-0.297940000,42.961740000,1375.000
-0.297920000,42.961720000,1374.000
-0.297900000,42.961690000,1374.000
-0.297890000,42.961670000,1374.000
-0.297880000,42.961670000,1374.000
-0.297870000,42.961640000,1374.000
-0.297850000,42.961600000,1374.000
-0.297800000,42.961500000,1374.000
-0.297760000,42.961430000,1374.000
-0.297720000,42.961360000,1374.000
-0.297700000,42.961340000,1374.000
-0.297670000,42.961310000,1373.000
-0.297630000,42.961250000,1373.000
-0.297590000,42.961210000,1373.000
-0.297570000,42.961190000,1373.000
-0.297450000,42.961070000,1373.000
-0.297420000,42.961040000,1373.000
-0.297410000,42.961030000,1373.000
-0.297370000,42.960990000,1373.000
-0.297320000,42.960960000,1373.000
-0.297270000,42.960930000,1373.000
-0.297210000,42.960900000,1373.000
-0.297040000,42.960820000,1372.000
-0.296830000,42.960730000,1372.000
-0.296810000,42.960720000,1372.000
-0.296620000,42.960650000,1372.000
-0.296420000,42.960570000,1372.000
-0.296400000,42.960560000,1372.000
-0.296330000,42.960530000,1371.000
-0.296240000,42.960490000,1371.000
-0.296130000,42.960440000,1371.000
-0.296020000,42.960370000,1371.000
-0.295930000,42.960300000,1371.000
-0.295860000,42.960240000,1371.000
-0.295830000,42.960220000,1371.000
-0.295820000,42.960200000,1371.000
-0.295800000,42.960190000,1370.000
-0.295780000,42.960120000,1370.000
-0.295730000,42.960010000,1370.000
-0.295720000,42.959990000,1370.000
-0.295700000,42.959940000,1370.000
-0.295680000,42.959880000,1370.000
-0.295630000,42.959800000,1370.000
-0.295570000,42.959730000,1369.000
-0.295530000,42.959690000,1369.000
-0.295510000,42.959680000,1369.000
-0.295440000,42.959620000,1369.000
-0.295360000,42.959570000,1369.000
-0.295350000,42.959560000,1369.000
-0.295290000,42.959530000,1368.000
-0.295200000,42.959490000,1368.000
-0.295080000,42.959450000,1368.000
-0.295000000,42.959430000,1368.000
-0.294910000,42.959410000,1368.000
-0.294820000,42.959400000,1368.000
-0.294660000,42.959390000,1367.000
-0.294590000,42.959380000,1367.000
-0.294550000,42.959380000,1367.000
-0.294500000,42.959370000,1367.000
-0.294460000,42.959350000,1367.000
-0.294300000,42.959260000,1366.000
-0.294240000,42.959220000,1366.000
-0.294200000,42.959200000,1366.000
-0.294100000,42.959120000,1366.000
-0.294070000,42.959090000,1366.000
-0.293940000,42.958970000,1366.000
-0.293910000,42.958950000,1365.000
-0.293770000,42.958840000,1365.000
-0.293670000,42.958780000,1365.000
-0.293550000,42.958730000,1365.000
-0.293540000,42.958720000,1365.000
-0.293480000,42.958700000,1365.000
-0.293390000,42.958660000,1365.000
-0.293330000,42.958620000,1365.000
-0.293310000,42.958610000,1365.000
-0.293240000,42.958570000,1365.000
-0.293180000,42.958510000,1365.000
-0.293130000,42.958460000,1365.000
-0.293060000,42.958380000,1364.000
-0.293040000,42.958360000,1364.000
-0.292990000,42.958330000,1364.000
-0.292950000,42.958320000,1364.000
-0.292900000,42.958300000,1364.000
-0.292830000,42.958290000,1364.000
-0.292800000,42.958290000,1364.000
-0.292780000,42.958280000,1364.000
-0.292740000,42.958280000,1364.000
-0.292690000,42.958280000,1364.000
-0.292560000,42.958310000,1364.000
-0.292550000,42.958310000,1364.000
-0.292500000,42.958320000,1364.000
-0.292440000,42.958330000,1364.000
-0.292380000,42.958330000,1364.000
-0.292320000,42.958320000,1364.000
-0.292310000,42.958320000,1364.000
-0.292270000,42.958320000,1364.000
-0.292220000,42.958310000,1364.000
-0.292150000,42.958290000,1364.000
-0.292080000,42.958270000,1364.000
-0.292080000,42.958260000,1364.000
-0.292000000,42.958230000,1364.000
-0.291930000,42.958190000,1364.000
-0.291880000,42.958160000,1364.000
-0.291840000,42.958130000,1364.000
-0.291800000,42.958110000,1364.000
-0.291760000,42.958090000,1364.000
-0.291720000,42.958070000,1364.000
-0.291680000,42.958070000,1364.000
-0.291640000,42.958060000,1364.000
-0.291600000,42.958060000,1364.000
-0.291550000,42.958060000,1364.000
-0.291490000,42.958060000,1364.000
-0.291430000,42.958070000,1364.000
-0.291320000,42.958080000,1364.000
-0.291270000,42.958080000,1364.000
-0.291220000,42.958080000,1364.000
-0.291190000,42.958070000,1364.000
-0.291160000,42.958060000,1364.000
-0.291130000,42.958040000,1364.000
-0.291100000,42.958030000,1364.000
-0.291070000,42.958000000,1364.000
-0.291050000,42.957970000,1364.000
-0.291040000,42.957940000,1364.000
-0.291030000,42.957910000,1364.000
-0.291010000,42.957790000,1364.000
-0.291010000,42.957760000,1364.000
-0.291000000,42.957730000,1364.000
-0.290970000,42.957700000,1364.000
-0.290940000,42.957670000,1364.000
-0.290890000,42.957630000,1364.000
-0.290870000,42.957620000,1364.000
-0.290830000,42.957600000,1364.000
-0.290680000,42.957500000,1364.000
-0.290610000,42.957450000,1364.000
-0.290590000,42.957440000,1364.000
-0.290580000,42.957420000,1364.000
-0.290590000,42.957290000,1364.000
-0.290590000,42.957240000,1364.000
-0.290600000,42.957170000,1364.000
-0.290620000,42.957080000,1363.000
-0.290640000,42.956990000,1363.000
-0.290660000,42.956880000,1363.000
-0.290670000,42.956810000,1363.000
-0.290670000,42.956760000,1363.000
-0.290680000,42.956650000,1362.000
-0.290680000,42.956630000,1362.000
-0.290690000,42.956570000,1362.000
-0.290700000,42.956500000,1362.000
-0.290700000,42.956450000,1361.000
-0.290710000,42.956420000,1361.000
-0.290710000,42.956350000,1361.000
-0.290720000,42.956290000,1361.000
-0.290720000,42.956280000,1361.000
-0.290720000,42.956270000,1361.000
-0.290720000,42.956230000,1361.000
-0.290710000,42.956160000,1360.000
-0.290700000,42.956110000,1360.000
-0.290690000,42.956100000,1360.000
-0.290660000,42.956040000,1360.000
-0.290660000,42.956030000,1360.000
-0.290630000,42.955970000,1360.000
-0.290620000,42.955940000,1360.000
-0.290610000,42.955930000,1360.000
-0.290600000,42.955900000,1359.000
-0.290570000,42.955860000,1359.000
-0.290570000,42.955850000,1359.000
-0.290540000,42.955810000,1359.000
-0.290510000,42.955790000,1359.000
-0.290420000,42.955710000,1359.000
-0.290340000,42.955650000,1359.000
-0.290330000,42.955640000,1358.000
-0.290290000,42.955610000,1358.000
-0.290260000,42.955580000,1358.000
-0.290190000,42.955510000,1358.000
-0.290170000,42.955500000,1358.000
-0.290110000,42.955440000,1358.000
-0.290060000,42.955390000,1358.000
-0.290030000,42.955370000,1358.000
-0.290020000,42.955360000,1358.000
-0.289880000,42.955210000,1358.000
-0.289860000,42.955180000,1358.000
-0.289710000,42.955060000,1358.000
-0.289630000,42.955010000,1358.000
-0.289570000,42.955000000,1358.000
-0.289510000,42.954990000,1358.000
-0.289490000,42.954990000,1358.000
-0.289390000,42.954990000,1358.000
-0.289330000,42.954990000,1358.000
-0.289280000,42.954970000,1358.000
-0.289270000,42.954970000,1358.000
-0.289220000,42.954940000,1358.000
-0.289190000,42.954920000,1358.000
-0.289160000,42.954900000,1358.000
-0.289090000,42.954850000,1358.000
-0.289040000,42.954810000,1358.000
-0.288940000,42.954710000,1358.000
-0.288890000,42.954660000,1358.000
-0.288780000,42.954570000,1358.000
-0.288750000,42.954540000,1358.000
-0.288720000,42.954510000,1358.000
-0.288680000,42.954480000,1358.000
-0.288630000,42.954450000,1358.000
-0.288600000,42.954440000,1358.000
-0.288530000,42.954410000,1358.000
-0.288450000,42.954390000,1358.000
-0.288380000,42.954370000,1358.000
-0.288280000,42.954360000,1358.000
-0.288240000,42.954360000,1359.000
-0.288150000,42.954350000,1359.000
-0.288080000,42.954340000,1359.000
-0.288040000,42.954330000,1359.000
-0.288030000,42.954330000,1359.000
-0.287940000,42.954310000,1359.000
-0.287900000,42.954300000,1359.000
-0.287850000,42.954280000,1359.000
-0.287680000,42.954220000,1359.000
-0.287460000,42.954140000,1359.000
-0.287240000,42.954060000,1359.000
-0.287040000,42.953990000,1359.000
-0.287030000,42.953980000,1359.000
-0.287020000,42.953980000,1359.000
-0.286930000,42.953950000,1359.000
-0.286880000,42.953930000,1359.000
-0.286830000,42.953920000,1359.000
-0.286820000,42.953920000,1359.000
-0.286780000,42.953920000,1359.000
-0.286750000,42.953920000,1359.000
-0.286700000,42.953930000,1359.000
-0.286690000,42.953930000,1359.000
-0.286660000,42.953940000,1359.000
-0.286610000,42.953960000,1359.000
-0.286590000,42.953970000,1359.000
-0.286570000,42.953980000,1359.000
-0.286460000,42.954040000,1359.000
-0.286420000,42.954070000,1359.000
-0.286390000,42.954080000,1359.000
-0.286370000,42.954090000,1359.000
-0.286360000,42.954100000,1359.000
-0.286300000,42.954120000,1359.000
-0.286200000,42.954160000,1359.000
-0.286100000,42.954200000,1359.000
-0.285930000,42.954260000,1359.000
-0.285890000,42.954280000,1359.000
-0.285850000,42.954290000,1359.000
-0.285800000,42.954320000,1359.000
-0.285770000,42.954340000,1359.000
-0.285750000,42.954350000,1359.000
-0.285660000,42.954400000,1359.000
-0.285640000,42.954410000,1359.000
-0.285540000,42.954460000,1359.000
-0.285450000,42.954510000,1359.000
-0.285390000,42.954530000,1359.000
-0.285340000,42.954550000,1359.000
-0.285330000,42.954560000,1359.000
-0.285170000,42.954620000,1358.000
-0.285100000,42.954650000,1358.000
-0.285030000,42.954680000,1358.000
-0.285020000,42.954690000,1358.000
-0.284970000,42.954720000,1358.000
-0.284910000,42.954750000,1358.000
-0.284840000,42.954800000,1358.000
-0.284810000,42.954810000,1358.000
-0.284740000,42.954850000,1358.000
-0.284640000,42.954910000,1358.000
-0.284620000,42.954920000,1357.000
-0.284570000,42.954940000,1357.000
-0.284520000,42.954960000,1357.000
-0.284510000,42.954970000,1357.000
-0.284420000,42.954990000,1357.000
-0.284330000,42.955010000,1357.000
-0.284310000,42.955020000,1357.000
-0.284290000,42.955020000,1357.000
-0.284090000,42.955060000,1357.000
-0.284050000,42.955060000,1357.000
-0.284040000,42.955060000,1357.000
-0.283990000,42.955070000,1357.000
-0.283940000,42.955070000,1357.000
-0.283890000,42.955070000,1357.000
-0.283840000,42.955060000,1357.000
-0.283810000,42.955060000,1357.000
-0.283800000,42.955050000,1357.000
-0.283750000,42.955040000,1357.000
-0.283700000,42.955030000,1357.000
-0.283600000,42.954970000,1357.000
-0.283590000,42.954970000,1357.000
-0.283540000,42.954950000,1357.000
-0.283500000,42.954940000,1357.000
-0.283500000,42.954930000,1357.000
-0.283470000,42.954920000,1358.000
-0.283390000,42.954910000,1358.000
-0.283360000,42.954920000,1358.000
-0.283320000,42.954920000,1358.000
-0.283290000,42.954920000,1358.000
-0.283230000,42.954930000,1358.000
-0.283160000,42.954950000,1358.000
-0.283140000,42.954950000,1358.000
-0.283120000,42.954950000,1358.000
-0.283060000,42.954960000,1358.000
-0.282970000,42.954970000,1358.000
-0.282900000,42.954970000,1359.000
-0.282880000,42.954970000,1359.000
-0.282870000,42.954970000,1359.000
-0.282780000,42.954970000,1359.000
-0.282630000,42.954980000,1359.000
-0.282620000,42.954980000,1359.000
-0.282530000,42.954980000,1359.000
-0.282470000,42.954990000,1359.000
-0.282430000,42.954990000,1360.000
-0.282410000,42.954990000,1360.000
-0.282390000,42.954990000,1360.000
-0.282340000,42.954990000,1360.000
-0.282240000,42.955000000,1360.000
-0.282140000,42.955010000,1360.000
-0.282080000,42.955020000,1360.000
-0.281980000,42.955030000,1360.000
-0.281900000,42.955030000,1361.000
-0.281770000,42.955040000,1361.000
-0.281680000,42.955030000,1361.000
-0.281670000,42.955030000,1361.000
-0.281650000,42.955030000,1361.000
-0.281590000,42.955020000,1361.000
-0.281470000,42.954990000,1362.000
-0.281440000,42.954980000,1362.000
-0.281340000,42.954940000,1363.000
-0.281220000,42.954900000,1363.000
-0.281200000,42.954900000,1364.000
-0.281120000,42.954880000,1364.000
-0.281040000,42.954890000,1365.000
-0.280970000,42.954900000,1366.000
-0.280810000,42.954970000,1366.000
-0.280770000,42.954990000,1367.000
-0.280560000,42.955090000,1368.000
-0.280540000,42.955100000,1369.000
-0.280530000,42.955110000,1370.000
-0.280440000,42.955140000,1370.000
-0.280350000,42.955170000,1371.000
-0.280270000,42.955190000,1372.000
-0.280180000,42.955210000,1372.000
-0.280110000,42.955220000,1373.000
-0.280040000,42.955230000,1374.000
-0.279870000,42.955260000,1374.000
-0.279860000,42.955270000,1375.000
-0.279850000,42.955270000,1376.000
-0.279630000,42.955300000,1376.000
-0.279470000,42.955320000,1377.000
-0.279210000,42.955350000,1379.000
-0.279120000,42.955350000,1380.000
-0.278970000,42.955370000,1381.000
-0.278900000,42.955370000,1382.000
-0.278650000,42.955380000,1383.000
-0.278630000,42.955390000,1384.000
-0.278380000,42.955410000,1385.000
-0.278160000,42.955420000,1386.000
-0.278100000,42.955420000,1387.000
-0.278010000,42.955420000,1388.000
-0.277920000,42.955410000,1389.000
-0.277770000,42.955370000,1390.000
-0.277680000,42.955360000,1390.000
-0.277650000,42.955350000,1391.000
-0.277530000,42.955320000,1392.000
-0.277430000,42.955320000,1392.000
-0.277350000,42.955320000,1393.000
-0.277270000,42.955340000,1394.000
-0.277210000,42.955360000,1394.000
-0.277200000,42.955370000,1394.000
-0.277120000,42.955420000,1395.000
-0.277040000,42.955490000,1396.000
-0.277030000,42.955500000,1396.000
-0.276900000,42.955640000,1397.000
-0.276820000,42.955720000,1398.000
-0.276770000,42.955760000,1399.000
-0.276560000,42.955960000,1400.000
-0.276400000,42.956160000,1402.000
-0.276340000,42.956240000,1403.000
-0.276260000,42.956360000,1404.000
-0.276230000,42.956410000,1405.000
-0.276200000,42.956460000,1406.000
-0.276190000,42.956500000,1407.000
-0.276190000,42.956540000,1408.000
-0.276200000,42.956590000,1408.000
-0.276230000,42.956670000,1409.000
-0.276260000,42.956750000,1410.000
-0.276260000,42.956760000,1410.000
-0.276290000,42.956830000,1411.000
-0.276300000,42.956880000,1411.000
-0.276310000,42.956930000,1412.000
-0.276310000,42.956990000,1412.000
-0.276310000,42.957100000,1413.000
-0.276330000,42.957220000,1414.000
-0.276340000,42.957260000,1415.000
-0.276340000,42.957280000,1415.000
-0.276350000,42.957300000,1416.000
-0.276370000,42.957340000,1416.000
-0.276390000,42.957370000,1417.000
-0.276450000,42.957460000,1417.000
-0.276490000,42.957510000,1418.000
-0.276540000,42.957580000,1418.000
-0.276560000,42.957610000,1419.000
-0.276580000,42.957630000,1419.000
-0.276590000,42.957660000,1420.000
-0.276600000,42.957690000,1420.000
-0.276610000,42.957720000,1420.000
-0.276600000,42.957740000,1421.000
-0.276590000,42.957770000,1421.000
-0.276590000,42.957780000,1421.000
-0.276580000,42.957790000,1421.000
-0.276560000,42.957810000,1422.000
-0.276530000,42.957830000,1422.000
-0.276490000,42.957850000,1422.000
-0.276450000,42.957870000,1422.000
-0.276400000,42.957890000,1423.000
-0.276390000,42.957890000,1423.000
-0.276330000,42.957910000,1423.000
-0.276170000,42.957950000,1424.000
-0.276020000,42.957980000,1425.000
-0.275940000,42.958010000,1425.000
-0.275710000,42.958070000,1426.000
-0.275640000,42.958090000,1427.000
-0.275520000,42.958120000,1428.000
-0.275470000,42.958130000,1429.000
-0.275400000,42.958140000,1429.000
-0.275260000,42.958170000,1430.000
-0.275230000,42.958170000,1431.000
-0.275140000,42.958180000,1431.000
-0.275060000,42.958190000,1432.000
-0.274990000,42.958210000,1432.000
-0.274890000,42.958240000,1433.000
-0.274790000,42.958290000,1433.000
-0.274580000,42.958400000,1434.000
-0.274480000,42.958440000,1434.000
-0.274400000,42.958450000,1434.000
-0.274350000,42.958450000,1434.000
-0.274310000,42.958440000,1434.000
-0.274230000,42.958430000,1435.000
-0.274130000,42.958400000,1435.000
-0.274120000,42.958390000,1435.000
-0.274010000,42.958350000,1435.000
-0.273910000,42.958300000,1435.000
-0.273830000,42.958260000,1435.000
-0.273690000,42.958210000,1436.000
-0.273620000,42.958180000,1436.000
-0.273480000,42.958140000,1436.000
-0.273470000,42.958130000,1436.000
-0.273330000,42.958100000,1436.000
-0.273230000,42.958090000,1436.000
-0.273190000,42.958080000,1436.000
-0.273020000,42.958060000,1437.000
-0.272990000,42.958060000,1437.000
-0.272870000,42.958050000,1437.000
-0.272760000,42.958050000,1437.000
-0.272740000,42.958050000,1437.000
-0.272660000,42.958070000,1437.000
-0.272510000,42.958110000,1437.000
-0.272460000,42.958120000,1438.000
-0.272280000,42.958180000,1438.000
-0.272240000,42.958190000,1438.000
-0.272060000,42.958250000,1438.000
-0.272010000,42.958270000,1438.000
-0.271830000,42.958320000,1438.000
-0.271730000,42.958340000,1438.000
-0.271590000,42.958350000,1438.000
-0.271470000,42.958350000,1438.000
-0.271350000,42.958340000,1438.000
-0.271260000,42.958330000,1439.000
-0.271100000,42.958310000,1439.000
-0.271010000,42.958310000,1439.000
-0.270860000,42.958280000,1439.000
-0.270770000,42.958270000,1439.000
-0.270680000,42.958280000,1439.000
-0.270600000,42.958290000,1439.000
-0.270510000,42.958330000,1439.000
-0.270390000,42.958380000,1439.000
-0.270260000,42.958480000,1439.000
-0.270190000,42.958530000,1440.000
-0.270100000,42.958580000,1440.000
-0.269980000,42.958630000,1440.000
-0.269820000,42.958680000,1440.000
-0.269560000,42.958740000,1440.000
-0.269410000,42.958780000,1441.000
-0.269350000,42.958810000,1441.000
-0.269330000,42.958820000,1441.000
-0.269240000,42.958860000,1441.000
-0.269150000,42.958920000,1441.000
-0.269000000,42.959040000,1442.000
-0.268990000,42.959050000,1442.000
-0.268910000,42.959110000,1442.000
-0.268810000,42.959170000,1442.000
-0.268710000,42.959230000,1442.000
-0.268610000,42.959270000,1443.000
-0.268510000,42.959320000,1443.000
-0.268410000,42.959350000,1443.000
-0.268310000,42.959360000,1443.000
-0.268180000,42.959360000,1443.000
-0.267900000,42.959390000,1444.000
-0.267870000,42.959400000,1444.000
-0.267730000,42.959410000,1444.000
-0.267420000,42.959470000,1444.000
-0.267400000,42.959470000,1444.000
-0.267180000,42.959510000,1444.000
-0.266970000,42.959550000,1445.000
-0.266710000,42.959600000,1445.000
-0.266470000,42.959650000,1445.000
-0.266290000,42.959680000,1446.000
-0.265990000,42.959740000,1446.000
-0.265960000,42.959750000,1446.000
-0.265910000,42.959760000,1446.000
-0.265760000,42.959790000,1447.000
-0.265720000,42.959800000,1447.000
-0.265600000,42.959820000,1447.000
-0.265520000,42.959840000,1448.000
-0.265490000,42.959840000,1448.000
-0.265430000,42.959850000,1449.000
-0.265260000,42.959870000,1449.000
-0.265250000,42.959880000,1450.000
-0.265110000,42.959890000,1450.000
-0.265040000,42.959900000,1451.000
-0.265000000,42.959910000,1451.000
-0.264980000,42.959910000,1452.000
-0.264910000,42.959930000,1452.000
-0.264810000,42.959970000,1452.000
-0.264780000,42.959980000,1453.000
-0.264680000,42.960030000,1453.000
-0.264580000,42.960080000,1454.000
-0.264540000,42.960100000,1454.000
-0.264370000,42.960190000,1455.000
-0.264260000,42.960230000,1456.000
-0.264020000,42.960320000,1457.000
-0.263800000,42.960390000,1458.000
-0.263710000,42.960410000,1459.000
-0.263600000,42.960430000,1460.000
-0.263420000,42.960460000,1461.000
-0.263170000,42.960490000,1462.000
-0.263020000,42.960520000,1462.000
-0.262820000,42.960550000,1463.000
-0.262780000,42.960550000,1464.000
-0.262630000,42.960560000,1464.000
-0.262390000,42.960580000,1465.000
-0.262290000,42.960590000,1466.000
-0.262250000,42.960590000,1466.000
-0.262100000,42.960610000,1467.000
-0.262050000,42.960610000,1467.000
-0.261870000,42.960630000,1468.000
-0.261860000,42.960630000,1468.000
-0.261620000,42.960650000,1469.000
-0.261520000,42.960650000,1469.000
-0.261450000,42.960640000,1470.000
-0.261340000,42.960630000,1470.000
-0.261200000,42.960630000,1471.000
-0.261010000,42.960610000,1471.000
-0.260960000,42.960610000,1472.000
-0.260700000,42.960590000,1471.000
-0.260560000,42.960600000,1471.000
-0.260460000,42.960600000,1470.000
-0.260360000,42.960610000,1469.000
-0.260210000,42.960610000,1468.000
-0.260200000,42.960610000,1468.000
-0.260140000,42.960590000,1467.000
-0.260060000,42.960550000,1467.000
-0.260000000,42.960510000,1466.000
-0.259990000,42.960500000,1466.000
-0.259890000,42.960440000,1465.000
-0.259810000,42.960400000,1464.000
-0.259770000,42.960380000,1464.000
-0.259670000,42.960350000,1463.000
-0.259540000,42.960340000,1463.000
-0.259400000,42.960330000,1462.000
-0.259340000,42.960330000,1461.000
-0.259250000,42.960340000,1460.000
-0.259140000,42.960350000,1460.000
-0.259050000,42.960380000,1459.000
-0.258940000,42.960420000,1458.000
-0.258690000,42.960520000,1457.000
-0.258660000,42.960530000,1456.000
-0.258570000,42.960560000,1455.000
-0.258440000,42.960590000,1454.000
-0.258430000,42.960590000,1454.000
-0.257980000,42.960700000,1453.000
-0.257620000,42.960770000,1451.000
-0.257550000,42.960790000,1450.000
-0.257490000,42.960790000,1449.000
-0.257420000,42.960800000,1448.000
-0.257100000,42.960810000,1447.000
-0.257000000,42.960810000,1446.000
-0.256710000,42.960810000,1445.000
-0.256550000,42.960810000,1443.000
-0.256430000,42.960810000,1442.000
-0.256340000,42.960800000,1441.000
-0.256300000,42.960790000,1441.000
-0.256230000,42.960760000,1440.000
-0.256190000,42.960740000,1440.000
-0.256140000,42.960710000,1439.000
-0.256100000,42.960670000,1439.000
-0.256000000,42.960560000,1438.000
-0.255990000,42.960540000,1437.000
-0.255950000,42.960480000,1436.000
-0.255880000,42.960410000,1436.000
-0.255850000,42.960390000,1435.000
-0.255840000,42.960370000,1435.000
-0.255750000,42.960330000,1434.000
-0.255660000,42.960300000,1433.000
-0.255530000,42.960270000,1433.000
-0.255430000,42.960260000,1432.000
-0.255300000,42.960250000,1431.000
-0.255170000,42.960260000,1430.000
-0.255160000,42.960260000,1429.000
-0.255020000,42.960270000,1429.000
-0.254880000,42.960300000,1428.000
-0.254740000,42.960340000,1427.000
-0.254660000,42.960380000,1426.000
-0.254530000,42.960450000,1425.000
-0.254260000,42.960660000,1423.000
-0.254160000,42.960750000,1421.000
-0.254120000,42.960810000,1420.000
-0.254000000,42.961020000,1419.000
-0.253970000,42.961050000,1418.000
-0.253950000,42.961080000,1417.000
-0.253930000,42.961100000,1416.000
-0.253900000,42.961120000,1416.000
-0.253880000,42.961130000,1415.000
-0.253850000,42.961140000,1415.000
-0.253830000,42.961150000,1414.000
-0.253800000,42.961150000,1414.000
-0.253690000,42.961160000,1414.000
-0.253560000,42.961160000,1413.000
-0.253380000,42.961150000,1412.000
-0.253190000,42.961150000,1411.000
-0.253020000,42.961150000,1410.000
-0.252930000,42.961150000,1410.000
-0.252820000,42.961170000,1409.000
-0.252750000,42.961180000,1408.000
-0.252650000,42.961210000,1407.000
-0.252590000,42.961220000,1407.000
-0.252550000,42.961240000,1406.000
-0.252510000,42.961240000,1406.000
-0.252480000,42.961250000,1405.000
-0.252440000,42.961250000,1405.000
-0.252400000,42.961250000,1405.000
-0.252350000,42.961250000,1404.000
-0.252310000,42.961240000,1404.000
-0.252270000,42.961230000,1404.000
-0.252240000,42.961220000,1403.000
-0.252210000,42.961200000,1403.000
-0.252160000,42.961160000,1403.000
-0.252150000,42.961150000,1402.000
-0.252050000,42.961070000,1402.000
-0.251950000,42.961010000,1401.000
-0.251910000,42.960990000,1400.000
-0.251880000,42.960970000,1400.000
-0.251830000,42.960960000,1399.000
-0.251790000,42.960950000,1399.000
-0.251730000,42.960940000,1398.000
-0.251680000,42.960940000,1398.000
-0.251640000,42.960940000,1398.000
-0.251590000,42.960950000,1397.000
-0.251540000,42.960960000,1397.000
-0.251520000,42.960960000,1396.000
-0.251480000,42.960970000,1396.000
-0.251380000,42.961010000,1396.000
-0.251090000,42.961110000,1394.000
-0.251030000,42.961130000,1393.000
-0.250980000,42.961150000,1392.000
-0.250940000,42.961150000,1392.000
-0.250910000,42.961160000,1391.000
-0.250860000,42.961160000,1391.000
-0.250840000,42.961160000,1390.000
-0.250810000,42.961170000,1390.000
-0.250770000,42.961170000,1390.000
-0.250730000,42.961160000,1389.000
-0.250680000,42.961160000,1389.000
-0.250650000,42.961150000,1389.000
-0.250610000,42.961130000,1388.000
-0.250600000,42.961130000,1388.000
-0.250570000,42.961120000,1388.000
-0.250530000,42.961100000,1388.000
-0.250500000,42.961070000,1387.000
-0.250460000,42.961040000,1387.000
-0.250430000,42.961010000,1386.000
-0.250410000,42.960990000,1386.000
-0.250400000,42.960960000,1386.000
-0.250380000,42.960920000,1385.000
-0.250370000,42.960880000,1385.000
-0.250360000,42.960840000,1384.000
-0.250340000,42.960750000,1384.000
-0.250340000,42.960650000,1383.000
-0.250330000,42.960500000,1382.000
-0.250320000,42.960410000,1381.000
-0.250310000,42.960370000,1380.000
-0.250300000,42.960340000,1380.000
-0.250290000,42.960320000,1379.000
-0.250280000,42.960290000,1379.000
-0.250260000,42.960260000,1379.000
-0.250230000,42.960240000,1378.000
-0.250200000,42.960210000,1378.000
-0.250160000,42.960180000,1378.000
-0.250120000,42.960160000,1377.000
-0.250090000,42.960140000,1377.000
-0.250040000,42.960130000,1377.000
-0.249980000,42.960110000,1376.000
-0.249910000,42.960090000,1376.000
-0.249850000,42.960080000,1376.000
-0.249780000,42.960060000,1375.000
-0.249730000,42.960060000,1375.000
-0.249670000,42.960050000,1374.000
-0.249610000,42.960040000,1374.000
-0.249540000,42.960050000,1374.000
-0.249480000,42.960050000,1373.000
-0.249430000,42.960060000,1373.000
-0.249380000,42.960070000,1372.000
-0.249320000,42.960080000,1372.000
-0.249150000,42.960130000,1371.000
-0.248750000,42.960260000,1370.000
-0.248700000,42.960280000,1369.000
-0.248650000,42.960290000,1368.000
-0.248610000,42.960310000,1367.000
-0.248580000,42.960330000,1367.000
-0.248540000,42.960360000,1366.000
-0.248490000,42.960400000,1366.000
-0.248340000,42.960510000,1365.000
-0.248330000,42.960520000,1365.000
-0.248290000,42.960550000,1364.000
-0.248190000,42.960610000,1364.000
-0.248140000,42.960630000,1363.000
-0.248080000,42.960670000,1362.000
-0.247830000,42.960770000,1361.000
-0.247720000,42.960810000,1361.000
-0.247660000,42.960830000,1360.000
-0.247600000,42.960840000,1359.000
-0.247480000,42.960860000,1358.000
-0.247290000,42.960890000,1358.000
-0.247200000,42.960910000,1357.000
-0.246810000,42.961030000,1355.000
-0.246780000,42.961040000,1354.000
-0.246550000,42.961100000,1353.000
-0.246240000,42.961190000,1352.000
-0.246100000,42.961240000,1350.000
-0.246040000,42.961260000,1349.000
-0.245970000,42.961300000,1348.000
-0.245910000,42.961350000,1348.000
-0.245890000,42.961360000,1347.000
-0.245790000,42.961460000,1346.000
-0.245750000,42.961490000,1346.000
-0.245610000,42.961640000,1345.000
-0.245590000,42.961660000,1344.000
-0.245520000,42.961740000,1344.000
-0.245390000,42.961860000,1343.000
-0.245300000,42.961940000,1342.000
-0.245130000,42.962130000,1341.000
-0.244960000,42.962320000,1339.000
-0.244900000,42.962370000,1338.000
-0.244820000,42.962440000,1337.000
-0.244740000,42.962510000,1336.000
-0.244640000,42.962560000,1335.000
-0.244520000,42.962630000,1334.000
-0.244300000,42.962720000,1333.000
-0.244120000,42.962790000,1331.000
-0.243980000,42.962850000,1330.000
-0.243900000,42.962880000,1329.000
-0.243680000,42.962960000,1327.000
-0.243630000,42.962980000,1326.000
-0.243560000,42.963020000,1325.000
-0.243440000,42.963080000,1324.000
-0.243290000,42.963180000,1322.000
-0.243260000,42.963200000,1321.000
-0.243110000,42.963320000,1320.000
-0.242960000,42.963420000,1319.000
-0.242940000,42.963430000,1318.000
-0.242920000,42.963440000,1317.000
-0.242830000,42.963480000,1316.000
-0.242720000,42.963480000,1315.000
-0.242640000,42.963480000,1315.000
-0.242590000,42.963470000,1314.000
-0.242500000,42.963410000,1313.000
-0.242460000,42.963370000,1312.000
-0.242430000,42.963350000,1312.000
-0.242410000,42.963320000,1311.000
-0.242400000,42.963290000,1311.000
-0.242390000,42.963250000,1310.000
-0.242380000,42.963210000,1310.000
-0.242390000,42.963170000,1310.000
-0.242380000,42.963100000,1309.000
-0.242380000,42.963070000,1309.000
-0.242370000,42.963040000,1308.000
-0.242340000,42.962980000,1308.000
-0.242300000,42.962920000,1307.000
-0.242260000,42.962880000,1307.000
-0.242200000,42.962840000,1306.000
-0.242120000,42.962800000,1305.000
-0.242110000,42.962790000,1305.000
-0.242050000,42.962770000,1304.000
-0.242000000,42.962750000,1304.000
-0.241920000,42.962740000,1303.000
-0.241880000,42.962730000,1303.000
-0.241860000,42.962730000,1303.000
-0.241810000,42.962720000,1302.000
-0.241760000,42.962720000,1302.000
-0.241700000,42.962710000,1301.000
-0.241650000,42.962720000,1301.000
-0.241580000,42.962730000,1301.000
-0.241530000,42.962740000,1300.000
-0.241480000,42.962760000,1300.000
-0.241420000,42.962790000,1299.000
-0.241380000,42.962820000,1299.000
-0.241340000,42.962840000,1298.000
-0.241300000,42.962860000,1298.000
-0.241220000,42.962940000,1297.000
-0.241120000,42.963060000,1296.000
-0.241080000,42.963150000,1295.000
-0.241060000,42.963240000,1294.000
-0.241060000,42.963320000,1293.000
-0.241060000,42.963380000,1293.000
-0.241070000,42.963460000,1292.000
-0.241060000,42.963520000,1291.000
-0.241040000,42.963600000,1290.000
-0.241020000,42.963660000,1290.000
-0.240990000,42.963700000,1289.000
-0.240920000,42.963770000,1288.000
-0.240670000,42.963910000,1287.000
-0.240580000,42.963950000,1286.000
-0.240550000,42.963970000,1285.000
-0.240420000,42.964040000,1284.000
-0.240320000,42.964110000,1283.000
-0.240270000,42.964140000,1282.000
-0.240210000,42.964160000,1282.000
-0.240160000,42.964170000,1281.000
-0.240100000,42.964170000,1280.000
-0.240040000,42.964180000,1280.000
-0.239960000,42.964170000,1279.000
-0.239910000,42.964160000,1279.000
-0.239840000,42.964130000,1278.000
-0.239730000,42.964070000,1278.000
-0.239580000,42.964000000,1277.000
-0.239420000,42.963950000,1276.000
-0.239280000,42.963920000,1275.000
-0.239120000,42.963900000,1274.000
-0.239060000,42.963900000,1273.000
-0.238970000,42.963910000,1272.000
-0.238830000,42.963950000,1271.000
-0.238700000,42.964000000,1271.000
-0.238650000,42.964020000,1270.000
-0.238620000,42.964030000,1269.000
-0.238610000,42.964030000,1269.000
-0.238580000,42.964030000,1269.000
-0.238510000,42.964030000,1268.000
-0.238440000,42.964020000,1268.000
-0.238370000,42.964020000,1268.000
-0.237930000,42.963900000,1266.000
-0.237690000,42.963810000,1265.000
-0.237440000,42.963730000,1264.000
-0.236840000,42.963510000,1261.000
-0.236800000,42.963500000,1260.000
-0.236780000,42.963490000,1258.000
-0.236720000,42.963460000,1257.000
-0.236640000,42.963420000,1257.000
-0.236460000,42.963300000,1255.000
-0.236300000,42.963220000,1254.000
-0.236240000,42.963190000,1253.000
-0.235970000,42.963100000,1252.000
-0.235530000,42.962970000,1250.000
-0.235400000,42.962930000,1248.000
-0.235280000,42.962900000,1247.000
-0.235210000,42.962880000,1246.000
-0.234980000,42.962810000,1244.000
-0.234770000,42.962760000,1243.000
-0.234690000,42.962730000,1242.000
-0.234310000,42.962600000,1240.000
-0.233840000,42.962450000,1238.000
-0.233680000,42.962400000,1236.000
-0.233650000,42.962390000,1235.000
-0.233590000,42.962370000,1234.000
-0.233490000,42.962350000,1233.000
-0.233390000,42.962340000,1232.000
-0.233280000,42.962340000,1231.000
-0.233150000,42.962350000,1231.000
-0.233070000,42.962360000,1230.000
-0.233000000,42.962370000,1229.000
-0.232920000,42.962390000,1229.000
-0.232860000,42.962410000,1228.000
-0.232730000,42.962440000,1228.000
-0.232590000,42.962480000,1227.000
-0.232370000,42.962540000,1226.000
-0.232080000,42.962620000,1225.000
-0.231970000,42.962650000,1224.000
-0.231880000,42.962680000,1223.000
-0.231800000,42.962710000,1222.000
-0.231720000,42.962730000,1221.000
-0.231670000,42.962760000,1221.000
-0.231620000,42.962790000,1220.000
-0.231580000,42.962810000,1220.000
-0.231530000,42.962850000,1219.000
-0.231410000,42.962960000,1218.000
-0.231130000,42.963240000,1217.000
-0.230990000,42.963390000,1215.000
-0.230900000,42.963510000,1214.000
-0.230890000,42.963550000,1213.000
-0.230880000,42.963580000,1212.000
-0.230870000,42.963660000,1211.000
-0.230880000,42.963720000,1211.000
-0.230890000,42.963770000,1210.000
-0.230900000,42.963830000,1209.000
-0.230900000,42.963890000,1209.000
-0.230900000,42.963900000,1208.000
-0.230900000,42.963980000,1208.000
-0.230860000,42.964070000,1207.000
-0.230820000,42.964120000,1207.000
-0.230740000,42.964170000,1206.000
-0.230690000,42.964200000,1205.000
-0.230640000,42.964210000,1205.000
-0.230490000,42.964240000,1204.000
-0.230330000,42.964270000,1203.000
-0.230180000,42.964290000,1202.000
-0.230060000,42.964310000,1201.000
-0.229990000,42.964350000,1200.000
-0.229880000,42.964410000,1200.000
-0.229810000,42.964480000,1199.000
-0.229750000,42.964530000,1198.000
-0.229680000,42.964600000,1197.000
-0.229590000,42.964720000,1196.000
-0.229560000,42.964750000,1195.000
-0.229500000,42.964820000,1194.000
-0.229440000,42.964870000,1194.000
-0.229410000,42.964900000,1193.000
-0.229370000,42.964930000,1192.000
-0.229290000,42.964970000,1192.000
-0.229220000,42.965010000,1191.000
-0.229170000,42.965030000,1190.000
-0.228990000,42.965080000,1190.000
-0.228970000,42.965090000,1189.000
-0.228570000,42.965210000,1187.000
-0.228400000,42.965260000,1186.000
-0.228270000,42.965300000,1185.000
-0.228020000,42.965370000,1184.000
-0.227840000,42.965440000,1183.000
-0.227790000,42.965470000,1182.000
-0.227720000,42.965510000,1181.000
-0.227640000,42.965590000,1180.000
-0.227630000,42.965600000,1179.000
-0.227600000,42.965660000,1179.000
-0.227570000,42.965760000,1178.000
-0.227570000,42.965840000,1178.000
-0.227580000,42.965920000,1177.000
-0.227620000,42.966010000,1176.000
-0.227660000,42.966080000,1176.000
-0.227870000,42.966290000,1175.000
-0.227920000,42.966380000,1174.000
-0.227950000,42.966470000,1173.000
-0.227950000,42.966560000,1172.000
-0.227950000,42.966600000,1171.000
-0.227940000,42.966620000,1171.000
-0.227920000,42.966680000,1171.000
-0.227850000,42.966770000,1170.000
-0.227630000,42.967000000,1169.000
-0.227480000,42.967120000,1168.000
-0.227410000,42.967160000,1167.000
-0.227290000,42.967200000,1166.000
-0.227120000,42.967190000,1165.000
-0.227030000,42.967190000,1164.000
-0.226930000,42.967170000,1164.000
-0.226800000,42.967130000,1163.000
-0.226670000,42.967110000,1162.000
-0.226570000,42.967090000,1162.000
-0.226560000,42.967090000,1161.000
-0.226450000,42.967090000,1161.000
-0.226330000,42.967100000,1160.000
-0.226300000,42.967100000,1160.000
-0.226190000,42.967110000,1159.000
-0.226090000,42.967130000,1159.000
-0.226050000,42.967140000,1158.000
-0.225920000,42.967170000,1158.000
-0.225750000,42.967190000,1157.000
-0.225610000,42.967210000,1156.000
-0.225590000,42.967210000,1155.000
-0.225420000,42.967250000,1154.000
-0.225240000,42.967280000,1153.000
-0.225100000,42.967300000,1152.000
-0.225060000,42.967300000,1152.000
-0.224980000,42.967300000,1151.000
-0.224880000,42.967280000,1150.000
-0.224850000,42.967280000,1150.000
-0.224810000,42.967270000,1149.000
-0.224720000,42.967230000,1149.000
-0.224660000,42.967200000,1148.000
-0.224640000,42.967190000,1148.000
-0.224520000,42.967120000,1147.000
-0.224460000,42.967070000,1146.000
-0.224340000,42.966990000,1146.000
-0.224140000,42.966840000,1144.000
-0.224110000,42.966820000,1143.000
-0.224050000,42.966760000,1143.000
-0.223990000,42.966700000,1142.000
-0.223970000,42.966670000,1141.000
-0.223940000,42.966640000,1141.000
-0.223900000,42.966550000,1140.000
-0.223850000,42.966440000,1139.000
-0.223840000,42.966350000,1138.000
-0.223850000,42.966270000,1138.000
-0.223860000,42.966160000,1137.000
-0.223900000,42.966040000,1136.000
-0.223960000,42.965900000,1135.000
-0.223990000,42.965820000,1134.000
-0.224000000,42.965790000,1133.000
-0.224020000,42.965700000,1133.000
-0.224030000,42.965630000,1132.000
-0.224020000,42.965510000,1131.000
-0.223990000,42.965340000,1130.000
-0.223990000,42.965290000,1130.000
-0.223960000,42.965240000,1129.000
-0.223940000,42.965210000,1128.000
-0.223900000,42.965160000,1128.000
-0.223850000,42.965120000,1127.000
-0.223770000,42.965100000,1127.000
-0.223730000,42.965090000,1127.000
-0.223690000,42.965080000,1126.000
-0.223630000,42.965080000,1126.000
-0.223620000,42.965080000,1126.000
-0.223570000,42.965080000,1125.000
-0.223480000,42.965090000,1125.000
-0.223360000,42.965110000,1124.000
-0.223220000,42.965160000,1124.000
-0.223150000,42.965180000,1123.000
-0.222940000,42.965270000,1123.000
-0.222810000,42.965320000,1122.000
-0.222720000,42.965350000,1121.000
-0.222500000,42.965440000,1120.000
-0.222430000,42.965460000,1119.000
-0.222250000,42.965530000,1118.000
-0.222110000,42.965580000,1118.000
-0.221980000,42.965620000,1117.000
-0.221890000,42.965630000,1116.000
-0.221880000,42.965630000,1115.000
-0.221790000,42.965630000,1115.000
-0.221730000,42.965630000,1115.000
-0.221650000,42.965620000,1114.000
-0.221630000,42.965610000,1114.000
-0.221570000,42.965600000,1113.000
-0.221490000,42.965570000,1113.000
-0.221410000,42.965540000,1113.000
-0.221330000,42.965520000,1112.000
-0.221210000,42.965490000,1112.000
-0.221170000,42.965490000,1111.000
-0.221120000,42.965480000,1111.000
-0.221020000,42.965490000,1110.000
-0.220820000,42.965510000,1110.000
-0.220650000,42.965520000,1109.000
-0.220420000,42.965560000,1108.000
-0.220310000,42.965590000,1107.000
-0.220200000,42.965630000,1107.000
-0.220120000,42.965670000,1106.000
-0.219970000,42.965760000,1105.000
-0.219830000,42.965830000,1105.000
-0.219730000,42.965860000,1104.000
-0.219640000,42.965890000,1103.000
-0.219550000,42.965900000,1103.000
-0.219470000,42.965910000,1102.000
-0.219390000,42.965910000,1102.000
-0.219240000,42.965910000,1101.000
-0.219100000,42.965910000,1101.000
-0.219040000,42.965920000,1100.000
-0.218990000,42.965920000,1100.000
-0.218980000,42.965920000,1099.000
-0.218910000,42.965930000,1099.000
-0.218830000,42.965940000,1099.000
-0.218350000,42.966050000,1098.000
-0.218280000,42.966060000,1097.000
-0.218250000,42.966070000,1096.000
-0.218170000,42.966070000,1095.000
-0.217980000,42.966090000,1094.000
-0.217870000,42.966090000,1093.000
-0.217800000,42.966100000,1092.000
-0.217750000,42.966100000,1092.000
-0.217700000,42.966110000,1091.000
-0.217630000,42.966140000,1090.000
-0.217570000,42.966160000,1090.000
-0.217460000,42.966200000,1089.000
-0.217280000,42.966260000,1088.000
-0.217230000,42.966280000,1087.000
-0.217180000,42.966290000,1086.000
-0.216980000,42.966330000,1085.000
-0.216770000,42.966360000,1083.000
-0.216550000,42.966390000,1082.000
-0.216390000,42.966400000,1080.000
-0.216330000,42.966400000,1079.000
-0.216260000,42.966400000,1078.000
-0.216170000,42.966390000,1077.000
-0.216150000,42.966390000,1076.000
-0.215880000,42.966390000,1075.000
-0.215810000,42.966400000,1074.000
-0.215750000,42.966420000,1073.000
-0.215670000,42.966440000,1072.000
-0.215640000,42.966450000,1072.000
-0.215580000,42.966470000,1071.000
-0.215530000,42.966490000,1071.000
-0.215450000,42.966490000,1070.000
-0.215400000,42.966490000,1070.000
-0.215350000,42.966480000,1070.000
-0.215320000,42.966470000,1069.000
-0.215280000,42.966440000,1069.000
-0.215240000,42.966390000,1068.000
-0.215210000,42.966350000,1068.000
-0.215210000,42.966340000,1068.000
-0.215210000,42.966300000,1067.000
-0.215230000,42.966250000,1067.000
-0.215250000,42.966220000,1067.000
-0.215290000,42.966190000,1066.000
-0.215300000,42.966190000,1066.000
-0.215350000,42.966150000,1066.000
-0.215510000,42.966100000,1065.000
-0.215610000,42.966080000,1064.000
-0.215940000,42.965970000,1063.000
-0.215960000,42.965960000,1062.000
-0.216020000,42.965940000,1062.000
-0.216080000,42.965900000,1061.000
-0.216140000,42.965840000,1060.000
-0.216160000,42.965800000,1060.000
-0.216190000,42.965750000,1059.000
-0.216220000,42.965680000,1058.000
-0.216220000,42.965670000,1058.000
-0.216260000,42.965590000,1057.000
-0.216300000,42.965500000,1057.000
-0.216350000,42.965430000,1056.000
-0.216430000,42.965350000,1055.000
-0.216450000,42.965340000,1055.000
-0.216650000,42.965190000,1054.000
-0.216750000,42.965110000,1053.000
-0.216890000,42.965010000,1052.000
-0.217030000,42.964880000,1051.000
-0.217080000,42.964840000,1050.000
-0.217240000,42.964700000,1048.000
-0.217380000,42.964560000,1047.000
-0.217580000,42.964360000,1045.000
-0.218220000,42.963800000,1042.000
-0.218460000,42.963580000,1039.000
-0.218510000,42.963530000,1036.000
-0.218610000,42.963440000,1034.000
-0.218750000,42.963300000,1033.000
-0.218760000,42.963290000,1031.000
-0.218780000,42.963250000,1030.000
-0.218800000,42.963170000,1029.000
-0.218800000,42.963120000,1028.000
-0.218800000,42.963110000,1028.000
-0.218790000,42.963080000,1027.000
-0.218760000,42.963030000,1027.000
-0.218690000,42.962960000,1026.000
-0.218620000,42.962930000,1025.000
-0.218540000,42.962910000,1025.000
-0.218310000,42.962910000,1024.000
-0.218200000,42.962900000,1023.000
-0.218140000,42.962900000,1022.000
-0.218120000,42.962890000,1021.000
-0.218070000,42.962870000,1021.000
-0.218060000,42.962870000,1020.000
-0.218020000,42.962840000,1020.000
-0.217970000,42.962800000,1019.000
-0.217960000,42.962790000,1019.000
-0.217920000,42.962740000,1018.000
-0.217900000,42.962690000,1018.000
-0.217900000,42.962640000,1017.000
-0.217900000,42.962560000,1017.000
-0.217910000,42.962530000,1016.000
-0.217910000,42.962520000,1016.000
-0.217940000,42.962470000,1015.000
-0.217980000,42.962420000,1015.000
-0.218020000,42.962400000,1015.000
-0.218080000,42.962360000,1014.000
-0.218270000,42.962280000,1013.000
-0.218350000,42.962250000,1013.000
-0.218360000,42.962250000,1012.000
-0.218440000,42.962230000,1012.000
-0.218510000,42.962220000,1011.000
-0.218580000,42.962220000,1011.000
-0.218600000,42.962220000,1010.000
-0.218640000,42.962220000,1010.000
-0.218700000,42.962230000,1010.000
-0.218820000,42.962270000,1009.000
-0.218840000,42.962270000,1009.000
-0.218960000,42.962320000,1008.000
-0.219030000,42.962340000,1008.000
-0.219060000,42.962340000,1007.000
-0.219100000,42.962340000,1007.000
-0.219150000,42.962340000,1007.000
-0.219180000,42.962330000,1006.000
-0.219210000,42.962320000,1006.000
-0.219260000,42.962300000,1006.000
-0.219280000,42.962280000,1005.000
-0.219330000,42.962240000,1005.000
-0.219360000,42.962180000,1005.000
-0.219360000,42.962120000,1004.000
-0.219360000,42.962080000,1004.000
-0.219350000,42.962000000,1003.000
-0.219330000,42.961940000,1003.000
-0.219320000,42.961870000,1002.000
-0.219290000,42.961770000,1001.000
-0.219230000,42.961590000,1000.000
-0.219220000,42.961530000,1000.000
-0.219220000,42.961490000,999.000
-0.219230000,42.961450000,998.000
-0.219240000,42.961410000,998.000
-0.219250000,42.961390000,997.000
-0.219280000,42.961340000,997.000
-0.219320000,42.961290000,996.000
-0.219360000,42.961260000,996.000
-0.219380000,42.961250000,995.000
-0.219450000,42.961220000,995.000
-0.219540000,42.961200000,994.000
-0.219580000,42.961190000,994.000
-0.219650000,42.961180000,993.000
-0.219710000,42.961180000,993.000
-0.219790000,42.961190000,992.000
-0.219830000,42.961200000,992.000
-0.219880000,42.961210000,991.000
-0.220070000,42.961250000,991.000
-0.220100000,42.961260000,990.000
-0.220210000,42.961270000,989.000
-0.220290000,42.961270000,989.000
-0.220310000,42.961270000,988.000
-0.220360000,42.961260000,988.000
-0.220430000,42.961230000,987.000
-0.220490000,42.961180000,987.000
-0.220500000,42.961160000,986.000
-0.220520000,42.961110000,986.000
-0.220520000,42.961050000,985.000
-0.220500000,42.961000000,984.000
-0.220490000,42.960990000,984.000
-0.220470000,42.960950000,984.000
-0.220440000,42.960930000,983.000
-0.220410000,42.960910000,983.000
-0.220320000,42.960880000,982.000
-0.220200000,42.960870000,982.000
-0.220110000,42.960860000,981.000
-0.220070000,42.960860000,981.000
-0.220030000,42.960860000,980.000
-0.219960000,42.960850000,980.000
-0.219900000,42.960840000,980.000
-0.219830000,42.960820000,979.000
-0.219700000,42.960790000,979.000
-0.219510000,42.960740000,978.000
-0.219370000,42.960700000,978.000
-0.219290000,42.960680000,977.000
-0.219170000,42.960660000,977.000
-0.219110000,42.960660000,977.000
-0.219040000,42.960650000,976.000
-0.218930000,42.960670000,976.000
-0.218810000,42.960700000,976.000
-0.218690000,42.960760000,975.000
-0.218590000,42.960800000,975.000
-0.218500000,42.960830000,974.000
-0.218420000,42.960840000,974.000
-0.218320000,42.960840000,974.000
-0.218220000,42.960840000,973.000
-0.218050000,42.960830000,973.000
-0.217940000,42.960810000,972.000
-0.217870000,42.960800000,972.000
-0.217790000,42.960800000,972.000
-0.217670000,42.960800000,971.000
-0.217570000,42.960810000,971.000
-0.217470000,42.960830000,970.000
-0.217340000,42.960870000,970.000
-0.217260000,42.960890000,969.000
-0.217180000,42.960910000,969.000
-0.217090000,42.960920000,968.000
-0.217010000,42.960920000,967.000
-0.216880000,42.960910000,967.000
-0.216720000,42.960900000,966.000
-0.216510000,42.960900000,965.000
-0.216220000,42.960910000,964.000
-0.216090000,42.960920000,963.000
-0.215740000,42.960950000,961.000
-0.215420000,42.960980000,960.000
-0.215230000,42.960990000,958.000
-0.215080000,42.961000000,957.000
-0.214940000,42.961010000,956.000
-0.214930000,42.961010000,955.000
-0.214850000,42.961000000,954.000
-0.214750000,42.960990000,953.000
-0.214680000,42.960980000,953.000
-0.214670000,42.960980000,952.000
-0.214600000,42.960970000,952.000
-0.214550000,42.960950000,951.000
-0.214430000,42.960890000,950.000
-0.214340000,42.960830000,950.000
-0.214250000,42.960770000,949.000
-0.214170000,42.960700000,948.000
-0.214080000,42.960640000,947.000
-0.214020000,42.960600000,946.000
-0.213930000,42.960560000,945.000
-0.213830000,42.960540000,945.000
-0.213680000,42.960530000,944.000
-0.213500000,42.960540000,943.000
-0.213250000,42.960600000,941.000
-0.213200000,42.960610000,940.000
-0.213090000,42.960620000,939.000
-0.212750000,42.960630000,938.000
-0.212490000,42.960630000,936.000
-0.211480000,42.960640000,933.000
-0.211400000,42.960630000,931.000
-0.211340000,42.960610000,929.000
-0.211300000,42.960580000,928.000
-0.211270000,42.960560000,927.000
-0.211250000,42.960550000,926.000
-0.211220000,42.960510000,926.000
-0.211200000,42.960420000,925.000
-0.211200000,42.960390000,925.000
-0.211200000,42.960380000,924.000
-0.211210000,42.960340000,924.000
-0.211240000,42.960300000,924.000
-0.211270000,42.960270000,923.000
-0.211300000,42.960240000,923.000
-0.211310000,42.960240000,923.000
-0.211350000,42.960220000,923.000
-0.211530000,42.960160000,922.000
-0.211660000,42.960120000,921.000
-0.211740000,42.960080000,921.000
-0.211810000,42.960040000,920.000
-0.212170000,42.959730000,919.000
-0.212400000,42.959520000,917.000
-0.212630000,42.959330000,915.000
-0.212710000,42.959270000,913.000
-0.212850000,42.959190000,912.000
-0.213050000,42.959090000,911.000
-0.213220000,42.959000000,909.000
-0.213280000,42.958960000,908.000
-0.213330000,42.958900000,907.000
-0.213420000,42.958790000,906.000
-0.213470000,42.958730000,906.000
-0.213510000,42.958680000,905.000
-0.213520000,42.958670000,904.000
-0.213590000,42.958610000,904.000
-0.213670000,42.958570000,903.000
-0.213680000,42.958560000,903.000
-0.213690000,42.958560000,902.000
-0.213750000,42.958540000,902.000
-0.213850000,42.958530000,901.000
-0.214120000,42.958500000,900.000
-0.214280000,42.958480000,899.000
-0.214390000,42.958450000,898.000
-0.214500000,42.958410000,898.000
-0.214620000,42.958350000,897.000
-0.214790000,42.958250000,896.000
-0.214820000,42.958240000,895.000
-0.215030000,42.958130000,894.000
-0.215110000,42.958070000,893.000
-0.215150000,42.958010000,892.000
-0.215240000,42.957860000,891.000
-0.215280000,42.957780000,890.000
-0.215340000,42.957700000,889.000
-0.215370000,42.957670000,888.000
-0.215410000,42.957620000,888.000
-0.215500000,42.957520000,887.000
-0.215580000,42.957440000,887.000
-0.215610000,42.957400000,886.000
-0.215620000,42.957390000,886.000
-0.215630000,42.957360000,886.000
-0.215650000,42.957310000,885.000
-0.215650000,42.957300000,885.000
-0.215640000,42.957260000,885.000
-0.215640000,42.957240000,885.000
-0.215630000,42.957210000,885.000
-0.215610000,42.957120000,884.000
-0.215600000,42.957090000,884.000
-0.215560000,42.956960000,884.000
-0.215540000,42.956910000,883.000
-0.215520000,42.956860000,883.000
-0.215470000,42.956780000,883.000
-0.215460000,42.956770000,882.000
-0.215440000,42.956750000,882.000
-0.215400000,42.956700000,882.000
-0.215360000,42.956650000,882.000
-0.215330000,42.956630000,882.000
-0.215300000,42.956600000,881.000
-0.215220000,42.956540000,881.000
-0.215140000,42.956470000,881.000
-0.215040000,42.956420000,880.000
-0.215030000,42.956420000,880.000
-0.214900000,42.956380000,880.000
-0.214800000,42.956340000,879.000
-0.214540000,42.956230000,879.000
-0.214480000,42.956220000,878.000
-0.214250000,42.956150000,878.000
-0.214040000,42.956170000,877.000
-0.213800000,42.956170000,877.000
-0.213670000,42.956190000,876.000
-0.213420000,42.956360000,876.000
-0.213210000,42.956490000,875.000
-0.213030000,42.956560000,874.000
-0.212900000,42.956610000,874.000
-0.212750000,42.956650000,874.000
-0.212710000,42.956660000,873.000
-0.212330000,42.956670000,873.000
-0.212310000,42.956670000,872.000
-0.212290000,42.956670000,872.000
-0.212260000,42.956680000,872.000
-0.211990000,42.956770000,872.000
-0.211820000,42.956830000,871.000
-0.211520000,42.956930000,871.000
-0.211500000,42.956940000,871.000
-0.211060000,42.957100000,870.000
-0.210850000,42.957200000,870.000
-0.210520000,42.957390000,870.000
-0.210500000,42.957400000,870.000
-0.210410000,42.957450000,869.000
-0.210190000,42.957590000,869.000
-0.210060000,42.957680000,869.000
-0.209770000,42.957860000,868.000
-0.209680000,42.957910000,868.000
-0.209400000,42.958090000,868.000
-0.209310000,42.958150000,868.000
-0.209130000,42.958260000,867.000
-0.208890000,42.958400000,867.000
-0.208710000,42.958490000,867.000
-0.208660000,42.958520000,867.000
-0.208630000,42.958530000,867.000
-0.208460000,42.958620000,866.000
-0.208430000,42.958640000,866.000
-0.208080000,42.958830000,866.000
-0.208040000,42.958850000,866.000
-0.208030000,42.958850000,866.000
-0.207880000,42.958940000,866.000
-0.207830000,42.958960000,865.000
-0.207590000,42.959100000,865.000
-0.207440000,42.959180000,865.000
-0.207140000,42.959360000,865.000
-0.207090000,42.959390000,864.000
-0.206910000,42.959510000,864.000
-0.206540000,42.959770000,864.000
-0.206420000,42.959850000,864.000
-0.206230000,42.959970000,863.000
-0.206130000,42.960020000,863.000
-0.206020000,42.960070000,863.000
-0.205890000,42.960130000,863.000
-0.205750000,42.960180000,863.000
-0.205380000,42.960320000,862.000
-0.204930000,42.960470000,862.000
-0.204690000,42.960550000,862.000
-0.204630000,42.960570000,862.000
-0.204570000,42.960590000,862.000
-0.204070000,42.960770000,862.000
-0.203700000,42.960900000,862.000
-0.203530000,42.960960000,862.000
-0.203440000,42.961000000,862.000
-0.203330000,42.961050000,862.000
-0.203230000,42.961100000,862.000
-0.203160000,42.961140000,862.000
-0.203080000,42.961190000,862.000
-0.203020000,42.961230000,862.000
-0.202920000,42.961300000,862.000
-0.202850000,42.961370000,862.000
-0.202790000,42.961430000,862.000
-0.202730000,42.961490000,862.000
-0.202690000,42.961550000,862.000
-0.202620000,42.961640000,862.000
-0.202570000,42.961730000,862.000
-0.202530000,42.961810000,862.000
-0.202390000,42.962070000,862.000
-0.202380000,42.962090000,862.000
-0.202370000,42.962110000,862.000
-0.202350000,42.962140000,862.000
-0.202190000,42.962430000,862.000
-0.202120000,42.962560000,861.000
-0.201900000,42.962940000,861.000
-0.201710000,42.963320000,861.000
-0.201690000,42.963360000,860.000
-0.201610000,42.963530000,860.000
-0.201600000,42.963590000,860.000
-0.201590000,42.963650000,860.000
-0.201590000,42.963720000,860.000
-0.201590000,42.963790000,859.000
-0.201610000,42.963890000,859.000
-0.201620000,42.964050000,859.000
-0.201660000,42.964150000,859.000
-0.201680000,42.964190000,859.000
-0.201720000,42.964250000,859.000
-0.201770000,42.964330000,859.000
-0.201830000,42.964380000,859.000
-0.201870000,42.964470000,859.000
-0.201880000,42.964510000,859.000
-0.201870000,42.964580000,859.000
-0.201870000,42.964630000,859.000
-0.201840000,42.964700000,859.000
-0.201780000,42.964810000,859.000
-0.201670000,42.965050000,859.000
-0.201690000,42.965200000,859.000
-0.201750000,42.965300000,859.000
-0.201860000,42.965460000,859.000
-0.201970000,42.965600000,859.000
-0.202040000,42.965660000,859.000
-0.202100000,42.965720000,859.000
-0.202150000,42.965760000,859.000
-0.202170000,42.965790000,859.000
-0.202180000,42.965810000,859.000
-0.202200000,42.965870000,859.000
-0.202210000,42.965940000,859.000
-0.202220000,42.965990000,859.000
-0.202310000,42.966130000,859.000
-0.202460000,42.966390000,859.000
-0.202490000,42.966430000,859.000
-0.202510000,42.966500000,859.000
-0.202520000,42.966600000,859.000
-0.202510000,42.966680000,859.000
-0.202510000,42.966770000,859.000
-0.202480000,42.966900000,859.000
-0.202460000,42.967040000,858.000
-0.202430000,42.967140000,858.000
-0.202400000,42.967220000,858.000
-0.202370000,42.967300000,858.000
-0.202370000,42.967320000,858.000
-0.202300000,42.967460000,858.000
-0.202200000,42.967670000,858.000
-0.202180000,42.967700000,858.000
-0.202120000,42.967810000,858.000
-0.201990000,42.968020000,857.000
-0.201910000,42.968140000,857.000
-0.201870000,42.968190000,857.000
-0.201810000,42.968260000,857.000
-0.201660000,42.968400000,856.000
-0.201460000,42.968560000,856.000
-0.201300000,42.968670000,856.000
-0.201160000,42.968780000,855.000
-0.200490000,42.969260000,855.000
-0.200360000,42.969360000,854.000
-0.200330000,42.969380000,854.000
-0.200260000,42.969430000,854.000
-0.200120000,42.969500000,853.000
-0.199780000,42.969640000,853.000
-0.199490000,42.969750000,852.000
-0.199250000,42.969830000,852.000
-0.199010000,42.969920000,852.000
-0.198980000,42.969930000,851.000
-0.198940000,42.969950000,851.000
-0.198790000,42.970000000,851.000
-0.198670000,42.970050000,851.000
-0.198570000,42.970090000,850.000
-0.198510000,42.970110000,850.000
-0.198430000,42.970140000,850.000
-0.198310000,42.970210000,850.000
-0.198190000,42.970290000,850.000
-0.198070000,42.970370000,850.000
-0.197920000,42.970480000,850.000
-0.197330000,42.970950000,851.000
-0.197220000,42.971030000,851.000
-0.197130000,42.971100000,852.000
-0.196750000,42.971360000,852.000
-0.196690000,42.971420000,853.000
-0.196450000,42.971570000,853.000
-0.196330000,42.971660000,854.000
-0.196140000,42.971780000,855.000
-0.195990000,42.971880000,855.000
-0.195270000,42.972350000,857.000
-0.195220000,42.972380000,858.000
-0.195050000,42.972500000,859.000
-0.194980000,42.972540000,859.000
-0.194970000,42.972540000,860.000
-0.194760000,42.972660000,860.000
-0.194730000,42.972670000,861.000
-0.194560000,42.972760000,861.000
-0.194310000,42.972870000,862.000
-0.194200000,42.972900000,862.000
-0.193880000,42.972940000,863.000
-0.193740000,42.972970000,863.000
-0.193560000,42.973040000,863.000
-0.193490000,42.973080000,864.000
-0.193410000,42.973140000,864.000
-0.193380000,42.973160000,864.000
-0.193290000,42.973230000,864.000
-0.193240000,42.973260000,864.000
-0.193120000,42.973320000,865.000
-0.193020000,42.973350000,865.000
-0.192960000,42.973360000,865.000
-0.192900000,42.973370000,865.000
-0.192860000,42.973380000,865.000
-0.192820000,42.973410000,865.000
-0.192700000,42.973520000,866.000
-0.192580000,42.973630000,866.000
-0.192420000,42.973770000,866.000
-0.192250000,42.973900000,866.000
-0.192220000,42.973920000,866.000
-0.192160000,42.973970000,866.000
-0.192080000,42.974010000,865.000
-0.192070000,42.974020000,865.000
-0.192030000,42.974040000,865.000
-0.191880000,42.974100000,865.000
-0.191650000,42.974200000,864.000
-0.191050000,42.974470000,863.000
-0.190920000,42.974510000,862.000
-0.190850000,42.974530000,861.000
-0.190800000,42.974550000,861.000
-0.190520000,42.974580000,860.000
-0.190440000,42.974590000,860.000
-0.190360000,42.974600000,859.000
-0.190140000,42.974640000,859.000
-0.189930000,42.974690000,858.000
-0.189810000,42.974720000,857.000
-0.189630000,42.974770000,857.000
-0.189550000,42.974790000,856.000
-0.189510000,42.974800000,856.000
-0.189440000,42.974810000,855.000
-0.189270000,42.974810000,855.000
-0.189180000,42.974810000,854.000
-0.189100000,42.974810000,854.000
-0.189010000,42.974800000,853.000
-0.188930000,42.974780000,853.000
-0.188820000,42.974760000,852.000
-0.188800000,42.974750000,852.000
-0.188700000,42.974730000,852.000
-0.188090000,42.974560000,851.000
-0.188030000,42.974540000,850.000
-0.187970000,42.974530000,849.000
-0.187870000,42.974530000,848.000
-0.187790000,42.974530000,848.000
-0.187710000,42.974530000,847.000
-0.187650000,42.974540000,847.000
-0.187590000,42.974560000,847.000
-0.187520000,42.974580000,847.000
-0.187460000,42.974610000,846.000
-0.187410000,42.974640000,846.000
-0.187350000,42.974680000,846.000
-0.187300000,42.974710000,846.000
-0.187250000,42.974760000,845.000
-0.187200000,42.974800000,845.000
-0.187180000,42.974810000,845.000
-0.187130000,42.974840000,845.000
-0.187050000,42.974870000,845.000
-0.186970000,42.974900000,845.000
-0.186880000,42.974920000,844.000
-0.186800000,42.974940000,844.000
-0.186700000,42.974960000,844.000
-0.186690000,42.974960000,844.000
-0.186630000,42.974960000,844.000
-0.186600000,42.974970000,844.000
-0.186500000,42.974980000,843.000
-0.186400000,42.974990000,843.000
-0.186310000,42.975010000,843.000
-0.186250000,42.975020000,843.000
-0.186210000,42.975030000,843.000
-0.186110000,42.975060000,842.000
-0.186030000,42.975100000,842.000
-0.185940000,42.975140000,842.000
-0.185860000,42.975180000,842.000
-0.185830000,42.975200000,842.000
-0.185780000,42.975230000,841.000
-0.185750000,42.975250000,841.000
-0.185330000,42.975590000,841.000
-0.185270000,42.975630000,840.000
-0.185150000,42.975690000,840.000
-0.185130000,42.975700000,840.000
-0.185040000,42.975740000,840.000
-0.185000000,42.975750000,840.000
-0.184830000,42.975790000,840.000
-0.184680000,42.975840000,840.000
-0.184620000,42.975850000,840.000
-0.184460000,42.975890000,840.000
-0.184440000,42.975890000,840.000
-0.184340000,42.975920000,840.000
-0.184290000,42.975940000,840.000
-0.184220000,42.975960000,840.000
-0.184100000,42.976000000,840.000
-0.183900000,42.976070000,840.000
-0.183710000,42.976130000,840.000
-0.183490000,42.976220000,840.000
-0.183330000,42.976270000,840.000
-0.183300000,42.976280000,840.000
-0.183230000,42.976300000,840.000
-0.183100000,42.976330000,840.000
-0.183090000,42.976330000,839.000
-0.182850000,42.976400000,839.000
-0.182690000,42.976450000,839.000
-0.182640000,42.976470000,839.000
-0.182520000,42.976510000,839.000
-0.182370000,42.976570000,839.000
-0.182230000,42.976640000,839.000
-0.181620000,42.976920000,838.000
-0.181470000,42.976980000,838.000
-0.181330000,42.977060000,838.000
-0.181140000,42.977170000,837.000
-0.180860000,42.977310000,837.000
-0.180730000,42.977390000,837.000
-0.180620000,42.977420000,837.000
-0.180590000,42.977430000,836.000
-0.180400000,42.977460000,836.000
-0.180300000,42.977470000,836.000
-0.180100000,42.977500000,836.000
-0.179740000,42.977530000,835.000
-0.179450000,42.977560000,835.000
-0.179380000,42.977570000,834.000
-0.179330000,42.977580000,834.000
-0.179180000,42.977590000,834.000
-0.179130000,42.977600000,834.000
-0.178900000,42.977640000,833.000
-0.178580000,42.977720000,833.000
-0.178200000,42.977790000,832.000
-0.178190000,42.977790000,832.000
-0.177970000,42.977840000,832.000
-0.177710000,42.977890000,831.000
-0.177540000,42.977910000,831.000
-0.177470000,42.977920000,831.000
-0.177390000,42.977920000,830.000
-0.177350000,42.977930000,830.000
-0.177260000,42.977950000,830.000
-0.177180000,42.977980000,830.000
-0.177040000,42.978030000,830.000
-0.176860000,42.978110000,829.000
-0.176820000,42.978130000,829.000
-0.176730000,42.978160000,829.000
-0.176630000,42.978190000,829.000
-0.176560000,42.978210000,828.000
-0.176470000,42.978220000,828.000
-0.176290000,42.978240000,828.000
-0.176060000,42.978260000,828.000
-0.175910000,42.978260000,827.000
-0.175790000,42.978270000,827.000
-0.175660000,42.978270000,827.000
-0.175600000,42.978270000,827.000
-0.175420000,42.978250000,827.000
-0.175280000,42.978230000,827.000
-0.175070000,42.978200000,827.000
-0.174680000,42.978190000,827.000
-0.174530000,42.978190000,828.000
-0.174420000,42.978190000,828.000
-0.174300000,42.978200000,828.000
-0.174230000,42.978200000,828.000
-0.174190000,42.978210000,828.000
-0.174090000,42.978220000,828.000
-0.173980000,42.978220000,828.000
-0.173930000,42.978220000,829.000
-0.173530000,42.978220000,829.000
-0.173480000,42.978230000,829.000
-0.173330000,42.978230000,829.000
-0.173070000,42.978260000,829.000
-0.172990000,42.978270000,830.000
-0.172840000,42.978300000,830.000
-0.172660000,42.978360000,830.000
-0.172560000,42.978400000,831.000
-0.172410000,42.978460000,831.000
-0.172360000,42.978480000,831.000
-0.172290000,42.978510000,831.000
-0.172180000,42.978550000,831.000
-0.172150000,42.978570000,832.000
-0.172080000,42.978600000,832.000
-0.171920000,42.978670000,832.000
-0.171730000,42.978750000,832.000
-0.171680000,42.978770000,833.000
-0.171650000,42.978780000,833.000
-0.171440000,42.978870000,833.000
-0.171390000,42.978890000,833.000
-0.171210000,42.978940000,834.000
-0.171160000,42.978960000,834.000
-0.171030000,42.978990000,834.000
-0.170930000,42.979010000,834.000
-0.170780000,42.979020000,835.000
-0.170740000,42.979020000,835.000
-0.170660000,42.979020000,835.000
-0.170580000,42.979020000,835.000
-0.170530000,42.979020000,835.000
-0.170490000,42.979020000,836.000
-0.170390000,42.979030000,836.000
-0.170310000,42.979030000,836.000
-0.170250000,42.979040000,836.000
-0.170150000,42.979060000,836.000
-0.170080000,42.979080000,836.000
-0.170020000,42.979100000,837.000
-0.169920000,42.979140000,837.000
-0.169770000,42.979210000,837.000
-0.169590000,42.979310000,837.000
-0.169420000,42.979390000,838.000
-0.169220000,42.979450000,838.000
-0.169170000,42.979460000,839.000
-0.169100000,42.979480000,839.000
-0.169020000,42.979500000,839.000
-0.168940000,42.979520000,839.000
-0.168880000,42.979540000,840.000
-0.168710000,42.979580000,840.000
-0.168620000,42.979600000,840.000
-0.168560000,42.979620000,840.000
-0.168470000,42.979640000,840.000
-0.168310000,42.979680000,840.000
-0.168140000,42.979730000,839.000
-0.168030000,42.979760000,839.000
-0.167940000,42.979780000,838.000
-0.167850000,42.979790000,838.000
-0.167770000,42.979800000,838.000
-0.167690000,42.979800000,837.000
-0.167600000,42.979800000,837.000
-0.167160000,42.979770000,836.000
-0.166760000,42.979750000,835.000
-0.166740000,42.979750000,835.000
-0.166500000,42.979750000,834.000
-0.166320000,42.979750000,833.000
-0.166230000,42.979750000,833.000
-0.166120000,42.979750000,832.000
-0.165850000,42.979720000,831.000
-0.165570000,42.979680000,830.000
-0.165440000,42.979660000,830.000
-0.165360000,42.979650000,829.000
-0.165260000,42.979650000,828.000
-0.165010000,42.979670000,828.000
-0.164770000,42.979690000,827.000
-0.164000000,42.979760000,825.000
-0.163900000,42.979770000,824.000
-0.163710000,42.979760000,823.000
-0.163610000,42.979750000,822.000
-0.163570000,42.979750000,821.000
-0.163240000,42.979710000,821.000
-0.162890000,42.979650000,820.000
-0.162650000,42.979610000,820.000
-0.162610000,42.979600000,819.000
-0.162470000,42.979590000,819.000
-0.162320000,42.979580000,818.000
-0.162130000,42.979590000,818.000
-0.161890000,42.979600000,818.000
-0.161670000,42.979620000,817.000
-0.161370000,42.979640000,817.000
-0.161180000,42.979650000,816.000
-0.160630000,42.979690000,815.000
-0.160580000,42.979700000,814.000
-0.159870000,42.979750000,812.000
-0.159690000,42.979770000,810.000
-0.159540000,42.979800000,808.000
-0.159160000,42.979900000,806.000
-0.159020000,42.979930000,805.000
-0.158890000,42.979970000,803.000
-0.158790000,42.979990000,802.000
-0.158560000,42.980040000,801.000
-0.158530000,42.980050000,800.000
-0.158080000,42.980140000,799.000
-0.158010000,42.980150000,798.000
-0.157840000,42.980180000,797.000
-0.157700000,42.980210000,796.000
-0.156900000,42.980390000,794.000
-0.156670000,42.980440000,793.000
-0.156440000,42.980490000,791.000
-0.156330000,42.980510000,790.000
-0.154930000,42.980810000,787.000
-0.154570000,42.980900000,785.000
-0.154440000,42.980940000,783.000
-0.154290000,42.980990000,782.000
-0.153990000,42.981140000,781.000
-0.153560000,42.981390000,780.000
-0.153170000,42.981610000,779.000
-0.152840000,42.981800000,778.000
-0.152630000,42.981910000,777.000
-0.152160000,42.982170000,775.000
-0.152140000,42.982180000,774.000
-0.151780000,42.982360000,772.000
-0.151550000,42.982460000,771.000
-0.151310000,42.982530000,770.000
-0.151260000,42.982540000,769.000
-0.150270000,42.982760000,767.000
-0.149830000,42.982860000,765.000
-0.149590000,42.982940000,764.000
-0.149450000,42.982980000,763.000
-0.149190000,42.983080000,763.000
-0.148700000,42.983300000,762.000
-0.148590000,42.983350000,762.000
-0.148390000,42.983410000,762.000
-0.148370000,42.983410000,761.000
-0.148250000,42.983440000,761.000
-0.148130000,42.983470000,761.000
-0.147840000,42.983520000,761.000
-0.147090000,42.983590000,761.000
-0.146690000,42.983630000,760.000
-0.146590000,42.983640000,760.000
-0.146330000,42.983670000,760.000
-0.146200000,42.983700000,760.000
-0.146100000,42.983730000,760.000
-0.146050000,42.983750000,760.000
-0.145890000,42.983830000,760.000
-0.145870000,42.983840000,760.000
-0.145410000,42.984110000,760.000
-0.145060000,42.984380000,759.000
-0.144790000,42.984560000,758.000
-0.144720000,42.984610000,758.000
-0.144160000,42.985020000,757.000
-0.144060000,42.985090000,756.000
-0.144020000,42.985120000,755.000
-0.143980000,42.985140000,755.000
-0.143920000,42.985180000,754.000
-0.143570000,42.985340000,754.000
-0.143490000,42.985370000,753.000
-0.143200000,42.985440000,753.000
-0.143150000,42.985450000,752.000
-0.143110000,42.985460000,752.000
-0.142920000,42.985500000,751.000
-0.142840000,42.985520000,751.000
-0.142240000,42.985710000,749.000
-0.142190000,42.985730000,749.000
-0.142170000,42.985730000,748.000
-0.141740000,42.985900000,747.000
-0.141590000,42.985970000,746.000
-0.141550000,42.985990000,746.000
-0.141380000,42.986060000,745.000
-0.141340000,42.986080000,744.000
-0.141170000,42.986160000,744.000
-0.140660000,42.986370000,743.000
-0.140530000,42.986420000,742.000
-0.140490000,42.986440000,741.000
-0.140310000,42.986510000,740.000
-0.140270000,42.986520000,740.000
-0.140220000,42.986540000,739.000
-0.139920000,42.986640000,738.000
-0.139860000,42.986650000,738.000
-0.139820000,42.986660000,737.000
-0.139720000,42.986690000,737.000
-0.139590000,42.986740000,736.000
-0.139410000,42.986810000,736.000
-0.138960000,42.987010000,735.000
-0.138840000,42.987060000,734.000
-0.138790000,42.987080000,733.000
-0.138740000,42.987100000,733.000
-0.138320000,42.987280000,732.000
-0.138280000,42.987300000,732.000
-0.137750000,42.987520000,731.000
-0.137460000,42.987630000,731.000
-0.137290000,42.987700000,730.000
-0.137240000,42.987720000,730.000
-0.136720000,42.987920000,730.000
-0.136590000,42.987960000,729.000
-0.136500000,42.988000000,729.000
-0.136410000,42.988020000,729.000
-0.136290000,42.988060000,728.000
-0.136100000,42.988100000,728.000
-0.136050000,42.988120000,728.000
-0.135820000,42.988180000,727.000
-0.135590000,42.988240000,727.000
-0.135570000,42.988240000,727.000
-0.135310000,42.988320000,727.000
-0.135140000,42.988380000,726.000
-0.134970000,42.988460000,726.000
-0.134940000,42.988480000,726.000
-0.134760000,42.988580000,726.000
-0.134740000,42.988590000,725.000
-0.134540000,42.988710000,725.000
-0.134530000,42.988720000,725.000
-0.134310000,42.988830000,725.000
-0.134090000,42.988910000,724.000
-0.133920000,42.988980000,724.000
-0.133850000,42.989000000,724.000
-0.133690000,42.989050000,724.000
-0.133590000,42.989090000,723.000
-0.133460000,42.989140000,723.000
-0.133370000,42.989180000,723.000
-0.133270000,42.989230000,723.000
-0.133200000,42.989270000,722.000
-0.133110000,42.989330000,722.000
-0.133030000,42.989400000,722.000
-0.132980000,42.989440000,722.000
-0.132690000,42.989700000,722.000
-0.132610000,42.989770000,721.000
-0.132490000,42.989850000,721.000
-0.132360000,42.989920000,721.000
-0.132220000,42.989960000,720.000
-0.132140000,42.989980000,720.000
-0.132070000,42.989990000,719.000
-0.131980000,42.990010000,719.000
-0.131900000,42.990020000,718.000
-0.131820000,42.990040000,718.000
-0.131720000,42.990060000,718.000
-0.131620000,42.990090000,717.000
-0.131500000,42.990140000,717.000
-0.131450000,42.990170000,716.000
-0.131370000,42.990220000,716.000
-0.131220000,42.990360000,715.000
-0.131140000,42.990440000,715.000
-0.130950000,42.990650000,714.000
-0.130860000,42.990740000,713.000
-0.130770000,42.990810000,712.000
-0.130590000,42.990970000,711.000
-0.130350000,42.991130000,710.000
-0.130180000,42.991250000,709.000
-0.129990000,42.991380000,708.000
-0.129810000,42.991510000,707.000
-0.129690000,42.991590000,706.000
-0.129530000,42.991690000,705.000
-0.129430000,42.991730000,704.000
-0.129300000,42.991770000,704.000
-0.129280000,42.991770000,703.000
-0.129200000,42.991790000,703.000
-0.129160000,42.991800000,702.000
-0.129110000,42.991810000,702.000
-0.128450000,42.991910000,701.000
-0.128390000,42.991920000,700.000
-0.128120000,42.991990000,699.000
-0.127960000,42.992050000,698.000
-0.127940000,42.992060000,698.000
-0.127780000,42.992140000,697.000
-0.127720000,42.992170000,697.000
-0.127320000,42.992390000,696.000
-0.127290000,42.992400000,695.000
-0.127060000,42.992490000,694.000
-0.126800000,42.992590000,694.000
-0.126720000,42.992610000,693.000
-0.126600000,42.992640000,692.000
-0.126340000,42.992680000,692.000
-0.126070000,42.992730000,691.000
-0.125950000,42.992750000,690.000
-0.125870000,42.992760000,690.000
-0.125830000,42.992770000,689.000
-0.125720000,42.992800000,688.000
-0.125580000,42.992850000,688.000
-0.125570000,42.992850000,687.000
-0.125430000,42.992910000,686.000
-0.125030000,42.993210000,685.000
-0.124680000,42.993440000,682.000
-0.124250000,42.993740000,680.000
-0.124080000,42.994090000,677.000
-0.123960000,42.994220000,674.000
-0.123940000,42.994240000,672.000
-0.123900000,42.994270000,671.000
-0.123830000,42.994320000,670.000
-0.123670000,42.994430000,669.000
-0.123500000,42.994510000,668.000
-0.123290000,42.994590000,666.000
-0.123160000,42.994660000,665.000
-0.122940000,42.994740000,664.000
-0.122500000,42.994860000,662.000
-0.122170000,42.994940000,660.000
-0.121790000,42.995040000,658.000
-0.121780000,42.995040000,656.000
-0.121460000,42.995110000,655.000
-0.121270000,42.995130000,653.000
-0.121130000,42.995130000,652.000
-0.121030000,42.995110000,651.000
-0.120980000,42.995100000,650.000
-0.120940000,42.995090000,650.000
-0.120890000,42.995080000,649.000
-0.120700000,42.995020000,648.000
-0.120640000,42.994970000,648.000
-0.120500000,42.994920000,647.000
-0.120410000,42.994890000,646.000
-0.120220000,42.994840000,645.000
-0.120100000,42.994820000,645.000
-0.120020000,42.994820000,644.000
-0.119770000,42.994860000,643.000
-0.119190000,42.994940000,641.000
-0.119090000,42.994980000,640.000
-0.118710000,42.995020000,638.000
-0.118610000,42.995040000,637.000
-0.118470000,42.995080000,635.000
-0.118460000,42.995090000,635.000
-0.118390000,42.995110000,634.000
-0.118330000,42.995140000,633.000
-0.118240000,42.995180000,633.000
-0.118180000,42.995220000,632.000
-0.118160000,42.995230000,632.000
-0.118100000,42.995260000,631.000
-0.118070000,42.995280000,631.000
-0.117980000,42.995330000,630.000
-0.117890000,42.995390000,630.000
-0.117820000,42.995460000,629.000
-0.117790000,42.995500000,629.000
-0.117760000,42.995610000,628.000
-0.117760000,42.995690000,627.000
-0.117740000,42.995820000,626.000
-0.117710000,42.995930000,626.000
-0.117710000,42.995950000,625.000
-0.117670000,42.996090000,624.000
-0.117570000,42.996460000,622.000
-0.117570000,42.996470000,621.000
-0.117520000,42.996630000,620.000
-0.117400000,42.996980000,618.000
-0.117290000,42.997330000,615.000
-0.117170000,42.997540000,613.000
-0.117090000,42.997660000,611.000
-0.117070000,42.997680000,609.000
-0.116980000,42.997770000,608.000
-0.116940000,42.997810000,607.000
-0.116800000,42.997930000,606.000
-0.116620000,42.998040000,604.000
-0.116440000,42.998140000,603.000
-0.116430000,42.998150000,603.000
-0.116230000,42.998230000,602.000
-0.116000000,42.998340000,601.000
-0.115820000,42.998400000,600.000
-0.115640000,42.998440000,599.000
-0.115490000,42.998460000,598.000
-0.115340000,42.998470000,597.000
-0.115200000,42.998460000,596.000
-0.115100000,42.998450000,595.000
-0.114910000,42.998470000,594.000
-0.114480000,42.998570000,593.000
-0.114450000,42.998580000,592.000
-0.114260000,42.998630000,591.000
-0.114250000,42.998630000,591.000
-0.114070000,42.998640000,590.000
-0.113900000,42.998630000,589.000
-0.113610000,42.998620000,588.000
-0.113520000,42.998620000,587.000
-0.113450000,42.998630000,587.000
-0.113320000,42.998640000,586.000
-0.113280000,42.998650000,585.000
-0.113170000,42.998680000,585.000
-0.113030000,42.998730000,584.000
-0.112870000,42.998810000,584.000
-0.112550000,42.999010000,582.000
-0.112130000,42.999240000,581.000
-0.112020000,42.999270000,579.000
-0.111930000,42.999290000,578.000
-0.111840000,42.999300000,577.000
-0.111740000,42.999290000,575.000
-0.111690000,42.999270000,574.000
-0.111630000,42.999250000,574.000
-0.111610000,42.999230000,573.000
-0.111580000,42.999220000,572.000
-0.111530000,42.999180000,572.000
-0.111500000,42.999140000,571.000
-0.111480000,42.999120000,570.000
-0.111460000,42.999110000,570.000
-0.111430000,42.999100000,569.000
-0.111380000,42.999080000,569.000
-0.111310000,42.999070000,568.000
-0.111240000,42.999070000,568.000
-0.111150000,42.999070000,567.000
-0.111030000,42.999080000,566.000
-0.110910000,42.999100000,565.000
-0.110750000,42.999120000,563.000
-0.110670000,42.999130000,562.000
-0.110530000,42.999140000,561.000
-0.110320000,42.999150000,559.000
-0.109910000,42.999160000,557.000
-0.109720000,42.999170000,554.000
-0.109420000,42.999180000,552.000
-0.109280000,42.999190000,551.000
-0.109180000,42.999210000,550.000
-0.109110000,42.999220000,549.000
-0.109000000,42.999260000,548.000
-0.108980000,42.999270000,548.000
-0.108900000,42.999320000,547.000
-0.108850000,42.999350000,547.000
-0.108800000,42.999390000,547.000
-0.108760000,42.999430000,546.000
-0.108730000,42.999470000,546.000
-0.108720000,42.999500000,546.000
-0.108710000,42.999540000,545.000
-0.108710000,42.999690000,545.000
-0.108710000,42.999720000,545.000
-0.108720000,42.999830000,544.000
-0.108710000,42.999910000,544.000
-0.108720000,43.000010000,544.000
-0.108710000,43.000080000,543.000
-0.108700000,43.000130000,543.000
-0.108650000,43.000290000,542.000
-0.108610000,43.000400000,542.000
-0.108590000,43.000430000,541.000
-0.108500000,43.000550000,541.000
-0.108480000,43.000590000,540.000
-0.108390000,43.000760000,539.000
-0.108290000,43.000930000,538.000
-0.108190000,43.001060000,536.000
-0.107990000,43.001310000,534.000
-0.107910000,43.001380000,533.000
-0.107640000,43.001630000,531.000
-0.107540000,43.001740000,529.000
-0.107490000,43.001790000,528.000
-0.107180000,43.002170000,525.000
-0.106900000,43.002510000,523.000
-0.106840000,43.002580000,521.000
-0.106700000,43.002720000,519.000
-0.106560000,43.002840000,517.000
-0.106270000,43.003040000,515.000
-0.106060000,43.003220000,513.000
-0.105920000,43.003380000,512.000
-0.105800000,43.003560000,510.000
-0.105720000,43.003650000,508.000
-0.105680000,43.003680000,507.000
-0.105620000,43.003730000,506.000
-0.105420000,43.003850000,505.000
-0.105170000,43.003970000,503.000
-0.104940000,43.004080000,502.000
-0.104770000,43.004200000,500.000
-0.104650000,43.004300000,498.000
-0.104570000,43.004360000,497.000
-0.104260000,43.004670000,494.000
-0.104200000,43.004720000,493.000
-0.104150000,43.004770000,491.000
-0.104100000,43.004800000,490.000
-0.103960000,43.004840000,489.000
-0.103770000,43.004870000,488.000
-0.103720000,43.004870000,487.000
-0.103530000,43.004890000,486.000
-0.103330000,43.004910000,485.000
-0.103260000,43.004920000,484.000
-0.103130000,43.004950000,483.000
-0.103130000,43.004950000,482.000
-0.103120000,43.004870000,481.000
-0.103120000,43.004830000,481.000
-0.103110000,43.004750000,480.000
-0.103110000,43.004680000,479.000
-0.103120000,43.004620000,479.000
-0.103140000,43.004570000,478.000
-0.103150000,43.004530000,477.000
-0.103170000,43.004510000,477.000
-0.103210000,43.004440000,476.000
-0.103230000,43.004410000,476.000
-0.103250000,43.004390000,476.000
-0.103250000,43.004370000,475.000
-0.103250000,43.004360000,475.000
-0.103240000,43.004340000,475.000
-0.103240000,43.004330000,474.000
-0.103170000,43.004250000,474.000
-0.103150000,43.004220000,474.000
-0.103100000,43.004140000,473.000
-0.103070000,43.004080000,472.000
-0.103060000,43.004060000,472.000
-0.103040000,43.004000000,471.000
-0.103030000,43.003950000,471.000
-0.103030000,43.003900000,470.000
-0.103020000,43.003860000,470.000
-0.102990000,43.003730000,469.000
-0.102990000,43.003730000,469.000
-0.102970000,43.003620000,468.000
-0.102960000,43.003560000,467.000
-0.102960000,43.003540000,467.000
-0.102970000,43.003520000,466.000
-0.103030000,43.003450000,466.000
-0.103060000,43.003410000,466.000
-0.103080000,43.003380000,465.000
-0.103090000,43.003360000,465.000
-0.103100000,43.003320000,465.000
-0.103110000,43.003280000,464.000
-0.103110000,43.003280000,464.000
-0.103050000,43.003220000,464.000
-0.103020000,43.003190000,463.000
-0.102960000,43.003150000,463.000
-0.102880000,43.003110000,462.000
-0.102830000,43.003100000,462.000
-0.102800000,43.003090000,462.000
-0.102720000,43.003080000,461.000
-0.102700000,43.003070000,461.000
-0.102600000,43.003060000,461.000
-0.102520000,43.003040000,460.000
-0.102490000,43.003030000,460.000
-0.102430000,43.003020000,460.000
-0.102370000,43.003000000,459.000
-0.102260000,43.002940000,459.000
-0.102170000,43.002900000,458.000
-0.101950000,43.002810000,457.000
-0.101910000,43.002790000,457.000
-0.101900000,43.002790000,456.000
-0.101860000,43.002770000,456.000
-0.101730000,43.002730000,455.000
-0.101730000,43.002730000,455.000
-0.101590000,43.002690000,454.000
-0.101490000,43.002630000,454.000
-0.101370000,43.002570000,453.000
-0.101300000,43.002540000,452.000
-0.100930000,43.002350000,452.000
-0.100700000,43.002240000,452.000
-0.100420000,43.002090000,451.000
-0.100060000,43.001890000,451.000
-0.100010000,43.001860000,451.000
-0.099930000,43.001820000,450.000
-0.099870000,43.001780000,450.000
-0.099590000,43.001640000,450.000
-0.099560000,43.001600000,450.000
-0.099510000,43.001570000,450.000
-0.099420000,43.001520000,450.000
-0.099420000,43.001520000,450.000
-0.099420000,43.001510000,450.000
-0.099420000,43.001500000,450.000
-0.099410000,43.001490000,450.000
-0.099400000,43.001480000,450.000
-0.099400000,43.001470000,450.000
-0.099390000,43.001470000,450.000
-0.099390000,43.001460000,449.000
-0.099380000,43.001460000,449.000
-0.099370000,43.001450000,449.000
-0.099360000,43.001450000,449.000
-0.099360000,43.001440000,449.000
-0.099350000,43.001440000,449.000
-0.099340000,43.001440000,449.000
-0.099330000,43.001440000,449.000
-0.099330000,43.001430000,449.000
-0.099320000,43.001430000,449.000
-0.099310000,43.001430000,449.000
-0.099300000,43.001430000,449.000
-0.099290000,43.001430000,449.000
-0.099280000,43.001430000,449.000
-0.099070000,43.001280000,449.000
-0.098680000,43.000970000,449.000
-0.098590000,43.000910000,449.000
-0.098530000,43.000890000,449.000
-0.098220000,43.000690000,449.000
-0.097680000,43.000340000,448.000
-0.097640000,43.000310000,448.000
-0.097480000,43.000210000,448.000
-0.097130000,42.999980000,448.000
-0.097040000,42.999910000,447.000
-0.096970000,42.999860000,447.000
-0.096900000,42.999820000,447.000
-0.096520000,42.999560000,446.000
-0.096440000,42.999500000,446.000
-0.096350000,42.999440000,446.000
-0.096130000,42.999300000,445.000
-0.096100000,42.999280000,445.000
-0.095450000,42.998840000,445.000
-0.095360000,42.998780000,444.000
-0.095250000,42.998700000,444.000
-0.095200000,42.998670000,444.000
-0.094630000,42.998270000,443.000
-0.094550000,42.998220000,442.000
-0.094550000,42.998220000,442.000
-0.094540000,42.998210000,442.000
-0.094450000,42.998150000,442.000
-0.094420000,42.998130000,442.000
-0.094340000,42.998080000,441.000
-0.094090000,42.997930000,441.000
-0.093700000,42.997690000,441.000
-0.093640000,42.997650000,440.000
-0.093560000,42.997600000,440.000
-0.093290000,42.997420000,440.000
-0.093180000,42.997350000,439.000
-0.092930000,42.997180000,439.000
-0.092800000,42.997090000,438.000
-0.092640000,42.996990000,438.000
-0.092590000,42.996960000,437.000
-0.092260000,42.996740000,437.000
-0.092180000,42.996680000,436.000
-0.092130000,42.996610000,436.000
-0.092110000,42.996590000,436.000
-0.092040000,42.996440000,435.000
-0.092030000,42.996420000,435.000
-0.091990000,42.996330000,435.000
-0.091920000,42.996110000,434.000
-0.091910000,42.996070000,434.000
-0.091900000,42.996060000,434.000
-0.091800000,42.995780000,434.000
-0.091690000,42.995480000,433.000
-0.091670000,42.995430000,433.000
-0.091630000,42.995310000,433.000
-0.091600000,42.995200000,432.000
-0.091600000,42.995190000,432.000
-0.091580000,42.995040000,432.000
-0.091570000,42.994760000,432.000
-0.091570000,42.994660000,432.000
-0.091580000,42.994650000,431.000
-0.091560000,42.994590000,431.000
-0.091550000,42.994550000,431.000
-0.091510000,42.994430000,431.000
-0.091440000,42.994260000,431.000
-0.091370000,42.994090000,431.000
-0.091080000,42.993500000,430.000
-0.090920000,42.993180000,429.000
-0.090840000,42.993000000,429.000
-0.090720000,42.992760000,428.000
-0.090570000,42.992460000,428.000
-0.090320000,42.991970000,427.000
-0.090270000,42.991850000,427.000
-0.090170000,42.991630000,427.000
-0.090110000,42.991470000,427.000
-0.090100000,42.991460000,427.000
-0.090050000,42.991280000,427.000
-0.089890000,42.990790000,428.000
-0.089750000,42.990320000,428.000
-0.089650000,42.990010000,428.000
-0.089620000,42.989900000,428.000
-0.089590000,42.989760000,428.000
-0.089490000,42.989500000,428.000
-0.089440000,42.989400000,428.000
-0.089300000,42.989070000,428.000
-0.089230000,42.988920000,428.000
-0.089220000,42.988900000,428.000
-0.089190000,42.988820000,428.000
-0.088980000,42.988340000,428.000
-0.088940000,42.988240000,429.000
-0.088930000,42.988220000,429.000
-0.088860000,42.988010000,429.000
-0.088720000,42.987540000,429.000
-0.088690000,42.987420000,429.000
-0.088610000,42.987020000,429.000
-0.088540000,42.986740000,430.000
-0.088520000,42.986630000,430.000
-0.088500000,42.986550000,430.000
-0.088460000,42.986450000,430.000
-0.088470000,42.986410000,430.000
-0.088460000,42.986390000,430.000
-0.088440000,42.986340000,430.000
-0.088390000,42.986210000,431.000
-0.088370000,42.986170000,431.000
-0.088260000,42.985930000,431.000
-0.088020000,42.985420000,431.000
-0.088010000,42.985400000,431.000
-0.088000000,42.985400000,431.000
-0.087990000,42.985370000,431.000
-0.087940000,42.985330000,431.000
-0.087650000,42.984740000,431.000
-0.087500000,42.984470000,431.000
-0.087480000,42.984430000,431.000
-0.087420000,42.984310000,431.000
-0.087380000,42.984260000,431.000
-0.087290000,42.984130000,431.000
-0.087180000,42.983970000,431.000
-0.087050000,42.983820000,431.000
-0.087030000,42.983790000,431.000
-0.086840000,42.983600000,431.000
-0.086450000,42.983200000,431.000
-0.086280000,42.983020000,431.000
-0.085990000,42.982720000,432.000
-0.085770000,42.982490000,432.000
-0.085200000,42.981910000,432.000
-0.084830000,42.981530000,433.000
-0.084670000,42.981370000,433.000
-0.083990000,42.980680000,433.000
-0.083580000,42.980270000,434.000
-0.083370000,42.980040000,434.000
-0.083090000,42.979730000,434.000
-0.082920000,42.979540000,435.000
-0.082920000,42.979540000,435.000
-0.082810000,42.979410000,435.000
-0.082620000,42.979180000,435.000
-0.082400000,42.978920000,435.000
-0.081960000,42.978360000,436.000
-0.081860000,42.978250000,436.000
-0.081730000,42.978090000,436.000
-0.081600000,42.977930000,437.000
-0.081520000,42.977830000,437.000
-0.081450000,42.977740000,437.000
-0.081410000,42.977690000,437.000
-0.081290000,42.977540000,437.000
-0.081190000,42.977430000,437.000
-0.081010000,42.977200000,438.000
-0.080790000,42.976950000,438.000
-0.080560000,42.976700000,438.000
-0.080380000,42.976530000,438.000
-0.080230000,42.976380000,438.000
-0.080120000,42.976280000,439.000
-0.079850000,42.976000000,439.000
-0.079600000,42.975770000,439.000
-0.079480000,42.975670000,439.000
-0.079350000,42.975560000,440.000
-0.079200000,42.975470000,440.000
-0.078980000,42.975330000,440.000
-0.078650000,42.975150000,440.000
-0.078620000,42.975140000,440.000
-0.078430000,42.975050000,441.000
-0.078330000,42.975010000,441.000
-0.078180000,42.974960000,441.000
-0.077850000,42.974830000,441.000
-0.077550000,42.974710000,441.000
-0.077320000,42.974610000,441.000
-0.077100000,42.974520000,441.000
-0.076940000,42.974450000,441.000
-0.076800000,42.974380000,441.000
-0.076600000,42.974240000,441.000
-0.076420000,42.974090000,442.000
-0.076270000,42.973940000,442.000
-0.076230000,42.973900000,442.000
-0.076180000,42.973840000,442.000
-0.076120000,42.973790000,442.000
-0.076040000,42.973690000,442.000
-0.075990000,42.973620000,442.000
-0.075950000,42.973550000,442.000
-0.075930000,42.973520000,442.000
-0.075820000,42.973290000,443.000
-0.075510000,42.972610000,443.000
-0.075290000,42.972150000,444.000
-0.075190000,42.971930000,444.000
-0.075090000,42.971710000,445.000
-0.075020000,42.971570000,445.000
-0.074920000,42.971350000,446.000
-0.074880000,42.971220000,446.000
-0.074820000,42.971040000,447.000
-0.074770000,42.970840000,447.000
-0.074730000,42.970700000,448.000
-0.074720000,42.970670000,448.000
-0.074670000,42.970520000,449.000
-0.074650000,42.970450000,449.000
-0.074620000,42.970360000,449.000
-0.074600000,42.970270000,450.000
-0.074560000,42.970140000,450.000
-0.074460000,42.969740000,450.000
-0.074430000,42.969640000,451.000
-0.074410000,42.969580000,451.000
-0.074370000,42.969430000,452.000
-0.074330000,42.969290000,452.000
-0.074320000,42.969260000,452.000
-0.074310000,42.969210000,453.000
-0.074290000,42.969150000,453.000
-0.074260000,42.969040000,453.000
-0.074150000,42.968690000,453.000
-0.074070000,42.968400000,454.000
-0.074040000,42.968280000,454.000
-0.074010000,42.968160000,455.000
-0.073920000,42.967850000,455.000
-0.073850000,42.967630000,456.000
-0.073840000,42.967600000,456.000
-0.073800000,42.967460000,456.000
-0.073790000,42.967430000,456.000
-0.073700000,42.967140000,457.000
-0.073650000,42.966900000,457.000
-0.073630000,42.966810000,458.000
-0.073570000,42.966440000,458.000
-0.073590000,42.966390000,458.000
-0.073570000,42.966330000,459.000
-0.073540000,42.966260000,459.000
-0.073540000,42.966260000,459.000
-0.073550000,42.966260000,459.000
-0.073560000,42.966250000,459.000
-0.073570000,42.966240000,460.000
-0.073580000,42.966240000,460.000
-0.073590000,42.966230000,460.000
-0.073600000,42.966220000,460.000
-0.073600000,42.966210000,460.000
-0.073610000,42.966210000,460.000
-0.073620000,42.966200000,460.000
-0.073620000,42.966190000,460.000
-0.073620000,42.966180000,460.000
-0.073630000,42.966170000,460.000
-0.073630000,42.966160000,460.000
-0.073630000,42.966150000,460.000
-0.073630000,42.966140000,460.000
-0.073630000,42.966130000,460.000
-0.073630000,42.966120000,460.000
-0.073630000,42.966110000,460.000
-0.073620000,42.966100000,460.000
-0.073620000,42.966090000,460.000
-0.073610000,42.966080000,460.000
-0.073600000,42.966070000,460.000
-0.073720000,42.965910000,460.000
-0.073740000,42.965900000,460.000
-0.073760000,42.965850000,461.000
-0.073830000,42.965700000,461.000
-0.073870000,42.965580000,461.000
-0.073910000,42.965460000,461.000
-0.074000000,42.965130000,462.000
-0.074200000,42.964440000,463.000
-0.074250000,42.964260000,464.000
-0.074310000,42.964070000,464.000
-0.074410000,42.963720000,465.000
-0.074510000,42.963370000,466.000
-0.074520000,42.963310000,467.000
-0.074520000,42.963140000,468.000
-0.074520000,42.963060000,468.000
-0.074510000,42.962510000,470.000
-0.074510000,42.962130000,471.000
-0.074510000,42.961830000,472.000
-0.074500000,42.961710000,473.000
-0.074500000,42.961410000,474.000
-0.074500000,42.961230000,475.000
-0.074500000,42.961200000,475.000
-0.074510000,42.961040000,476.000
-0.074510000,42.961020000,476.000
-0.074520000,42.960680000,477.000
-0.074520000,42.960640000,478.000
-0.074510000,42.960340000,479.000
-0.074500000,42.960250000,479.000
-0.074500000,42.960100000,480.000
-0.074500000,42.960030000,481.000
-0.074490000,42.959780000,481.000
-0.074480000,42.959390000,482.000
-0.074480000,42.959160000,483.000
-0.074550000,42.958700000,484.000
-0.074650000,42.958540000,485.000
-0.074770000,42.958350000,486.000
-0.074800000,42.958310000,486.000
-0.074830000,42.958230000,487.000
-0.074890000,42.958110000,487.000
-0.074990000,42.957870000,488.000
-0.075040000,42.957620000,488.000
-0.075070000,42.957530000,489.000
-0.075090000,42.957470000,489.000
-0.075110000,42.957410000,489.000
-0.075120000,42.957340000,489.000
-0.075130000,42.957310000,489.000
-0.075120000,42.957210000,489.000
-0.075120000,42.957110000,489.000
-0.075110000,42.957070000,489.000
-0.075090000,42.957040000,489.000
-0.075060000,42.956990000,489.000
-0.075030000,42.956940000,489.000
-0.075000000,42.956910000,488.000
-0.074970000,42.956880000,488.000
-0.074940000,42.956850000,488.000
-0.074900000,42.956820000,488.000
-0.074840000,42.956800000,488.000
-0.074780000,42.956780000,488.000
-0.074720000,42.956760000,488.000
-0.074650000,42.956740000,488.000
-0.074540000,42.956720000,488.000
-0.074320000,42.956670000,488.000
-0.074130000,42.956600000,488.000
-0.074000000,42.956540000,487.000
-0.073900000,42.956490000,487.000
-0.073660000,42.956350000,487.000
-0.073300000,42.956120000,486.000
-0.073130000,42.956010000,486.000
-0.072810000,42.955800000,485.000
-0.072480000,42.955570000,484.000
-0.072450000,42.955550000,484.000
-0.072340000,42.955470000,483.000
-0.072300000,42.955440000,483.000
-0.072270000,42.955420000,483.000
-0.071910000,42.955170000,482.000
-0.071830000,42.955090000,481.000
-0.071810000,42.955080000,481.000
-0.071600000,42.954920000,481.000
-0.071600000,42.954910000,481.000
-0.071400000,42.954730000,480.000
-0.071280000,42.954590000,480.000
-0.071260000,42.954580000,480.000
-0.071190000,42.954510000,480.000
-0.070990000,42.954280000,479.000
-0.070850000,42.954110000,479.000
-0.070730000,42.953980000,479.000
-0.070690000,42.953910000,479.000
-0.070460000,42.953550000,478.000
-0.070380000,42.953400000,478.000
-0.070270000,42.953210000,479.000
-0.070140000,42.952960000,479.000
-0.070110000,42.952910000,480.000
-0.070030000,42.952740000,480.000
-0.069970000,42.952620000,481.000
-0.069960000,42.952600000,481.000
-0.069950000,42.952570000,482.000
-0.069910000,42.952420000,482.000
-0.069890000,42.952300000,483.000
-0.069890000,42.952270000,483.000
-0.069890000,42.952210000,484.000
-0.069890000,42.952130000,484.000
-0.069870000,42.952090000,484.000
-0.069800000,42.951860000,485.000
-0.069750000,42.951770000,485.000
-0.069680000,42.951700000,486.000
-0.069650000,42.951660000,486.000
-0.069530000,42.951590000,486.000
-0.069500000,42.951580000,486.000
-0.069370000,42.951530000,485.000
-0.069230000,42.951480000,485.000
-0.069010000,42.951400000,484.000
-0.068910000,42.951370000,484.000
-0.068830000,42.951350000,484.000
-0.068600000,42.951260000,483.000
-0.068450000,42.951190000,483.000
-0.068290000,42.951100000,482.000
-0.068260000,42.951080000,482.000
-0.068110000,42.951000000,481.000
-0.068100000,42.951000000,481.000
-0.068040000,42.950950000,480.000
-0.067810000,42.950870000,480.000
-0.067810000,42.950870000,480.000
-0.067810000,42.950850000,479.000
-0.067810000,42.950840000,479.000
-0.067800000,42.950830000,479.000
-0.067800000,42.950810000,479.000
-0.067790000,42.950800000,479.000
-0.067780000,42.950790000,479.000
-0.067770000,42.950780000,479.000
-0.067760000,42.950770000,479.000
-0.067750000,42.950760000,479.000
-0.067740000,42.950750000,479.000
-0.067720000,42.950740000,479.000
-0.067710000,42.950730000,479.000
-0.067690000,42.950720000,479.000
-0.067680000,42.950720000,479.000
-0.067660000,42.950710000,479.000
-0.067650000,42.950710000,479.000
-0.067630000,42.950710000,479.000
-0.067610000,42.950710000,479.000
-0.067590000,42.950710000,479.000
-0.067580000,42.950710000,479.000
-0.067560000,42.950710000,479.000
-0.067350000,42.950580000,479.000
-0.067200000,42.950520000,479.000
-0.066890000,42.950430000,479.000
-0.066510000,42.950350000,479.000
-0.066330000,42.950300000,480.000
-0.066270000,42.950290000,480.000
-0.065940000,42.950240000,480.000
-0.065010000,42.950060000,481.000
-0.065000000,42.950060000,481.000
-0.064490000,42.949970000,482.000
-0.064320000,42.949930000,483.000
-0.064200000,42.949900000,483.000
-0.064060000,42.949860000,484.000
-0.063980000,42.949840000,484.000
-0.063840000,42.949790000,485.000
-0.063650000,42.949720000,486.000
-0.063320000,42.949590000,486.000
-0.063120000,42.949500000,487.000
-0.062960000,42.949420000,488.000
-0.062800000,42.949310000,489.000
-0.062370000,42.949050000,490.000
-0.062140000,42.948930000,491.000
-0.061920000,42.948830000,493.000
-0.061750000,42.948750000,494.000
-0.061600000,42.948680000,495.000
-0.061540000,42.948650000,495.000
-0.061400000,42.948580000,496.000
-0.060810000,42.948260000,498.000
-0.060600000,42.948150000,498.000
-0.060450000,42.948070000,499.000
-0.060340000,42.948000000,499.000
-0.060140000,42.947870000,500.000
-0.060040000,42.947810000,500.000
-0.059970000,42.947760000,500.000
-0.059860000,42.947690000,500.000
-0.059810000,42.947660000,500.000
-0.059800000,42.947650000,500.000
-0.059660000,42.947580000,499.000
-0.059650000,42.947570000,499.000
-0.059600000,42.947550000,499.000
-0.059350000,42.947450000,499.000
-0.059020000,42.947330000,499.000
-0.058820000,42.947260000,499.000
-0.058650000,42.947210000,499.000
-0.058000000,42.947080000,499.000
-0.057610000,42.947000000,499.000
-0.057600000,42.947000000,499.000
-0.057320000,42.946930000,499.000
-0.057110000,42.946840000,499.000
-0.056950000,42.946760000,500.000
-0.056880000,42.946720000,500.000
-0.056770000,42.946640000,500.000
-0.056660000,42.946560000,500.000
-0.056570000,42.946470000,500.000
-0.056460000,42.946370000,500.000
-0.056260000,42.946180000,500.000
-0.056070000,42.946010000,500.000
-0.055540000,42.945560000,500.000
-0.055510000,42.945540000,500.000
-0.055470000,42.945500000,500.000
-0.055360000,42.945400000,500.000
-0.055150000,42.945230000,500.000
-0.054740000,42.944900000,500.000
-0.054700000,42.944870000,501.000
-0.054440000,42.944660000,501.000
-0.054260000,42.944520000,501.000
-0.054090000,42.944340000,501.000
-0.053920000,42.944170000,502.000
-0.053880000,42.944130000,502.000
-0.053780000,42.944030000,502.000
-0.053770000,42.944030000,503.000
-0.053730000,42.943980000,503.000
-0.053680000,42.943940000,503.000
-0.053650000,42.943900000,503.000
-0.053420000,42.943600000,503.000
-0.053310000,42.943400000,504.000
-0.053150000,42.943110000,505.000
-0.053120000,42.943060000,506.000
-0.053090000,42.943020000,507.000
-0.053020000,42.942900000,508.000
-0.052990000,42.942850000,509.000
-0.052980000,42.942830000,510.000
-0.052940000,42.942800000,510.000
-0.052850000,42.942700000,511.000
-0.052550000,42.942420000,513.000
-0.052520000,42.942390000,514.000
-0.052440000,42.942320000,515.000
-0.052390000,42.942280000,516.000
-0.052300000,42.942200000,517.000
-0.052290000,42.942180000,518.000
-0.052230000,42.942120000,519.000
-0.052190000,42.942090000,520.000
-0.052150000,42.942050000,520.000
-0.052140000,42.942040000,521.000
-0.052100000,42.941960000,521.000
-0.052090000,42.941900000,522.000
-0.052090000,42.941860000,522.000
-0.052090000,42.941840000,523.000
-0.052100000,42.941760000,523.000
-0.052130000,42.941690000,522.000
-0.052130000,42.941670000,522.000
-0.052160000,42.941610000,522.000
-0.052190000,42.941540000,521.000
-0.052210000,42.941520000,521.000
-0.052240000,42.941470000,521.000
-0.052280000,42.941420000,520.000
-0.052330000,42.941360000,520.000
-0.052360000,42.941330000,519.000
-0.052370000,42.941320000,519.000
-0.052480000,42.941220000,518.000
-0.052490000,42.941200000,518.000
-0.052630000,42.941080000,517.000
-0.052680000,42.941030000,516.000
-0.052770000,42.940950000,516.000
-0.052790000,42.940940000,515.000
-0.052840000,42.940900000,515.000
-0.052950000,42.940800000,514.000
-0.053040000,42.940730000,513.000
-0.053110000,42.940670000,512.000
-0.053120000,42.940670000,512.000
-0.053140000,42.940640000,511.000
-0.053160000,42.940630000,511.000
-0.053190000,42.940590000,511.000
-0.053220000,42.940540000,510.000
-0.053240000,42.940520000,510.000
-0.053260000,42.940490000,509.000
-0.053290000,42.940440000,509.000
-0.053300000,42.940380000,509.000
-0.053310000,42.940350000,508.000
-0.053310000,42.940340000,508.000
-0.053310000,42.940290000,508.000
-0.053310000,42.940260000,508.000
-0.053300000,42.940190000,508.000
-0.053300000,42.940170000,508.000
-0.053290000,42.940140000,508.000
-0.053270000,42.940110000,508.000
-0.053260000,42.940080000,508.000
-0.053200000,42.940000000,509.000
-0.053190000,42.939990000,509.000
-0.053160000,42.939960000,509.000
-0.053120000,42.939930000,509.000
-0.053070000,42.939890000,509.000
-0.052970000,42.939840000,509.000
-0.052920000,42.939810000,510.000
-0.052760000,42.939750000,510.000
-0.052600000,42.939700000,510.000
-0.052540000,42.939680000,511.000
-0.052380000,42.939630000,511.000
-0.052310000,42.939610000,511.000
-0.052190000,42.939570000,512.000
-0.052000000,42.939520000,512.000
-0.051910000,42.939510000,512.000
-0.051740000,42.939480000,513.000
-0.051440000,42.939430000,513.000
-0.051410000,42.939430000,514.000
-0.051220000,42.939390000,514.000
-0.051200000,42.939380000,515.000
-0.051130000,42.939360000,515.000
-0.051040000,42.939340000,515.000
-0.050980000,42.939310000,516.000
-0.050930000,42.939280000,516.000
-0.050920000,42.939280000,516.000
-0.050790000,42.939200000,517.000
-0.050500000,42.939010000,518.000
-0.050430000,42.938950000,518.000
-0.050370000,42.938900000,519.000
-0.050310000,42.938830000,519.000
-0.050290000,42.938800000,520.000
-0.050280000,42.938790000,520.000
-0.050210000,42.938670000,520.000
-0.050190000,42.938640000,521.000
-0.050160000,42.938590000,521.000
-0.050100000,42.938470000,522.000
-0.050070000,42.938420000,522.000
-0.050010000,42.938300000,523.000
-0.049980000,42.938260000,523.000
-0.049830000,42.937970000,524.000
-0.049740000,42.937800000,525.000
-0.049700000,42.937710000,526.000
-0.049650000,42.937630000,526.000
-0.049550000,42.937470000,527.000
-0.049530000,42.937420000,528.000
-0.049500000,42.937380000,529.000
-0.049470000,42.937330000,529.000
-0.049460000,42.937300000,529.000
-0.049450000,42.937290000,530.000
-0.049420000,42.937260000,530.000
-0.049380000,42.937220000,530.000
-0.049330000,42.937160000,531.000
-0.049320000,42.937150000,531.000
-0.049280000,42.937110000,531.000
-0.049240000,42.937080000,532.000
-0.049160000,42.937030000,532.000
-0.049150000,42.937020000,532.000
-0.049100000,42.936990000,532.000
-0.049090000,42.936990000,533.000
-0.049010000,42.936950000,533.000
-0.048950000,42.936930000,533.000
-0.048950000,42.936920000,533.000
-0.048900000,42.936910000,534.000
-0.048880000,42.936900000,534.000
-0.048810000,42.936870000,534.000
-0.048740000,42.936830000,534.000
-0.048680000,42.936790000,535.000
-0.048580000,42.936700000,535.000
-0.048570000,42.936700000,536.000
-0.048520000,42.936620000,536.000
-0.048520000,42.936610000,536.000
-0.048480000,42.936530000,537.000
-0.048480000,42.936510000,537.000
-0.048470000,42.936430000,537.000
-0.048460000,42.936390000,537.000
-0.048460000,42.936350000,537.000
-0.048450000,42.936250000,537.000
-0.048450000,42.936200000,537.000
-0.048450000,42.936120000,537.000
-0.048450000,42.936060000,537.000
-0.048460000,42.935940000,537.000
-0.048470000,42.935850000,537.000
-0.048490000,42.935760000,537.000
-0.048530000,42.935580000,537.000
-0.048570000,42.935410000,537.000
-0.048600000,42.935290000,536.000
-0.048620000,42.935230000,536.000
-0.048670000,42.935080000,536.000
-0.048670000,42.935050000,536.000
-0.048680000,42.934990000,536.000
-0.048670000,42.934900000,536.000
-0.048660000,42.934880000,536.000
-0.048660000,42.934860000,536.000
-0.048620000,42.934790000,536.000
-0.048610000,42.934760000,536.000
-0.048580000,42.934730000,536.000
-0.048560000,42.934710000,536.000
-0.048520000,42.934690000,536.000
-0.048390000,42.934610000,536.000
-0.048370000,42.934600000,537.000
-0.048230000,42.934550000,537.000
-0.048140000,42.934530000,538.000
-0.048060000,42.934510000,538.000
-0.047970000,42.934480000,539.000
-0.047920000,42.934460000,539.000
-0.047870000,42.934440000,540.000
-0.047800000,42.934400000,540.000
-0.047720000,42.934350000,541.000
-0.047660000,42.934320000,541.000
-0.047580000,42.934260000,542.000
-0.047540000,42.934230000,543.000
-0.047490000,42.934190000,543.000
-0.047430000,42.934110000,544.000
-0.047400000,42.934080000,544.000
-0.047270000,42.933930000,545.000
-0.047200000,42.933850000,546.000
-0.047140000,42.933780000,547.000
-0.047010000,42.933620000,548.000
-0.046930000,42.933520000,549.000
-0.046890000,42.933470000,550.000
-0.046770000,42.933310000,551.000
-0.046720000,42.933250000,551.000
-0.046660000,42.933150000,552.000
-0.046630000,42.933070000,552.000
-0.046600000,42.932980000,553.000
-0.046600000,42.932970000,553.000
-0.046520000,42.932810000,554.000
-0.046480000,42.932700000,554.000
-0.046430000,42.932640000,555.000
-0.046330000,42.932470000,555.000
-0.046250000,42.932350000,556.000
-0.046230000,42.932310000,556.000
-0.046210000,42.932280000,557.000
-0.046160000,42.932180000,557.000
-0.046140000,42.932120000,557.000
-0.046100000,42.932000000,558.000
-0.046090000,42.931970000,558.000
-0.046080000,42.931900000,558.000
-0.046070000,42.931860000,559.000
-0.046070000,42.931790000,559.000
-0.046070000,42.931750000,559.000
-0.046070000,42.931660000,559.000
-0.046070000,42.931620000,559.000
-0.046080000,42.931610000,559.000
-0.046100000,42.931490000,559.000
-0.046110000,42.931430000,559.000
-0.046120000,42.931370000,559.000
-0.046130000,42.931260000,559.000
-0.046130000,42.931250000,559.000
-0.046130000,42.931230000,559.000
-0.046130000,42.931150000,559.000
-0.046110000,42.931090000,559.000
-0.046100000,42.931070000,558.000
-0.046080000,42.931020000,558.000
-0.046050000,42.930960000,558.000
-0.046030000,42.930920000,558.000
-0.046020000,42.930900000,558.000
-0.045960000,42.930830000,558.000
-0.045900000,42.930770000,558.000
-0.045880000,42.930760000,558.000
-0.045810000,42.930700000,558.000
-0.045710000,42.930620000,558.000
-0.045540000,42.930490000,558.000
-0.045390000,42.930380000,557.000
-0.045370000,42.930360000,557.000
-0.045220000,42.930270000,557.000
-0.045100000,42.930200000,557.000
-0.044850000,42.930090000,557.000
-0.044770000,42.930060000,558.000
-0.044440000,42.929920000,559.000
-0.044340000,42.929890000,560.000
-0.044220000,42.929850000,561.000
-0.044070000,42.929820000,562.000
-0.043970000,42.929790000,563.000
-0.043880000,42.929760000,563.000
-0.043840000,42.929750000,564.000
-0.043790000,42.929730000,564.000
-0.043730000,42.929700000,565.000
-0.043700000,42.929680000,565.000
-0.043660000,42.929660000,566.000
-0.043510000,42.929530000,566.000
-0.043490000,42.929500000,567.000
-0.043340000,42.929400000,568.000
-0.043260000,42.929330000,569.000
-0.043000000,42.929140000,570.000
-0.042820000,42.929020000,571.000
-0.042800000,42.929000000,572.000
-0.042660000,42.928880000,573.000
-0.042530000,42.928770000,574.000
-0.042520000,42.928760000,575.000
-0.042410000,42.928640000,576.000
-0.042310000,42.928520000,577.000
-0.042250000,42.928460000,578.000
-0.042160000,42.928290000,579.000
-0.042070000,42.928120000,580.000
-0.042060000,42.928110000,581.000
-0.041980000,42.927960000,582.000
-0.041970000,42.927950000,582.000
-0.041890000,42.927770000,583.000
-0.041860000,42.927680000,584.000
-0.041840000,42.927610000,585.000
-0.041840000,42.927590000,585.000
-0.041790000,42.927430000,586.000
-0.041790000,42.927420000,586.000
-0.041770000,42.927340000,587.000
-0.041740000,42.927260000,587.000
-0.041680000,42.927080000,588.000
-0.041670000,42.927060000,588.000
-0.041660000,42.927020000,588.000
-0.041650000,42.926960000,589.000
-0.041650000,42.926910000,589.000
-0.041640000,42.926720000,589.000
-0.041610000,42.926550000,590.000
-0.041610000,42.926530000,590.000
-0.041600000,42.926460000,591.000
-0.041600000,42.926370000,591.000
-0.041610000,42.926280000,591.000
-0.041630000,42.926220000,592.000
-0.041650000,42.926190000,592.000
-0.041660000,42.926180000,592.000
-0.041670000,42.926160000,592.000
-0.041730000,42.926090000,593.000
-0.041790000,42.926050000,593.000
-0.041940000,42.925940000,593.000
-0.041970000,42.925920000,594.000
-0.042050000,42.925850000,594.000
-0.042110000,42.925790000,594.000
-0.042120000,42.925780000,594.000
-0.042140000,42.925740000,595.000
-0.042170000,42.925660000,595.000
-0.042160000,42.925610000,595.000
-0.042160000,42.925590000,595.000
-0.042140000,42.925480000,596.000
-0.042120000,42.925430000,596.000
-0.042110000,42.925410000,596.000
-0.042100000,42.925390000,596.000
-0.042040000,42.925290000,597.000
-0.042020000,42.925270000,597.000
-0.042010000,42.925250000,597.000
-0.041900000,42.925110000,597.000
-0.041840000,42.925020000,598.000
-0.041620000,42.924760000,598.000
-0.041380000,42.924510000,599.000
-0.041370000,42.924500000,600.000
-0.041240000,42.924390000,601.000
-0.041210000,42.924370000,601.000
-0.041200000,42.924350000,601.000
-0.041120000,42.924290000,602.000
-0.041050000,42.924240000,603.000
-0.041030000,42.924220000,603.000
-0.040970000,42.924180000,604.000
-0.040890000,42.924100000,605.000
-0.040890000,42.924090000,606.000
-0.040880000,42.924080000,607.000
-0.040860000,42.924040000,608.000
-0.040850000,42.924010000,608.000
-0.040840000,42.923970000,609.000
-0.040830000,42.923930000,610.000
-0.040830000,42.923920000,611.000
-0.040840000,42.923890000,611.000
-0.040870000,42.923750000,613.000
-0.040880000,42.923730000,614.000
-0.040900000,42.923630000,615.000
-0.040900000,42.923560000,616.000
-0.040900000,42.923550000,618.000
-0.040890000,42.923480000,619.000
-0.040870000,42.923390000,620.000
-0.040840000,42.923300000,622.000
-0.040820000,42.923210000,623.000
-0.040810000,42.923200000,625.000
-0.040760000,42.923040000,627.000
-0.040740000,42.922990000,628.000
-0.040730000,42.922920000,630.000
-0.040730000,42.922860000,631.000
-0.040730000,42.922840000,632.000
-0.040740000,42.922790000,634.000
-0.040770000,42.922690000,635.000
-0.040780000,42.922670000,636.000
-0.040800000,42.922620000,637.000
-0.040810000,42.922570000,638.000
-0.040810000,42.922510000,639.000
-0.040810000,42.922330000,638.000
-0.040810000,42.922280000,638.000
-0.040810000,42.922180000,637.000
-0.040820000,42.922150000,637.000
-0.040820000,42.922110000,636.000
-0.040830000,42.922100000,636.000
-0.040900000,42.921930000,635.000
-0.040930000,42.921870000,634.000
-0.040970000,42.921760000,633.000
-0.040980000,42.921750000,633.000
-0.041000000,42.921670000,632.000
-0.041020000,42.921580000,631.000
-0.041020000,42.921530000,630.000
-0.041020000,42.921440000,629.000
-0.041020000,42.921400000,629.000
-0.041000000,42.921220000,627.000
-0.041000000,42.921190000,627.000
-0.040980000,42.921040000,625.000
-0.040970000,42.920930000,624.000
-0.040950000,42.920870000,623.000
-0.040950000,42.920860000,623.000
-0.040890000,42.920720000,622.000
-0.040870000,42.920700000,621.000
-0.040790000,42.920560000,620.000
-0.040730000,42.920500000,620.000
-0.040630000,42.920430000,620.000
-0.040400000,42.920260000,620.000
-0.040330000,42.920210000,619.000
-0.040300000,42.920170000,619.000
-0.040280000,42.920130000,619.000
-0.040270000,42.920130000,619.000
-0.040260000,42.920080000,619.000
-0.040240000,42.920010000,619.000
-0.040240000,42.919960000,619.000
-0.040270000,42.919800000,619.000
-0.040280000,42.919680000,619.000
-0.040270000,42.919640000,619.000
-0.040260000,42.919620000,619.000
-0.040220000,42.919440000,619.000
-0.040210000,42.919410000,619.000
-0.040190000,42.919330000,619.000
-0.040190000,42.919300000,619.000
-0.040190000,42.919270000,619.000
-0.040190000,42.919210000,619.000
-0.040200000,42.919180000,619.000
-0.040240000,42.919090000,619.000
-0.040320000,42.918940000,618.000
-0.040330000,42.918920000,618.000
-0.040370000,42.918840000,618.000
-0.040400000,42.918750000,617.000
-0.040410000,42.918730000,617.000
-0.040410000,42.918690000,617.000
-0.040400000,42.918650000,617.000
-0.040370000,42.918590000,616.000
-0.040360000,42.918580000,616.000
-0.040320000,42.918520000,616.000
-0.040290000,42.918480000,616.000
-0.040220000,42.918430000,615.000
-0.040080000,42.918310000,615.000
-0.040030000,42.918260000,615.000
-0.039980000,42.918210000,614.000
-0.039950000,42.918160000,614.000
-0.039930000,42.918140000,614.000
-0.039880000,42.918080000,613.000
-0.039870000,42.918040000,613.000
-0.039860000,42.918000000,613.000
-0.039850000,42.917980000,613.000
-0.039850000,42.917940000,612.000
-0.039860000,42.917800000,612.000
-0.039870000,42.917690000,612.000
-0.039870000,42.917650000,611.000
-0.039860000,42.917620000,611.000
-0.039860000,42.917610000,611.000
-0.039840000,42.917540000,611.000
-0.039820000,42.917500000,610.000
-0.039790000,42.917450000,610.000
-0.039780000,42.917440000,610.000
-0.039730000,42.917390000,610.000
-0.039670000,42.917340000,610.000
-0.039630000,42.917310000,610.000
-0.039540000,42.917240000,611.000
-0.039450000,42.917180000,611.000
-0.039270000,42.917070000,612.000
-0.039150000,42.916990000,613.000
-0.039080000,42.916950000,614.000
-0.038890000,42.916840000,614.000
-0.038700000,42.916730000,616.000
-0.038570000,42.916660000,617.000
-0.038510000,42.916610000,617.000
-0.038420000,42.916550000,618.000
-0.038330000,42.916490000,619.000
-0.038280000,42.916450000,620.000
-0.038210000,42.916390000,620.000
-0.038160000,42.916320000,621.000
-0.038110000,42.916250000,622.000
-0.038060000,42.916160000,622.000
-0.037980000,42.915990000,622.000
-0.037900000,42.915820000,623.000
-0.037890000,42.915820000,623.000
-0.037800000,42.915610000,622.000
-0.037730000,42.915480000,622.000
-0.037640000,42.915310000,622.000
-0.037560000,42.915140000,622.000
-0.037490000,42.915010000,621.000
-0.037470000,42.914970000,621.000
-0.037460000,42.914940000,621.000
-0.037380000,42.914810000,621.000
-0.037280000,42.914640000,621.000
-0.037270000,42.914620000,620.000
-0.037180000,42.914450000,620.000
-0.037090000,42.914290000,620.000
-0.037000000,42.914120000,620.000
-0.037000000,42.914110000,620.000
-0.036990000,42.914030000,620.000
-0.036980000,42.913910000,620.000
-0.036990000,42.913840000,620.000
-0.037000000,42.913820000,620.000
-0.037030000,42.913750000,620.000
-0.037080000,42.913650000,620.000
-0.037100000,42.913610000,620.000
-0.037160000,42.913510000,620.000
-0.037170000,42.913480000,620.000
-0.037180000,42.913460000,620.000
-0.037180000,42.913430000,620.000
-0.037200000,42.913360000,620.000
-0.037210000,42.913300000,620.000
-0.037210000,42.913290000,620.000
-0.037210000,42.913260000,620.000
-0.037200000,42.913120000,620.000
-0.037200000,42.913080000,620.000
-0.037210000,42.913050000,620.000
-0.037220000,42.913010000,620.000
-0.037250000,42.912950000,620.000
-0.037260000,42.912910000,620.000
-0.037280000,42.912860000,620.000
-0.037300000,42.912830000,620.000
-0.037330000,42.912780000,620.000
-0.037350000,42.912740000,620.000
-0.037360000,42.912720000,620.000
-0.037390000,42.912650000,620.000
-0.037400000,42.912610000,620.000
-0.037410000,42.912560000,620.000
-0.037420000,42.912510000,620.000
-0.037420000,42.912430000,621.000
-0.037420000,42.912380000,621.000
-0.037410000,42.912330000,621.000
-0.037380000,42.912250000,622.000
-0.037370000,42.912210000,622.000
-0.037320000,42.912080000,622.000
-0.037300000,42.912040000,623.000
-0.037240000,42.911860000,624.000
-0.037200000,42.911720000,624.000
-0.037180000,42.911690000,625.000
-0.037130000,42.911550000,625.000
-0.037120000,42.911520000,626.000
-0.037110000,42.911510000,626.000
-0.037040000,42.911390000,627.000
-0.037030000,42.911380000,627.000
-0.037010000,42.911350000,627.000
-0.036930000,42.911230000,628.000
-0.036910000,42.911190000,628.000
-0.036860000,42.911120000,629.000
-0.036840000,42.911060000,629.000
-0.036810000,42.910970000,630.000
-0.036780000,42.910880000,630.000
-0.036770000,42.910830000,630.000
-0.036750000,42.910710000,630.000
-0.036750000,42.910660000,630.000
-0.036730000,42.910530000,630.000
-0.036720000,42.910490000,630.000
-0.036700000,42.910350000,629.000
-0.036680000,42.910170000,629.000
-0.036670000,42.910130000,629.000
-0.036660000,42.910040000,629.000
-0.036660000,42.909990000,629.000
-0.036640000,42.909850000,628.000
-0.036640000,42.909810000,628.000
-0.036630000,42.909770000,628.000
-0.036620000,42.909630000,628.000
-0.036610000,42.909540000,628.000
-0.036580000,42.909450000,628.000
-0.036530000,42.909280000,627.000
-0.036470000,42.909160000,627.000
-0.036440000,42.909110000,627.000
-0.036380000,42.909000000,627.000
-0.036360000,42.908940000,626.000
-0.036330000,42.908900000,626.000
-0.036330000,42.908890000,626.000
-0.036260000,42.908780000,626.000
-0.036260000,42.908760000,626.000
-0.036240000,42.908740000,626.000
-0.036150000,42.908620000,625.000
-0.036130000,42.908590000,625.000
-0.036020000,42.908500000,625.000
-0.036000000,42.908480000,625.000
-0.035960000,42.908440000,625.000
-0.035860000,42.908340000,624.000
-0.035850000,42.908330000,624.000
-0.035710000,42.908170000,624.000
-0.035380000,42.907700000,623.000
-0.035240000,42.907550000,623.000
-0.035200000,42.907500000,622.000
-0.035110000,42.907400000,621.000
-0.035080000,42.907370000,621.000
-0.035040000,42.907330000,620.000
-0.035010000,42.907270000,620.000
-0.035000000,42.907250000,619.000
-0.034990000,42.907240000,619.000
-0.034940000,42.907090000,618.000
-0.034930000,42.907070000,618.000
-0.034930000,42.907060000,617.000
-0.034880000,42.906930000,617.000
-0.034880000,42.906920000,616.000
-0.034870000,42.906900000,616.000
-0.034820000,42.906790000,615.000
-0.034780000,42.906730000,615.000
-0.034710000,42.906640000,614.000
-0.034670000,42.906600000,613.000
-0.034650000,42.906570000,613.000
-0.034590000,42.906510000,612.000
-0.034560000,42.906450000,612.000
-0.034540000,42.906370000,611.000
-0.034540000,42.906360000,611.000
-0.034560000,42.906320000,610.000
-0.034630000,42.906150000,610.000
-0.034640000,42.906100000,609.000
-0.034660000,42.906070000,608.000
-0.034670000,42.906030000,608.000
-0.034670000,42.906010000,608.000
-0.034650000,42.905970000,607.000
-0.034610000,42.905920000,607.000
-0.034570000,42.905890000,606.000
-0.034510000,42.905860000,606.000
-0.034480000,42.905850000,606.000
-0.034050000,42.905700000,606.000
-0.034040000,42.905690000,607.000
-0.034000000,42.905680000,607.000
-0.033990000,42.905680000,607.000
-0.033840000,42.905600000,607.000
-0.033790000,42.905570000,608.000
-0.033510000,42.905430000,608.000
-0.033220000,42.905230000,609.000
-0.033040000,42.905110000,610.000
-0.033040000,42.905100000,610.000
-0.032850000,42.904990000,611.000
-0.032740000,42.904930000,611.000
-0.032460000,42.904780000,612.000
-0.032320000,42.904710000,613.000
-0.032260000,42.904680000,613.000
-0.031970000,42.904530000,614.000
-0.031720000,42.904380000,615.000
-0.031560000,42.904250000,615.000
-0.031420000,42.904090000,616.000
-0.031400000,42.904030000,617.000
-0.031360000,42.903940000,617.000
-0.031360000,42.903930000,617.000
-0.031350000,42.903820000,618.000
-0.031380000,42.903710000,618.000
-0.031490000,42.903480000,619.000
-0.031500000,42.903380000,619.000
-0.031480000,42.903310000,620.000
-0.031420000,42.903150000,620.000
-0.031290000,42.902890000,620.000
-0.031080000,42.902520000,620.000
-0.030850000,42.902200000,620.000
-0.030780000,42.902110000,619.000
-0.030640000,42.901920000,619.000
-0.030500000,42.901720000,619.000
-0.030340000,42.901520000,619.000
-0.029960000,42.901030000,619.000
-0.029910000,42.900960000,620.000
-0.029720000,42.900710000,620.000
-0.029600000,42.900560000,621.000
-0.029420000,42.900320000,622.000
-0.028920000,42.899600000,623.000
-0.028870000,42.899530000,624.000
-0.028790000,42.899450000,624.000
-0.028540000,42.899160000,625.000
-0.028380000,42.898950000,625.000
-0.028250000,42.898730000,625.000
-0.028150000,42.898560000,624.000
-0.028120000,42.898500000,624.000
-0.028070000,42.898390000,624.000
-0.027990000,42.898220000,624.000
-0.027900000,42.898050000,624.000
-0.027740000,42.897780000,624.000
-0.027690000,42.897700000,624.000
-0.027570000,42.897510000,624.000
-0.027290000,42.897070000,624.000
-0.027040000,42.896650000,625.000
-0.027030000,42.896630000,625.000
-0.026980000,42.896550000,625.000
-0.026590000,42.895920000,626.000
-0.026490000,42.895770000,626.000
-0.025960000,42.894900000,627.000
-0.025910000,42.894820000,628.000
-0.025780000,42.894600000,629.000
-0.025580000,42.894290000,630.000
-0.025570000,42.894270000,630.000
-0.025550000,42.894230000,631.000
-0.025480000,42.894130000,631.000
-0.025140000,42.893560000,633.000
-0.024970000,42.893280000,634.000
-0.024570000,42.892640000,637.000
-0.024470000,42.892490000,639.000
-0.024450000,42.892440000,640.000
-0.024360000,42.892280000,641.000
-0.024290000,42.892150000,641.000
-0.024260000,42.892110000,641.000
-0.024120000,42.891880000,642.000
-0.023870000,42.891490000,641.000
-0.023780000,42.891350000,641.000
-0.023710000,42.891270000,641.000
-0.023590000,42.891130000,641.000
-0.023510000,42.891050000,641.000
-0.023480000,42.891030000,641.000
-0.023410000,42.890970000,641.000
-0.023370000,42.890940000,641.000
-0.023290000,42.890890000,641.000
-0.023200000,42.890840000,641.000
-0.023070000,42.890790000,641.000
-0.022910000,42.890720000,641.000
-0.022830000,42.890700000,641.000
-0.022810000,42.890690000,641.000
-0.022240000,42.890420000,641.000
-0.022190000,42.890400000,641.000
-0.022010000,42.890310000,641.000
-0.021990000,42.890290000,641.000
-0.021710000,42.890150000,641.000
-0.021610000,42.890100000,641.000
-0.021510000,42.890040000,641.000
-0.021410000,42.889980000,641.000
-0.021290000,42.889890000,641.000
-0.021170000,42.889800000,641.000
-0.021110000,42.889760000,641.000
-0.021040000,42.889710000,642.000
-0.021000000,42.889670000,642.000
-0.020940000,42.889600000,642.000
-0.020840000,42.889500000,642.000
-0.020750000,42.889400000,643.000
-0.020660000,42.889300000,643.000
-0.020650000,42.889290000,643.000
-0.020630000,42.889270000,644.000
-0.020570000,42.889200000,644.000
-0.020480000,42.889120000,644.000
-0.020400000,42.889060000,645.000
-0.020310000,42.889000000,645.000
-0.020150000,42.888890000,645.000
-0.019960000,42.888780000,646.000
-0.019860000,42.888730000,646.000
-0.019760000,42.888680000,647.000
-0.019760000,42.888670000,647.000
-0.019740000,42.888660000,647.000
-0.019640000,42.888630000,647.000
-0.019560000,42.888590000,648.000
-0.019180000,42.888400000,648.000
-0.019120000,42.888360000,649.000
-0.019050000,42.888300000,649.000
-0.018990000,42.888240000,649.000
-0.018970000,42.888230000,649.000
-0.018820000,42.888080000,649.000
-0.018760000,42.888030000,650.000
-0.018450000,42.887680000,650.000
-0.018010000,42.887180000,650.000
-0.017660000,42.886780000,650.000
-0.017610000,42.886720000,650.000
-0.017580000,42.886690000,650.000
-0.017440000,42.886520000,650.000
-0.017110000,42.886160000,650.000
-0.016900000,42.885920000,650.000
-0.016770000,42.885770000,649.000
-0.016570000,42.885570000,649.000
-0.016490000,42.885510000,649.000
-0.016400000,42.885450000,649.000
-0.016400000,42.885450000,648.000
-0.016410000,42.885330000,648.000
-0.016500000,42.884980000,648.000
-0.016520000,42.884920000,648.000
-0.016540000,42.884840000,648.000
-0.016570000,42.884740000,648.000
-0.016620000,42.884560000,649.000
-0.016670000,42.884390000,650.000
-0.016690000,42.884310000,650.000
-0.016700000,42.884270000,651.000
-0.016720000,42.884210000,652.000
-0.016730000,42.884140000,652.000
-0.016760000,42.884030000,653.000
-0.016770000,42.884000000,653.000
-0.016800000,42.883880000,654.000
-0.016830000,42.883760000,654.000
-0.016840000,42.883680000,655.000
-0.016840000,42.883660000,655.000
-0.016840000,42.883610000,656.000
-0.016840000,42.883560000,656.000
-0.016840000,42.883550000,656.000
-0.016840000,42.883500000,657.000
-0.016840000,42.883470000,657.000
-0.016830000,42.883430000,657.000
-0.016830000,42.883400000,657.000
-0.016820000,42.883340000,658.000
-0.016810000,42.883320000,658.000
-0.016790000,42.883250000,658.000
-0.016740000,42.883130000,659.000
-0.016730000,42.883070000,659.000
-0.016730000,42.883040000,659.000
-0.016730000,42.883030000,660.000
-0.016730000,42.882970000,660.000
-0.016750000,42.882900000,660.000
-0.016790000,42.882820000,660.000
-0.016800000,42.882800000,661.000
-0.016810000,42.882780000,661.000
-0.016840000,42.882690000,661.000
-0.016870000,42.882580000,662.000
-0.016880000,42.882500000,662.000
-0.016880000,42.882440000,662.000
-0.016870000,42.882380000,663.000
-0.016860000,42.882370000,663.000
-0.016840000,42.882260000,663.000
-0.016810000,42.882160000,664.000
-0.016780000,42.882040000,664.000
-0.016760000,42.881950000,665.000
-0.016730000,42.881880000,665.000
-0.016700000,42.881810000,665.000
-0.016670000,42.881740000,666.000
-0.016670000,42.881730000,666.000
-0.016650000,42.881670000,666.000
-0.016640000,42.881620000,667.000
-0.016630000,42.881560000,667.000
-0.016620000,42.881520000,667.000
-0.016610000,42.881450000,667.000
-0.016610000,42.881420000,668.000
-0.016600000,42.881390000,668.000
-0.016600000,42.881360000,668.000
-0.016590000,42.881270000,668.000
-0.016540000,42.881160000,668.000
-0.016470000,42.880970000,668.000
-0.016460000,42.880950000,668.000
-0.016440000,42.880880000,668.000
-0.016410000,42.880810000,668.000
-0.016430000,42.880700000,667.000
-0.016500000,42.880580000,667.000
-0.016530000,42.880550000,667.000
-0.016540000,42.880530000,667.000
-0.016550000,42.880510000,667.000
-0.016580000,42.880470000,667.000
-0.016590000,42.880460000,667.000
-0.016610000,42.880420000,667.000
-0.016630000,42.880370000,666.000
-0.016640000,42.880300000,666.000
-0.016480000,42.879820000,666.000
-0.016450000,42.879760000,666.000
-0.016380000,42.879550000,665.000
-0.016360000,42.879500000,665.000
-0.016330000,42.879430000,665.000
-0.016310000,42.879360000,665.000
-0.016290000,42.879330000,664.000
-0.016280000,42.879300000,664.000
-0.016270000,42.879240000,664.000
-0.016280000,42.879110000,664.000
-0.016300000,42.879010000,664.000
-0.016320000,42.878960000,664.000
-0.016330000,42.878900000,664.000
-0.016330000,42.878880000,664.000
-0.016340000,42.878830000,664.000
-0.016340000,42.878750000,664.000
-0.016310000,42.878690000,664.000
-0.016200000,42.878490000,664.000
-0.016140000,42.878410000,663.000
-0.016120000,42.878380000,663.000
-0.016110000,42.878360000,663.000
-0.016050000,42.878270000,663.000
-0.015990000,42.878110000,663.000
-0.015960000,42.878020000,663.000
-0.015960000,42.878010000,663.000
-0.015950000,42.877960000,663.000
-0.015940000,42.877850000,663.000
-0.015950000,42.877710000,663.000
-0.015970000,42.877540000,663.000
-0.016000000,42.877420000,663.000
-0.016010000,42.877300000,663.000
-0.016020000,42.877270000,663.000
-0.016040000,42.877190000,663.000
-0.016060000,42.877030000,664.000
-0.016070000,42.877020000,664.000
-0.016080000,42.876950000,664.000
-0.016100000,42.876820000,664.000
-0.016120000,42.876710000,664.000
-0.016130000,42.876640000,664.000
-0.016150000,42.876440000,665.000
-0.016190000,42.876070000,665.000
-0.016220000,42.875830000,666.000
-0.016220000,42.875780000,666.000
-0.016240000,42.875660000,666.000
-0.016240000,42.875520000,667.000
-0.016220000,42.875340000,667.000
-0.016190000,42.875200000,667.000
-0.016170000,42.875120000,668.000
-0.016160000,42.875090000,668.000
-0.016140000,42.875020000,668.000
-0.016040000,42.874720000,668.000
-0.016030000,42.874670000,669.000
-0.015900000,42.874250000,669.000
-0.015890000,42.874230000,670.000
-0.015770000,42.873790000,670.000
-0.015720000,42.873620000,671.000
-0.015670000,42.873440000,672.000
-0.015550000,42.873010000,673.000
-0.015410000,42.872750000,674.000
-0.015370000,42.872570000,675.000
-0.015320000,42.872390000,676.000
-0.015240000,42.872150000,676.000
-0.015150000,42.871870000,677.000
-0.015080000,42.871620000,678.000
-0.015030000,42.871480000,679.000
-0.015020000,42.871450000,680.000
-0.015020000,42.871440000,680.000
-0.015010000,42.871410000,680.000
-0.014990000,42.871340000,681.000
-0.014970000,42.871310000,681.000
-0.014900000,42.871220000,681.000
-0.014850000,42.871150000,681.000
-0.014770000,42.871050000,682.000
-0.014530000,42.870800000,682.000
-0.014270000,42.870530000,683.000
-0.014150000,42.870440000,684.000
-0.013690000,42.870060000,685.000
-0.013600000,42.869970000,685.000
-0.013480000,42.869860000,686.000
-0.013450000,42.869830000,687.000
-0.013400000,42.869750000,687.000
-0.013370000,42.869680000,688.000
-0.013340000,42.869610000,688.000
-0.013290000,42.869550000,689.000
-0.013200000,42.869480000,689.000
-0.013150000,42.869440000,690.000
-0.013090000,42.869400000,690.000
-0.012970000,42.869310000,691.000
-0.012950000,42.869280000,691.000
-0.012920000,42.869220000,691.000
-0.012880000,42.869150000,692.000
-0.012870000,42.869080000,692.000
-0.012870000,42.868970000,693.000
-0.012870000,42.868960000,693.000
-0.012880000,42.868910000,693.000
-0.012880000,42.868870000,693.000
-0.012890000,42.868840000,694.000
-0.012900000,42.868580000,694.000
-0.012900000,42.868550000,695.000
-0.012910000,42.868470000,695.000
-0.012910000,42.868420000,696.000
-0.012910000,42.868410000,696.000
-0.012900000,42.868340000,696.000
-0.012890000,42.868330000,697.000
-0.012880000,42.868260000,697.000
-0.012850000,42.868190000,697.000
-0.012750000,42.868060000,698.000
-0.012710000,42.868020000,698.000
-0.012690000,42.868000000,698.000
-0.012690000,42.868000000,699.000
-0.012670000,42.867930000,699.000
-0.012650000,42.867900000,699.000
-0.012630000,42.867870000,699.000
-0.012610000,42.867830000,700.000
-0.012570000,42.867800000,700.000
-0.012530000,42.867780000,700.000
-0.012490000,42.867760000,700.000
-0.012400000,42.867710000,701.000
-0.012340000,42.867670000,701.000
-0.012270000,42.867620000,701.000
-0.012230000,42.867600000,702.000
-0.012170000,42.867570000,702.000
-0.012140000,42.867540000,702.000
-0.012120000,42.867520000,702.000
-0.012110000,42.867470000,703.000
-0.012070000,42.867400000,703.000
-0.012010000,42.867290000,703.000
-0.011890000,42.867120000,704.000
-0.011820000,42.867080000,705.000
-0.011670000,42.866990000,705.000
-0.011510000,42.866860000,706.000
-0.011500000,42.866840000,707.000
-0.011490000,42.866810000,707.000
-0.011490000,42.866780000,707.000
-0.011450000,42.866650000,708.000
-0.011460000,42.866570000,709.000
-0.011470000,42.866480000,709.000
-0.011470000,42.866470000,710.000
-0.011460000,42.866430000,710.000
-0.011470000,42.866290000,711.000
-0.011470000,42.866240000,712.000
-0.011460000,42.866200000,712.000
-0.011430000,42.866110000,713.000
-0.011410000,42.866080000,713.000
-0.011400000,42.865930000,714.000
-0.011400000,42.865900000,715.000
-0.011410000,42.865860000,715.000
-0.011450000,42.865710000,716.000
-0.011460000,42.865690000,717.000
-0.011480000,42.865650000,717.000
-0.011500000,42.865620000,718.000
-0.011570000,42.865580000,718.000
-0.011620000,42.865560000,719.000
-0.011650000,42.865550000,719.000
-0.011730000,42.865530000,720.000
-0.011810000,42.865520000,720.000
-0.011860000,42.865510000,720.000
-0.011870000,42.865510000,721.000
-0.011910000,42.865480000,721.000
-0.011940000,42.865450000,721.000
-0.011970000,42.865400000,722.000
-0.011980000,42.865360000,722.000
-0.011970000,42.865330000,722.000
-0.011970000,42.865290000,723.000
-0.011950000,42.865250000,723.000
-0.011920000,42.865210000,724.000
-0.011900000,42.865170000,724.000
-0.011870000,42.865140000,724.000
-0.011800000,42.865050000,725.000
-0.011790000,42.865040000,725.000
-0.011760000,42.865010000,726.000
-0.011720000,42.864980000,726.000
-0.011660000,42.864930000,726.000
-0.011640000,42.864900000,727.000
-0.011610000,42.864870000,727.000
-0.011570000,42.864810000,728.000
-0.011530000,42.864730000,728.000
-0.011520000,42.864730000,729.000
-0.011520000,42.864680000,729.000
-0.011480000,42.864560000,730.000
-0.011460000,42.864490000,730.000
-0.011460000,42.864410000,731.000
-0.011450000,42.864320000,732.000
-0.011420000,42.864200000,732.000
-0.011410000,42.864170000,733.000
-0.011390000,42.864090000,734.000
-0.011390000,42.864020000,734.000
-0.011390000,42.864010000,735.000
-0.011390000,42.863910000,735.000
-0.011390000,42.863880000,736.000
-0.011390000,42.863850000,736.000
-0.011400000,42.863820000,737.000
-0.011400000,42.863780000,737.000
-0.011350000,42.863670000,738.000
-0.011270000,42.863600000,738.000
-0.011210000,42.863560000,739.000
-0.011170000,42.863520000,739.000
-0.011120000,42.863470000,739.000
-0.011110000,42.863460000,739.000
-0.011070000,42.863400000,739.000
-0.011050000,42.863330000,739.000
-0.011040000,42.863290000,739.000
-0.011040000,42.863280000,738.000
-0.011030000,42.863230000,738.000
-0.011000000,42.863170000,738.000
-0.010960000,42.863120000,738.000
-0.010950000,42.863120000,738.000
-0.010890000,42.863080000,738.000
-0.010820000,42.863070000,738.000
-0.010740000,42.863050000,737.000
-0.010730000,42.863040000,737.000
-0.010670000,42.863030000,737.000
-0.010580000,42.863010000,737.000
-0.010510000,42.862990000,737.000
-0.010500000,42.862980000,737.000
-0.010380000,42.862930000,737.000
-0.010290000,42.862880000,736.000
-0.009830000,42.862620000,736.000
-0.009520000,42.862440000,735.000
-0.009310000,42.862320000,735.000
-0.009210000,42.862240000,735.000
-0.009150000,42.862180000,736.000
-0.009090000,42.862100000,736.000
-0.008950000,42.861870000,737.000
-0.008840000,42.861710000,738.000
-0.008820000,42.861670000,739.000
-0.008730000,42.861550000,740.000
-0.008720000,42.861530000,740.000
-0.008590000,42.861410000,741.000
-0.008540000,42.861360000,742.000
-0.008460000,42.861250000,742.000
-0.008420000,42.861210000,743.000
-0.008340000,42.861100000,744.000
-0.008290000,42.861030000,744.000
-0.008240000,42.860920000,745.000
-0.008220000,42.860790000,746.000
-0.008070000,42.860570000,747.000
-0.007980000,42.860440000,747.000
-0.007840000,42.860270000,748.000
-0.007760000,42.860180000,749.000
-0.007690000,42.860120000,749.000
-0.007670000,42.860090000,750.000
-0.007550000,42.859990000,750.000
-0.007440000,42.859880000,751.000
-0.007250000,42.859620000,751.000
-0.006990000,42.859310000,752.000
-0.006760000,42.859080000,753.000
-0.006630000,42.858980000,754.000
-0.006580000,42.858930000,754.000
-0.006500000,42.858860000,755.000
-0.006470000,42.858840000,755.000
-0.006420000,42.858800000,755.000
-0.006410000,42.858790000,755.000
-0.006320000,42.858720000,755.000
-0.006300000,42.858710000,755.000
-0.006220000,42.858660000,755.000
-0.006100000,42.858610000,755.000
-0.006000000,42.858570000,755.000
-0.005730000,42.858450000,756.000
-0.005370000,42.858290000,756.000
-0.005310000,42.858260000,756.000
-0.005120000,42.858140000,756.000
-0.005120000,42.858140000,756.000
-0.005210000,42.858010000,757.000
-0.005230000,42.857980000,757.000
-0.005250000,42.857960000,757.000
-0.005300000,42.857890000,758.000
-0.005320000,42.857850000,758.000
-0.005340000,42.857820000,759.000
-0.005380000,42.857760000,759.000
-0.005420000,42.857680000,760.000
-0.005420000,42.857650000,760.000
-0.005430000,42.857620000,760.000
-0.005430000,42.857590000,761.000
-0.005430000,42.857510000,761.000
-0.005430000,42.857500000,761.000
-0.005430000,42.857470000,762.000
-0.005430000,42.857440000,762.000
-0.005440000,42.857420000,762.000
-0.005430000,42.857350000,763.000
-0.005400000,42.857290000,763.000
-0.005330000,42.857170000,764.000
-0.005220000,42.857000000,765.000
-0.005090000,42.856800000,766.000
-0.005000000,42.856650000,767.000
-0.004990000,42.856610000,768.000
-0.004970000,42.856560000,769.000
-0.004960000,42.856500000,769.000
-0.004960000,42.856490000,770.000
-0.004950000,42.856410000,770.000
-0.004950000,42.856400000,771.000
-0.004950000,42.856260000,771.000
-0.004950000,42.856230000,772.000
-0.004950000,42.856080000,772.000
-0.004950000,42.856050000,772.000
-0.004960000,42.855900000,773.000
-0.004990000,42.855830000,773.000
-0.005020000,42.855790000,773.000
-0.005100000,42.855700000,774.000
-0.005190000,42.855580000,774.000
-0.005270000,42.855460000,774.000
-0.005300000,42.855420000,775.000
-0.005390000,42.855310000,775.000
-0.005420000,42.855260000,776.000
-0.005490000,42.855140000,776.000
-0.005520000,42.855100000,776.000
-0.005640000,42.854940000,777.000
-0.005700000,42.854840000,777.000
-0.005730000,42.854780000,778.000
-0.005750000,42.854730000,778.000
-0.005780000,42.854600000,779.000
-0.005790000,42.854590000,779.000
-0.005830000,42.854460000,780.000
-0.005840000,42.854360000,781.000
-0.005840000,42.854240000,783.000
-0.005840000,42.854180000,784.000
-0.005830000,42.854070000,785.000
-0.005800000,42.853960000,786.000
-0.005780000,42.853900000,788.000
-0.005780000,42.853890000,788.000
-0.005770000,42.853840000,789.000
-0.005760000,42.853770000,790.000
-0.005770000,42.853710000,791.000
-0.005770000,42.853670000,792.000
-0.005810000,42.853530000,793.000
-0.005850000,42.853400000,794.000
-0.005850000,42.853360000,795.000
-0.005880000,42.853200000,797.000
-0.005880000,42.853180000,798.000
-0.005880000,42.853030000,799.000
-0.005880000,42.852910000,801.000
-0.005910000,42.852820000,801.000
-0.005920000,42.852800000,801.000
-0.005960000,42.852700000,801.000
-0.005980000,42.852650000,801.000
-0.005980000,42.852640000,800.000
-0.006020000,42.852600000,800.000
-0.006130000,42.852530000,799.000
-0.006140000,42.852520000,799.000
-0.006230000,42.852470000,798.000
-0.006360000,42.852440000,797.000
-0.006370000,42.852430000,796.000
-0.006500000,42.852380000,795.000
-0.006590000,42.852320000,794.000
-0.006640000,42.852250000,793.000
-0.006680000,42.852190000,792.000
-0.006680000,42.852180000,792.000
-0.006700000,42.852150000,791.000
-0.006740000,42.852050000,790.000
-0.006770000,42.852020000,789.000
-0.006790000,42.851990000,789.000
-0.006820000,42.851970000,788.000
-0.006870000,42.851930000,788.000
-0.006940000,42.851910000,787.000
-0.006960000,42.851910000,786.000
-0.007000000,42.851910000,786.000
-0.007080000,42.851920000,785.000
-0.007190000,42.851920000,785.000
-0.007200000,42.851910000,784.000
-0.007260000,42.851900000,784.000
-0.007300000,42.851890000,783.000
-0.007360000,42.851870000,782.000
-0.007390000,42.851850000,782.000
-0.007410000,42.851830000,782.000
-0.007420000,42.851820000,781.000
-0.007440000,42.851780000,781.000
-0.007450000,42.851750000,780.000
-0.007460000,42.851710000,780.000
-0.007460000,42.851650000,780.000
-0.007430000,42.851600000,780.000
-0.007380000,42.851550000,780.000
-0.007340000,42.851500000,781.000
-0.007320000,42.851470000,781.000
-0.007290000,42.851430000,781.000
-0.007260000,42.851370000,781.000
-0.007240000,42.851330000,782.000
-0.007210000,42.851270000,782.000
-0.007200000,42.851160000,782.000
-0.007190000,42.851110000,783.000
-0.007180000,42.851020000,783.000
-0.007180000,42.850980000,784.000
-0.007180000,42.850910000,784.000
-0.007180000,42.850830000,785.000
-0.007180000,42.850800000,785.000
-0.007170000,42.850720000,785.000
-0.007160000,42.850660000,786.000
-0.007150000,42.850620000,786.000
-0.007150000,42.850600000,786.000
-0.007120000,42.850560000,786.000
-0.007100000,42.850510000,787.000
-0.007050000,42.850460000,787.000
-0.007020000,42.850420000,787.000
-0.006900000,42.850320000,788.000
-0.006890000,42.850310000,788.000
-0.006800000,42.850240000,789.000
-0.006740000,42.850200000,789.000
-0.006720000,42.850190000,789.000
-0.006690000,42.850160000,790.000
-0.006650000,42.850110000,790.000
-0.006610000,42.850040000,790.000
-0.006580000,42.849970000,791.000
-0.006550000,42.849860000,791.000
-0.006520000,42.849750000,792.000
-0.006510000,42.849680000,793.000
-0.006490000,42.849500000,794.000
-0.006490000,42.849470000,794.000
-0.006470000,42.849400000,795.000
-0.006460000,42.849320000,796.000
-0.006450000,42.849260000,796.000
-0.006460000,42.849140000,797.000
-0.006460000,42.849130000,797.000
-0.006480000,42.849020000,798.000
-0.006560000,42.848820000,799.000
-0.006570000,42.848790000,800.000
-0.006610000,42.848620000,801.000
-0.006650000,42.848440000,802.000
-0.006670000,42.848350000,803.000
-0.006690000,42.848260000,804.000
-0.006730000,42.848100000,805.000
-0.006740000,42.848050000,805.000
-0.006770000,42.847970000,806.000
-0.006810000,42.847890000,806.000
-0.006860000,42.847740000,807.000
-0.006880000,42.847690000,807.000
-0.006910000,42.847610000,808.000
-0.006920000,42.847560000,808.000
-0.006930000,42.847530000,808.000
-0.006950000,42.847460000,809.000
-0.006950000,42.847390000,809.000
-0.006950000,42.847380000,809.000
-0.006940000,42.847310000,809.000
-0.006920000,42.847210000,810.000
-0.006900000,42.847150000,810.000
-0.006880000,42.847090000,810.000
-0.006870000,42.847040000,811.000
-0.006860000,42.847030000,811.000
-0.006850000,42.846990000,811.000
-0.006830000,42.846900000,811.000
-0.006830000,42.846850000,811.000
-0.006840000,42.846800000,812.000
-0.006870000,42.846760000,812.000
-0.006890000,42.846700000,812.000
-0.006900000,42.846680000,812.000
-0.006920000,42.846650000,813.000
-0.006970000,42.846570000,813.000
-0.007000000,42.846520000,813.000
-0.007030000,42.846470000,813.000
-0.007080000,42.846350000,813.000
-0.007090000,42.846330000,814.000
-0.007120000,42.846210000,814.000
-0.007120000,42.846170000,814.000
-0.007130000,42.846130000,814.000
-0.007140000,42.846010000,815.000
-0.007150000,42.845930000,815.000
-0.007150000,42.845850000,815.000
-0.007150000,42.845810000,815.000
-0.007140000,42.845750000,815.000
-0.007110000,42.845650000,816.000
-0.007110000,42.845640000,816.000
-0.007090000,42.845560000,816.000
-0.007100000,42.845470000,816.000
-0.007100000,42.845460000,816.000
-0.007110000,42.845380000,816.000
-0.007120000,42.845280000,817.000
-0.007140000,42.845100000,817.000
-0.007160000,42.844930000,817.000
-0.007160000,42.844920000,817.000
-0.007180000,42.844740000,818.000
-0.007200000,42.844560000,818.000
-0.007240000,42.844280000,818.000
-0.007260000,42.844210000,819.000
-0.007260000,42.844160000,819.000
-0.007280000,42.844060000,819.000
-0.007280000,42.844030000,819.000
-0.007290000,42.843930000,819.000
-0.007290000,42.843840000,819.000
-0.007270000,42.843740000,819.000
-0.007240000,42.843670000,819.000
-0.007230000,42.843630000,820.000
-0.007160000,42.843500000,820.000
-0.007020000,42.843350000,820.000
-0.006870000,42.843210000,820.000
-0.006760000,42.843110000,820.000
-0.006710000,42.843070000,820.000
-0.006610000,42.842990000,820.000
-0.006550000,42.842940000,821.000
-0.006530000,42.842920000,821.000
-0.006460000,42.842870000,821.000
-0.006400000,42.842800000,821.000
-0.006360000,42.842740000,822.000
-0.006320000,42.842670000,822.000
-0.006300000,42.842630000,822.000
-0.006220000,42.842460000,822.000
-0.006140000,42.842290000,823.000
-0.006100000,42.842200000,823.000
-0.006060000,42.842120000,824.000
-0.005980000,42.841950000,824.000
-0.005940000,42.841860000,825.000
-0.005920000,42.841790000,825.000
-0.005910000,42.841720000,825.000
-0.005900000,42.841630000,826.000
-0.005900000,42.841600000,826.000
-0.005890000,42.841530000,826.000
-0.005880000,42.841420000,827.000
-0.005850000,42.841340000,827.000
-0.005820000,42.841250000,827.000
-0.005810000,42.841230000,827.000
-0.005770000,42.841110000,828.000
-0.005730000,42.840980000,828.000
-0.005690000,42.840860000,828.000
-0.005670000,42.840790000,829.000
-0.005650000,42.840720000,829.000
-0.005630000,42.840690000,829.000
-0.005590000,42.840550000,830.000
-0.005540000,42.840370000,830.000
-0.005530000,42.840350000,830.000
-0.005490000,42.840230000,831.000
-0.005480000,42.840200000,831.000
-0.005420000,42.840080000,831.000
-0.005390000,42.840030000,831.000
-0.005300000,42.839900000,832.000
-0.005280000,42.839870000,832.000
-0.005030000,42.839590000,832.000
-0.004910000,42.839430000,833.000
-0.004810000,42.839320000,833.000
-0.004650000,42.839140000,833.000
-0.004570000,42.839070000,833.000
-0.004420000,42.838920000,833.000
-0.004330000,42.838820000,833.000
-0.004290000,42.838760000,833.000
-0.004230000,42.838670000,833.000
-0.004190000,42.838590000,833.000
-0.004150000,42.838500000,833.000
-0.004080000,42.838390000,833.000
-0.004050000,42.838350000,833.000
-0.004030000,42.838330000,833.000
-0.004010000,42.838310000,833.000
-0.003880000,42.838230000,833.000
-0.003600000,42.838120000,833.000
-0.003470000,42.838060000,833.000
-0.003420000,42.838030000,833.000
-0.003410000,42.838020000,833.000
-0.003360000,42.837980000,833.000
-0.003310000,42.837910000,833.000
-0.003280000,42.837850000,833.000
-0.003270000,42.837790000,833.000
-0.003280000,42.837730000,833.000
-0.003290000,42.837670000,833.000
-0.003330000,42.837630000,833.000
-0.003360000,42.837590000,833.000
-0.003560000,42.837410000,833.000
-0.003870000,42.837130000,833.000
-0.003870000,42.837130000,833.000
-0.003560000,42.836910000,833.000
-0.003470000,42.836830000,833.000
-0.003390000,42.836750000,833.000
-0.003250000,42.836610000,833.000
-0.003170000,42.836530000,833.000
-0.003100000,42.836470000,834.000
-0.002980000,42.836360000,834.000
-0.002820000,42.836230000,834.000
-0.002770000,42.836200000,834.000
-0.002630000,42.836130000,835.000
-0.002430000,42.836060000,835.000
-0.002170000,42.835990000,835.000
-0.002110000,42.835970000,835.000
-0.001910000,42.835900000,836.000
-0.001890000,42.835890000,836.000
-0.001730000,42.835830000,836.000
-0.001580000,42.835760000,836.000
-0.001510000,42.835730000,837.000
-0.001280000,42.835590000,837.000
-0.001050000,42.835410000,837.000
-0.000960000,42.835320000,838.000
-0.000840000,42.835210000,838.000
-0.000820000,42.835180000,839.000
-0.000760000,42.835040000,839.000
-0.000660000,42.834730000,840.000
-0.000570000,42.834480000,841.000
-0.000530000,42.834360000,842.000
-0.000500000,42.834310000,842.000
-0.000400000,42.834130000,843.000
-0.000330000,42.834040000,843.000
-0.000160000,42.833830000,844.000
-0.000060000,42.833460000,845.000
-0.000050000,42.833410000,846.000
-0.000030000,42.833320000,847.000
0.000010000,42.833220000,848.000
0.000100000,42.833120000,849.000
0.000110000,42.833110000,850.000
0.000270000,42.833000000,850.000
0.000280000,42.832990000,851.000
0.000430000,42.832910000,852.000
0.000510000,42.832870000,852.000
0.000690000,42.832820000,853.000
0.000920000,42.832740000,854.000
0.001110000,42.832680000,855.000
0.001150000,42.832660000,856.000
0.001320000,42.832590000,857.000
0.001340000,42.832570000,857.000
0.001440000,42.832500000,858.000
0.001500000,42.832430000,859.000
0.001580000,42.832350000,859.000
0.001630000,42.832290000,860.000
0.001780000,42.832160000,861.000
0.001800000,42.832150000,861.000
0.001990000,42.832030000,862.000
0.002020000,42.832010000,863.000
0.002070000,42.831980000,863.000
0.002170000,42.831920000,864.000
0.002220000,42.831890000,865.000
0.002260000,42.831860000,865.000
0.002410000,42.831780000,866.000
0.002730000,42.831560000,867.000
0.003070000,42.831340000,869.000
0.003290000,42.831210000,870.000
0.003480000,42.831100000,872.000
0.003650000,42.831000000,873.000
0.003960000,42.830820000,874.000
0.004300000,42.830560000,875.000
0.004510000,42.830380000,876.000
0.004780000,42.829910000,878.000
0.004840000,42.829860000,879.000
0.005090000,42.829700000,880.000
0.005200000,42.829650000,880.000
0.005340000,42.829590000,881.000
0.005560000,42.829510000,881.000
0.005600000,42.829500000,881.000
0.005730000,42.829410000,881.000
0.005750000,42.829400000,881.000
0.006010000,42.829190000,881.000
0.006370000,42.828840000,881.000
0.006500000,42.828710000,881.000
0.006520000,42.828700000,881.000
0.006580000,42.828620000,881.000
0.006620000,42.828540000,882.000
0.006620000,42.828520000,882.000
0.006660000,42.828360000,882.000
0.006690000,42.828220000,882.000
0.006700000,42.828180000,883.000
0.006730000,42.828090000,883.000
0.006780000,42.828010000,883.000
0.006810000,42.827970000,883.000
0.006940000,42.827810000,884.000
0.007280000,42.827470000,885.000
0.007340000,42.827420000,885.000
0.007500000,42.827290000,886.000
0.007670000,42.827160000,887.000
0.007830000,42.827020000,887.000
0.008000000,42.826890000,888.000
0.008100000,42.826770000,888.000
0.008120000,42.826730000,888.000
0.008170000,42.826620000,889.000
0.008190000,42.826560000,889.000
0.008230000,42.826380000,889.000
0.008280000,42.826210000,889.000
0.008320000,42.826030000,890.000
0.008360000,42.825850000,890.000
0.008430000,42.825680000,890.000
0.008490000,42.825510000,891.000
0.008550000,42.825330000,891.000
0.008580000,42.825240000,891.000
0.008600000,42.825160000,892.000
0.008630000,42.824980000,892.000
0.008650000,42.824890000,893.000
0.008620000,42.824710000,893.000
0.008620000,42.824620000,894.000
0.008620000,42.824580000,894.000
0.008640000,42.824530000,894.000
0.008730000,42.824470000,895.000
0.008970000,42.824440000,895.000
0.009210000,42.824400000,896.000
0.009240000,42.824380000,896.000
0.009280000,42.824370000,897.000
0.009320000,42.824330000,897.000
0.009350000,42.824250000,897.000
0.009340000,42.823980000,898.000
0.009330000,42.823900000,898.000
0.009330000,42.823850000,899.000
0.009330000,42.823750000,899.000
0.009330000,42.823550000,900.000
0.009340000,42.823360000,901.000
0.009350000,42.823290000,901.000
0.009370000,42.823180000,902.000
0.009390000,42.823090000,902.000
0.009400000,42.822910000,903.000
0.009360000,42.822640000,903.000
0.009270000,42.822320000,904.000
0.009250000,42.822270000,905.000
0.009200000,42.822090000,906.000
0.009190000,42.821980000,907.000
0.009230000,42.821890000,907.000
0.009300000,42.821790000,907.000
0.009330000,42.821740000,908.000
0.009340000,42.821730000,908.000
0.009440000,42.821590000,908.000
0.009460000,42.821570000,908.000
0.009620000,42.821320000,909.000
0.009680000,42.821240000,909.000
0.009770000,42.821080000,909.000
0.009830000,42.820990000,910.000
0.009940000,42.820810000,910.000
0.009980000,42.820750000,910.000
0.010080000,42.820570000,910.000
0.010080000,42.820560000,911.000
0.010100000,42.820510000,911.000
0.010110000,42.820390000,911.000
0.010120000,42.820250000,911.000
0.010130000,42.820180000,912.000
0.010130000,42.820110000,912.000
0.010140000,42.820000000,912.000
0.010150000,42.819750000,912.000
0.010170000,42.819240000,913.000
0.010180000,42.819050000,913.000
0.010160000,42.818970000,914.000
0.010160000,42.818930000,914.000
0.010150000,42.818900000,914.000
0.009940000,42.818420000,915.000
0.009860000,42.818230000,915.000
0.009800000,42.818060000,915.000
0.009740000,42.817870000,916.000
0.009710000,42.817720000,916.000
0.009700000,42.817650000,916.000
0.009680000,42.817570000,916.000
0.009670000,42.817540000,916.000
0.009660000,42.817490000,916.000
0.009650000,42.817440000,916.000
0.009580000,42.817280000,917.000
0.009430000,42.817060000,917.000
0.009260000,42.816840000,917.000
0.009170000,42.816730000,917.000
0.008920000,42.816420000,918.000
0.008800000,42.816260000,918.000
0.008760000,42.816220000,919.000
0.008750000,42.816200000,919.000
0.008730000,42.816180000,919.000
0.008690000,42.816100000,919.000
0.008660000,42.816060000,920.000
0.008650000,42.816040000,920.000
0.008600000,42.815920000,920.000
0.008560000,42.815740000,920.000
0.008530000,42.815400000,921.000
0.008520000,42.815280000,922.000
0.008500000,42.815040000,922.000
0.008490000,42.814980000,923.000
0.008470000,42.814900000,923.000
0.008430000,42.814790000,923.000
0.008380000,42.814690000,923.000
0.008370000,42.814680000,923.000
0.008350000,42.814650000,923.000
0.008340000,42.814630000,923.000
0.008260000,42.814540000,923.000
0.008210000,42.814460000,923.000
0.008160000,42.814370000,923.000
0.008140000,42.814340000,923.000
0.008100000,42.814220000,923.000
0.008100000,42.814200000,923.000
0.008080000,42.814060000,923.000
0.008080000,42.814020000,923.000
0.008080000,42.813970000,923.000
0.008080000,42.813950000,923.000
0.008080000,42.813930000,923.000
0.008080000,42.813910000,923.000
0.008080000,42.813850000,923.000
0.008080000,42.813740000,923.000
0.008080000,42.813660000,923.000
0.008080000,42.813580000,923.000
0.008020000,42.813200000,923.000
0.008010000,42.813120000,923.000
0.007990000,42.812940000,923.000
0.007970000,42.812810000,923.000
0.007980000,42.812590000,923.000
0.007990000,42.812490000,924.000
0.007990000,42.812480000,924.000
0.007990000,42.812410000,924.000
0.008010000,42.812230000,924.000
0.008020000,42.812150000,924.000
0.008030000,42.812050000,925.000
0.008050000,42.811870000,925.000
0.008060000,42.811770000,925.000
0.008070000,42.811740000,925.000
0.008070000,42.811690000,925.000
0.008090000,42.811590000,926.000
0.008100000,42.811510000,926.000
0.008130000,42.811330000,926.000
0.008160000,42.811150000,926.000
0.008180000,42.811070000,927.000
0.008220000,42.810880000,927.000
0.008230000,42.810790000,928.000
0.008250000,42.810700000,928.000
0.008290000,42.810520000,929.000
0.008320000,42.810350000,929.000
0.008460000,42.810000000,930.000
0.008470000,42.809970000,931.000
0.008550000,42.809830000,931.000
0.008620000,42.809720000,932.000
0.008830000,42.809430000,933.000
0.008890000,42.809350000,934.000
0.009010000,42.809210000,934.000
0.009020000,42.809200000,935.000
0.009170000,42.809060000,935.000
0.009170000,42.809050000,936.000
0.009470000,42.808780000,936.000
0.009500000,42.808750000,937.000
0.009630000,42.808630000,937.000
0.009670000,42.808600000,938.000
0.009770000,42.808490000,938.000
0.009820000,42.808430000,939.000
0.010000000,42.808180000,939.000
0.010260000,42.807740000,940.000
0.010460000,42.807440000,942.000
0.010620000,42.807190000,943.000
0.010690000,42.807100000,944.000
0.010740000,42.807030000,945.000
0.010950000,42.806780000,946.000
0.011130000,42.806580000,948.000
0.011190000,42.806520000,949.000
0.011280000,42.806430000,950.000
0.011370000,42.806340000,950.000
0.011420000,42.806290000,951.000
0.011560000,42.806140000,952.000
0.011660000,42.806030000,952.000
0.011700000,42.805990000,952.000
0.011790000,42.805910000,953.000
0.011910000,42.805830000,952.000
0.012060000,42.805760000,952.000
0.012090000,42.805750000,952.000
0.012270000,42.805670000,952.000
0.012280000,42.805670000,952.000
0.012440000,42.805570000,951.000
0.012460000,42.805550000,951.000
0.012580000,42.805450000,951.000
0.012620000,42.805410000,950.000
0.012690000,42.805340000,950.000
0.012790000,42.805210000,950.000
0.012870000,42.805100000,949.000
0.012960000,42.804940000,949.000
0.012980000,42.804890000,949.000
0.013020000,42.804760000,948.000
0.013080000,42.804590000,948.000
0.013140000,42.804410000,949.000
0.013140000,42.804400000,949.000
0.013210000,42.804270000,950.000
0.013410000,42.803910000,951.000
0.013490000,42.803780000,952.000
0.013530000,42.803660000,953.000
0.013570000,42.803480000,954.000
0.013560000,42.803390000,955.000
0.013560000,42.803260000,955.000
0.013550000,42.803210000,956.000
0.013530000,42.803030000,957.000
0.013510000,42.802850000,957.000
0.013500000,42.802740000,957.000
0.013460000,42.802490000,957.000
0.013430000,42.802230000,956.000
0.013410000,42.802140000,956.000
0.013390000,42.801980000,955.000
0.013390000,42.801960000,955.000
0.013390000,42.801740000,955.000
0.013410000,42.801600000,954.000
0.013440000,42.801420000,953.000
0.013460000,42.801240000,953.000
0.013490000,42.801060000,953.000
0.013490000,42.801020000,953.000
0.013550000,42.800740000,953.000
0.013640000,42.800550000,954.000
0.013890000,42.800280000,956.000
0.013930000,42.800240000,957.000
0.014080000,42.800100000,958.000
0.014230000,42.799960000,959.000
0.014730000,42.799570000,961.000
0.014790000,42.799520000,962.000
0.014890000,42.799430000,964.000
0.014900000,42.799420000,964.000
0.014910000,42.799410000,965.000
0.015050000,42.799290000,966.000
0.015200000,42.799150000,967.000
0.015280000,42.799070000,968.000
0.015390000,42.798980000,969.000
0.015610000,42.798810000,971.000
0.015880000,42.798630000,973.000
0.015940000,42.798570000,974.000
0.016020000,42.798480000,976.000
0.016100000,42.798390000,977.000
0.016150000,42.798330000,978.000
0.016270000,42.798170000,979.000
0.016440000,42.797940000,981.000
0.016490000,42.797860000,983.000
0.016620000,42.797640000,985.000
0.016620000,42.797640000,987.000
0.016670000,42.797640000,988.000
0.016700000,42.797620000,989.000
0.016720000,42.797530000,990.000
0.016730000,42.797530000,991.000
0.016740000,42.797350000,993.000
0.016710000,42.797230000,994.000
0.016680000,42.797170000,994.000
0.016640000,42.797100000,995.000
0.016580000,42.797010000,995.000
0.016500000,42.796900000,995.000
0.016500000,42.796900000,995.000
0.016580000,42.797010000,995.000
0.016640000,42.797100000,995.000
0.016680000,42.797170000,995.000
0.016710000,42.797230000,995.000
0.016740000,42.797350000,995.000
0.016730000,42.797530000,995.000
0.016720000,42.797530000,995.000
0.016700000,42.797620000,995.000
0.016670000,42.797640000,994.000
0.016620000,42.797640000,994.000
0.016620000,42.797640000,994.000
0.016650000,42.797510000,993.000
0.016620000,42.797340000,993.000
0.016600000,42.797300000,992.000
0.016560000,42.797190000,992.000
0.016510000,42.797140000,991.000
0.016390000,42.796960000,991.000
0.016240000,42.796840000,990.000
0.016080000,42.796700000,989.000
0.015760000,42.796500000,988.000
0.015580000,42.796380000,987.000
0.015570000,42.796330000,986.000
0.015560000,42.796290000,986.000
0.015580000,42.796220000,985.000
0.015630000,42.796130000,985.000
0.015670000,42.796060000,985.000
0.015790000,42.795960000,985.000
0.015840000,42.795940000,985.000
0.015940000,42.795900000,985.000
0.016070000,42.795880000,985.000
0.016110000,42.795870000,985.000
0.016280000,42.795870000,986.000
0.016310000,42.795880000,986.000
0.016450000,42.795900000,986.000
0.016670000,42.795940000,986.000
0.016860000,42.795980000,986.000
0.016990000,42.795990000,986.000
0.017220000,42.795960000,987.000
0.017430000,42.795910000,987.000
0.017610000,42.795830000,987.000
0.017760000,42.795720000,987.000
0.017890000,42.795610000,988.000
0.017970000,42.795500000,988.000
0.017980000,42.795490000,988.000
0.018000000,42.795440000,989.000
0.018020000,42.795370000,989.000
0.018020000,42.795310000,989.000
0.018020000,42.795270000,989.000
0.017980000,42.794950000,990.000
0.017980000,42.794880000,990.000
0.017970000,42.794810000,990.000
0.017970000,42.794700000,991.000
0.017980000,42.794630000,991.000
0.018050000,42.794560000,991.000
0.018190000,42.794490000,992.000
0.018310000,42.794430000,992.000
0.018390000,42.794400000,992.000
0.018450000,42.794370000,993.000
0.018590000,42.794260000,993.000
0.018740000,42.794070000,993.000
0.019050000,42.793470000,993.000
0.019120000,42.793290000,993.000
0.019140000,42.793190000,993.000
0.019180000,42.793060000,993.000
0.019180000,42.792950000,993.000
0.019170000,42.792840000,993.000
0.019140000,42.792730000,993.000
0.019100000,42.792660000,993.000
0.019080000,42.792620000,993.000
0.019070000,42.792590000,993.000
0.018820000,42.792200000,993.000
0.018690000,42.792010000,994.000
0.018630000,42.791910000,994.000
0.018570000,42.791850000,995.000
0.018560000,42.791840000,995.000
0.018460000,42.791770000,996.000
0.018230000,42.791640000,996.000
0.018200000,42.791620000,997.000
0.018060000,42.791540000,997.000
0.017910000,42.791430000,998.000
0.017810000,42.791330000,999.000
0.017730000,42.791210000,999.000
0.017690000,42.791090000,1000.000
0.017680000,42.790990000,1001.000
0.017690000,42.790900000,1001.000
0.017690000,42.790840000,1002.000
0.017700000,42.790800000,1002.000
0.017730000,42.790690000,1003.000
0.017750000,42.790670000,1003.000
0.017840000,42.790540000,1003.000
0.017860000,42.790510000,1003.000
0.017960000,42.790370000,1003.000
0.017980000,42.790350000,1004.000
0.018050000,42.790260000,1004.000
0.018120000,42.790200000,1004.000
0.018230000,42.790100000,1004.000
0.018330000,42.790020000,1004.000
0.018520000,42.789910000,1004.000
0.018650000,42.789840000,1004.000
0.018830000,42.789750000,1004.000
0.018860000,42.789730000,1004.000
0.018950000,42.789680000,1004.000
0.019090000,42.789600000,1004.000
0.019180000,42.789540000,1004.000
0.019210000,42.789490000,1004.000
0.019220000,42.789480000,1004.000
0.019260000,42.789430000,1004.000
0.019290000,42.789350000,1004.000
0.019300000,42.789320000,1004.000
0.019310000,42.789280000,1005.000
0.019340000,42.789180000,1005.000
0.019430000,42.788980000,1005.000
0.019500000,42.788830000,1005.000
0.019530000,42.788730000,1005.000
0.019520000,42.788630000,1006.000
0.019500000,42.788560000,1006.000
0.019420000,42.788420000,1006.000
0.019370000,42.788300000,1006.000
0.019340000,42.788220000,1007.000
0.019350000,42.788150000,1007.000
0.019390000,42.788070000,1007.000
0.019410000,42.788040000,1007.000
0.019510000,42.787880000,1007.000
0.019530000,42.787850000,1008.000
0.019670000,42.787690000,1008.000
0.019720000,42.787630000,1008.000
0.019770000,42.787580000,1008.000
0.019780000,42.787570000,1008.000
0.019790000,42.787560000,1008.000
0.019830000,42.787530000,1009.000
0.019950000,42.787470000,1009.000
0.019970000,42.787460000,1009.000
0.020060000,42.787430000,1009.000
0.020260000,42.787360000,1009.000
0.020410000,42.787330000,1009.000
0.020460000,42.787320000,1010.000
0.020580000,42.787300000,1010.000
0.020810000,42.787260000,1010.000
0.020890000,42.787230000,1010.000
0.020930000,42.787210000,1010.000
0.021010000,42.787170000,1011.000
0.021180000,42.787070000,1011.000
0.021230000,42.787030000,1011.000
0.021250000,42.787000000,1011.000
0.021270000,42.786950000,1011.000
0.021270000,42.786910000,1011.000
0.021260000,42.786860000,1011.000
0.021230000,42.786790000,1012.000
0.021190000,42.786740000,1012.000
0.021150000,42.786680000,1012.000
0.021120000,42.786660000,1012.000
0.020970000,42.786590000,1012.000
0.020800000,42.786520000,1013.000
0.020670000,42.786470000,1013.000
0.020530000,42.786380000,1014.000
0.020420000,42.786300000,1014.000
0.020410000,42.786290000,1015.000
0.020330000,42.786210000,1015.000
0.020290000,42.786150000,1016.000
0.020240000,42.786070000,1016.000
0.020210000,42.785990000,1017.000
0.020170000,42.785820000,1017.000
0.020160000,42.785700000,1018.000
0.020160000,42.785620000,1018.000
0.020210000,42.785310000,1019.000
0.020240000,42.785170000,1020.000
0.020250000,42.785070000,1021.000
0.020220000,42.784980000,1022.000
0.020080000,42.784760000,1023.000
0.019920000,42.784570000,1024.000
0.019780000,42.784410000,1025.000
0.019670000,42.784320000,1025.000
0.019590000,42.784240000,1026.000
0.019420000,42.784050000,1027.000
0.019270000,42.783870000,1028.000
0.019150000,42.783760000,1028.000
0.019050000,42.783670000,1029.000
0.018940000,42.783590000,1029.000
0.018720000,42.783490000,1030.000
0.018660000,42.783460000,1031.000
0.018460000,42.783380000,1031.000
0.018340000,42.783330000,1032.000
0.018300000,42.783300000,1032.000
0.018270000,42.783270000,1032.000
0.018240000,42.783240000,1033.000
0.018240000,42.783200000,1033.000
0.018260000,42.783140000,1033.000
0.018260000,42.783140000,1033.000
0.018320000,42.783120000,1033.000
0.018370000,42.783110000,1034.000
0.018400000,42.783100000,1034.000
0.018470000,42.783100000,1034.000
0.018510000,42.783120000,1034.000
0.018580000,42.783160000,1034.000
0.018620000,42.783190000,1034.000
0.018810000,42.783340000,1035.000
0.019080000,42.783500000,1035.000
0.019130000,42.783520000,1036.000
0.019270000,42.783580000,1036.000
0.019340000,42.783610000,1036.000
0.019430000,42.783640000,1037.000
0.019550000,42.783700000,1037.000
0.019640000,42.783740000,1037.000
0.019760000,42.783800000,1038.000
0.019970000,42.783910000,1038.000
0.020310000,42.784120000,1039.000
0.020570000,42.784310000,1041.000
0.020820000,42.784500000,1042.000
0.021150000,42.784750000,1044.000
0.021430000,42.784970000,1045.000
0.021520000,42.785040000,1047.000
0.021690000,42.785170000,1048.000
0.021820000,42.785240000,1049.000
0.021860000,42.785270000,1050.000
0.022030000,42.785370000,1050.000
0.022200000,42.785470000,1051.000
0.022370000,42.785550000,1052.000
0.022480000,42.785600000,1052.000
0.022620000,42.785660000,1053.000
0.022710000,42.785700000,1053.000
0.022810000,42.785740000,1054.000
0.022830000,42.785750000,1054.000
0.022980000,42.785820000,1055.000
0.023090000,42.785860000,1055.000
0.023140000,42.785880000,1055.000
0.023200000,42.785900000,1056.000
0.023270000,42.785920000,1056.000
0.023310000,42.785920000,1056.000
0.023360000,42.785910000,1056.000
0.023430000,42.785880000,1057.000
0.023460000,42.785840000,1057.000
0.023460000,42.785790000,1057.000
0.023450000,42.785750000,1057.000
0.023370000,42.785700000,1057.000
0.023180000,42.785660000,1058.000
0.022970000,42.785620000,1058.000
0.022810000,42.785550000,1059.000
0.022690000,42.785470000,1060.000
0.022640000,42.785430000,1060.000
0.022600000,42.785400000,1061.000
0.022490000,42.785290000,1061.000
0.022480000,42.785280000,1062.000
0.022340000,42.785140000,1062.000
0.022300000,42.785100000,1063.000
0.022040000,42.784860000,1064.000
0.022030000,42.784850000,1064.000
0.021950000,42.784770000,1065.000
0.021890000,42.784710000,1065.000
0.021750000,42.784560000,1066.000
0.021610000,42.784410000,1067.000
0.021350000,42.784140000,1068.000
0.021350000,42.784130000,1069.000
0.021320000,42.784100000,1070.000
0.021200000,42.783980000,1070.000
0.021090000,42.783850000,1071.000
0.021070000,42.783830000,1072.000
0.020930000,42.783680000,1072.000
0.020870000,42.783610000,1073.000
0.020790000,42.783530000,1074.000
0.020730000,42.783470000,1075.000
0.020640000,42.783390000,1075.000
0.020490000,42.783290000,1076.000
0.020450000,42.783270000,1076.000
0.020360000,42.783230000,1077.000
0.020250000,42.783170000,1078.000
0.020100000,42.783100000,1078.000
0.020040000,42.783080000,1079.000
0.019910000,42.783030000,1079.000
0.019730000,42.782980000,1080.000
0.019610000,42.782960000,1081.000
0.019520000,42.782950000,1081.000
0.019440000,42.782940000,1082.000
0.019380000,42.782930000,1082.000
0.019350000,42.782920000,1083.000
0.019320000,42.782900000,1083.000
0.019180000,42.782800000,1083.000
0.019020000,42.782650000,1084.000
0.018880000,42.782520000,1084.000
0.018730000,42.782360000,1085.000
0.018690000,42.782320000,1086.000
0.018600000,42.782210000,1086.000
0.018580000,42.782180000,1087.000
0.018540000,42.782130000,1087.000
0.018500000,42.781980000,1088.000
0.018510000,42.781860000,1088.000
0.018510000,42.781840000,1089.000
0.018540000,42.781690000,1089.000
0.018560000,42.781570000,1090.000
0.018560000,42.781510000,1090.000
0.018580000,42.781380000,1090.000
0.018620000,42.781180000,1092.000
0.018690000,42.780790000,1095.000
0.018720000,42.780580000,1098.000
0.018720000,42.780450000,1101.000
0.018710000,42.780440000,1103.000
0.018690000,42.780250000,1106.000
0.018680000,42.780140000,1108.000
0.018640000,42.780010000,1110.000
0.018590000,42.779910000,1112.000
0.018570000,42.779880000,1114.000
0.018480000,42.779770000,1116.000
0.018340000,42.779600000,1118.000
0.018330000,42.779590000,1119.000
0.018290000,42.779500000,1121.000
0.018240000,42.779380000,1121.000
0.018110000,42.779200000,1122.000
0.017670000,42.778660000,1123.000
0.017550000,42.778510000,1124.000
0.017390000,42.778320000,1124.000
0.017220000,42.778140000,1125.000
0.017120000,42.778060000,1125.000
0.017090000,42.778030000,1126.000
0.016960000,42.777930000,1126.000
0.016930000,42.777900000,1126.000
0.016730000,42.777760000,1127.000
0.016490000,42.777580000,1127.000
0.016440000,42.777540000,1128.000
0.016270000,42.777420000,1128.000
0.016090000,42.777290000,1129.000
0.016050000,42.777260000,1129.000
0.016020000,42.777250000,1130.000
0.015900000,42.777180000,1130.000
0.015680000,42.777070000,1130.000
0.015580000,42.777000000,1131.000
0.015430000,42.776900000,1131.000
0.015290000,42.776810000,1132.000
0.015260000,42.776790000,1132.000
0.015130000,42.776730000,1133.000
0.015040000,42.776690000,1133.000
0.014920000,42.776650000,1134.000
0.014840000,42.776620000,1134.000
0.014700000,42.776570000,1135.000
0.014690000,42.776560000,1135.000
0.014540000,42.776470000,1136.000
0.014510000,42.776450000,1136.000
0.014430000,42.776390000,1137.000
0.014330000,42.776240000,1138.000
0.014230000,42.776120000,1139.000
0.014110000,42.776020000,1139.000
0.014010000,42.775940000,1140.000
0.013940000,42.775870000,1141.000
0.013900000,42.775820000,1142.000
0.013820000,42.775760000,1142.000
0.013780000,42.775740000,1143.000
0.013710000,42.775710000,1143.000
0.013550000,42.775690000,1144.000
0.013530000,42.775690000,1144.000
0.013320000,42.775670000,1145.000
0.013310000,42.775670000,1146.000
0.013150000,42.775630000,1146.000
0.013070000,42.775610000,1146.000
0.013020000,42.775590000,1147.000
0.012920000,42.775540000,1147.000
0.012870000,42.775510000,1147.000
0.012610000,42.775330000,1148.000
0.012380000,42.775130000,1148.000
0.012210000,42.774980000,1149.000
0.012160000,42.774940000,1149.000
0.012030000,42.774850000,1150.000
0.011900000,42.774800000,1150.000
0.011680000,42.774760000,1151.000
0.011510000,42.774740000,1151.000
0.011330000,42.774690000,1152.000
0.011130000,42.774600000,1153.000
0.010990000,42.774510000,1155.000
0.010950000,42.774480000,1156.000
0.010780000,42.774350000,1158.000
0.010750000,42.774330000,1159.000
0.010610000,42.774220000,1161.000
0.010590000,42.774210000,1162.000
0.010520000,42.774120000,1164.000
0.010490000,42.774060000,1165.000
0.010460000,42.774000000,1166.000
0.010410000,42.773810000,1168.000
0.010380000,42.773710000,1170.000
0.010340000,42.773540000,1173.000
0.010290000,42.773360000,1175.000
0.010280000,42.773320000,1177.000
0.010200000,42.773000000,1180.000
0.010110000,42.772720000,1182.000
0.010080000,42.772660000,1184.000
0.010060000,42.772620000,1185.000
0.009990000,42.772550000,1186.000
0.009830000,42.772420000,1186.000
0.009770000,42.772380000,1187.000
0.009560000,42.772220000,1187.000
0.009240000,42.771980000,1188.000
0.009220000,42.771960000,1188.000
0.009060000,42.771830000,1188.000
0.009050000,42.771810000,1189.000
0.008920000,42.771680000,1189.000
0.008840000,42.771610000,1189.000
0.008780000,42.771530000,1189.000
0.008650000,42.771390000,1190.000
0.008640000,42.771380000,1191.000
0.008570000,42.771310000,1191.000
0.008520000,42.771230000,1192.000
0.008480000,42.771160000,1193.000
0.008450000,42.771110000,1194.000
0.008440000,42.771060000,1195.000
0.008430000,42.771040000,1195.000
0.008410000,42.770970000,1196.000
0.008390000,42.770880000,1197.000
0.008390000,42.770830000,1198.000
0.008360000,42.770700000,1199.000
0.008320000,42.770590000,1200.000
0.008290000,42.770530000,1201.000
0.008230000,42.770440000,1202.000
0.008210000,42.770370000,1203.000
0.008210000,42.770360000,1204.000
0.008170000,42.770220000,1205.000
0.008150000,42.770190000,1206.000
0.008130000,42.770150000,1207.000
0.008020000,42.770060000,1208.000
0.008010000,42.770050000,1209.000
0.007980000,42.770000000,1209.000
0.007890000,42.769890000,1210.000
0.007840000,42.769830000,1211.000
0.007770000,42.769730000,1212.000
0.007700000,42.769650000,1213.000
0.007620000,42.769590000,1214.000
0.007580000,42.769560000,1215.000
0.007460000,42.769510000,1216.000
0.007420000,42.769490000,1217.000
0.007370000,42.769480000,1218.000
0.007270000,42.769440000,1218.000
0.007200000,42.769410000,1219.000
0.007160000,42.769390000,1220.000
0.007150000,42.769380000,1220.000
0.007080000,42.769330000,1221.000
0.007040000,42.769280000,1221.000
0.006980000,42.769220000,1222.000
0.006930000,42.769140000,1223.000
0.006920000,42.769120000,1223.000
0.006900000,42.769060000,1224.000
0.006900000,42.769020000,1224.000
0.006890000,42.768940000,1225.000
0.006880000,42.768890000,1226.000
0.006870000,42.768760000,1227.000
0.006870000,42.768710000,1227.000
0.006840000,42.768630000,1228.000
0.006820000,42.768590000,1229.000
0.006810000,42.768560000,1230.000
0.006760000,42.768510000,1230.000
0.006680000,42.768440000,1231.000
0.006570000,42.768350000,1232.000
0.006550000,42.768320000,1232.000
0.006510000,42.768260000,1233.000
0.006500000,42.768170000,1233.000
0.006490000,42.768130000,1234.000
0.006490000,42.768070000,1234.000
0.006480000,42.768010000,1235.000
0.006460000,42.767960000,1235.000
0.006410000,42.767860000,1235.000
0.006300000,42.767780000,1236.000
0.006220000,42.767700000,1237.000
0.006200000,42.767650000,1237.000
0.006180000,42.767630000,1237.000
0.006160000,42.767580000,1238.000
0.006150000,42.767550000,1238.000
0.006130000,42.767500000,1238.000
0.006130000,42.767480000,1239.000
0.006100000,42.767370000,1239.000
0.006050000,42.767280000,1239.000
0.005850000,42.767080000,1240.000
0.005780000,42.767020000,1241.000
0.005760000,42.767000000,1241.000
0.005750000,42.766990000,1242.000
0.005710000,42.766920000,1242.000
0.005690000,42.766850000,1243.000
0.005650000,42.766770000,1243.000
0.005620000,42.766680000,1244.000
0.005570000,42.766500000,1244.000
0.005550000,42.766450000,1245.000
0.005510000,42.766330000,1246.000
0.005470000,42.766240000,1247.000
0.005450000,42.766150000,1247.000
0.005440000,42.766130000,1248.000
0.005440000,42.766100000,1248.000
0.005430000,42.766040000,1249.000
0.005430000,42.765970000,1249.000
0.005430000,42.765860000,1250.000
0.005430000,42.765680000,1250.000
0.005430000,42.765610000,1251.000
0.005420000,42.765540000,1252.000
0.005410000,42.765520000,1252.000
0.005400000,42.765450000,1253.000
0.005390000,42.765440000,1253.000
0.005360000,42.765370000,1254.000
0.005310000,42.765270000,1254.000
0.005290000,42.765240000,1255.000
0.005180000,42.765110000,1255.000
0.005010000,42.764910000,1255.000
0.004920000,42.764810000,1256.000
0.004830000,42.764720000,1256.000
0.004790000,42.764660000,1256.000
0.004680000,42.764500000,1255.000
0.004620000,42.764400000,1255.000
0.004580000,42.764330000,1255.000
0.004460000,42.764180000,1255.000
0.004350000,42.764020000,1255.000
0.004270000,42.763910000,1254.000
0.004190000,42.763760000,1254.000
0.004170000,42.763680000,1254.000
0.004140000,42.763610000,1254.000
0.004060000,42.763330000,1253.000
0.004010000,42.763160000,1253.000
0.004000000,42.763120000,1253.000
0.003950000,42.763020000,1252.000
0.003930000,42.762990000,1252.000
0.003820000,42.762820000,1252.000
0.003730000,42.762680000,1252.000
0.003720000,42.762660000,1252.000
0.003610000,42.762500000,1252.000
0.003540000,42.762390000,1251.000
0.003510000,42.762340000,1251.000
0.003470000,42.762260000,1251.000
0.003380000,42.762070000,1251.000
0.003290000,42.761860000,1251.000
0.003260000,42.761790000,1250.000
0.003210000,42.761690000,1250.000
0.003120000,42.761520000,1250.000
0.003100000,42.761490000,1250.000
0.003020000,42.761360000,1249.000
0.002930000,42.761190000,1248.000
0.002920000,42.761180000,1247.000
0.002740000,42.760860000,1245.000
0.002700000,42.760790000,1244.000
0.002580000,42.760630000,1242.000
0.002530000,42.760550000,1241.000
0.002510000,42.760540000,1240.000
0.002430000,42.760460000,1239.000
0.002360000,42.760400000,1238.000
0.002160000,42.760250000,1236.000
0.002050000,42.760160000,1235.000
0.002000000,42.760120000,1234.000
0.001930000,42.760060000,1233.000
0.001900000,42.760020000,1232.000
0.001850000,42.759970000,1231.000
0.001830000,42.759920000,1231.000
0.001820000,42.759900000,1231.000
0.001810000,42.759870000,1231.000
0.001800000,42.759790000,1232.000
0.001810000,42.759620000,1233.000
0.001880000,42.759360000,1236.000
0.001930000,42.759190000,1239.000
0.001970000,42.759010000,1242.000
0.001990000,42.758960000,1244.000
0.002020000,42.758830000,1246.000
0.002040000,42.758650000,1249.000
0.002040000,42.758590000,1251.000
0.002030000,42.758420000,1254.000
0.001990000,42.758280000,1256.000
0.001980000,42.758220000,1258.000
0.001940000,42.758120000,1260.000
0.001920000,42.758070000,1262.000
0.001890000,42.757950000,1262.000
0.001830000,42.757770000,1262.000
0.001820000,42.757760000,1262.000
0.001780000,42.757590000,1262.000
0.001730000,42.757420000,1261.000
0.001670000,42.757240000,1260.000
0.001630000,42.757140000,1259.000
0.001590000,42.757050000,1258.000
0.001530000,42.756940000,1257.000
0.001450000,42.756840000,1257.000
0.001380000,42.756750000,1256.000
0.001110000,42.756460000,1254.000
0.001100000,42.756450000,1253.000
0.000690000,42.756010000,1251.000
0.000550000,42.755860000,1249.000
0.000410000,42.755710000,1248.000
0.000300000,42.755590000,1246.000
0.000270000,42.755560000,1245.000
0.000080000,42.755360000,1244.000
-0.000140000,42.755120000,1242.000
-0.000150000,42.755110000,1241.000
-0.000270000,42.755000000,1240.000
-0.000290000,42.754980000,1239.000
-0.000450000,42.754840000,1238.000
-0.000450000,42.754830000,1237.000
-0.000610000,42.754700000,1237.000
-0.000770000,42.754570000,1237.000
-0.000940000,42.754440000,1238.000
-0.001100000,42.754300000,1238.000
-0.001270000,42.754170000,1239.000
-0.001370000,42.754080000,1240.000
-0.001630000,42.753840000,1241.000
-0.001710000,42.753720000,1242.000
-0.001790000,42.753560000,1243.000
-0.001810000,42.753390000,1244.000
-0.001830000,42.753310000,1244.000
-0.001800000,42.753050000,1245.000
-0.001730000,42.752860000,1246.000
-0.001710000,42.752810000,1246.000
-0.001610000,42.752630000,1247.000
-0.001570000,42.752520000,1247.000
-0.001560000,42.752500000,1247.000
-0.001540000,42.752310000,1248.000
-0.001560000,42.752180000,1248.000
-0.001570000,42.752160000,1248.000
-0.001670000,42.752000000,1249.000
-0.001780000,42.751840000,1249.000
-0.001890000,42.751680000,1250.000
-0.001900000,42.751660000,1250.000
-0.002010000,42.751520000,1251.000
-0.002090000,42.751420000,1252.000
-0.002140000,42.751370000,1253.000
-0.002300000,42.751230000,1254.000
-0.002480000,42.751110000,1255.000
-0.002640000,42.750990000,1257.000
-0.002650000,42.750980000,1258.000
-0.002930000,42.750780000,1260.000
-0.003000000,42.750730000,1261.000
-0.003210000,42.750530000,1263.000
-0.003470000,42.750310000,1265.000
-0.003680000,42.750130000,1267.000
-0.003780000,42.750030000,1268.000
-0.003820000,42.749980000,1269.000
-0.003860000,42.749920000,1270.000
-0.003880000,42.749870000,1271.000
-0.003890000,42.749870000,1271.000
-0.003930000,42.749750000,1272.000
-0.003970000,42.749630000,1272.000
-0.003980000,42.749460000,1273.000
-0.004010000,42.749340000,1273.000
-0.004040000,42.749240000,1274.000
-0.004070000,42.749170000,1274.000
-0.004110000,42.749080000,1275.000
-0.004160000,42.749000000,1275.000
-0.004170000,42.748980000,1275.000
-0.004250000,42.748890000,1276.000
-0.004290000,42.748850000,1276.000
-0.004380000,42.748750000,1276.000
-0.004420000,42.748700000,1277.000
-0.004500000,42.748600000,1277.000
-0.004550000,42.748490000,1278.000
-0.004590000,42.748310000,1279.000
-0.004640000,42.748130000,1280.000
-0.004720000,42.747950000,1281.000
-0.004770000,42.747840000,1282.000
-0.004850000,42.747710000,1283.000
-0.004870000,42.747680000,1284.000
-0.004990000,42.747480000,1285.000
-0.005090000,42.747310000,1287.000
-0.005110000,42.747250000,1287.000
-0.005140000,42.747180000,1288.000
-0.005180000,42.747040000,1289.000
-0.005230000,42.746860000,1290.000
-0.005250000,42.746760000,1292.000
-0.005350000,42.746330000,1296.000
-0.005360000,42.746080000,1301.000
-0.005360000,42.745990000,1304.000
-0.005340000,42.745870000,1308.000
-0.005320000,42.745790000,1310.000
-0.005300000,42.745730000,1313.000
-0.005280000,42.745670000,1315.000
-0.005200000,42.745480000,1318.000
-0.005130000,42.745330000,1321.000
-0.004980000,42.745090000,1325.000
-0.004840000,42.744870000,1329.000
-0.004690000,42.744630000,1335.000
-0.004610000,42.744510000,1340.000
-0.004510000,42.744350000,1345.000
-0.004500000,42.744320000,1348.000
-0.004430000,42.744200000,1352.000
-0.004420000,42.744180000,1354.000
-0.004400000,42.744130000,1356.000
-0.004390000,42.744010000,1359.000
-0.004380000,42.743960000,1361.000
-0.004370000,42.743930000,1363.000
-0.004380000,42.743860000,1365.000
-0.004390000,42.743720000,1367.000
-0.004420000,42.743600000,1370.000
-0.004440000,42.743540000,1372.000
-0.004470000,42.743490000,1374.000
-0.004520000,42.743440000,1376.000
-0.004520000,42.743430000,1377.000
-0.004560000,42.743390000,1379.000
-0.004630000,42.743350000,1379.000
-0.004690000,42.743310000,1379.000
-0.004700000,42.743310000,1379.000
-0.004850000,42.743260000,1378.000
-0.004920000,42.743250000,1377.000
-0.005160000,42.743200000,1375.000
-0.005390000,42.743150000,1372.000
-0.005460000,42.743140000,1370.000
-0.005620000,42.743100000,1367.000
-0.005630000,42.743100000,1365.000
-0.005770000,42.743060000,1363.000
-0.005840000,42.743020000,1362.000
-0.005900000,42.742980000,1360.000
-0.006000000,42.742890000,1358.000
-0.006120000,42.742730000,1355.000
-0.006200000,42.742610000,1352.000
-0.006250000,42.742580000,1350.000
-0.006430000,42.742460000,1347.000
-0.006440000,42.742460000,1345.000
-0.006580000,42.742320000,1343.000
-0.006590000,42.742320000,1341.000
-0.006640000,42.742220000,1341.000
-0.006670000,42.742160000,1341.000
-0.006670000,42.742150000,1341.000
-0.006680000,42.742040000,1341.000
-0.006670000,42.741970000,1342.000
-0.006660000,42.741790000,1344.000
-0.006660000,42.741610000,1346.000
-0.006660000,42.741430000,1348.000
-0.006660000,42.741390000,1350.000
-0.006680000,42.741250000,1352.000
-0.006740000,42.741140000,1354.000
-0.006780000,42.741090000,1356.000
-0.006810000,42.741040000,1357.000
-0.006910000,42.740940000,1359.000
-0.007050000,42.740850000,1361.000
-0.007100000,42.740820000,1362.000
-0.007290000,42.740710000,1364.000
-0.007320000,42.740700000,1366.000
-0.007490000,42.740640000,1366.000
-0.007730000,42.740550000,1366.000
-0.007740000,42.740550000,1366.000
-0.007850000,42.740490000,1366.000
-0.007920000,42.740440000,1365.000
-0.007940000,42.740420000,1365.000
-0.008000000,42.740380000,1365.000
-0.008070000,42.740300000,1364.000
-0.008100000,42.740270000,1364.000
-0.008210000,42.740160000,1363.000
-0.008210000,42.740150000,1363.000
-0.008310000,42.740060000,1362.000
-0.008360000,42.740010000,1362.000
-0.008490000,42.739870000,1361.000
-0.008490000,42.739860000,1361.000
-0.008510000,42.739820000,1360.000
-0.008530000,42.739770000,1360.000
-0.008560000,42.739680000,1359.000
-0.008580000,42.739600000,1359.000
-0.008610000,42.739510000,1358.000
-0.008620000,42.739480000,1358.000
-0.008720000,42.739170000,1357.000
-0.008760000,42.739040000,1356.000
-0.008770000,42.738980000,1355.000
-0.008840000,42.738740000,1355.000
-0.008870000,42.738610000,1355.000
-0.008920000,42.738490000,1354.000
-0.008960000,42.738410000,1354.000
-0.009020000,42.738340000,1354.000
-0.009110000,42.738250000,1354.000
-0.009190000,42.738190000,1354.000
-0.009260000,42.738150000,1354.000
-0.009270000,42.738140000,1353.000
-0.009350000,42.738100000,1353.000
-0.009430000,42.738080000,1353.000
-0.009540000,42.738050000,1353.000
-0.009620000,42.738030000,1353.000
-0.009690000,42.738010000,1353.000
-0.009790000,42.737960000,1353.000
-0.009860000,42.737900000,1353.000
-0.009980000,42.737790000,1353.000
-0.010030000,42.737710000,1353.000
-0.010100000,42.737510000,1353.000
-0.010140000,42.737330000,1353.000
-0.010150000,42.737310000,1354.000
-0.010150000,42.737290000,1354.000
-0.010170000,42.737210000,1354.000
-0.010180000,42.737140000,1355.000
-0.010190000,42.737030000,1355.000
-0.010190000,42.736990000,1355.000
-0.010220000,42.736310000,1356.000
-0.010200000,42.736220000,1357.000
-0.010170000,42.736130000,1358.000
-0.010140000,42.736070000,1359.000
-0.010090000,42.736000000,1359.000
-0.010030000,42.735960000,1360.000
-0.009990000,42.735930000,1360.000
-0.009870000,42.735850000,1360.000
-0.009730000,42.735750000,1361.000
-0.009670000,42.735700000,1361.000
-0.009640000,42.735660000,1361.000
-0.009620000,42.735620000,1362.000
-0.009620000,42.735590000,1362.000
-0.009660000,42.735550000,1362.000
-0.009670000,42.735540000,1362.000
-0.009710000,42.735500000,1362.000
-0.009820000,42.735410000,1362.000
-0.009850000,42.735380000,1363.000
-0.010010000,42.735240000,1363.000
-0.010060000,42.735200000,1363.000
-0.010130000,42.735140000,1363.000
-0.010300000,42.734940000,1364.000
-0.010300000,42.734940000,1364.000
-0.010730000,42.735110000,1365.000
-0.010830000,42.735150000,1365.000
-0.010980000,42.735230000,1366.000
-0.011070000,42.735280000,1366.000
-0.011280000,42.735350000,1367.000
-0.011300000,42.735350000,1367.000
-0.011380000,42.735380000,1367.000
-0.011490000,42.735400000,1368.000
-0.011680000,42.735440000,1368.000
-0.011850000,42.735480000,1368.000
-0.011910000,42.735500000,1369.000
-0.011980000,42.735530000,1369.000
-0.012060000,42.735580000,1370.000
-0.012330000,42.735780000,1370.000
-0.012510000,42.735950000,1371.000
-0.012610000,42.736080000,1372.000
-0.012640000,42.736110000,1372.000
-0.012700000,42.736230000,1373.000
-0.012700000,42.736240000,1373.000
-0.012730000,42.736310000,1373.000
-0.012760000,42.736420000,1374.000
-0.012780000,42.736490000,1374.000
-0.012790000,42.736600000,1374.000
-0.012810000,42.736780000,1375.000
-0.012820000,42.736860000,1375.000
-0.012830000,42.736950000,1375.000
-0.012870000,42.737210000,1375.000
-0.012880000,42.737270000,1375.000
-0.012890000,42.737310000,1376.000
-0.012900000,42.737340000,1376.000
-0.012930000,42.737400000,1376.000
-0.013000000,42.737470000,1376.000
-0.013020000,42.737480000,1376.000
-0.013180000,42.737600000,1376.000
-0.013460000,42.737780000,1377.000
-0.013740000,42.737980000,1377.000
-0.013970000,42.738120000,1377.000
-0.014030000,42.738170000,1378.000
-0.014100000,42.738220000,1378.000
-0.014240000,42.738320000,1379.000
-0.014330000,42.738430000,1380.000
-0.014360000,42.738510000,1380.000
-0.014400000,42.738610000,1381.000
-0.014420000,42.738650000,1381.000
-0.014430000,42.738680000,1381.000
-0.014450000,42.738780000,1382.000
-0.014480000,42.738860000,1382.000
-0.014500000,42.738920000,1383.000
-0.014550000,42.739030000,1383.000
-0.014550000,42.739040000,1383.000
-0.014710000,42.739250000,1384.000
-0.014730000,42.739290000,1385.000
-0.014780000,42.739350000,1385.000
-0.014800000,42.739370000,1385.000
-0.014860000,42.739480000,1386.000
-0.014880000,42.739510000,1386.000
-0.014920000,42.739620000,1387.000
-0.014940000,42.739680000,1387.000
-0.014980000,42.739790000,1387.000
-0.015010000,42.739890000,1388.000
-0.015010000,42.739990000,1388.000
-0.015010000,42.740040000,1388.000
-0.014990000,42.740190000,1388.000
-0.014990000,42.740220000,1389.000
-0.014980000,42.740360000,1389.000
-0.014990000,42.740400000,1389.000
-0.015000000,42.740500000,1389.000
-0.015000000,42.740510000,1390.000
-0.015010000,42.740550000,1390.000
-0.015020000,42.740580000,1390.000
-0.015030000,42.740620000,1390.000
-0.015050000,42.740660000,1390.000
-0.015070000,42.740670000,1390.000
-0.015090000,42.740680000,1390.000
-0.015130000,42.740700000,1390.000
-0.015130000,42.740700000,1390.000
-0.015170000,42.740690000,1391.000
-0.015190000,42.740690000,1391.000
-0.015210000,42.740680000,1391.000
-0.015220000,42.740650000,1391.000
-0.015220000,42.740630000,1391.000
-0.015220000,42.740600000,1391.000
-0.015170000,42.740450000,1391.000
-0.015160000,42.740390000,1391.000
-0.015160000,42.740370000,1391.000
-0.015160000,42.740300000,1391.000
-0.015180000,42.740210000,1392.000
-0.015200000,42.740120000,1392.000
-0.015240000,42.740040000,1392.000
-0.015250000,42.740020000,1392.000
-0.015340000,42.739870000,1393.000
-0.015410000,42.739710000,1394.000
-0.015410000,42.739700000,1395.000
-0.015420000,42.739570000,1395.000
-0.015420000,42.739520000,1396.000
-0.015420000,42.739440000,1397.000
-0.015370000,42.739250000,1398.000
-0.015350000,42.739160000,1399.000
-0.015290000,42.738970000,1400.000
-0.015250000,42.738850000,1401.000
-0.015250000,42.738810000,1402.000
-0.015240000,42.738720000,1403.000
-0.015260000,42.738660000,1404.000
-0.015260000,42.738630000,1405.000
-0.015320000,42.738490000,1406.000
-0.015310000,42.738300000,1407.000
-0.015250000,42.738160000,1408.000
-0.015220000,42.738070000,1409.000
-0.015180000,42.737980000,1410.000
-0.015020000,42.737580000,1412.000
-0.014870000,42.737170000,1415.000
-0.014810000,42.737070000,1417.000
-0.014790000,42.737030000,1418.000
-0.014720000,42.736940000,1420.000
-0.014620000,42.736850000,1421.000
-0.014430000,42.736710000,1423.000
-0.014370000,42.736630000,1424.000
-0.014370000,42.736600000,1425.000
-0.014380000,42.736550000,1426.000
-0.014440000,42.736540000,1426.000
-0.014470000,42.736540000,1427.000
-0.014500000,42.736540000,1427.000
-0.014520000,42.736560000,1427.000
-0.014570000,42.736610000,1428.000
-0.014610000,42.736670000,1428.000
-0.014670000,42.736710000,1429.000
-0.014780000,42.736780000,1429.000
-0.015160000,42.736920000,1431.000
-0.015300000,42.736980000,1432.000
-0.015370000,42.737010000,1433.000
-0.015730000,42.737150000,1435.000
-0.015920000,42.737240000,1436.000
-0.016000000,42.737290000,1438.000
-0.016040000,42.737310000,1439.000
-0.016120000,42.737390000,1439.000
-0.016150000,42.737450000,1440.000
-0.016180000,42.737530000,1441.000
-0.016200000,42.737640000,1442.000
-0.016230000,42.737730000,1443.000
-0.016270000,42.737770000,1444.000
-0.016320000,42.737800000,1444.000
-0.016370000,42.737800000,1445.000
-0.016430000,42.737800000,1445.000
-0.016530000,42.737790000,1446.000
-0.016600000,42.737750000,1447.000
-0.016680000,42.737690000,1447.000
-0.016690000,42.737680000,1448.000
-0.016770000,42.737610000,1449.000
-0.016850000,42.737550000,1449.000
-0.016920000,42.737520000,1450.000
-0.017020000,42.737500000,1451.000
-0.017090000,42.737490000,1452.000
-0.017180000,42.737480000,1452.000
-0.017570000,42.737480000,1454.000
-0.017720000,42.737480000,1455.000
-0.017850000,42.737480000,1457.000
-0.017950000,42.737500000,1458.000
-0.018060000,42.737540000,1459.000
-0.018200000,42.737630000,1460.000
-0.018370000,42.737770000,1461.000
-0.018420000,42.737810000,1463.000
-0.018690000,42.738070000,1464.000
-0.018890000,42.738310000,1467.000
-0.018950000,42.738350000,1468.000
-0.019020000,42.738410000,1469.000
-0.019100000,42.738460000,1471.000
-0.019230000,42.738510000,1472.000
-0.019340000,42.738520000,1473.000
-0.019610000,42.738530000,1474.000
-0.019750000,42.738540000,1475.000
-0.020100000,42.738580000,1477.000
-0.020330000,42.738600000,1478.000
-0.020480000,42.738620000,1480.000
-0.020740000,42.738660000,1481.000
-0.020860000,42.738660000,1482.000
-0.020960000,42.738650000,1483.000
-0.021020000,42.738620000,1484.000
-0.021040000,42.738610000,1485.000
-0.021070000,42.738580000,1485.000
-0.021090000,42.738520000,1486.000
-0.021070000,42.738440000,1486.000
-0.021070000,42.738430000,1486.000
-0.020990000,42.738280000,1487.000
-0.020870000,42.738090000,1488.000
-0.020780000,42.737990000,1489.000
-0.020740000,42.737960000,1490.000
-0.020680000,42.737910000,1490.000
-0.020570000,42.737850000,1491.000
-0.020220000,42.737670000,1492.000
-0.020160000,42.737630000,1493.000
-0.020100000,42.737600000,1494.000
-0.020060000,42.737560000,1495.000
-0.020040000,42.737530000,1496.000
-0.020040000,42.737490000,1496.000
-0.020040000,42.737480000,1497.000
-0.020060000,42.737430000,1497.000
-0.020110000,42.737400000,1498.000
-0.020170000,42.737390000,1498.000
-0.020230000,42.737390000,1499.000
-0.020340000,42.737410000,1499.000
-0.020410000,42.737440000,1500.000
-0.020440000,42.737450000,1500.000
-0.020560000,42.737520000,1501.000
-0.020630000,42.737560000,1502.000
-0.020660000,42.737570000,1502.000
-0.020810000,42.737620000,1503.000
-0.021180000,42.737710000,1505.000
-0.021320000,42.737750000,1506.000
-0.021880000,42.737880000,1508.000
-0.022020000,42.737920000,1510.000
-0.022250000,42.737970000,1512.000
-0.022460000,42.738030000,1514.000
-0.022480000,42.738030000,1515.000
-0.022940000,42.738140000,1517.000
-0.023090000,42.738200000,1519.000
-0.023240000,42.738260000,1520.000
-0.023270000,42.738290000,1521.000
-0.023310000,42.738340000,1522.000
-0.023430000,42.738530000,1523.000
-0.023500000,42.738600000,1524.000
-0.023620000,42.738700000,1525.000
-0.023680000,42.738730000,1526.000
-0.023810000,42.738810000,1527.000
-0.024040000,42.738940000,1528.000
-0.024140000,42.739000000,1529.000
-0.024310000,42.739120000,1531.000
-0.024430000,42.739230000,1532.000
-0.024550000,42.739310000,1533.000
-0.024740000,42.739410000,1535.000
-0.025130000,42.739640000,1537.000
-0.025160000,42.739660000,1539.000
-0.025360000,42.739760000,1540.000
-0.025520000,42.739840000,1542.000
-0.025560000,42.739860000,1543.000
-0.025700000,42.739940000,1545.000
-0.025760000,42.739970000,1546.000
-0.025900000,42.740060000,1547.000
-0.025940000,42.740090000,1548.000
-0.025980000,42.740120000,1548.000
-0.026050000,42.740220000,1549.000
-0.026150000,42.740410000,1551.000
-0.026170000,42.740450000,1552.000
-0.026250000,42.740620000,1553.000
-0.026310000,42.740720000,1554.000
-0.026420000,42.740900000,1556.000
-0.026430000,42.740910000,1557.000
-0.026520000,42.741070000,1558.000
-0.026600000,42.741270000,1560.000
-0.026680000,42.741440000,1561.000
-0.026770000,42.741590000,1563.000
-0.026780000,42.741610000,1564.000
-0.026880000,42.741740000,1566.000
-0.026890000,42.741760000,1567.000
-0.027000000,42.741840000,1568.000
-0.027110000,42.741900000,1569.000
-0.027150000,42.741910000,1569.000
-0.027190000,42.741920000,1570.000
-0.027210000,42.741930000,1571.000
-0.027280000,42.741940000,1571.000
-0.027340000,42.741910000,1572.000
-0.027380000,42.741890000,1572.000
-0.027400000,42.741850000,1573.000
-0.027400000,42.741820000,1573.000
-0.027380000,42.741780000,1573.000
-0.027360000,42.741740000,1574.000
-0.027250000,42.741650000,1574.000
-0.027200000,42.741600000,1575.000
-0.027130000,42.741530000,1576.000
-0.027120000,42.741510000,1576.000
-0.027080000,42.741430000,1577.000
-0.027060000,42.741380000,1578.000
-0.027050000,42.741330000,1578.000
-0.027030000,42.741150000,1579.000
-0.027030000,42.741100000,1580.000
-0.026980000,42.740850000,1582.000
-0.026950000,42.740730000,1583.000
-0.026920000,42.740620000,1584.000
-0.026890000,42.740470000,1586.000
-0.026880000,42.740440000,1587.000
-0.026870000,42.740260000,1588.000
-0.026860000,42.740220000,1589.000
-0.026790000,42.740090000,1590.000
-0.026780000,42.740070000,1591.000
-0.026720000,42.739970000,1591.000
-0.026650000,42.739860000,1592.000
-0.026560000,42.739780000,1593.000
-0.026460000,42.739680000,1594.000
-0.026410000,42.739640000,1595.000
-0.026250000,42.739500000,1596.000
-0.026180000,42.739440000,1597.000
-0.026100000,42.739360000,1598.000
-0.025940000,42.739220000,1599.000
-0.025920000,42.739200000,1600.000
-0.025780000,42.739080000,1601.000
-0.025680000,42.739000000,1602.000
-0.025640000,42.738940000,1603.000
-0.025580000,42.738860000,1604.000
-0.025520000,42.738740000,1605.000
-0.025490000,42.738660000,1606.000
-0.025500000,42.738600000,1606.000
-0.025500000,42.738580000,1607.000
-0.025540000,42.738480000,1608.000
-0.025570000,42.738430000,1608.000
-0.025600000,42.738380000,1609.000
-0.025690000,42.738280000,1610.000
-0.025700000,42.738280000,1610.000
-0.025780000,42.738220000,1611.000
-0.025900000,42.738190000,1612.000
-0.025960000,42.738170000,1612.000
-0.026170000,42.738110000,1613.000
-0.026290000,42.738060000,1614.000
-0.026340000,42.738030000,1615.000
-0.026430000,42.737990000,1616.000
-0.026490000,42.737890000,1617.000
-0.026530000,42.737780000,1618.000
-0.026560000,42.737710000,1619.000
-0.026570000,42.737600000,1620.000
-0.026570000,42.737510000,1621.000
-0.026570000,42.737350000,1622.000
-0.026560000,42.737160000,1623.000
-0.026560000,42.736980000,1625.000
-0.026570000,42.736810000,1627.000
-0.026580000,42.736790000,1628.000
-0.026610000,42.736610000,1629.000
-0.026600000,42.736460000,1631.000
-0.026600000,42.736450000,1632.000
-0.026610000,42.736340000,1633.000
-0.026630000,42.736280000,1634.000
-0.026650000,42.736220000,1635.000
-0.026690000,42.736170000,1636.000
-0.026740000,42.736130000,1636.000
-0.026750000,42.736130000,1637.000
-0.026760000,42.736120000,1637.000
-0.026790000,42.736120000,1638.000
-0.026820000,42.736120000,1638.000
-0.026850000,42.736120000,1638.000
-0.026900000,42.736140000,1639.000
-0.026940000,42.736180000,1639.000
-0.026950000,42.736190000,1639.000
-0.026960000,42.736240000,1640.000
-0.026990000,42.736310000,1640.000
-0.027010000,42.736370000,1641.000
-0.027030000,42.736410000,1641.000
-0.027090000,42.736540000,1642.000
-0.027100000,42.736550000,1643.000
-0.027190000,42.736700000,1644.000
-0.027270000,42.736840000,1645.000
-0.027330000,42.736930000,1646.000
-0.027390000,42.736980000,1647.000
-0.027530000,42.737060000,1648.000
-0.027630000,42.737110000,1649.000
-0.027740000,42.737170000,1651.000
-0.027830000,42.737220000,1652.000
-0.027950000,42.737290000,1653.000
-0.028020000,42.737330000,1654.000
-0.028040000,42.737340000,1654.000
-0.028120000,42.737420000,1655.000
-0.028180000,42.737470000,1656.000
-0.028220000,42.737530000,1657.000
-0.028300000,42.737570000,1657.000
-0.028350000,42.737580000,1658.000
-0.028360000,42.737580000,1658.000
-0.028410000,42.737570000,1659.000
-0.028480000,42.737540000,1659.000
-0.028510000,42.737510000,1660.000
-0.028520000,42.737480000,1660.000
-0.028520000,42.737470000,1661.000
-0.028520000,42.737430000,1661.000
-0.028500000,42.737350000,1661.000
-0.028440000,42.737180000,1662.000
-0.028420000,42.737110000,1663.000
-0.028380000,42.736940000,1665.000
-0.028370000,42.736930000,1665.000
-0.028340000,42.736770000,1667.000
-0.028350000,42.736640000,1668.000
-0.028360000,42.736580000,1669.000
-0.028370000,42.736520000,1670.000
-0.028410000,42.736400000,1671.000
-0.028450000,42.736300000,1672.000
-0.028470000,42.736230000,1673.000
-0.028530000,42.736030000,1674.000
-0.028580000,42.735910000,1676.000
-0.028620000,42.735820000,1677.000
-0.028690000,42.735720000,1678.000
-0.028690000,42.735710000,1679.000
-0.028800000,42.735560000,1680.000
-0.028850000,42.735500000,1681.000
-0.028920000,42.735400000,1682.000
-0.028970000,42.735330000,1683.000
-0.029060000,42.735150000,1684.000
-0.029100000,42.735070000,1685.000
-0.029170000,42.734920000,1686.000
-0.029180000,42.734890000,1687.000
-0.029230000,42.734730000,1688.000
-0.029230000,42.734720000,1688.000
-0.029240000,42.734620000,1689.000
-0.029220000,42.734540000,1690.000
-0.029220000,42.734510000,1690.000
-0.029160000,42.734410000,1691.000
-0.029130000,42.734380000,1691.000
-0.029060000,42.734300000,1692.000
-0.029000000,42.734230000,1692.000
-0.028990000,42.734200000,1693.000
-0.028980000,42.734190000,1693.000
-0.028980000,42.734170000,1694.000
-0.028980000,42.734150000,1694.000
-0.028980000,42.734140000,1694.000
-0.028990000,42.734120000,1694.000
-0.029020000,42.734100000,1694.000
-0.029030000,42.734090000,1695.000
-0.029060000,42.734080000,1695.000
-0.029070000,42.734080000,1695.000
-0.029100000,42.734080000,1695.000
-0.029160000,42.734080000,1695.000
-0.029230000,42.734110000,1696.000
-0.029270000,42.734150000,1696.000
-0.029280000,42.734160000,1696.000
-0.029420000,42.734310000,1697.000
-0.029440000,42.734330000,1697.000
-0.029510000,42.734470000,1698.000
-0.029550000,42.734560000,1699.000
-0.029590000,42.734640000,1700.000
-0.029630000,42.734770000,1701.000
-0.029640000,42.734820000,1702.000
-0.029670000,42.735000000,1703.000
-0.029670000,42.735010000,1704.000
-0.029680000,42.735190000,1705.000
-0.029680000,42.735350000,1706.000
-0.029680000,42.735360000,1707.000
-0.029690000,42.735450000,1708.000
-0.029720000,42.735530000,1708.000
-0.029740000,42.735570000,1709.000
-0.029810000,42.735700000,1710.000
-0.029820000,42.735710000,1711.000
-0.029930000,42.735860000,1712.000
-0.030060000,42.736010000,1713.000
-0.030070000,42.736020000,1713.000
-0.030120000,42.736110000,1714.000
-0.030140000,42.736180000,1715.000
-0.030190000,42.736310000,1716.000
-0.030260000,42.736580000,1717.000
-0.030320000,42.736860000,1719.000
-0.030320000,42.736880000,1720.000
-0.030350000,42.736980000,1721.000
-0.030380000,42.737030000,1722.000
-0.030410000,42.737050000,1722.000
-0.030470000,42.737050000,1723.000
-0.030500000,42.737040000,1723.000
-0.030520000,42.737000000,1724.000
-0.030520000,42.736960000,1724.000
-0.030510000,42.736780000,1725.000
-0.030510000,42.736760000,1726.000
-0.030490000,42.736580000,1726.000
-0.030480000,42.736410000,1727.000
-0.030470000,42.736220000,1729.000
-0.030470000,42.736040000,1730.000
-0.030460000,42.735860000,1732.000
-0.030460000,42.735710000,1733.000
-0.030460000,42.735680000,1734.000
-0.030470000,42.735510000,1735.000
-0.030470000,42.735500000,1736.000
-0.030480000,42.735320000,1737.000
-0.030520000,42.735140000,1739.000
-0.030530000,42.735080000,1740.000
-0.030560000,42.734960000,1741.000
-0.030580000,42.734880000,1742.000
-0.030600000,42.734660000,1743.000
-0.030610000,42.734610000,1744.000
-0.030630000,42.734430000,1746.000
-0.030640000,42.734300000,1747.000
-0.030640000,42.734150000,1748.000
-0.030660000,42.733920000,1750.000
-0.030680000,42.733710000,1751.000
-0.030680000,42.733700000,1752.000
-0.030720000,42.733530000,1754.000
-0.030720000,42.733510000,1755.000
-0.030770000,42.733360000,1756.000
-0.030780000,42.733330000,1756.000
-0.030880000,42.733090000,1758.000
-0.030900000,42.733010000,1759.000
-0.030910000,42.732970000,1760.000
-0.030920000,42.732850000,1760.000
-0.030910000,42.732830000,1761.000
-0.030900000,42.732740000,1762.000
-0.030870000,42.732650000,1763.000
-0.030870000,42.732620000,1763.000
-0.030820000,42.732480000,1764.000
-0.030800000,42.732420000,1764.000
-0.030770000,42.732300000,1765.000
-0.030750000,42.732260000,1766.000
-0.030750000,42.732190000,1766.000
-0.030780000,42.732000000,1767.000
-0.030800000,42.731850000,1768.000
-0.030790000,42.731770000,1769.000
-0.030780000,42.731770000,1770.000
-0.030770000,42.731720000,1770.000
-0.030730000,42.731680000,1771.000
-0.030680000,42.731650000,1771.000
-0.030640000,42.731630000,1772.000
-0.030540000,42.731590000,1772.000
-0.030440000,42.731530000,1773.000
-0.030430000,42.731530000,1773.000
-0.030320000,42.731450000,1773.000
-0.030260000,42.731400000,1774.000
-0.030230000,42.731380000,1774.000
-0.030140000,42.731290000,1775.000
-0.030110000,42.731260000,1776.000
-0.030040000,42.731210000,1776.000
-0.029930000,42.731150000,1777.000
-0.029930000,42.731140000,1777.000
-0.029830000,42.731110000,1778.000
-0.029700000,42.731070000,1779.000
-0.029690000,42.731070000,1779.000
-0.029560000,42.731060000,1780.000
-0.029480000,42.731070000,1781.000
-0.029350000,42.731070000,1781.000
-0.029130000,42.731070000,1783.000
-0.028970000,42.731070000,1784.000
-0.028960000,42.731080000,1784.000
-0.028810000,42.731090000,1785.000
-0.028730000,42.731110000,1786.000
-0.028690000,42.731120000,1787.000
-0.028580000,42.731170000,1788.000
-0.028470000,42.731240000,1789.000
-0.028370000,42.731350000,1790.000
-0.028340000,42.731380000,1790.000
-0.028220000,42.731490000,1792.000
-0.028070000,42.731600000,1793.000
-0.028040000,42.731610000,1794.000
-0.027870000,42.731710000,1795.000
-0.027850000,42.731720000,1796.000
-0.027690000,42.731800000,1796.000
-0.027630000,42.731810000,1797.000
-0.027580000,42.731820000,1798.000
-0.027530000,42.731820000,1798.000
-0.027500000,42.731800000,1799.000
-0.027470000,42.731780000,1799.000
-0.027460000,42.731760000,1800.000
-0.027460000,42.731750000,1800.000
-0.027460000,42.731740000,1800.000
-0.027460000,42.731720000,1800.000
-0.027460000,42.731710000,1800.000
-0.027470000,42.731690000,1800.000
-0.027490000,42.731670000,1801.000
-0.027530000,42.731650000,1801.000
-0.027540000,42.731650000,1801.000
-0.027610000,42.731630000,1801.000
-0.027750000,42.731570000,1802.000
-0.027790000,42.731550000,1802.000
-0.027880000,42.731490000,1803.000
-0.027960000,42.731400000,1804.000
-0.028040000,42.731290000,1804.000
-0.028070000,42.731230000,1805.000
-0.028140000,42.731120000,1806.000
-0.028210000,42.731040000,1807.000
-0.028340000,42.730870000,1808.000
-0.028390000,42.730810000,1809.000
-0.028510000,42.730660000,1810.000
-0.028560000,42.730600000,1811.000
-0.028650000,42.730510000,1812.000
-0.028700000,42.730460000,1812.000
-0.028810000,42.730370000,1813.000
-0.028830000,42.730360000,1813.000
-0.028960000,42.730240000,1814.000
-0.029060000,42.730170000,1814.000
-0.029130000,42.730090000,1815.000
-0.029170000,42.730010000,1815.000
-0.029170000,42.730010000,1815.000
-0.029410000,42.730060000,1816.000
-0.029880000,42.730150000,1817.000
-0.030050000,42.730180000,1817.000
-0.030120000,42.730200000,1818.000
-0.030350000,42.730260000,1819.000
-0.030440000,42.730280000,1819.000
-0.030580000,42.730310000,1820.000
-0.030710000,42.730330000,1820.000
-0.030820000,42.730350000,1821.000
-0.030870000,42.730350000,1821.000
-0.031020000,42.730340000,1822.000
-0.031060000,42.730320000,1822.000
-0.031180000,42.730290000,1823.000
-0.031260000,42.730220000,1823.000
-0.031330000,42.730170000,1824.000
-0.031400000,42.730080000,1824.000
        </coordinates>
      </LineString>
    </Placemark>
  </Document>
</kml>
