<?xml version="1.0" encoding="UTF-8"?>
<kml xmlns="http://www.opengis.net/kml/2.2">
  <Document>
    <name>Tour de France 2026 - Stage 05</name>
    <Style id="routeStyle">
      <LineStyle>
        <color>ff111111</color>
        <width>4</width>
      </LineStyle>
    </Style>
    <Placemark>
      <name>Tour de France 2026 - Stage 05</name>
      <styleUrl>#routeStyle</styleUrl>
      <LineString>
        <tessellate>1</tessellate>
        <coordinates>
0.383910000,43.121400000,583.000
0.383710000,43.121370000,583.000
0.383430000,43.121380000,583.000
0.383430000,43.121380000,583.000
0.383420000,43.121390000,584.000
0.383410000,43.121400000,584.000
0.383400000,43.121400000,584.000
0.383400000,43.121410000,584.000
0.383390000,43.121410000,584.000
0.383380000,43.121410000,584.000
0.383370000,43.121410000,584.000
0.383370000,43.121420000,584.000
0.383360000,43.121420000,584.000
0.383350000,43.121420000,584.000
0.383340000,43.121420000,584.000
0.383330000,43.121420000,584.000
0.383320000,43.121420000,584.000
0.383310000,43.121420000,584.000
0.383310000,43.121410000,584.000
0.383300000,43.121410000,584.000
0.383290000,43.121410000,585.000
0.383280000,43.121410000,585.000
0.383280000,43.121400000,585.000
0.383270000,43.121400000,585.000
0.383260000,43.121400000,585.000
0.383260000,43.121390000,585.000
0.383250000,43.121390000,585.000
0.383250000,43.121380000,585.000
0.383240000,43.121380000,585.000
0.383240000,43.121370000,585.000
0.383240000,43.121360000,585.000
0.383230000,43.121360000,585.000
0.383230000,43.121350000,585.000
0.383230000,43.121340000,585.000
0.383230000,43.121330000,585.000
0.383230000,43.121320000,585.000
0.383240000,43.121320000,585.000
0.383240000,43.121310000,585.000
0.383240000,43.121300000,585.000
0.383250000,43.121300000,585.000
0.383250000,43.121290000,585.000
0.383260000,43.121290000,585.000
0.383270000,43.121280000,585.000
0.383280000,43.121280000,585.000
0.383280000,43.121270000,585.000
0.383270000,43.121190000,586.000
0.383290000,43.121100000,586.000
0.383250000,43.120870000,586.000
0.383220000,43.120750000,587.000
0.383160000,43.120670000,587.000
0.383140000,43.120650000,587.000
0.383090000,43.120570000,588.000
0.383090000,43.120570000,588.000
0.383080000,43.120570000,588.000
0.383080000,43.120560000,588.000
0.383070000,43.120560000,588.000
0.383060000,43.120560000,588.000
0.383060000,43.120550000,589.000
0.383050000,43.120550000,589.000
0.383050000,43.120540000,589.000
0.383040000,43.120540000,589.000
0.383040000,43.120530000,589.000
0.383030000,43.120530000,589.000
0.383030000,43.120520000,589.000
0.383030000,43.120510000,589.000
0.383020000,43.120510000,589.000
0.383020000,43.120500000,589.000
0.383020000,43.120490000,589.000
0.383020000,43.120480000,589.000
0.382950000,43.120400000,589.000
0.382900000,43.120380000,589.000
0.382880000,43.120360000,589.000
0.382750000,43.120210000,590.000
0.382660000,43.120120000,590.000
0.382310000,43.119710000,590.000
0.382200000,43.119590000,591.000
0.382070000,43.119440000,591.000
0.381880000,43.119190000,591.000
0.381770000,43.119030000,591.000
0.381640000,43.118840000,591.000
0.381610000,43.118780000,591.000
0.381590000,43.118740000,591.000
0.381540000,43.118610000,591.000
0.381480000,43.118340000,592.000
0.381370000,43.117930000,593.000
0.381240000,43.117480000,594.000
0.381040000,43.116730000,596.000
0.381030000,43.116690000,597.000
0.380910000,43.116290000,598.000
0.380790000,43.115870000,599.000
0.380710000,43.115580000,600.000
0.380610000,43.115210000,601.000
0.380400000,43.114550000,602.000
0.380340000,43.114340000,603.000
0.380320000,43.114240000,603.000
0.380310000,43.114200000,604.000
0.380290000,43.114150000,604.000
0.380220000,43.113920000,605.000
0.380200000,43.113810000,606.000
0.380200000,43.113740000,606.000
0.380220000,43.113700000,607.000
0.380250000,43.113640000,607.000
0.380270000,43.113600000,607.000
0.380290000,43.113580000,607.000
0.380300000,43.113550000,608.000
0.380300000,43.113520000,608.000
0.380300000,43.113510000,608.000
0.380290000,43.113480000,608.000
0.380270000,43.113440000,608.000
0.380110000,43.113290000,609.000
0.380050000,43.113230000,609.000
0.380020000,43.113170000,609.000
0.380000000,43.113130000,610.000
0.379990000,43.113100000,610.000
0.379980000,43.113050000,610.000
0.379920000,43.112830000,611.000
0.379800000,43.112430000,611.000
0.379740000,43.112220000,611.000
0.379720000,43.112150000,611.000
0.379660000,43.111900000,611.000
0.379650000,43.111850000,611.000
0.379640000,43.111800000,611.000
0.379550000,43.111460000,611.000
0.379480000,43.111210000,611.000
0.379400000,43.110920000,611.000
0.379320000,43.110670000,612.000
0.379320000,43.110660000,612.000
0.379270000,43.110490000,612.000
0.379220000,43.110320000,612.000
0.379030000,43.109610000,612.000
0.378830000,43.108930000,613.000
0.378680000,43.108410000,613.000
0.378680000,43.108390000,614.000
0.378510000,43.107770000,614.000
0.378490000,43.107680000,615.000
0.378340000,43.107160000,615.000
0.378320000,43.107080000,616.000
0.378150000,43.106450000,616.000
0.378070000,43.106160000,616.000
0.377900000,43.105580000,617.000
0.377900000,43.105570000,617.000
0.377710000,43.104890000,617.000
0.377680000,43.104790000,617.000
0.377520000,43.104180000,617.000
0.377400000,43.103740000,617.000
0.377350000,43.103570000,617.000
0.377260000,43.103230000,617.000
0.377180000,43.102940000,617.000
0.377030000,43.102380000,618.000
0.377010000,43.102330000,619.000
0.376900000,43.101960000,620.000
0.376880000,43.101890000,621.000
0.376860000,43.101850000,621.000
0.376830000,43.101750000,622.000
0.376700000,43.101260000,623.000
0.376590000,43.100920000,624.000
0.376530000,43.100690000,625.000
0.376510000,43.100600000,626.000
0.376500000,43.100580000,626.000
0.376450000,43.100380000,626.000
0.376380000,43.100130000,627.000
0.376260000,43.099680000,627.000
0.376150000,43.099290000,627.000
0.376070000,43.098970000,628.000
0.375880000,43.098340000,628.000
0.375820000,43.098130000,629.000
0.375560000,43.097140000,630.000
0.375490000,43.096880000,631.000
0.375250000,43.096020000,633.000
0.375180000,43.095760000,634.000
0.374960000,43.094960000,635.000
0.374740000,43.094150000,637.000
0.374740000,43.094130000,638.000
0.374690000,43.093960000,639.000
0.374590000,43.093600000,640.000
0.374450000,43.093130000,641.000
0.374450000,43.093120000,642.000
0.374390000,43.092900000,643.000
0.374290000,43.092530000,643.000
0.374170000,43.092080000,643.000
0.374080000,43.091800000,643.000
0.374010000,43.091610000,643.000
0.373960000,43.091440000,643.000
0.373940000,43.091310000,643.000
0.373940000,43.091200000,643.000
0.373960000,43.091040000,643.000
0.374000000,43.090930000,642.000
0.374040000,43.090870000,642.000
0.374070000,43.090820000,642.000
0.374110000,43.090740000,642.000
0.374170000,43.090680000,642.000
0.374250000,43.090610000,642.000
0.374310000,43.090570000,642.000
0.374680000,43.090350000,642.000
0.374880000,43.090230000,642.000
0.374940000,43.090190000,642.000
0.374990000,43.090160000,642.000
0.375130000,43.090080000,642.000
0.375170000,43.090050000,642.000
0.375310000,43.089960000,642.000
0.375690000,43.089730000,642.000
0.375720000,43.089720000,642.000
0.375740000,43.089700000,642.000
0.375880000,43.089620000,642.000
0.376070000,43.089500000,642.000
0.376310000,43.089360000,642.000
0.376360000,43.089320000,642.000
0.376470000,43.089260000,642.000
0.376540000,43.089200000,643.000
0.376610000,43.089130000,643.000
0.376690000,43.089020000,643.000
0.376710000,43.088970000,643.000
0.376740000,43.088880000,643.000
0.376730000,43.088820000,643.000
0.376710000,43.088800000,643.000
0.376650000,43.088710000,643.000
0.376170000,43.088550000,644.000
0.376020000,43.088510000,644.000
0.375940000,43.088480000,644.000
0.375490000,43.088340000,644.000
0.375060000,43.088230000,644.000
0.374940000,43.088200000,644.000
0.374760000,43.088150000,644.000
0.374720000,43.088130000,644.000
0.374660000,43.088110000,644.000
0.374020000,43.087890000,644.000
0.373580000,43.087700000,644.000
0.373440000,43.087640000,644.000
0.372730000,43.087330000,644.000
0.372450000,43.087210000,644.000
0.372060000,43.087040000,645.000
0.371630000,43.086850000,645.000
0.370170000,43.086200000,646.000
0.369740000,43.086000000,647.000
0.369070000,43.085680000,648.000
0.368560000,43.085440000,648.000
0.368130000,43.085230000,648.000
0.367720000,43.085040000,648.000
0.367630000,43.085000000,648.000
0.367510000,43.084940000,648.000
0.367420000,43.084900000,648.000
0.367120000,43.084750000,649.000
0.367100000,43.084740000,649.000
0.365760000,43.084130000,649.000
0.365640000,43.084070000,649.000
0.364730000,43.083630000,649.000
0.364710000,43.083620000,649.000
0.364610000,43.083580000,649.000
0.364520000,43.083540000,649.000
0.364400000,43.083480000,649.000
0.363780000,43.083190000,649.000
0.363650000,43.083120000,649.000
0.363160000,43.082890000,649.000
0.362880000,43.082760000,649.000
0.362760000,43.082710000,649.000
0.362750000,43.082700000,649.000
0.362720000,43.082680000,649.000
0.362660000,43.082650000,649.000
0.362560000,43.082580000,649.000
0.362460000,43.082500000,649.000
0.362410000,43.082460000,649.000
0.362400000,43.082450000,649.000
0.362370000,43.082410000,648.000
0.362350000,43.082400000,648.000
0.362010000,43.082000000,648.000
0.361960000,43.081960000,648.000
0.361930000,43.081920000,648.000
0.361900000,43.081900000,648.000
0.361850000,43.081860000,647.000
0.361670000,43.081740000,647.000
0.361590000,43.081700000,647.000
0.361540000,43.081660000,647.000
0.361510000,43.081630000,647.000
0.361430000,43.081540000,647.000
0.360660000,43.080570000,645.000
0.360660000,43.080570000,645.000
0.360850000,43.080430000,644.000
0.360900000,43.080400000,643.000
0.360950000,43.080370000,643.000
0.360990000,43.080340000,642.000
0.361000000,43.080340000,642.000
0.361060000,43.080310000,642.000
0.361130000,43.080280000,642.000
0.361180000,43.080260000,642.000
0.361230000,43.080250000,641.000
0.361260000,43.080240000,641.000
0.361300000,43.080230000,641.000
0.361380000,43.080220000,641.000
0.361430000,43.080210000,641.000
0.361520000,43.080200000,641.000
0.361590000,43.080190000,640.000
0.361660000,43.080180000,640.000
0.361720000,43.080180000,640.000
0.361810000,43.080180000,640.000
0.361970000,43.080180000,640.000
0.362200000,43.080230000,639.000
0.362300000,43.080240000,639.000
0.362710000,43.080290000,638.000
0.362710000,43.080290000,638.000
0.362720000,43.080290000,637.000
0.362730000,43.080280000,637.000
0.362740000,43.080280000,637.000
0.362750000,43.080270000,637.000
0.362760000,43.080270000,637.000
0.362770000,43.080270000,637.000
0.362780000,43.080260000,637.000
0.362800000,43.080260000,637.000
0.362820000,43.080180000,637.000
0.362850000,43.080130000,636.000
0.362860000,43.080080000,636.000
0.362860000,43.080000000,636.000
0.362890000,43.079890000,636.000
0.362890000,43.079890000,635.000
0.362880000,43.079760000,635.000
0.362860000,43.079670000,635.000
0.362850000,43.079600000,635.000
0.362850000,43.079570000,634.000
0.362850000,43.079550000,634.000
0.362840000,43.079510000,634.000
0.362830000,43.079480000,634.000
0.362810000,43.079380000,634.000
0.362780000,43.079280000,634.000
0.362760000,43.079200000,635.000
0.362750000,43.079180000,635.000
0.362730000,43.079110000,635.000
0.362720000,43.079070000,635.000
0.362690000,43.078980000,636.000
0.362680000,43.078970000,636.000
0.362670000,43.078930000,636.000
0.362650000,43.078870000,637.000
0.362610000,43.078760000,637.000
0.362580000,43.078660000,638.000
0.362540000,43.078550000,638.000
0.362500000,43.078440000,639.000
0.362460000,43.078340000,639.000
0.362430000,43.078230000,640.000
0.362390000,43.078120000,641.000
0.362350000,43.078010000,641.000
0.362320000,43.077900000,642.000
0.362280000,43.077790000,642.000
0.362240000,43.077680000,643.000
0.362200000,43.077570000,644.000
0.362160000,43.077450000,644.000
0.362120000,43.077340000,644.000
0.362100000,43.077260000,644.000
0.362090000,43.077230000,644.000
0.362070000,43.077190000,644.000
0.362050000,43.077120000,644.000
0.362040000,43.077090000,644.000
0.362020000,43.077020000,644.000
0.361990000,43.076930000,644.000
0.361990000,43.076920000,644.000
0.361960000,43.076830000,644.000
0.361930000,43.076740000,644.000
0.361910000,43.076640000,644.000
0.361900000,43.076580000,644.000
0.361890000,43.076540000,644.000
0.361870000,43.076430000,644.000
0.361850000,43.076320000,644.000
0.361840000,43.076210000,644.000
0.361830000,43.076090000,644.000
0.361820000,43.075980000,644.000
0.361810000,43.075860000,644.000
0.361800000,43.075850000,644.000
0.361800000,43.075730000,644.000
0.361800000,43.075690000,644.000
0.361800000,43.075650000,644.000
0.361790000,43.075610000,644.000
0.361790000,43.075500000,644.000
0.361790000,43.075380000,644.000
0.361800000,43.075260000,644.000
0.361800000,43.075140000,644.000
0.361800000,43.075090000,644.000
0.361810000,43.075010000,645.000
0.361810000,43.074890000,645.000
0.361810000,43.074760000,645.000
0.361810000,43.074640000,645.000
0.361800000,43.074570000,645.000
0.361800000,43.074510000,645.000
0.361800000,43.074390000,646.000
0.361800000,43.074380000,646.000
0.361790000,43.074250000,646.000
0.361780000,43.074120000,646.000
0.361760000,43.073990000,646.000
0.361750000,43.073860000,646.000
0.361730000,43.073720000,646.000
0.361710000,43.073590000,646.000
0.361700000,43.073540000,646.000
0.361690000,43.073460000,645.000
0.361660000,43.073320000,645.000
0.361640000,43.073180000,645.000
0.361610000,43.073050000,645.000
0.361570000,43.072910000,644.000
0.361550000,43.072820000,644.000
0.361540000,43.072770000,644.000
0.361510000,43.072630000,643.000
0.361480000,43.072550000,643.000
0.361470000,43.072500000,643.000
0.361440000,43.072360000,643.000
0.361400000,43.072230000,642.000
0.361370000,43.072090000,642.000
0.361340000,43.071950000,642.000
0.361300000,43.071820000,641.000
0.361270000,43.071690000,641.000
0.361270000,43.071680000,641.000
0.361230000,43.071530000,640.000
0.361180000,43.071340000,640.000
0.361140000,43.071160000,639.000
0.361120000,43.071090000,639.000
0.361080000,43.070940000,638.000
0.361040000,43.070810000,638.000
0.361030000,43.070790000,637.000
0.360990000,43.070640000,637.000
0.360940000,43.070500000,637.000
0.360890000,43.070350000,636.000
0.360830000,43.070210000,636.000
0.360770000,43.070060000,636.000
0.360720000,43.069940000,636.000
0.360710000,43.069920000,637.000
0.360640000,43.069780000,638.000
0.360570000,43.069640000,639.000
0.360500000,43.069500000,640.000
0.360420000,43.069360000,642.000
0.360370000,43.069270000,643.000
0.360350000,43.069220000,644.000
0.360270000,43.069090000,645.000
0.360190000,43.068960000,647.000
0.360110000,43.068830000,648.000
0.360030000,43.068700000,649.000
0.359950000,43.068580000,651.000
0.359860000,43.068450000,652.000
0.359780000,43.068320000,653.000
0.359700000,43.068190000,654.000
0.359680000,43.068160000,654.000
0.359620000,43.068060000,654.000
0.359590000,43.068020000,654.000
0.359540000,43.067930000,654.000
0.359460000,43.067790000,653.000
0.359380000,43.067660000,653.000
0.359310000,43.067530000,653.000
0.359250000,43.067400000,652.000
0.359180000,43.067260000,652.000
0.359140000,43.067160000,651.000
0.359120000,43.067130000,651.000
0.359070000,43.067000000,650.000
0.359030000,43.066860000,650.000
0.358990000,43.066730000,649.000
0.358960000,43.066590000,649.000
0.358930000,43.066460000,648.000
0.358910000,43.066330000,648.000
0.358900000,43.066190000,647.000
0.358890000,43.065930000,646.000
0.358900000,43.065800000,645.000
0.358910000,43.065660000,644.000
0.358920000,43.065530000,644.000
0.358940000,43.065430000,643.000
0.358940000,43.065400000,642.000
0.358970000,43.065270000,642.000
0.358970000,43.065260000,641.000
0.359000000,43.065140000,641.000
0.359030000,43.065010000,640.000
0.359070000,43.064880000,640.000
0.359110000,43.064750000,640.000
0.359150000,43.064620000,640.000
0.359230000,43.064380000,640.000
0.359420000,43.063820000,642.000
0.359490000,43.063580000,643.000
0.359510000,43.063500000,644.000
0.359550000,43.063320000,645.000
0.359570000,43.063260000,646.000
0.359610000,43.063110000,647.000
0.359640000,43.062960000,647.000
0.359700000,43.062610000,647.000
0.359950000,43.061120000,646.000
0.360140000,43.060010000,646.000
0.360310000,43.059090000,646.000
0.360340000,43.058940000,647.000
0.360380000,43.058760000,647.000
0.360450000,43.058400000,648.000
0.360490000,43.058180000,648.000
0.360490000,43.058170000,648.000
0.360520000,43.058000000,648.000
0.360570000,43.057770000,649.000
0.360660000,43.057290000,649.000
0.360870000,43.056170000,652.000
0.360960000,43.055700000,655.000
0.361340000,43.053750000,661.000
0.361380000,43.053500000,666.000
0.361420000,43.053320000,669.000
0.361440000,43.053220000,671.000
0.361470000,43.053040000,673.000
0.361540000,43.052690000,674.000
0.361590000,43.052430000,675.000
0.361620000,43.052250000,676.000
0.361640000,43.052160000,677.000
0.361730000,43.051670000,678.000
0.361830000,43.051160000,678.000
0.361830000,43.051080000,679.000
0.361830000,43.051040000,679.000
0.361840000,43.051000000,679.000
0.361850000,43.050890000,680.000
0.361870000,43.050790000,680.000
0.361930000,43.050410000,680.000
0.362010000,43.049970000,680.000
0.362010000,43.049960000,680.000
0.362100000,43.049550000,680.000
0.362130000,43.049410000,680.000
0.362250000,43.048840000,681.000
0.362380000,43.048320000,682.000
0.362410000,43.048180000,682.000
0.362420000,43.048150000,683.000
0.362450000,43.048080000,683.000
0.362460000,43.048040000,683.000
0.362470000,43.047990000,684.000
0.362610000,43.047300000,684.000
0.363050000,43.045200000,686.000
0.363200000,43.044520000,687.000
0.363200000,43.044480000,688.000
0.363230000,43.044350000,689.000
0.363240000,43.044310000,689.000
0.363340000,43.043810000,689.000
0.363350000,43.043770000,690.000
0.363380000,43.043640000,690.000
0.363390000,43.043600000,690.000
0.363490000,43.043100000,690.000
0.363500000,43.043060000,690.000
0.363530000,43.042920000,690.000
0.363640000,43.042390000,690.000
0.363650000,43.042350000,690.000
0.363680000,43.042210000,690.000
0.363790000,43.041680000,689.000
0.363800000,43.041640000,689.000
0.363830000,43.041500000,689.000
0.364070000,43.040370000,688.000
0.364290000,43.039370000,683.000
0.364300000,43.039330000,679.000
0.364330000,43.039190000,676.000
0.364340000,43.039150000,674.000
0.364460000,43.038620000,670.000
0.364490000,43.038470000,667.000
0.364490000,43.038440000,665.000
0.364520000,43.038310000,664.000
0.364660000,43.037670000,664.000
0.364720000,43.037380000,664.000
0.364730000,43.037350000,665.000
0.364800000,43.037090000,665.000
0.364860000,43.036880000,666.000
0.364880000,43.036830000,667.000
0.364910000,43.036750000,667.000
0.365010000,43.036490000,668.000
0.365070000,43.036370000,669.000
0.365310000,43.035930000,669.000
0.365370000,43.035810000,670.000
0.365400000,43.035760000,670.000
0.365490000,43.035590000,671.000
0.365570000,43.035440000,671.000
0.365690000,43.035220000,672.000
0.365750000,43.035090000,672.000
0.365750000,43.035080000,672.000
0.365820000,43.034920000,672.000
0.365830000,43.034920000,673.000
0.365860000,43.034840000,673.000
0.365900000,43.034720000,673.000
0.365940000,43.034610000,673.000
0.365960000,43.034570000,673.000
0.366010000,43.034420000,672.000
0.366010000,43.034400000,671.000
0.366060000,43.034240000,671.000
0.366120000,43.034040000,670.000
0.366220000,43.033740000,668.000
0.366420000,43.033020000,665.000
0.366430000,43.032990000,662.000
0.366700000,43.032110000,658.000
0.366740000,43.031970000,655.000
0.366790000,43.031820000,653.000
0.366980000,43.031250000,651.000
0.367020000,43.031150000,650.000
0.367140000,43.030850000,649.000
0.367340000,43.030420000,649.000
0.367460000,43.030160000,648.000
0.367470000,43.030150000,647.000
0.367580000,43.029930000,647.000
0.367660000,43.029760000,645.000
0.367740000,43.029600000,644.000
0.367760000,43.029560000,644.000
0.367840000,43.029430000,643.000
0.367910000,43.029290000,642.000
0.367930000,43.029260000,641.000
0.368080000,43.029020000,640.000
0.368310000,43.028670000,638.000
0.368420000,43.028510000,637.000
0.368540000,43.028380000,635.000
0.368600000,43.028300000,634.000
0.368630000,43.028260000,633.000
0.368670000,43.028220000,633.000
0.368700000,43.028180000,632.000
0.368730000,43.028140000,632.000
0.368760000,43.028100000,631.000
0.368780000,43.028060000,631.000
0.368810000,43.028030000,630.000
0.368830000,43.028010000,630.000
0.368840000,43.027990000,630.000
0.368860000,43.027980000,630.000
0.368870000,43.027960000,629.000
0.368920000,43.027870000,629.000
0.368950000,43.027820000,629.000
0.369030000,43.027720000,628.000
0.369050000,43.027690000,628.000
0.369080000,43.027650000,627.000
0.369090000,43.027620000,627.000
0.369120000,43.027520000,627.000
0.369120000,43.027520000,626.000
0.369100000,43.027500000,626.000
0.369080000,43.027480000,626.000
0.369070000,43.027450000,626.000
0.369060000,43.027430000,625.000
0.369060000,43.027400000,625.000
0.369060000,43.027380000,625.000
0.369060000,43.027360000,625.000
0.369060000,43.027350000,625.000
0.369070000,43.027330000,624.000
0.369080000,43.027300000,624.000
0.369090000,43.027290000,624.000
0.369100000,43.027270000,624.000
0.369110000,43.027260000,624.000
0.369120000,43.027240000,624.000
0.369140000,43.027230000,624.000
0.369150000,43.027220000,624.000
0.369170000,43.027210000,623.000
0.369190000,43.027200000,623.000
0.369220000,43.027180000,623.000
0.369250000,43.027170000,623.000
0.369280000,43.027160000,623.000
0.369310000,43.027150000,623.000
0.369350000,43.027150000,622.000
0.369380000,43.027150000,622.000
0.369410000,43.027150000,622.000
0.369450000,43.027150000,622.000
0.369550000,43.027070000,622.000
0.369640000,43.026990000,621.000
0.369870000,43.026840000,620.000
0.370030000,43.026710000,619.000
0.370170000,43.026620000,618.000
0.370180000,43.026610000,618.000
0.370320000,43.026520000,617.000
0.370560000,43.026390000,616.000
0.370740000,43.026280000,615.000
0.370750000,43.026270000,615.000
0.370840000,43.026210000,614.000
0.370920000,43.026160000,613.000
0.370990000,43.026110000,613.000
0.371110000,43.026020000,612.000
0.371210000,43.025920000,612.000
0.371290000,43.025830000,611.000
0.371360000,43.025740000,610.000
0.371440000,43.025630000,610.000
0.371460000,43.025610000,609.000
0.371460000,43.025600000,609.000
0.371490000,43.025560000,609.000
0.371520000,43.025500000,608.000
0.371560000,43.025430000,608.000
0.371560000,43.025420000,608.000
0.371680000,43.025150000,608.000
0.371700000,43.025080000,609.000
0.371710000,43.025080000,609.000
0.371720000,43.025040000,609.000
0.371720000,43.025030000,610.000
0.371730000,43.024990000,610.000
0.371730000,43.024960000,610.000
0.371750000,43.024810000,610.000
0.371770000,43.024580000,611.000
0.371790000,43.024310000,612.000
0.371800000,43.023980000,613.000
0.371800000,43.023920000,614.000
0.371810000,43.023840000,615.000
0.371810000,43.023830000,615.000
0.371810000,43.023740000,616.000
0.371810000,43.023530000,616.000
0.371820000,43.023430000,617.000
0.371860000,43.022760000,617.000
0.371950000,43.021650000,618.000
0.371980000,43.021290000,619.000
0.371980000,43.021280000,620.000
0.372000000,43.021040000,620.000
0.372030000,43.020860000,620.000
0.372080000,43.020660000,621.000
0.372370000,43.019940000,621.000
0.372660000,43.019150000,622.000
0.372740000,43.019030000,622.000
0.372830000,43.018920000,622.000
0.372940000,43.018820000,621.000
0.373080000,43.018730000,621.000
0.373190000,43.018680000,621.000
0.373380000,43.018580000,620.000
0.373480000,43.018530000,620.000
0.373490000,43.018520000,619.000
0.373610000,43.018450000,619.000
0.373720000,43.018370000,619.000
0.373830000,43.018260000,618.000
0.373910000,43.018160000,618.000
0.373970000,43.018070000,617.000
0.374020000,43.017960000,617.000
0.374060000,43.017850000,616.000
0.374100000,43.017680000,616.000
0.374090000,43.017600000,616.000
0.374060000,43.017460000,616.000
0.373990000,43.017230000,617.000
0.373920000,43.016990000,618.000
0.373890000,43.016910000,620.000
0.373880000,43.016870000,621.000
0.373860000,43.016830000,621.000
0.373850000,43.016790000,622.000
0.373830000,43.016760000,623.000
0.373810000,43.016730000,623.000
0.373790000,43.016690000,624.000
0.373780000,43.016680000,624.000
0.373740000,43.016630000,624.000
0.373720000,43.016600000,625.000
0.373700000,43.016580000,625.000
0.373680000,43.016560000,625.000
0.373650000,43.016530000,626.000
0.373450000,43.016350000,627.000
0.373350000,43.016250000,628.000
0.373320000,43.016210000,629.000
0.373280000,43.016170000,629.000
0.373250000,43.016130000,630.000
0.373220000,43.016090000,631.000
0.373200000,43.016050000,631.000
0.373190000,43.016020000,632.000
0.373160000,43.015950000,632.000
0.373080000,43.015760000,632.000
0.373060000,43.015710000,631.000
0.373030000,43.015670000,631.000
0.373020000,43.015650000,631.000
0.373000000,43.015620000,631.000
0.372980000,43.015590000,631.000
0.372960000,43.015570000,630.000
0.372880000,43.015480000,630.000
0.372780000,43.015380000,630.000
0.372730000,43.015320000,629.000
0.372710000,43.015300000,629.000
0.372690000,43.015270000,629.000
0.372660000,43.015240000,629.000
0.372650000,43.015220000,628.000
0.372630000,43.015190000,628.000
0.372610000,43.015150000,628.000
0.372590000,43.015110000,628.000
0.372590000,43.015080000,628.000
0.372580000,43.015050000,628.000
0.372570000,43.015010000,627.000
0.372570000,43.014910000,627.000
0.372550000,43.014840000,627.000
0.372550000,43.014820000,627.000
0.372540000,43.014790000,626.000
0.372540000,43.014740000,626.000
0.372540000,43.014690000,626.000
0.372540000,43.014600000,626.000
0.372540000,43.014580000,625.000
0.372540000,43.014530000,625.000
0.372560000,43.014470000,625.000
0.372580000,43.014430000,625.000
0.372620000,43.014380000,624.000
0.372660000,43.014320000,624.000
0.372730000,43.014230000,624.000
0.372750000,43.014210000,624.000
0.372770000,43.014190000,624.000
0.372830000,43.014140000,624.000
0.372880000,43.014050000,624.000
0.372910000,43.013940000,624.000
0.372930000,43.013890000,624.000
0.372950000,43.013780000,624.000
0.372990000,43.013550000,624.000
0.373010000,43.013450000,624.000
0.373020000,43.013380000,624.000
0.373020000,43.013310000,624.000
0.373010000,43.013250000,625.000
0.373010000,43.013220000,625.000
0.373010000,43.013190000,625.000
0.373000000,43.013140000,625.000
0.372990000,43.013090000,625.000
0.372960000,43.013010000,625.000
0.372870000,43.012740000,625.000
0.372850000,43.012670000,625.000
0.372790000,43.012480000,625.000
0.372770000,43.012360000,625.000
0.372760000,43.012240000,624.000
0.372750000,43.012170000,624.000
0.372750000,43.012160000,624.000
0.372750000,43.012140000,623.000
0.372750000,43.012110000,623.000
0.372750000,43.012000000,623.000
0.372750000,43.011920000,622.000
0.372770000,43.011740000,621.000
0.372800000,43.011580000,620.000
0.372820000,43.011510000,619.000
0.372840000,43.011470000,619.000
0.372870000,43.011410000,618.000
0.372910000,43.011350000,617.000
0.372920000,43.011340000,617.000
0.372980000,43.011260000,616.000
0.373040000,43.011200000,616.000
0.373070000,43.011170000,615.000
0.373080000,43.011160000,615.000
0.373150000,43.011100000,615.000
0.373220000,43.011040000,614.000
0.373230000,43.011030000,614.000
0.373280000,43.011000000,613.000
0.373300000,43.010980000,613.000
0.373320000,43.010970000,613.000
0.373340000,43.010950000,612.000
0.373410000,43.010920000,612.000
0.373660000,43.010750000,611.000
0.373790000,43.010660000,611.000
0.373940000,43.010540000,610.000
0.374010000,43.010480000,610.000
0.374060000,43.010430000,609.000
0.374090000,43.010390000,609.000
0.374140000,43.010340000,609.000
0.374200000,43.010270000,609.000
0.374220000,43.010240000,608.000
0.374270000,43.010160000,608.000
0.374330000,43.010060000,608.000
0.374390000,43.009930000,608.000
0.374450000,43.009720000,608.000
0.374510000,43.009580000,607.000
0.374530000,43.009530000,607.000
0.374600000,43.009390000,607.000
0.374610000,43.009370000,607.000
0.374720000,43.009210000,606.000
0.374820000,43.009100000,606.000
0.374890000,43.009020000,606.000
0.374990000,43.008900000,605.000
0.375280000,43.008610000,605.000
0.375580000,43.008320000,604.000
0.376010000,43.007900000,603.000
0.376030000,43.007880000,602.000
0.376100000,43.007810000,601.000
0.376350000,43.007550000,600.000
0.376640000,43.007260000,600.000
0.376670000,43.007230000,600.000
0.376720000,43.007180000,600.000
0.377090000,43.006820000,600.000
0.377340000,43.006590000,601.000
0.377460000,43.006470000,601.000
0.377470000,43.006460000,602.000
0.377490000,43.006430000,602.000
0.377530000,43.006390000,602.000
0.377540000,43.006360000,602.000
0.377550000,43.006360000,602.000
0.377610000,43.006270000,602.000
0.377730000,43.006040000,603.000
0.378070000,43.005460000,602.000
0.378380000,43.004930000,601.000
0.378490000,43.004720000,601.000
0.378570000,43.004530000,600.000
0.378590000,43.004450000,599.000
0.378590000,43.004440000,599.000
0.378600000,43.004420000,598.000
0.378610000,43.004360000,598.000
0.378610000,43.004350000,598.000
0.378620000,43.004270000,598.000
0.378630000,43.004180000,598.000
0.378620000,43.004070000,598.000
0.378610000,43.003860000,599.000
0.378590000,43.003660000,599.000
0.378550000,43.003430000,600.000
0.378520000,43.003340000,601.000
0.378490000,43.003260000,602.000
0.378460000,43.003190000,602.000
0.378390000,43.003090000,603.000
0.378330000,43.003020000,603.000
0.378280000,43.002960000,603.000
0.378260000,43.002940000,604.000
0.378250000,43.002930000,604.000
0.378220000,43.002890000,604.000
0.378210000,43.002880000,604.000
0.378180000,43.002860000,605.000
0.378110000,43.002800000,605.000
0.378080000,43.002770000,605.000
0.378030000,43.002740000,605.000
0.377970000,43.002710000,605.000
0.377840000,43.002640000,606.000
0.377770000,43.002620000,606.000
0.377710000,43.002600000,606.000
0.377660000,43.002570000,606.000
0.377570000,43.002530000,606.000
0.377490000,43.002490000,606.000
0.377380000,43.002430000,606.000
0.377300000,43.002370000,606.000
0.377200000,43.002290000,605.000
0.377100000,43.002220000,605.000
0.376880000,43.002010000,605.000
0.376840000,43.001960000,604.000
0.376830000,43.001950000,604.000
0.376820000,43.001940000,604.000
0.376800000,43.001900000,604.000
0.375680000,43.000800000,602.000
0.375060000,43.000160000,602.000
0.374930000,43.000030000,602.000
0.374880000,42.999970000,601.000
0.374810000,42.999890000,601.000
0.374680000,42.999700000,602.000
0.374560000,42.999520000,602.000
0.374400000,42.999310000,602.000
0.374050000,42.998810000,603.000
0.373920000,42.998590000,603.000
0.373870000,42.998500000,603.000
0.373830000,42.998390000,603.000
0.373800000,42.998290000,603.000
0.373750000,42.998120000,603.000
0.373620000,42.997590000,603.000
0.373600000,42.997510000,603.000
0.373530000,42.997340000,603.000
0.373470000,42.997260000,603.000
0.373380000,42.997140000,603.000
0.373250000,42.997000000,603.000
0.373090000,42.996800000,603.000
0.373030000,42.996660000,602.000
0.372990000,42.996600000,602.000
0.372970000,42.996540000,602.000
0.372910000,42.996390000,602.000
0.372840000,42.996230000,602.000
0.372820000,42.996180000,602.000
0.372790000,42.996100000,602.000
0.372760000,42.996030000,602.000
0.372750000,42.995980000,601.000
0.372730000,42.995940000,601.000
0.372720000,42.995900000,601.000
0.372720000,42.995860000,601.000
0.372710000,42.995830000,601.000
0.372710000,42.995820000,601.000
0.372710000,42.995790000,601.000
0.372710000,42.995760000,601.000
0.372720000,42.995720000,601.000
0.372730000,42.995670000,601.000
0.372740000,42.995640000,601.000
0.372760000,42.995610000,601.000
0.372770000,42.995590000,601.000
0.372830000,42.995510000,601.000
0.372940000,42.995400000,601.000
0.373060000,42.995310000,601.000
0.373220000,42.995190000,600.000
0.373350000,42.995090000,600.000
0.373480000,42.995000000,599.000
0.373490000,42.994990000,599.000
0.373500000,42.994980000,599.000
0.373570000,42.994940000,598.000
0.373610000,42.994910000,598.000
0.373660000,42.994880000,598.000
0.373670000,42.994870000,597.000
0.373740000,42.994820000,597.000
0.373830000,42.994740000,597.000
0.373870000,42.994710000,596.000
0.373970000,42.994590000,596.000
0.374150000,42.994370000,595.000
0.374390000,42.994050000,594.000
0.374420000,42.994000000,593.000
0.374480000,42.993920000,592.000
0.374490000,42.993900000,592.000
0.374600000,42.993740000,591.000
0.374640000,42.993670000,591.000
0.374660000,42.993600000,590.000
0.374680000,42.993550000,590.000
0.374710000,42.993420000,590.000
0.374720000,42.993270000,590.000
0.374720000,42.993190000,591.000
0.374730000,42.993120000,591.000
0.374740000,42.992990000,591.000
0.374750000,42.992900000,591.000
0.374770000,42.992720000,592.000
0.374800000,42.992470000,592.000
0.374830000,42.992280000,592.000
0.374850000,42.992050000,593.000
0.374850000,42.992010000,593.000
0.374860000,42.991870000,594.000
0.374860000,42.991690000,594.000
0.374850000,42.991650000,595.000
0.374850000,42.991510000,595.000
0.374850000,42.991470000,595.000
0.374850000,42.991440000,596.000
0.374850000,42.991330000,596.000
0.374850000,42.991290000,596.000
0.374850000,42.991160000,596.000
0.374850000,42.991110000,597.000
0.374840000,42.990930000,597.000
0.374830000,42.990750000,598.000
0.374830000,42.990660000,598.000
0.374820000,42.990610000,598.000
0.374820000,42.990570000,599.000
0.374820000,42.990430000,599.000
0.374820000,42.990320000,600.000
0.374810000,42.989990000,600.000
0.374830000,42.989850000,600.000
0.374830000,42.989830000,601.000
0.374860000,42.989660000,600.000
0.374860000,42.989620000,600.000
0.374880000,42.989530000,600.000
0.374890000,42.989480000,600.000
0.374910000,42.989340000,599.000
0.374930000,42.989250000,599.000
0.374940000,42.989080000,599.000
0.374960000,42.988840000,598.000
0.374960000,42.988680000,597.000
0.374990000,42.988540000,597.000
0.375020000,42.988440000,596.000
0.375070000,42.988330000,596.000
0.375160000,42.988100000,595.000
0.375300000,42.987780000,595.000
0.375320000,42.987740000,595.000
0.375340000,42.987700000,596.000
0.375390000,42.987590000,596.000
0.375440000,42.987460000,597.000
0.375540000,42.987200000,597.000
0.375630000,42.986990000,598.000
0.375750000,42.986680000,600.000
0.375870000,42.986360000,601.000
0.375930000,42.986200000,602.000
0.375940000,42.986180000,603.000
0.375950000,42.986140000,604.000
0.375980000,42.986050000,604.000
0.375980000,42.986030000,604.000
0.376000000,42.985950000,604.000
0.376020000,42.985840000,604.000
0.376030000,42.985610000,605.000
0.376020000,42.985490000,605.000
0.375990000,42.985310000,605.000
0.375980000,42.985290000,605.000
0.375950000,42.985140000,605.000
0.375940000,42.985070000,605.000
0.375930000,42.985040000,605.000
0.375920000,42.984980000,605.000
0.375910000,42.984900000,605.000
0.375900000,42.984780000,605.000
0.375890000,42.984740000,605.000
0.375870000,42.984620000,605.000
0.375870000,42.984600000,605.000
0.375790000,42.984030000,605.000
0.375750000,42.983700000,606.000
0.375730000,42.983560000,607.000
0.375710000,42.983380000,608.000
0.375690000,42.983050000,610.000
0.375670000,42.982840000,611.000
0.375650000,42.982610000,613.000
0.375610000,42.982300000,615.000
0.375580000,42.982090000,617.000
0.375540000,42.981950000,618.000
0.375490000,42.981820000,619.000
0.375460000,42.981760000,620.000
0.375370000,42.981550000,621.000
0.375330000,42.981470000,621.000
0.375260000,42.981310000,622.000
0.375160000,42.981070000,622.000
0.375110000,42.980960000,623.000
0.375070000,42.980890000,623.000
0.375030000,42.980790000,624.000
0.374960000,42.980650000,624.000
0.374900000,42.980530000,624.000
0.374870000,42.980460000,625.000
0.374860000,42.980430000,625.000
0.374840000,42.980350000,625.000
0.374830000,42.980290000,625.000
0.374820000,42.980260000,625.000
0.374820000,42.980230000,625.000
0.374830000,42.980150000,625.000
0.374840000,42.980070000,624.000
0.374870000,42.980000000,624.000
0.374870000,42.979990000,624.000
0.374910000,42.979920000,623.000
0.374990000,42.979760000,623.000
0.375090000,42.979510000,622.000
0.375220000,42.979210000,620.000
0.375360000,42.978940000,619.000
0.375500000,42.978700000,617.000
0.375560000,42.978530000,615.000
0.375620000,42.978360000,614.000
0.375650000,42.978290000,613.000
0.375720000,42.978160000,613.000
0.375820000,42.977980000,612.000
0.375910000,42.977830000,611.000
0.375940000,42.977760000,611.000
0.376040000,42.977540000,610.000
0.376080000,42.977440000,610.000
0.376110000,42.977340000,609.000
0.376140000,42.977230000,609.000
0.376160000,42.977110000,609.000
0.376170000,42.977020000,608.000
0.376180000,42.976940000,608.000
0.376180000,42.976830000,607.000
0.376180000,42.976730000,607.000
0.376170000,42.976550000,607.000
0.376160000,42.976350000,607.000
0.376150000,42.976160000,607.000
0.376150000,42.976120000,608.000
0.376150000,42.976070000,608.000
0.376150000,42.976020000,608.000
0.376140000,42.975840000,608.000
0.376130000,42.975480000,609.000
0.376120000,42.975130000,609.000
0.376110000,42.974840000,610.000
0.376110000,42.974810000,611.000
0.376100000,42.974630000,611.000
0.376090000,42.974530000,611.000
0.376080000,42.974410000,611.000
0.376050000,42.974000000,611.000
0.376020000,42.973430000,611.000
0.376020000,42.973150000,611.000
0.376020000,42.972830000,611.000
0.376020000,42.972190000,612.000
0.376030000,42.971700000,613.000
0.376060000,42.971060000,614.000
0.376070000,42.970440000,615.000
0.376080000,42.970270000,616.000
0.376090000,42.969560000,618.000
0.376090000,42.969220000,619.000
0.376100000,42.969080000,620.000
0.376100000,42.969010000,621.000
0.376100000,42.968850000,622.000
0.376120000,42.968350000,623.000
0.376140000,42.968230000,624.000
0.376160000,42.968160000,624.000
0.376170000,42.968100000,625.000
0.376200000,42.968030000,625.000
0.376210000,42.967980000,625.000
0.376250000,42.967910000,625.000
0.376270000,42.967870000,625.000
0.376290000,42.967820000,625.000
0.376440000,42.967560000,625.000
0.376500000,42.967450000,625.000
0.376630000,42.967200000,625.000
0.376740000,42.967000000,625.000
0.376890000,42.966710000,625.000
0.376940000,42.966630000,625.000
0.377000000,42.966530000,626.000
0.377290000,42.965960000,626.000
0.377520000,42.965520000,627.000
0.377600000,42.965400000,627.000
0.377690000,42.965250000,628.000
0.377790000,42.965070000,628.000
0.377890000,42.964890000,629.000
0.378090000,42.964510000,629.000
0.378310000,42.964100000,629.000
0.378530000,42.963660000,630.000
0.378540000,42.963640000,630.000
0.378800000,42.963140000,630.000
0.378860000,42.963030000,630.000
0.379220000,42.962340000,631.000
0.379270000,42.962230000,632.000
0.379290000,42.962170000,633.000
0.379310000,42.962120000,633.000
0.379320000,42.962070000,634.000
0.379350000,42.961970000,634.000
0.379360000,42.961900000,634.000
0.379370000,42.961840000,635.000
0.379370000,42.961760000,635.000
0.379380000,42.961630000,635.000
0.379370000,42.961410000,636.000
0.379370000,42.961370000,636.000
0.379340000,42.960870000,637.000
0.379330000,42.960770000,638.000
0.379320000,42.960720000,639.000
0.379320000,42.960660000,639.000
0.379300000,42.960570000,640.000
0.379280000,42.960490000,640.000
0.379220000,42.960310000,641.000
0.379180000,42.960170000,641.000
0.379150000,42.960060000,642.000
0.379120000,42.959930000,643.000
0.379090000,42.959780000,643.000
0.379080000,42.959640000,644.000
0.379070000,42.959570000,644.000
0.379070000,42.959510000,645.000
0.379070000,42.959490000,645.000
0.379060000,42.959420000,645.000
0.379060000,42.959240000,645.000
0.379050000,42.959200000,645.000
0.379060000,42.959150000,645.000
0.379070000,42.959060000,645.000
0.379100000,42.958700000,645.000
0.379100000,42.958630000,645.000
0.379100000,42.958550000,645.000
0.379080000,42.958460000,645.000
0.379060000,42.958350000,645.000
0.379020000,42.958200000,645.000
0.378950000,42.958000000,645.000
0.378950000,42.957990000,645.000
0.378930000,42.957910000,645.000
0.378900000,42.957820000,645.000
0.378900000,42.957800000,645.000
0.378830000,42.957550000,645.000
0.378800000,42.957470000,645.000
0.378790000,42.957420000,645.000
0.378780000,42.957380000,645.000
0.378770000,42.957340000,645.000
0.378730000,42.957200000,645.000
0.378670000,42.956960000,645.000
0.378490000,42.956330000,645.000
0.378460000,42.956190000,645.000
0.378430000,42.956060000,645.000
0.378360000,42.955840000,645.000
0.378300000,42.955620000,645.000
0.378300000,42.955610000,645.000
0.378290000,42.955590000,645.000
0.378280000,42.955550000,645.000
0.378250000,42.955440000,645.000
0.378240000,42.955410000,645.000
0.378230000,42.955370000,645.000
0.378200000,42.955270000,645.000
0.378190000,42.955240000,645.000
0.378170000,42.955200000,645.000
0.378140000,42.955090000,645.000
0.378090000,42.954910000,646.000
0.378090000,42.954900000,646.000
0.378080000,42.954890000,646.000
0.378040000,42.954740000,646.000
0.378030000,42.954730000,646.000
0.378020000,42.954670000,646.000
0.377980000,42.954560000,646.000
0.377940000,42.954390000,647.000
0.377930000,42.954380000,647.000
0.377910000,42.954310000,647.000
0.377880000,42.954190000,647.000
0.377850000,42.954070000,647.000
0.377810000,42.953900000,648.000
0.377770000,42.953790000,648.000
0.377720000,42.953700000,648.000
0.377640000,42.953600000,648.000
0.377590000,42.953530000,649.000
0.377500000,42.953430000,649.000
0.377370000,42.953300000,649.000
0.377250000,42.953170000,649.000
0.377100000,42.953010000,649.000
0.377040000,42.952940000,649.000
0.376740000,42.952620000,650.000
0.376560000,42.952440000,650.000
0.376430000,42.952310000,650.000
0.376340000,42.952220000,650.000
0.376230000,42.952100000,651.000
0.376070000,42.951920000,651.000
0.375980000,42.951830000,652.000
0.375890000,42.951750000,653.000
0.375800000,42.951660000,654.000
0.375700000,42.951560000,655.000
0.375570000,42.951440000,655.000
0.375430000,42.951320000,656.000
0.375260000,42.951190000,657.000
0.375170000,42.951120000,658.000
0.375090000,42.951060000,659.000
0.375040000,42.951010000,660.000
0.375010000,42.950980000,660.000
0.374980000,42.950940000,661.000
0.374920000,42.950860000,661.000
0.374900000,42.950800000,662.000
0.374860000,42.950720000,662.000
0.374860000,42.950620000,663.000
0.374860000,42.950560000,663.000
0.374860000,42.950500000,663.000
0.374880000,42.950420000,662.000
0.374900000,42.950360000,662.000
0.374920000,42.950310000,662.000
0.374950000,42.950270000,662.000
0.374990000,42.950210000,661.000
0.374990000,42.950200000,661.000
0.374990000,42.950190000,661.000
0.375150000,42.949930000,660.000
0.375200000,42.949840000,660.000
0.375220000,42.949750000,659.000
0.375230000,42.949710000,659.000
0.375240000,42.949690000,658.000
0.375240000,42.949640000,658.000
0.375230000,42.949580000,658.000
0.375230000,42.949540000,657.000
0.375220000,42.949490000,657.000
0.375200000,42.949400000,657.000
0.375190000,42.949360000,657.000
0.375190000,42.949340000,656.000
0.375170000,42.949290000,656.000
0.375150000,42.949210000,656.000
0.375120000,42.949100000,655.000
0.375090000,42.949020000,655.000
0.375060000,42.948920000,654.000
0.375030000,42.948840000,654.000
0.374990000,42.948720000,654.000
0.374960000,42.948640000,654.000
0.374920000,42.948540000,654.000
0.374910000,42.948540000,654.000
0.374840000,42.948370000,654.000
0.374840000,42.948360000,654.000
0.374820000,42.948310000,654.000
0.374780000,42.948250000,654.000
0.374680000,42.948060000,654.000
0.374670000,42.948050000,654.000
0.374640000,42.947990000,654.000
0.374640000,42.947980000,654.000
0.374580000,42.947890000,654.000
0.374570000,42.947870000,654.000
0.374560000,42.947860000,654.000
0.374540000,42.947840000,654.000
0.374530000,42.947830000,654.000
0.374510000,42.947800000,654.000
0.374440000,42.947710000,654.000
0.374290000,42.947540000,654.000
0.374190000,42.947420000,654.000
0.374150000,42.947370000,654.000
0.374040000,42.947240000,654.000
0.373930000,42.947100000,654.000
0.373900000,42.947060000,654.000
0.373870000,42.947020000,654.000
0.373780000,42.946900000,655.000
0.373710000,42.946810000,655.000
0.373660000,42.946720000,656.000
0.373630000,42.946660000,656.000
0.373600000,42.946590000,657.000
0.373580000,42.946520000,657.000
0.373580000,42.946440000,658.000
0.373570000,42.946400000,658.000
0.373560000,42.946370000,659.000
0.373560000,42.946360000,659.000
0.373560000,42.946290000,659.000
0.373560000,42.946210000,660.000
0.373540000,42.946090000,660.000
0.373540000,42.945970000,661.000
0.373550000,42.945880000,661.000
0.373560000,42.945860000,662.000
0.373570000,42.945740000,662.000
0.373590000,42.945520000,663.000
0.373630000,42.945300000,663.000
0.373650000,42.945160000,663.000
0.373680000,42.944890000,662.000
0.373740000,42.944680000,661.000
0.373760000,42.944560000,660.000
0.373780000,42.944490000,659.000
0.373810000,42.944430000,659.000
0.373840000,42.944260000,658.000
0.373850000,42.944080000,657.000
0.373860000,42.943940000,656.000
0.373870000,42.943850000,655.000
0.373880000,42.943760000,655.000
0.373880000,42.943640000,654.000
0.373870000,42.943450000,654.000
0.373860000,42.943390000,654.000
0.373850000,42.943330000,654.000
0.373850000,42.943280000,654.000
0.373850000,42.943210000,654.000
0.373880000,42.943010000,654.000
0.373910000,42.942790000,654.000
0.373920000,42.942730000,655.000
0.373910000,42.942680000,655.000
0.373900000,42.942620000,655.000
0.373850000,42.942490000,656.000
0.373790000,42.942380000,656.000
0.373720000,42.942300000,656.000
0.373610000,42.942210000,657.000
0.373520000,42.942140000,657.000
0.373390000,42.942070000,657.000
0.373210000,42.942000000,658.000
0.373130000,42.941970000,658.000
0.373090000,42.941950000,658.000
0.373040000,42.941940000,658.000
0.372920000,42.941910000,658.000
0.372830000,42.941900000,659.000
0.372760000,42.941890000,659.000
0.372450000,42.941850000,659.000
0.372340000,42.941840000,659.000
0.372270000,42.941820000,659.000
0.372220000,42.941810000,659.000
0.372150000,42.941790000,659.000
0.372100000,42.941770000,659.000
0.372050000,42.941750000,659.000
0.372010000,42.941740000,659.000
0.371920000,42.941700000,659.000
0.371880000,42.941670000,659.000
0.371830000,42.941640000,659.000
0.371740000,42.941570000,659.000
0.371690000,42.941520000,660.000
0.371630000,42.941440000,660.000
0.371580000,42.941350000,660.000
0.371540000,42.941250000,660.000
0.371480000,42.941070000,660.000
0.371480000,42.941060000,660.000
0.371380000,42.940670000,660.000
0.371340000,42.940420000,660.000
0.371300000,42.940250000,661.000
0.371290000,42.940210000,661.000
0.371260000,42.940120000,661.000
0.371100000,42.939630000,662.000
0.370970000,42.939190000,663.000
0.370900000,42.938930000,663.000
0.370820000,42.938710000,664.000
0.370630000,42.938120000,665.000
0.370500000,42.937740000,666.000
0.370350000,42.937300000,668.000
0.370280000,42.937150000,669.000
0.370190000,42.937000000,669.000
0.370110000,42.936860000,670.000
0.369980000,42.936680000,671.000
0.369200000,42.935610000,671.000
0.369150000,42.935520000,671.000
0.368870000,42.935150000,671.000
0.368830000,42.935090000,671.000
0.368780000,42.935000000,671.000
0.368720000,42.934910000,671.000
0.368650000,42.934790000,672.000
0.368600000,42.934700000,672.000
0.368570000,42.934640000,673.000
0.368530000,42.934570000,673.000
0.368490000,42.934480000,674.000
0.368390000,42.934240000,675.000
0.368270000,42.933950000,676.000
0.368260000,42.933920000,677.000
0.368130000,42.933640000,678.000
0.368100000,42.933570000,679.000
0.368000000,42.933330000,680.000
0.367870000,42.933040000,681.000
0.367840000,42.932970000,681.000
0.367820000,42.932880000,681.000
0.367800000,42.932830000,681.000
0.367790000,42.932780000,681.000
0.367780000,42.932710000,681.000
0.367770000,42.932650000,681.000
0.367730000,42.932410000,681.000
0.367690000,42.932150000,681.000
0.367660000,42.932020000,681.000
0.367630000,42.931930000,680.000
0.367610000,42.931830000,680.000
0.367590000,42.931750000,680.000
0.367570000,42.931640000,680.000
0.367450000,42.931210000,679.000
0.367440000,42.931160000,679.000
0.367440000,42.931080000,679.000
0.367430000,42.930960000,680.000
0.367410000,42.930780000,680.000
0.367430000,42.930610000,681.000
0.367450000,42.930400000,682.000
0.367490000,42.930110000,684.000
0.367520000,42.929950000,685.000
0.367530000,42.929850000,686.000
0.367550000,42.929680000,687.000
0.367560000,42.929480000,689.000
0.367580000,42.929300000,690.000
0.367580000,42.929230000,691.000
0.367590000,42.929050000,691.000
0.367590000,42.928890000,691.000
0.367580000,42.928730000,691.000
0.367550000,42.928570000,690.000
0.367510000,42.928420000,690.000
0.367480000,42.928270000,689.000
0.367430000,42.928050000,689.000
0.367410000,42.927980000,688.000
0.367400000,42.927920000,688.000
0.367380000,42.927770000,687.000
0.367360000,42.927580000,687.000
0.367340000,42.927280000,686.000
0.367330000,42.927160000,686.000
0.367310000,42.927050000,685.000
0.367300000,42.926960000,685.000
0.367280000,42.926850000,685.000
0.367260000,42.926770000,685.000
0.367190000,42.926560000,685.000
0.367150000,42.926430000,685.000
0.367120000,42.926340000,685.000
0.367070000,42.926200000,686.000
0.366970000,42.925940000,686.000
0.366940000,42.925870000,686.000
0.366820000,42.925530000,686.000
0.366600000,42.924990000,687.000
0.366490000,42.924730000,687.000
0.366420000,42.924560000,687.000
0.366370000,42.924470000,687.000
0.366220000,42.924210000,687.000
0.366190000,42.924150000,686.000
0.366150000,42.924080000,686.000
0.366090000,42.923990000,686.000
0.366050000,42.923940000,686.000
0.365970000,42.923820000,686.000
0.365890000,42.923720000,686.000
0.365810000,42.923620000,686.000
0.365650000,42.923430000,685.000
0.365630000,42.923400000,685.000
0.365490000,42.923270000,685.000
0.365370000,42.923140000,685.000
0.365120000,42.922920000,686.000
0.364940000,42.922750000,687.000
0.364770000,42.922590000,689.000
0.364730000,42.922560000,690.000
0.364630000,42.922480000,691.000
0.364520000,42.922390000,692.000
0.364420000,42.922300000,693.000
0.364370000,42.922250000,693.000
0.364300000,42.922180000,694.000
0.364280000,42.922160000,695.000
0.364150000,42.921990000,696.000
0.364080000,42.921870000,697.000
0.364010000,42.921750000,698.000
0.363980000,42.921680000,698.000
0.363960000,42.921650000,699.000
0.363930000,42.921600000,699.000
0.363890000,42.921510000,699.000
0.363830000,42.921390000,700.000
0.363810000,42.921320000,700.000
0.363780000,42.921200000,700.000
0.363770000,42.921130000,700.000
0.363750000,42.921070000,701.000
0.363740000,42.920980000,701.000
0.363720000,42.920860000,701.000
0.363700000,42.920710000,701.000
0.363700000,42.920650000,701.000
0.363660000,42.920240000,702.000
0.363640000,42.920020000,702.000
0.363620000,42.919830000,703.000
0.363610000,42.919740000,703.000
0.363600000,42.919700000,703.000
0.363590000,42.919660000,703.000
0.363590000,42.919620000,702.000
0.363570000,42.919540000,702.000
0.363560000,42.919520000,702.000
0.363560000,42.919510000,702.000
0.363550000,42.919490000,702.000
0.363530000,42.919400000,701.000
0.363520000,42.919360000,701.000
0.363450000,42.919140000,700.000
0.363400000,42.918960000,700.000
0.363360000,42.918770000,699.000
0.363340000,42.918720000,698.000
0.363320000,42.918640000,697.000
0.363270000,42.918440000,696.000
0.363220000,42.918250000,695.000
0.363170000,42.918080000,694.000
0.363140000,42.917960000,693.000
0.363130000,42.917950000,693.000
0.363120000,42.917910000,692.000
0.363100000,42.917820000,692.000
0.363060000,42.917690000,692.000
0.363030000,42.917590000,692.000
0.362990000,42.917480000,692.000
0.362950000,42.917420000,692.000
0.362920000,42.917380000,692.000
0.362900000,42.917330000,692.000
0.362880000,42.917280000,692.000
0.362840000,42.917230000,692.000
0.362800000,42.917170000,692.000
0.362770000,42.917120000,692.000
0.362740000,42.917090000,692.000
0.362700000,42.917040000,692.000
0.362620000,42.916960000,692.000
0.362490000,42.916830000,692.000
0.362330000,42.916690000,692.000
0.362280000,42.916650000,692.000
0.362190000,42.916560000,692.000
0.362140000,42.916530000,692.000
0.362070000,42.916470000,692.000
0.361980000,42.916410000,692.000
0.361840000,42.916310000,692.000
0.361760000,42.916260000,692.000
0.361680000,42.916210000,692.000
0.361600000,42.916160000,692.000
0.361540000,42.916120000,693.000
0.361530000,42.916120000,693.000
0.361450000,42.916070000,693.000
0.361350000,42.916010000,693.000
0.361340000,42.916010000,693.000
0.361180000,42.915910000,694.000
0.361060000,42.915830000,694.000
0.360990000,42.915790000,694.000
0.360890000,42.915720000,694.000
0.360810000,42.915650000,695.000
0.360660000,42.915490000,695.000
0.360600000,42.915420000,696.000
0.360550000,42.915360000,696.000
0.360380000,42.915170000,696.000
0.360140000,42.914890000,697.000
0.359810000,42.914500000,698.000
0.359730000,42.914400000,699.000
0.359500000,42.914100000,700.000
0.359330000,42.913860000,701.000
0.359300000,42.913820000,702.000
0.359260000,42.913770000,703.000
0.359220000,42.913720000,703.000
0.359180000,42.913660000,704.000
0.359120000,42.913580000,704.000
0.359060000,42.913480000,705.000
0.359020000,42.913430000,705.000
0.358980000,42.913370000,705.000
0.358960000,42.913330000,706.000
0.358950000,42.913290000,706.000
0.358930000,42.913240000,706.000
0.358910000,42.913170000,706.000
0.358910000,42.913130000,706.000
0.358910000,42.913080000,706.000
0.358900000,42.913010000,706.000
0.358910000,42.912920000,705.000
0.358920000,42.912850000,705.000
0.358940000,42.912770000,705.000
0.358980000,42.912660000,704.000
0.359010000,42.912580000,704.000
0.359050000,42.912500000,703.000
0.359130000,42.912360000,703.000
0.359180000,42.912280000,702.000
0.359230000,42.912210000,702.000
0.359290000,42.912140000,701.000
0.359340000,42.912080000,701.000
0.359390000,42.912040000,701.000
0.359460000,42.911970000,700.000
0.359640000,42.911830000,700.000
0.359750000,42.911750000,699.000
0.359840000,42.911680000,699.000
0.359930000,42.911600000,698.000
0.360000000,42.911520000,698.000
0.360100000,42.911410000,698.000
0.360110000,42.911400000,698.000
0.360180000,42.911320000,698.000
0.360190000,42.911310000,698.000
0.360310000,42.911170000,698.000
0.360430000,42.911000000,698.000
0.360480000,42.910940000,698.000
0.360530000,42.910880000,698.000
0.360580000,42.910820000,698.000
0.360610000,42.910770000,698.000
0.360650000,42.910720000,698.000
0.360670000,42.910670000,698.000
0.360690000,42.910620000,698.000
0.360700000,42.910570000,698.000
0.360710000,42.910500000,698.000
0.360700000,42.910440000,698.000
0.360690000,42.910380000,698.000
0.360660000,42.910310000,698.000
0.360610000,42.910200000,698.000
0.360600000,42.910180000,698.000
0.360590000,42.910170000,698.000
0.360580000,42.910160000,698.000
0.360530000,42.910050000,698.000
0.360460000,42.909920000,699.000
0.360410000,42.909830000,699.000
0.360320000,42.909680000,700.000
0.360260000,42.909630000,700.000
0.360240000,42.909600000,701.000
0.360190000,42.909530000,701.000
0.360170000,42.909500000,701.000
0.360140000,42.909470000,702.000
0.360120000,42.909450000,702.000
0.360070000,42.909410000,702.000
0.360030000,42.909380000,702.000
0.359960000,42.909330000,703.000
0.359960000,42.909330000,703.000
0.359920000,42.909370000,703.000
0.359900000,42.909410000,703.000
0.359870000,42.909450000,703.000
0.359870000,42.909490000,704.000
0.359870000,42.909500000,704.000
0.359880000,42.909540000,704.000
0.359910000,42.909600000,704.000
0.359930000,42.909640000,705.000
0.359950000,42.909690000,705.000
0.359960000,42.909720000,705.000
0.359970000,42.909750000,705.000
0.359990000,42.909800000,705.000
0.360000000,42.909870000,706.000
0.359990000,42.909930000,706.000
0.359980000,42.909990000,706.000
0.359970000,42.910050000,707.000
0.359950000,42.910120000,707.000
0.359940000,42.910130000,707.000
0.359930000,42.910180000,708.000
0.359910000,42.910240000,708.000
0.359910000,42.910250000,708.000
0.359880000,42.910310000,708.000
0.359870000,42.910350000,709.000
0.359840000,42.910420000,709.000
0.359810000,42.910480000,709.000
0.359780000,42.910560000,709.000
0.359720000,42.910700000,710.000
0.359700000,42.910730000,710.000
0.359670000,42.910790000,710.000
0.359620000,42.910860000,711.000
0.359560000,42.910940000,711.000
0.359490000,42.911020000,711.000
0.359430000,42.911090000,712.000
0.359410000,42.911100000,712.000
0.359390000,42.911120000,712.000
0.359350000,42.911160000,712.000
0.359340000,42.911170000,713.000
0.359250000,42.911270000,713.000
0.359220000,42.911310000,713.000
0.359180000,42.911360000,713.000
0.359120000,42.911430000,714.000
0.359090000,42.911470000,714.000
0.359000000,42.911560000,714.000
0.358900000,42.911680000,715.000
0.358810000,42.911800000,715.000
0.358740000,42.911890000,716.000
0.358660000,42.912010000,716.000
0.358580000,42.912150000,718.000
0.358520000,42.912240000,719.000
0.358480000,42.912330000,720.000
0.358400000,42.912470000,722.000
0.358340000,42.912610000,724.000
0.358290000,42.912730000,726.000
0.358250000,42.912860000,727.000
0.358240000,42.912900000,729.000
0.358230000,42.912950000,730.000
0.358220000,42.913040000,731.000
0.358210000,42.913080000,732.000
0.358210000,42.913120000,733.000
0.358200000,42.913150000,734.000
0.358190000,42.913260000,735.000
0.358190000,42.913270000,735.000
0.358190000,42.913400000,736.000
0.358190000,42.913440000,737.000
0.358200000,42.913510000,738.000
0.358210000,42.913620000,739.000
0.358230000,42.913710000,740.000
0.358270000,42.913770000,740.000
0.358320000,42.913840000,741.000
0.358390000,42.913910000,741.000
0.358420000,42.913940000,741.000
0.358470000,42.913990000,741.000
0.358530000,42.914060000,741.000
0.358550000,42.914090000,741.000
0.358580000,42.914120000,741.000
0.358620000,42.914170000,741.000
0.358650000,42.914230000,741.000
0.358660000,42.914250000,741.000
0.358680000,42.914280000,741.000
0.358720000,42.914330000,741.000
0.358750000,42.914400000,741.000
0.358760000,42.914420000,741.000
0.358770000,42.914450000,741.000
0.358790000,42.914510000,741.000
0.358810000,42.914570000,741.000
0.358810000,42.914590000,741.000
0.358820000,42.914620000,741.000
0.358810000,42.914690000,741.000
0.358790000,42.914740000,741.000
0.358780000,42.914770000,741.000
0.358770000,42.914770000,741.000
0.358750000,42.914800000,741.000
0.358720000,42.914820000,741.000
0.358670000,42.914840000,741.000
0.358620000,42.914860000,741.000
0.358580000,42.914870000,741.000
0.358550000,42.914880000,741.000
0.358470000,42.914900000,741.000
0.358390000,42.914910000,741.000
0.358350000,42.914920000,741.000
0.358290000,42.914920000,741.000
0.358160000,42.914940000,741.000
0.358060000,42.914950000,741.000
0.357920000,42.914960000,741.000
0.357780000,42.914970000,742.000
0.357670000,42.914990000,742.000
0.357480000,42.915010000,743.000
0.357430000,42.915020000,744.000
0.357200000,42.915070000,745.000
0.357180000,42.915070000,746.000
0.357010000,42.915120000,747.000
0.356900000,42.915170000,748.000
0.356760000,42.915230000,749.000
0.356630000,42.915280000,750.000
0.356360000,42.915400000,752.000
0.356160000,42.915500000,754.000
0.355930000,42.915590000,755.000
0.355770000,42.915660000,757.000
0.355690000,42.915710000,758.000
0.355630000,42.915780000,759.000
0.355560000,42.915890000,759.000
0.355480000,42.916000000,759.000
0.355450000,42.916030000,759.000
0.355380000,42.916140000,759.000
0.355370000,42.916160000,758.000
0.355360000,42.916170000,758.000
0.355330000,42.916180000,758.000
0.355300000,42.916200000,758.000
0.355250000,42.916210000,758.000
0.355210000,42.916210000,758.000
0.355150000,42.916200000,758.000
0.355050000,42.916200000,757.000
0.354920000,42.916190000,757.000
0.354900000,42.916190000,757.000
0.354660000,42.916190000,756.000
0.354650000,42.916190000,756.000
0.354470000,42.916190000,756.000
0.354410000,42.916190000,755.000
0.354230000,42.916200000,755.000
0.354160000,42.916210000,755.000
0.354120000,42.916220000,754.000
0.353930000,42.916260000,754.000
0.353800000,42.916300000,754.000
0.353700000,42.916330000,753.000
0.353660000,42.916350000,753.000
0.353460000,42.916430000,753.000
0.353340000,42.916470000,752.000
0.353260000,42.916490000,752.000
0.353180000,42.916520000,752.000
0.353060000,42.916530000,752.000
0.353020000,42.916530000,752.000
0.352890000,42.916540000,751.000
0.352710000,42.916540000,751.000
0.352570000,42.916530000,751.000
0.352460000,42.916530000,751.000
0.352370000,42.916530000,751.000
0.352290000,42.916540000,750.000
0.352280000,42.916540000,750.000
0.352130000,42.916580000,750.000
0.352060000,42.916600000,750.000
0.352010000,42.916610000,750.000
0.351870000,42.916650000,750.000
0.351820000,42.916660000,750.000
0.351760000,42.916670000,749.000
0.351670000,42.916690000,749.000
0.351590000,42.916710000,749.000
0.351500000,42.916730000,749.000
0.351420000,42.916740000,749.000
0.351370000,42.916760000,749.000
0.351360000,42.916770000,749.000
0.351340000,42.916770000,749.000
0.351270000,42.916820000,749.000
0.351190000,42.916900000,749.000
0.351180000,42.916910000,750.000
0.351090000,42.917000000,751.000
0.350960000,42.917110000,752.000
0.350870000,42.917170000,753.000
0.350850000,42.917190000,753.000
0.350730000,42.917240000,754.000
0.350670000,42.917270000,755.000
0.350640000,42.917280000,756.000
0.350560000,42.917310000,756.000
0.350440000,42.917340000,757.000
0.350310000,42.917370000,758.000
0.350200000,42.917390000,759.000
0.350080000,42.917390000,760.000
0.350000000,42.917390000,761.000
0.349930000,42.917380000,761.000
0.349870000,42.917360000,762.000
0.349750000,42.917340000,763.000
0.349720000,42.917340000,763.000
0.349650000,42.917330000,764.000
0.349540000,42.917340000,765.000
0.349480000,42.917350000,765.000
0.349450000,42.917360000,766.000
0.349350000,42.917400000,766.000
0.349280000,42.917430000,767.000
0.349270000,42.917430000,768.000
0.349220000,42.917450000,768.000
0.349110000,42.917540000,768.000
0.348980000,42.917680000,769.000
0.348960000,42.917710000,769.000
0.348870000,42.917800000,770.000
0.348820000,42.917860000,770.000
0.348770000,42.917920000,771.000
0.348680000,42.918010000,771.000
0.348670000,42.918020000,772.000
0.348620000,42.918050000,772.000
0.348530000,42.918090000,772.000
0.348480000,42.918110000,773.000
0.348450000,42.918120000,773.000
0.348360000,42.918140000,773.000
0.348250000,42.918170000,774.000
0.348150000,42.918200000,774.000
0.347910000,42.918260000,774.000
0.347710000,42.918330000,775.000
0.347590000,42.918380000,776.000
0.347470000,42.918450000,776.000
0.347410000,42.918490000,777.000
0.347310000,42.918570000,777.000
0.347250000,42.918630000,778.000
0.347180000,42.918710000,778.000
0.347060000,42.918820000,778.000
0.346980000,42.918930000,778.000
0.346950000,42.918990000,778.000
0.346910000,42.919060000,778.000
0.346850000,42.919140000,778.000
0.346790000,42.919230000,778.000
0.346780000,42.919240000,778.000
0.346760000,42.919280000,778.000
0.346720000,42.919320000,778.000
0.346670000,42.919370000,778.000
0.346660000,42.919390000,778.000
0.346640000,42.919410000,778.000
0.346610000,42.919440000,777.000
0.346590000,42.919460000,777.000
0.346560000,42.919480000,777.000
0.346500000,42.919520000,777.000
0.346490000,42.919520000,777.000
0.346280000,42.919620000,777.000
0.346080000,42.919720000,777.000
0.346070000,42.919720000,777.000
0.345900000,42.919800000,777.000
0.345800000,42.919870000,777.000
0.345770000,42.919890000,777.000
0.345760000,42.919920000,777.000
0.345730000,42.919960000,777.000
0.345720000,42.920020000,777.000
0.345740000,42.920110000,777.000
0.345780000,42.920150000,777.000
0.345810000,42.920180000,777.000
0.345840000,42.920200000,777.000
0.345870000,42.920220000,777.000
0.345890000,42.920230000,777.000
0.345950000,42.920250000,777.000
0.346010000,42.920260000,778.000
0.346040000,42.920260000,778.000
0.346070000,42.920260000,778.000
0.346140000,42.920240000,778.000
0.346210000,42.920210000,778.000
0.346350000,42.920170000,778.000
0.346430000,42.920150000,778.000
0.346510000,42.920130000,778.000
0.346620000,42.920130000,779.000
0.346700000,42.920140000,779.000
0.346760000,42.920140000,779.000
0.346790000,42.920140000,779.000
0.346820000,42.920140000,779.000
0.346850000,42.920130000,779.000
0.346880000,42.920120000,779.000
0.346910000,42.920110000,780.000
0.346930000,42.920090000,780.000
0.346960000,42.920060000,780.000
0.346980000,42.920030000,780.000
0.347030000,42.919980000,780.000
0.347130000,42.919930000,780.000
0.347270000,42.919780000,780.000
0.347430000,42.919630000,781.000
0.347460000,42.919600000,781.000
0.347560000,42.919510000,782.000
0.347570000,42.919490000,782.000
0.347620000,42.919450000,783.000
0.347680000,42.919400000,784.000
0.347710000,42.919370000,784.000
0.347740000,42.919360000,785.000
0.347770000,42.919340000,785.000
0.347830000,42.919310000,786.000
0.347870000,42.919290000,786.000
0.347930000,42.919280000,787.000
0.347950000,42.919270000,787.000
0.347980000,42.919260000,788.000
0.348040000,42.919250000,788.000
0.348100000,42.919250000,789.000
0.348180000,42.919250000,789.000
0.348190000,42.919250000,790.000
0.348260000,42.919250000,790.000
0.348320000,42.919270000,791.000
0.348410000,42.919300000,791.000
0.348430000,42.919300000,792.000
0.348490000,42.919330000,793.000
0.348510000,42.919340000,793.000
0.348600000,42.919380000,794.000
0.348680000,42.919410000,794.000
0.348740000,42.919430000,795.000
0.348810000,42.919440000,796.000
0.348870000,42.919460000,797.000
0.348890000,42.919460000,797.000
0.348960000,42.919470000,798.000
0.349020000,42.919480000,798.000
0.349030000,42.919480000,799.000
0.349100000,42.919490000,799.000
0.349190000,42.919500000,800.000
0.349260000,42.919500000,800.000
0.349270000,42.919500000,801.000
0.349330000,42.919500000,801.000
0.349370000,42.919500000,802.000
0.349390000,42.919490000,802.000
0.349420000,42.919480000,803.000
0.349450000,42.919470000,803.000
0.349480000,42.919450000,803.000
0.349490000,42.919440000,804.000
0.349510000,42.919430000,804.000
0.349570000,42.919370000,804.000
0.349580000,42.919350000,805.000
0.349600000,42.919320000,805.000
0.349600000,42.919290000,805.000
0.349610000,42.919280000,806.000
0.349620000,42.919210000,806.000
0.349630000,42.919170000,806.000
0.349640000,42.919150000,807.000
0.349660000,42.919120000,807.000
0.349680000,42.919090000,807.000
0.349700000,42.919060000,807.000
0.349740000,42.919030000,808.000
0.349770000,42.919010000,808.000
0.349800000,42.918980000,808.000
0.349830000,42.918970000,808.000
0.349860000,42.918950000,808.000
0.349910000,42.918930000,809.000
0.349950000,42.918910000,809.000
0.349960000,42.918910000,809.000
0.350000000,42.918890000,809.000
0.350050000,42.918880000,810.000
0.350100000,42.918870000,810.000
0.350180000,42.918850000,810.000
0.350470000,42.918800000,811.000
0.350630000,42.918770000,812.000
0.350770000,42.918740000,812.000
0.350780000,42.918740000,813.000
0.350870000,42.918720000,813.000
0.351020000,42.918690000,814.000
0.351020000,42.918680000,814.000
0.351140000,42.918650000,815.000
0.351240000,42.918620000,815.000
0.351470000,42.918550000,816.000
0.351480000,42.918540000,817.000
0.351990000,42.918390000,818.000
0.352100000,42.918360000,819.000
0.352390000,42.918300000,821.000
0.353110000,42.918330000,824.000
0.353350000,42.918350000,826.000
0.353370000,42.918350000,828.000
0.353470000,42.918360000,829.000
0.353610000,42.918370000,831.000
0.353650000,42.918380000,832.000
0.353680000,42.918380000,832.000
0.354110000,42.918430000,834.000
0.354170000,42.918440000,835.000
0.354410000,42.918470000,837.000
0.354430000,42.918470000,838.000
0.354580000,42.918480000,838.000
0.354590000,42.918480000,839.000
0.354650000,42.918490000,840.000
0.354670000,42.918500000,840.000
0.354760000,42.918500000,840.000
0.354810000,42.918500000,841.000
0.354830000,42.918500000,841.000
0.354900000,42.918500000,841.000
0.354950000,42.918490000,841.000
0.355050000,42.918470000,842.000
0.355210000,42.918420000,842.000
0.355290000,42.918400000,842.000
0.355340000,42.918390000,843.000
0.355360000,42.918380000,843.000
0.355500000,42.918350000,843.000
0.355710000,42.918310000,844.000
0.355970000,42.918250000,845.000
0.356030000,42.918240000,845.000
0.356180000,42.918220000,846.000
0.356310000,42.918200000,846.000
0.356420000,42.918190000,847.000
0.356560000,42.918190000,847.000
0.356590000,42.918180000,848.000
0.356720000,42.918160000,848.000
0.356790000,42.918140000,849.000
0.356820000,42.918130000,849.000
0.356970000,42.918070000,850.000
0.357080000,42.918060000,850.000
0.357180000,42.918060000,851.000
0.357250000,42.918070000,852.000
0.357260000,42.918080000,852.000
0.357340000,42.918100000,853.000
0.357420000,42.918120000,853.000
0.357480000,42.918150000,854.000
0.357520000,42.918170000,854.000
0.357590000,42.918210000,855.000
0.357670000,42.918270000,855.000
0.357840000,42.918360000,856.000
0.357900000,42.918400000,857.000
0.357980000,42.918450000,858.000
0.358080000,42.918530000,859.000
0.358090000,42.918540000,859.000
0.358150000,42.918590000,860.000
0.358230000,42.918690000,861.000
0.358250000,42.918710000,862.000
0.358440000,42.918930000,863.000
0.358560000,42.919090000,864.000
0.358700000,42.919310000,866.000
0.358770000,42.919430000,867.000
0.358800000,42.919480000,869.000
0.358870000,42.919600000,870.000
0.358890000,42.919640000,870.000
0.358960000,42.919750000,871.000
0.358960000,42.919760000,872.000
0.358980000,42.919810000,872.000
0.359010000,42.919870000,873.000
0.359030000,42.919930000,873.000
0.359050000,42.919980000,873.000
0.359080000,42.920080000,874.000
0.359090000,42.920110000,874.000
0.359120000,42.920240000,875.000
0.359150000,42.920330000,875.000
0.359160000,42.920370000,876.000
0.359210000,42.920490000,877.000
0.359210000,42.920500000,877.000
0.359240000,42.920570000,877.000
0.359270000,42.920640000,878.000
0.359290000,42.920670000,878.000
0.359310000,42.920700000,879.000
0.359380000,42.920800000,879.000
0.359400000,42.920830000,879.000
0.359440000,42.920900000,880.000
0.359480000,42.920960000,880.000
0.359490000,42.921000000,881.000
0.359490000,42.921020000,881.000
0.359500000,42.921070000,881.000
0.359510000,42.921140000,882.000
0.359510000,42.921180000,882.000
0.359510000,42.921230000,882.000
0.359500000,42.921310000,883.000
0.359490000,42.921400000,883.000
0.359450000,42.921520000,884.000
0.359450000,42.921530000,885.000
0.359380000,42.921670000,885.000
0.359370000,42.921680000,886.000
0.359370000,42.921700000,886.000
0.359310000,42.921830000,887.000
0.359300000,42.921870000,887.000
0.359280000,42.921920000,888.000
0.359270000,42.921980000,888.000
0.359270000,42.922000000,888.000
0.359270000,42.922020000,889.000
0.359280000,42.922050000,889.000
0.359290000,42.922090000,889.000
0.359340000,42.922220000,890.000
0.359360000,42.922280000,890.000
0.359370000,42.922320000,891.000
0.359380000,42.922360000,891.000
0.359380000,42.922440000,892.000
0.359390000,42.922580000,892.000
0.359400000,42.922670000,893.000
0.359400000,42.922760000,894.000
0.359400000,42.922810000,894.000
0.359390000,42.922940000,895.000
0.359370000,42.923120000,895.000
0.359350000,42.923240000,895.000
0.359350000,42.923300000,895.000
0.359340000,42.923480000,895.000
0.359340000,42.923510000,895.000
0.359340000,42.923620000,895.000
0.359340000,42.923660000,895.000
0.359360000,42.923710000,895.000
0.359370000,42.923740000,895.000
0.359400000,42.923760000,895.000
0.359420000,42.923780000,895.000
0.359460000,42.923790000,895.000
0.359480000,42.923800000,895.000
0.359500000,42.923800000,895.000
0.359720000,42.923820000,895.000
0.359970000,42.923850000,895.000
0.359980000,42.923850000,895.000
0.360080000,42.923870000,895.000
0.360150000,42.923880000,895.000
0.360180000,42.923890000,895.000
0.360200000,42.923890000,895.000
0.360200000,42.923900000,895.000
0.360230000,42.923910000,895.000
0.360240000,42.923920000,895.000
0.360270000,42.923940000,895.000
0.360290000,42.923950000,895.000
0.360300000,42.923970000,895.000
0.360310000,42.923980000,895.000
0.360320000,42.924000000,895.000
0.360330000,42.924010000,895.000
0.360330000,42.924020000,895.000
0.360330000,42.924030000,895.000
0.360330000,42.924040000,895.000
0.360330000,42.924060000,895.000
0.360320000,42.924070000,895.000
0.360310000,42.924080000,896.000
0.360300000,42.924090000,896.000
0.360280000,42.924100000,896.000
0.360260000,42.924100000,896.000
0.360240000,42.924110000,896.000
0.360220000,42.924110000,896.000
0.360190000,42.924110000,896.000
0.360160000,42.924100000,897.000
0.360130000,42.924090000,897.000
0.360100000,42.924080000,897.000
0.360080000,42.924060000,898.000
0.360050000,42.924040000,898.000
0.359990000,42.924010000,898.000
0.359940000,42.923990000,899.000
0.359890000,42.923980000,899.000
0.359820000,42.923970000,900.000
0.359770000,42.923970000,900.000
0.359700000,42.923960000,901.000
0.359690000,42.923960000,901.000
0.359460000,42.923960000,902.000
0.359450000,42.923960000,903.000
0.359440000,42.923960000,903.000
0.359360000,42.923960000,904.000
0.359310000,42.923950000,905.000
0.359250000,42.923940000,905.000
0.359220000,42.923930000,906.000
0.359210000,42.923930000,906.000
0.359200000,42.923930000,906.000
0.359190000,42.923920000,906.000
0.359180000,42.923910000,907.000
0.359160000,42.923900000,907.000
0.359150000,42.923900000,907.000
0.359140000,42.923890000,907.000
0.359130000,42.923870000,907.000
0.359120000,42.923860000,908.000
0.359110000,42.923840000,908.000
0.359100000,42.923820000,908.000
0.359090000,42.923800000,908.000
0.359090000,42.923790000,908.000
0.359090000,42.923780000,909.000
0.359080000,42.923780000,909.000
0.359080000,42.923740000,909.000
0.359050000,42.923600000,910.000
0.358990000,42.923250000,912.000
0.358930000,42.922890000,915.000
0.358900000,42.922730000,917.000
0.358890000,42.922710000,918.000
0.358780000,42.922370000,919.000
0.358670000,42.922010000,919.000
0.358630000,42.921880000,920.000
0.358600000,42.921780000,920.000
0.358580000,42.921690000,920.000
0.358550000,42.921540000,920.000
0.358500000,42.921410000,920.000
0.358480000,42.921350000,920.000
0.358450000,42.921300000,920.000
0.358340000,42.921140000,920.000
0.358300000,42.921070000,921.000
0.358240000,42.920970000,921.000
0.358130000,42.920810000,921.000
0.358060000,42.920710000,921.000
0.358020000,42.920650000,922.000
0.357950000,42.920550000,922.000
0.357890000,42.920500000,922.000
0.357780000,42.920390000,922.000
0.357740000,42.920360000,923.000
0.357590000,42.920210000,923.000
0.357570000,42.920200000,923.000
0.357440000,42.920090000,923.000
0.357420000,42.920080000,924.000
0.357320000,42.920010000,924.000
0.357240000,42.919970000,924.000
0.357150000,42.919920000,924.000
0.357100000,42.919900000,924.000
0.357050000,42.919880000,925.000
0.357030000,42.919870000,925.000
0.357000000,42.919860000,925.000
0.356930000,42.919850000,925.000
0.356850000,42.919840000,925.000
0.356810000,42.919830000,925.000
0.356790000,42.919830000,925.000
0.356760000,42.919830000,925.000
0.356720000,42.919830000,926.000
0.356670000,42.919840000,926.000
0.356630000,42.919840000,926.000
0.356550000,42.919860000,926.000
0.356540000,42.919860000,927.000
0.356480000,42.919880000,927.000
0.356420000,42.919900000,927.000
0.356390000,42.919910000,928.000
0.356360000,42.919930000,928.000
0.356330000,42.919940000,928.000
0.356290000,42.919970000,928.000
0.356260000,42.919980000,929.000
0.356220000,42.920020000,929.000
0.356180000,42.920050000,929.000
0.356160000,42.920070000,930.000
0.356150000,42.920080000,930.000
0.356100000,42.920140000,930.000
0.356040000,42.920220000,931.000
0.355790000,42.920540000,932.000
0.355640000,42.920730000,934.000
0.355620000,42.920760000,935.000
0.355600000,42.920790000,936.000
0.355570000,42.920820000,937.000
0.355540000,42.920840000,937.000
0.355510000,42.920860000,938.000
0.355460000,42.920880000,938.000
0.355430000,42.920890000,938.000
0.355400000,42.920900000,939.000
0.355370000,42.920900000,939.000
0.355340000,42.920900000,939.000
0.355320000,42.920900000,939.000
0.355280000,42.920890000,940.000
0.355250000,42.920880000,940.000
0.355220000,42.920870000,940.000
0.355190000,42.920850000,940.000
0.355170000,42.920840000,940.000
0.355150000,42.920830000,941.000
0.355090000,42.920790000,941.000
0.355030000,42.920740000,941.000
0.354950000,42.920690000,941.000
0.354870000,42.920640000,942.000
0.354800000,42.920610000,942.000
0.354800000,42.920600000,942.000
0.354750000,42.920580000,942.000
0.354700000,42.920560000,943.000
0.354580000,42.920530000,943.000
0.354500000,42.920530000,943.000
0.354470000,42.920530000,943.000
0.354420000,42.920530000,943.000
0.354390000,42.920540000,944.000
0.354360000,42.920550000,944.000
0.354300000,42.920560000,944.000
0.354270000,42.920570000,944.000
0.354170000,42.920620000,944.000
0.354130000,42.920640000,944.000
0.354100000,42.920650000,944.000
0.354050000,42.920680000,945.000
0.353980000,42.920730000,945.000
0.353940000,42.920760000,945.000
0.353830000,42.920830000,945.000
0.353800000,42.920850000,946.000
0.353780000,42.920870000,946.000
0.353760000,42.920880000,946.000
0.353730000,42.920910000,946.000
0.353670000,42.920970000,946.000
0.353600000,42.921050000,946.000
0.353510000,42.921160000,947.000
0.353400000,42.921300000,947.000
0.353370000,42.921340000,948.000
0.353320000,42.921400000,948.000
0.353270000,42.921460000,948.000
0.353240000,42.921490000,949.000
0.353170000,42.921580000,949.000
0.353140000,42.921610000,950.000
0.353070000,42.921670000,950.000
0.353000000,42.921740000,951.000
0.352860000,42.921870000,951.000
0.352750000,42.921970000,952.000
0.352680000,42.922030000,953.000
0.352670000,42.922050000,954.000
0.352540000,42.922150000,954.000
0.352420000,42.922240000,955.000
0.352340000,42.922290000,956.000
0.352320000,42.922300000,956.000
0.352160000,42.922410000,957.000
0.351980000,42.922540000,958.000
0.351840000,42.922650000,959.000
0.351820000,42.922670000,960.000
0.351800000,42.922680000,961.000
0.351780000,42.922690000,961.000
0.351750000,42.922690000,961.000
0.351730000,42.922700000,962.000
0.351710000,42.922700000,962.000
0.351670000,42.922700000,962.000
0.351610000,42.922700000,962.000
0.351540000,42.922690000,963.000
0.351500000,42.922680000,963.000
0.351470000,42.922680000,963.000
0.351440000,42.922680000,963.000
0.351410000,42.922690000,964.000
0.351370000,42.922700000,964.000
0.351330000,42.922710000,964.000
0.351300000,42.922710000,964.000
0.351250000,42.922730000,965.000
0.351190000,42.922760000,965.000
0.351140000,42.922790000,965.000
0.351080000,42.922820000,965.000
0.350940000,42.922900000,966.000
0.350760000,42.923060000,967.000
0.350670000,42.923150000,968.000
0.350590000,42.923220000,969.000
0.350520000,42.923280000,969.000
0.350410000,42.923400000,970.000
0.350300000,42.923520000,971.000
0.350280000,42.923540000,972.000
0.350160000,42.923670000,973.000
0.349980000,42.923860000,974.000
0.349880000,42.923970000,975.000
0.349840000,42.924010000,976.000
0.349760000,42.924110000,977.000
0.349750000,42.924120000,978.000
0.349690000,42.924180000,978.000
0.349450000,42.924400000,979.000
0.349390000,42.924450000,980.000
0.349310000,42.924530000,981.000
0.349130000,42.924670000,982.000
0.348660000,42.924980000,983.000
0.348480000,42.925100000,985.000
0.348330000,42.925190000,986.000
0.348290000,42.925220000,987.000
0.348230000,42.925260000,988.000
0.348120000,42.925350000,989.000
0.348070000,42.925390000,990.000
0.347980000,42.925480000,990.000
0.347960000,42.925490000,991.000
0.347930000,42.925520000,992.000
0.347830000,42.925630000,993.000
0.347710000,42.925790000,994.000
0.347710000,42.925800000,995.000
0.347600000,42.925950000,996.000
0.347510000,42.926090000,997.000
0.347490000,42.926120000,998.000
0.347400000,42.926260000,999.000
0.347320000,42.926370000,1001.000
0.347290000,42.926440000,1002.000
0.347200000,42.926610000,1003.000
0.347100000,42.926790000,1005.000
0.347070000,42.926840000,1006.000
0.347050000,42.926870000,1007.000
0.347030000,42.926900000,1008.000
0.347020000,42.926900000,1008.000
0.347010000,42.926910000,1008.000
0.346990000,42.926930000,1009.000
0.346970000,42.926940000,1009.000
0.346920000,42.926960000,1009.000
0.346880000,42.926970000,1009.000
0.346860000,42.926970000,1009.000
0.346810000,42.926980000,1009.000
0.346800000,42.926980000,1009.000
0.346780000,42.926990000,1009.000
0.346730000,42.926990000,1009.000
0.346680000,42.926990000,1009.000
0.346640000,42.926990000,1009.000
0.346620000,42.926980000,1009.000
0.346580000,42.926980000,1009.000
0.346560000,42.926970000,1009.000
0.346500000,42.926940000,1009.000
0.346450000,42.926910000,1009.000
0.346420000,42.926890000,1009.000
0.346380000,42.926850000,1009.000
0.346350000,42.926810000,1009.000
0.346270000,42.926690000,1009.000
0.346230000,42.926620000,1009.000
0.346200000,42.926580000,1009.000
0.346160000,42.926540000,1009.000
0.346160000,42.926530000,1009.000
0.346140000,42.926520000,1009.000
0.346110000,42.926500000,1009.000
0.346070000,42.926470000,1009.000
0.346030000,42.926440000,1009.000
0.345970000,42.926420000,1009.000
0.345920000,42.926400000,1009.000
0.345870000,42.926390000,1009.000
0.345800000,42.926370000,1009.000
0.345740000,42.926360000,1009.000
0.345710000,42.926360000,1009.000
0.345640000,42.926360000,1009.000
0.345570000,42.926360000,1009.000
0.345500000,42.926360000,1009.000
0.345490000,42.926370000,1009.000
0.345440000,42.926380000,1009.000
0.345380000,42.926390000,1009.000
0.345300000,42.926410000,1009.000
0.345260000,42.926420000,1009.000
0.345220000,42.926440000,1009.000
0.345160000,42.926470000,1009.000
0.345110000,42.926490000,1009.000
0.345070000,42.926510000,1009.000
0.345010000,42.926550000,1009.000
0.344880000,42.926650000,1010.000
0.344680000,42.926830000,1011.000
0.344650000,42.926870000,1012.000
0.344620000,42.926900000,1012.000
0.344580000,42.926950000,1013.000
0.344560000,42.926990000,1013.000
0.344540000,42.927030000,1014.000
0.344530000,42.927040000,1014.000
0.344520000,42.927080000,1014.000
0.344500000,42.927120000,1015.000
0.344490000,42.927150000,1015.000
0.344480000,42.927200000,1015.000
0.344480000,42.927310000,1016.000
0.344480000,42.927370000,1016.000
0.344490000,42.927410000,1017.000
0.344510000,42.927460000,1017.000
0.344540000,42.927510000,1018.000
0.344580000,42.927550000,1018.000
0.344690000,42.927660000,1019.000
0.344830000,42.927800000,1020.000
0.344940000,42.927910000,1021.000
0.344980000,42.927950000,1022.000
0.345050000,42.928020000,1022.000
0.345120000,42.928080000,1023.000
0.345140000,42.928100000,1024.000
0.345180000,42.928130000,1024.000
0.345210000,42.928150000,1025.000
0.345230000,42.928160000,1025.000
0.345260000,42.928170000,1025.000
0.345270000,42.928180000,1025.000
0.345290000,42.928180000,1026.000
0.345310000,42.928180000,1026.000
0.345340000,42.928190000,1026.000
0.345360000,42.928190000,1026.000
0.345390000,42.928180000,1026.000
0.345430000,42.928170000,1026.000
0.345490000,42.928160000,1027.000
0.345550000,42.928130000,1027.000
0.345560000,42.928130000,1027.000
0.345780000,42.928050000,1028.000
0.345840000,42.928030000,1029.000
0.346020000,42.927970000,1029.000
0.346080000,42.927960000,1030.000
0.346130000,42.927950000,1031.000
0.346210000,42.927940000,1031.000
0.346240000,42.927940000,1032.000
0.346280000,42.927940000,1032.000
0.346440000,42.927940000,1033.000
0.346490000,42.927940000,1033.000
0.346730000,42.927940000,1034.000
0.346860000,42.927940000,1035.000
0.346980000,42.927940000,1036.000
0.347050000,42.927940000,1036.000
0.347110000,42.927930000,1037.000
0.347220000,42.927930000,1038.000
0.347350000,42.927910000,1038.000
0.347410000,42.927900000,1039.000
0.347450000,42.927890000,1040.000
0.347500000,42.927870000,1040.000
0.347510000,42.927870000,1040.000
0.347580000,42.927840000,1041.000
0.347640000,42.927810000,1041.000
0.347710000,42.927770000,1041.000
0.347720000,42.927760000,1042.000
0.347880000,42.927660000,1042.000
0.347890000,42.927650000,1043.000
0.348020000,42.927570000,1043.000
0.348260000,42.927410000,1044.000
0.348440000,42.927290000,1045.000
0.348560000,42.927210000,1046.000
0.348610000,42.927170000,1047.000
0.348620000,42.927160000,1047.000
0.348770000,42.927040000,1048.000
0.348940000,42.926900000,1049.000
0.348950000,42.926890000,1050.000
0.349050000,42.926810000,1050.000
0.349110000,42.926770000,1051.000
0.349120000,42.926770000,1051.000
0.349120000,42.926760000,1052.000
0.349300000,42.926650000,1052.000
0.349320000,42.926640000,1053.000
0.349490000,42.926540000,1053.000
0.349640000,42.926460000,1054.000
0.349840000,42.926350000,1055.000
0.349890000,42.926320000,1056.000
0.350100000,42.926210000,1057.000
0.350300000,42.926120000,1058.000
0.350320000,42.926110000,1059.000
0.350510000,42.926030000,1060.000
0.350690000,42.925950000,1061.000
0.350720000,42.925940000,1061.000
0.350930000,42.925850000,1062.000
0.351040000,42.925800000,1063.000
0.351360000,42.925670000,1064.000
0.351420000,42.925640000,1065.000
0.351570000,42.925580000,1066.000
0.351590000,42.925570000,1067.000
0.351750000,42.925510000,1068.000
0.351830000,42.925490000,1068.000
0.351930000,42.925460000,1069.000
0.352020000,42.925430000,1070.000
0.352060000,42.925420000,1070.000
0.352250000,42.925380000,1071.000
0.352260000,42.925380000,1071.000
0.352400000,42.925350000,1072.000
0.352750000,42.925280000,1073.000
0.352890000,42.925250000,1074.000
0.353000000,42.925230000,1075.000
0.353180000,42.925170000,1076.000
0.353370000,42.925120000,1077.000
0.353680000,42.925020000,1079.000
0.353790000,42.924990000,1080.000
0.353860000,42.924970000,1081.000
0.353910000,42.924960000,1082.000
0.353970000,42.924950000,1082.000
0.354020000,42.924940000,1083.000
0.354060000,42.924940000,1083.000
0.354110000,42.924940000,1083.000
0.354190000,42.924990000,1084.000
0.354200000,42.925010000,1084.000
0.354220000,42.925030000,1085.000
0.354230000,42.925050000,1085.000
0.354230000,42.925080000,1085.000
0.354230000,42.925100000,1085.000
0.354220000,42.925120000,1086.000
0.354200000,42.925150000,1086.000
0.354190000,42.925170000,1086.000
0.354170000,42.925180000,1086.000
0.354150000,42.925190000,1086.000
0.354120000,42.925210000,1087.000
0.354080000,42.925220000,1087.000
0.354060000,42.925230000,1087.000
0.354030000,42.925230000,1087.000
0.353980000,42.925240000,1087.000
0.353960000,42.925250000,1088.000
0.353890000,42.925250000,1088.000
0.353790000,42.925270000,1088.000
0.353730000,42.925280000,1089.000
0.353720000,42.925280000,1089.000
0.353650000,42.925300000,1089.000
0.353640000,42.925310000,1089.000
0.353610000,42.925320000,1090.000
0.353570000,42.925350000,1090.000
0.353510000,42.925380000,1090.000
0.353500000,42.925390000,1091.000
0.353460000,42.925410000,1091.000
0.353450000,42.925420000,1091.000
0.353370000,42.925470000,1091.000
0.353180000,42.925600000,1092.000
0.353150000,42.925620000,1093.000
0.353100000,42.925660000,1093.000
0.353070000,42.925680000,1094.000
0.352980000,42.925750000,1094.000
0.352930000,42.925790000,1095.000
0.352860000,42.925860000,1095.000
0.352770000,42.925930000,1096.000
0.352760000,42.925950000,1097.000
0.352650000,42.926030000,1097.000
0.352610000,42.926070000,1098.000
0.352490000,42.926170000,1099.000
0.352480000,42.926170000,1099.000
0.352380000,42.926240000,1100.000
0.352050000,42.926460000,1102.000
0.351760000,42.926660000,1104.000
0.351600000,42.926760000,1105.000
0.351580000,42.926780000,1107.000
0.351540000,42.926810000,1108.000
0.351510000,42.926840000,1109.000
0.351450000,42.926880000,1109.000
0.351410000,42.926920000,1110.000
0.351400000,42.926930000,1110.000
0.351370000,42.926970000,1111.000
0.351350000,42.927000000,1111.000
0.351340000,42.927020000,1112.000
0.351330000,42.927040000,1112.000
0.351320000,42.927070000,1112.000
0.351320000,42.927100000,1112.000
0.351310000,42.927250000,1113.000
0.351310000,42.927270000,1114.000
0.351290000,42.927480000,1115.000
0.351270000,42.927580000,1116.000
0.351260000,42.927630000,1116.000
0.351260000,42.927650000,1117.000
0.351250000,42.927650000,1117.000
0.351240000,42.927720000,1118.000
0.351210000,42.927800000,1118.000
0.351160000,42.927920000,1119.000
0.351140000,42.927980000,1120.000
0.351130000,42.928000000,1120.000
0.351110000,42.928040000,1121.000
0.351080000,42.928110000,1121.000
0.351050000,42.928160000,1122.000
0.351020000,42.928210000,1122.000
0.350990000,42.928260000,1123.000
0.350710000,42.928650000,1124.000
0.350630000,42.928760000,1126.000
0.350530000,42.928880000,1127.000
0.350390000,42.929040000,1129.000
0.350190000,42.929230000,1130.000
0.350090000,42.929340000,1132.000
0.349210000,42.930260000,1138.000
0.349040000,42.930440000,1143.000
0.348920000,42.930550000,1146.000
0.348910000,42.930570000,1149.000
0.348760000,42.930690000,1151.000
0.348640000,42.930800000,1153.000
0.348600000,42.930830000,1154.000
0.348450000,42.930950000,1156.000
0.348440000,42.930960000,1157.000
0.348300000,42.931110000,1158.000
0.348150000,42.931220000,1160.000
0.348040000,42.931310000,1161.000
0.347890000,42.931450000,1163.000
0.347880000,42.931460000,1164.000
0.347740000,42.931600000,1165.000
0.347630000,42.931720000,1167.000
0.347480000,42.931900000,1168.000
0.347420000,42.931980000,1170.000
0.347360000,42.932060000,1171.000
0.347300000,42.932130000,1172.000
0.347190000,42.932290000,1173.000
0.347090000,42.932520000,1174.000
0.347080000,42.932560000,1174.000
0.347000000,42.932730000,1175.000
0.346990000,42.932750000,1176.000
0.346910000,42.932890000,1177.000
0.346870000,42.932960000,1177.000
0.346760000,42.933160000,1178.000
0.346690000,42.933270000,1179.000
0.346590000,42.933460000,1180.000
0.346510000,42.933650000,1181.000
0.346410000,42.933910000,1182.000
0.346400000,42.933930000,1183.000
0.346330000,42.934080000,1184.000
0.346310000,42.934110000,1185.000
0.346240000,42.934250000,1186.000
0.346220000,42.934300000,1187.000
0.346150000,42.934410000,1188.000
0.346070000,42.934520000,1189.000
0.346040000,42.934570000,1190.000
0.345900000,42.934810000,1191.000
0.345750000,42.935040000,1193.000
0.345490000,42.935350000,1195.000
0.345190000,42.935690000,1198.000
0.344960000,42.935950000,1200.000
0.344870000,42.936070000,1203.000
0.344810000,42.936130000,1204.000
0.344740000,42.936210000,1206.000
0.344670000,42.936270000,1207.000
0.344630000,42.936300000,1208.000
0.344520000,42.936390000,1209.000
0.344230000,42.936620000,1211.000
0.343960000,42.936850000,1213.000
0.343740000,42.937050000,1215.000
0.343600000,42.937160000,1217.000
0.343540000,42.937220000,1219.000
0.343450000,42.937310000,1220.000
0.343390000,42.937360000,1221.000
0.343250000,42.937510000,1223.000
0.343210000,42.937550000,1224.000
0.343120000,42.937660000,1226.000
0.343010000,42.937790000,1227.000
0.342990000,42.937810000,1228.000
0.342830000,42.937990000,1230.000
0.342730000,42.938090000,1231.000
0.342710000,42.938110000,1232.000
0.342650000,42.938160000,1233.000
0.342560000,42.938240000,1234.000
0.342550000,42.938250000,1235.000
0.342450000,42.938320000,1236.000
0.342280000,42.938420000,1237.000
0.342190000,42.938480000,1237.000
0.342060000,42.938540000,1238.000
0.341960000,42.938580000,1239.000
0.341910000,42.938590000,1239.000
0.341860000,42.938600000,1239.000
0.341820000,42.938600000,1240.000
0.341750000,42.938590000,1240.000
0.341650000,42.938540000,1240.000
0.341570000,42.938480000,1241.000
0.341490000,42.938450000,1241.000
0.341390000,42.938430000,1241.000
0.341260000,42.938400000,1242.000
0.341190000,42.938380000,1242.000
0.341140000,42.938340000,1242.000
0.341120000,42.938310000,1243.000
0.341100000,42.938290000,1243.000
0.341080000,42.938230000,1243.000
0.341040000,42.938140000,1243.000
0.341040000,42.938130000,1244.000
0.341000000,42.938060000,1244.000
0.340960000,42.938020000,1244.000
0.340950000,42.938010000,1244.000
0.340900000,42.937980000,1244.000
0.340860000,42.937970000,1245.000
0.340780000,42.937940000,1245.000
0.340700000,42.937930000,1245.000
0.340570000,42.937930000,1245.000
0.340460000,42.937940000,1246.000
0.340330000,42.937970000,1246.000
0.340160000,42.938020000,1247.000
0.340020000,42.938090000,1248.000
0.339840000,42.938190000,1250.000
0.339630000,42.938330000,1251.000
0.339590000,42.938350000,1252.000
0.339410000,42.938500000,1254.000
0.339240000,42.938630000,1255.000
0.339080000,42.938740000,1257.000
0.338950000,42.938820000,1259.000
0.338930000,42.938830000,1260.000
0.338820000,42.938900000,1261.000
0.338730000,42.938940000,1262.000
0.338610000,42.939010000,1263.000
0.338450000,42.939090000,1264.000
0.338260000,42.939180000,1266.000
0.338090000,42.939270000,1267.000
0.337960000,42.939330000,1269.000
0.337850000,42.939380000,1270.000
0.337700000,42.939430000,1271.000
0.337640000,42.939450000,1273.000
0.337480000,42.939510000,1274.000
0.337460000,42.939510000,1275.000
0.337310000,42.939590000,1276.000
0.337290000,42.939620000,1277.000
0.337260000,42.939640000,1278.000
0.337230000,42.939670000,1278.000
0.337190000,42.939710000,1279.000
0.337140000,42.939800000,1280.000
0.337100000,42.939860000,1280.000
0.337070000,42.939920000,1281.000
0.337040000,42.939980000,1282.000
0.336950000,42.940090000,1283.000
0.336920000,42.940130000,1284.000
0.336820000,42.940250000,1285.000
0.336670000,42.940390000,1287.000
0.336480000,42.940580000,1288.000
0.336370000,42.940670000,1290.000
0.336300000,42.940720000,1291.000
0.336260000,42.940740000,1292.000
0.336110000,42.940820000,1293.000
0.336080000,42.940840000,1294.000
0.335980000,42.940890000,1295.000
0.335840000,42.940960000,1296.000
0.335690000,42.941010000,1297.000
0.335580000,42.941050000,1297.000
0.335510000,42.941080000,1298.000
0.335450000,42.941120000,1299.000
0.335410000,42.941160000,1300.000
0.335400000,42.941190000,1300.000
0.335390000,42.941220000,1301.000
0.335390000,42.941230000,1301.000
0.335390000,42.941240000,1301.000
0.335400000,42.941280000,1302.000
0.335420000,42.941320000,1302.000
0.335440000,42.941350000,1302.000
0.335470000,42.941370000,1302.000
0.335510000,42.941390000,1303.000
0.335570000,42.941410000,1303.000
0.335610000,42.941410000,1304.000
0.335680000,42.941410000,1304.000
0.335740000,42.941400000,1304.000
0.335790000,42.941390000,1305.000
0.335830000,42.941370000,1305.000
0.335870000,42.941350000,1305.000
0.335920000,42.941330000,1306.000
0.335950000,42.941310000,1306.000
0.335980000,42.941280000,1306.000
0.336050000,42.941200000,1307.000
0.336110000,42.941120000,1307.000
0.336180000,42.941020000,1308.000
0.336200000,42.941000000,1308.000
0.336240000,42.940980000,1308.000
0.336380000,42.940920000,1309.000
0.336510000,42.940880000,1309.000
0.336580000,42.940850000,1310.000
0.336600000,42.940840000,1310.000
0.336690000,42.940800000,1311.000
0.336790000,42.940750000,1311.000
0.336900000,42.940690000,1312.000
0.337070000,42.940590000,1312.000
0.337160000,42.940510000,1313.000
0.337180000,42.940500000,1313.000
0.337240000,42.940450000,1314.000
0.337390000,42.940360000,1314.000
0.337560000,42.940290000,1315.000
0.337670000,42.940260000,1316.000
0.338000000,42.940210000,1317.000
0.338260000,42.940170000,1318.000
0.338330000,42.940160000,1319.000
0.338740000,42.940110000,1320.000
0.339140000,42.940070000,1321.000
0.339350000,42.940060000,1323.000
0.339420000,42.940060000,1324.000
0.339580000,42.940060000,1325.000
0.339750000,42.940060000,1326.000
0.339920000,42.940060000,1327.000
0.340030000,42.940070000,1328.000
0.340210000,42.940080000,1328.000
0.340360000,42.940090000,1329.000
0.340470000,42.940100000,1330.000
0.340560000,42.940120000,1331.000
0.340640000,42.940130000,1331.000
0.340810000,42.940170000,1332.000
0.340880000,42.940190000,1333.000
0.340980000,42.940230000,1334.000
0.341010000,42.940260000,1335.000
0.341030000,42.940280000,1335.000
0.341060000,42.940300000,1336.000
0.341070000,42.940310000,1336.000
0.341090000,42.940360000,1337.000
0.341130000,42.940430000,1337.000
0.341160000,42.940470000,1338.000
0.341190000,42.940500000,1338.000
0.341240000,42.940530000,1339.000
0.341320000,42.940550000,1339.000
0.341360000,42.940560000,1340.000
0.341460000,42.940570000,1340.000
0.341610000,42.940560000,1341.000
0.341830000,42.940540000,1342.000
0.342250000,42.940490000,1344.000
0.342580000,42.940440000,1346.000
0.342820000,42.940420000,1348.000
0.343230000,42.940380000,1351.000
0.343250000,42.940380000,1353.000
0.343410000,42.940370000,1354.000
0.343620000,42.940360000,1356.000
0.343740000,42.940370000,1357.000
0.343810000,42.940370000,1358.000
0.343840000,42.940380000,1359.000
0.343980000,42.940410000,1360.000
0.344040000,42.940420000,1361.000
0.344130000,42.940450000,1362.000
0.344210000,42.940470000,1362.000
0.344260000,42.940490000,1363.000
0.344430000,42.940550000,1364.000
0.344510000,42.940570000,1365.000
0.344580000,42.940590000,1366.000
0.344610000,42.940600000,1366.000
0.344660000,42.940620000,1367.000
0.344690000,42.940630000,1367.000
0.344720000,42.940650000,1368.000
0.344740000,42.940680000,1368.000
0.344750000,42.940700000,1368.000
0.344760000,42.940750000,1369.000
0.344760000,42.940770000,1369.000
0.344760000,42.940780000,1369.000
0.344750000,42.940810000,1370.000
0.344740000,42.940840000,1370.000
0.344720000,42.940860000,1370.000
0.344700000,42.940870000,1371.000
0.344680000,42.940880000,1371.000
0.344660000,42.940890000,1371.000
0.344620000,42.940900000,1371.000
0.344590000,42.940910000,1372.000
0.344540000,42.940910000,1372.000
0.344500000,42.940900000,1372.000
0.344450000,42.940890000,1372.000
0.344410000,42.940870000,1373.000
0.344400000,42.940860000,1373.000
0.344310000,42.940790000,1373.000
0.344240000,42.940750000,1373.000
0.344170000,42.940720000,1374.000
0.344100000,42.940710000,1374.000
0.344030000,42.940700000,1374.000
0.344000000,42.940700000,1375.000
0.343940000,42.940700000,1375.000
0.343860000,42.940700000,1375.000
0.343730000,42.940710000,1376.000
0.343720000,42.940710000,1376.000
0.343670000,42.940720000,1376.000
0.343540000,42.940750000,1376.000
0.343490000,42.940750000,1377.000
0.343420000,42.940770000,1377.000
0.343270000,42.940810000,1377.000
0.343030000,42.940870000,1378.000
0.342850000,42.940920000,1379.000
0.342470000,42.941020000,1380.000
0.342130000,42.941120000,1381.000
0.342050000,42.941140000,1382.000
0.341880000,42.941180000,1383.000
0.341650000,42.941230000,1384.000
0.341420000,42.941270000,1385.000
0.341070000,42.941310000,1386.000
0.340770000,42.941350000,1388.000
0.340600000,42.941370000,1389.000
0.340440000,42.941400000,1390.000
0.340290000,42.941420000,1391.000
0.340040000,42.941480000,1392.000
0.339960000,42.941500000,1393.000
0.339840000,42.941530000,1394.000
0.339670000,42.941570000,1395.000
0.339500000,42.941630000,1396.000
0.339330000,42.941680000,1397.000
0.339120000,42.941740000,1399.000
0.339050000,42.941770000,1400.000
0.338900000,42.941810000,1402.000
0.338830000,42.941840000,1403.000
0.338710000,42.941880000,1404.000
0.338620000,42.941910000,1405.000
0.338600000,42.941910000,1406.000
0.338400000,42.941990000,1407.000
0.338390000,42.941990000,1408.000
0.338210000,42.942060000,1410.000
0.338180000,42.942070000,1411.000
0.337990000,42.942150000,1412.000
0.337960000,42.942170000,1413.000
0.337850000,42.942220000,1414.000
0.337760000,42.942280000,1415.000
0.337740000,42.942290000,1416.000
0.337690000,42.942330000,1417.000
0.337660000,42.942370000,1418.000
0.337640000,42.942430000,1418.000
0.337640000,42.942450000,1419.000
0.337580000,42.942630000,1420.000
0.337540000,42.942680000,1421.000
0.337500000,42.942740000,1422.000
0.337470000,42.942760000,1422.000
0.337450000,42.942780000,1423.000
0.337340000,42.942880000,1423.000
0.337320000,42.942900000,1424.000
0.337170000,42.943030000,1424.000
0.337160000,42.943040000,1425.000
0.337140000,42.943050000,1425.000
0.337030000,42.943150000,1426.000
0.337010000,42.943160000,1426.000
0.337000000,42.943170000,1426.000
0.336960000,42.943200000,1426.000
0.336870000,42.943250000,1427.000
0.336790000,42.943270000,1427.000
0.336690000,42.943290000,1427.000
0.336570000,42.943300000,1428.000
0.336460000,42.943300000,1428.000
0.336190000,42.943300000,1429.000
0.336060000,42.943300000,1430.000
0.336040000,42.943300000,1430.000
0.335820000,42.943290000,1431.000
0.335690000,42.943280000,1431.000
0.335590000,42.943280000,1432.000
0.335510000,42.943290000,1433.000
0.335430000,42.943310000,1433.000
0.335320000,42.943320000,1434.000
0.335100000,42.943390000,1435.000
0.334810000,42.943470000,1436.000
0.334650000,42.943520000,1438.000
0.334430000,42.943580000,1439.000
0.334150000,42.943660000,1441.000
0.333920000,42.943740000,1443.000
0.333740000,42.943790000,1444.000
0.333650000,42.943810000,1446.000
0.333500000,42.943840000,1447.000
0.333490000,42.943840000,1448.000
0.333390000,42.943850000,1449.000
0.333300000,42.943850000,1449.000
0.333250000,42.943850000,1450.000
0.333220000,42.943850000,1451.000
0.333100000,42.943850000,1451.000
0.332790000,42.943840000,1452.000
0.332610000,42.943830000,1453.000
0.332540000,42.943830000,1453.000
0.332380000,42.943820000,1454.000
0.332300000,42.943820000,1454.000
0.332270000,42.943810000,1455.000
0.332210000,42.943810000,1455.000
0.332100000,42.943790000,1455.000
0.332060000,42.943780000,1456.000
0.332020000,42.943760000,1456.000
0.331980000,42.943740000,1456.000
0.331950000,42.943720000,1456.000
0.331920000,42.943680000,1456.000
0.331910000,42.943660000,1457.000
0.331870000,42.943560000,1457.000
0.331820000,42.943480000,1457.000
0.331820000,42.943460000,1457.000
0.331810000,42.943450000,1458.000
0.331790000,42.943420000,1458.000
0.331770000,42.943400000,1458.000
0.331740000,42.943380000,1458.000
0.331700000,42.943360000,1458.000
0.331670000,42.943340000,1458.000
0.331650000,42.943340000,1458.000
0.331580000,42.943310000,1459.000
0.331450000,42.943270000,1459.000
0.331420000,42.943260000,1459.000
0.331400000,42.943260000,1459.000
0.331300000,42.943230000,1460.000
0.331210000,42.943180000,1460.000
0.331120000,42.943110000,1460.000
0.331030000,42.943000000,1461.000
0.331010000,42.942970000,1461.000
0.331000000,42.942960000,1461.000
0.330990000,42.942950000,1462.000
0.330960000,42.942930000,1462.000
0.330950000,42.942920000,1462.000
0.330920000,42.942910000,1462.000
0.330900000,42.942910000,1462.000
0.330880000,42.942900000,1462.000
0.330850000,42.942890000,1463.000
0.330810000,42.942890000,1463.000
0.330740000,42.942890000,1463.000
0.330600000,42.942890000,1464.000
0.330450000,42.942890000,1464.000
0.330270000,42.942880000,1465.000
0.329920000,42.942850000,1466.000
0.329710000,42.942830000,1467.000
0.329660000,42.942820000,1468.000
0.329570000,42.942810000,1469.000
0.329500000,42.942800000,1470.000
0.329470000,42.942790000,1470.000
0.329420000,42.942770000,1471.000
0.329320000,42.942730000,1471.000
0.329250000,42.942700000,1472.000
0.329190000,42.942660000,1472.000
0.329080000,42.942610000,1473.000
0.329050000,42.942590000,1473.000
0.329000000,42.942580000,1474.000
0.328950000,42.942560000,1474.000
0.328900000,42.942550000,1474.000
0.328840000,42.942540000,1475.000
0.328780000,42.942520000,1475.000
0.328690000,42.942510000,1476.000
0.328610000,42.942490000,1476.000
0.328560000,42.942480000,1476.000
0.328510000,42.942470000,1476.000
0.328480000,42.942450000,1476.000
0.328440000,42.942440000,1476.000
0.328390000,42.942420000,1477.000
0.328340000,42.942400000,1477.000
0.328270000,42.942380000,1477.000
0.328170000,42.942340000,1477.000
0.328150000,42.942330000,1477.000
0.328120000,42.942320000,1477.000
0.328100000,42.942320000,1477.000
0.328010000,42.942290000,1477.000
0.327960000,42.942280000,1477.000
0.327910000,42.942280000,1477.000
0.327900000,42.942270000,1477.000
0.327890000,42.942270000,1477.000
0.327830000,42.942270000,1477.000
0.327790000,42.942260000,1477.000
0.327750000,42.942270000,1477.000
0.327700000,42.942270000,1477.000
0.327670000,42.942270000,1477.000
0.327650000,42.942270000,1477.000
0.327640000,42.942270000,1477.000
0.327610000,42.942280000,1477.000
0.327560000,42.942280000,1477.000
0.327520000,42.942290000,1477.000
0.327420000,42.942330000,1477.000
0.327340000,42.942370000,1477.000
0.327310000,42.942380000,1477.000
0.327270000,42.942400000,1477.000
0.327240000,42.942420000,1477.000
0.327220000,42.942440000,1477.000
0.327180000,42.942460000,1477.000
0.327140000,42.942490000,1477.000
0.327070000,42.942560000,1477.000
0.326880000,42.942720000,1477.000
0.326870000,42.942730000,1477.000
0.326730000,42.942850000,1477.000
0.326710000,42.942870000,1477.000
0.326600000,42.942950000,1477.000
0.326460000,42.943030000,1477.000
0.326340000,42.943100000,1477.000
0.326180000,42.943170000,1476.000
0.325990000,42.943220000,1476.000
0.325730000,42.943280000,1475.000
0.325660000,42.943290000,1474.000
0.325510000,42.943320000,1474.000
0.325420000,42.943330000,1473.000
0.325170000,42.943370000,1473.000
0.325150000,42.943370000,1472.000
0.324930000,42.943410000,1471.000
0.324860000,42.943420000,1471.000
0.324630000,42.943460000,1470.000
0.324420000,42.943510000,1470.000
0.324270000,42.943540000,1469.000
0.324160000,42.943560000,1468.000
0.323990000,42.943570000,1467.000
0.323980000,42.943580000,1467.000
0.323800000,42.943590000,1466.000
0.323740000,42.943590000,1465.000
0.323600000,42.943600000,1464.000
0.323390000,42.943620000,1463.000
0.323260000,42.943640000,1462.000
0.323180000,42.943660000,1461.000
0.323050000,42.943710000,1461.000
0.322880000,42.943780000,1459.000
0.322830000,42.943820000,1459.000
0.322650000,42.943920000,1457.000
0.322630000,42.943930000,1457.000
0.322470000,42.944020000,1456.000
0.322310000,42.944090000,1455.000
0.322090000,42.944170000,1453.000
0.321830000,42.944280000,1452.000
0.321150000,42.944560000,1451.000
0.320730000,42.944730000,1450.000
0.320590000,42.944790000,1450.000
0.320310000,42.944910000,1450.000
0.320010000,42.945050000,1450.000
0.319690000,42.945230000,1450.000
0.319440000,42.945380000,1449.000
0.319430000,42.945390000,1448.000
0.319210000,42.945540000,1447.000
0.319150000,42.945570000,1446.000
0.319090000,42.945600000,1444.000
0.319000000,42.945630000,1443.000
0.318930000,42.945650000,1442.000
0.318760000,42.945690000,1441.000
0.318520000,42.945760000,1439.000
0.318200000,42.945860000,1437.000
0.318190000,42.945860000,1435.000
0.317940000,42.945970000,1433.000
0.317840000,42.946010000,1431.000
0.317630000,42.946110000,1429.000
0.317580000,42.946150000,1428.000
0.317540000,42.946170000,1427.000
0.317510000,42.946200000,1426.000
0.317430000,42.946280000,1425.000
0.317360000,42.946400000,1424.000
0.317270000,42.946490000,1424.000
0.317250000,42.946500000,1423.000
0.317210000,42.946510000,1423.000
0.317180000,42.946520000,1422.000
0.317140000,42.946520000,1422.000
0.317070000,42.946520000,1422.000
0.317050000,42.946510000,1422.000
0.317020000,42.946500000,1422.000
0.316950000,42.946480000,1421.000
0.316860000,42.946420000,1421.000
0.316700000,42.946320000,1421.000
0.316680000,42.946310000,1420.000
0.316510000,42.946210000,1420.000
0.316460000,42.946180000,1419.000
0.316400000,42.946130000,1419.000
0.316350000,42.946080000,1418.000
0.316350000,42.946060000,1418.000
0.316300000,42.945980000,1418.000
0.316220000,42.945860000,1417.000
0.316170000,42.945800000,1417.000
0.316060000,42.945700000,1416.000
0.315940000,42.945590000,1416.000
0.315820000,42.945500000,1415.000
0.315660000,42.945380000,1414.000
0.315480000,42.945270000,1413.000
0.315310000,42.945140000,1411.000
0.315200000,42.945070000,1410.000
0.315090000,42.944990000,1409.000
0.314970000,42.944920000,1408.000
0.314900000,42.944880000,1407.000
0.314890000,42.944870000,1406.000
0.314790000,42.944820000,1405.000
0.314650000,42.944780000,1405.000
0.314460000,42.944730000,1404.000
0.314330000,42.944690000,1403.000
0.314220000,42.944650000,1402.000
0.314050000,42.944560000,1401.000
0.313800000,42.944450000,1399.000
0.313610000,42.944370000,1398.000
0.313520000,42.944330000,1397.000
0.313510000,42.944320000,1397.000
0.313510000,42.944320000,1397.000
0.313400000,42.944270000,1396.000
0.313310000,42.944230000,1396.000
0.313100000,42.944140000,1396.000
0.312940000,42.944050000,1395.000
0.312820000,42.943980000,1395.000
0.312730000,42.943920000,1395.000
0.312630000,42.943820000,1394.000
0.312520000,42.943680000,1394.000
0.312510000,42.943680000,1394.000
0.312440000,42.943590000,1393.000
0.312380000,42.943530000,1393.000
0.312280000,42.943450000,1393.000
0.312120000,42.943360000,1393.000
0.311960000,42.943250000,1392.000
0.311830000,42.943160000,1392.000
0.311740000,42.943090000,1391.000
0.311650000,42.943010000,1390.000
0.311580000,42.942940000,1390.000
0.311550000,42.942900000,1389.000
0.311530000,42.942860000,1389.000
0.311520000,42.942810000,1388.000
0.311520000,42.942730000,1388.000
0.311520000,42.942700000,1388.000
0.311540000,42.942570000,1387.000
0.311530000,42.942550000,1387.000
0.311530000,42.942530000,1386.000
0.311520000,42.942510000,1386.000
0.311500000,42.942490000,1386.000
0.311470000,42.942480000,1386.000
0.311450000,42.942470000,1385.000
0.311420000,42.942460000,1385.000
0.311390000,42.942450000,1385.000
0.311350000,42.942440000,1385.000
0.311320000,42.942440000,1385.000
0.311290000,42.942430000,1384.000
0.311070000,42.942440000,1384.000
0.311020000,42.942440000,1384.000
0.310830000,42.942450000,1383.000
0.310730000,42.942460000,1382.000
0.310460000,42.942470000,1382.000
0.310010000,42.942510000,1380.000
0.309850000,42.942520000,1379.000
0.309740000,42.942530000,1378.000
0.309600000,42.942540000,1376.000
0.309450000,42.942550000,1375.000
0.308940000,42.942610000,1373.000
0.308360000,42.942710000,1369.000
0.308120000,42.942760000,1366.000
0.307930000,42.942810000,1364.000
0.307890000,42.942820000,1362.000
0.307710000,42.942890000,1360.000
0.307700000,42.942890000,1359.000
0.307540000,42.942940000,1357.000
0.307310000,42.943030000,1356.000
0.307190000,42.943070000,1356.000
0.307160000,42.943080000,1355.000
0.307120000,42.943080000,1355.000
0.307090000,42.943080000,1355.000
0.307050000,42.943080000,1355.000
0.307030000,42.943080000,1354.000
0.307020000,42.943080000,1354.000
0.307000000,42.943080000,1354.000
0.306990000,42.943080000,1354.000
0.306970000,42.943060000,1354.000
0.306940000,42.943050000,1354.000
0.306920000,42.943030000,1354.000
0.306910000,42.943010000,1354.000
0.306890000,42.942980000,1354.000
0.306850000,42.942900000,1354.000
0.306830000,42.942880000,1354.000
0.306800000,42.942860000,1354.000
0.306760000,42.942830000,1354.000
0.306680000,42.942810000,1354.000
0.306600000,42.942800000,1354.000
0.306460000,42.942790000,1354.000
0.305670000,42.942820000,1354.000
0.305580000,42.942820000,1354.000
0.305510000,42.942820000,1354.000
0.305440000,42.942810000,1354.000
0.305410000,42.942790000,1354.000
0.305380000,42.942770000,1354.000
0.305350000,42.942730000,1354.000
0.305340000,42.942700000,1353.000
0.305340000,42.942660000,1353.000
0.305340000,42.942610000,1353.000
0.305350000,42.942500000,1352.000
0.305350000,42.942440000,1352.000
0.305330000,42.942400000,1351.000
0.305310000,42.942370000,1351.000
0.305290000,42.942350000,1350.000
0.305250000,42.942330000,1350.000
0.305220000,42.942310000,1349.000
0.305180000,42.942300000,1349.000
0.305150000,42.942290000,1349.000
0.305110000,42.942280000,1348.000
0.305050000,42.942270000,1348.000
0.305020000,42.942260000,1348.000
0.304970000,42.942260000,1347.000
0.304910000,42.942250000,1347.000
0.304820000,42.942240000,1347.000
0.304780000,42.942240000,1346.000
0.304770000,42.942240000,1346.000
0.304720000,42.942230000,1345.000
0.304680000,42.942220000,1345.000
0.304640000,42.942210000,1345.000
0.304610000,42.942190000,1344.000
0.304560000,42.942170000,1344.000
0.304550000,42.942170000,1344.000
0.304470000,42.942120000,1343.000
0.304280000,42.942020000,1342.000
0.304180000,42.941980000,1342.000
0.304070000,42.941940000,1341.000
0.303960000,42.941900000,1340.000
0.303850000,42.941870000,1339.000
0.303710000,42.941830000,1338.000
0.303630000,42.941810000,1337.000
0.303590000,42.941800000,1336.000
0.303540000,42.941780000,1336.000
0.303470000,42.941760000,1335.000
0.303350000,42.941670000,1334.000
0.303310000,42.941640000,1333.000
0.303280000,42.941620000,1332.000
0.303230000,42.941590000,1332.000
0.303190000,42.941570000,1331.000
0.303100000,42.941540000,1330.000
0.303030000,42.941510000,1330.000
0.302930000,42.941490000,1329.000
0.302840000,42.941480000,1328.000
0.302740000,42.941470000,1327.000
0.302700000,42.941460000,1326.000
0.302620000,42.941460000,1325.000
0.302580000,42.941450000,1325.000
0.302550000,42.941440000,1324.000
0.302520000,42.941430000,1324.000
0.302500000,42.941410000,1323.000
0.302380000,42.941320000,1322.000
0.302360000,42.941300000,1322.000
0.302340000,42.941290000,1321.000
0.302290000,42.941250000,1320.000
0.302200000,42.941180000,1320.000
0.302150000,42.941150000,1319.000
0.302120000,42.941110000,1318.000
0.302100000,42.941090000,1317.000
0.302090000,42.941050000,1317.000
0.302080000,42.941010000,1316.000
0.302070000,42.940960000,1316.000
0.302060000,42.940920000,1315.000
0.302050000,42.940880000,1314.000
0.302040000,42.940850000,1314.000
0.302030000,42.940810000,1313.000
0.301990000,42.940760000,1313.000
0.301920000,42.940700000,1312.000
0.301860000,42.940650000,1311.000
0.301770000,42.940600000,1310.000
0.301670000,42.940540000,1309.000
0.301590000,42.940500000,1308.000
0.301470000,42.940460000,1307.000
0.301380000,42.940440000,1306.000
0.301320000,42.940420000,1305.000
0.301250000,42.940400000,1304.000
0.301200000,42.940380000,1304.000
0.301110000,42.940330000,1303.000
0.301060000,42.940300000,1302.000
0.301050000,42.940300000,1301.000
0.300970000,42.940250000,1301.000
0.300860000,42.940180000,1300.000
0.300720000,42.940130000,1299.000
0.300520000,42.940060000,1297.000
0.300490000,42.940050000,1296.000
0.300450000,42.940030000,1295.000
0.300440000,42.940020000,1295.000
0.300430000,42.940020000,1294.000
0.300410000,42.940010000,1294.000
0.300400000,42.939990000,1293.000
0.300390000,42.939980000,1293.000
0.300380000,42.939950000,1293.000
0.300380000,42.939860000,1292.000
0.300380000,42.939690000,1291.000
0.300370000,42.939680000,1290.000
0.300370000,42.939660000,1290.000
0.300360000,42.939630000,1289.000
0.300350000,42.939610000,1288.000
0.300330000,42.939590000,1288.000
0.300310000,42.939570000,1288.000
0.300290000,42.939550000,1287.000
0.300270000,42.939540000,1287.000
0.300240000,42.939530000,1287.000
0.300230000,42.939530000,1286.000
0.300190000,42.939520000,1286.000
0.300140000,42.939510000,1286.000
0.300090000,42.939500000,1285.000
0.300040000,42.939490000,1285.000
0.300010000,42.939490000,1285.000
0.300000000,42.939490000,1285.000
0.299950000,42.939490000,1284.000
0.299910000,42.939490000,1284.000
0.299790000,42.939480000,1283.000
0.299760000,42.939480000,1283.000
0.299650000,42.939480000,1282.000
0.299590000,42.939480000,1282.000
0.299520000,42.939470000,1281.000
0.299480000,42.939470000,1281.000
0.299450000,42.939460000,1281.000
0.299390000,42.939450000,1280.000
0.299340000,42.939420000,1280.000
0.299300000,42.939390000,1279.000
0.299290000,42.939380000,1279.000
0.299250000,42.939360000,1279.000
0.299230000,42.939330000,1278.000
0.299210000,42.939300000,1278.000
0.299180000,42.939260000,1278.000
0.299170000,42.939240000,1277.000
0.299160000,42.939220000,1277.000
0.299140000,42.939190000,1277.000
0.299100000,42.939150000,1276.000
0.299070000,42.939130000,1276.000
0.299040000,42.939110000,1276.000
0.299010000,42.939090000,1275.000
0.298980000,42.939080000,1275.000
0.298920000,42.939060000,1275.000
0.298850000,42.939060000,1274.000
0.298790000,42.939060000,1274.000
0.298790000,42.939050000,1273.000
0.298660000,42.939060000,1273.000
0.298550000,42.939060000,1272.000
0.298530000,42.939070000,1272.000
0.298390000,42.939090000,1271.000
0.298310000,42.939110000,1270.000
0.298230000,42.939120000,1270.000
0.298060000,42.939170000,1269.000
0.297750000,42.939280000,1267.000
0.297560000,42.939340000,1266.000
0.297450000,42.939380000,1265.000
0.297410000,42.939400000,1264.000
0.297320000,42.939440000,1264.000
0.297190000,42.939500000,1263.000
0.297120000,42.939550000,1262.000
0.297020000,42.939620000,1262.000
0.296960000,42.939670000,1261.000
0.296890000,42.939740000,1261.000
0.296860000,42.939770000,1260.000
0.296830000,42.939810000,1260.000
0.296650000,42.940200000,1259.000
0.296630000,42.940220000,1258.000
0.296630000,42.940230000,1258.000
0.296610000,42.940260000,1257.000
0.296570000,42.940280000,1257.000
0.296530000,42.940310000,1257.000
0.296500000,42.940320000,1256.000
0.296480000,42.940330000,1256.000
0.296450000,42.940330000,1256.000
0.296410000,42.940340000,1256.000
0.296300000,42.940350000,1255.000
0.296190000,42.940360000,1255.000
0.296180000,42.940370000,1255.000
0.296120000,42.940380000,1255.000
0.296070000,42.940390000,1254.000
0.296020000,42.940410000,1254.000
0.295930000,42.940440000,1254.000
0.295770000,42.940510000,1253.000
0.295750000,42.940520000,1252.000
0.295540000,42.940610000,1252.000
0.295170000,42.940790000,1250.000
0.294910000,42.940890000,1248.000
0.294830000,42.940920000,1247.000
0.294530000,42.941020000,1245.000
0.294420000,42.941060000,1244.000
0.294310000,42.941120000,1243.000
0.294190000,42.941190000,1241.000
0.294070000,42.941260000,1240.000
0.293900000,42.941380000,1239.000
0.293700000,42.941520000,1238.000
0.293380000,42.941760000,1235.000
0.293200000,42.941910000,1233.000
0.293130000,42.941980000,1232.000
0.293070000,42.942050000,1230.000
0.293010000,42.942170000,1229.000
0.292930000,42.942330000,1227.000
0.292920000,42.942350000,1226.000
0.292900000,42.942370000,1226.000
0.292800000,42.942440000,1225.000
0.292780000,42.942460000,1224.000
0.292760000,42.942470000,1224.000
0.292740000,42.942480000,1223.000
0.292720000,42.942480000,1223.000
0.292690000,42.942490000,1223.000
0.292670000,42.942490000,1222.000
0.292660000,42.942490000,1222.000
0.292630000,42.942490000,1222.000
0.292610000,42.942480000,1222.000
0.292570000,42.942470000,1222.000
0.292550000,42.942470000,1221.000
0.292540000,42.942460000,1221.000
0.292510000,42.942440000,1221.000
0.292490000,42.942420000,1221.000
0.292470000,42.942390000,1221.000
0.292470000,42.942370000,1220.000
0.292470000,42.942360000,1220.000
0.292470000,42.942320000,1220.000
0.292480000,42.942230000,1219.000
0.292550000,42.941930000,1218.000
0.292600000,42.941770000,1217.000
0.292640000,42.941640000,1216.000
0.292690000,42.941510000,1215.000
0.292790000,42.941290000,1214.000
0.292940000,42.940950000,1213.000
0.292980000,42.940870000,1212.000
0.293000000,42.940820000,1211.000
0.293010000,42.940810000,1210.000
0.293020000,42.940780000,1209.000
0.293050000,42.940750000,1209.000
0.293100000,42.940700000,1209.000
0.293140000,42.940660000,1208.000
0.293160000,42.940640000,1208.000
0.293250000,42.940570000,1208.000
0.293270000,42.940550000,1207.000
0.293310000,42.940520000,1207.000
0.293320000,42.940500000,1206.000
0.293340000,42.940470000,1206.000
0.293340000,42.940460000,1206.000
0.293340000,42.940440000,1205.000
0.293340000,42.940420000,1205.000
0.293340000,42.940410000,1205.000
0.293330000,42.940390000,1205.000
0.293320000,42.940380000,1204.000
0.293300000,42.940370000,1204.000
0.293290000,42.940370000,1204.000
0.293190000,42.940360000,1203.000
0.293170000,42.940360000,1203.000
0.293150000,42.940360000,1203.000
0.293140000,42.940370000,1202.000
0.293130000,42.940370000,1202.000
0.293110000,42.940370000,1202.000
0.293090000,42.940380000,1202.000
0.293070000,42.940390000,1202.000
0.293050000,42.940400000,1201.000
0.293040000,42.940410000,1201.000
0.293030000,42.940420000,1201.000
0.293010000,42.940440000,1201.000
0.292980000,42.940480000,1200.000
0.292950000,42.940510000,1200.000
0.292920000,42.940540000,1199.000
0.292890000,42.940570000,1199.000
0.292850000,42.940610000,1198.000
0.292820000,42.940630000,1198.000
0.292780000,42.940650000,1197.000
0.292690000,42.940700000,1197.000
0.292560000,42.940780000,1196.000
0.292500000,42.940820000,1195.000
0.292260000,42.940960000,1193.000
0.291910000,42.941140000,1190.000
0.291710000,42.941250000,1188.000
0.291460000,42.941380000,1185.000
0.291320000,42.941460000,1183.000
0.291230000,42.941520000,1181.000
0.291150000,42.941580000,1180.000
0.291150000,42.941590000,1179.000
0.290910000,42.941780000,1177.000
0.290760000,42.941900000,1176.000
0.290680000,42.941990000,1175.000
0.290620000,42.942060000,1174.000
0.290570000,42.942140000,1173.000
0.290560000,42.942160000,1172.000
0.290550000,42.942190000,1172.000
0.290530000,42.942250000,1171.000
0.290520000,42.942290000,1171.000
0.290520000,42.942330000,1170.000
0.290510000,42.942340000,1170.000
0.290510000,42.942370000,1170.000
0.290510000,42.942580000,1169.000
0.290500000,42.942650000,1168.000
0.290490000,42.942690000,1168.000
0.290470000,42.942710000,1167.000
0.290460000,42.942720000,1167.000
0.290450000,42.942730000,1167.000
0.290440000,42.942730000,1166.000
0.290430000,42.942740000,1166.000
0.290420000,42.942740000,1166.000
0.290400000,42.942740000,1166.000
0.290360000,42.942740000,1166.000
0.290350000,42.942740000,1166.000
0.290330000,42.942740000,1165.000
0.290320000,42.942730000,1165.000
0.290290000,42.942720000,1165.000
0.290280000,42.942720000,1165.000
0.290260000,42.942710000,1165.000
0.290240000,42.942690000,1165.000
0.290220000,42.942660000,1165.000
0.290200000,42.942630000,1164.000
0.290190000,42.942590000,1164.000
0.290180000,42.942430000,1164.000
0.290180000,42.942380000,1163.000
0.290160000,42.942200000,1163.000
0.290150000,42.942040000,1162.000
0.290120000,42.941790000,1161.000
0.290100000,42.941510000,1160.000
0.290100000,42.941350000,1159.000
0.290110000,42.941300000,1158.000
0.290110000,42.941290000,1158.000
0.290120000,42.941240000,1157.000
0.290130000,42.941180000,1157.000
0.290140000,42.941130000,1156.000
0.290150000,42.941120000,1156.000
0.290150000,42.941110000,1156.000
0.290170000,42.941090000,1156.000
0.290190000,42.941050000,1155.000
0.290220000,42.941020000,1155.000
0.290260000,42.940990000,1155.000
0.290300000,42.940960000,1155.000
0.290460000,42.940880000,1154.000
0.290480000,42.940870000,1154.000
0.290500000,42.940850000,1154.000
0.290510000,42.940840000,1153.000
0.290520000,42.940820000,1153.000
0.290520000,42.940800000,1153.000
0.290530000,42.940770000,1152.000
0.290530000,42.940740000,1152.000
0.290520000,42.940720000,1152.000
0.290520000,42.940710000,1151.000
0.290510000,42.940700000,1151.000
0.290500000,42.940690000,1151.000
0.290480000,42.940690000,1151.000
0.290460000,42.940680000,1151.000
0.290430000,42.940670000,1150.000
0.290400000,42.940660000,1150.000
0.290370000,42.940660000,1150.000
0.290330000,42.940670000,1149.000
0.290290000,42.940670000,1149.000
0.290280000,42.940680000,1149.000
0.290250000,42.940680000,1149.000
0.290190000,42.940700000,1148.000
0.289970000,42.940780000,1147.000
0.289770000,42.940850000,1146.000
0.289540000,42.940940000,1144.000
0.289470000,42.940960000,1142.000
0.289420000,42.940990000,1141.000
0.289330000,42.941040000,1140.000
0.289260000,42.941080000,1139.000
0.289170000,42.941140000,1138.000
0.289080000,42.941220000,1136.000
0.288970000,42.941330000,1135.000
0.288910000,42.941390000,1134.000
0.288870000,42.941440000,1133.000
0.288790000,42.941560000,1131.000
0.288750000,42.941620000,1130.000
0.288700000,42.941720000,1129.000
0.288570000,42.941970000,1128.000
0.288480000,42.942160000,1127.000
0.288460000,42.942210000,1126.000
0.288450000,42.942260000,1125.000
0.288440000,42.942300000,1125.000
0.288430000,42.942340000,1125.000
0.288420000,42.942370000,1124.000
0.288420000,42.942420000,1124.000
0.288410000,42.942460000,1124.000
0.288410000,42.942560000,1123.000
0.288420000,42.942610000,1123.000
0.288430000,42.942700000,1122.000
0.288460000,42.942890000,1122.000
0.288490000,42.943070000,1121.000
0.288500000,42.943130000,1120.000
0.288520000,42.943210000,1120.000
0.288550000,42.943300000,1119.000
0.288580000,42.943370000,1119.000
0.288610000,42.943440000,1118.000
0.288640000,42.943490000,1117.000
0.288680000,42.943540000,1117.000
0.288780000,42.943660000,1116.000
0.289000000,42.943880000,1115.000
0.289020000,42.943920000,1114.000
0.289030000,42.943940000,1113.000
0.289040000,42.943970000,1113.000
0.289050000,42.944000000,1112.000
0.289050000,42.944060000,1112.000
0.289040000,42.944100000,1112.000
0.289020000,42.944120000,1111.000
0.288990000,42.944150000,1111.000
0.288950000,42.944190000,1111.000
0.288900000,42.944210000,1110.000
0.288840000,42.944240000,1110.000
0.288770000,42.944260000,1109.000
0.288710000,42.944270000,1109.000
0.288650000,42.944290000,1109.000
0.288590000,42.944300000,1108.000
0.288510000,42.944300000,1108.000
0.288390000,42.944310000,1107.000
0.288380000,42.944310000,1107.000
0.288370000,42.944310000,1107.000
0.288260000,42.944310000,1106.000
0.288080000,42.944290000,1106.000
0.287970000,42.944280000,1105.000
0.287880000,42.944250000,1104.000
0.287840000,42.944240000,1104.000
0.287790000,42.944220000,1103.000
0.287720000,42.944190000,1103.000
0.287550000,42.944100000,1103.000
0.287370000,42.944000000,1102.000
0.287310000,42.943970000,1102.000
0.287180000,42.943890000,1102.000
0.287110000,42.943850000,1101.000
0.286770000,42.943660000,1101.000
0.286600000,42.943560000,1100.000
0.286500000,42.943490000,1100.000
0.285610000,42.943020000,1099.000
0.285540000,42.942980000,1098.000
0.285490000,42.942960000,1097.000
0.285470000,42.942950000,1097.000
0.285400000,42.942930000,1097.000
0.285350000,42.942910000,1096.000
0.285320000,42.942900000,1096.000
0.285280000,42.942890000,1096.000
0.285270000,42.942890000,1096.000
0.285250000,42.942880000,1096.000
0.285200000,42.942870000,1096.000
0.285140000,42.942860000,1096.000
0.285090000,42.942850000,1095.000
0.284900000,42.942830000,1095.000
0.284780000,42.942820000,1095.000
0.284670000,42.942820000,1095.000
0.284300000,42.942810000,1094.000
0.283640000,42.942800000,1094.000
0.282840000,42.942780000,1093.000
0.282660000,42.942780000,1092.000
0.282550000,42.942790000,1091.000
0.282450000,42.942800000,1091.000
0.282420000,42.942810000,1090.000
0.282370000,42.942810000,1090.000
0.282300000,42.942830000,1090.000
0.282220000,42.942840000,1090.000
0.282170000,42.942850000,1090.000
0.282100000,42.942880000,1090.000
0.282010000,42.942920000,1089.000
0.281960000,42.942940000,1089.000
0.281850000,42.942990000,1089.000
0.281660000,42.943080000,1089.000
0.281470000,42.943190000,1089.000
0.281390000,42.943230000,1088.000
0.281360000,42.943240000,1088.000
0.281330000,42.943260000,1088.000
0.281270000,42.943280000,1088.000
0.281240000,42.943290000,1088.000
0.281150000,42.943320000,1088.000
0.281030000,42.943350000,1088.000
0.280930000,42.943370000,1087.000
0.280840000,42.943390000,1087.000
0.280770000,42.943400000,1087.000
0.280590000,42.943420000,1087.000
0.280540000,42.943430000,1087.000
0.280430000,42.943450000,1087.000
0.280360000,42.943470000,1086.000
0.280190000,42.943520000,1086.000
0.279990000,42.943580000,1086.000
0.279930000,42.943600000,1086.000
0.279840000,42.943620000,1086.000
0.279760000,42.943630000,1085.000
0.279730000,42.943630000,1085.000
0.279660000,42.943640000,1085.000
0.279570000,42.943640000,1085.000
0.279480000,42.943640000,1085.000
0.279250000,42.943640000,1085.000
0.278940000,42.943620000,1084.000
0.278750000,42.943600000,1084.000
0.278610000,42.943590000,1084.000
0.278330000,42.943580000,1084.000
0.278080000,42.943590000,1083.000
0.278020000,42.943600000,1083.000
0.277950000,42.943600000,1083.000
0.277900000,42.943610000,1083.000
0.277850000,42.943630000,1083.000
0.277760000,42.943650000,1083.000
0.277600000,42.943700000,1083.000
0.277520000,42.943720000,1083.000
0.277430000,42.943750000,1083.000
0.277330000,42.943780000,1083.000
0.277160000,42.943850000,1083.000
0.277130000,42.943860000,1083.000
0.276980000,42.943910000,1083.000
0.276920000,42.943940000,1083.000
0.276860000,42.943970000,1083.000
0.276780000,42.944010000,1083.000
0.276540000,42.944180000,1083.000
0.276380000,42.944310000,1083.000
0.276310000,42.944350000,1083.000
0.276230000,42.944410000,1083.000
0.276160000,42.944450000,1083.000
0.276100000,42.944480000,1083.000
0.276040000,42.944520000,1083.000
0.276000000,42.944530000,1083.000
0.275950000,42.944550000,1083.000
0.275860000,42.944590000,1083.000
0.275750000,42.944620000,1083.000
0.275630000,42.944650000,1083.000
0.275620000,42.944650000,1083.000
0.275390000,42.944700000,1082.000
0.275270000,42.944720000,1082.000
0.275140000,42.944750000,1082.000
0.275040000,42.944770000,1081.000
0.274870000,42.944830000,1081.000
0.274700000,42.944890000,1080.000
0.274520000,42.944960000,1080.000
0.274480000,42.944970000,1080.000
0.274040000,42.945130000,1079.000
0.273960000,42.945150000,1078.000
0.273890000,42.945170000,1078.000
0.273730000,42.945220000,1077.000
0.273040000,42.945400000,1078.000
0.272790000,42.945480000,1079.000
0.272620000,42.945540000,1079.000
0.272400000,42.945630000,1080.000
0.272300000,42.945700000,1081.000
0.272210000,42.945760000,1081.000
0.272150000,42.945810000,1082.000
0.272110000,42.945850000,1082.000
0.272070000,42.945890000,1083.000
0.271990000,42.946010000,1083.000
0.271920000,42.946120000,1084.000
0.271880000,42.946200000,1084.000
0.271850000,42.946220000,1085.000
0.271820000,42.946270000,1085.000
0.271750000,42.946330000,1085.000
0.271440000,42.946650000,1084.000
0.271200000,42.946910000,1082.000
0.271080000,42.947070000,1081.000
0.270940000,42.947290000,1079.000
0.270790000,42.947560000,1077.000
0.270740000,42.947690000,1076.000
0.270690000,42.947800000,1074.000
0.270610000,42.948070000,1073.000
0.270580000,42.948220000,1071.000
0.270580000,42.948250000,1071.000
0.270570000,42.948370000,1070.000
0.270570000,42.948390000,1069.000
0.270570000,42.948570000,1069.000
0.270570000,42.948590000,1068.000
0.270560000,42.948750000,1068.000
0.270560000,42.948760000,1067.000
0.270540000,42.948870000,1067.000
0.270500000,42.948930000,1066.000
0.270490000,42.948930000,1066.000
0.270440000,42.949000000,1066.000
0.270350000,42.949100000,1066.000
0.270220000,42.949190000,1065.000
0.270000000,42.949320000,1065.000
0.269920000,42.949370000,1064.000
0.269660000,42.949510000,1063.000
0.269530000,42.949570000,1063.000
0.269370000,42.949650000,1062.000
0.269250000,42.949700000,1062.000
0.269150000,42.949750000,1061.000
0.269050000,42.949780000,1061.000
0.268980000,42.949810000,1061.000
0.268940000,42.949820000,1061.000
0.268900000,42.949820000,1060.000
0.268860000,42.949830000,1060.000
0.268800000,42.949840000,1060.000
0.268670000,42.949830000,1060.000
0.268610000,42.949820000,1060.000
0.268520000,42.949810000,1060.000
0.268390000,42.949790000,1059.000
0.268260000,42.949780000,1059.000
0.268180000,42.949780000,1059.000
0.268100000,42.949790000,1059.000
0.268050000,42.949800000,1059.000
0.268030000,42.949810000,1059.000
0.268000000,42.949820000,1059.000
0.267950000,42.949830000,1058.000
0.267900000,42.949860000,1058.000
0.267860000,42.949880000,1058.000
0.267830000,42.949910000,1058.000
0.267810000,42.949930000,1058.000
0.267750000,42.950000000,1058.000
0.267700000,42.950060000,1058.000
0.267690000,42.950080000,1058.000
0.267630000,42.950170000,1057.000
0.267600000,42.950230000,1057.000
0.267570000,42.950260000,1057.000
0.267460000,42.950370000,1057.000
0.267270000,42.950520000,1056.000
0.267210000,42.950580000,1056.000
0.267190000,42.950600000,1056.000
0.267140000,42.950660000,1056.000
0.267080000,42.950720000,1055.000
0.267070000,42.950730000,1055.000
0.267000000,42.950820000,1055.000
0.266960000,42.950890000,1054.000
0.266910000,42.950950000,1054.000
0.266850000,42.951050000,1054.000
0.266830000,42.951080000,1053.000
0.266790000,42.951120000,1053.000
0.266760000,42.951150000,1053.000
0.266720000,42.951180000,1053.000
0.266640000,42.951230000,1053.000
0.266570000,42.951270000,1052.000
0.266500000,42.951300000,1052.000
0.266380000,42.951330000,1052.000
0.266300000,42.951350000,1051.000
0.266240000,42.951360000,1051.000
0.266190000,42.951370000,1051.000
0.266110000,42.951380000,1051.000
0.265990000,42.951390000,1050.000
0.265910000,42.951390000,1050.000
0.265820000,42.951400000,1050.000
0.265800000,42.951400000,1050.000
0.265550000,42.951400000,1049.000
0.265500000,42.951400000,1049.000
0.265320000,42.951420000,1048.000
0.265310000,42.951430000,1047.000
0.265150000,42.951460000,1046.000
0.265050000,42.951490000,1045.000
0.264970000,42.951520000,1044.000
0.264880000,42.951560000,1043.000
0.264860000,42.951570000,1042.000
0.264800000,42.951600000,1041.000
0.264720000,42.951650000,1040.000
0.264680000,42.951680000,1039.000
0.264640000,42.951710000,1039.000
0.264510000,42.951840000,1037.000
0.264400000,42.951940000,1036.000
0.264300000,42.952020000,1034.000
0.264190000,42.952080000,1033.000
0.264020000,42.952140000,1031.000
0.263840000,42.952190000,1029.000
0.263710000,42.952230000,1027.000
0.263700000,42.952230000,1026.000
0.263500000,42.952280000,1025.000
0.263250000,42.952350000,1023.000
0.263110000,42.952400000,1022.000
0.262980000,42.952450000,1021.000
0.262630000,42.952590000,1019.000
0.262580000,42.952610000,1018.000
0.262090000,42.952810000,1017.000
0.261940000,42.952880000,1015.000
0.261720000,42.952980000,1014.000
0.261680000,42.953000000,1013.000
0.261480000,42.953110000,1012.000
0.261270000,42.953210000,1011.000
0.260930000,42.953390000,1010.000
0.260740000,42.953480000,1009.000
0.260640000,42.953540000,1008.000
0.260570000,42.953570000,1007.000
0.260540000,42.953590000,1007.000
0.260480000,42.953640000,1007.000
0.260420000,42.953700000,1006.000
0.260370000,42.953760000,1006.000
0.260320000,42.953850000,1006.000
0.260230000,42.953990000,1005.000
0.260150000,42.954160000,1005.000
0.260080000,42.954300000,1004.000
0.259990000,42.954540000,1004.000
0.259800000,42.955060000,1003.000
0.259750000,42.955150000,1002.000
0.259730000,42.955190000,1001.000
0.259660000,42.955310000,1000.000
0.259650000,42.955320000,1000.000
0.259610000,42.955370000,999.000
0.259600000,42.955390000,999.000
0.259560000,42.955430000,999.000
0.259520000,42.955480000,998.000
0.259460000,42.955540000,998.000
0.259320000,42.955600000,998.000
0.259270000,42.955620000,997.000
0.259210000,42.955640000,997.000
0.259120000,42.955680000,996.000
0.258640000,42.955820000,995.000
0.258530000,42.955870000,995.000
0.258440000,42.955910000,994.000
0.258350000,42.955960000,993.000
0.258240000,42.956020000,993.000
0.258210000,42.956030000,992.000
0.258160000,42.956060000,992.000
0.258070000,42.956120000,991.000
0.258030000,42.956150000,991.000
0.258010000,42.956170000,991.000
0.257920000,42.956240000,990.000
0.257820000,42.956320000,990.000
0.257680000,42.956460000,989.000
0.257440000,42.956730000,989.000
0.257330000,42.956840000,988.000
0.257300000,42.956870000,987.000
0.256980000,42.957200000,986.000
0.256870000,42.957310000,986.000
0.256600000,42.957450000,985.000
0.256420000,42.957540000,984.000
0.256210000,42.957680000,983.000
0.256080000,42.957780000,983.000
0.255930000,42.957900000,982.000
0.255500000,42.958320000,982.000
0.255430000,42.958390000,982.000
0.255420000,42.958400000,981.000
0.255370000,42.958450000,981.000
0.255290000,42.958540000,981.000
0.255170000,42.958680000,981.000
0.254910000,42.958980000,981.000
0.254790000,42.959140000,981.000
0.254660000,42.959310000,980.000
0.254570000,42.959420000,980.000
0.254540000,42.959450000,979.000
0.254510000,42.959480000,979.000
0.254500000,42.959490000,979.000
0.254350000,42.959620000,978.000
0.254190000,42.959760000,978.000
0.254030000,42.959890000,977.000
0.253970000,42.959950000,977.000
0.253870000,42.960020000,976.000
0.253610000,42.960200000,975.000
0.253490000,42.960280000,974.000
0.253350000,42.960370000,974.000
0.253200000,42.960470000,973.000
0.252990000,42.960620000,972.000
0.252790000,42.960780000,971.000
0.252470000,42.961030000,970.000
0.252440000,42.961060000,969.000
0.252330000,42.961140000,968.000
0.252290000,42.961170000,967.000
0.252180000,42.961270000,966.000
0.252130000,42.961300000,966.000
0.252110000,42.961320000,965.000
0.252030000,42.961380000,965.000
0.251630000,42.961700000,963.000
0.251610000,42.961720000,962.000
0.251600000,42.961720000,962.000
0.251490000,42.961800000,961.000
0.251450000,42.961830000,961.000
0.251440000,42.961840000,960.000
0.251380000,42.961880000,960.000
0.251290000,42.961930000,959.000
0.251160000,42.962010000,959.000
0.250880000,42.962160000,958.000
0.250660000,42.962290000,958.000
0.250390000,42.962460000,957.000
0.250230000,42.962550000,956.000
0.250130000,42.962600000,956.000
0.250040000,42.962650000,956.000
0.250000000,42.962670000,955.000
0.249950000,42.962690000,955.000
0.249850000,42.962730000,955.000
0.249720000,42.962790000,954.000
0.249570000,42.962850000,954.000
0.249390000,42.962920000,954.000
0.249260000,42.962980000,953.000
0.249090000,42.963070000,953.000
0.248930000,42.963160000,952.000
0.248790000,42.963250000,952.000
0.248670000,42.963330000,951.000
0.248620000,42.963370000,951.000
0.248570000,42.963390000,951.000
0.248520000,42.963410000,950.000
0.248500000,42.963420000,950.000
0.248440000,42.963440000,950.000
0.248330000,42.963480000,950.000
0.248260000,42.963510000,949.000
0.248220000,42.963520000,949.000
0.248210000,42.963530000,949.000
0.248160000,42.963550000,949.000
0.247790000,42.963760000,948.000
0.247640000,42.963850000,948.000
0.247260000,42.964010000,947.000
0.247150000,42.964060000,946.000
0.247070000,42.964100000,946.000
0.247000000,42.964140000,946.000
0.246980000,42.964150000,945.000
0.246950000,42.964180000,945.000
0.246910000,42.964210000,945.000
0.246890000,42.964220000,945.000
0.246820000,42.964290000,945.000
0.246800000,42.964310000,945.000
0.246630000,42.964470000,945.000
0.246410000,42.964660000,944.000
0.246350000,42.964700000,944.000
0.246290000,42.964760000,944.000
0.246180000,42.964850000,944.000
0.246130000,42.964900000,943.000
0.246080000,42.964940000,943.000
0.246000000,42.965020000,943.000
0.245910000,42.965110000,943.000
0.245830000,42.965190000,943.000
0.245760000,42.965260000,942.000
0.245750000,42.965270000,942.000
0.245700000,42.965340000,942.000
0.245680000,42.965350000,942.000
0.245620000,42.965440000,942.000
0.245580000,42.965490000,942.000
0.245540000,42.965550000,941.000
0.245510000,42.965590000,941.000
0.245500000,42.965600000,941.000
0.245460000,42.965650000,941.000
0.245390000,42.965750000,941.000
0.245380000,42.965770000,940.000
0.245280000,42.965890000,940.000
0.245220000,42.965960000,940.000
0.245180000,42.966040000,939.000
0.245130000,42.966130000,939.000
0.245090000,42.966210000,938.000
0.245080000,42.966230000,938.000
0.245060000,42.966290000,938.000
0.245060000,42.966300000,938.000
0.245040000,42.966350000,937.000
0.245040000,42.966410000,937.000
0.245030000,42.966530000,937.000
0.245020000,42.966800000,936.000
0.244980000,42.967130000,935.000
0.244970000,42.967140000,935.000
0.244930000,42.967410000,934.000
0.244910000,42.967520000,933.000
0.244890000,42.967600000,933.000
0.244870000,42.967640000,932.000
0.244840000,42.967710000,932.000
0.244650000,42.968090000,931.000
0.244420000,42.968590000,929.000
0.244340000,42.968760000,928.000
0.244300000,42.968830000,927.000
0.244270000,42.968910000,926.000
0.244260000,42.968930000,926.000
0.244240000,42.968980000,925.000
0.244230000,42.969020000,925.000
0.244210000,42.969080000,925.000
0.244210000,42.969110000,924.000
0.244210000,42.969130000,924.000
0.244190000,42.969230000,924.000
0.244190000,42.969290000,924.000
0.244190000,42.969400000,924.000
0.244190000,42.969650000,924.000
0.244200000,42.969690000,924.000
0.244200000,42.969770000,923.000
0.244190000,42.969830000,923.000
0.244170000,42.969980000,923.000
0.244140000,42.970170000,923.000
0.244110000,42.970360000,923.000
0.244090000,42.970530000,922.000
0.244070000,42.970720000,922.000
0.244060000,42.970830000,922.000
0.244060000,42.970900000,921.000
0.244050000,42.971080000,921.000
0.244040000,42.971260000,920.000
0.244040000,42.971340000,919.000
0.244010000,42.971620000,918.000
0.243980000,42.971740000,917.000
0.243960000,42.971780000,916.000
0.243950000,42.971830000,915.000
0.243920000,42.971870000,915.000
0.243900000,42.971910000,915.000
0.243870000,42.971980000,914.000
0.243850000,42.972000000,914.000
0.243770000,42.972150000,913.000
0.243710000,42.972250000,913.000
0.243680000,42.972330000,912.000
0.243650000,42.972410000,911.000
0.243560000,42.972660000,910.000
0.243540000,42.972730000,910.000
0.243430000,42.973050000,909.000
0.243330000,42.973300000,908.000
0.243280000,42.973430000,908.000
0.243210000,42.973660000,907.000
0.243170000,42.973820000,906.000
0.243150000,42.973940000,906.000
0.243140000,42.974000000,906.000
0.243130000,42.974090000,905.000
0.243130000,42.974410000,905.000
0.243130000,42.974520000,904.000
0.243140000,42.974690000,904.000
0.243150000,42.974940000,904.000
0.243150000,42.975040000,904.000
0.243140000,42.975130000,904.000
0.243110000,42.975230000,904.000
0.243090000,42.975260000,904.000
0.243070000,42.975300000,904.000
0.243010000,42.975410000,904.000
0.242980000,42.975490000,904.000
0.242910000,42.975630000,904.000
0.242890000,42.975680000,904.000
0.242860000,42.975760000,904.000
0.242840000,42.975830000,904.000
0.242810000,42.976070000,904.000
0.242790000,42.976140000,904.000
0.242760000,42.976280000,904.000
0.242670000,42.976710000,904.000
0.242630000,42.976840000,904.000
0.242620000,42.976850000,904.000
0.242590000,42.976940000,904.000
0.242560000,42.977030000,904.000
0.242530000,42.977110000,905.000
0.242490000,42.977200000,905.000
0.242480000,42.977220000,905.000
0.242420000,42.977370000,905.000
0.242340000,42.977450000,905.000
0.242280000,42.977520000,905.000
0.242210000,42.977580000,906.000
0.242140000,42.977630000,906.000
0.242070000,42.977660000,906.000
0.241900000,42.977740000,906.000
0.241740000,42.977810000,906.000
0.241690000,42.977830000,906.000
0.241550000,42.977890000,906.000
0.240940000,42.978130000,905.000
0.240530000,42.978290000,903.000
0.240470000,42.978310000,902.000
0.240390000,42.978350000,902.000
0.240270000,42.978410000,901.000
0.240200000,42.978460000,900.000
0.240150000,42.978500000,900.000
0.240110000,42.978540000,899.000
0.240070000,42.978580000,899.000
0.240020000,42.978640000,898.000
0.239970000,42.978710000,898.000
0.239920000,42.978790000,898.000
0.239910000,42.978810000,897.000
0.239880000,42.978860000,897.000
0.239830000,42.978980000,896.000
0.239820000,42.978980000,896.000
0.239780000,42.979070000,896.000
0.239750000,42.979150000,896.000
0.239730000,42.979190000,895.000
0.239700000,42.979250000,895.000
0.239670000,42.979290000,895.000
0.239650000,42.979320000,895.000
0.239630000,42.979360000,895.000
0.239590000,42.979400000,895.000
0.239550000,42.979440000,894.000
0.239500000,42.979480000,894.000
0.239460000,42.979520000,894.000
0.239380000,42.979570000,894.000
0.239150000,42.979720000,894.000
0.238960000,42.979830000,893.000
0.238620000,42.979990000,893.000
0.238460000,42.980110000,892.000
0.238390000,42.980170000,892.000
0.238310000,42.980240000,891.000
0.238210000,42.980320000,891.000
0.237820000,42.980650000,890.000
0.237710000,42.980750000,889.000
0.237560000,42.980880000,888.000
0.237080000,42.981300000,886.000
0.236790000,42.981550000,885.000
0.236640000,42.981690000,883.000
0.236630000,42.981690000,882.000
0.236560000,42.981750000,881.000
0.236490000,42.981810000,881.000
0.236480000,42.981820000,880.000
0.236470000,42.981830000,880.000
0.236370000,42.981910000,879.000
0.236270000,42.981970000,879.000
0.236180000,42.982020000,879.000
0.236090000,42.982080000,878.000
0.236000000,42.982130000,878.000
0.235910000,42.982170000,878.000
0.235880000,42.982180000,877.000
0.235780000,42.982230000,877.000
0.235640000,42.982280000,877.000
0.235530000,42.982310000,877.000
0.235470000,42.982330000,876.000
0.235370000,42.982350000,876.000
0.234990000,42.982410000,875.000
0.234810000,42.982440000,875.000
0.234520000,42.982510000,874.000
0.234370000,42.982560000,874.000
0.234310000,42.982580000,873.000
0.234240000,42.982610000,873.000
0.234150000,42.982650000,872.000
0.234060000,42.982700000,872.000
0.234010000,42.982730000,872.000
0.233860000,42.982830000,871.000
0.233760000,42.982960000,871.000
0.233500000,42.983320000,870.000
0.233470000,42.983350000,869.000
0.233430000,42.983390000,868.000
0.233390000,42.983420000,868.000
0.233380000,42.983420000,867.000
0.233340000,42.983450000,867.000
0.233310000,42.983470000,867.000
0.233250000,42.983500000,867.000
0.232680000,42.983750000,866.000
0.232610000,42.983780000,865.000
0.232530000,42.983810000,864.000
0.232500000,42.983820000,864.000
0.232440000,42.983830000,863.000
0.232380000,42.983840000,863.000
0.232340000,42.983840000,863.000
0.232320000,42.983840000,863.000
0.232290000,42.983850000,862.000
0.232240000,42.983840000,862.000
0.232170000,42.983840000,862.000
0.232070000,42.983830000,862.000
0.231960000,42.983800000,861.000
0.231400000,42.983610000,860.000
0.231110000,42.983520000,859.000
0.230940000,42.983470000,858.000
0.230930000,42.983470000,857.000
0.230830000,42.983440000,856.000
0.230710000,42.983410000,856.000
0.230700000,42.983410000,855.000
0.230480000,42.983360000,854.000
0.230120000,42.983310000,853.000
0.230060000,42.983300000,853.000
0.229890000,42.983270000,852.000
0.229880000,42.983270000,852.000
0.229860000,42.983260000,852.000
0.229850000,42.983260000,851.000
0.229820000,42.983250000,851.000
0.229790000,42.983240000,851.000
0.229760000,42.983230000,851.000
0.229720000,42.983210000,851.000
0.229690000,42.983190000,851.000
0.229650000,42.983170000,851.000
0.229620000,42.983140000,851.000
0.229500000,42.983040000,850.000
0.229460000,42.983010000,850.000
0.229340000,42.982910000,850.000
0.229150000,42.982730000,850.000
0.229090000,42.982650000,849.000
0.229040000,42.982570000,849.000
0.228990000,42.982480000,849.000
0.228950000,42.982410000,848.000
0.228940000,42.982400000,848.000
0.228910000,42.982340000,848.000
0.228880000,42.982300000,848.000
0.228860000,42.982280000,848.000
0.228810000,42.982250000,848.000
0.228740000,42.982220000,847.000
0.228700000,42.982210000,847.000
0.228670000,42.982210000,847.000
0.228650000,42.982200000,847.000
0.228610000,42.982200000,847.000
0.228580000,42.982190000,847.000
0.228560000,42.982200000,847.000
0.228530000,42.982200000,847.000
0.228490000,42.982200000,847.000
0.228460000,42.982200000,847.000
0.228420000,42.982210000,847.000
0.228380000,42.982220000,847.000
0.228310000,42.982230000,846.000
0.228260000,42.982280000,846.000
0.228220000,42.982320000,846.000
0.228180000,42.982390000,846.000
0.228150000,42.982450000,846.000
0.228130000,42.982530000,846.000
0.228120000,42.982570000,846.000
0.228120000,42.982710000,846.000
0.228120000,42.982890000,845.000
0.228120000,42.982920000,845.000
0.228110000,42.983060000,845.000
0.228110000,42.983070000,845.000
0.228110000,42.983130000,845.000
0.228090000,42.983190000,844.000
0.228080000,42.983250000,844.000
0.228070000,42.983310000,844.000
0.228030000,42.983430000,844.000
0.228020000,42.983440000,844.000
0.227920000,42.983690000,844.000
0.227860000,42.983840000,843.000
0.227800000,42.983950000,843.000
0.227740000,42.984110000,843.000
0.227720000,42.984160000,844.000
0.227530000,42.984630000,846.000
0.227530000,42.984630000,847.000
0.227370000,42.984600000,848.000
0.227330000,42.984580000,849.000
0.227290000,42.984570000,850.000
0.227280000,42.984570000,850.000
0.227160000,42.984530000,851.000
0.227130000,42.984510000,851.000
0.227100000,42.984470000,852.000
0.227090000,42.984460000,852.000
0.227070000,42.984430000,852.000
0.227060000,42.984410000,853.000
0.227050000,42.984380000,853.000
0.227040000,42.984320000,853.000
0.227000000,42.984060000,854.000
0.226910000,42.983760000,856.000
0.226890000,42.983680000,857.000
0.226850000,42.983520000,858.000
0.226820000,42.983360000,859.000
0.226820000,42.983330000,859.000
0.226820000,42.983240000,859.000
0.226830000,42.983170000,859.000
0.226840000,42.983100000,859.000
0.226860000,42.982970000,859.000
0.226870000,42.982910000,859.000
0.226880000,42.982900000,859.000
0.226890000,42.982810000,859.000
0.226910000,42.982680000,859.000
0.226920000,42.982630000,859.000
0.226920000,42.982610000,859.000
0.226930000,42.982550000,859.000
0.226940000,42.982470000,859.000
0.226940000,42.982460000,859.000
0.226980000,42.982290000,859.000
0.227040000,42.982140000,859.000
0.227070000,42.982000000,859.000
0.227080000,42.981900000,859.000
0.227080000,42.981690000,860.000
0.227090000,42.981540000,860.000
0.227090000,42.981500000,860.000
0.227090000,42.981480000,860.000
0.227100000,42.981390000,860.000
0.227100000,42.981350000,860.000
0.227150000,42.981130000,860.000
0.227180000,42.980940000,860.000
0.227190000,42.980890000,860.000
0.227200000,42.980850000,860.000
0.227230000,42.980770000,860.000
0.227240000,42.980710000,860.000
0.227300000,42.980540000,860.000
0.227360000,42.980430000,860.000
0.227460000,42.980280000,860.000
0.227460000,42.980260000,860.000
0.227510000,42.980160000,860.000
0.227540000,42.980090000,860.000
0.227550000,42.980080000,860.000
0.227590000,42.979960000,861.000
0.227600000,42.979920000,861.000
0.227630000,42.979870000,861.000
0.227700000,42.979760000,862.000
0.227750000,42.979690000,862.000
0.227890000,42.979470000,863.000
0.227900000,42.979400000,863.000
0.227940000,42.979180000,864.000
0.227960000,42.979060000,865.000
0.227970000,42.979010000,865.000
0.228020000,42.978880000,866.000
0.228040000,42.978830000,866.000
0.228080000,42.978740000,867.000
0.228090000,42.978700000,867.000
0.228120000,42.978630000,868.000
0.228130000,42.978560000,868.000
0.228140000,42.978480000,868.000
0.228140000,42.978410000,869.000
0.228140000,42.978380000,869.000
0.228160000,42.978240000,870.000
0.228160000,42.978200000,870.000
0.228180000,42.978100000,871.000
0.228200000,42.978030000,871.000
0.228210000,42.977980000,872.000
0.228310000,42.977760000,873.000
0.228370000,42.977600000,874.000
0.228380000,42.977580000,875.000
0.228400000,42.977510000,876.000
0.228410000,42.977480000,877.000
0.228410000,42.977420000,877.000
0.228410000,42.977300000,878.000
0.228410000,42.977180000,879.000
0.228410000,42.977160000,880.000
0.228400000,42.977000000,881.000
0.228380000,42.976830000,882.000
0.228370000,42.976760000,883.000
0.228330000,42.976630000,884.000
0.228310000,42.976570000,885.000
0.228270000,42.976420000,886.000
0.228260000,42.976350000,887.000
0.228250000,42.976280000,888.000
0.228250000,42.976270000,889.000
0.228240000,42.976140000,889.000
0.228250000,42.976100000,890.000
0.228250000,42.976010000,890.000
0.228260000,42.975920000,891.000
0.228270000,42.975830000,892.000
0.228340000,42.975610000,893.000
0.228450000,42.975340000,894.000
0.228860000,42.974800000,897.000
0.228930000,42.974720000,899.000
0.229250000,42.974320000,900.000
0.229290000,42.974260000,901.000
0.229390000,42.974130000,901.000
0.229800000,42.973640000,901.000
0.229930000,42.973440000,902.000
0.230000000,42.973320000,902.000
0.230010000,42.973310000,902.000
0.230030000,42.973260000,902.000
0.230050000,42.973170000,902.000
0.230060000,42.973140000,902.000
0.230100000,42.972820000,902.000
0.230130000,42.972430000,902.000
0.230130000,42.972360000,903.000
0.230150000,42.972280000,903.000
0.230160000,42.972210000,903.000
0.230200000,42.972110000,904.000
0.230240000,42.972040000,904.000
0.230320000,42.971910000,905.000
0.230360000,42.971850000,905.000
0.230500000,42.971630000,906.000
0.230510000,42.971630000,906.000
0.230730000,42.971310000,907.000
0.230820000,42.971210000,908.000
0.230990000,42.971010000,909.000
0.231090000,42.970910000,910.000
0.231140000,42.970820000,911.000
0.231160000,42.970770000,911.000
0.231170000,42.970740000,912.000
0.231170000,42.970710000,912.000
0.231180000,42.970650000,913.000
0.231180000,42.970590000,913.000
0.231170000,42.970480000,914.000
0.231140000,42.970290000,915.000
0.231100000,42.970110000,916.000
0.231040000,42.969890000,917.000
0.230990000,42.969730000,919.000
0.230850000,42.969390000,921.000
0.230700000,42.969140000,923.000
0.230530000,42.968880000,924.000
0.230460000,42.968760000,925.000
0.230410000,42.968660000,926.000
0.230380000,42.968580000,926.000
0.230350000,42.968460000,927.000
0.230330000,42.968370000,927.000
0.230230000,42.967860000,927.000
0.230210000,42.967750000,928.000
0.230200000,42.967690000,928.000
0.230200000,42.967670000,928.000
0.230200000,42.967610000,928.000
0.230200000,42.967510000,928.000
0.230210000,42.967380000,928.000
0.230220000,42.967320000,928.000
0.230240000,42.967280000,928.000
0.230390000,42.966750000,928.000
0.230410000,42.966650000,928.000
0.230430000,42.966570000,928.000
0.230440000,42.966550000,928.000
0.230450000,42.966360000,928.000
0.230450000,42.966330000,928.000
0.230450000,42.966160000,928.000
0.230440000,42.966010000,928.000
0.230430000,42.965930000,928.000
0.230390000,42.965470000,928.000
0.230380000,42.965350000,928.000
0.230340000,42.965070000,927.000
0.230330000,42.964970000,927.000
0.230320000,42.964790000,927.000
0.230310000,42.964570000,927.000
0.230320000,42.964390000,927.000
0.230320000,42.964250000,927.000
0.230330000,42.963710000,926.000
0.230340000,42.963530000,926.000
0.230350000,42.963310000,926.000
0.230360000,42.963180000,927.000
0.230360000,42.963150000,927.000
0.230390000,42.962950000,928.000
0.230410000,42.962820000,929.000
0.230430000,42.962680000,930.000
0.230420000,42.962550000,931.000
0.230350000,42.962280000,932.000
0.230350000,42.962260000,933.000
0.230330000,42.962100000,934.000
0.230320000,42.962030000,935.000
0.230290000,42.961670000,937.000
0.230280000,42.961560000,938.000
0.230270000,42.961480000,939.000
0.230260000,42.961380000,940.000
0.230220000,42.961050000,941.000
0.230200000,42.960940000,942.000
0.230200000,42.960880000,943.000
0.230170000,42.960700000,944.000
0.230170000,42.960680000,945.000
0.230120000,42.960450000,946.000
0.230110000,42.960360000,947.000
0.230080000,42.960280000,948.000
0.230010000,42.960180000,949.000
0.229880000,42.960000000,950.000
0.229540000,42.959580000,952.000
0.229410000,42.959430000,953.000
0.229330000,42.959330000,953.000
0.229220000,42.959190000,954.000
0.228880000,42.958780000,953.000
0.228820000,42.958700000,953.000
0.228760000,42.958590000,953.000
0.228740000,42.958520000,953.000
0.228730000,42.958460000,952.000
0.228720000,42.958400000,952.000
0.228720000,42.958200000,952.000
0.228710000,42.957990000,952.000
0.228690000,42.957920000,951.000
0.228680000,42.957870000,951.000
0.228620000,42.957740000,951.000
0.228520000,42.957560000,952.000
0.228440000,42.957390000,952.000
0.228360000,42.957220000,953.000
0.228260000,42.956960000,954.000
0.228250000,42.956940000,955.000
0.228150000,42.956700000,955.000
0.228100000,42.956600000,956.000
0.228070000,42.956530000,957.000
0.227890000,42.956080000,958.000
0.227890000,42.956010000,959.000
0.227880000,42.955870000,960.000
0.227890000,42.955750000,960.000
0.227900000,42.955600000,961.000
0.227910000,42.955550000,962.000
0.227930000,42.955420000,962.000
0.227950000,42.955350000,962.000
0.227960000,42.955130000,963.000
0.227970000,42.955000000,964.000
0.227960000,42.954770000,964.000
0.227950000,42.954590000,965.000
0.227950000,42.954480000,965.000
0.227940000,42.954230000,966.000
0.227930000,42.954100000,967.000
0.227880000,42.953880000,968.000
0.227860000,42.953790000,969.000
0.227840000,42.953720000,970.000
0.227810000,42.953650000,971.000
0.227790000,42.953580000,972.000
0.227770000,42.953550000,973.000
0.227710000,42.953420000,974.000
0.227530000,42.953070000,975.000
0.227520000,42.953040000,976.000
0.227490000,42.952970000,978.000
0.227300000,42.952520000,980.000
0.227270000,42.952470000,981.000
0.227260000,42.952460000,982.000
0.227210000,42.952360000,983.000
0.227130000,42.952260000,984.000
0.226710000,42.951740000,984.000
0.226660000,42.951680000,985.000
0.226570000,42.951570000,985.000
0.226330000,42.951270000,985.000
0.226280000,42.951210000,986.000
0.226280000,42.951200000,986.000
0.226240000,42.951140000,986.000
0.226220000,42.951110000,986.000
0.226190000,42.951060000,986.000
0.226130000,42.950950000,986.000
0.226090000,42.950870000,986.000
0.225960000,42.950610000,987.000
0.225910000,42.950540000,988.000
0.225780000,42.950300000,989.000
0.225760000,42.950270000,990.000
0.225720000,42.950190000,991.000
0.225680000,42.950110000,992.000
0.225680000,42.950100000,993.000
0.225640000,42.950020000,993.000
0.225620000,42.949930000,994.000
0.225580000,42.949830000,995.000
0.225560000,42.949730000,995.000
0.225540000,42.949650000,996.000
0.225520000,42.949570000,997.000
0.225520000,42.949560000,997.000
0.225480000,42.949480000,998.000
0.225420000,42.949400000,999.000
0.225360000,42.949350000,999.000
0.225300000,42.949280000,1000.000
0.225280000,42.949260000,1001.000
0.225180000,42.949180000,1001.000
0.225130000,42.949150000,1002.000
0.225060000,42.949110000,1002.000
0.224980000,42.949070000,1002.000
0.224920000,42.949050000,1003.000
0.224830000,42.949010000,1003.000
0.224750000,42.948980000,1003.000
0.224690000,42.948960000,1003.000
0.224680000,42.948950000,1004.000
0.224620000,42.948900000,1004.000
0.224590000,42.948860000,1004.000
0.224550000,42.948800000,1004.000
0.224520000,42.948730000,1004.000
0.224490000,42.948660000,1005.000
0.224470000,42.948560000,1005.000
0.224460000,42.948480000,1005.000
0.224450000,42.948450000,1005.000
0.224430000,42.948390000,1006.000
0.224390000,42.948290000,1006.000
0.224380000,42.948280000,1006.000
0.224310000,42.948170000,1006.000
0.224240000,42.948040000,1007.000
0.224160000,42.947930000,1007.000
0.224060000,42.947800000,1007.000
0.224060000,42.947790000,1008.000
0.223990000,42.947700000,1008.000
0.223940000,42.947640000,1008.000
0.223920000,42.947620000,1009.000
0.223830000,42.947530000,1009.000
0.223790000,42.947490000,1010.000
0.223730000,42.947420000,1010.000
0.223650000,42.947350000,1011.000
0.223620000,42.947310000,1012.000
0.223550000,42.947250000,1012.000
0.223500000,42.947210000,1013.000
0.223470000,42.947180000,1013.000
0.223440000,42.947160000,1014.000
0.223390000,42.947120000,1014.000
0.223320000,42.947080000,1014.000
0.223210000,42.947030000,1015.000
0.223140000,42.946990000,1016.000
0.223050000,42.946950000,1016.000
0.222940000,42.946900000,1017.000
0.222910000,42.946890000,1017.000
0.222860000,42.946870000,1018.000
0.222770000,42.946840000,1018.000
0.222680000,42.946810000,1019.000
0.222610000,42.946780000,1020.000
0.222570000,42.946780000,1020.000
0.222410000,42.946750000,1021.000
0.222340000,42.946740000,1021.000
0.222270000,42.946720000,1022.000
0.222260000,42.946720000,1022.000
0.222170000,42.946710000,1023.000
0.222030000,42.946680000,1023.000
0.221900000,42.946650000,1024.000
0.221860000,42.946640000,1025.000
0.221800000,42.946620000,1025.000
0.221700000,42.946580000,1026.000
0.221650000,42.946560000,1026.000
0.221610000,42.946540000,1027.000
0.221520000,42.946480000,1028.000
0.221480000,42.946430000,1028.000
0.221440000,42.946390000,1029.000
0.221400000,42.946320000,1029.000
0.221360000,42.946160000,1030.000
0.221360000,42.946140000,1031.000
0.221340000,42.946060000,1032.000
0.221320000,42.945980000,1033.000
0.221260000,42.945880000,1033.000
0.221210000,42.945820000,1034.000
0.221190000,42.945810000,1035.000
0.221130000,42.945750000,1035.000
0.221020000,42.945680000,1036.000
0.220920000,42.945610000,1037.000
0.220810000,42.945550000,1038.000
0.220690000,42.945500000,1039.000
0.220680000,42.945490000,1040.000
0.220590000,42.945460000,1040.000
0.220500000,42.945410000,1041.000
0.220400000,42.945360000,1042.000
0.220300000,42.945300000,1043.000
0.220230000,42.945220000,1044.000
0.220180000,42.945170000,1045.000
0.220160000,42.945140000,1046.000
0.220080000,42.945070000,1047.000
0.220010000,42.945000000,1048.000
0.219950000,42.944920000,1049.000
0.219910000,42.944870000,1050.000
0.219880000,42.944840000,1051.000
0.219820000,42.944730000,1052.000
0.219800000,42.944710000,1053.000
0.219750000,42.944640000,1054.000
0.219690000,42.944560000,1055.000
0.219670000,42.944550000,1056.000
0.219580000,42.944450000,1057.000
0.219510000,42.944390000,1058.000
0.219440000,42.944320000,1060.000
0.219370000,42.944260000,1061.000
0.219280000,42.944200000,1062.000
0.219200000,42.944140000,1063.000
0.219140000,42.944100000,1064.000
0.219080000,42.944040000,1065.000
0.219030000,42.944010000,1066.000
0.219010000,42.943990000,1067.000
0.218890000,42.943900000,1068.000
0.218850000,42.943860000,1068.000
0.218790000,42.943800000,1069.000
0.218730000,42.943760000,1070.000
0.218660000,42.943710000,1070.000
0.218570000,42.943650000,1071.000
0.218530000,42.943620000,1071.000
0.218440000,42.943560000,1072.000
0.218340000,42.943500000,1072.000
0.218300000,42.943470000,1073.000
0.218200000,42.943400000,1074.000
0.218090000,42.943320000,1074.000
0.218020000,42.943270000,1075.000
0.218000000,42.943240000,1075.000
0.217960000,42.943210000,1076.000
0.217850000,42.943110000,1076.000
0.217840000,42.943100000,1077.000
0.217760000,42.943020000,1077.000
0.217700000,42.942970000,1078.000
0.217690000,42.942960000,1078.000
0.217630000,42.942910000,1079.000
0.217540000,42.942820000,1079.000
0.217530000,42.942820000,1080.000
0.217450000,42.942760000,1080.000
0.217360000,42.942690000,1081.000
0.217250000,42.942620000,1081.000
0.217140000,42.942560000,1082.000
0.217020000,42.942500000,1083.000
0.216980000,42.942470000,1083.000
0.216890000,42.942430000,1084.000
0.216760000,42.942350000,1085.000
0.216650000,42.942290000,1086.000
0.216610000,42.942240000,1087.000
0.216590000,42.942190000,1087.000
0.216510000,42.942090000,1088.000
0.216420000,42.941980000,1089.000
0.216370000,42.941930000,1090.000
0.216320000,42.941890000,1091.000
0.216230000,42.941830000,1091.000
0.216050000,42.941750000,1092.000
0.215900000,42.941710000,1093.000
0.215740000,42.941660000,1094.000
0.215540000,42.941590000,1096.000
0.215530000,42.941590000,1097.000
0.215400000,42.941550000,1097.000
0.215230000,42.941490000,1098.000
0.215090000,42.941420000,1100.000
0.214970000,42.941350000,1101.000
0.214850000,42.941250000,1102.000
0.214760000,42.941170000,1103.000
0.214660000,42.941090000,1105.000
0.214590000,42.941020000,1106.000
0.214510000,42.940950000,1107.000
0.214420000,42.940890000,1108.000
0.214330000,42.940810000,1109.000
0.214200000,42.940710000,1110.000
0.214090000,42.940640000,1111.000
0.213980000,42.940560000,1113.000
0.213870000,42.940480000,1114.000
0.213770000,42.940410000,1115.000
0.213740000,42.940380000,1116.000
0.213660000,42.940310000,1117.000
0.213580000,42.940240000,1118.000
0.213550000,42.940210000,1119.000
0.213480000,42.940140000,1120.000
0.213460000,42.940090000,1120.000
0.213430000,42.940050000,1121.000
0.213380000,42.939940000,1122.000
0.213330000,42.939850000,1122.000
0.213250000,42.939740000,1123.000
0.213160000,42.939630000,1124.000
0.213130000,42.939610000,1124.000
0.213020000,42.939500000,1125.000
0.212850000,42.939340000,1126.000
0.212680000,42.939200000,1127.000
0.212670000,42.939190000,1128.000
0.212550000,42.939110000,1129.000
0.212400000,42.939020000,1130.000
0.212220000,42.938930000,1131.000
0.212080000,42.938870000,1131.000
0.211960000,42.938790000,1132.000
0.211890000,42.938750000,1133.000
0.211700000,42.938620000,1134.000
0.211340000,42.938390000,1135.000
0.211060000,42.938210000,1136.000
0.210950000,42.938120000,1137.000
0.210820000,42.938010000,1138.000
0.210660000,42.937880000,1139.000
0.210380000,42.937630000,1140.000
0.210280000,42.937550000,1141.000
0.210190000,42.937500000,1142.000
0.210160000,42.937480000,1142.000
0.210090000,42.937440000,1143.000
0.209980000,42.937380000,1144.000
0.209850000,42.937310000,1145.000
0.209770000,42.937250000,1146.000
0.209710000,42.937210000,1147.000
0.209650000,42.937150000,1147.000
0.209620000,42.937120000,1148.000
0.209610000,42.937100000,1149.000
0.209550000,42.937030000,1149.000
0.209510000,42.936960000,1150.000
0.209500000,42.936940000,1151.000
0.209470000,42.936860000,1151.000
0.209420000,42.936790000,1152.000
0.209410000,42.936770000,1153.000
0.209360000,42.936710000,1153.000
0.209320000,42.936670000,1154.000
0.209290000,42.936640000,1154.000
0.209220000,42.936600000,1155.000
0.209160000,42.936570000,1156.000
0.209090000,42.936560000,1156.000
0.209080000,42.936560000,1157.000
0.209030000,42.936550000,1157.000
0.208920000,42.936550000,1158.000
0.208850000,42.936550000,1158.000
0.208770000,42.936530000,1159.000
0.208710000,42.936510000,1159.000
0.208650000,42.936480000,1160.000
0.208620000,42.936460000,1161.000
0.208600000,42.936420000,1161.000
0.208600000,42.936380000,1161.000
0.208610000,42.936340000,1162.000
0.208640000,42.936290000,1162.000
0.208680000,42.936220000,1163.000
0.208720000,42.936190000,1163.000
0.208740000,42.936160000,1164.000
0.208760000,42.936140000,1164.000
0.208770000,42.936120000,1164.000
0.208790000,42.936090000,1164.000
0.208800000,42.936050000,1164.000
0.208800000,42.936020000,1165.000
0.208790000,42.935980000,1165.000
0.208770000,42.935940000,1165.000
0.208750000,42.935910000,1165.000
0.208730000,42.935890000,1165.000
0.208670000,42.935850000,1165.000
0.208660000,42.935840000,1165.000
0.208620000,42.935820000,1166.000
0.208570000,42.935790000,1166.000
0.208520000,42.935750000,1166.000
0.208480000,42.935700000,1166.000
0.208440000,42.935650000,1166.000
0.208410000,42.935600000,1167.000
0.208400000,42.935550000,1167.000
0.208380000,42.935500000,1167.000
0.208350000,42.935400000,1167.000
0.208320000,42.935330000,1168.000
0.208280000,42.935250000,1168.000
0.208250000,42.935200000,1168.000
0.208200000,42.935140000,1169.000
0.208190000,42.935130000,1169.000
0.208150000,42.935090000,1169.000
0.208100000,42.935050000,1169.000
0.208050000,42.935020000,1170.000
0.208020000,42.935010000,1170.000
0.207970000,42.934990000,1170.000
0.207890000,42.934960000,1170.000
0.207800000,42.934930000,1170.000
0.207730000,42.934900000,1171.000
0.207650000,42.934870000,1171.000
0.207580000,42.934840000,1171.000
0.207500000,42.934800000,1172.000
0.207450000,42.934750000,1173.000
0.207430000,42.934740000,1173.000
0.207400000,42.934720000,1174.000
0.207350000,42.934680000,1174.000
0.207250000,42.934600000,1175.000
0.207170000,42.934510000,1176.000
0.206990000,42.934340000,1177.000
0.206860000,42.934230000,1179.000
0.206790000,42.934180000,1180.000
0.206690000,42.934120000,1182.000
0.206630000,42.934090000,1183.000
0.206590000,42.934070000,1184.000
0.206570000,42.934070000,1184.000
0.206420000,42.934010000,1185.000
0.206340000,42.933980000,1186.000
0.206260000,42.933950000,1187.000
0.206190000,42.933910000,1188.000
0.206120000,42.933860000,1189.000
0.206020000,42.933800000,1190.000
0.205960000,42.933750000,1191.000
0.205890000,42.933690000,1192.000
0.205830000,42.933620000,1193.000
0.205790000,42.933580000,1193.000
0.205760000,42.933550000,1194.000
0.205710000,42.933480000,1195.000
0.205660000,42.933420000,1196.000
0.205600000,42.933340000,1197.000
0.205540000,42.933290000,1198.000
0.205460000,42.933210000,1199.000
0.205370000,42.933140000,1200.000
0.205280000,42.933060000,1201.000
0.205190000,42.932980000,1202.000
0.205120000,42.932920000,1203.000
0.205020000,42.932840000,1204.000
0.204910000,42.932740000,1205.000
0.204790000,42.932630000,1207.000
0.204750000,42.932570000,1208.000
0.204710000,42.932530000,1209.000
0.204640000,42.932450000,1210.000
0.204570000,42.932340000,1211.000
0.204450000,42.932130000,1213.000
0.204310000,42.931920000,1215.000
0.204240000,42.931800000,1216.000
0.204190000,42.931720000,1217.000
0.204110000,42.931610000,1219.000
0.204060000,42.931530000,1220.000
0.203980000,42.931400000,1221.000
0.203880000,42.931250000,1222.000
0.203740000,42.931090000,1223.000
0.203620000,42.930980000,1224.000
0.203610000,42.930980000,1225.000
0.203480000,42.930870000,1226.000
0.203450000,42.930850000,1226.000
0.203380000,42.930800000,1227.000
0.203270000,42.930740000,1228.000
0.203260000,42.930740000,1228.000
0.203050000,42.930640000,1229.000
0.203010000,42.930620000,1230.000
0.202900000,42.930560000,1230.000
0.202850000,42.930530000,1231.000
0.202760000,42.930480000,1232.000
0.202660000,42.930420000,1233.000
0.202640000,42.930410000,1233.000
0.202480000,42.930300000,1234.000
0.202440000,42.930280000,1235.000
0.202330000,42.930180000,1236.000
0.202260000,42.930110000,1237.000
0.202240000,42.930080000,1238.000
0.202130000,42.929960000,1239.000
0.202020000,42.929810000,1240.000
0.201900000,42.929640000,1242.000
0.201760000,42.929440000,1244.000
0.201680000,42.929320000,1246.000
0.201620000,42.929220000,1247.000
0.201560000,42.929130000,1249.000
0.201500000,42.929060000,1250.000
0.201420000,42.928960000,1251.000
0.201310000,42.928840000,1252.000
0.201190000,42.928740000,1254.000
0.201010000,42.928610000,1255.000
0.200840000,42.928500000,1256.000
0.200710000,42.928420000,1258.000
0.200540000,42.928310000,1259.000
0.200440000,42.928240000,1260.000
0.200330000,42.928150000,1262.000
0.200260000,42.928100000,1263.000
0.200060000,42.927930000,1264.000
0.199720000,42.927660000,1266.000
0.199550000,42.927520000,1268.000
0.199310000,42.927330000,1270.000
0.199220000,42.927260000,1272.000
0.199110000,42.927180000,1273.000
0.199030000,42.927140000,1274.000
0.198940000,42.927110000,1275.000
0.198840000,42.927090000,1276.000
0.198690000,42.927060000,1276.000
0.198660000,42.927050000,1277.000
0.198540000,42.927020000,1278.000
0.198470000,42.926980000,1278.000
0.198460000,42.926970000,1279.000
0.198410000,42.926930000,1279.000
0.198320000,42.926840000,1280.000
0.198160000,42.926680000,1281.000
0.197920000,42.926480000,1282.000
0.197820000,42.926400000,1283.000
0.197750000,42.926350000,1285.000
0.197670000,42.926320000,1286.000
0.197540000,42.926270000,1287.000
0.197420000,42.926220000,1288.000
0.197360000,42.926200000,1289.000
0.197320000,42.926180000,1290.000
0.197270000,42.926150000,1291.000
0.197230000,42.926130000,1292.000
0.197210000,42.926120000,1292.000
0.197160000,42.926080000,1293.000
0.197140000,42.926040000,1294.000
0.197110000,42.926000000,1294.000
0.197110000,42.925970000,1295.000
0.197110000,42.925950000,1295.000
0.197100000,42.925930000,1296.000
0.197110000,42.925880000,1296.000
0.197130000,42.925840000,1297.000
0.197160000,42.925800000,1297.000
0.197180000,42.925790000,1298.000
0.197270000,42.925720000,1299.000
0.197290000,42.925700000,1299.000
0.197350000,42.925650000,1300.000
0.197410000,42.925580000,1301.000
0.197480000,42.925480000,1302.000
0.197560000,42.925330000,1304.000
0.197620000,42.925180000,1305.000
0.197650000,42.925060000,1307.000
0.197660000,42.924960000,1309.000
0.197700000,42.924840000,1310.000
0.197730000,42.924790000,1311.000
0.197750000,42.924780000,1312.000
0.197790000,42.924760000,1312.000
0.197830000,42.924740000,1313.000
0.197900000,42.924720000,1313.000
0.197970000,42.924710000,1314.000
0.198070000,42.924720000,1315.000
0.198210000,42.924740000,1315.000
0.198340000,42.924750000,1316.000
0.198580000,42.924770000,1317.000
0.198880000,42.924790000,1319.000
0.198910000,42.924790000,1320.000
0.199120000,42.924790000,1321.000
0.199300000,42.924800000,1322.000
0.199370000,42.924790000,1323.000
0.199610000,42.924780000,1324.000
0.199740000,42.924780000,1325.000
0.199860000,42.924770000,1326.000
0.200180000,42.924750000,1327.000
0.200350000,42.924740000,1328.000
0.200420000,42.924740000,1328.000
0.200590000,42.924730000,1328.000
0.200710000,42.924720000,1328.000
0.200840000,42.924700000,1328.000
0.201020000,42.924660000,1328.000
0.201070000,42.924640000,1328.000
0.201300000,42.924590000,1328.000
0.201310000,42.924580000,1328.000
0.201530000,42.924530000,1328.000
0.201630000,42.924510000,1328.000
0.201770000,42.924490000,1328.000
0.201840000,42.924480000,1328.000
0.202230000,42.924440000,1328.000
0.202500000,42.924410000,1328.000
0.202530000,42.924410000,1329.000
0.202740000,42.924370000,1329.000
0.202790000,42.924370000,1330.000
0.202950000,42.924330000,1331.000
0.203120000,42.924280000,1333.000
0.203350000,42.924170000,1335.000
0.203710000,42.923970000,1337.000
0.203930000,42.923850000,1340.000
0.203990000,42.923820000,1342.000
0.204190000,42.923740000,1345.000
0.204200000,42.923730000,1346.000
0.204370000,42.923670000,1348.000
0.204420000,42.923650000,1349.000
0.204530000,42.923590000,1351.000
0.204610000,42.923540000,1352.000
0.204970000,42.923290000,1353.000
0.205270000,42.923120000,1355.000
0.205360000,42.923070000,1356.000
0.205460000,42.923010000,1357.000
0.205550000,42.922960000,1358.000
0.205560000,42.922950000,1358.000
0.205660000,42.922860000,1359.000
0.205740000,42.922780000,1359.000
0.205800000,42.922680000,1360.000
0.205850000,42.922540000,1361.000
0.205890000,42.922400000,1361.000
0.205940000,42.922310000,1362.000
0.206000000,42.922210000,1362.000
0.206140000,42.922070000,1363.000
0.206390000,42.921850000,1365.000
0.206540000,42.921690000,1367.000
0.206620000,42.921590000,1369.000
0.206720000,42.921400000,1372.000
0.206750000,42.921360000,1373.000
0.206810000,42.921230000,1375.000
0.206900000,42.921070000,1377.000
0.206960000,42.920940000,1380.000
0.206980000,42.920900000,1381.000
0.207040000,42.920780000,1383.000
0.207070000,42.920730000,1384.000
0.207120000,42.920640000,1386.000
0.207180000,42.920570000,1387.000
0.207220000,42.920520000,1388.000
0.207300000,42.920410000,1390.000
0.207370000,42.920330000,1391.000
0.207420000,42.920260000,1391.000
0.207550000,42.920070000,1392.000
0.207750000,42.919840000,1392.000
0.207790000,42.919790000,1392.000
0.207910000,42.919630000,1392.000
0.208030000,42.919480000,1392.000
0.208190000,42.919270000,1392.000
0.208340000,42.919080000,1392.000
0.208390000,42.919010000,1392.000
0.208440000,42.918950000,1392.000
0.208490000,42.918860000,1392.000
0.208500000,42.918840000,1392.000
0.208520000,42.918790000,1393.000
0.208530000,42.918730000,1393.000
0.208540000,42.918640000,1394.000
0.208510000,42.918550000,1395.000
0.208500000,42.918490000,1396.000
0.208490000,42.918470000,1396.000
0.208490000,42.918370000,1397.000
0.208490000,42.918310000,1398.000
0.208500000,42.918290000,1399.000
0.208520000,42.918220000,1399.000
0.208580000,42.918130000,1400.000
0.208710000,42.918000000,1402.000
0.208730000,42.917970000,1403.000
0.209020000,42.917730000,1405.000
0.209030000,42.917720000,1406.000
0.209360000,42.917420000,1409.000
0.209530000,42.917250000,1412.000
0.209580000,42.917180000,1414.000
0.209590000,42.917140000,1416.000
0.209590000,42.917130000,1417.000
0.209590000,42.917090000,1417.000
0.209580000,42.917060000,1418.000
0.209540000,42.917020000,1419.000
0.209480000,42.916990000,1419.000
0.209410000,42.916980000,1420.000
0.209360000,42.916990000,1420.000
0.209300000,42.917000000,1421.000
0.209250000,42.917030000,1421.000
0.209230000,42.917040000,1421.000
0.209200000,42.917070000,1422.000
0.209110000,42.917150000,1422.000
0.208970000,42.917290000,1423.000
0.208790000,42.917430000,1425.000
0.208760000,42.917460000,1425.000
0.208660000,42.917570000,1426.000
0.208620000,42.917610000,1427.000
0.208560000,42.917670000,1428.000
0.208390000,42.917860000,1429.000
0.208150000,42.918090000,1431.000
0.207900000,42.918330000,1433.000
0.207830000,42.918400000,1435.000
0.207750000,42.918480000,1436.000
0.207580000,42.918660000,1438.000
0.207480000,42.918760000,1439.000
0.207470000,42.918770000,1440.000
0.207390000,42.918850000,1441.000
0.207320000,42.918910000,1442.000
0.207210000,42.919000000,1443.000
0.207150000,42.919040000,1444.000
0.206920000,42.919220000,1445.000
0.206710000,42.919400000,1447.000
0.206650000,42.919440000,1448.000
0.206590000,42.919490000,1449.000
0.206480000,42.919550000,1451.000
0.206470000,42.919560000,1452.000
0.206380000,42.919610000,1453.000
0.206220000,42.919690000,1454.000
0.206070000,42.919770000,1456.000
0.206060000,42.919770000,1457.000
0.205950000,42.919840000,1458.000
0.205820000,42.919930000,1460.000
0.205730000,42.920000000,1461.000
0.205670000,42.920060000,1463.000
0.205600000,42.920140000,1464.000
0.205490000,42.920300000,1466.000
0.205400000,42.920390000,1468.000
0.205280000,42.920490000,1470.000
0.205140000,42.920590000,1472.000
0.205080000,42.920630000,1473.000
0.204970000,42.920730000,1475.000
0.204930000,42.920760000,1477.000
0.204770000,42.920910000,1479.000
0.204680000,42.920990000,1480.000
0.204660000,42.921000000,1481.000
0.204590000,42.921060000,1482.000
0.204510000,42.921120000,1483.000
0.204490000,42.921130000,1484.000
0.204430000,42.921170000,1485.000
0.204330000,42.921220000,1486.000
0.204170000,42.921310000,1487.000
0.204120000,42.921350000,1488.000
0.203950000,42.921480000,1489.000
0.203930000,42.921480000,1490.000
0.203790000,42.921590000,1491.000
0.203750000,42.921610000,1492.000
0.203660000,42.921660000,1492.000
0.203530000,42.921720000,1493.000
0.203420000,42.921760000,1494.000
0.203340000,42.921780000,1495.000
0.203230000,42.921810000,1496.000
0.203050000,42.921840000,1497.000
0.202880000,42.921890000,1498.000
0.202650000,42.921960000,1500.000
0.202270000,42.922080000,1501.000
0.202190000,42.922110000,1502.000
0.201970000,42.922190000,1503.000
0.201940000,42.922210000,1504.000
0.201750000,42.922270000,1505.000
0.201530000,42.922350000,1506.000
0.201460000,42.922380000,1506.000
0.201320000,42.922430000,1507.000
0.201220000,42.922460000,1508.000
0.201140000,42.922470000,1508.000
0.201050000,42.922480000,1509.000
0.200980000,42.922470000,1509.000
0.200870000,42.922460000,1510.000
0.200710000,42.922440000,1510.000
0.200590000,42.922420000,1511.000
0.200440000,42.922380000,1511.000
0.200360000,42.922360000,1512.000
0.200320000,42.922350000,1512.000
0.200150000,42.922290000,1513.000
0.199950000,42.922230000,1514.000
0.199910000,42.922210000,1515.000
0.199700000,42.922120000,1516.000
0.199590000,42.922080000,1517.000
0.199480000,42.922040000,1518.000
0.199320000,42.921980000,1520.000
0.199260000,42.921950000,1521.000
0.199120000,42.921900000,1522.000
0.199050000,42.921870000,1523.000
0.198950000,42.921830000,1524.000
0.198830000,42.921780000,1525.000
0.198720000,42.921730000,1526.000
0.198420000,42.921580000,1527.000
0.198330000,42.921540000,1529.000
0.198220000,42.921480000,1530.000
0.197830000,42.921280000,1532.000
0.197630000,42.921180000,1534.000
0.197620000,42.921170000,1535.000
0.197410000,42.921070000,1536.000
0.197070000,42.920910000,1538.000
0.197000000,42.920870000,1540.000
0.196840000,42.920790000,1541.000
0.196710000,42.920720000,1543.000
0.196550000,42.920660000,1544.000
0.196370000,42.920590000,1545.000
0.196160000,42.920510000,1547.000
0.195750000,42.920360000,1549.000
0.195660000,42.920330000,1550.000
0.195500000,42.920270000,1552.000
0.195310000,42.920200000,1553.000
0.195060000,42.920100000,1555.000
0.194990000,42.920070000,1556.000
0.194750000,42.920000000,1558.000
0.194620000,42.919950000,1559.000
0.194440000,42.919890000,1560.000
0.194390000,42.919880000,1561.000
0.193950000,42.919780000,1563.000
0.193530000,42.919730000,1565.000
0.193440000,42.919720000,1567.000
0.192850000,42.919720000,1570.000
0.192630000,42.919720000,1573.000
0.192610000,42.919720000,1575.000
0.192250000,42.919690000,1578.000
0.191980000,42.919660000,1581.000
0.191900000,42.919640000,1583.000
0.191700000,42.919570000,1586.000
0.191590000,42.919530000,1588.000
0.191530000,42.919510000,1589.000
0.191440000,42.919480000,1591.000
0.191320000,42.919430000,1592.000
0.191220000,42.919380000,1593.000
0.191120000,42.919340000,1595.000
0.191070000,42.919310000,1596.000
0.191010000,42.919270000,1597.000
0.190980000,42.919250000,1598.000
0.190950000,42.919220000,1598.000
0.190860000,42.919130000,1599.000
0.190790000,42.919050000,1600.000
0.190700000,42.918960000,1601.000
0.190480000,42.918720000,1603.000
0.190260000,42.918470000,1605.000
0.190180000,42.918390000,1607.000
0.190110000,42.918310000,1609.000
0.190020000,42.918200000,1611.000
0.189870000,42.918060000,1612.000
0.189730000,42.917930000,1614.000
0.189590000,42.917820000,1616.000
0.189500000,42.917760000,1617.000
0.189370000,42.917670000,1619.000
0.189280000,42.917610000,1620.000
0.189210000,42.917560000,1621.000
0.189110000,42.917470000,1622.000
0.188980000,42.917360000,1623.000
0.188770000,42.917110000,1625.000
0.188690000,42.917020000,1627.000
0.188660000,42.916990000,1628.000
0.188570000,42.916880000,1629.000
0.188560000,42.916870000,1630.000
0.188510000,42.916810000,1631.000
0.188390000,42.916680000,1632.000
0.188250000,42.916510000,1633.000
0.188160000,42.916420000,1634.000
0.188090000,42.916350000,1635.000
0.188010000,42.916290000,1636.000
0.187950000,42.916250000,1637.000
0.187880000,42.916210000,1638.000
0.187800000,42.916170000,1638.000
0.187770000,42.916160000,1639.000
0.187680000,42.916130000,1639.000
0.187580000,42.916090000,1640.000
0.187520000,42.916070000,1640.000
0.187420000,42.916030000,1641.000
0.187350000,42.916000000,1641.000
0.187300000,42.915970000,1642.000
0.187250000,42.915940000,1642.000
0.187220000,42.915910000,1642.000
0.187180000,42.915880000,1643.000
0.187140000,42.915830000,1643.000
0.187100000,42.915780000,1643.000
0.187090000,42.915740000,1644.000
0.187070000,42.915690000,1644.000
0.187070000,42.915650000,1644.000
0.187070000,42.915610000,1645.000
0.187080000,42.915550000,1645.000
0.187110000,42.915450000,1646.000
0.187130000,42.915350000,1646.000
0.187150000,42.915210000,1647.000
0.187160000,42.915150000,1647.000
0.187150000,42.915120000,1648.000
0.187140000,42.915090000,1648.000
0.187130000,42.915070000,1649.000
0.187100000,42.915020000,1649.000
0.187020000,42.914920000,1650.000
0.186940000,42.914840000,1650.000
0.186870000,42.914780000,1651.000
0.186790000,42.914690000,1652.000
0.186740000,42.914630000,1653.000
0.186700000,42.914580000,1654.000
0.186660000,42.914510000,1655.000
0.186630000,42.914430000,1656.000
0.186610000,42.914370000,1657.000
0.186590000,42.914310000,1658.000
0.186580000,42.914260000,1659.000
0.186570000,42.914210000,1660.000
0.186570000,42.914170000,1661.000
0.186560000,42.914140000,1661.000
0.186560000,42.914110000,1662.000
0.186560000,42.914070000,1662.000
0.186570000,42.914010000,1663.000
0.186580000,42.913950000,1664.000
0.186590000,42.913910000,1664.000
0.186610000,42.913870000,1665.000
0.186630000,42.913820000,1666.000
0.186640000,42.913790000,1666.000
0.186640000,42.913760000,1667.000
0.186630000,42.913720000,1667.000
0.186620000,42.913670000,1668.000
0.186610000,42.913620000,1669.000
0.186600000,42.913590000,1669.000
0.186570000,42.913550000,1670.000
0.186530000,42.913520000,1670.000
0.186490000,42.913490000,1671.000
0.186420000,42.913460000,1672.000
0.186260000,42.913400000,1673.000
0.186110000,42.913360000,1674.000
0.185910000,42.913310000,1675.000
0.185770000,42.913260000,1676.000
0.185590000,42.913200000,1677.000
0.185340000,42.913120000,1678.000
0.185220000,42.913080000,1679.000
0.185080000,42.913040000,1680.000
0.184980000,42.913010000,1681.000
0.184890000,42.912970000,1681.000
0.184830000,42.912940000,1682.000
0.184770000,42.912900000,1682.000
0.184710000,42.912860000,1683.000
0.184660000,42.912820000,1683.000
0.184590000,42.912770000,1684.000
0.184510000,42.912690000,1684.000
0.184450000,42.912640000,1685.000
0.184400000,42.912590000,1685.000
0.184370000,42.912570000,1686.000
0.184330000,42.912520000,1686.000
0.184290000,42.912460000,1686.000
0.184260000,42.912410000,1687.000
0.184240000,42.912370000,1687.000
0.184220000,42.912330000,1687.000
0.184200000,42.912250000,1688.000
0.184180000,42.912130000,1688.000
0.184160000,42.911970000,1689.000
0.184150000,42.911930000,1690.000
0.184130000,42.911880000,1691.000
0.184090000,42.911800000,1692.000
0.184060000,42.911760000,1693.000
0.184020000,42.911710000,1693.000
0.183920000,42.911620000,1694.000
0.183820000,42.911540000,1695.000
0.183760000,42.911480000,1696.000
0.183750000,42.911480000,1697.000
0.183670000,42.911400000,1697.000
0.183620000,42.911360000,1698.000
0.183580000,42.911330000,1699.000
0.183530000,42.911300000,1699.000
0.183490000,42.911280000,1700.000
0.183380000,42.911240000,1700.000
0.183210000,42.911180000,1701.000
0.182990000,42.911110000,1703.000
0.182940000,42.911090000,1704.000
0.182770000,42.911050000,1705.000
0.182580000,42.911000000,1706.000
0.182490000,42.910970000,1707.000
0.182390000,42.910920000,1708.000
0.182280000,42.910870000,1710.000
0.182250000,42.910850000,1711.000
0.182120000,42.910760000,1712.000
0.181990000,42.910680000,1713.000
0.181880000,42.910610000,1715.000
0.181720000,42.910520000,1717.000
0.181680000,42.910500000,1718.000
0.181620000,42.910470000,1719.000
0.181480000,42.910400000,1720.000
0.181310000,42.910330000,1722.000
0.181220000,42.910300000,1723.000
0.181080000,42.910260000,1725.000
0.180970000,42.910230000,1726.000
0.180780000,42.910190000,1728.000
0.180480000,42.910140000,1730.000
0.180470000,42.910140000,1732.000
0.180320000,42.910110000,1733.000
0.180290000,42.910110000,1734.000
0.180140000,42.910080000,1735.000
0.180120000,42.910080000,1736.000
0.179990000,42.910060000,1737.000
0.179940000,42.910060000,1738.000
0.179880000,42.910050000,1738.000
0.179770000,42.910050000,1739.000
0.179760000,42.910050000,1740.000
0.179680000,42.910060000,1740.000
0.179620000,42.910070000,1741.000
0.179480000,42.910110000,1742.000
0.179470000,42.910110000,1742.000
0.179390000,42.910150000,1743.000
0.179340000,42.910180000,1744.000
0.179300000,42.910220000,1744.000
0.179270000,42.910270000,1745.000
0.179180000,42.910420000,1746.000
0.179080000,42.910620000,1748.000
0.179010000,42.910750000,1749.000
0.178970000,42.910820000,1751.000
0.178880000,42.910900000,1752.000
0.178800000,42.910960000,1753.000
0.178740000,42.911000000,1754.000
0.178640000,42.911030000,1755.000
0.178530000,42.911050000,1756.000
0.178430000,42.911070000,1757.000
0.178290000,42.911080000,1758.000
0.178170000,42.911080000,1758.000
0.178060000,42.911080000,1759.000
0.177900000,42.911070000,1760.000
0.177700000,42.911060000,1761.000
0.177510000,42.911040000,1762.000
0.177420000,42.911030000,1762.000
0.177330000,42.911010000,1763.000
0.177240000,42.910990000,1764.000
0.177230000,42.910990000,1764.000
0.177140000,42.910960000,1765.000
0.177040000,42.910930000,1765.000
0.176920000,42.910880000,1766.000
0.176870000,42.910860000,1766.000
0.176800000,42.910830000,1767.000
0.176640000,42.910770000,1767.000
0.176470000,42.910710000,1768.000
0.176200000,42.910620000,1769.000
0.176040000,42.910580000,1770.000
0.175920000,42.910560000,1771.000
0.175780000,42.910550000,1772.000
0.175660000,42.910540000,1773.000
0.175040000,42.910570000,1774.000
0.174790000,42.910560000,1775.000
0.174640000,42.910560000,1776.000
0.174590000,42.910560000,1777.000
0.174520000,42.910560000,1778.000
0.174410000,42.910550000,1778.000
0.174310000,42.910540000,1779.000
0.174190000,42.910530000,1779.000
0.174050000,42.910500000,1780.000
0.174020000,42.910490000,1780.000
0.173900000,42.910470000,1781.000
0.173790000,42.910430000,1781.000
0.173560000,42.910350000,1782.000
0.173350000,42.910290000,1783.000
0.173110000,42.910260000,1784.000
0.172710000,42.910250000,1786.000
0.172610000,42.910260000,1788.000
0.172310000,42.910270000,1789.000
0.172120000,42.910280000,1791.000
0.171660000,42.910290000,1793.000
0.171090000,42.910290000,1796.000
0.171020000,42.910290000,1798.000
0.170890000,42.910290000,1800.000
0.170660000,42.910280000,1802.000
0.170510000,42.910280000,1803.000
0.170400000,42.910280000,1805.000
0.170330000,42.910270000,1806.000
0.170150000,42.910270000,1807.000
0.169910000,42.910260000,1809.000
0.169710000,42.910230000,1810.000
0.169670000,42.910230000,1811.000
0.169500000,42.910210000,1813.000
0.169430000,42.910200000,1814.000
0.169350000,42.910190000,1815.000
0.169190000,42.910140000,1816.000
0.169130000,42.910120000,1817.000
0.169000000,42.910070000,1818.000
0.168920000,42.910030000,1819.000
0.168720000,42.909950000,1820.000
0.168480000,42.909870000,1821.000
0.168400000,42.909860000,1822.000
0.168250000,42.909830000,1823.000
0.168040000,42.909770000,1824.000
0.167960000,42.909720000,1825.000
0.167880000,42.909660000,1825.000
0.167670000,42.909550000,1826.000
0.167520000,42.909510000,1827.000
0.167410000,42.909480000,1828.000
0.167310000,42.909460000,1828.000
0.167120000,42.909430000,1829.000
0.166900000,42.909420000,1830.000
0.166670000,42.909420000,1831.000
0.166520000,42.909410000,1831.000
0.166430000,42.909430000,1832.000
0.166330000,42.909450000,1833.000
0.166190000,42.909410000,1834.000
0.166040000,42.909420000,1835.000
0.165860000,42.909430000,1836.000
0.165700000,42.909460000,1838.000
0.165540000,42.909480000,1839.000
0.165390000,42.909520000,1841.000
0.165150000,42.909550000,1842.000
0.164970000,42.909550000,1844.000
0.164840000,42.909550000,1846.000
0.164700000,42.909570000,1847.000
0.164410000,42.909630000,1849.000
0.164340000,42.909640000,1851.000
0.164270000,42.909640000,1852.000
0.164260000,42.909640000,1853.000
0.164180000,42.909630000,1853.000
0.164030000,42.909600000,1854.000
0.163890000,42.909570000,1855.000
0.163760000,42.909540000,1856.000
0.163680000,42.909530000,1857.000
0.163290000,42.909470000,1858.000
0.163210000,42.909460000,1859.000
0.163140000,42.909450000,1860.000
0.163070000,42.909430000,1861.000
0.162970000,42.909400000,1861.000
0.162900000,42.909370000,1862.000
0.162830000,42.909350000,1863.000
0.162700000,42.909290000,1863.000
0.162580000,42.909240000,1864.000
0.162420000,42.909160000,1865.000
0.162280000,42.909100000,1866.000
0.162140000,42.909050000,1866.000
0.162000000,42.909000000,1867.000
0.161990000,42.908990000,1868.000
0.161840000,42.908940000,1869.000
0.161770000,42.908930000,1869.000
0.161690000,42.908900000,1870.000
0.161540000,42.908860000,1871.000
0.161530000,42.908860000,1871.000
0.161360000,42.908820000,1872.000
0.161180000,42.908780000,1873.000
0.160990000,42.908740000,1874.000
0.160810000,42.908710000,1876.000
0.160630000,42.908680000,1877.000
0.160600000,42.908670000,1878.000
0.160460000,42.908650000,1879.000
0.160340000,42.908630000,1880.000
0.160190000,42.908610000,1881.000
0.160090000,42.908590000,1882.000
0.160010000,42.908580000,1883.000
0.159900000,42.908560000,1884.000
0.159820000,42.908540000,1884.000
0.159730000,42.908520000,1885.000
0.159580000,42.908480000,1886.000
0.159510000,42.908450000,1887.000
0.159450000,42.908430000,1888.000
0.159390000,42.908410000,1888.000
0.159300000,42.908370000,1889.000
0.159250000,42.908340000,1890.000
0.159180000,42.908310000,1890.000
0.159090000,42.908270000,1891.000
0.158980000,42.908190000,1892.000
0.158850000,42.908080000,1893.000
0.158720000,42.907980000,1894.000
0.158560000,42.907870000,1895.000
0.158340000,42.907740000,1897.000
0.158270000,42.907700000,1898.000
0.158130000,42.907600000,1900.000
0.158120000,42.907590000,1901.000
0.157980000,42.907500000,1902.000
0.157930000,42.907470000,1903.000
0.157850000,42.907430000,1903.000
0.157750000,42.907390000,1904.000
0.157660000,42.907360000,1905.000
0.157600000,42.907330000,1906.000
0.157530000,42.907310000,1906.000
0.157450000,42.907280000,1907.000
0.157360000,42.907240000,1908.000
0.157300000,42.907200000,1908.000
0.157190000,42.907130000,1909.000
0.157050000,42.907040000,1910.000
0.156940000,42.906990000,1911.000
0.156810000,42.906930000,1912.000
0.156720000,42.906900000,1913.000
0.156660000,42.906880000,1914.000
0.156590000,42.906860000,1914.000
0.156520000,42.906830000,1915.000
0.156370000,42.906790000,1916.000
0.156240000,42.906750000,1917.000
0.156060000,42.906690000,1918.000
0.155910000,42.906660000,1919.000
0.155870000,42.906650000,1919.000
0.155760000,42.906640000,1920.000
0.155650000,42.906630000,1921.000
0.155620000,42.906630000,1921.000
0.155520000,42.906610000,1922.000
0.155390000,42.906570000,1923.000
0.155310000,42.906550000,1924.000
0.155220000,42.906540000,1924.000
0.155140000,42.906520000,1925.000
0.155120000,42.906520000,1925.000
0.154980000,42.906510000,1926.000
0.154920000,42.906510000,1926.000
0.154780000,42.906500000,1927.000
0.154680000,42.906500000,1927.000
0.154650000,42.906500000,1928.000
0.154600000,42.906500000,1928.000
0.154510000,42.906500000,1929.000
0.154400000,42.906500000,1929.000
0.154280000,42.906510000,1930.000
0.154170000,42.906520000,1930.000
0.154110000,42.906530000,1931.000
0.154030000,42.906550000,1931.000
0.153980000,42.906570000,1932.000
0.153950000,42.906590000,1932.000
0.153940000,42.906590000,1932.000
0.153910000,42.906610000,1933.000
0.153890000,42.906640000,1933.000
0.153880000,42.906670000,1933.000
0.153870000,42.906700000,1933.000
0.153880000,42.906720000,1934.000
0.153900000,42.906740000,1934.000
0.153900000,42.906750000,1934.000
0.153920000,42.906760000,1934.000
0.153960000,42.906780000,1934.000
0.153990000,42.906780000,1935.000
0.154050000,42.906780000,1935.000
0.154110000,42.906780000,1935.000
0.154140000,42.906770000,1935.000
0.154200000,42.906760000,1936.000
0.154270000,42.906750000,1936.000
0.154330000,42.906740000,1936.000
0.154400000,42.906730000,1937.000
0.154450000,42.906730000,1937.000
0.154500000,42.906720000,1937.000
0.154550000,42.906720000,1938.000
0.154600000,42.906720000,1938.000
0.154620000,42.906730000,1938.000
0.154630000,42.906730000,1938.000
0.154670000,42.906740000,1938.000
0.154710000,42.906760000,1939.000
0.154770000,42.906780000,1939.000
0.154830000,42.906810000,1939.000
0.154900000,42.906860000,1940.000
0.154970000,42.906910000,1940.000
0.155010000,42.906940000,1940.000
0.155140000,42.907050000,1941.000
0.155180000,42.907070000,1941.000
0.155270000,42.907140000,1942.000
0.155350000,42.907180000,1942.000
0.155440000,42.907250000,1943.000
0.155480000,42.907280000,1943.000
0.155520000,42.907320000,1944.000
0.155550000,42.907350000,1944.000
0.155570000,42.907400000,1944.000
0.155600000,42.907460000,1945.000
0.155630000,42.907530000,1945.000
0.155650000,42.907570000,1946.000
0.155680000,42.907610000,1946.000
0.155730000,42.907650000,1946.000
0.155760000,42.907680000,1947.000
0.155860000,42.907760000,1947.000
0.155990000,42.907860000,1948.000
0.156060000,42.907900000,1948.000
0.156070000,42.907910000,1949.000
0.156110000,42.907930000,1949.000
0.156160000,42.907970000,1949.000
0.156190000,42.908000000,1950.000
0.156230000,42.908050000,1950.000
0.156250000,42.908080000,1950.000
0.156250000,42.908100000,1950.000
0.156250000,42.908140000,1951.000
0.156240000,42.908190000,1951.000
0.156230000,42.908220000,1951.000
0.156220000,42.908260000,1952.000
0.156220000,42.908300000,1952.000
0.156220000,42.908340000,1953.000
0.156240000,42.908380000,1953.000
0.156250000,42.908410000,1954.000
0.156290000,42.908490000,1954.000
0.156330000,42.908570000,1955.000
0.156360000,42.908640000,1956.000
0.156390000,42.908730000,1957.000
0.156410000,42.908800000,1958.000
0.156420000,42.908890000,1959.000
0.156410000,42.908930000,1960.000
0.156400000,42.908970000,1961.000
0.156380000,42.908990000,1962.000
0.156370000,42.909020000,1962.000
0.156260000,42.909130000,1963.000
0.156250000,42.909140000,1964.000
0.156110000,42.909300000,1965.000
0.156050000,42.909400000,1967.000
0.156020000,42.909460000,1968.000
0.156010000,42.909480000,1969.000
0.156000000,42.909540000,1970.000
0.156000000,42.909590000,1970.000
0.156010000,42.909630000,1971.000
0.156010000,42.909640000,1972.000
0.156030000,42.909680000,1972.000
0.156060000,42.909720000,1973.000
0.156100000,42.909760000,1973.000
0.156140000,42.909790000,1974.000
0.156190000,42.909830000,1975.000
0.156220000,42.909860000,1975.000
0.156250000,42.909900000,1976.000
0.156270000,42.909940000,1976.000
0.156270000,42.909960000,1977.000
0.156270000,42.910000000,1977.000
0.156250000,42.910040000,1978.000
0.156230000,42.910070000,1978.000
0.156200000,42.910100000,1979.000
0.156170000,42.910120000,1979.000
0.156120000,42.910140000,1979.000
0.156060000,42.910150000,1980.000
0.156010000,42.910150000,1980.000
0.155970000,42.910140000,1981.000
0.155960000,42.910140000,1981.000
0.155910000,42.910130000,1981.000
0.155830000,42.910090000,1982.000
0.155770000,42.910060000,1983.000
0.155750000,42.910050000,1983.000
0.155660000,42.909980000,1984.000
0.155600000,42.909910000,1984.000
0.155590000,42.909900000,1985.000
0.155540000,42.909840000,1986.000
0.155490000,42.909760000,1986.000
0.155480000,42.909750000,1987.000
0.155440000,42.909700000,1988.000
0.155390000,42.909660000,1988.000
0.155340000,42.909620000,1989.000
0.155330000,42.909610000,1989.000
0.155280000,42.909570000,1990.000
0.155150000,42.909490000,1991.000
0.154970000,42.909370000,1992.000
0.154960000,42.909360000,1993.000
0.154840000,42.909280000,1994.000
0.154790000,42.909250000,1995.000
0.154740000,42.909210000,1995.000
0.154710000,42.909170000,1996.000
0.154680000,42.909120000,1997.000
0.154660000,42.909090000,1997.000
0.154650000,42.909020000,1998.000
0.154640000,42.908980000,1998.000
0.154630000,42.908910000,1998.000
0.154620000,42.908870000,1999.000
0.154610000,42.908830000,1999.000
0.154580000,42.908790000,2000.000
0.154550000,42.908760000,2000.000
0.154510000,42.908730000,2000.000
0.154470000,42.908700000,2000.000
0.154410000,42.908670000,2001.000
0.154350000,42.908640000,2001.000
0.154210000,42.908590000,2002.000
0.154130000,42.908550000,2002.000
0.154080000,42.908530000,2002.000
0.153930000,42.908480000,2003.000
0.153840000,42.908450000,2004.000
0.153760000,42.908430000,2004.000
0.153690000,42.908420000,2004.000
0.153610000,42.908400000,2005.000
0.153520000,42.908400000,2005.000
0.153450000,42.908410000,2006.000
0.153380000,42.908410000,2006.000
0.153300000,42.908430000,2007.000
0.153140000,42.908480000,2007.000
0.152980000,42.908540000,2008.000
0.152730000,42.908640000,2009.000
0.152630000,42.908680000,2010.000
0.152550000,42.908720000,2011.000
0.152490000,42.908740000,2011.000
0.152410000,42.908760000,2012.000
0.152330000,42.908780000,2013.000
0.152280000,42.908790000,2013.000
0.152150000,42.908810000,2014.000
0.152090000,42.908820000,2015.000
0.152060000,42.908830000,2016.000
0.151980000,42.908840000,2016.000
0.151880000,42.908860000,2017.000
0.151850000,42.908870000,2017.000
0.151710000,42.908910000,2018.000
0.151640000,42.908930000,2019.000
0.151620000,42.908930000,2020.000
0.151560000,42.908950000,2020.000
0.151500000,42.908970000,2021.000
0.151420000,42.908980000,2021.000
0.151390000,42.908990000,2022.000
0.151370000,42.908990000,2022.000
0.151290000,42.909000000,2023.000
0.151230000,42.909000000,2023.000
0.151170000,42.908990000,2024.000
0.151110000,42.908990000,2024.000
0.151040000,42.908980000,2025.000
0.150970000,42.908960000,2025.000
0.150910000,42.908940000,2026.000
0.150830000,42.908920000,2026.000
0.150640000,42.908860000,2027.000
0.150480000,42.908810000,2029.000
0.150460000,42.908800000,2029.000
0.150320000,42.908740000,2030.000
0.150250000,42.908710000,2031.000
0.150200000,42.908690000,2032.000
0.150110000,42.908660000,2033.000
0.150000000,42.908620000,2033.000
0.149880000,42.908600000,2034.000
0.149790000,42.908590000,2035.000
0.149760000,42.908590000,2035.000
0.149660000,42.908590000,2036.000
0.149570000,42.908600000,2036.000
0.149470000,42.908620000,2037.000
0.149400000,42.908640000,2038.000
0.149320000,42.908650000,2038.000
0.149310000,42.908660000,2039.000
0.149230000,42.908670000,2039.000
0.149180000,42.908680000,2039.000
0.149130000,42.908690000,2040.000
0.149070000,42.908690000,2040.000
0.149060000,42.908690000,2040.000
0.149020000,42.908690000,2041.000
0.148990000,42.908690000,2041.000
0.148980000,42.908680000,2041.000
0.148970000,42.908670000,2041.000
0.148940000,42.908660000,2041.000
0.148920000,42.908650000,2042.000
0.148910000,42.908620000,2042.000
0.148900000,42.908580000,2042.000
0.148900000,42.908520000,2042.000
0.148890000,42.908480000,2043.000
0.148900000,42.908420000,2043.000
0.148900000,42.908370000,2044.000
0.148910000,42.908320000,2044.000
0.148910000,42.908270000,2044.000
0.148910000,42.908230000,2045.000
0.148910000,42.908200000,2045.000
0.148910000,42.908130000,2046.000
0.148900000,42.908080000,2046.000
0.148900000,42.908050000,2047.000
0.148890000,42.908030000,2047.000
0.148870000,42.907990000,2047.000
0.148830000,42.907920000,2048.000
0.148810000,42.907880000,2048.000
0.148800000,42.907870000,2048.000
0.148780000,42.907820000,2049.000
0.148750000,42.907790000,2049.000
0.148740000,42.907760000,2050.000
0.148730000,42.907720000,2050.000
0.148720000,42.907670000,2051.000
0.148730000,42.907630000,2051.000
0.148730000,42.907580000,2052.000
0.148750000,42.907520000,2052.000
0.148750000,42.907460000,2053.000
0.148750000,42.907410000,2053.000
0.148720000,42.907350000,2054.000
0.148660000,42.907260000,2055.000
0.148510000,42.907080000,2056.000
0.148480000,42.907050000,2057.000
0.148410000,42.906960000,2058.000
0.148380000,42.906930000,2059.000
0.148370000,42.906910000,2060.000
0.148360000,42.906890000,2061.000
0.148330000,42.906860000,2061.000
0.148300000,42.906810000,2062.000
0.148270000,42.906760000,2062.000
0.148240000,42.906700000,2063.000
0.148220000,42.906650000,2063.000
0.148200000,42.906600000,2064.000
0.148200000,42.906570000,2065.000
0.148200000,42.906560000,2065.000
0.148190000,42.906520000,2065.000
0.148190000,42.906450000,2066.000
0.148210000,42.906410000,2066.000
0.148230000,42.906350000,2067.000
0.148240000,42.906330000,2068.000
0.148270000,42.906280000,2068.000
0.148290000,42.906250000,2069.000
0.148310000,42.906220000,2069.000
0.148310000,42.906210000,2069.000
0.148320000,42.906170000,2070.000
0.148310000,42.906110000,2070.000
0.148310000,42.906090000,2070.000
0.148300000,42.906070000,2071.000
0.148290000,42.906050000,2071.000
0.148280000,42.906040000,2071.000
0.148260000,42.906030000,2071.000
0.148220000,42.906020000,2072.000
0.148200000,42.906020000,2072.000
0.148180000,42.906020000,2072.000
0.148140000,42.906020000,2072.000
0.148120000,42.906030000,2072.000
0.148070000,42.906040000,2073.000
0.148050000,42.906050000,2073.000
0.148050000,42.906060000,2073.000
0.148030000,42.906070000,2073.000
0.148020000,42.906090000,2073.000
0.148000000,42.906130000,2074.000
0.147980000,42.906150000,2074.000
0.147970000,42.906200000,2074.000
0.147960000,42.906220000,2075.000
0.147950000,42.906250000,2075.000
0.147940000,42.906270000,2075.000
0.147910000,42.906330000,2076.000
0.147900000,42.906380000,2076.000
0.147900000,42.906390000,2076.000
0.147890000,42.906420000,2077.000
0.147870000,42.906500000,2077.000
0.147850000,42.906570000,2078.000
0.147830000,42.906660000,2078.000
0.147820000,42.906720000,2079.000
0.147820000,42.906750000,2079.000
0.147810000,42.906790000,2080.000
0.147800000,42.906840000,2080.000
0.147770000,42.906930000,2081.000
0.147740000,42.907010000,2082.000
0.147680000,42.907210000,2083.000
0.147660000,42.907250000,2084.000
0.147650000,42.907290000,2084.000
0.147630000,42.907330000,2085.000
0.147590000,42.907390000,2086.000
0.147550000,42.907440000,2086.000
0.147510000,42.907480000,2087.000
0.147460000,42.907530000,2088.000
0.147230000,42.907720000,2089.000
0.147210000,42.907730000,2091.000
0.146910000,42.907970000,2093.000
0.146740000,42.908100000,2096.000
0.146570000,42.908230000,2099.000
0.146410000,42.908360000,2101.000
0.146380000,42.908380000,2103.000
0.146280000,42.908460000,2105.000
0.146240000,42.908490000,2106.000
0.146200000,42.908510000,2108.000
0.146130000,42.908550000,2109.000
0.146040000,42.908590000,2110.000
0.145990000,42.908610000,2111.000
0.145920000,42.908610000,2112.000
0.145880000,42.908610000,2112.000
0.145820000,42.908610000,2113.000
0.145740000,42.908590000,2114.000
0.145710000,42.908570000,2114.000
0.145640000,42.908540000,2114.000
0.145610000,42.908530000,2114.000
0.145560000,42.908510000,2114.000
0.145490000,42.908480000,2113.000
0.145450000,42.908470000,2113.000
0.145430000,42.908460000,2113.000
0.145390000,42.908440000,2112.000
0.145320000,42.908410000,2112.000
0.145290000,42.908400000,2111.000
0.145290000,42.908390000,2111.000
0.145260000,42.908370000,2111.000
0.145210000,42.908330000,2110.000
0.145200000,42.908320000,2110.000
0.145170000,42.908290000,2109.000
0.145140000,42.908240000,2109.000
0.145130000,42.908190000,2108.000
0.145130000,42.908150000,2108.000
0.145130000,42.908110000,2107.000
0.145140000,42.908070000,2106.000
0.145150000,42.908020000,2106.000
0.145160000,42.907990000,2105.000
0.145180000,42.907960000,2105.000
0.145200000,42.907910000,2104.000
0.145210000,42.907880000,2104.000
0.145230000,42.907830000,2103.000
0.145230000,42.907820000,2103.000
0.145220000,42.907760000,2102.000
0.145210000,42.907720000,2102.000
0.145190000,42.907660000,2101.000
0.145190000,42.907640000,2100.000
0.145180000,42.907620000,2100.000
0.145160000,42.907550000,2099.000
0.145140000,42.907510000,2099.000
0.145140000,42.907470000,2098.000
0.145140000,42.907410000,2098.000
0.145140000,42.907350000,2097.000
0.145150000,42.907310000,2096.000
0.145160000,42.907250000,2095.000
0.145170000,42.907180000,2095.000
0.145180000,42.907110000,2094.000
0.145190000,42.907060000,2093.000
0.145220000,42.906990000,2092.000
0.145240000,42.906930000,2092.000
0.145270000,42.906870000,2091.000
0.145300000,42.906840000,2090.000
0.145340000,42.906810000,2090.000
0.145370000,42.906780000,2090.000
0.145400000,42.906770000,2089.000
0.145450000,42.906740000,2089.000
0.145510000,42.906710000,2089.000
0.145570000,42.906680000,2089.000
0.145620000,42.906640000,2088.000
0.145670000,42.906600000,2088.000
0.145700000,42.906530000,2088.000
0.145750000,42.906460000,2087.000
0.145810000,42.906370000,2087.000
0.146050000,42.906110000,2086.000
0.146210000,42.905980000,2085.000
0.146250000,42.905940000,2084.000
0.146270000,42.905920000,2084.000
0.146330000,42.905890000,2083.000
0.146390000,42.905860000,2083.000
0.146460000,42.905790000,2082.000
0.146500000,42.905750000,2082.000
0.146540000,42.905690000,2082.000
0.146560000,42.905660000,2081.000
0.146580000,42.905610000,2081.000
0.146640000,42.905490000,2080.000
0.146690000,42.905380000,2080.000
0.146700000,42.905350000,2079.000
0.146730000,42.905290000,2078.000
0.146730000,42.905260000,2077.000
0.146730000,42.905240000,2077.000
0.146730000,42.905230000,2076.000
0.146730000,42.905220000,2076.000
0.146720000,42.905200000,2076.000
0.146700000,42.905190000,2076.000
0.146690000,42.905190000,2075.000
0.146680000,42.905180000,2075.000
0.146670000,42.905180000,2075.000
0.146650000,42.905180000,2075.000
0.146630000,42.905180000,2075.000
0.146610000,42.905180000,2074.000
0.146590000,42.905180000,2074.000
0.146580000,42.905190000,2074.000
0.146570000,42.905190000,2074.000
0.146560000,42.905200000,2074.000
0.146540000,42.905230000,2073.000
0.146520000,42.905270000,2073.000
0.146510000,42.905300000,2073.000
0.146500000,42.905320000,2072.000
0.146470000,42.905370000,2072.000
0.146440000,42.905440000,2071.000
0.146430000,42.905470000,2070.000
0.146430000,42.905500000,2070.000
0.146400000,42.905550000,2069.000
0.146330000,42.905610000,2068.000
0.146270000,42.905650000,2068.000
0.146220000,42.905690000,2067.000
0.146150000,42.905730000,2066.000
0.146130000,42.905750000,2065.000
0.146060000,42.905790000,2065.000
0.146000000,42.905820000,2064.000
0.145950000,42.905850000,2063.000
0.145880000,42.905880000,2062.000
0.145820000,42.905910000,2062.000
0.145750000,42.905940000,2061.000
0.145660000,42.905960000,2060.000
0.145590000,42.905980000,2059.000
0.145520000,42.906000000,2058.000
0.145490000,42.906010000,2058.000
0.145470000,42.906020000,2057.000
0.145400000,42.906030000,2057.000
0.145280000,42.906060000,2056.000
0.145230000,42.906070000,2055.000
0.145160000,42.906090000,2054.000
0.145070000,42.906130000,2054.000
0.145010000,42.906160000,2054.000
0.144940000,42.906180000,2053.000
0.144850000,42.906210000,2053.000
0.144790000,42.906240000,2053.000
0.144730000,42.906270000,2053.000
0.144690000,42.906300000,2053.000
0.144650000,42.906330000,2052.000
0.144610000,42.906370000,2052.000
0.144560000,42.906440000,2052.000
0.144520000,42.906490000,2052.000
0.144520000,42.906500000,2052.000
0.144500000,42.906540000,2052.000
0.144460000,42.906610000,2052.000
0.144440000,42.906660000,2051.000
0.144400000,42.906740000,2051.000
0.144370000,42.906800000,2051.000
0.144340000,42.906860000,2051.000
0.144300000,42.906930000,2051.000
0.144270000,42.906960000,2051.000
0.144240000,42.906990000,2050.000
0.144240000,42.907000000,2050.000
0.144180000,42.907070000,2050.000
0.144160000,42.907100000,2050.000
0.144120000,42.907130000,2050.000
0.144110000,42.907140000,2050.000
0.144070000,42.907170000,2050.000
0.144040000,42.907200000,2050.000
0.144030000,42.907230000,2049.000
0.143960000,42.907340000,2049.000
0.143900000,42.907400000,2049.000
0.143870000,42.907420000,2049.000
0.143850000,42.907430000,2049.000
0.143810000,42.907450000,2049.000
0.143750000,42.907470000,2048.000
0.143700000,42.907480000,2048.000
0.143650000,42.907480000,2047.000
0.143590000,42.907480000,2047.000
0.143490000,42.907480000,2046.000
0.143410000,42.907470000,2045.000
0.143330000,42.907460000,2044.000
0.143240000,42.907440000,2043.000
0.143190000,42.907430000,2042.000
0.143120000,42.907420000,2041.000
0.143120000,42.907410000,2041.000
0.143030000,42.907390000,2040.000
0.142900000,42.907340000,2038.000
0.142800000,42.907300000,2037.000
0.142680000,42.907230000,2036.000
0.142600000,42.907200000,2034.000
0.142540000,42.907190000,2033.000
0.142470000,42.907180000,2032.000
0.142460000,42.907190000,2031.000
0.142400000,42.907190000,2030.000
0.142300000,42.907190000,2029.000
0.142220000,42.907210000,2028.000
0.142100000,42.907230000,2027.000
0.141990000,42.907240000,2026.000
0.141870000,42.907280000,2024.000
0.141750000,42.907310000,2023.000
0.141590000,42.907350000,2021.000
0.141490000,42.907370000,2020.000
0.141330000,42.907430000,2018.000
0.141230000,42.907470000,2017.000
0.141190000,42.907500000,2016.000
0.141130000,42.907540000,2015.000
0.141090000,42.907570000,2015.000
0.141040000,42.907600000,2014.000
0.140980000,42.907650000,2013.000
0.140920000,42.907690000,2013.000
0.140850000,42.907730000,2012.000
0.140820000,42.907760000,2012.000
0.140800000,42.907770000,2011.000
0.140780000,42.907790000,2011.000
0.140720000,42.907860000,2010.000
0.140680000,42.907900000,2010.000
0.140650000,42.907920000,2010.000
0.140630000,42.907940000,2009.000
0.140610000,42.907950000,2009.000
0.140550000,42.907990000,2009.000
0.140490000,42.908020000,2008.000
0.140460000,42.908030000,2008.000
0.140410000,42.908060000,2007.000
0.140360000,42.908100000,2007.000
0.140320000,42.908140000,2007.000
0.140300000,42.908160000,2006.000
0.140280000,42.908180000,2006.000
0.140240000,42.908240000,2005.000
0.140200000,42.908290000,2005.000
0.140170000,42.908340000,2005.000
0.140140000,42.908400000,2004.000
0.140090000,42.908450000,2003.000
0.140050000,42.908490000,2003.000
0.139960000,42.908540000,2002.000
0.139900000,42.908590000,2002.000
0.139880000,42.908600000,2001.000
0.139840000,42.908620000,2001.000
0.139780000,42.908660000,2000.000
0.139740000,42.908690000,2000.000
0.139690000,42.908750000,1999.000
0.139660000,42.908780000,1999.000
0.139600000,42.908840000,1998.000
0.139580000,42.908870000,1998.000
0.139560000,42.908890000,1997.000
0.139510000,42.908960000,1997.000
0.139480000,42.908990000,1996.000
0.139450000,42.909040000,1996.000
0.139420000,42.909080000,1995.000
0.139410000,42.909110000,1995.000
0.139380000,42.909180000,1994.000
0.139360000,42.909240000,1994.000
0.139350000,42.909320000,1993.000
0.139340000,42.909430000,1992.000
0.139330000,42.909490000,1992.000
0.139330000,42.909530000,1991.000
0.139340000,42.909590000,1990.000
0.139370000,42.909720000,1990.000
0.139370000,42.909730000,1989.000
0.139370000,42.909790000,1988.000
0.139370000,42.909850000,1988.000
0.139370000,42.909910000,1987.000
0.139370000,42.909920000,1987.000
0.139370000,42.909980000,1986.000
0.139350000,42.910050000,1986.000
0.139350000,42.910090000,1985.000
0.139350000,42.910120000,1985.000
0.139350000,42.910180000,1984.000
0.139350000,42.910240000,1984.000
0.139350000,42.910310000,1983.000
0.139370000,42.910450000,1982.000
0.139390000,42.910540000,1981.000
0.139410000,42.910620000,1980.000
0.139410000,42.910630000,1980.000
0.139430000,42.910690000,1979.000
0.139470000,42.910770000,1978.000
0.139480000,42.910800000,1977.000
0.139500000,42.910860000,1977.000
0.139520000,42.910970000,1976.000
0.139540000,42.911080000,1975.000
0.139540000,42.911160000,1973.000
0.139540000,42.911170000,1973.000
0.139520000,42.911220000,1972.000
0.139500000,42.911250000,1971.000
0.139470000,42.911290000,1971.000
0.139430000,42.911310000,1970.000
0.139420000,42.911310000,1970.000
0.139420000,42.911320000,1969.000
0.139370000,42.911340000,1969.000
0.139300000,42.911360000,1969.000
0.139220000,42.911380000,1968.000
0.139130000,42.911410000,1967.000
0.139070000,42.911430000,1967.000
0.139010000,42.911460000,1966.000
0.138790000,42.911580000,1965.000
0.138690000,42.911630000,1963.000
0.138590000,42.911690000,1962.000
0.138580000,42.911690000,1961.000
0.138520000,42.911730000,1961.000
0.138480000,42.911770000,1960.000
0.138450000,42.911830000,1959.000
0.138430000,42.911890000,1958.000
0.138410000,42.911960000,1958.000
0.138400000,42.912030000,1957.000
0.138380000,42.912110000,1956.000
0.138360000,42.912180000,1956.000
0.138320000,42.912250000,1955.000
0.138290000,42.912330000,1955.000
0.138250000,42.912390000,1954.000
0.138200000,42.912460000,1953.000
0.138160000,42.912510000,1953.000
0.137920000,42.912690000,1952.000
0.137620000,42.912870000,1950.000
0.137540000,42.912900000,1949.000
0.137490000,42.912930000,1948.000
0.137460000,42.912940000,1947.000
0.137440000,42.912960000,1947.000
0.137410000,42.913000000,1946.000
0.137260000,42.913250000,1945.000
0.137230000,42.913290000,1945.000
0.137200000,42.913330000,1944.000
0.137170000,42.913350000,1943.000
0.137130000,42.913370000,1943.000
0.137080000,42.913390000,1943.000
0.137020000,42.913400000,1942.000
0.136980000,42.913390000,1942.000
0.136910000,42.913380000,1942.000
0.136890000,42.913370000,1942.000
0.136850000,42.913350000,1942.000
0.136810000,42.913320000,1941.000
0.136790000,42.913300000,1941.000
0.136780000,42.913280000,1941.000
0.136760000,42.913260000,1941.000
0.136760000,42.913240000,1941.000
0.136750000,42.913190000,1941.000
0.136760000,42.913160000,1941.000
0.136770000,42.913120000,1940.000
0.136780000,42.913110000,1940.000
0.136800000,42.913070000,1940.000
0.136840000,42.913030000,1940.000
0.136870000,42.913010000,1940.000
0.136910000,42.912980000,1940.000
0.136920000,42.912970000,1940.000
0.136960000,42.912940000,1939.000
0.137010000,42.912900000,1939.000
0.137050000,42.912880000,1939.000
0.137090000,42.912860000,1939.000
0.137100000,42.912850000,1939.000
0.137160000,42.912820000,1939.000
0.137230000,42.912800000,1938.000
0.137290000,42.912770000,1938.000
0.137360000,42.912740000,1938.000
0.137450000,42.912710000,1938.000
0.137510000,42.912670000,1937.000
0.137580000,42.912630000,1937.000
0.137640000,42.912580000,1937.000
0.137670000,42.912550000,1937.000
0.137710000,42.912500000,1936.000
0.137720000,42.912480000,1936.000
0.137760000,42.912420000,1936.000
0.137790000,42.912360000,1936.000
0.137820000,42.912310000,1936.000
0.137840000,42.912250000,1935.000
0.137860000,42.912180000,1935.000
0.137880000,42.912100000,1935.000
0.137880000,42.912050000,1935.000
0.137880000,42.912020000,1934.000
0.137870000,42.911940000,1934.000
0.137850000,42.911890000,1934.000
0.137850000,42.911830000,1934.000
0.137860000,42.911750000,1933.000
0.137860000,42.911720000,1933.000
0.137870000,42.911680000,1933.000
0.137870000,42.911670000,1933.000
0.137880000,42.911650000,1933.000
0.137890000,42.911620000,1933.000
0.137920000,42.911570000,1932.000
0.137960000,42.911530000,1932.000
0.137980000,42.911510000,1932.000
0.138010000,42.911480000,1932.000
0.138050000,42.911450000,1932.000
0.138100000,42.911410000,1932.000
0.138150000,42.911370000,1932.000
0.138210000,42.911330000,1931.000
0.138260000,42.911280000,1931.000
0.138300000,42.911240000,1931.000
0.138310000,42.911230000,1931.000
0.138350000,42.911190000,1931.000
0.138440000,42.911140000,1930.000
0.138480000,42.911120000,1930.000
0.138500000,42.911110000,1930.000
0.138540000,42.911080000,1930.000
0.138550000,42.911070000,1930.000
0.138560000,42.911060000,1930.000
0.138570000,42.911040000,1930.000
0.138580000,42.911020000,1930.000
0.138580000,42.911000000,1929.000
0.138570000,42.910970000,1929.000
0.138570000,42.910960000,1929.000
0.138570000,42.910950000,1929.000
0.138540000,42.910910000,1929.000
0.138520000,42.910900000,1929.000
0.138470000,42.910880000,1929.000
0.138410000,42.910840000,1929.000
0.138390000,42.910840000,1929.000
0.138310000,42.910790000,1928.000
0.138230000,42.910750000,1928.000
0.138150000,42.910690000,1928.000
0.138120000,42.910670000,1928.000
0.138100000,42.910660000,1928.000
0.138080000,42.910640000,1927.000
0.138070000,42.910620000,1927.000
0.138060000,42.910600000,1927.000
0.138060000,42.910580000,1927.000
0.138050000,42.910540000,1926.000
0.138050000,42.910490000,1926.000
0.138050000,42.910450000,1926.000
0.138050000,42.910400000,1925.000
0.138050000,42.910350000,1925.000
0.138050000,42.910330000,1925.000
0.138070000,42.910280000,1924.000
0.138070000,42.910240000,1924.000
0.138070000,42.910210000,1924.000
0.138070000,42.910170000,1923.000
0.138060000,42.910140000,1923.000
0.138040000,42.910100000,1923.000
0.138030000,42.910060000,1922.000
0.138030000,42.910030000,1922.000
0.138030000,42.910010000,1922.000
0.138030000,42.909980000,1922.000
0.138030000,42.909920000,1921.000
0.138020000,42.909870000,1921.000
0.138020000,42.909820000,1920.000
0.138030000,42.909740000,1920.000
0.138030000,42.909700000,1920.000
0.138020000,42.909640000,1919.000
0.138020000,42.909620000,1919.000
0.138010000,42.909560000,1918.000
0.137990000,42.909460000,1918.000
0.137980000,42.909400000,1917.000
0.137980000,42.909370000,1917.000
0.137960000,42.909320000,1916.000
0.137950000,42.909250000,1916.000
0.137930000,42.909180000,1915.000
0.137910000,42.909140000,1915.000
0.137870000,42.909070000,1914.000
0.137850000,42.909020000,1914.000
0.137830000,42.908960000,1913.000
0.137830000,42.908900000,1913.000
0.137820000,42.908840000,1912.000
0.137820000,42.908780000,1912.000
0.137820000,42.908680000,1911.000
0.137810000,42.908610000,1911.000
0.137800000,42.908520000,1910.000
0.137800000,42.908480000,1910.000
0.137810000,42.908400000,1909.000
0.137820000,42.908330000,1909.000
0.137850000,42.908280000,1908.000
0.137880000,42.908240000,1908.000
0.137920000,42.908200000,1908.000
0.137940000,42.908150000,1907.000
0.137960000,42.908100000,1907.000
0.138000000,42.908020000,1906.000
0.138040000,42.907950000,1906.000
0.138140000,42.907840000,1905.000
0.138300000,42.907710000,1905.000
0.138410000,42.907620000,1904.000
0.138500000,42.907540000,1903.000
0.138520000,42.907510000,1903.000
0.138580000,42.907420000,1902.000
0.138590000,42.907400000,1902.000
0.138610000,42.907350000,1901.000
0.138620000,42.907310000,1901.000
0.138620000,42.907280000,1900.000
0.138610000,42.907220000,1900.000
0.138590000,42.907170000,1900.000
0.138590000,42.907140000,1899.000
0.138590000,42.907100000,1899.000
0.138630000,42.906930000,1898.000
0.138710000,42.906680000,1896.000
0.138720000,42.906650000,1895.000
0.138730000,42.906590000,1894.000
0.138730000,42.906530000,1893.000
0.138720000,42.906480000,1892.000
0.138710000,42.906460000,1891.000
0.138690000,42.906410000,1891.000
0.138660000,42.906330000,1890.000
0.138650000,42.906300000,1889.000
0.138640000,42.906290000,1889.000
0.138630000,42.906270000,1889.000
0.138590000,42.906220000,1888.000
0.138560000,42.906190000,1888.000
0.138520000,42.906160000,1887.000
0.138480000,42.906120000,1887.000
0.138430000,42.906080000,1886.000
0.138380000,42.906020000,1885.000
0.138350000,42.905980000,1885.000
0.138330000,42.905920000,1884.000
0.138290000,42.905840000,1883.000
0.138270000,42.905790000,1883.000
0.138210000,42.905710000,1882.000
0.138160000,42.905670000,1881.000
0.138100000,42.905600000,1880.000
0.138040000,42.905550000,1879.000
0.138000000,42.905500000,1878.000
0.137950000,42.905450000,1878.000
0.137920000,42.905430000,1877.000
0.137860000,42.905390000,1876.000
0.137860000,42.905380000,1876.000
0.137810000,42.905360000,1876.000
0.137760000,42.905330000,1875.000
0.137680000,42.905280000,1874.000
0.137580000,42.905240000,1874.000
0.137460000,42.905190000,1873.000
0.137310000,42.905120000,1872.000
0.137280000,42.905090000,1871.000
0.137200000,42.905030000,1870.000
0.137140000,42.904980000,1869.000
0.137120000,42.904960000,1869.000
0.137100000,42.904940000,1868.000
0.137080000,42.904910000,1868.000
0.137060000,42.904870000,1867.000
0.137050000,42.904820000,1867.000
0.137050000,42.904790000,1866.000
0.137060000,42.904770000,1866.000
0.137060000,42.904710000,1866.000
0.137060000,42.904680000,1865.000
0.137070000,42.904650000,1865.000
0.137080000,42.904610000,1864.000
0.137100000,42.904540000,1864.000
0.137100000,42.904480000,1863.000
0.137090000,42.904430000,1863.000
0.137080000,42.904370000,1862.000
0.137070000,42.904320000,1862.000
0.137050000,42.904260000,1861.000
0.137020000,42.904110000,1860.000
0.136950000,42.903980000,1859.000
0.136920000,42.903920000,1858.000
0.136840000,42.903750000,1857.000
0.136810000,42.903700000,1856.000
0.136770000,42.903670000,1855.000
0.136740000,42.903650000,1855.000
0.136670000,42.903630000,1854.000
0.136520000,42.903610000,1854.000
0.136430000,42.903570000,1853.000
0.136410000,42.903560000,1853.000
0.136340000,42.903530000,1852.000
0.136290000,42.903500000,1852.000
0.136240000,42.903450000,1851.000
0.136200000,42.903400000,1851.000
0.136160000,42.903350000,1851.000
0.136110000,42.903270000,1850.000
0.136080000,42.903210000,1850.000
0.136060000,42.903160000,1849.000
0.136060000,42.903130000,1849.000
0.136060000,42.903090000,1848.000
0.136060000,42.902970000,1848.000
0.136050000,42.902940000,1847.000
0.136030000,42.902920000,1847.000
0.136020000,42.902910000,1847.000
0.135980000,42.902890000,1847.000
0.135910000,42.902870000,1846.000
0.135850000,42.902870000,1846.000
0.135770000,42.902860000,1846.000
0.135640000,42.902840000,1845.000
0.135500000,42.902810000,1845.000
0.135340000,42.902760000,1844.000
0.135230000,42.902740000,1843.000
0.135140000,42.902710000,1843.000
0.135110000,42.902710000,1842.000
0.135050000,42.902710000,1842.000
0.134920000,42.902740000,1841.000
0.134910000,42.902750000,1840.000
0.134820000,42.902770000,1840.000
0.134740000,42.902790000,1839.000
0.134670000,42.902790000,1839.000
0.134650000,42.902800000,1839.000
0.134570000,42.902790000,1838.000
0.134490000,42.902770000,1838.000
0.134400000,42.902740000,1837.000
0.134310000,42.902700000,1837.000
0.134190000,42.902650000,1836.000
0.134140000,42.902620000,1835.000
0.134110000,42.902570000,1835.000
0.134090000,42.902520000,1834.000
0.134080000,42.902480000,1834.000
0.134070000,42.902420000,1833.000
0.134040000,42.902350000,1833.000
0.134000000,42.902310000,1832.000
0.133980000,42.902280000,1832.000
0.133960000,42.902270000,1831.000
0.133940000,42.902260000,1831.000
0.133900000,42.902250000,1831.000
0.133820000,42.902240000,1830.000
0.133680000,42.902230000,1830.000
0.133610000,42.902230000,1829.000
0.133530000,42.902220000,1829.000
0.133460000,42.902200000,1828.000
0.133400000,42.902190000,1828.000
0.133330000,42.902170000,1827.000
0.133270000,42.902150000,1827.000
0.133190000,42.902130000,1826.000
0.133150000,42.902110000,1826.000
0.133120000,42.902090000,1825.000
0.133050000,42.902050000,1825.000
0.132920000,42.902000000,1824.000
0.132820000,42.901970000,1823.000
0.132720000,42.901940000,1823.000
0.132700000,42.901940000,1822.000
0.132600000,42.901930000,1821.000
0.132520000,42.901950000,1821.000
0.132490000,42.901960000,1820.000
0.132460000,42.901980000,1820.000
0.132440000,42.901990000,1819.000
0.132430000,42.901990000,1819.000
0.132410000,42.902020000,1819.000
0.132410000,42.902030000,1819.000
0.132400000,42.902050000,1818.000
0.132380000,42.902090000,1818.000
0.132380000,42.902150000,1818.000
0.132370000,42.902200000,1817.000
0.132370000,42.902210000,1817.000
0.132360000,42.902290000,1816.000
0.132340000,42.902360000,1816.000
0.132330000,42.902380000,1815.000
0.132290000,42.902500000,1815.000
0.132270000,42.902560000,1814.000
0.132260000,42.902580000,1813.000
0.132210000,42.902690000,1812.000
0.132180000,42.902720000,1812.000
0.132130000,42.902780000,1811.000
0.132080000,42.902820000,1810.000
0.132010000,42.902860000,1810.000
0.132000000,42.902860000,1809.000
0.131900000,42.902910000,1809.000
0.131810000,42.902960000,1808.000
0.131770000,42.902980000,1807.000
0.131700000,42.903030000,1807.000
0.131630000,42.903080000,1806.000
0.131550000,42.903160000,1805.000
0.131470000,42.903220000,1804.000
0.131460000,42.903230000,1804.000
0.131390000,42.903280000,1803.000
0.131310000,42.903330000,1802.000
0.131290000,42.903340000,1802.000
0.131200000,42.903370000,1801.000
0.131120000,42.903390000,1801.000
0.131060000,42.903390000,1800.000
0.131050000,42.903390000,1800.000
0.130970000,42.903380000,1799.000
0.130930000,42.903370000,1799.000
0.130870000,42.903360000,1798.000
0.130820000,42.903360000,1798.000
0.130790000,42.903360000,1798.000
0.130700000,42.903350000,1797.000
0.130610000,42.903360000,1796.000
0.130580000,42.903360000,1796.000
0.130500000,42.903380000,1796.000
0.130400000,42.903410000,1795.000
0.130350000,42.903420000,1794.000
0.130300000,42.903430000,1794.000
0.130150000,42.903470000,1793.000
0.130030000,42.903500000,1792.000
0.129920000,42.903540000,1791.000
0.129820000,42.903570000,1791.000
0.129710000,42.903600000,1790.000
0.129660000,42.903620000,1789.000
0.129600000,42.903650000,1788.000
0.129510000,42.903680000,1788.000
0.129450000,42.903710000,1787.000
0.129410000,42.903720000,1787.000
0.129330000,42.903750000,1786.000
0.129240000,42.903760000,1786.000
0.129140000,42.903770000,1785.000
0.129000000,42.903780000,1785.000
0.128810000,42.903780000,1784.000
0.128750000,42.903780000,1784.000
0.128710000,42.903780000,1783.000
0.128610000,42.903740000,1783.000
0.128520000,42.903710000,1782.000
0.128430000,42.903670000,1782.000
0.128320000,42.903640000,1781.000
0.128280000,42.903630000,1781.000
0.128170000,42.903590000,1780.000
0.128030000,42.903570000,1780.000
0.127930000,42.903560000,1779.000
0.127840000,42.903580000,1778.000
0.127760000,42.903600000,1778.000
0.127590000,42.903670000,1777.000
0.127450000,42.903720000,1776.000
0.127360000,42.903740000,1776.000
0.127290000,42.903740000,1775.000
0.127220000,42.903730000,1775.000
0.127150000,42.903720000,1774.000
0.127120000,42.903720000,1774.000
0.127060000,42.903720000,1773.000
0.126960000,42.903720000,1773.000
0.126880000,42.903730000,1772.000
0.126860000,42.903730000,1771.000
0.126740000,42.903760000,1771.000
0.126670000,42.903800000,1770.000
0.126660000,42.903800000,1770.000
0.126560000,42.903850000,1769.000
0.126530000,42.903870000,1769.000
0.126480000,42.903890000,1768.000
0.126430000,42.903900000,1768.000
0.126400000,42.903950000,1767.000
0.126400000,42.903970000,1767.000
0.126400000,42.904000000,1766.000
0.126410000,42.904020000,1766.000
0.126430000,42.904040000,1766.000
0.126450000,42.904070000,1765.000
0.126470000,42.904080000,1765.000
0.126520000,42.904110000,1765.000
0.126580000,42.904100000,1764.000
0.126670000,42.904100000,1764.000
0.126680000,42.904090000,1764.000
0.126770000,42.904080000,1763.000
0.126910000,42.904060000,1762.000
0.126920000,42.904060000,1762.000
0.127020000,42.904050000,1761.000
0.127120000,42.904060000,1761.000
0.127160000,42.904070000,1760.000
0.127190000,42.904070000,1760.000
0.127270000,42.904100000,1759.000
0.127340000,42.904140000,1759.000
0.127380000,42.904150000,1758.000
0.127410000,42.904160000,1758.000
0.127480000,42.904190000,1757.000
0.127580000,42.904210000,1757.000
0.127690000,42.904220000,1756.000
0.127830000,42.904230000,1756.000
0.127850000,42.904230000,1755.000
0.127940000,42.904230000,1755.000
0.128060000,42.904230000,1755.000
0.128160000,42.904220000,1754.000
0.128260000,42.904220000,1754.000
0.128340000,42.904240000,1754.000
0.128380000,42.904240000,1753.000
0.128460000,42.904260000,1753.000
0.128520000,42.904280000,1753.000
0.128600000,42.904290000,1753.000
0.128720000,42.904320000,1752.000
0.128810000,42.904330000,1752.000
0.128830000,42.904340000,1752.000
0.128930000,42.904350000,1752.000
0.129030000,42.904380000,1751.000
0.129050000,42.904380000,1751.000
0.129150000,42.904400000,1751.000
0.129280000,42.904430000,1751.000
0.129350000,42.904450000,1750.000
0.129520000,42.904490000,1750.000
0.129610000,42.904520000,1749.000
0.129730000,42.904570000,1749.000
0.129820000,42.904630000,1749.000
0.129890000,42.904710000,1748.000
0.129930000,42.904740000,1748.000
0.130000000,42.904870000,1747.000
0.130060000,42.904970000,1746.000
0.130080000,42.905010000,1745.000
0.130100000,42.905030000,1745.000
0.130120000,42.905080000,1744.000
0.130190000,42.905160000,1743.000
0.130200000,42.905180000,1743.000
0.130220000,42.905210000,1742.000
0.130250000,42.905240000,1742.000
0.130310000,42.905290000,1741.000
0.130360000,42.905330000,1741.000
0.130400000,42.905360000,1740.000
0.130480000,42.905420000,1740.000
0.130540000,42.905460000,1739.000
0.130580000,42.905470000,1738.000
0.130620000,42.905490000,1738.000
0.130680000,42.905510000,1737.000
0.130750000,42.905540000,1737.000
0.130760000,42.905550000,1736.000
0.130830000,42.905570000,1736.000
0.130870000,42.905580000,1736.000
0.130980000,42.905630000,1735.000
0.131060000,42.905630000,1734.000
0.131150000,42.905620000,1734.000
0.131240000,42.905630000,1733.000
0.131300000,42.905640000,1732.000
0.131320000,42.905650000,1732.000
0.131410000,42.905680000,1731.000
0.131450000,42.905690000,1731.000
0.131510000,42.905730000,1730.000
0.131530000,42.905760000,1730.000
0.131570000,42.905800000,1729.000
0.131610000,42.905860000,1729.000
0.131620000,42.905900000,1728.000
0.131620000,42.905950000,1728.000
0.131620000,42.906000000,1728.000
0.131610000,42.906060000,1728.000
0.131610000,42.906070000,1727.000
0.131590000,42.906100000,1727.000
0.131560000,42.906200000,1727.000
0.131540000,42.906240000,1727.000
0.131520000,42.906280000,1727.000
0.131500000,42.906320000,1727.000
0.131490000,42.906350000,1727.000
0.131450000,42.906410000,1727.000
0.131400000,42.906450000,1727.000
0.131320000,42.906500000,1727.000
0.131230000,42.906540000,1726.000
0.131140000,42.906560000,1726.000
0.131050000,42.906590000,1726.000
0.130900000,42.906620000,1726.000
0.130800000,42.906650000,1726.000
0.130700000,42.906670000,1726.000
0.130560000,42.906690000,1726.000
0.130450000,42.906720000,1726.000
0.130350000,42.906750000,1725.000
0.130240000,42.906780000,1725.000
0.130150000,42.906810000,1725.000
0.130110000,42.906830000,1725.000
0.130070000,42.906840000,1725.000
0.129990000,42.906870000,1725.000
0.129880000,42.906900000,1725.000
0.129850000,42.906900000,1725.000
0.129760000,42.906920000,1724.000
0.129680000,42.906930000,1724.000
0.129640000,42.906940000,1724.000
0.129550000,42.906940000,1723.000
0.129440000,42.906940000,1723.000
0.129270000,42.906940000,1722.000
0.129070000,42.906940000,1721.000
0.128840000,42.906950000,1720.000
0.128620000,42.906960000,1719.000
0.128420000,42.906970000,1717.000
0.128390000,42.906970000,1716.000
0.128170000,42.906980000,1715.000
0.127940000,42.906990000,1714.000
0.127930000,42.906990000,1713.000
0.127740000,42.907000000,1712.000
0.127680000,42.907000000,1711.000
0.127600000,42.907010000,1711.000
0.127330000,42.907030000,1710.000
0.127190000,42.907050000,1709.000
0.127030000,42.907060000,1707.000
0.126940000,42.907070000,1706.000
0.126820000,42.907080000,1706.000
0.126660000,42.907090000,1705.000
0.126540000,42.907090000,1704.000
0.126360000,42.907100000,1702.000
0.126170000,42.907110000,1701.000
0.126020000,42.907120000,1700.000
0.125880000,42.907110000,1699.000
0.125790000,42.907110000,1698.000
0.125730000,42.907110000,1697.000
0.125600000,42.907100000,1696.000
0.125530000,42.907100000,1695.000
0.125480000,42.907090000,1695.000
0.125400000,42.907090000,1694.000
0.125320000,42.907080000,1694.000
0.125180000,42.907080000,1693.000
0.125020000,42.907070000,1692.000
0.124930000,42.907060000,1691.000
0.124800000,42.907050000,1690.000
0.124640000,42.907040000,1689.000
0.124550000,42.907040000,1689.000
0.124420000,42.907040000,1688.000
0.124290000,42.907040000,1687.000
0.124190000,42.907040000,1686.000
0.124120000,42.907050000,1685.000
0.123890000,42.907050000,1685.000
0.123790000,42.907050000,1684.000
0.123770000,42.907050000,1683.000
0.123680000,42.907060000,1682.000
0.123560000,42.907060000,1682.000
0.123520000,42.907060000,1681.000
0.123390000,42.907070000,1681.000
0.123300000,42.907070000,1680.000
0.123100000,42.907090000,1679.000
0.123040000,42.907090000,1679.000
0.122930000,42.907090000,1678.000
0.122820000,42.907090000,1677.000
0.122710000,42.907090000,1676.000
0.122620000,42.907080000,1676.000
0.122580000,42.907080000,1675.000
0.122460000,42.907070000,1675.000
0.122310000,42.907070000,1674.000
0.122120000,42.907070000,1673.000
0.122050000,42.907070000,1672.000
0.121810000,42.907080000,1671.000
0.121690000,42.907080000,1670.000
0.120890000,42.907090000,1668.000
0.120710000,42.907100000,1666.000
0.120540000,42.907110000,1665.000
0.120380000,42.907130000,1663.000
0.120090000,42.907150000,1662.000
0.120080000,42.907160000,1661.000
0.119750000,42.907180000,1659.000
0.119600000,42.907200000,1658.000
0.119460000,42.907210000,1657.000
0.119360000,42.907220000,1655.000
0.119120000,42.907250000,1654.000
0.119000000,42.907260000,1653.000
0.118660000,42.907300000,1651.000
0.118360000,42.907330000,1648.000
0.118150000,42.907360000,1646.000
0.118030000,42.907380000,1645.000
0.117910000,42.907400000,1643.000
0.117670000,42.907440000,1641.000
0.117510000,42.907470000,1640.000
0.117180000,42.907530000,1638.000
0.117080000,42.907560000,1636.000
0.116950000,42.907610000,1635.000
0.116700000,42.907710000,1633.000
0.116510000,42.907780000,1631.000
0.116330000,42.907860000,1630.000
0.116310000,42.907870000,1629.000
0.116250000,42.907900000,1628.000
0.116130000,42.907970000,1627.000
0.115930000,42.908080000,1626.000
0.115910000,42.908090000,1625.000
0.115810000,42.908130000,1624.000
0.115750000,42.908150000,1623.000
0.115680000,42.908150000,1623.000
0.115660000,42.908150000,1622.000
0.115580000,42.908130000,1622.000
0.115540000,42.908090000,1621.000
0.115520000,42.908040000,1621.000
0.115540000,42.907980000,1620.000
0.115630000,42.907890000,1620.000
0.115780000,42.907740000,1619.000
0.115820000,42.907710000,1618.000
0.115900000,42.907630000,1617.000
0.115930000,42.907600000,1616.000
0.116210000,42.907370000,1615.000
0.116250000,42.907330000,1615.000
0.116270000,42.907270000,1614.000
0.116260000,42.907220000,1613.000
0.116220000,42.907180000,1613.000
0.116200000,42.907170000,1612.000
0.116160000,42.907150000,1612.000
0.116110000,42.907150000,1612.000
0.116010000,42.907170000,1612.000
0.115970000,42.907180000,1611.000
0.115860000,42.907220000,1611.000
0.115740000,42.907250000,1610.000
0.115640000,42.907270000,1610.000
0.115210000,42.907340000,1609.000
0.115020000,42.907370000,1608.000
0.114960000,42.907370000,1607.000
0.114760000,42.907380000,1606.000
0.114590000,42.907380000,1605.000
0.114480000,42.907380000,1604.000
0.114340000,42.907370000,1604.000
0.114290000,42.907360000,1603.000
0.114040000,42.907340000,1602.000
0.113930000,42.907330000,1601.000
0.113520000,42.907280000,1599.000
0.113370000,42.907260000,1598.000
0.113200000,42.907260000,1597.000
0.113040000,42.907260000,1596.000
0.112710000,42.907250000,1594.000
0.112310000,42.907240000,1592.000
0.112170000,42.907230000,1591.000
0.112020000,42.907220000,1589.000
0.111820000,42.907180000,1588.000
0.111150000,42.907010000,1586.000
0.110960000,42.906960000,1584.000
0.110690000,42.906880000,1582.000
0.110490000,42.906830000,1580.000
0.110460000,42.906820000,1579.000
0.110240000,42.906740000,1578.000
0.110120000,42.906710000,1577.000
0.109850000,42.906620000,1575.000
0.109600000,42.906560000,1574.000
0.109550000,42.906550000,1572.000
0.109310000,42.906510000,1571.000
0.109010000,42.906470000,1569.000
0.108750000,42.906440000,1567.000
0.108580000,42.906420000,1565.000
0.108570000,42.906420000,1564.000
0.108410000,42.906390000,1562.000
0.108330000,42.906390000,1561.000
0.108140000,42.906370000,1560.000
0.108080000,42.906370000,1559.000
0.107840000,42.906360000,1557.000
0.107600000,42.906360000,1556.000
0.107390000,42.906360000,1554.000
0.107250000,42.906360000,1552.000
0.107140000,42.906360000,1551.000
0.106950000,42.906330000,1550.000
0.106480000,42.906240000,1548.000
0.106130000,42.906170000,1546.000
0.106000000,42.906160000,1545.000
0.105930000,42.906160000,1543.000
0.105900000,42.906170000,1543.000
0.105840000,42.906180000,1542.000
0.105740000,42.906210000,1541.000
0.105680000,42.906240000,1541.000
0.105630000,42.906260000,1540.000
0.105570000,42.906290000,1540.000
0.105490000,42.906300000,1539.000
0.105340000,42.906310000,1538.000
0.105190000,42.906310000,1538.000
0.105050000,42.906300000,1537.000
0.104940000,42.906300000,1536.000
0.104840000,42.906300000,1535.000
0.104710000,42.906310000,1535.000
0.104480000,42.906330000,1534.000
0.103960000,42.906390000,1533.000
0.103320000,42.906450000,1531.000
0.102780000,42.906520000,1529.000
0.102750000,42.906520000,1527.000
0.102540000,42.906550000,1526.000
0.102290000,42.906590000,1525.000
0.102240000,42.906590000,1524.000
0.102100000,42.906610000,1523.000
0.102020000,42.906610000,1522.000
0.101950000,42.906590000,1522.000
0.101900000,42.906550000,1521.000
0.101880000,42.906510000,1520.000
0.101890000,42.906470000,1520.000
0.101900000,42.906430000,1519.000
0.101930000,42.906400000,1519.000
0.101990000,42.906380000,1518.000
0.102100000,42.906370000,1518.000
0.102220000,42.906380000,1517.000
0.102360000,42.906380000,1517.000
0.102480000,42.906370000,1516.000
0.102570000,42.906360000,1515.000
0.102670000,42.906330000,1514.000
0.102790000,42.906290000,1514.000
0.103020000,42.906180000,1512.000
0.103180000,42.906120000,1511.000
0.103260000,42.906090000,1510.000
0.103390000,42.906060000,1509.000
0.103550000,42.906020000,1508.000
0.103620000,42.905990000,1507.000
0.103670000,42.905970000,1507.000
0.103880000,42.905880000,1506.000
0.103930000,42.905860000,1505.000
0.104080000,42.905780000,1504.000
0.104280000,42.905680000,1503.000
0.104320000,42.905660000,1502.000
0.104510000,42.905550000,1501.000
0.104570000,42.905500000,1501.000
0.104600000,42.905450000,1500.000
0.104620000,42.905420000,1499.000
0.104630000,42.905380000,1499.000
0.104640000,42.905340000,1498.000
0.104620000,42.905290000,1498.000
0.104590000,42.905260000,1498.000
0.104540000,42.905230000,1497.000
0.104480000,42.905220000,1497.000
0.104420000,42.905230000,1497.000
0.104370000,42.905260000,1496.000
0.104350000,42.905260000,1496.000
0.104220000,42.905360000,1495.000
0.104190000,42.905380000,1495.000
0.104120000,42.905430000,1494.000
0.104050000,42.905460000,1494.000
0.103970000,42.905500000,1493.000
0.103850000,42.905530000,1493.000
0.103640000,42.905570000,1492.000
0.103520000,42.905590000,1491.000
0.103350000,42.905620000,1490.000
0.103280000,42.905620000,1490.000
0.103040000,42.905650000,1489.000
0.103030000,42.905650000,1488.000
0.102800000,42.905670000,1487.000
0.102770000,42.905670000,1486.000
0.102590000,42.905680000,1485.000
0.102400000,42.905680000,1484.000
0.102190000,42.905680000,1483.000
0.102060000,42.905660000,1482.000
0.102020000,42.905660000,1481.000
0.101840000,42.905620000,1480.000
0.101820000,42.905620000,1479.000
0.101680000,42.905560000,1479.000
0.101610000,42.905520000,1478.000
0.101580000,42.905480000,1477.000
0.101580000,42.905420000,1477.000
0.101600000,42.905380000,1476.000
0.101640000,42.905340000,1476.000
0.101710000,42.905310000,1475.000
0.101770000,42.905290000,1474.000
0.101830000,42.905280000,1474.000
0.101840000,42.905280000,1474.000
0.102070000,42.905300000,1473.000
0.102180000,42.905300000,1473.000
0.102290000,42.905290000,1472.000
0.102410000,42.905270000,1472.000
0.102520000,42.905240000,1471.000
0.102610000,42.905200000,1471.000
0.102690000,42.905160000,1470.000
0.102900000,42.905010000,1469.000
0.103200000,42.904740000,1468.000
0.103400000,42.904580000,1467.000
0.103490000,42.904510000,1466.000
0.103530000,42.904460000,1465.000
0.103570000,42.904420000,1465.000
0.103600000,42.904390000,1464.000
0.103640000,42.904330000,1464.000
0.103650000,42.904300000,1463.000
0.103660000,42.904240000,1463.000
0.103670000,42.904180000,1462.000
0.103660000,42.904120000,1462.000
0.103620000,42.903950000,1461.000
0.103570000,42.903880000,1461.000
0.103520000,42.903840000,1460.000
0.103470000,42.903790000,1459.000
0.103410000,42.903750000,1459.000
0.103380000,42.903730000,1458.000
0.103340000,42.903710000,1458.000
0.103290000,42.903680000,1458.000
0.103060000,42.903550000,1457.000
0.102960000,42.903500000,1456.000
0.102940000,42.903490000,1456.000
0.102880000,42.903470000,1455.000
0.102750000,42.903430000,1455.000
0.102660000,42.903420000,1454.000
0.102530000,42.903400000,1453.000
0.102450000,42.903390000,1453.000
0.102180000,42.903370000,1452.000
0.102050000,42.903360000,1451.000
0.101890000,42.903340000,1450.000
0.101840000,42.903330000,1450.000
0.101800000,42.903330000,1449.000
0.101730000,42.903310000,1449.000
0.101700000,42.903300000,1448.000
0.101630000,42.903270000,1448.000
0.101620000,42.903260000,1448.000
0.101510000,42.903210000,1447.000
0.101470000,42.903200000,1447.000
0.101390000,42.903180000,1447.000
0.101280000,42.903150000,1446.000
0.101210000,42.903140000,1446.000
0.101160000,42.903140000,1446.000
0.101140000,42.903140000,1446.000
0.101050000,42.903140000,1445.000
0.100870000,42.903140000,1445.000
0.100620000,42.903290000,1444.000
0.100430000,42.903410000,1443.000
0.100240000,42.903530000,1442.000
0.100230000,42.903530000,1442.000
0.100130000,42.903570000,1441.000
0.100060000,42.903580000,1441.000
0.099930000,42.903590000,1440.000
0.099780000,42.903590000,1440.000
0.099530000,42.903580000,1439.000
0.099180000,42.903560000,1438.000
0.099030000,42.903540000,1438.000
0.098790000,42.903520000,1438.000
0.098680000,42.903520000,1438.000
0.098300000,42.903480000,1437.000
0.098270000,42.903470000,1437.000
0.097840000,42.903430000,1437.000
0.097440000,42.903390000,1437.000
0.097400000,42.903390000,1437.000
0.097280000,42.903380000,1437.000
0.097160000,42.903380000,1437.000
0.097150000,42.903380000,1437.000
0.096870000,42.903360000,1437.000
0.096670000,42.903360000,1436.000
0.095980000,42.903340000,1435.000
0.095930000,42.903340000,1433.000
0.095160000,42.903340000,1431.000
0.095050000,42.903330000,1429.000
0.094960000,42.903300000,1428.000
0.094790000,42.903320000,1427.000
0.094740000,42.903320000,1426.000
0.094610000,42.903310000,1425.000
0.094370000,42.903290000,1424.000
0.094200000,42.903280000,1423.000
0.094180000,42.903270000,1422.000
0.093850000,42.903220000,1421.000
0.093580000,42.903170000,1420.000
0.093340000,42.903120000,1419.000
0.093180000,42.903080000,1418.000
0.093020000,42.903050000,1417.000
0.092700000,42.902980000,1416.000
0.092470000,42.902930000,1415.000
0.092240000,42.902870000,1414.000
0.092100000,42.902840000,1413.000
0.092000000,42.902820000,1412.000
0.091830000,42.902780000,1411.000
0.091600000,42.902720000,1411.000
0.091400000,42.902680000,1410.000
0.091210000,42.902660000,1409.000
0.091050000,42.902660000,1408.000
0.090900000,42.902660000,1408.000
0.090710000,42.902680000,1407.000
0.090560000,42.902700000,1406.000
0.090530000,42.902700000,1406.000
0.090350000,42.902720000,1405.000
0.090320000,42.902720000,1405.000
0.090210000,42.902730000,1405.000
0.090080000,42.902710000,1404.000
0.090050000,42.902710000,1404.000
0.089930000,42.902690000,1403.000
0.089680000,42.902620000,1403.000
0.089610000,42.902600000,1402.000
0.089380000,42.902540000,1402.000
0.089150000,42.902480000,1402.000
0.088220000,42.902240000,1401.000
0.087990000,42.902180000,1400.000
0.087850000,42.902130000,1399.000
0.087620000,42.902060000,1399.000
0.087520000,42.902020000,1398.000
0.087400000,42.901990000,1398.000
0.087170000,42.901930000,1397.000
0.087130000,42.901920000,1397.000
0.086930000,42.901870000,1396.000
0.086860000,42.901860000,1396.000
0.086690000,42.901840000,1395.000
0.086450000,42.901810000,1394.000
0.086200000,42.901790000,1393.000
0.086180000,42.901790000,1392.000
0.085960000,42.901770000,1391.000
0.085720000,42.901750000,1390.000
0.085470000,42.901720000,1389.000
0.085400000,42.901720000,1388.000
0.085230000,42.901700000,1387.000
0.084880000,42.901670000,1386.000
0.084710000,42.901650000,1385.000
0.084360000,42.901600000,1383.000
0.084170000,42.901570000,1382.000
0.084080000,42.901560000,1381.000
0.084000000,42.901550000,1380.000
0.083910000,42.901550000,1379.000
0.083820000,42.901550000,1378.000
0.083780000,42.901560000,1378.000
0.083730000,42.901560000,1377.000
0.083640000,42.901560000,1377.000
0.083550000,42.901570000,1376.000
0.083530000,42.901570000,1376.000
0.083370000,42.901560000,1376.000
0.083280000,42.901550000,1375.000
0.083110000,42.901500000,1374.000
0.082940000,42.901430000,1373.000
0.082850000,42.901390000,1373.000
0.082780000,42.901350000,1372.000
0.082460000,42.901180000,1371.000
0.082260000,42.901070000,1369.000
0.082220000,42.901040000,1368.000
0.081960000,42.900940000,1367.000
0.081770000,42.900880000,1366.000
0.081580000,42.900830000,1365.000
0.081360000,42.900780000,1364.000
0.081290000,42.900760000,1363.000
0.081130000,42.900720000,1362.000
0.081010000,42.900690000,1361.000
0.080900000,42.900660000,1361.000
0.080810000,42.900640000,1360.000
0.080620000,42.900580000,1359.000
0.080440000,42.900530000,1359.000
0.080430000,42.900520000,1358.000
0.080250000,42.900460000,1357.000
0.080220000,42.900450000,1357.000
0.080000000,42.900380000,1356.000
0.079970000,42.900370000,1355.000
0.079790000,42.900300000,1354.000
0.079780000,42.900300000,1353.000
0.079600000,42.900240000,1352.000
0.079410000,42.900180000,1351.000
0.079330000,42.900150000,1349.000
0.079130000,42.900080000,1347.000
0.078840000,42.899980000,1345.000
0.078560000,42.899890000,1342.000
0.078280000,42.899790000,1340.000
0.078180000,42.899770000,1337.000
0.078090000,42.899750000,1335.000
0.078000000,42.899740000,1334.000
0.077820000,42.899710000,1332.000
0.077550000,42.899660000,1330.000
0.077310000,42.899590000,1328.000
0.077150000,42.899560000,1326.000
0.077030000,42.899540000,1324.000
0.076990000,42.899530000,1322.000
0.076870000,42.899520000,1321.000
0.076790000,42.899520000,1320.000
0.076700000,42.899510000,1319.000
0.076560000,42.899500000,1318.000
0.076550000,42.899490000,1317.000
0.076440000,42.899470000,1316.000
0.076330000,42.899440000,1315.000
0.076190000,42.899390000,1314.000
0.076110000,42.899340000,1313.000
0.076020000,42.899290000,1312.000
0.075820000,42.899190000,1310.000
0.075720000,42.899120000,1309.000
0.075330000,42.898940000,1306.000
0.074800000,42.898700000,1304.000
0.074660000,42.898660000,1302.000
0.074420000,42.898640000,1300.000
0.074370000,42.898650000,1299.000
0.074210000,42.898650000,1298.000
0.074120000,42.898650000,1297.000
0.074080000,42.898650000,1296.000
0.073730000,42.898650000,1295.000
0.073630000,42.898640000,1294.000
0.073340000,42.898620000,1293.000
0.073320000,42.898610000,1293.000
0.073150000,42.898590000,1292.000
0.072980000,42.898580000,1291.000
0.072910000,42.898560000,1290.000
0.072860000,42.898550000,1290.000
0.072680000,42.898500000,1289.000
0.072650000,42.898490000,1288.000
0.072440000,42.898440000,1287.000
0.072290000,42.898400000,1286.000
0.072210000,42.898400000,1285.000
0.072200000,42.898400000,1284.000
0.071930000,42.898390000,1283.000
0.071720000,42.898390000,1281.000
0.071470000,42.898380000,1280.000
0.071330000,42.898380000,1278.000
0.071250000,42.898370000,1277.000
0.071190000,42.898370000,1276.000
0.071100000,42.898370000,1275.000
0.070980000,42.898350000,1274.000
0.070560000,42.898270000,1272.000
0.070090000,42.898190000,1270.000
0.069680000,42.898120000,1267.000
0.069610000,42.898100000,1266.000
0.068920000,42.897950000,1263.000
0.068910000,42.897950000,1261.000
0.068850000,42.897940000,1259.000
0.068610000,42.897900000,1258.000
0.068370000,42.897860000,1256.000
0.068130000,42.897820000,1255.000
0.067890000,42.897780000,1253.000
0.067650000,42.897750000,1252.000
0.067570000,42.897730000,1251.000
0.067500000,42.897720000,1250.000
0.067480000,42.897720000,1249.000
0.067420000,42.897700000,1248.000
0.067320000,42.897670000,1248.000
0.067260000,42.897650000,1247.000
0.067220000,42.897640000,1247.000
0.067040000,42.897570000,1246.000
0.066850000,42.897500000,1245.000
0.066400000,42.897340000,1244.000
0.066310000,42.897310000,1243.000
0.065970000,42.897180000,1241.000
0.065870000,42.897150000,1240.000
0.065780000,42.897120000,1239.000
0.065780000,42.897120000,1238.000
0.065740000,42.897140000,1238.000
0.065710000,42.897160000,1237.000
0.065690000,42.897170000,1237.000
0.065670000,42.897180000,1236.000
0.065640000,42.897210000,1236.000
0.065600000,42.897250000,1236.000
0.065570000,42.897270000,1235.000
0.065540000,42.897290000,1235.000
0.065510000,42.897310000,1235.000
0.065490000,42.897310000,1234.000
0.065470000,42.897310000,1234.000
0.065440000,42.897310000,1234.000
0.065420000,42.897310000,1234.000
0.065400000,42.897300000,1234.000
0.065310000,42.897270000,1233.000
0.065180000,42.897210000,1233.000
0.065170000,42.897210000,1232.000
0.065050000,42.897170000,1231.000
0.064950000,42.897150000,1231.000
0.064940000,42.897150000,1230.000
0.064840000,42.897130000,1230.000
0.064710000,42.897120000,1229.000
0.064490000,42.897090000,1228.000
0.064460000,42.897090000,1227.000
0.064290000,42.897080000,1226.000
0.064210000,42.897100000,1226.000
0.064210000,42.897100000,1225.000
0.064150000,42.897110000,1225.000
0.064110000,42.897100000,1224.000
0.064080000,42.897100000,1224.000
0.064040000,42.897080000,1223.000
0.064010000,42.897070000,1223.000
0.063990000,42.897060000,1223.000
0.063790000,42.896920000,1222.000
0.063760000,42.896900000,1221.000
0.063630000,42.896810000,1220.000
0.063610000,42.896800000,1220.000
0.063470000,42.896730000,1219.000
0.063400000,42.896710000,1219.000
0.063350000,42.896700000,1218.000
0.063310000,42.896680000,1218.000
0.063170000,42.896650000,1218.000
0.063150000,42.896640000,1218.000
0.063050000,42.896620000,1218.000
0.062990000,42.896600000,1217.000
0.062980000,42.896590000,1217.000
0.062970000,42.896580000,1217.000
0.062960000,42.896560000,1217.000
0.062940000,42.896540000,1217.000
0.062930000,42.896480000,1217.000
0.062920000,42.896390000,1217.000
0.062900000,42.896190000,1217.000
0.062900000,42.896190000,1216.000
0.062830000,42.896180000,1216.000
0.062590000,42.896160000,1216.000
0.062160000,42.896110000,1215.000
0.062100000,42.896100000,1215.000
0.061990000,42.896100000,1215.000
0.061940000,42.896100000,1215.000
0.061880000,42.896100000,1214.000
0.061870000,42.896100000,1214.000
0.061610000,42.896090000,1214.000
0.061240000,42.896100000,1212.000
0.061160000,42.896100000,1211.000
0.061120000,42.896100000,1210.000
0.061010000,42.896090000,1209.000
0.060960000,42.896090000,1208.000
0.060890000,42.896080000,1207.000
0.060770000,42.896070000,1206.000
0.060760000,42.896070000,1205.000
0.060650000,42.896050000,1204.000
0.060380000,42.896010000,1203.000
0.060310000,42.895990000,1201.000
0.060220000,42.895990000,1200.000
0.060160000,42.895980000,1199.000
0.060080000,42.895980000,1198.000
0.060040000,42.895980000,1197.000
0.059960000,42.895980000,1196.000
0.059920000,42.895970000,1195.000
0.059890000,42.895960000,1195.000
0.059810000,42.895940000,1194.000
0.059730000,42.895920000,1193.000
0.059700000,42.895900000,1192.000
0.059620000,42.895870000,1192.000
0.059590000,42.895840000,1191.000
0.059540000,42.895810000,1190.000
0.059480000,42.895730000,1189.000
0.059440000,42.895640000,1188.000
0.059430000,42.895570000,1187.000
0.059430000,42.895480000,1186.000
0.059440000,42.895430000,1185.000
0.059460000,42.895300000,1185.000
0.059470000,42.895260000,1184.000
0.059490000,42.895150000,1184.000
0.059490000,42.895080000,1183.000
0.059480000,42.895030000,1183.000
0.059450000,42.894990000,1183.000
0.059440000,42.894980000,1182.000
0.059430000,42.894970000,1182.000
0.059390000,42.894950000,1182.000
0.059350000,42.894930000,1182.000
0.059310000,42.894910000,1182.000
0.059270000,42.894910000,1182.000
0.059230000,42.894900000,1181.000
0.059200000,42.894900000,1181.000
0.059170000,42.894900000,1181.000
0.059130000,42.894910000,1181.000
0.059120000,42.894910000,1181.000
0.059090000,42.894920000,1181.000
0.059050000,42.894930000,1181.000
0.059010000,42.894960000,1181.000
0.058930000,42.895040000,1180.000
0.058910000,42.895050000,1180.000
0.058890000,42.895080000,1180.000
0.058890000,42.895100000,1180.000
0.058890000,42.895120000,1180.000
0.058890000,42.895210000,1180.000
0.058890000,42.895230000,1179.000
0.058900000,42.895260000,1179.000
0.058910000,42.895290000,1179.000
0.058950000,42.895320000,1179.000
0.058970000,42.895340000,1179.000
0.058980000,42.895370000,1179.000
0.058980000,42.895380000,1179.000
0.058990000,42.895400000,1178.000
0.058980000,42.895420000,1178.000
0.058960000,42.895470000,1178.000
0.058910000,42.895540000,1178.000
0.058890000,42.895570000,1178.000
0.058860000,42.895580000,1178.000
0.058820000,42.895600000,1177.000
0.058700000,42.895610000,1177.000
0.058660000,42.895560000,1177.000
0.058580000,42.895470000,1176.000
0.058570000,42.895460000,1176.000
0.058470000,42.895300000,1175.000
0.058460000,42.895300000,1175.000
0.058420000,42.895220000,1174.000
0.058390000,42.895180000,1174.000
0.058360000,42.895150000,1173.000
0.058300000,42.895090000,1173.000
0.058220000,42.895010000,1172.000
0.058190000,42.894980000,1171.000
0.058140000,42.894940000,1171.000
0.058070000,42.894890000,1170.000
0.058050000,42.894880000,1170.000
0.057960000,42.894820000,1169.000
0.057890000,42.894770000,1169.000
0.057660000,42.894640000,1167.000
0.057500000,42.894560000,1166.000
0.057470000,42.894550000,1165.000
0.057370000,42.894500000,1165.000
0.057250000,42.894440000,1164.000
0.057150000,42.894400000,1163.000
0.057120000,42.894380000,1162.000
0.056940000,42.894310000,1161.000
0.056720000,42.894250000,1161.000
0.056640000,42.894230000,1160.000
0.056530000,42.894200000,1160.000
0.056410000,42.894160000,1159.000
0.056330000,42.894120000,1159.000
0.055680000,42.893830000,1158.000
0.055100000,42.893560000,1157.000
0.054650000,42.893380000,1156.000
0.054600000,42.893350000,1155.000
0.054480000,42.893300000,1154.000
0.054320000,42.893230000,1153.000
0.054270000,42.893210000,1152.000
0.054190000,42.893170000,1150.000
0.054100000,42.893140000,1149.000
0.054060000,42.893120000,1148.000
0.054050000,42.893120000,1147.000
0.054010000,42.893110000,1147.000
0.053940000,42.893080000,1146.000
0.053880000,42.893070000,1145.000
0.053610000,42.893000000,1143.000
0.053600000,42.892990000,1142.000
0.053390000,42.892960000,1141.000
0.053170000,42.892930000,1139.000
0.053110000,42.892930000,1137.000
0.052970000,42.892910000,1135.000
0.052930000,42.892900000,1134.000
0.052880000,42.892890000,1133.000
0.052870000,42.892890000,1132.000
0.052860000,42.892890000,1132.000
0.052830000,42.892880000,1131.000
0.052760000,42.892860000,1130.000
0.052660000,42.892820000,1130.000
0.052540000,42.892770000,1128.000
0.052160000,42.892590000,1126.000
0.052080000,42.892550000,1124.000
0.052070000,42.892550000,1123.000
0.051880000,42.892460000,1121.000
0.051830000,42.892430000,1120.000
0.051710000,42.892370000,1119.000
0.051670000,42.892360000,1118.000
0.051470000,42.892250000,1118.000
0.051340000,42.892190000,1117.000
0.051150000,42.892090000,1115.000
0.051070000,42.892050000,1115.000
0.051020000,42.891960000,1114.000
0.050980000,42.891910000,1113.000
0.050950000,42.891860000,1112.000
0.050920000,42.891810000,1112.000
0.050740000,42.891480000,1110.000
0.050730000,42.891480000,1109.000
0.050690000,42.891400000,1109.000
0.050650000,42.891340000,1108.000
0.050630000,42.891320000,1107.000
0.050580000,42.891240000,1107.000
0.050500000,42.891170000,1106.000
0.050410000,42.891090000,1105.000
0.050330000,42.891040000,1105.000
0.050140000,42.890920000,1104.000
0.049970000,42.890800000,1102.000
0.049920000,42.890760000,1101.000
0.049800000,42.890680000,1100.000
0.049730000,42.890640000,1100.000
0.049620000,42.890610000,1099.000
0.049570000,42.890590000,1098.000
0.049480000,42.890570000,1098.000
0.049330000,42.890570000,1097.000
0.049320000,42.890570000,1096.000
0.049170000,42.890570000,1096.000
0.049060000,42.890560000,1095.000
0.048930000,42.890550000,1094.000
0.048870000,42.890540000,1094.000
0.048840000,42.890530000,1093.000
0.048810000,42.890520000,1093.000
0.048770000,42.890510000,1092.000
0.048740000,42.890500000,1092.000
0.048710000,42.890470000,1092.000
0.048640000,42.890420000,1091.000
0.048580000,42.890380000,1091.000
0.048430000,42.890250000,1090.000
0.048340000,42.890180000,1089.000
0.048290000,42.890160000,1089.000
0.048250000,42.890150000,1089.000
0.048210000,42.890140000,1089.000
0.048190000,42.890140000,1088.000
0.048160000,42.890140000,1088.000
0.048080000,42.890160000,1088.000
0.048020000,42.890230000,1088.000
0.048010000,42.890250000,1088.000
0.048010000,42.890260000,1088.000
0.048020000,42.890320000,1088.000
0.048040000,42.890380000,1088.000
0.048040000,42.890400000,1087.000
0.048100000,42.890450000,1087.000
0.048230000,42.890520000,1087.000
0.048450000,42.890660000,1087.000
0.048700000,42.890810000,1087.000
0.048750000,42.890850000,1086.000
0.048800000,42.890900000,1086.000
0.048830000,42.890930000,1086.000
0.048870000,42.890990000,1086.000
0.048880000,42.891020000,1086.000
0.048890000,42.891040000,1085.000
0.048880000,42.891070000,1085.000
0.048870000,42.891090000,1085.000
0.048850000,42.891120000,1085.000
0.048840000,42.891140000,1085.000
0.048800000,42.891160000,1085.000
0.048780000,42.891170000,1085.000
0.048770000,42.891170000,1085.000
0.048740000,42.891180000,1085.000
0.048720000,42.891180000,1085.000
0.048690000,42.891180000,1085.000
0.048650000,42.891190000,1085.000
0.048630000,42.891180000,1085.000
0.048600000,42.891180000,1085.000
0.048550000,42.891160000,1085.000
0.048530000,42.891160000,1085.000
0.048510000,42.891150000,1084.000
0.048490000,42.891130000,1084.000
0.048310000,42.891010000,1084.000
0.048120000,42.890890000,1083.000
0.047750000,42.890660000,1081.000
0.047560000,42.890550000,1080.000
0.047540000,42.890530000,1079.000
0.047410000,42.890470000,1078.000
0.047350000,42.890410000,1077.000
0.047260000,42.890330000,1076.000
0.047200000,42.890280000,1075.000
0.047190000,42.890270000,1075.000
0.047120000,42.890200000,1074.000
0.047050000,42.890100000,1073.000
0.046980000,42.889970000,1073.000
0.046730000,42.889450000,1071.000
0.046650000,42.889280000,1069.000
0.046570000,42.889110000,1067.000
0.046490000,42.888940000,1065.000
0.046410000,42.888780000,1064.000
0.046340000,42.888620000,1062.000
0.046320000,42.888560000,1061.000
0.046260000,42.888450000,1060.000
0.046170000,42.888280000,1059.000
0.046080000,42.888110000,1058.000
0.046040000,42.888040000,1056.000
0.045950000,42.887960000,1055.000
0.045670000,42.887670000,1054.000
0.045640000,42.887630000,1053.000
0.045540000,42.887520000,1051.000
0.045400000,42.887360000,1050.000
0.045270000,42.887210000,1048.000
0.045140000,42.887060000,1047.000
0.045010000,42.886910000,1045.000
0.044740000,42.886610000,1043.000
0.044410000,42.886230000,1041.000
0.044160000,42.886030000,1038.000
0.043980000,42.885910000,1036.000
0.043810000,42.885780000,1034.000
0.043770000,42.885750000,1032.000
0.043630000,42.885660000,1031.000
0.043440000,42.885540000,1030.000
0.043420000,42.885530000,1029.000
0.043230000,42.885450000,1028.000
0.043160000,42.885410000,1028.000
0.043040000,42.885340000,1027.000
0.042870000,42.885240000,1026.000
0.042850000,42.885220000,1025.000
0.042700000,42.885080000,1025.000
0.042580000,42.884970000,1024.000
0.042540000,42.884940000,1023.000
0.042370000,42.884810000,1022.000
0.042200000,42.884690000,1021.000
0.041860000,42.884430000,1018.000
0.041510000,42.884170000,1015.000
0.041380000,42.884080000,1012.000
0.041050000,42.883830000,1009.000
0.040990000,42.883790000,1006.000
0.040810000,42.883670000,1004.000
0.040630000,42.883540000,1001.000
0.040610000,42.883520000,1000.000
0.040290000,42.883300000,998.000
0.040100000,42.883160000,996.000
0.040040000,42.883110000,995.000
0.039990000,42.883050000,993.000
0.039970000,42.883020000,993.000
0.039960000,42.883010000,992.000
0.039940000,42.882970000,992.000
0.039920000,42.882930000,991.000
0.039900000,42.882850000,991.000
0.039850000,42.882690000,990.000
0.039840000,42.882670000,989.000
0.039820000,42.882640000,989.000
0.039800000,42.882620000,988.000
0.039780000,42.882610000,988.000
0.039770000,42.882600000,988.000
0.039730000,42.882590000,988.000
0.039690000,42.882580000,988.000
0.039650000,42.882590000,987.000
0.039640000,42.882590000,987.000
0.039610000,42.882590000,987.000
0.039580000,42.882600000,987.000
0.039550000,42.882620000,987.000
0.039530000,42.882640000,986.000
0.039500000,42.882670000,986.000
0.039480000,42.882700000,986.000
0.039480000,42.882710000,986.000
0.039480000,42.882740000,986.000
0.039490000,42.882780000,985.000
0.039540000,42.882870000,985.000
0.039650000,42.883030000,984.000
0.039740000,42.883170000,983.000
0.039760000,42.883190000,983.000
0.039790000,42.883230000,982.000
0.039850000,42.883280000,982.000
0.039890000,42.883320000,981.000
0.039940000,42.883350000,981.000
0.040020000,42.883400000,980.000
0.040060000,42.883420000,980.000
0.040110000,42.883440000,980.000
0.040220000,42.883490000,979.000
0.040310000,42.883550000,979.000
0.040330000,42.883560000,979.000
0.040350000,42.883580000,978.000
0.040370000,42.883610000,978.000
0.040380000,42.883630000,978.000
0.040380000,42.883660000,978.000
0.040380000,42.883680000,978.000
0.040370000,42.883700000,978.000
0.040360000,42.883710000,977.000
0.040350000,42.883720000,977.000
0.040340000,42.883740000,977.000
0.040320000,42.883760000,977.000
0.040300000,42.883770000,977.000
0.040270000,42.883780000,977.000
0.040230000,42.883790000,977.000
0.040200000,42.883800000,977.000
0.040170000,42.883800000,976.000
0.040110000,42.883790000,976.000
0.040060000,42.883780000,976.000
0.039950000,42.883740000,976.000
0.039900000,42.883710000,975.000
0.039740000,42.883640000,975.000
0.039540000,42.883550000,974.000
0.039390000,42.883480000,974.000
0.039000000,42.883340000,973.000
0.038640000,42.883210000,972.000
0.038450000,42.883130000,971.000
0.038280000,42.883050000,970.000
0.038100000,42.882980000,969.000
0.038090000,42.882970000,968.000
0.037970000,42.882930000,968.000
0.037890000,42.882900000,967.000
0.037860000,42.882890000,967.000
0.037620000,42.882840000,967.000
0.037070000,42.882720000,966.000
0.036780000,42.882680000,965.000
0.036580000,42.882690000,964.000
0.036100000,42.882710000,963.000
0.036040000,42.882710000,962.000
0.035420000,42.882720000,961.000
0.035360000,42.882730000,960.000
0.035150000,42.882750000,959.000
0.034910000,42.882870000,958.000
0.034680000,42.882910000,957.000
0.034440000,42.882950000,957.000
0.034040000,42.883030000,956.000
0.033600000,42.883030000,953.000
0.033470000,42.883040000,951.000
0.032960000,42.883070000,948.000
0.032740000,42.883090000,945.000
0.032650000,42.883090000,943.000
0.032500000,42.883090000,941.000
0.032250000,42.883090000,938.000
0.031740000,42.883280000,935.000
0.031710000,42.883290000,932.000
0.031660000,42.883300000,930.000
0.031550000,42.883320000,929.000
0.031420000,42.883330000,927.000
0.031340000,42.883330000,926.000
0.031270000,42.883330000,925.000
0.031120000,42.883310000,924.000
0.031040000,42.883300000,924.000
0.030950000,42.883280000,923.000
0.030870000,42.883260000,922.000
0.030800000,42.883240000,921.000
0.030750000,42.883220000,921.000
0.030710000,42.883210000,920.000
0.030660000,42.883190000,920.000
0.030620000,42.883180000,919.000
0.030560000,42.883140000,919.000
0.030540000,42.883130000,919.000
0.030510000,42.883120000,918.000
0.030470000,42.883100000,918.000
0.030420000,42.883070000,918.000
0.030370000,42.883030000,917.000
0.030350000,42.883010000,917.000
0.030190000,42.882880000,916.000
0.030030000,42.882740000,915.000
0.029970000,42.882690000,914.000
0.029870000,42.882610000,913.000
0.029400000,42.882190000,910.000
0.029350000,42.882150000,909.000
0.029060000,42.881880000,906.000
0.028590000,42.881460000,903.000
0.028440000,42.881320000,900.000
0.028110000,42.881020000,897.000
0.027440000,42.880440000,893.000
0.027160000,42.880190000,889.000
0.027000000,42.880060000,886.000
0.026760000,42.879850000,883.000
0.026600000,42.879720000,881.000
0.026470000,42.879610000,879.000
0.026430000,42.879580000,878.000
0.026340000,42.879520000,876.000
0.026280000,42.879490000,876.000
0.026240000,42.879470000,875.000
0.026190000,42.879440000,874.000
0.026080000,42.879390000,874.000
0.025950000,42.879340000,873.000
0.025780000,42.879290000,872.000
0.025430000,42.879210000,871.000
0.025390000,42.879200000,870.000
0.025350000,42.879190000,869.000
0.025110000,42.879140000,869.000
0.024880000,42.879090000,868.000
0.024640000,42.879040000,868.000
0.024530000,42.879010000,867.000
0.024400000,42.878990000,867.000
0.024170000,42.878940000,866.000
0.023690000,42.878850000,865.000
0.023670000,42.878850000,865.000
0.023510000,42.878800000,864.000
0.023390000,42.878770000,864.000
0.023010000,42.878660000,863.000
0.023000000,42.878660000,862.000
0.022840000,42.878620000,862.000
0.022820000,42.878610000,861.000
0.022770000,42.878610000,860.000
0.022760000,42.878610000,860.000
0.022700000,42.878600000,860.000
0.022550000,42.878580000,859.000
0.022530000,42.878570000,858.000
0.022510000,42.878570000,858.000
0.022270000,42.878560000,857.000
0.022070000,42.878550000,855.000
0.020890000,42.878500000,851.000
0.020350000,42.878480000,847.000
0.019620000,42.878450000,842.000
0.019470000,42.878440000,838.000
0.019410000,42.878440000,836.000
0.018490000,42.878400000,832.000
0.017910000,42.878370000,829.000
0.017660000,42.878350000,826.000
0.017520000,42.878350000,823.000
0.016800000,42.878300000,820.000
0.016680000,42.878290000,818.000
0.016440000,42.878280000,817.000
0.016330000,42.878270000,815.000
0.016300000,42.878270000,814.000
0.015750000,42.878230000,812.000
0.015600000,42.878220000,811.000
0.015350000,42.878210000,810.000
0.015110000,42.878200000,808.000
0.014970000,42.878190000,807.000
0.014910000,42.878190000,807.000
0.014860000,42.878190000,806.000
0.014690000,42.878190000,806.000
0.013890000,42.878180000,805.000
0.013640000,42.878180000,805.000
0.013540000,42.878180000,804.000
0.013340000,42.878170000,804.000
0.013110000,42.878150000,804.000
0.012960000,42.878120000,803.000
0.012910000,42.878110000,803.000
0.012840000,42.878090000,803.000
0.012760000,42.878080000,803.000
0.012720000,42.878070000,803.000
0.012680000,42.878060000,803.000
0.012610000,42.878040000,803.000
0.012360000,42.877960000,802.000
0.012230000,42.877910000,801.000
0.011610000,42.877680000,800.000
0.010930000,42.877410000,797.000
0.010750000,42.877330000,795.000
0.010710000,42.877320000,793.000
0.010700000,42.877310000,792.000
0.010670000,42.877300000,792.000
0.010640000,42.877290000,791.000
0.010490000,42.877240000,790.000
0.010420000,42.877220000,790.000
0.010270000,42.877180000,789.000
0.010260000,42.877180000,789.000
0.009800000,42.877050000,788.000
0.009730000,42.877030000,787.000
0.009590000,42.876990000,786.000
0.009360000,42.876920000,785.000
0.009350000,42.876920000,785.000
0.009260000,42.876890000,784.000
0.009220000,42.876880000,784.000
0.009140000,42.876850000,783.000
0.009120000,42.876840000,783.000
0.009010000,42.876790000,783.000
0.008950000,42.876760000,782.000
0.008930000,42.876750000,782.000
0.008780000,42.876670000,782.000
0.008740000,42.876640000,781.000
0.008620000,42.876560000,781.000
0.008450000,42.876430000,780.000
0.008440000,42.876420000,780.000
0.008090000,42.876170000,779.000
0.008030000,42.876130000,778.000
0.007930000,42.876060000,777.000
0.007850000,42.876010000,776.000
0.007750000,42.875940000,775.000
0.007570000,42.875810000,773.000
0.007510000,42.875770000,772.000
0.007320000,42.875640000,770.000
0.007160000,42.875520000,769.000
0.007140000,42.875510000,768.000
0.006860000,42.875310000,766.000
0.006730000,42.875230000,764.000
0.006680000,42.875200000,763.000
0.006600000,42.875140000,761.000
0.006420000,42.875020000,760.000
0.006350000,42.874970000,758.000
0.005970000,42.874730000,756.000
0.005640000,42.874510000,754.000
0.005500000,42.874420000,752.000
0.005240000,42.874260000,749.000
0.005190000,42.874230000,748.000
0.005170000,42.874220000,747.000
0.005120000,42.874190000,746.000
0.005090000,42.874180000,745.000
0.004990000,42.874150000,745.000
0.004840000,42.874110000,744.000
0.004690000,42.874060000,743.000
0.004650000,42.874050000,742.000
0.004460000,42.874000000,741.000
0.003970000,42.873860000,740.000
0.003740000,42.873790000,738.000
0.003590000,42.873750000,737.000
0.003450000,42.873710000,736.000
0.003130000,42.873620000,735.000
0.002870000,42.873550000,734.000
0.002210000,42.873370000,733.000
0.002180000,42.873360000,732.000
0.002070000,42.873330000,732.000
0.001030000,42.873060000,731.000
0.000800000,42.873000000,730.000
0.000740000,42.872990000,729.000
0.000630000,42.872960000,729.000
0.000560000,42.872940000,728.000
0.000080000,42.872810000,728.000
-0.000520000,42.872630000,727.000
-0.000700000,42.872580000,726.000
-0.001650000,42.872320000,725.000
-0.001720000,42.872310000,724.000
-0.001770000,42.872300000,723.000
-0.001830000,42.872320000,723.000
-0.001890000,42.872350000,723.000
-0.002210000,42.872550000,722.000
-0.002540000,42.872750000,721.000
-0.002960000,42.872990000,720.000
-0.003090000,42.873080000,720.000
-0.003140000,42.873120000,719.000
-0.003180000,42.873170000,719.000
-0.003220000,42.873240000,718.000
-0.003210000,42.873420000,718.000
-0.003210000,42.873420000,718.000
-0.003210000,42.873470000,717.000
-0.003190000,42.873590000,717.000
-0.003190000,42.873650000,717.000
-0.003180000,42.873730000,716.000
-0.003170000,42.873780000,716.000
-0.003170000,42.873830000,716.000
-0.003160000,42.873870000,715.000
-0.003150000,42.873900000,715.000
-0.003120000,42.874100000,714.000
-0.003110000,42.874260000,713.000
-0.003120000,42.874350000,713.000
-0.003130000,42.874370000,712.000
-0.003210000,42.874430000,711.000
-0.003290000,42.874500000,711.000
-0.003400000,42.874570000,710.000
-0.003450000,42.874600000,710.000
-0.003510000,42.874640000,709.000
-0.003680000,42.874760000,708.000
-0.003820000,42.874850000,708.000
-0.003840000,42.874870000,707.000
-0.004120000,42.875050000,706.000
-0.004170000,42.875080000,705.000
-0.004210000,42.875110000,704.000
-0.004380000,42.875220000,703.000
-0.004460000,42.875270000,703.000
-0.004670000,42.875420000,701.000
-0.004860000,42.875550000,700.000
-0.005120000,42.875720000,698.000
-0.005160000,42.875750000,696.000
-0.005620000,42.876060000,694.000
-0.006070000,42.876370000,691.000
-0.006220000,42.876470000,688.000
-0.006350000,42.876560000,687.000
-0.006610000,42.876730000,685.000
-0.007060000,42.877040000,684.000
-0.007290000,42.877200000,682.000
-0.007550000,42.877370000,681.000
-0.008150000,42.877790000,679.000
-0.008650000,42.878130000,677.000
-0.008890000,42.878290000,676.000
-0.008940000,42.878330000,675.000
-0.009190000,42.878500000,675.000
-0.009570000,42.878770000,674.000
-0.009630000,42.878810000,673.000
-0.009880000,42.878990000,672.000
-0.010160000,42.879180000,672.000
-0.010730000,42.879560000,670.000
-0.010830000,42.879630000,668.000
-0.011000000,42.879750000,667.000
-0.011320000,42.879970000,665.000
-0.011430000,42.880050000,663.000
-0.011470000,42.880080000,662.000
-0.011550000,42.880140000,661.000
-0.011570000,42.880150000,660.000
-0.011590000,42.880170000,660.000
-0.011660000,42.880250000,659.000
-0.011700000,42.880280000,658.000
-0.011730000,42.880310000,658.000
-0.011840000,42.880470000,657.000
-0.012230000,42.881010000,655.000
-0.012610000,42.881510000,653.000
-0.013600000,42.882730000,649.000
-0.014020000,42.883310000,646.000
-0.014100000,42.883440000,644.000
-0.014150000,42.883480000,642.000
-0.014300000,42.883630000,641.000
-0.014530000,42.883950000,639.000
-0.014740000,42.884240000,638.000
-0.014850000,42.884400000,637.000
-0.015110000,42.884760000,636.000
-0.015320000,42.885030000,636.000
-0.015330000,42.885060000,636.000
-0.015360000,42.885100000,636.000
-0.015400000,42.885140000,636.000
-0.015470000,42.885210000,636.000
-0.015520000,42.885250000,636.000
-0.015570000,42.885280000,637.000
-0.015650000,42.885310000,637.000
-0.015750000,42.885330000,637.000
-0.015820000,42.885350000,637.000
-0.015990000,42.885370000,637.000
-0.016070000,42.885370000,637.000
-0.016150000,42.885370000,637.000
-0.016220000,42.885380000,638.000
-0.016320000,42.885420000,638.000
-0.016400000,42.885450000,638.000
-0.016490000,42.885510000,638.000
-0.016570000,42.885570000,638.000
-0.016770000,42.885770000,638.000
-0.016900000,42.885920000,637.000
-0.017110000,42.886160000,636.000
-0.017440000,42.886520000,635.000
-0.017580000,42.886690000,634.000
-0.017610000,42.886720000,633.000
-0.017660000,42.886780000,632.000
-0.018010000,42.887180000,631.000
-0.018450000,42.887680000,631.000
-0.018760000,42.888030000,631.000
-0.018820000,42.888080000,631.000
-0.018970000,42.888230000,631.000
-0.018990000,42.888240000,632.000
-0.019050000,42.888300000,632.000
-0.019120000,42.888360000,632.000
-0.019180000,42.888400000,632.000
-0.019560000,42.888590000,633.000
-0.019640000,42.888630000,633.000
-0.019740000,42.888660000,633.000
-0.019760000,42.888670000,633.000
-0.019760000,42.888680000,633.000
-0.019860000,42.888730000,633.000
-0.019960000,42.888780000,633.000
-0.020150000,42.888890000,633.000
-0.020310000,42.889000000,633.000
-0.020400000,42.889060000,633.000
-0.020480000,42.889120000,633.000
-0.020570000,42.889200000,633.000
-0.020630000,42.889270000,633.000
-0.020650000,42.889290000,633.000
-0.020660000,42.889300000,633.000
-0.020750000,42.889400000,633.000
-0.020840000,42.889500000,633.000
-0.020940000,42.889600000,633.000
-0.021000000,42.889670000,633.000
-0.021040000,42.889710000,633.000
-0.021110000,42.889760000,633.000
-0.021170000,42.889800000,633.000
-0.021290000,42.889890000,633.000
-0.021410000,42.889980000,633.000
-0.021510000,42.890040000,633.000
-0.021610000,42.890100000,633.000
-0.021710000,42.890150000,633.000
-0.021990000,42.890290000,633.000
-0.022010000,42.890310000,633.000
-0.022190000,42.890400000,633.000
-0.022240000,42.890420000,633.000
-0.022810000,42.890690000,633.000
-0.022830000,42.890700000,634.000
-0.023070000,42.890850000,634.000
-0.023330000,42.891000000,634.000
-0.023440000,42.891090000,634.000
-0.023460000,42.891110000,634.000
-0.023490000,42.891130000,633.000
-0.023550000,42.891180000,633.000
-0.023690000,42.891340000,632.000
-0.023720000,42.891370000,631.000
-0.023950000,42.891760000,630.000
-0.024020000,42.891870000,628.000
-0.024190000,42.892130000,626.000
-0.024310000,42.892290000,624.000
-0.024430000,42.892450000,622.000
-0.024470000,42.892490000,621.000
-0.024570000,42.892640000,619.000
-0.024970000,42.893280000,618.000
-0.025140000,42.893560000,616.000
-0.025480000,42.894130000,614.000
-0.025550000,42.894230000,613.000
-0.025570000,42.894270000,612.000
-0.025580000,42.894290000,612.000
-0.025780000,42.894600000,611.000
-0.025910000,42.894820000,611.000
-0.025960000,42.894900000,611.000
-0.026490000,42.895770000,610.000
-0.026590000,42.895920000,610.000
-0.026980000,42.896550000,610.000
-0.027030000,42.896630000,610.000
-0.027040000,42.896650000,610.000
-0.027290000,42.897070000,609.000
-0.027570000,42.897510000,608.000
-0.027690000,42.897700000,607.000
-0.027740000,42.897780000,607.000
-0.027900000,42.898050000,606.000
-0.027990000,42.898220000,606.000
-0.028070000,42.898390000,605.000
-0.028120000,42.898500000,604.000
-0.028150000,42.898560000,604.000
-0.028250000,42.898730000,603.000
-0.028380000,42.898950000,602.000
-0.028540000,42.899160000,601.000
-0.028790000,42.899450000,600.000
-0.028870000,42.899530000,599.000
-0.028920000,42.899600000,598.000
-0.029420000,42.900320000,596.000
-0.029600000,42.900560000,594.000
-0.029720000,42.900710000,594.000
-0.029910000,42.900960000,594.000
-0.029960000,42.901030000,594.000
-0.030340000,42.901520000,594.000
-0.030500000,42.901720000,595.000
-0.030640000,42.901920000,595.000
-0.030780000,42.902110000,596.000
-0.030850000,42.902200000,596.000
-0.031080000,42.902520000,597.000
-0.031290000,42.902890000,597.000
-0.031420000,42.903150000,597.000
-0.031480000,42.903310000,598.000
-0.031500000,42.903380000,598.000
-0.031490000,42.903480000,598.000
-0.031380000,42.903710000,598.000
-0.031350000,42.903820000,598.000
-0.031360000,42.903930000,599.000
-0.031360000,42.903940000,599.000
-0.031400000,42.904030000,599.000
-0.031420000,42.904090000,600.000
-0.031560000,42.904250000,600.000
-0.031720000,42.904380000,601.000
-0.031970000,42.904530000,602.000
-0.032260000,42.904680000,603.000
-0.032320000,42.904710000,604.000
-0.032460000,42.904780000,604.000
-0.032740000,42.904930000,605.000
-0.032850000,42.904990000,606.000
-0.033040000,42.905100000,607.000
-0.033040000,42.905110000,607.000
-0.033220000,42.905230000,607.000
-0.033510000,42.905430000,606.000
-0.033790000,42.905570000,605.000
-0.033840000,42.905600000,604.000
-0.033990000,42.905680000,603.000
-0.034000000,42.905680000,603.000
-0.034040000,42.905690000,602.000
-0.034050000,42.905700000,602.000
-0.034480000,42.905850000,601.000
-0.034510000,42.905860000,600.000
-0.034570000,42.905890000,599.000
-0.034610000,42.905920000,599.000
-0.034650000,42.905970000,598.000
-0.034670000,42.906010000,598.000
-0.034670000,42.906030000,597.000
-0.034660000,42.906070000,597.000
-0.034640000,42.906100000,597.000
-0.034630000,42.906150000,597.000
-0.034560000,42.906320000,596.000
-0.034540000,42.906360000,596.000
-0.034540000,42.906370000,595.000
-0.034560000,42.906450000,595.000
-0.034590000,42.906510000,596.000
-0.034650000,42.906570000,596.000
-0.034670000,42.906600000,596.000
-0.034710000,42.906640000,597.000
-0.034780000,42.906730000,597.000
-0.034820000,42.906790000,598.000
-0.034870000,42.906900000,598.000
-0.034880000,42.906920000,599.000
-0.034880000,42.906930000,599.000
-0.034930000,42.907060000,600.000
-0.034930000,42.907070000,600.000
-0.034940000,42.907090000,601.000
-0.034990000,42.907240000,601.000
-0.035000000,42.907250000,602.000
-0.035010000,42.907270000,602.000
-0.035040000,42.907330000,603.000
-0.035080000,42.907370000,603.000
-0.035110000,42.907400000,603.000
-0.035200000,42.907500000,604.000
-0.035240000,42.907550000,605.000
-0.035380000,42.907700000,605.000
-0.035710000,42.908170000,607.000
-0.035850000,42.908330000,609.000
-0.035860000,42.908340000,609.000
-0.035960000,42.908440000,609.000
-0.036000000,42.908480000,610.000
-0.036020000,42.908500000,610.000
-0.036130000,42.908590000,610.000
-0.036150000,42.908620000,609.000
-0.036240000,42.908740000,609.000
-0.036260000,42.908760000,609.000
-0.036260000,42.908780000,609.000
-0.036330000,42.908890000,608.000
-0.036330000,42.908900000,608.000
-0.036360000,42.908940000,608.000
-0.036380000,42.909000000,608.000
-0.036440000,42.909110000,607.000
-0.036470000,42.909160000,607.000
-0.036530000,42.909280000,607.000
-0.036580000,42.909450000,606.000
-0.036610000,42.909540000,606.000
-0.036620000,42.909630000,605.000
-0.036630000,42.909770000,605.000
-0.036640000,42.909810000,604.000
-0.036640000,42.909850000,604.000
-0.036660000,42.909990000,604.000
-0.036660000,42.910040000,605.000
-0.036670000,42.910130000,605.000
-0.036680000,42.910170000,606.000
-0.036700000,42.910350000,606.000
-0.036720000,42.910490000,607.000
-0.036730000,42.910530000,608.000
-0.036750000,42.910660000,609.000
-0.036750000,42.910710000,610.000
-0.036770000,42.910830000,610.000
-0.036780000,42.910880000,611.000
-0.036810000,42.910970000,612.000
-0.036840000,42.911060000,613.000
-0.036860000,42.911120000,613.000
-0.036910000,42.911190000,614.000
-0.036930000,42.911230000,614.000
-0.037010000,42.911350000,615.000
-0.037030000,42.911380000,616.000
-0.037040000,42.911390000,616.000
-0.037110000,42.911510000,617.000
-0.037120000,42.911520000,617.000
-0.037130000,42.911550000,618.000
-0.037180000,42.911690000,617.000
-0.037200000,42.911720000,617.000
-0.037240000,42.911860000,617.000
-0.037300000,42.912040000,616.000
-0.037320000,42.912080000,615.000
-0.037370000,42.912210000,614.000
-0.037380000,42.912250000,613.000
-0.037410000,42.912330000,612.000
-0.037420000,42.912380000,611.000
-0.037420000,42.912430000,611.000
-0.037420000,42.912510000,610.000
-0.037410000,42.912560000,609.000
-0.037400000,42.912610000,609.000
-0.037390000,42.912650000,608.000
-0.037360000,42.912720000,608.000
-0.037350000,42.912740000,607.000
-0.037330000,42.912780000,607.000
-0.037300000,42.912830000,606.000
-0.037280000,42.912860000,606.000
-0.037260000,42.912910000,605.000
-0.037250000,42.912950000,605.000
-0.037220000,42.913010000,604.000
-0.037210000,42.913050000,604.000
-0.037200000,42.913080000,604.000
-0.037200000,42.913120000,603.000
-0.037210000,42.913260000,602.000
-0.037210000,42.913290000,602.000
-0.037210000,42.913300000,601.000
-0.037200000,42.913360000,601.000
-0.037180000,42.913430000,601.000
-0.037180000,42.913460000,601.000
-0.037170000,42.913480000,601.000
-0.037160000,42.913510000,601.000
-0.037100000,42.913610000,601.000
-0.037080000,42.913650000,601.000
-0.037030000,42.913750000,601.000
-0.037000000,42.913820000,601.000
-0.036990000,42.913840000,601.000
-0.036980000,42.913910000,601.000
-0.036990000,42.914030000,601.000
-0.037000000,42.914110000,601.000
-0.037000000,42.914120000,601.000
-0.037090000,42.914290000,601.000
-0.037180000,42.914450000,601.000
-0.037270000,42.914620000,601.000
-0.037280000,42.914640000,601.000
-0.037380000,42.914810000,601.000
-0.037460000,42.914940000,601.000
-0.037470000,42.914970000,601.000
-0.037490000,42.915010000,601.000
-0.037560000,42.915140000,601.000
-0.037640000,42.915310000,601.000
-0.037730000,42.915480000,601.000
-0.037800000,42.915610000,601.000
-0.037890000,42.915820000,601.000
-0.037900000,42.915820000,601.000
-0.037980000,42.915990000,601.000
-0.038060000,42.916160000,602.000
-0.038110000,42.916250000,602.000
-0.038160000,42.916320000,602.000
-0.038210000,42.916390000,602.000
-0.038280000,42.916450000,602.000
-0.038330000,42.916490000,602.000
-0.038420000,42.916550000,602.000
-0.038510000,42.916610000,602.000
-0.038570000,42.916660000,602.000
-0.038700000,42.916730000,602.000
-0.038890000,42.916840000,602.000
-0.039080000,42.916950000,601.000
-0.039150000,42.916990000,601.000
-0.039270000,42.917070000,600.000
-0.039450000,42.917180000,600.000
-0.039540000,42.917240000,599.000
-0.039630000,42.917310000,599.000
-0.039670000,42.917340000,599.000
-0.039730000,42.917390000,598.000
-0.039780000,42.917440000,598.000
-0.039790000,42.917450000,598.000
-0.039800000,42.917470000,597.000
-0.039800000,42.917470000,597.000
-0.039820000,42.917500000,597.000
-0.039840000,42.917540000,597.000
-0.039860000,42.917610000,597.000
-0.039860000,42.917620000,597.000
-0.039870000,42.917650000,597.000
-0.039870000,42.917690000,596.000
-0.039860000,42.917800000,596.000
-0.039850000,42.917940000,596.000
-0.039850000,42.917980000,595.000
-0.039860000,42.918000000,595.000
-0.039870000,42.918040000,595.000
-0.039880000,42.918080000,595.000
-0.039930000,42.918140000,595.000
-0.039950000,42.918160000,595.000
-0.039980000,42.918210000,595.000
-0.040030000,42.918260000,595.000
-0.040080000,42.918310000,595.000
-0.040220000,42.918430000,596.000
-0.040290000,42.918480000,596.000
-0.040320000,42.918520000,596.000
-0.040360000,42.918580000,596.000
-0.040370000,42.918590000,596.000
-0.040400000,42.918650000,597.000
-0.040410000,42.918690000,597.000
-0.040410000,42.918730000,597.000
-0.040400000,42.918750000,597.000
-0.040370000,42.918840000,597.000
-0.040330000,42.918920000,597.000
-0.040320000,42.918940000,598.000
-0.040240000,42.919090000,598.000
-0.040200000,42.919180000,598.000
-0.040190000,42.919210000,598.000
-0.040190000,42.919270000,599.000
-0.040190000,42.919300000,599.000
-0.040190000,42.919330000,599.000
-0.040210000,42.919410000,599.000
-0.040220000,42.919440000,599.000
-0.040260000,42.919620000,600.000
-0.040270000,42.919640000,600.000
-0.040280000,42.919680000,600.000
-0.040270000,42.919800000,601.000
-0.040240000,42.919960000,601.000
-0.040240000,42.920010000,602.000
-0.040260000,42.920080000,602.000
-0.040270000,42.920130000,603.000
-0.040280000,42.920130000,603.000
-0.040300000,42.920170000,604.000
-0.040330000,42.920210000,604.000
-0.040400000,42.920260000,604.000
-0.040630000,42.920430000,605.000
-0.040730000,42.920500000,606.000
-0.040790000,42.920560000,607.000
-0.040870000,42.920700000,608.000
-0.040890000,42.920720000,608.000
-0.040950000,42.920860000,609.000
-0.040950000,42.920870000,609.000
-0.040970000,42.920930000,610.000
-0.040980000,42.921040000,611.000
-0.041000000,42.921190000,611.000
-0.041000000,42.921220000,612.000
-0.041020000,42.921400000,613.000
-0.041020000,42.921440000,613.000
-0.041020000,42.921530000,613.000
-0.041020000,42.921580000,613.000
-0.041000000,42.921670000,613.000
-0.040980000,42.921750000,613.000
-0.040970000,42.921760000,612.000
-0.040930000,42.921870000,612.000
-0.040900000,42.921930000,612.000
-0.040830000,42.922100000,611.000
-0.040820000,42.922110000,610.000
-0.040820000,42.922150000,610.000
-0.040810000,42.922180000,610.000
-0.040810000,42.922280000,609.000
-0.040810000,42.922330000,609.000
-0.040810000,42.922510000,608.000
-0.040810000,42.922570000,607.000
-0.040800000,42.922620000,607.000
-0.040780000,42.922670000,606.000
-0.040770000,42.922690000,606.000
-0.040740000,42.922790000,605.000
-0.040730000,42.922840000,605.000
-0.040730000,42.922860000,605.000
-0.040730000,42.922920000,604.000
-0.040740000,42.922990000,604.000
-0.040760000,42.923040000,603.000
-0.040810000,42.923200000,603.000
-0.040820000,42.923210000,602.000
-0.040840000,42.923300000,602.000
-0.040870000,42.923390000,602.000
-0.040890000,42.923480000,602.000
-0.040900000,42.923550000,602.000
-0.040900000,42.923560000,601.000
-0.040900000,42.923630000,601.000
-0.040880000,42.923730000,601.000
-0.040870000,42.923750000,601.000
-0.040840000,42.923890000,601.000
-0.040830000,42.923920000,601.000
-0.040830000,42.923930000,601.000
-0.040840000,42.923970000,601.000
-0.040850000,42.924010000,601.000
-0.040860000,42.924040000,601.000
-0.040880000,42.924080000,601.000
-0.040890000,42.924090000,601.000
-0.040890000,42.924100000,601.000
-0.040970000,42.924180000,601.000
-0.041030000,42.924220000,601.000
-0.041050000,42.924240000,601.000
-0.041120000,42.924290000,601.000
-0.041200000,42.924350000,601.000
-0.041210000,42.924370000,601.000
-0.041240000,42.924390000,601.000
-0.041370000,42.924500000,601.000
-0.041380000,42.924510000,601.000
-0.041620000,42.924760000,601.000
-0.041840000,42.925020000,601.000
-0.041900000,42.925110000,601.000
-0.042010000,42.925250000,600.000
-0.042020000,42.925270000,600.000
-0.042040000,42.925290000,600.000
-0.042100000,42.925390000,600.000
-0.042110000,42.925410000,600.000
-0.042120000,42.925430000,600.000
-0.042140000,42.925480000,600.000
-0.042160000,42.925590000,599.000
-0.042160000,42.925610000,599.000
-0.042170000,42.925660000,599.000
-0.042140000,42.925740000,599.000
-0.042120000,42.925780000,599.000
-0.042110000,42.925790000,599.000
-0.042050000,42.925850000,599.000
-0.041970000,42.925920000,599.000
-0.041940000,42.925940000,599.000
-0.041790000,42.926050000,598.000
-0.041730000,42.926090000,598.000
-0.041670000,42.926160000,598.000
-0.041660000,42.926180000,598.000
-0.041650000,42.926190000,598.000
-0.041630000,42.926220000,598.000
-0.041610000,42.926280000,598.000
-0.041600000,42.926370000,598.000
-0.041600000,42.926460000,597.000
-0.041610000,42.926530000,597.000
-0.041610000,42.926550000,597.000
-0.041640000,42.926720000,597.000
-0.041650000,42.926910000,597.000
-0.041650000,42.926960000,597.000
-0.041660000,42.927020000,597.000
-0.041670000,42.927060000,597.000
-0.041680000,42.927080000,598.000
-0.041740000,42.927260000,598.000
-0.041770000,42.927340000,598.000
-0.041790000,42.927420000,599.000
-0.041790000,42.927430000,599.000
-0.041840000,42.927590000,599.000
-0.041840000,42.927610000,599.000
-0.041860000,42.927680000,600.000
-0.041890000,42.927770000,600.000
-0.041970000,42.927950000,600.000
-0.041980000,42.927960000,601.000
-0.042060000,42.928110000,601.000
-0.042070000,42.928120000,602.000
-0.042160000,42.928290000,602.000
-0.042250000,42.928460000,602.000
-0.042310000,42.928520000,603.000
-0.042410000,42.928640000,603.000
-0.042520000,42.928760000,602.000
-0.042530000,42.928770000,602.000
-0.042660000,42.928880000,602.000
-0.042800000,42.929000000,601.000
-0.042820000,42.929020000,601.000
-0.043000000,42.929140000,601.000
-0.043260000,42.929330000,600.000
-0.043340000,42.929400000,599.000
-0.043490000,42.929500000,599.000
-0.043510000,42.929530000,598.000
-0.043660000,42.929660000,598.000
-0.043700000,42.929680000,597.000
-0.043730000,42.929700000,597.000
-0.043790000,42.929730000,597.000
-0.043840000,42.929750000,596.000
-0.043880000,42.929760000,596.000
-0.043970000,42.929790000,596.000
-0.044070000,42.929820000,595.000
-0.044220000,42.929850000,593.000
-0.044340000,42.929890000,591.000
-0.044440000,42.929920000,588.000
-0.044770000,42.930060000,584.000
-0.044850000,42.930090000,580.000
-0.045100000,42.930200000,575.000
-0.045220000,42.930270000,570.000
-0.045370000,42.930360000,566.000
-0.045390000,42.930380000,562.000
-0.045540000,42.930490000,558.000
-0.045710000,42.930620000,554.000
-0.045810000,42.930700000,550.000
-0.045880000,42.930760000,546.000
-0.045900000,42.930770000,543.000
-0.045960000,42.930830000,541.000
-0.046020000,42.930900000,539.000
-0.046030000,42.930920000,538.000
-0.046050000,42.930960000,538.000
-0.046080000,42.931020000,538.000
-0.046100000,42.931070000,538.000
-0.046110000,42.931090000,538.000
-0.046130000,42.931150000,538.000
-0.046130000,42.931230000,539.000
-0.046130000,42.931250000,539.000
-0.046130000,42.931260000,540.000
-0.046120000,42.931370000,540.000
-0.046110000,42.931430000,541.000
-0.046100000,42.931490000,541.000
-0.046080000,42.931610000,542.000
-0.046070000,42.931620000,543.000
-0.046070000,42.931660000,543.000
-0.046070000,42.931750000,544.000
-0.046070000,42.931790000,544.000
-0.046070000,42.931860000,545.000
-0.046080000,42.931900000,545.000
-0.046090000,42.931970000,546.000
-0.046100000,42.932000000,547.000
-0.046140000,42.932120000,547.000
-0.046160000,42.932180000,548.000
-0.046210000,42.932280000,549.000
-0.046230000,42.932310000,550.000
-0.046250000,42.932350000,550.000
-0.046330000,42.932470000,551.000
-0.046430000,42.932640000,552.000
-0.046480000,42.932700000,553.000
-0.046520000,42.932810000,554.000
-0.046600000,42.932970000,556.000
-0.046600000,42.932980000,557.000
-0.046630000,42.933070000,558.000
-0.046660000,42.933150000,559.000
-0.046720000,42.933250000,561.000
-0.046770000,42.933310000,562.000
-0.046890000,42.933470000,563.000
-0.046930000,42.933520000,565.000
-0.047010000,42.933620000,566.000
-0.047140000,42.933780000,568.000
-0.047200000,42.933850000,569.000
-0.047270000,42.933930000,571.000
-0.047400000,42.934080000,573.000
-0.047430000,42.934110000,574.000
-0.047490000,42.934190000,575.000
-0.047540000,42.934230000,576.000
-0.047580000,42.934260000,577.000
-0.047660000,42.934320000,577.000
-0.047720000,42.934350000,577.000
-0.047800000,42.934400000,576.000
-0.047870000,42.934440000,576.000
-0.047920000,42.934460000,575.000
-0.047970000,42.934480000,574.000
-0.048060000,42.934510000,574.000
-0.048140000,42.934530000,573.000
-0.048230000,42.934550000,572.000
-0.048370000,42.934600000,571.000
-0.048390000,42.934610000,571.000
-0.048520000,42.934690000,570.000
-0.048560000,42.934710000,569.000
-0.048580000,42.934730000,568.000
-0.048610000,42.934760000,567.000
-0.048620000,42.934790000,567.000
-0.048660000,42.934860000,566.000
-0.048660000,42.934880000,566.000
-0.048670000,42.934900000,565.000
-0.048680000,42.934990000,565.000
-0.048670000,42.935050000,564.000
-0.048670000,42.935080000,563.000
-0.048620000,42.935230000,562.000
-0.048600000,42.935290000,561.000
-0.048570000,42.935410000,560.000
-0.048530000,42.935580000,559.000
-0.048490000,42.935760000,556.000
-0.048470000,42.935850000,554.000
-0.048460000,42.935940000,552.000
-0.048450000,42.936060000,550.000
-0.048450000,42.936120000,549.000
-0.048450000,42.936200000,547.000
-0.048450000,42.936250000,546.000
-0.048460000,42.936350000,544.000
-0.048460000,42.936390000,543.000
-0.048470000,42.936430000,542.000
-0.048480000,42.936510000,540.000
-0.048480000,42.936530000,540.000
-0.048520000,42.936610000,538.000
-0.048520000,42.936620000,538.000
-0.048570000,42.936700000,536.000
-0.048580000,42.936700000,536.000
-0.048680000,42.936790000,534.000
-0.048740000,42.936830000,533.000
-0.048810000,42.936870000,532.000
-0.048880000,42.936900000,531.000
-0.048900000,42.936910000,530.000
-0.048950000,42.936920000,529.000
-0.048950000,42.936930000,528.000
-0.049010000,42.936950000,528.000
-0.049090000,42.936990000,527.000
-0.049100000,42.936990000,526.000
-0.049150000,42.937020000,525.000
-0.049160000,42.937030000,525.000
-0.049240000,42.937080000,524.000
-0.049280000,42.937110000,523.000
-0.049320000,42.937150000,523.000
-0.049330000,42.937160000,522.000
-0.049380000,42.937220000,523.000
-0.049420000,42.937260000,523.000
-0.049450000,42.937290000,523.000
-0.049460000,42.937300000,523.000
-0.049470000,42.937330000,523.000
-0.049500000,42.937380000,524.000
-0.049530000,42.937420000,524.000
-0.049550000,42.937470000,524.000
-0.049650000,42.937630000,525.000
-0.049700000,42.937710000,526.000
-0.049740000,42.937800000,526.000
-0.049830000,42.937970000,527.000
-0.049980000,42.938260000,529.000
-0.050010000,42.938300000,530.000
-0.050070000,42.938420000,531.000
-0.050100000,42.938470000,532.000
-0.050160000,42.938590000,533.000
-0.050190000,42.938640000,534.000
-0.050210000,42.938670000,534.000
-0.050280000,42.938790000,535.000
-0.050290000,42.938800000,535.000
-0.050310000,42.938830000,536.000
-0.050370000,42.938900000,536.000
-0.050430000,42.938950000,535.000
-0.050500000,42.939010000,535.000
-0.050790000,42.939200000,533.000
-0.050920000,42.939280000,532.000
-0.050930000,42.939280000,531.000
-0.050980000,42.939310000,531.000
-0.051040000,42.939340000,530.000
-0.051130000,42.939360000,529.000
-0.051200000,42.939380000,529.000
-0.051220000,42.939390000,528.000
-0.051410000,42.939430000,527.000
-0.051440000,42.939430000,527.000
-0.051740000,42.939480000,526.000
-0.051910000,42.939510000,524.000
-0.052000000,42.939520000,523.000
-0.052190000,42.939570000,522.000
-0.052310000,42.939610000,521.000
-0.052380000,42.939630000,520.000
-0.052540000,42.939680000,520.000
-0.052600000,42.939700000,520.000
-0.052760000,42.939750000,520.000
-0.052920000,42.939810000,520.000
-0.052970000,42.939840000,520.000
-0.053070000,42.939890000,520.000
-0.053120000,42.939930000,521.000
-0.053160000,42.939960000,521.000
-0.053190000,42.939990000,521.000
-0.053200000,42.940000000,521.000
-0.053260000,42.940080000,522.000
-0.053270000,42.940110000,522.000
-0.053290000,42.940140000,522.000
-0.053300000,42.940170000,522.000
-0.053300000,42.940190000,522.000
-0.053310000,42.940260000,523.000
-0.053310000,42.940290000,523.000
-0.053310000,42.940340000,523.000
-0.053310000,42.940350000,523.000
-0.053300000,42.940380000,523.000
-0.053290000,42.940440000,523.000
-0.053260000,42.940490000,524.000
-0.053240000,42.940520000,524.000
-0.053220000,42.940540000,524.000
-0.053190000,42.940590000,524.000
-0.053160000,42.940630000,524.000
-0.053140000,42.940640000,524.000
-0.053120000,42.940670000,525.000
-0.053110000,42.940670000,525.000
-0.053040000,42.940730000,525.000
-0.052950000,42.940800000,525.000
-0.052840000,42.940900000,526.000
-0.052790000,42.940940000,526.000
-0.052770000,42.940950000,526.000
-0.052680000,42.941030000,526.000
-0.052630000,42.941080000,525.000
-0.052490000,42.941200000,524.000
-0.052480000,42.941220000,524.000
-0.052370000,42.941320000,523.000
-0.052360000,42.941330000,522.000
-0.052330000,42.941360000,522.000
-0.052280000,42.941420000,521.000
-0.052240000,42.941470000,520.000
-0.052210000,42.941520000,520.000
-0.052190000,42.941540000,519.000
-0.052160000,42.941610000,519.000
-0.052130000,42.941670000,518.000
-0.052130000,42.941690000,518.000
-0.052100000,42.941760000,517.000
-0.052090000,42.941840000,516.000
-0.052090000,42.941860000,516.000
-0.052090000,42.941900000,515.000
-0.052100000,42.941960000,515.000
-0.052140000,42.942040000,514.000
-0.052150000,42.942050000,514.000
-0.052190000,42.942090000,513.000
-0.052230000,42.942120000,513.000
-0.052290000,42.942180000,512.000
-0.052300000,42.942200000,511.000
-0.052390000,42.942280000,511.000
-0.052440000,42.942320000,510.000
-0.052520000,42.942390000,509.000
-0.052550000,42.942420000,509.000
-0.052850000,42.942700000,507.000
-0.052940000,42.942800000,505.000
-0.052980000,42.942830000,504.000
-0.052990000,42.942850000,503.000
-0.053020000,42.942900000,503.000
-0.053090000,42.943020000,502.000
-0.053120000,42.943060000,501.000
-0.053150000,42.943110000,501.000
-0.053310000,42.943400000,499.000
-0.053420000,42.943600000,498.000
-0.053650000,42.943900000,496.000
-0.053680000,42.943940000,494.000
-0.053730000,42.943980000,493.000
-0.053770000,42.944030000,492.000
-0.053780000,42.944030000,491.000
-0.053880000,42.944130000,490.000
-0.053920000,42.944170000,490.000
-0.054090000,42.944340000,489.000
-0.054260000,42.944520000,488.000
-0.054440000,42.944660000,487.000
-0.054700000,42.944870000,486.000
-0.054740000,42.944900000,485.000
-0.055150000,42.945230000,485.000
-0.055360000,42.945400000,484.000
-0.055470000,42.945500000,483.000
-0.055510000,42.945540000,482.000
-0.055540000,42.945560000,482.000
-0.056070000,42.946010000,481.000
-0.056260000,42.946180000,482.000
-0.056460000,42.946370000,483.000
-0.056570000,42.946470000,484.000
-0.056660000,42.946560000,485.000
-0.056770000,42.946640000,486.000
-0.056880000,42.946720000,488.000
-0.056950000,42.946760000,489.000
-0.057110000,42.946840000,490.000
-0.057320000,42.946930000,491.000
-0.057600000,42.947000000,493.000
-0.057610000,42.947000000,495.000
-0.058000000,42.947080000,497.000
-0.058650000,42.947210000,498.000
-0.058820000,42.947260000,500.000
-0.059020000,42.947330000,501.000
-0.059350000,42.947450000,501.000
-0.059600000,42.947550000,502.000
-0.059650000,42.947570000,503.000
-0.059660000,42.947580000,503.000
-0.059800000,42.947650000,503.000
-0.059810000,42.947660000,504.000
-0.059860000,42.947690000,504.000
-0.059970000,42.947760000,504.000
-0.060040000,42.947810000,504.000
-0.060140000,42.947870000,505.000
-0.060340000,42.948000000,505.000
-0.060450000,42.948070000,505.000
-0.060600000,42.948150000,504.000
-0.060810000,42.948260000,503.000
-0.061400000,42.948580000,501.000
-0.061540000,42.948650000,498.000
-0.061600000,42.948680000,497.000
-0.061750000,42.948750000,495.000
-0.061920000,42.948830000,494.000
-0.062140000,42.948930000,492.000
-0.062370000,42.949050000,490.000
-0.062800000,42.949310000,488.000
-0.062960000,42.949420000,486.000
-0.063120000,42.949500000,485.000
-0.063320000,42.949590000,483.000
-0.063650000,42.949720000,482.000
-0.063840000,42.949790000,481.000
-0.063980000,42.949840000,479.000
-0.064060000,42.949860000,479.000
-0.064200000,42.949900000,478.000
-0.064320000,42.949930000,477.000
-0.064490000,42.949970000,476.000
-0.065000000,42.950060000,476.000
-0.065010000,42.950060000,476.000
-0.065940000,42.950240000,477.000
-0.066170000,42.950300000,477.000
-0.066210000,42.950320000,478.000
-0.066940000,42.950490000,479.000
-0.067160000,42.950560000,479.000
-0.067350000,42.950670000,480.000
-0.067350000,42.950680000,480.000
-0.067430000,42.950750000,480.000
-0.067430000,42.950750000,480.000
-0.067410000,42.950760000,481.000
-0.067400000,42.950770000,481.000
-0.067390000,42.950780000,481.000
-0.067380000,42.950790000,481.000
-0.067370000,42.950810000,481.000
-0.067370000,42.950820000,481.000
-0.067360000,42.950830000,481.000
-0.067360000,42.950840000,481.000
-0.067350000,42.950860000,481.000
-0.067350000,42.950870000,481.000
-0.067350000,42.950880000,481.000
-0.067350000,42.950900000,481.000
-0.067350000,42.950910000,481.000
-0.067360000,42.950930000,481.000
-0.067360000,42.950940000,481.000
-0.067370000,42.950950000,481.000
-0.067320000,42.951020000,481.000
-0.067280000,42.951060000,481.000
-0.067240000,42.951100000,481.000
-0.067180000,42.951150000,481.000
-0.067100000,42.951230000,481.000
-0.067020000,42.951300000,481.000
-0.066740000,42.951530000,481.000
-0.066670000,42.951590000,481.000
-0.066660000,42.951600000,481.000
-0.066650000,42.951640000,481.000
-0.066590000,42.951690000,481.000
-0.066500000,42.951790000,481.000
-0.066470000,42.951840000,481.000
-0.066420000,42.951900000,481.000
-0.066360000,42.952000000,481.000
-0.066340000,42.952030000,481.000
-0.066310000,42.952090000,481.000
-0.066260000,42.952200000,481.000
-0.066230000,42.952260000,480.000
-0.066180000,42.952370000,480.000
-0.066120000,42.952490000,480.000
-0.066100000,42.952540000,479.000
-0.066010000,42.952700000,479.000
-0.065960000,42.952750000,479.000
-0.065900000,42.952840000,478.000
-0.065840000,42.952920000,478.000
-0.065740000,42.953010000,477.000
-0.065710000,42.953040000,477.000
-0.065640000,42.953110000,477.000
-0.065560000,42.953180000,476.000
-0.065540000,42.953200000,476.000
-0.065410000,42.953320000,476.000
-0.065300000,42.953430000,475.000
-0.065160000,42.953580000,475.000
-0.065120000,42.953640000,474.000
-0.065090000,42.953690000,473.000
-0.065060000,42.953740000,473.000
-0.065040000,42.953770000,472.000
-0.065010000,42.953830000,471.000
-0.064980000,42.953890000,471.000
-0.064980000,42.953910000,470.000
-0.064970000,42.953940000,470.000
-0.064960000,42.953970000,469.000
-0.064950000,42.954020000,469.000
-0.064940000,42.954070000,468.000
-0.064930000,42.954150000,467.000
-0.064940000,42.954230000,466.000
-0.064940000,42.954260000,466.000
-0.064970000,42.954370000,465.000
-0.064980000,42.954390000,464.000
-0.064990000,42.954400000,464.000
-0.064990000,42.954420000,463.000
-0.065000000,42.954420000,463.000
-0.065020000,42.954440000,463.000
-0.065070000,42.954550000,462.000
-0.065130000,42.954650000,461.000
-0.065190000,42.954760000,460.000
-0.065260000,42.954870000,459.000
-0.065300000,42.954930000,457.000
-0.065330000,42.954970000,456.000
-0.065400000,42.955080000,455.000
-0.065410000,42.955100000,454.000
-0.065470000,42.955190000,453.000
-0.065510000,42.955260000,452.000
-0.065530000,42.955290000,452.000
-0.065590000,42.955400000,452.000
-0.065600000,42.955430000,452.000
-0.065630000,42.955480000,452.000
-0.065650000,42.955550000,452.000
-0.065670000,42.955600000,452.000
-0.065680000,42.955620000,453.000
-0.065690000,42.955680000,453.000
-0.065710000,42.955740000,453.000
-0.065720000,42.955850000,454.000
-0.065730000,42.955970000,455.000
-0.065740000,42.956060000,455.000
-0.065740000,42.956280000,456.000
-0.065730000,42.956460000,457.000
-0.065720000,42.956600000,458.000
-0.065720000,42.956660000,459.000
-0.065700000,42.956740000,460.000
-0.065680000,42.956830000,461.000
-0.065670000,42.956880000,461.000
-0.065640000,42.956960000,462.000
-0.065630000,42.956990000,462.000
-0.065610000,42.957030000,463.000
-0.065600000,42.957070000,463.000
-0.065570000,42.957110000,463.000
-0.065540000,42.957160000,463.000
-0.065490000,42.957220000,463.000
-0.065450000,42.957240000,463.000
-0.065430000,42.957250000,463.000
-0.065420000,42.957260000,463.000
-0.065400000,42.957280000,463.000
-0.065260000,42.957400000,462.000
-0.065210000,42.957440000,462.000
-0.065160000,42.957470000,462.000
-0.065030000,42.957550000,462.000
-0.064980000,42.957580000,462.000
-0.064810000,42.957670000,461.000
-0.064620000,42.957790000,461.000
-0.064340000,42.958010000,460.000
-0.064170000,42.958130000,460.000
-0.064120000,42.958170000,459.000
-0.064090000,42.958200000,459.000
-0.064070000,42.958230000,459.000
-0.064000000,42.958310000,458.000
-0.063960000,42.958360000,458.000
-0.063910000,42.958420000,458.000
-0.063840000,42.958520000,458.000
-0.063830000,42.958540000,458.000
-0.063830000,42.958570000,457.000
-0.063510000,42.959030000,457.000
-0.063490000,42.959070000,457.000
-0.063460000,42.959120000,457.000
-0.063430000,42.959160000,457.000
-0.063370000,42.959250000,457.000
-0.063360000,42.959270000,457.000
-0.063260000,42.959410000,456.000
-0.063110000,42.959650000,456.000
-0.063040000,42.959790000,456.000
-0.063000000,42.959860000,456.000
-0.062990000,42.959900000,456.000
-0.062960000,42.959960000,456.000
-0.062940000,42.960040000,456.000
-0.062920000,42.960140000,455.000
-0.062910000,42.960240000,455.000
-0.062910000,42.960260000,455.000
-0.062900000,42.960370000,454.000
-0.062910000,42.960490000,454.000
-0.062910000,42.960610000,453.000
-0.062920000,42.960730000,452.000
-0.062930000,42.960850000,451.000
-0.062940000,42.960970000,451.000
-0.062950000,42.961030000,450.000
-0.062940000,42.961230000,449.000
-0.062940000,42.961370000,448.000
-0.062930000,42.961500000,447.000
-0.062920000,42.961640000,446.000
-0.062900000,42.961770000,445.000
-0.062870000,42.961910000,444.000
-0.062840000,42.962040000,444.000
-0.062810000,42.962170000,445.000
-0.062760000,42.962310000,445.000
-0.062720000,42.962440000,446.000
-0.062690000,42.962490000,447.000
-0.062650000,42.962580000,448.000
-0.062620000,42.962630000,449.000
-0.062580000,42.962710000,449.000
-0.062490000,42.962860000,451.000
-0.062430000,42.962970000,452.000
-0.062290000,42.963160000,453.000
-0.062090000,42.963450000,455.000
-0.061870000,42.963700000,458.000
-0.061620000,42.963970000,458.000
-0.061400000,42.964210000,458.000
-0.061090000,42.964580000,456.000
-0.060920000,42.964780000,454.000
-0.060800000,42.964950000,452.000
-0.060690000,42.965130000,451.000
-0.060630000,42.965290000,449.000
-0.060590000,42.965430000,448.000
-0.060580000,42.965540000,447.000
-0.060570000,42.965610000,447.000
-0.060570000,42.965720000,446.000
-0.060580000,42.965850000,446.000
-0.060610000,42.965950000,446.000
-0.060650000,42.966050000,446.000
-0.060720000,42.966200000,446.000
-0.060850000,42.966410000,446.000
-0.061020000,42.966670000,447.000
-0.061180000,42.966920000,447.000
-0.061300000,42.967150000,447.000
-0.061430000,42.967390000,447.000
-0.061560000,42.967650000,446.000
-0.061600000,42.967770000,446.000
-0.061610000,42.967860000,445.000
-0.061620000,42.967950000,445.000
-0.061790000,42.968430000,444.000
-0.061800000,42.968480000,443.000
-0.061840000,42.968660000,443.000
-0.061910000,42.968890000,442.000
-0.062010000,42.969190000,441.000
-0.062060000,42.969280000,441.000
-0.062150000,42.969390000,441.000
-0.062150000,42.969430000,440.000
-0.062170000,42.969480000,440.000
-0.062190000,42.969540000,440.000
-0.062230000,42.969600000,440.000
-0.062320000,42.969740000,440.000
-0.062480000,42.969970000,440.000
-0.062700000,42.970250000,439.000
-0.062800000,42.970390000,439.000
-0.062920000,42.970550000,439.000
-0.063560000,42.971310000,438.000
-0.063570000,42.971330000,438.000
-0.063670000,42.971470000,437.000
-0.063750000,42.971530000,437.000
-0.063880000,42.971700000,436.000
-0.063910000,42.971740000,436.000
-0.064000000,42.971870000,436.000
-0.064230000,42.972180000,435.000
-0.064280000,42.972250000,435.000
-0.064560000,42.972630000,436.000
-0.064720000,42.972850000,436.000
-0.064820000,42.972980000,436.000
-0.064860000,42.973030000,437.000
-0.064910000,42.973080000,437.000
-0.065130000,42.973330000,438.000
-0.065360000,42.973560000,438.000
-0.065540000,42.973730000,439.000
-0.065690000,42.973860000,439.000
-0.065850000,42.973980000,440.000
-0.065940000,42.974040000,440.000
-0.066000000,42.974090000,440.000
-0.066030000,42.974110000,440.000
-0.066120000,42.974170000,440.000
-0.066200000,42.974230000,440.000
-0.066330000,42.974330000,439.000
-0.066660000,42.974580000,439.000
-0.066830000,42.974710000,439.000
-0.066880000,42.974750000,439.000
-0.066980000,42.974830000,438.000
-0.067060000,42.974910000,438.000
-0.067130000,42.974960000,438.000
-0.067260000,42.975100000,438.000
-0.067400000,42.975240000,437.000
-0.067480000,42.975330000,437.000
-0.067520000,42.975380000,436.000
-0.067640000,42.975520000,435.000
-0.067750000,42.975670000,435.000
-0.067850000,42.975810000,434.000
-0.067950000,42.975960000,433.000
-0.068040000,42.976120000,431.000
-0.068120000,42.976270000,430.000
-0.068190000,42.976430000,429.000
-0.068270000,42.976590000,428.000
-0.068340000,42.976750000,427.000
-0.068410000,42.976910000,426.000
-0.068470000,42.977070000,426.000
-0.068550000,42.977230000,425.000
-0.068610000,42.977390000,425.000
-0.068680000,42.977550000,425.000
-0.068740000,42.977710000,425.000
-0.068810000,42.977860000,425.000
-0.068840000,42.977920000,425.000
-0.068860000,42.977960000,425.000
-0.068870000,42.978010000,425.000
-0.068880000,42.978020000,425.000
-0.068940000,42.978170000,425.000
-0.069060000,42.978420000,425.000
-0.069110000,42.978540000,425.000
-0.069120000,42.978560000,425.000
-0.069150000,42.978640000,425.000
-0.069150000,42.978690000,425.000
-0.069150000,42.978700000,425.000
-0.069160000,42.978710000,425.000
-0.069180000,42.978770000,425.000
-0.069300000,42.979040000,425.000
-0.069320000,42.979100000,425.000
-0.069480000,42.979480000,425.000
-0.069490000,42.979520000,425.000
-0.069510000,42.979560000,425.000
-0.069620000,42.979800000,425.000
-0.069680000,42.979930000,425.000
-0.069820000,42.980240000,425.000
-0.069910000,42.980440000,425.000
-0.069950000,42.980530000,425.000
-0.069990000,42.980600000,424.000
-0.070000000,42.980610000,424.000
-0.070030000,42.980640000,424.000
-0.070140000,42.980890000,424.000
-0.070190000,42.980980000,424.000
-0.070200000,42.981020000,423.000
-0.070540000,42.981790000,422.000
-0.070880000,42.982580000,421.000
-0.071120000,42.983130000,420.000
-0.071170000,42.983230000,419.000
-0.071410000,42.983770000,418.000
-0.071680000,42.984430000,417.000
-0.071800000,42.984830000,416.000
-0.071910000,42.985130000,415.000
-0.072160000,42.985960000,414.000
-0.072410000,42.986860000,412.000
-0.072490000,42.987110000,412.000
-0.072540000,42.987290000,411.000
-0.072580000,42.987430000,411.000
-0.072590000,42.987460000,411.000
-0.072630000,42.987640000,412.000
-0.072730000,42.987980000,412.000
-0.072820000,42.988320000,413.000
-0.072880000,42.988490000,414.000
-0.072930000,42.988630000,414.000
-0.072970000,42.988730000,415.000
-0.073030000,42.988850000,415.000
-0.073030000,42.988870000,415.000
-0.073110000,42.989010000,415.000
-0.073120000,42.989030000,415.000
-0.073170000,42.989120000,414.000
-0.073260000,42.989270000,414.000
-0.073320000,42.989350000,414.000
-0.073430000,42.989500000,414.000
-0.073510000,42.989620000,413.000
-0.073660000,42.989800000,413.000
-0.073920000,42.990080000,413.000
-0.074240000,42.990420000,412.000
-0.074660000,42.990870000,411.000
-0.074740000,42.990940000,410.000
-0.074790000,42.991000000,409.000
-0.075040000,42.991280000,408.000
-0.075120000,42.991370000,408.000
-0.075170000,42.991430000,407.000
-0.075180000,42.991440000,407.000
-0.075240000,42.991520000,406.000
-0.075300000,42.991590000,406.000
-0.075350000,42.991650000,406.000
-0.075440000,42.991770000,405.000
-0.075540000,42.991910000,405.000
-0.075620000,42.992020000,404.000
-0.075720000,42.992150000,404.000
-0.075800000,42.992270000,404.000
-0.075820000,42.992320000,404.000
-0.075880000,42.992400000,405.000
-0.076060000,42.992710000,405.000
-0.076150000,42.992880000,406.000
-0.076170000,42.992950000,406.000
-0.076220000,42.993050000,406.000
-0.076380000,42.993330000,407.000
-0.076390000,42.993360000,407.000
-0.076590000,42.993730000,408.000
-0.076780000,42.994050000,408.000
-0.076950000,42.994340000,407.000
-0.076980000,42.994390000,407.000
-0.077050000,42.994500000,406.000
-0.077050000,42.994510000,406.000
-0.077060000,42.994520000,405.000
-0.077110000,42.994550000,405.000
-0.077190000,42.994690000,405.000
-0.077250000,42.994820000,404.000
-0.077260000,42.994840000,404.000
-0.077280000,42.994900000,403.000
-0.077350000,42.995040000,403.000
-0.077420000,42.995230000,402.000
-0.077500000,42.995480000,401.000
-0.077540000,42.995610000,401.000
-0.077560000,42.995700000,401.000
-0.077580000,42.995820000,402.000
-0.077590000,42.995920000,403.000
-0.077600000,42.996040000,403.000
-0.077610000,42.996140000,404.000
-0.077610000,42.996240000,405.000
-0.077610000,42.996350000,406.000
-0.077570000,42.997210000,410.000
-0.077550000,42.997260000,412.000
-0.077540000,42.997270000,414.000
-0.077540000,42.997300000,415.000
-0.077540000,42.997400000,416.000
-0.077530000,42.997880000,415.000
-0.077500000,42.998430000,413.000
-0.077520000,42.998650000,411.000
-0.077540000,42.998800000,410.000
-0.077580000,42.999050000,408.000
-0.077590000,42.999070000,407.000
-0.077600000,42.999080000,406.000
-0.077630000,42.999100000,406.000
-0.077650000,42.999180000,405.000
-0.077670000,42.999270000,405.000
-0.077730000,42.999450000,405.000
-0.077790000,42.999610000,405.000
-0.078010000,43.000050000,405.000
-0.078200000,43.000370000,405.000
-0.078260000,43.000470000,405.000
-0.078480000,43.000850000,405.000
-0.078630000,43.001120000,405.000
-0.078660000,43.001180000,405.000
-0.078760000,43.001380000,406.000
-0.078840000,43.001600000,406.000
-0.078950000,43.001950000,407.000
-0.079030000,43.002270000,408.000
-0.079110000,43.002820000,410.000
-0.079130000,43.002940000,411.000
-0.079140000,43.002990000,412.000
-0.079150000,43.003030000,412.000
-0.079170000,43.003170000,413.000
-0.079240000,43.003520000,414.000
-0.079250000,43.003590000,415.000
-0.079250000,43.003590000,415.000
-0.079200000,43.003680000,416.000
-0.079190000,43.003730000,416.000
-0.079170000,43.003760000,417.000
-0.079140000,43.003800000,417.000
-0.079120000,43.003810000,417.000
-0.079100000,43.003820000,417.000
-0.079070000,43.003840000,417.000
-0.079060000,43.003840000,418.000
-0.079040000,43.003850000,418.000
-0.079010000,43.003850000,418.000
-0.078990000,43.003850000,418.000
-0.078980000,43.003850000,418.000
-0.078940000,43.003860000,418.000
-0.078910000,43.003850000,418.000
-0.078870000,43.003850000,418.000
-0.078680000,43.003800000,419.000
-0.078440000,43.003690000,419.000
-0.078250000,43.003630000,420.000
-0.078130000,43.003590000,420.000
-0.077820000,43.003530000,421.000
-0.077480000,43.003470000,422.000
-0.077240000,43.003400000,423.000
-0.077200000,43.003390000,424.000
-0.077160000,43.003370000,424.000
-0.076940000,43.003290000,425.000
-0.076720000,43.003220000,425.000
-0.076690000,43.003210000,426.000
-0.076560000,43.003170000,426.000
-0.076490000,43.003140000,427.000
-0.076280000,43.003080000,427.000
-0.076260000,43.003080000,428.000
-0.076120000,43.003050000,428.000
-0.076020000,43.003030000,428.000
-0.075920000,43.003010000,429.000
-0.075630000,43.002970000,429.000
-0.075430000,43.002960000,430.000
-0.075360000,43.002950000,430.000
-0.075300000,43.002950000,430.000
-0.075240000,43.002940000,430.000
-0.075150000,43.002950000,430.000
-0.075050000,43.002950000,430.000
-0.074960000,43.002960000,430.000
-0.074810000,43.002970000,429.000
-0.074720000,43.002970000,429.000
-0.074690000,43.002980000,429.000
-0.074650000,43.002980000,429.000
-0.074450000,43.002980000,429.000
-0.074340000,43.002970000,429.000
-0.074300000,43.002970000,429.000
-0.074260000,43.002960000,429.000
-0.074130000,43.002940000,428.000
-0.073950000,43.002890000,428.000
-0.073870000,43.002860000,428.000
-0.073840000,43.002850000,428.000
-0.073740000,43.002830000,428.000
-0.073690000,43.002810000,428.000
-0.073230000,43.002670000,427.000
-0.072520000,43.002440000,428.000
-0.072160000,43.002330000,428.000
-0.071590000,43.002110000,429.000
-0.071560000,43.002110000,430.000
-0.071510000,43.002080000,431.000
-0.071120000,43.001890000,431.000
-0.070950000,43.001810000,432.000
-0.070830000,43.001750000,433.000
-0.070550000,43.001580000,434.000
-0.070390000,43.001490000,435.000
-0.070370000,43.001480000,435.000
-0.070240000,43.001400000,436.000
-0.070170000,43.001370000,437.000
-0.070080000,43.001330000,437.000
-0.069990000,43.001300000,438.000
-0.069900000,43.001260000,438.000
-0.069830000,43.001240000,439.000
-0.069750000,43.001230000,439.000
-0.069710000,43.001230000,439.000
-0.069630000,43.001220000,440.000
-0.069510000,43.001230000,440.000
-0.069510000,43.001230000,440.000
-0.069380000,43.001600000,441.000
-0.069140000,43.002270000,443.000
-0.069050000,43.002550000,445.000
-0.068970000,43.002790000,446.000
-0.068960000,43.002820000,447.000
-0.068900000,43.002990000,447.000
-0.068880000,43.003070000,448.000
-0.068780000,43.003350000,448.000
-0.068720000,43.003590000,448.000
-0.068660000,43.003830000,448.000
-0.068520000,43.004370000,449.000
-0.068520000,43.004400000,449.000
-0.068490000,43.004490000,449.000
-0.068400000,43.004830000,450.000
-0.068390000,43.004900000,450.000
-0.068360000,43.004980000,451.000
-0.068360000,43.005000000,451.000
-0.068350000,43.005020000,451.000
-0.068280000,43.005320000,451.000
-0.068230000,43.005520000,452.000
-0.068080000,43.006100000,453.000
-0.068050000,43.006190000,453.000
-0.068030000,43.006290000,454.000
-0.068010000,43.006400000,454.000
-0.067960000,43.006570000,454.000
-0.067880000,43.006910000,453.000
-0.067790000,43.007140000,453.000
-0.067700000,43.007330000,453.000
-0.067620000,43.007500000,452.000
-0.067590000,43.007570000,452.000
-0.067320000,43.008180000,451.000
-0.067250000,43.008340000,451.000
-0.067160000,43.008520000,451.000
-0.067120000,43.008630000,451.000
-0.067050000,43.008800000,451.000
-0.066980000,43.008970000,451.000
-0.066930000,43.009090000,452.000
-0.066840000,43.009320000,452.000
-0.066820000,43.009410000,453.000
-0.066800000,43.009560000,453.000
-0.066760000,43.009800000,454.000
-0.066760000,43.009930000,454.000
-0.066790000,43.010060000,454.000
-0.066810000,43.010210000,454.000
-0.066850000,43.010300000,453.000
-0.066890000,43.010390000,453.000
-0.066920000,43.010470000,452.000
-0.066970000,43.010640000,451.000
-0.067050000,43.010880000,449.000
-0.067060000,43.011000000,448.000
-0.067070000,43.011180000,447.000
-0.067080000,43.011270000,446.000
-0.067090000,43.011540000,444.000
-0.067100000,43.011610000,443.000
-0.067100000,43.011640000,442.000
-0.067110000,43.011890000,440.000
-0.067100000,43.012050000,440.000
-0.067100000,43.012160000,439.000
-0.067090000,43.012230000,439.000
-0.067080000,43.012390000,440.000
-0.067080000,43.012420000,440.000
-0.067080000,43.012440000,440.000
-0.067070000,43.012500000,440.000
-0.067020000,43.012710000,441.000
-0.066990000,43.012780000,441.000
-0.066980000,43.012830000,441.000
-0.066930000,43.012960000,442.000
-0.066910000,43.013030000,442.000
-0.066790000,43.013350000,443.000
-0.066770000,43.013380000,444.000
-0.066750000,43.013480000,444.000
-0.066730000,43.013510000,445.000
-0.066700000,43.013620000,445.000
-0.066690000,43.013690000,446.000
-0.066690000,43.013800000,446.000
-0.066690000,43.013810000,446.000
-0.066730000,43.013980000,445.000
-0.066800000,43.014310000,444.000
-0.066820000,43.014470000,442.000
-0.066870000,43.014820000,440.000
-0.066880000,43.014910000,438.000
-0.066860000,43.015190000,437.000
-0.066870000,43.015280000,435.000
-0.066880000,43.015420000,433.000
-0.066900000,43.015530000,432.000
-0.066930000,43.015650000,431.000
-0.066940000,43.015740000,430.000
-0.066970000,43.015830000,430.000
-0.066990000,43.015870000,430.000
-0.067000000,43.015920000,429.000
-0.067090000,43.016100000,429.000
-0.067130000,43.016220000,429.000
-0.067150000,43.016270000,428.000
-0.067170000,43.016410000,428.000
-0.067170000,43.016470000,428.000
-0.067180000,43.016580000,428.000
-0.067180000,43.016680000,427.000
-0.067180000,43.016760000,427.000
-0.067180000,43.016870000,427.000
-0.067170000,43.017030000,427.000
-0.067130000,43.017160000,426.000
-0.067100000,43.017240000,426.000
-0.067070000,43.017280000,426.000
-0.067070000,43.017290000,426.000
-0.066960000,43.017420000,425.000
-0.066670000,43.017730000,425.000
-0.066660000,43.017740000,424.000
-0.066550000,43.017890000,424.000
-0.066480000,43.018040000,423.000
-0.066440000,43.018190000,422.000
-0.066440000,43.018340000,422.000
-0.066470000,43.018450000,421.000
-0.066480000,43.018480000,421.000
-0.066560000,43.018720000,420.000
-0.066710000,43.019020000,419.000
-0.066950000,43.019430000,417.000
-0.066960000,43.019450000,416.000
-0.067010000,43.019550000,415.000
-0.067060000,43.019650000,414.000
-0.067070000,43.019660000,413.000
-0.067120000,43.019760000,412.000
-0.067140000,43.019820000,411.000
-0.067160000,43.019890000,410.000
-0.067170000,43.019960000,410.000
-0.067180000,43.020000000,409.000
-0.067190000,43.020070000,409.000
-0.067200000,43.020160000,408.000
-0.067200000,43.020250000,407.000
-0.067200000,43.020340000,406.000
-0.067190000,43.020430000,406.000
-0.067160000,43.020540000,405.000
-0.067130000,43.020650000,404.000
-0.067080000,43.020820000,403.000
-0.067070000,43.020860000,402.000
-0.067060000,43.020910000,402.000
-0.067060000,43.020980000,401.000
-0.067060000,43.021000000,401.000
-0.067060000,43.021050000,401.000
-0.067070000,43.021130000,402.000
-0.067070000,43.021200000,402.000
-0.067060000,43.021280000,402.000
-0.067040000,43.021450000,402.000
-0.067030000,43.021540000,403.000
-0.067010000,43.021630000,403.000
-0.066990000,43.021840000,403.000
-0.066970000,43.021990000,404.000
-0.066890000,43.022610000,405.000
-0.066880000,43.022780000,406.000
-0.066880000,43.022830000,407.000
-0.066870000,43.022860000,408.000
-0.066860000,43.022870000,408.000
-0.066860000,43.022890000,408.000
-0.066820000,43.022930000,409.000
-0.066740000,43.023010000,409.000
-0.066670000,43.023060000,409.000
-0.066650000,43.023090000,410.000
-0.066630000,43.023110000,410.000
-0.066600000,43.023170000,410.000
-0.066580000,43.023210000,410.000
-0.066560000,43.023290000,411.000
-0.066540000,43.023370000,411.000
-0.066530000,43.023470000,411.000
-0.066530000,43.023570000,412.000
-0.066540000,43.023650000,412.000
-0.066540000,43.023710000,412.000
-0.066560000,43.023920000,413.000
-0.066560000,43.023970000,414.000
-0.066540000,43.024000000,414.000
-0.066520000,43.024050000,414.000
-0.066480000,43.024090000,415.000
-0.066450000,43.024120000,415.000
-0.066370000,43.024190000,415.000
-0.066240000,43.024300000,416.000
-0.066140000,43.024370000,416.000
-0.066030000,43.024460000,416.000
-0.065950000,43.024520000,417.000
-0.065910000,43.024560000,417.000
-0.065790000,43.024660000,417.000
-0.065780000,43.024670000,417.000
-0.065610000,43.024810000,417.000
-0.065470000,43.024950000,417.000
-0.065360000,43.025100000,418.000
-0.065350000,43.025110000,418.000
-0.065260000,43.025260000,418.000
-0.065230000,43.025320000,418.000
-0.065070000,43.025470000,418.000
-0.065030000,43.025500000,419.000
-0.064930000,43.025600000,419.000
-0.064790000,43.025730000,419.000
-0.064780000,43.025740000,419.000
-0.064490000,43.026040000,420.000
-0.064480000,43.026040000,420.000
-0.064460000,43.026060000,421.000
-0.064350000,43.026180000,421.000
-0.064340000,43.026190000,422.000
-0.064320000,43.026210000,422.000
-0.064300000,43.026230000,422.000
-0.064200000,43.026330000,422.000
-0.064050000,43.026470000,423.000
-0.064050000,43.026480000,423.000
-0.064030000,43.026490000,424.000
-0.064020000,43.026500000,424.000
-0.063900000,43.026590000,424.000
-0.063880000,43.026600000,424.000
-0.063870000,43.026600000,425.000
-0.063840000,43.026620000,425.000
-0.063720000,43.026680000,425.000
-0.063680000,43.026710000,425.000
-0.063650000,43.026730000,426.000
-0.063560000,43.026800000,426.000
-0.063520000,43.026840000,426.000
-0.063490000,43.026870000,426.000
-0.063400000,43.027000000,427.000
-0.063390000,43.027000000,427.000
-0.063380000,43.027030000,427.000
-0.063280000,43.027160000,428.000
-0.063270000,43.027180000,428.000
-0.063150000,43.027300000,428.000
-0.063140000,43.027310000,428.000
-0.063120000,43.027330000,428.000
-0.063100000,43.027350000,428.000
-0.063030000,43.027460000,428.000
-0.063030000,43.027470000,428.000
-0.063020000,43.027500000,428.000
-0.062970000,43.027640000,427.000
-0.062930000,43.027740000,427.000
-0.062870000,43.027810000,427.000
-0.062730000,43.027950000,426.000
-0.062700000,43.027990000,426.000
-0.062590000,43.028130000,426.000
-0.062530000,43.028270000,426.000
-0.062520000,43.028280000,425.000
-0.062510000,43.028300000,425.000
-0.062450000,43.028440000,425.000
-0.062440000,43.028450000,425.000
-0.062390000,43.028560000,424.000
-0.062280000,43.028770000,424.000
-0.062280000,43.028780000,424.000
-0.062200000,43.028990000,423.000
-0.062170000,43.029080000,423.000
-0.062150000,43.029160000,423.000
-0.062130000,43.029210000,423.000
-0.062130000,43.029270000,422.000
-0.062120000,43.029320000,422.000
-0.062120000,43.029340000,422.000
-0.062130000,43.029450000,422.000
-0.062140000,43.029520000,422.000
-0.062150000,43.029570000,422.000
-0.062150000,43.029700000,422.000
-0.062140000,43.029840000,421.000
-0.062130000,43.029920000,421.000
-0.062110000,43.030020000,421.000
-0.062100000,43.030060000,421.000
-0.062070000,43.030120000,421.000
-0.062010000,43.030220000,421.000
-0.062000000,43.030240000,421.000
-0.061920000,43.030390000,421.000
-0.061880000,43.030460000,420.000
-0.061810000,43.030550000,420.000
-0.061750000,43.030650000,420.000
-0.061670000,43.030780000,420.000
-0.061630000,43.030880000,419.000
-0.061610000,43.030930000,419.000
-0.061580000,43.031050000,418.000
-0.061580000,43.031240000,417.000
-0.061570000,43.031420000,416.000
-0.061570000,43.031470000,415.000
-0.061590000,43.031720000,414.000
-0.061600000,43.031850000,412.000
-0.061620000,43.031960000,411.000
-0.061620000,43.031970000,410.000
-0.061660000,43.032090000,409.000
-0.061740000,43.032310000,408.000
-0.061750000,43.032420000,406.000
-0.061770000,43.032580000,405.000
-0.061780000,43.032680000,404.000
-0.061730000,43.032960000,404.000
-0.061640000,43.033400000,404.000
-0.061450000,43.034020000,404.000
-0.061400000,43.034180000,405.000
-0.061390000,43.034190000,405.000
-0.061350000,43.034370000,405.000
-0.061290000,43.034640000,405.000
-0.061260000,43.034720000,405.000
-0.061210000,43.034900000,404.000
-0.061170000,43.035020000,404.000
-0.061080000,43.035180000,404.000
-0.061050000,43.035220000,403.000
-0.060970000,43.035340000,403.000
-0.060920000,43.035390000,403.000
-0.060770000,43.035530000,402.000
-0.060620000,43.035680000,402.000
-0.060470000,43.035820000,402.000
-0.060380000,43.035910000,401.000
-0.060330000,43.035960000,401.000
-0.060170000,43.036100000,400.000
-0.060020000,43.036240000,400.000
-0.059890000,43.036360000,400.000
-0.059860000,43.036380000,399.000
-0.059710000,43.036530000,399.000
-0.059550000,43.036670000,399.000
-0.058840000,43.037320000,398.000
-0.058250000,43.037850000,397.000
-0.058220000,43.037880000,397.000
-0.058040000,43.038040000,396.000
-0.057970000,43.038100000,396.000
-0.057700000,43.038350000,396.000
-0.057290000,43.038720000,396.000
-0.057240000,43.038770000,396.000
-0.056990000,43.038990000,396.000
-0.056970000,43.039020000,396.000
-0.056950000,43.039060000,396.000
-0.056890000,43.039190000,396.000
-0.056860000,43.039330000,396.000
-0.056860000,43.039410000,395.000
-0.056900000,43.039600000,395.000
-0.056900000,43.039610000,395.000
-0.056920000,43.039660000,395.000
-0.056940000,43.039730000,395.000
-0.057010000,43.039950000,395.000
-0.057040000,43.040110000,395.000
-0.057030000,43.040190000,395.000
-0.057020000,43.040250000,395.000
-0.056980000,43.040360000,395.000
-0.056960000,43.040440000,394.000
-0.056930000,43.040550000,394.000
-0.056930000,43.040630000,394.000
-0.056950000,43.040690000,394.000
-0.056970000,43.040750000,394.000
-0.057020000,43.040820000,394.000
-0.057070000,43.040880000,394.000
-0.057150000,43.040970000,394.000
-0.057170000,43.041000000,394.000
-0.057240000,43.041100000,394.000
-0.057300000,43.041170000,394.000
-0.057360000,43.041240000,394.000
-0.057410000,43.041280000,394.000
-0.057490000,43.041360000,394.000
-0.057560000,43.041410000,395.000
-0.057570000,43.041420000,395.000
-0.057620000,43.041470000,395.000
-0.057670000,43.041530000,395.000
-0.057700000,43.041600000,395.000
-0.057700000,43.041640000,396.000
-0.057700000,43.041690000,396.000
-0.057680000,43.041750000,396.000
-0.057650000,43.041780000,396.000
-0.057520000,43.041890000,397.000
-0.057390000,43.041970000,397.000
-0.057230000,43.042060000,397.000
-0.057190000,43.042080000,398.000
-0.057140000,43.042110000,398.000
-0.057000000,43.042190000,398.000
-0.056800000,43.042300000,399.000
-0.056730000,43.042340000,399.000
-0.056610000,43.042410000,400.000
-0.056590000,43.042420000,400.000
-0.056530000,43.042450000,400.000
-0.056220000,43.042630000,400.000
-0.056170000,43.042650000,401.000
-0.056120000,43.042680000,401.000
-0.056010000,43.042730000,401.000
-0.055950000,43.042760000,401.000
-0.055880000,43.042800000,401.000
-0.055800000,43.042850000,401.000
-0.055670000,43.042920000,401.000
-0.055640000,43.042940000,401.000
-0.055630000,43.042950000,401.000
-0.055610000,43.042960000,401.000
-0.055470000,43.043060000,401.000
-0.055420000,43.043100000,401.000
-0.055300000,43.043240000,402.000
-0.055210000,43.043340000,402.000
-0.055190000,43.043360000,402.000
-0.055170000,43.043370000,402.000
-0.055160000,43.043390000,402.000
-0.055120000,43.043430000,402.000
-0.055030000,43.043500000,402.000
-0.055020000,43.043510000,402.000
-0.055000000,43.043520000,402.000
-0.054950000,43.043570000,402.000
-0.054860000,43.043620000,402.000
-0.054830000,43.043630000,402.000
-0.054630000,43.043750000,402.000
-0.054470000,43.043850000,402.000
-0.054430000,43.043870000,402.000
-0.054320000,43.043940000,402.000
-0.054280000,43.043960000,402.000
-0.054260000,43.043970000,402.000
-0.054100000,43.044080000,402.000
-0.054080000,43.044090000,402.000
-0.054060000,43.044100000,402.000
-0.053920000,43.044200000,402.000
-0.053890000,43.044230000,402.000
-0.053710000,43.044350000,402.000
-0.053560000,43.044450000,402.000
-0.053370000,43.044590000,402.000
-0.053320000,43.044620000,402.000
-0.053170000,43.044730000,402.000
-0.052910000,43.044910000,402.000
-0.052850000,43.044950000,402.000
-0.052680000,43.045080000,402.000
-0.052560000,43.045170000,402.000
-0.052520000,43.045210000,401.000
-0.052360000,43.045350000,401.000
-0.052100000,43.045570000,401.000
-0.051990000,43.045670000,401.000
-0.051740000,43.045910000,400.000
-0.051620000,43.046010000,400.000
-0.051590000,43.046050000,400.000
-0.051500000,43.046150000,400.000
-0.051470000,43.046210000,399.000
-0.051450000,43.046250000,399.000
-0.051450000,43.046290000,399.000
-0.051460000,43.046380000,399.000
-0.051480000,43.046560000,399.000
-0.051480000,43.046570000,399.000
-0.051480000,43.046710000,399.000
-0.051470000,43.046760000,398.000
-0.051400000,43.046870000,398.000
-0.051360000,43.046900000,398.000
-0.051320000,43.046940000,398.000
-0.051210000,43.047040000,398.000
-0.050960000,43.047240000,398.000
-0.050890000,43.047300000,397.000
-0.050610000,43.047530000,397.000
-0.050570000,43.047560000,397.000
-0.050500000,43.047610000,396.000
-0.049770000,43.048100000,396.000
-0.049690000,43.048180000,395.000
-0.049680000,43.048190000,395.000
-0.049540000,43.048330000,394.000
-0.049430000,43.048440000,394.000
-0.049370000,43.048490000,393.000
-0.049270000,43.048530000,393.000
-0.049210000,43.048540000,393.000
-0.048850000,43.048630000,392.000
-0.048770000,43.048670000,392.000
-0.048730000,43.048690000,391.000
-0.048720000,43.048690000,391.000
-0.048560000,43.048770000,391.000
-0.048510000,43.048790000,390.000
-0.048220000,43.048950000,390.000
-0.048180000,43.048970000,390.000
-0.047920000,43.049090000,389.000
-0.047800000,43.049140000,388.000
-0.047710000,43.049180000,388.000
-0.047500000,43.049310000,389.000
-0.047420000,43.049370000,389.000
-0.047000000,43.049700000,390.000
-0.046830000,43.049830000,391.000
-0.046810000,43.049840000,392.000
-0.046650000,43.049950000,393.000
-0.045960000,43.050400000,395.000
-0.045620000,43.050660000,395.000
-0.045580000,43.050690000,395.000
-0.045050000,43.051230000,394.000
-0.044890000,43.051410000,393.000
-0.044650000,43.051680000,391.000
-0.044610000,43.051720000,390.000
-0.044500000,43.051840000,389.000
-0.044420000,43.051950000,388.000
-0.044320000,43.052080000,387.000
-0.044260000,43.052170000,387.000
-0.043840000,43.052800000,387.000
-0.043460000,43.053380000,388.000
-0.043440000,43.053420000,389.000
-0.043060000,43.054000000,390.000
-0.042890000,43.054240000,391.000
-0.042790000,43.054390000,391.000
-0.042710000,43.054510000,391.000
-0.042610000,43.054630000,391.000
-0.042510000,43.054730000,391.000
-0.042420000,43.054810000,391.000
-0.042290000,43.054910000,391.000
-0.042260000,43.054930000,391.000
-0.042110000,43.055040000,391.000
-0.042080000,43.055070000,391.000
-0.041930000,43.055180000,390.000
-0.041840000,43.055260000,390.000
-0.041760000,43.055340000,390.000
-0.041690000,43.055420000,390.000
-0.041640000,43.055500000,390.000
-0.041580000,43.055610000,390.000
-0.041550000,43.055700000,389.000
-0.041520000,43.055820000,389.000
-0.041490000,43.055960000,389.000
-0.041480000,43.056010000,389.000
-0.041410000,43.056290000,388.000
-0.041370000,43.056450000,388.000
-0.041270000,43.056710000,388.000
-0.041260000,43.056730000,387.000
-0.041170000,43.056910000,387.000
-0.041110000,43.057010000,387.000
-0.040920000,43.057330000,386.000
-0.040860000,43.057420000,386.000
-0.040820000,43.057490000,387.000
-0.040790000,43.057540000,387.000
-0.040770000,43.057610000,388.000
-0.040750000,43.057660000,388.000
-0.040730000,43.057720000,389.000
-0.040720000,43.057760000,389.000
-0.040720000,43.057780000,390.000
-0.040710000,43.057820000,390.000
-0.040720000,43.057840000,390.000
-0.040720000,43.057910000,391.000
-0.040730000,43.057970000,391.000
-0.040760000,43.058040000,392.000
-0.040780000,43.058110000,393.000
-0.040810000,43.058180000,393.000
-0.040850000,43.058250000,394.000
-0.040880000,43.058300000,395.000
-0.040920000,43.058340000,396.000
-0.040960000,43.058370000,396.000
-0.041010000,43.058420000,397.000
-0.041050000,43.058460000,397.000
-0.041070000,43.058490000,398.000
-0.041090000,43.058550000,398.000
-0.041100000,43.058600000,399.000
-0.041110000,43.058640000,399.000
-0.041100000,43.058690000,400.000
-0.041090000,43.058730000,400.000
-0.041070000,43.058770000,401.000
-0.041050000,43.058800000,401.000
-0.041020000,43.058840000,402.000
-0.040970000,43.058910000,402.000
-0.040910000,43.059000000,403.000
-0.040850000,43.059090000,404.000
-0.040830000,43.059160000,404.000
-0.040810000,43.059190000,404.000
-0.040760000,43.059350000,405.000
-0.040710000,43.059510000,405.000
-0.040650000,43.059680000,406.000
-0.040590000,43.059880000,406.000
-0.040500000,43.060130000,407.000
-0.040460000,43.060240000,408.000
-0.040440000,43.060270000,408.000
-0.040430000,43.060300000,408.000
-0.040350000,43.060490000,409.000
-0.040240000,43.060710000,409.000
-0.040210000,43.060780000,410.000
-0.040190000,43.060830000,410.000
-0.040140000,43.060920000,410.000
-0.040120000,43.060960000,410.000
-0.040030000,43.061090000,409.000
-0.039960000,43.061220000,409.000
-0.039940000,43.061250000,408.000
-0.039880000,43.061360000,408.000
-0.039840000,43.061450000,407.000
-0.039810000,43.061540000,406.000
-0.039800000,43.061590000,406.000
-0.039790000,43.061620000,405.000
-0.039790000,43.061680000,405.000
-0.039790000,43.061770000,405.000
-0.039800000,43.061790000,404.000
-0.039810000,43.061860000,404.000
-0.039820000,43.061940000,403.000
-0.039820000,43.061950000,403.000
-0.039810000,43.062000000,403.000
-0.039800000,43.062070000,402.000
-0.039760000,43.062190000,402.000
-0.039680000,43.062390000,401.000
-0.039650000,43.062470000,400.000
-0.039520000,43.062820000,399.000
-0.039440000,43.063060000,398.000
-0.039390000,43.063190000,397.000
-0.039390000,43.063220000,396.000
-0.039350000,43.063250000,396.000
-0.039350000,43.063250000,395.000
-0.039350000,43.063280000,395.000
-0.039350000,43.063360000,395.000
-0.039350000,43.063420000,394.000
-0.039350000,43.063450000,394.000
-0.039350000,43.063510000,394.000
-0.039350000,43.063630000,394.000
-0.039350000,43.063690000,393.000
-0.039360000,43.063760000,393.000
-0.039370000,43.063920000,392.000
-0.039410000,43.064220000,392.000
-0.039410000,43.064480000,391.000
-0.039410000,43.064610000,390.000
-0.039420000,43.064710000,390.000
-0.039420000,43.064830000,390.000
-0.039410000,43.064890000,391.000
-0.039400000,43.064970000,391.000
-0.039370000,43.065060000,392.000
-0.039300000,43.065150000,393.000
-0.039280000,43.065170000,394.000
-0.039230000,43.065210000,394.000
-0.039170000,43.065260000,395.000
-0.039030000,43.065320000,396.000
-0.038820000,43.065410000,397.000
-0.038780000,43.065430000,398.000
-0.038610000,43.065550000,400.000
-0.038520000,43.065610000,401.000
-0.038400000,43.065690000,402.000
-0.038370000,43.065720000,403.000
-0.038300000,43.065760000,404.000
-0.038250000,43.065790000,405.000
-0.038150000,43.065880000,406.000
-0.037970000,43.066090000,407.000
-0.037940000,43.066110000,408.000
-0.037840000,43.066220000,409.000
-0.037610000,43.066490000,409.000
-0.037410000,43.066670000,408.000
-0.037410000,43.066670000,408.000
-0.037590000,43.066810000,407.000
-0.037870000,43.067030000,406.000
-0.037890000,43.067050000,406.000
-0.037940000,43.067070000,405.000
-0.038000000,43.067070000,405.000
-0.038050000,43.067060000,404.000
-0.038220000,43.066970000,404.000
-0.038370000,43.066920000,403.000
-0.038400000,43.066910000,403.000
-0.038450000,43.066900000,403.000
-0.038520000,43.066900000,402.000
-0.038570000,43.066910000,402.000
-0.038610000,43.066920000,402.000
-0.038630000,43.066930000,402.000
-0.038680000,43.066950000,402.000
-0.038700000,43.066960000,401.000
-0.038720000,43.066980000,401.000
-0.038790000,43.067040000,401.000
-0.038960000,43.067170000,401.000
-0.039030000,43.067230000,400.000
-0.039100000,43.067290000,400.000
-0.039110000,43.067310000,399.000
-0.039190000,43.067380000,399.000
-0.039230000,43.067440000,398.000
-0.039250000,43.067490000,398.000
-0.039250000,43.067510000,398.000
-0.039250000,43.067540000,398.000
-0.039250000,43.067600000,397.000
-0.039150000,43.067850000,397.000
-0.039100000,43.068000000,396.000
-0.039110000,43.068150000,395.000
-0.039140000,43.068220000,395.000
-0.039150000,43.068240000,394.000
-0.039200000,43.068290000,394.000
-0.039270000,43.068360000,393.000
-0.039440000,43.068430000,393.000
-0.039720000,43.068490000,393.000
-0.039980000,43.068540000,393.000
-0.040230000,43.068620000,394.000
-0.040230000,43.068620000,394.000
-0.040310000,43.068660000,394.000
-0.040400000,43.068710000,395.000
-0.040490000,43.068770000,395.000
-0.040520000,43.068800000,395.000
-0.040550000,43.068830000,396.000
-0.040580000,43.068880000,396.000
-0.040580000,43.068900000,396.000
-0.040570000,43.068950000,396.000
-0.040650000,43.069240000,397.000
-0.040700000,43.069420000,398.000
-0.040710000,43.069450000,398.000
-0.040710000,43.069510000,399.000
-0.040720000,43.069600000,399.000
-0.040720000,43.069830000,400.000
-0.040690000,43.069980000,401.000
-0.040620000,43.070160000,401.000
-0.040500000,43.070390000,401.000
-0.040470000,43.070430000,401.000
-0.040390000,43.070640000,401.000
-0.040300000,43.071010000,401.000
-0.040170000,43.071520000,401.000
-0.040130000,43.071700000,401.000
-0.040110000,43.071760000,401.000
-0.040080000,43.071880000,400.000
-0.040080000,43.071900000,400.000
-0.040050000,43.072060000,399.000
-0.040020000,43.072210000,397.000
-0.040020000,43.072230000,396.000
-0.040000000,43.072410000,395.000
-0.039970000,43.072750000,392.000
-0.039950000,43.072950000,389.000
-0.039950000,43.072980000,387.000
-0.039950000,43.073130000,386.000
-0.039950000,43.073310000,383.000
-0.040010000,43.073710000,380.000
-0.040110000,43.074020000,378.000
-0.040160000,43.074200000,376.000
-0.040240000,43.074450000,375.000
-0.040280000,43.074540000,374.000
-0.040390000,43.074770000,374.000
-0.040580000,43.075110000,373.000
-0.040640000,43.075210000,373.000
-0.040690000,43.075290000,372.000
-0.040730000,43.075380000,372.000
-0.040770000,43.075500000,372.000
-0.040790000,43.075560000,372.000
-0.040830000,43.075730000,372.000
-0.040830000,43.075750000,373.000
-0.040840000,43.075820000,373.000
-0.040850000,43.075910000,373.000
-0.040930000,43.076630000,375.000
-0.040970000,43.077120000,378.000
-0.041000000,43.077400000,380.000
-0.041040000,43.077790000,381.000
-0.041040000,43.077860000,381.000
-0.041100000,43.078390000,380.000
-0.041120000,43.078600000,379.000
-0.041190000,43.079150000,377.000
-0.041210000,43.079350000,376.000
-0.041230000,43.079530000,375.000
-0.041260000,43.079760000,376.000
-0.041320000,43.080060000,377.000
-0.041350000,43.080220000,378.000
-0.041390000,43.080370000,379.000
-0.041400000,43.080400000,380.000
-0.041420000,43.080470000,381.000
-0.041480000,43.080570000,382.000
-0.041660000,43.080890000,384.000
-0.041780000,43.081060000,386.000
-0.041800000,43.081080000,387.000
-0.041890000,43.081170000,388.000
-0.042110000,43.081330000,390.000
-0.042280000,43.081470000,391.000
-0.042450000,43.081590000,392.000
-0.042630000,43.081710000,394.000
-0.042890000,43.081900000,395.000
-0.043180000,43.082070000,397.000
-0.043370000,43.082190000,399.000
-0.043750000,43.082410000,401.000
-0.043940000,43.082520000,403.000
-0.044150000,43.082640000,404.000
-0.044150000,43.082670000,404.000
-0.044160000,43.082690000,405.000
-0.044190000,43.082730000,405.000
-0.044250000,43.082820000,405.000
-0.044290000,43.082880000,405.000
-0.044340000,43.082940000,406.000
-0.044340000,43.082940000,406.000
-0.044330000,43.082960000,406.000
-0.044330000,43.082980000,406.000
-0.044330000,43.083000000,406.000
-0.044330000,43.083020000,406.000
-0.044330000,43.083040000,406.000
-0.044330000,43.083060000,406.000
-0.044340000,43.083070000,406.000
-0.044350000,43.083090000,406.000
-0.044360000,43.083110000,406.000
-0.044380000,43.083130000,406.000
-0.044400000,43.083140000,406.000
-0.044410000,43.083160000,406.000
-0.044440000,43.083170000,406.000
-0.044440000,43.083330000,406.000
-0.044440000,43.083390000,406.000
-0.044440000,43.083430000,406.000
-0.044380000,43.083690000,406.000
-0.044320000,43.083950000,406.000
-0.044270000,43.084190000,406.000
-0.044270000,43.084220000,406.000
-0.044280000,43.084240000,406.000
-0.044290000,43.084280000,406.000
-0.044250000,43.084420000,406.000
-0.044220000,43.084500000,406.000
-0.044170000,43.084610000,405.000
-0.044070000,43.084800000,405.000
-0.044030000,43.084860000,404.000
-0.043910000,43.085060000,404.000
-0.043720000,43.085370000,403.000
-0.043680000,43.085450000,402.000
-0.043620000,43.085560000,401.000
-0.043580000,43.085640000,401.000
-0.043530000,43.085760000,400.000
-0.043500000,43.085840000,400.000
-0.043480000,43.085910000,399.000
-0.043450000,43.086010000,399.000
-0.043450000,43.086020000,399.000
-0.043430000,43.086080000,398.000
-0.043410000,43.086170000,398.000
-0.043380000,43.086350000,398.000
-0.043350000,43.086570000,398.000
-0.043310000,43.086820000,397.000
-0.043210000,43.087550000,396.000
-0.043200000,43.087600000,395.000
-0.043180000,43.087750000,395.000
-0.043160000,43.087860000,394.000
-0.043120000,43.088120000,394.000
-0.043110000,43.088210000,394.000
-0.043060000,43.088520000,394.000
-0.042980000,43.089060000,394.000
-0.042950000,43.089190000,394.000
-0.042930000,43.089290000,394.000
-0.042910000,43.089370000,394.000
-0.042900000,43.089420000,394.000
-0.042880000,43.089480000,394.000
-0.042860000,43.089530000,394.000
-0.042830000,43.089600000,394.000
-0.042800000,43.089680000,394.000
-0.042760000,43.089780000,395.000
-0.042750000,43.089790000,395.000
-0.042730000,43.089850000,396.000
-0.042700000,43.089910000,396.000
-0.042670000,43.089950000,397.000
-0.042650000,43.089990000,397.000
-0.042640000,43.090000000,398.000
-0.042600000,43.090070000,398.000
-0.042570000,43.090110000,399.000
-0.042460000,43.090260000,400.000
-0.042440000,43.090280000,400.000
-0.042350000,43.090390000,401.000
-0.042280000,43.090470000,402.000
-0.042240000,43.090520000,403.000
-0.041940000,43.090840000,405.000
-0.041640000,43.091190000,407.000
-0.041580000,43.091260000,409.000
-0.041460000,43.091390000,411.000
-0.041210000,43.091670000,412.000
-0.041100000,43.091810000,413.000
-0.041020000,43.091890000,414.000
-0.040910000,43.092010000,415.000
-0.040620000,43.092350000,416.000
-0.040550000,43.092430000,417.000
-0.040370000,43.092630000,418.000
-0.040290000,43.092720000,419.000
-0.040230000,43.092780000,419.000
-0.040150000,43.092870000,419.000
-0.040100000,43.092910000,419.000
-0.040010000,43.093000000,419.000
-0.039900000,43.093090000,418.000
-0.039800000,43.093180000,417.000
-0.039700000,43.093260000,417.000
-0.039620000,43.093310000,416.000
-0.039490000,43.093400000,415.000
-0.039320000,43.093510000,414.000
-0.039170000,43.093590000,413.000
-0.038980000,43.093690000,412.000
-0.038880000,43.093740000,411.000
-0.038780000,43.093780000,411.000
-0.038590000,43.093860000,410.000
-0.038390000,43.093930000,409.000
-0.038320000,43.093960000,408.000
-0.038240000,43.093980000,407.000
-0.038120000,43.094020000,407.000
-0.038090000,43.094030000,407.000
-0.038010000,43.094050000,406.000
-0.037920000,43.094070000,406.000
-0.037690000,43.094110000,406.000
-0.037530000,43.094140000,406.000
-0.037380000,43.094160000,405.000
-0.037210000,43.094190000,405.000
-0.037020000,43.094200000,405.000
-0.036860000,43.094210000,405.000
-0.036640000,43.094220000,404.000
-0.036380000,43.094220000,404.000
-0.036160000,43.094220000,404.000
-0.035830000,43.094210000,403.000
-0.035540000,43.094200000,403.000
-0.035370000,43.094190000,404.000
-0.035200000,43.094180000,404.000
-0.034840000,43.094170000,405.000
-0.034630000,43.094160000,405.000
-0.034600000,43.094160000,406.000
-0.034310000,43.094160000,407.000
-0.034160000,43.094160000,407.000
-0.034000000,43.094170000,408.000
-0.033930000,43.094180000,408.000
-0.033820000,43.094190000,409.000
-0.033730000,43.094210000,409.000
-0.033610000,43.094210000,410.000
-0.033560000,43.094220000,410.000
-0.033330000,43.094260000,410.000
-0.033250000,43.094280000,411.000
-0.033150000,43.094310000,411.000
-0.033000000,43.094360000,411.000
-0.032990000,43.094370000,411.000
-0.032800000,43.094440000,412.000
-0.032690000,43.094490000,412.000
-0.032480000,43.094580000,412.000
-0.032380000,43.094630000,412.000
-0.032270000,43.094690000,412.000
-0.032180000,43.094740000,412.000
-0.032100000,43.094790000,412.000
-0.032030000,43.094840000,413.000
-0.031780000,43.095000000,413.000
-0.031550000,43.095160000,413.000
-0.031390000,43.095270000,413.000
-0.031270000,43.095360000,413.000
-0.031180000,43.095430000,413.000
-0.031160000,43.095440000,413.000
-0.031030000,43.095540000,413.000
-0.030950000,43.095610000,413.000
-0.030860000,43.095690000,412.000
-0.030840000,43.095720000,412.000
-0.030830000,43.095730000,412.000
-0.030820000,43.095760000,412.000
-0.030710000,43.095860000,411.000
-0.030600000,43.095980000,411.000
-0.030450000,43.096150000,410.000
-0.030310000,43.096340000,410.000
-0.030210000,43.096500000,409.000
-0.030150000,43.096610000,408.000
-0.030110000,43.096680000,408.000
-0.030010000,43.096890000,407.000
-0.029930000,43.097060000,406.000
-0.029890000,43.097190000,406.000
-0.029860000,43.097290000,406.000
-0.029820000,43.097430000,405.000
-0.029800000,43.097520000,405.000
-0.029790000,43.097610000,405.000
-0.029780000,43.097710000,405.000
-0.029780000,43.097730000,404.000
-0.029770000,43.097880000,404.000
-0.029770000,43.098040000,404.000
-0.029770000,43.098200000,404.000
-0.029780000,43.098530000,404.000
-0.029780000,43.098560000,403.000
-0.029770000,43.098600000,403.000
-0.029770000,43.098760000,403.000
-0.029770000,43.098940000,403.000
-0.029770000,43.098960000,402.000
-0.029770000,43.099100000,402.000
-0.029770000,43.099120000,402.000
-0.029770000,43.099140000,402.000
-0.029770000,43.099160000,402.000
-0.029760000,43.099300000,402.000
-0.029760000,43.099480000,401.000
-0.029760000,43.099560000,401.000
-0.029760000,43.099600000,401.000
-0.029760000,43.099620000,401.000
-0.029750000,43.099980000,401.000
-0.029740000,43.100540000,400.000
-0.029720000,43.101230000,399.000
-0.029720000,43.101580000,399.000
-0.029720000,43.101750000,399.000
-0.029710000,43.101910000,400.000
-0.029720000,43.102060000,400.000
-0.029730000,43.102140000,401.000
-0.029750000,43.102300000,402.000
-0.029760000,43.102320000,402.000
-0.029760000,43.102350000,402.000
-0.029780000,43.102400000,403.000
-0.029790000,43.102430000,403.000
-0.029790000,43.102440000,403.000
-0.029800000,43.102440000,403.000
-0.029820000,43.102500000,403.000
-0.029830000,43.102530000,404.000
-0.029850000,43.102570000,404.000
-0.029890000,43.102670000,404.000
-0.029900000,43.102700000,404.000
-0.029930000,43.102750000,404.000
-0.030020000,43.102910000,405.000
-0.030110000,43.103030000,405.000
-0.030200000,43.103140000,406.000
-0.030250000,43.103190000,406.000
-0.030290000,43.103230000,406.000
-0.030410000,43.103350000,406.000
-0.030540000,43.103460000,406.000
-0.030560000,43.103470000,405.000
-0.030660000,43.103550000,405.000
-0.030780000,43.103630000,405.000
-0.030900000,43.103710000,405.000
-0.030910000,43.103710000,404.000
-0.030920000,43.103720000,404.000
-0.031050000,43.103790000,404.000
-0.031100000,43.103820000,404.000
-0.031120000,43.103830000,404.000
-0.031160000,43.103850000,404.000
-0.031280000,43.103900000,404.000
-0.031400000,43.103950000,403.000
-0.031480000,43.103980000,403.000
-0.031600000,43.104020000,403.000
-0.031740000,43.104060000,403.000
-0.031790000,43.104070000,403.000
-0.031860000,43.104090000,402.000
-0.031980000,43.104120000,402.000
-0.032140000,43.104150000,402.000
-0.032290000,43.104170000,402.000
-0.032390000,43.104190000,402.000
-0.032490000,43.104200000,402.000
-0.032640000,43.104210000,403.000
-0.032810000,43.104220000,403.000
-0.033710000,43.104250000,405.000
-0.033770000,43.104250000,406.000
-0.033980000,43.104260000,406.000
-0.034070000,43.104270000,407.000
-0.034820000,43.104310000,409.000
-0.034940000,43.104310000,410.000
-0.035260000,43.104330000,410.000
-0.035420000,43.104330000,410.000
-0.035630000,43.104340000,410.000
-0.035750000,43.104350000,410.000
-0.035910000,43.104370000,410.000
-0.036070000,43.104400000,410.000
-0.036190000,43.104410000,410.000
-0.036310000,43.104440000,410.000
-0.036420000,43.104460000,410.000
-0.036790000,43.104570000,410.000
-0.036800000,43.104570000,410.000
-0.036990000,43.104630000,409.000
-0.037170000,43.104710000,409.000
-0.037380000,43.104800000,409.000
-0.037500000,43.104850000,409.000
-0.037580000,43.104890000,409.000
-0.037730000,43.104970000,409.000
-0.037970000,43.105120000,409.000
-0.038100000,43.105210000,409.000
-0.038250000,43.105320000,409.000
-0.038380000,43.105450000,409.000
-0.038560000,43.105610000,409.000
-0.038650000,43.105700000,410.000
-0.038750000,43.105800000,410.000
-0.038880000,43.105950000,410.000
-0.038990000,43.106070000,410.000
-0.039070000,43.106210000,410.000
-0.039160000,43.106360000,410.000
-0.039260000,43.106590000,411.000
-0.039280000,43.106630000,411.000
-0.039320000,43.106730000,411.000
-0.039360000,43.106860000,412.000
-0.039400000,43.107010000,412.000
-0.039400000,43.107010000,412.000
-0.039390000,43.107060000,412.000
-0.039390000,43.107090000,413.000
-0.039390000,43.107130000,413.000
-0.039400000,43.107170000,413.000
-0.039410000,43.107190000,413.000
-0.039430000,43.107210000,413.000
-0.039470000,43.107260000,413.000
-0.039510000,43.107280000,413.000
-0.039540000,43.107300000,413.000
-0.039590000,43.107310000,413.000
-0.039650000,43.107320000,413.000
-0.039690000,43.107320000,414.000
-0.039760000,43.107310000,414.000
-0.039800000,43.107300000,414.000
-0.039840000,43.107280000,414.000
-0.039870000,43.107270000,414.000
-0.039900000,43.107240000,414.000
-0.039940000,43.107190000,414.000
-0.039970000,43.107130000,414.000
-0.039970000,43.107090000,414.000
-0.040060000,43.106970000,415.000
-0.040210000,43.106800000,415.000
-0.040310000,43.106660000,415.000
-0.040350000,43.106610000,415.000
-0.040420000,43.106530000,415.000
-0.040530000,43.106390000,415.000
-0.040540000,43.106380000,415.000
-0.040580000,43.106320000,415.000
-0.040630000,43.106240000,415.000
-0.040650000,43.106220000,414.000
-0.040730000,43.106110000,414.000
-0.040810000,43.106020000,414.000
-0.040990000,43.105780000,414.000
-0.041060000,43.105690000,414.000
-0.041170000,43.105550000,413.000
-0.041280000,43.105400000,413.000
-0.041360000,43.105310000,413.000
-0.041580000,43.105020000,412.000
-0.041850000,43.104640000,411.000
-0.041920000,43.104560000,411.000
-0.042050000,43.104340000,410.000
-0.042370000,43.103920000,409.000
-0.042660000,43.103560000,407.000
-0.042790000,43.103380000,406.000
-0.043020000,43.103100000,406.000
-0.043210000,43.102880000,405.000
-0.043300000,43.102760000,406.000
-0.043360000,43.102670000,406.000
-0.043530000,43.102460000,406.000
-0.043760000,43.102150000,407.000
-0.043880000,43.101980000,407.000
-0.044240000,43.101510000,408.000
-0.044390000,43.101300000,409.000
-0.044500000,43.101180000,410.000
-0.044610000,43.101020000,410.000
-0.044780000,43.100790000,411.000
-0.044860000,43.100710000,411.000
-0.044900000,43.100680000,411.000
-0.044940000,43.100650000,411.000
-0.044980000,43.100620000,411.000
-0.045040000,43.100590000,412.000
-0.045130000,43.100560000,412.000
-0.045180000,43.100550000,412.000
-0.045220000,43.100540000,412.000
-0.045320000,43.100530000,412.000
-0.045370000,43.100520000,412.000
-0.045420000,43.100520000,412.000
-0.045470000,43.100520000,412.000
-0.045540000,43.100530000,412.000
-0.045610000,43.100540000,412.000
-0.045710000,43.100580000,412.000
-0.045780000,43.100610000,412.000
-0.045800000,43.100620000,412.000
-0.045900000,43.100660000,412.000
-0.045940000,43.100680000,412.000
-0.046000000,43.100720000,413.000
-0.046110000,43.100760000,413.000
-0.046200000,43.100790000,413.000
-0.046300000,43.100790000,413.000
-0.046390000,43.100780000,413.000
-0.046480000,43.100760000,414.000
-0.046600000,43.100730000,414.000
-0.046720000,43.100660000,414.000
-0.046840000,43.100580000,415.000
-0.047000000,43.100470000,415.000
-0.047090000,43.100420000,416.000
-0.047140000,43.100390000,416.000
-0.047330000,43.100310000,416.000
-0.047560000,43.100220000,417.000
-0.047800000,43.100160000,417.000
-0.048060000,43.100140000,418.000
-0.048070000,43.100150000,419.000
-0.048080000,43.100160000,419.000
-0.048090000,43.100160000,419.000
-0.048090000,43.100170000,419.000
-0.048100000,43.100170000,419.000
-0.048110000,43.100170000,419.000
-0.048120000,43.100170000,419.000
-0.048130000,43.100170000,419.000
-0.048130000,43.100180000,419.000
-0.048140000,43.100180000,419.000
-0.048140000,43.100170000,419.000
-0.048150000,43.100170000,419.000
-0.048160000,43.100170000,419.000
-0.048170000,43.100170000,419.000
-0.048180000,43.100170000,419.000
-0.048190000,43.100160000,419.000
-0.048200000,43.100160000,419.000
-0.048200000,43.100150000,419.000
-0.048210000,43.100150000,419.000
-0.048210000,43.100140000,419.000
-0.048220000,43.100140000,419.000
-0.048220000,43.100130000,419.000
-0.048220000,43.100120000,419.000
-0.048480000,43.100090000,419.000
-0.048710000,43.100070000,419.000
-0.048820000,43.100050000,419.000
-0.048950000,43.100030000,419.000
-0.049010000,43.100020000,419.000
-0.049500000,43.099980000,418.000
-0.049510000,43.099980000,418.000
-0.049610000,43.099970000,418.000
-0.049810000,43.099950000,418.000
-0.049940000,43.099940000,418.000
-0.050190000,43.099930000,417.000
-0.050260000,43.099920000,417.000
-0.050320000,43.099920000,417.000
-0.050550000,43.099910000,417.000
-0.050740000,43.099930000,417.000
-0.051000000,43.099930000,416.000
-0.051310000,43.099940000,416.000
-0.051640000,43.099950000,415.000
-0.051740000,43.099960000,415.000
-0.051830000,43.099960000,415.000
-0.051980000,43.099980000,414.000
-0.052160000,43.100030000,414.000
-0.052320000,43.100070000,414.000
-0.052410000,43.100080000,413.000
-0.052530000,43.100090000,413.000
-0.052680000,43.100090000,413.000
-0.052890000,43.100090000,412.000
-0.053060000,43.100100000,412.000
-0.053190000,43.100110000,412.000
-0.053360000,43.100140000,411.000
-0.053450000,43.100140000,411.000
-0.053580000,43.100170000,411.000
-0.054080000,43.100260000,410.000
-0.054400000,43.100330000,409.000
-0.054540000,43.100360000,408.000
-0.054870000,43.100420000,407.000
-0.055080000,43.100470000,406.000
-0.055500000,43.100550000,405.000
-0.056030000,43.100660000,404.000
-0.056310000,43.100710000,403.000
-0.056650000,43.100780000,402.000
-0.056910000,43.100840000,401.000
-0.057150000,43.100900000,400.000
-0.057350000,43.100950000,399.000
-0.057470000,43.100980000,398.000
-0.057620000,43.101020000,398.000
-0.057720000,43.101060000,397.000
-0.057790000,43.101080000,397.000
-0.057900000,43.101120000,396.000
-0.058000000,43.101160000,396.000
-0.058140000,43.101220000,396.000
-0.058330000,43.101310000,396.000
-0.058360000,43.101320000,397.000
-0.058410000,43.101350000,397.000
-0.058500000,43.101410000,397.000
-0.058560000,43.101450000,397.000
-0.058640000,43.101530000,398.000
-0.058730000,43.101620000,398.000
-0.058860000,43.101780000,398.000
-0.058930000,43.101900000,399.000
-0.058970000,43.101980000,399.000
-0.059060000,43.102150000,400.000
-0.059140000,43.102330000,400.000
-0.059220000,43.102480000,401.000
-0.059280000,43.102610000,401.000
-0.059350000,43.102730000,402.000
-0.059410000,43.102820000,401.000
-0.059480000,43.102920000,401.000
-0.059530000,43.102990000,401.000
-0.059580000,43.103060000,401.000
-0.059650000,43.103150000,400.000
-0.059750000,43.103260000,400.000
-0.059750000,43.103270000,399.000
-0.059850000,43.103370000,399.000
-0.059890000,43.103410000,398.000
-0.059980000,43.103500000,398.000
-0.060040000,43.103550000,397.000
-0.060120000,43.103630000,397.000
-0.060190000,43.103690000,397.000
-0.060250000,43.103750000,396.000
-0.060400000,43.103890000,396.000
-0.060550000,43.104020000,395.000
-0.060690000,43.104160000,394.000
-0.060790000,43.104260000,394.000
-0.060820000,43.104290000,394.000
-0.060920000,43.104410000,394.000
-0.060930000,43.104410000,394.000
-0.061070000,43.104570000,394.000
-0.061320000,43.104870000,395.000
-0.061490000,43.105070000,395.000
-0.061620000,43.105220000,396.000
-0.061640000,43.105240000,397.000
-0.061670000,43.105270000,397.000
-0.061690000,43.105300000,397.000
-0.061690000,43.105300000,398.000
-0.061730000,43.105370000,398.000
-0.061870000,43.105490000,398.000
-0.062030000,43.105620000,399.000
-0.062210000,43.105740000,399.000
-0.062370000,43.105830000,400.000
-0.062510000,43.105910000,401.000
-0.062990000,43.106110000,402.000
-0.063090000,43.106150000,403.000
-0.063500000,43.106330000,404.000
-0.063500000,43.106330000,404.000
-0.063560000,43.106360000,405.000
-0.063620000,43.106310000,405.000
-0.063700000,43.106270000,406.000
-0.063970000,43.106140000,407.000
-0.064040000,43.106110000,407.000
-0.064190000,43.106050000,408.000
-0.064320000,43.105960000,408.000
-0.064360000,43.105940000,409.000
-0.064740000,43.105720000,409.000
-0.064900000,43.105610000,410.000
-0.064950000,43.105580000,411.000
-0.064990000,43.105550000,411.000
-0.065170000,43.105410000,411.000
-0.065250000,43.105360000,412.000
-0.065410000,43.105230000,412.000
-0.065590000,43.105110000,413.000
-0.065870000,43.104900000,413.000
-0.066050000,43.104770000,414.000
-0.066090000,43.104750000,414.000
-0.066130000,43.104720000,415.000
-0.066440000,43.104510000,414.000
-0.066470000,43.104490000,414.000
-0.066810000,43.104280000,413.000
-0.067000000,43.104170000,412.000
-0.067020000,43.104160000,411.000
-0.067070000,43.104130000,411.000
-0.067520000,43.103890000,409.000
-0.067810000,43.103750000,408.000
-0.068710000,43.103320000,405.000
-0.069040000,43.103150000,403.000
-0.069620000,43.102860000,402.000
-0.069910000,43.102680000,401.000
-0.070050000,43.102610000,401.000
-0.070080000,43.102590000,401.000
-0.070240000,43.102490000,401.000
-0.070490000,43.102320000,400.000
-0.070850000,43.102060000,400.000
-0.070900000,43.102020000,400.000
-0.070910000,43.102010000,400.000
-0.070940000,43.101990000,400.000
-0.071060000,43.101890000,400.000
-0.071360000,43.101640000,400.000
-0.071580000,43.101470000,400.000
-0.071890000,43.101220000,399.000
-0.072070000,43.101080000,399.000
-0.072450000,43.100830000,398.000
-0.073080000,43.100460000,398.000
-0.073140000,43.100430000,397.000
-0.073320000,43.100340000,397.000
-0.073550000,43.100230000,396.000
-0.073960000,43.100060000,395.000
-0.074380000,43.099890000,394.000
-0.074390000,43.099880000,393.000
-0.074690000,43.099770000,392.000
-0.074910000,43.099690000,391.000
-0.075120000,43.099610000,390.000
-0.075320000,43.099530000,389.000
-0.075340000,43.099530000,389.000
-0.075570000,43.099450000,387.000
-0.075790000,43.099380000,386.000
-0.075960000,43.099330000,385.000
-0.076010000,43.099320000,383.000
-0.076060000,43.099310000,383.000
-0.076160000,43.099280000,382.000
-0.076260000,43.099250000,381.000
-0.076300000,43.099230000,380.000
-0.076330000,43.099220000,380.000
-0.076430000,43.099160000,379.000
-0.076490000,43.099120000,378.000
-0.076560000,43.099130000,377.000
-0.076630000,43.099140000,377.000
-0.076730000,43.099140000,376.000
-0.077060000,43.099130000,375.000
-0.077360000,43.099100000,373.000
-0.077620000,43.099080000,371.000
-0.077700000,43.099080000,369.000
-0.078110000,43.099100000,368.000
-0.078190000,43.099100000,367.000
-0.078250000,43.099100000,366.000
-0.078290000,43.099100000,366.000
-0.078630000,43.099140000,365.000
-0.078850000,43.099180000,364.000
-0.078880000,43.099190000,364.000
-0.079370000,43.099340000,363.000
-0.079520000,43.099390000,362.000
-0.079590000,43.099410000,362.000
-0.079660000,43.099430000,361.000
-0.079740000,43.099460000,361.000
-0.079940000,43.099520000,360.000
-0.080170000,43.099600000,360.000
-0.080270000,43.099630000,359.000
-0.080420000,43.099680000,359.000
-0.080620000,43.099740000,359.000
-0.080640000,43.099750000,359.000
-0.080720000,43.099770000,359.000
-0.081470000,43.100020000,360.000
-0.081620000,43.100060000,361.000
-0.081740000,43.100100000,361.000
-0.081770000,43.100110000,361.000
-0.081850000,43.100130000,362.000
-0.081880000,43.100150000,362.000
-0.082190000,43.100250000,362.000
-0.082220000,43.100260000,362.000
-0.082300000,43.100280000,363.000
-0.082320000,43.100290000,363.000
-0.082450000,43.100320000,363.000
-0.082620000,43.100360000,363.000
-0.082830000,43.100400000,363.000
-0.082930000,43.100410000,363.000
-0.083010000,43.100410000,363.000
-0.083170000,43.100430000,363.000
-0.083250000,43.100430000,363.000
-0.083390000,43.100440000,363.000
-0.083420000,43.100450000,363.000
-0.083500000,43.100450000,363.000
-0.083660000,43.100460000,363.000
-0.083740000,43.100470000,363.000
-0.083990000,43.100500000,363.000
-0.085080000,43.100680000,363.000
-0.085110000,43.100680000,363.000
-0.085330000,43.100720000,363.000
-0.085350000,43.100720000,363.000
-0.086190000,43.100880000,365.000
-0.086390000,43.100920000,366.000
-0.086610000,43.100950000,367.000
-0.086850000,43.100980000,368.000
-0.087090000,43.101020000,369.000
-0.087360000,43.101060000,370.000
-0.087660000,43.101080000,371.000
-0.087820000,43.101080000,372.000
-0.088030000,43.101040000,373.000
-0.088060000,43.101030000,373.000
-0.088370000,43.100940000,374.000
-0.088480000,43.100900000,374.000
-0.088760000,43.100850000,374.000
-0.088990000,43.100810000,375.000
-0.089100000,43.100780000,375.000
-0.089400000,43.100720000,375.000
-0.089570000,43.100680000,375.000
-0.089760000,43.100660000,376.000
-0.089980000,43.100670000,376.000
-0.090120000,43.100690000,376.000
-0.090190000,43.100710000,376.000
-0.090260000,43.100720000,376.000
-0.090430000,43.100760000,377.000
-0.090580000,43.100770000,377.000
-0.090730000,43.100770000,377.000
-0.090880000,43.100750000,377.000
-0.091160000,43.100720000,378.000
-0.091240000,43.100710000,378.000
-0.091950000,43.100640000,379.000
-0.092380000,43.100600000,380.000
-0.092450000,43.100600000,380.000
-0.092620000,43.100570000,381.000
-0.092860000,43.100550000,381.000
-0.093350000,43.100490000,382.000
-0.093390000,43.100480000,382.000
-0.093600000,43.100470000,383.000
-0.093810000,43.100460000,383.000
-0.095040000,43.100430000,384.000
-0.095160000,43.100420000,385.000
-0.095560000,43.100410000,386.000
-0.095650000,43.100410000,386.000
-0.095710000,43.100400000,387.000
-0.095790000,43.100410000,387.000
-0.095870000,43.100420000,387.000
-0.095890000,43.100430000,387.000
-0.096090000,43.100490000,388.000
-0.096270000,43.100570000,388.000
-0.096500000,43.100640000,388.000
-0.096900000,43.100690000,389.000
-0.097040000,43.100730000,389.000
-0.097270000,43.100800000,389.000
-0.097500000,43.100860000,390.000
-0.098050000,43.101020000,390.000
-0.098460000,43.101180000,389.000
-0.098630000,43.101220000,389.000
-0.099100000,43.101330000,388.000
-0.099160000,43.101340000,388.000
-0.099730000,43.101500000,387.000
-0.099790000,43.101510000,387.000
-0.100030000,43.101560000,386.000
-0.100080000,43.101570000,386.000
-0.100250000,43.101610000,385.000
-0.100260000,43.101620000,385.000
-0.100700000,43.101780000,384.000
-0.101050000,43.101900000,384.000
-0.101150000,43.101940000,383.000
-0.101310000,43.101990000,383.000
-0.101370000,43.102020000,382.000
-0.101580000,43.102110000,382.000
-0.101630000,43.102130000,382.000
-0.101900000,43.102250000,381.000
-0.102180000,43.102360000,381.000
-0.102220000,43.102370000,380.000
-0.102570000,43.102480000,380.000
-0.103020000,43.102630000,380.000
-0.103380000,43.102740000,381.000
-0.103470000,43.102770000,381.000
-0.103700000,43.102830000,381.000
-0.103930000,43.102900000,382.000
-0.104150000,43.102960000,382.000
-0.104180000,43.102970000,382.000
-0.104400000,43.103010000,383.000
-0.104520000,43.103030000,383.000
-0.104640000,43.103050000,383.000
-0.104880000,43.103090000,383.000
-0.105220000,43.103140000,383.000
-0.105600000,43.103200000,383.000
-0.106330000,43.103290000,382.000
-0.106770000,43.103350000,382.000
-0.106810000,43.103360000,381.000
-0.106930000,43.103370000,381.000
-0.106980000,43.103380000,381.000
-0.107060000,43.103390000,381.000
-0.107290000,43.103430000,380.000
-0.107410000,43.103450000,380.000
-0.107780000,43.103500000,379.000
-0.107890000,43.103520000,378.000
-0.108020000,43.103540000,378.000
-0.108110000,43.103550000,377.000
-0.108430000,43.103600000,376.000
-0.108610000,43.103630000,376.000
-0.108670000,43.103640000,375.000
-0.108750000,43.103650000,374.000
-0.108950000,43.103680000,374.000
-0.109200000,43.103710000,373.000
-0.109510000,43.103760000,372.000
-0.109640000,43.103780000,372.000
-0.109660000,43.103780000,371.000
-0.109670000,43.103780000,371.000
-0.109710000,43.103790000,370.000
-0.110100000,43.103850000,370.000
-0.110140000,43.103850000,370.000
-0.111070000,43.104000000,368.000
-0.111110000,43.104000000,368.000
-0.111350000,43.104030000,367.000
-0.111620000,43.104070000,366.000
-0.112060000,43.104060000,365.000
-0.112330000,43.104060000,365.000
-0.112550000,43.104050000,364.000
-0.113580000,43.104040000,365.000
-0.114540000,43.104020000,365.000
-0.114810000,43.104010000,365.000
-0.115030000,43.103990000,365.000
-0.115350000,43.103960000,365.000
-0.116030000,43.103890000,365.000
-0.116290000,43.103860000,365.000
-0.116450000,43.103850000,365.000
-0.117670000,43.103710000,365.000
-0.118100000,43.103660000,364.000
-0.118270000,43.103620000,364.000
-0.118330000,43.103610000,364.000
-0.118600000,43.103550000,364.000
-0.118800000,43.103510000,363.000
-0.119270000,43.103390000,363.000
-0.119410000,43.103350000,362.000
-0.119510000,43.103330000,362.000
-0.119750000,43.103270000,362.000
-0.119880000,43.103240000,361.000
-0.120120000,43.103190000,361.000
-0.120210000,43.103170000,361.000
-0.120240000,43.103160000,361.000
-0.120360000,43.103150000,361.000
-0.120550000,43.103120000,362.000
-0.120600000,43.103110000,362.000
-0.120690000,43.103100000,362.000
-0.121080000,43.103040000,363.000
-0.121180000,43.103030000,363.000
-0.121270000,43.103010000,364.000
-0.121320000,43.103010000,364.000
-0.121560000,43.102970000,365.000
-0.121640000,43.102950000,366.000
-0.121800000,43.102920000,366.000
-0.121830000,43.102910000,367.000
-0.121890000,43.102890000,367.000
-0.122130000,43.102830000,367.000
-0.122370000,43.102750000,368.000
-0.122430000,43.102730000,369.000
-0.122570000,43.102680000,369.000
-0.122580000,43.102680000,370.000
-0.122700000,43.102630000,370.000
-0.122810000,43.102590000,370.000
-0.123140000,43.102440000,370.000
-0.123360000,43.102340000,370.000
-0.123920000,43.102150000,369.000
-0.123990000,43.102130000,369.000
-0.124220000,43.102050000,368.000
-0.124920000,43.101790000,368.000
-0.125230000,43.101680000,367.000
-0.125310000,43.101660000,367.000
-0.125550000,43.101590000,366.000
-0.125870000,43.101530000,366.000
-0.126070000,43.101510000,365.000
-0.126620000,43.101490000,364.000
-0.127340000,43.101460000,363.000
-0.127580000,43.101460000,363.000
-0.127850000,43.101490000,362.000
-0.127920000,43.101500000,362.000
-0.128670000,43.101620000,361.000
-0.129420000,43.101750000,360.000
-0.130490000,43.101930000,359.000
-0.130620000,43.101950000,358.000
-0.130730000,43.101970000,358.000
-0.131400000,43.102090000,357.000
-0.132540000,43.102270000,358.000
-0.132650000,43.102290000,358.000
-0.133100000,43.102370000,358.000
-0.133230000,43.102390000,358.000
-0.133810000,43.102490000,357.000
-0.133850000,43.102490000,357.000
-0.133870000,43.102500000,356.000
-0.134220000,43.102550000,356.000
-0.134300000,43.102570000,355.000
-0.134540000,43.102610000,354.000
-0.134780000,43.102650000,354.000
-0.134790000,43.102650000,353.000
-0.135020000,43.102690000,353.000
-0.135080000,43.102700000,352.000
-0.135260000,43.102730000,352.000
-0.135500000,43.102770000,351.000
-0.135580000,43.102780000,350.000
-0.135680000,43.102800000,350.000
-0.135740000,43.102810000,349.000
-0.135870000,43.102830000,349.000
-0.135980000,43.102850000,349.000
-0.136060000,43.102870000,348.000
-0.136160000,43.102890000,348.000
-0.136210000,43.102910000,348.000
-0.136300000,43.102940000,348.000
-0.136430000,43.103000000,347.000
-0.136650000,43.103080000,347.000
-0.136770000,43.103130000,346.000
-0.136870000,43.103160000,346.000
-0.137090000,43.103240000,345.000
-0.137110000,43.103250000,345.000
-0.137320000,43.103300000,344.000
-0.137490000,43.103350000,344.000
-0.137550000,43.103360000,344.000
-0.137660000,43.103390000,343.000
-0.137950000,43.103460000,343.000
-0.138310000,43.103520000,342.000
-0.138730000,43.103570000,341.000
-0.139230000,43.103600000,340.000
-0.139680000,43.103610000,340.000
-0.139730000,43.103620000,339.000
-0.140070000,43.103610000,338.000
-0.140410000,43.103610000,338.000
-0.140520000,43.103610000,338.000
-0.140670000,43.103620000,338.000
-0.140850000,43.103650000,338.000
-0.141000000,43.103670000,338.000
-0.141090000,43.103690000,339.000
-0.141330000,43.103730000,339.000
-0.141370000,43.103730000,340.000
-0.142050000,43.103840000,341.000
-0.142230000,43.103870000,342.000
-0.142450000,43.103900000,343.000
-0.142530000,43.103910000,344.000
-0.142600000,43.103920000,344.000
-0.142730000,43.103920000,345.000
-0.142830000,43.103910000,345.000
-0.142900000,43.103890000,346.000
-0.143010000,43.103860000,347.000
-0.143220000,43.103790000,348.000
-0.143330000,43.103740000,348.000
-0.143390000,43.103710000,349.000
-0.143600000,43.103600000,350.000
-0.143800000,43.103500000,352.000
-0.144000000,43.103400000,353.000
-0.144120000,43.103330000,354.000
-0.144190000,43.103300000,355.000
-0.144200000,43.103290000,356.000
-0.144390000,43.103190000,357.000
-0.144600000,43.103090000,358.000
-0.144630000,43.103070000,359.000
-0.144830000,43.102960000,360.000
-0.144910000,43.102910000,361.000
-0.145540000,43.102480000,361.000
-0.145580000,43.102450000,361.000
-0.145950000,43.102230000,361.000
-0.146310000,43.102040000,360.000
-0.146670000,43.101900000,359.000
-0.146760000,43.101870000,358.000
-0.146830000,43.101850000,358.000
-0.146880000,43.101830000,357.000
-0.147050000,43.101780000,357.000
-0.147380000,43.101700000,356.000
-0.147610000,43.101660000,355.000
-0.148120000,43.101560000,354.000
-0.148340000,43.101520000,352.000
-0.148480000,43.101500000,351.000
-0.149160000,43.101380000,350.000
-0.149300000,43.101360000,348.000
-0.149440000,43.101330000,348.000
-0.149460000,43.101330000,347.000
-0.149560000,43.101310000,347.000
-0.149670000,43.101290000,347.000
-0.149780000,43.101270000,347.000
-0.149890000,43.101250000,348.000
-0.150110000,43.101210000,349.000
-0.150320000,43.101170000,349.000
-0.150540000,43.101130000,350.000
-0.150640000,43.101120000,351.000
-0.150750000,43.101100000,352.000
-0.150950000,43.101060000,353.000
-0.151050000,43.101040000,353.000
-0.151150000,43.101020000,354.000
-0.151250000,43.101000000,355.000
-0.151350000,43.100980000,355.000
-0.151450000,43.100960000,356.000
-0.151540000,43.100950000,356.000
-0.151640000,43.100930000,357.000
-0.151740000,43.100910000,357.000
-0.151920000,43.100870000,358.000
-0.152110000,43.100840000,357.000
-0.152200000,43.100820000,357.000
-0.152290000,43.100800000,357.000
-0.152470000,43.100770000,356.000
-0.152830000,43.100700000,356.000
-0.152920000,43.100680000,355.000
-0.153000000,43.100670000,354.000
-0.153100000,43.100660000,354.000
-0.153160000,43.100650000,354.000
-0.153200000,43.100650000,353.000
-0.153290000,43.100650000,353.000
-0.153390000,43.100650000,353.000
-0.153400000,43.100650000,352.000
-0.153520000,43.100660000,352.000
-0.153690000,43.100680000,352.000
-0.154090000,43.100740000,351.000
-0.154220000,43.100760000,350.000
-0.154470000,43.100800000,349.000
-0.154610000,43.100820000,349.000
-0.154910000,43.100860000,348.000
-0.155060000,43.100870000,348.000
-0.155270000,43.100900000,347.000
-0.155410000,43.100930000,347.000
-0.155560000,43.100960000,347.000
-0.155690000,43.100990000,346.000
-0.155900000,43.101040000,346.000
-0.156030000,43.101070000,346.000
-0.156050000,43.101070000,345.000
-0.156200000,43.101110000,345.000
-0.156280000,43.101130000,345.000
-0.156400000,43.101160000,345.000
-0.156520000,43.101180000,344.000
-0.156590000,43.101200000,344.000
-0.156750000,43.101240000,344.000
-0.156790000,43.101250000,344.000
-0.156970000,43.101290000,344.000
-0.156980000,43.101300000,343.000
-0.157160000,43.101340000,343.000
-0.157240000,43.101360000,343.000
-0.157330000,43.101390000,343.000
-0.157410000,43.101420000,342.000
-0.157490000,43.101450000,342.000
-0.157560000,43.101480000,342.000
-0.157640000,43.101530000,342.000
-0.157820000,43.101650000,342.000
-0.157940000,43.101740000,341.000
-0.158030000,43.101810000,341.000
-0.158070000,43.101840000,341.000
-0.158130000,43.101880000,341.000
-0.158190000,43.101930000,340.000
-0.158430000,43.102110000,340.000
-0.158540000,43.102200000,340.000
-0.158640000,43.102280000,339.000
-0.158690000,43.102340000,339.000
-0.158750000,43.102410000,339.000
-0.158830000,43.102490000,339.000
-0.158930000,43.102600000,339.000
-0.158990000,43.102680000,339.000
-0.159040000,43.102730000,339.000
-0.159070000,43.102770000,339.000
-0.159130000,43.102850000,339.000
-0.159150000,43.102880000,339.000
-0.159150000,43.102910000,339.000
-0.159160000,43.102930000,340.000
-0.159170000,43.102950000,340.000
-0.159170000,43.102980000,340.000
-0.159180000,43.103020000,340.000
-0.159180000,43.103050000,340.000
-0.159190000,43.103090000,340.000
-0.159190000,43.103120000,340.000
-0.159190000,43.103180000,340.000
-0.159200000,43.103210000,340.000
-0.159200000,43.103250000,340.000
-0.159190000,43.103280000,340.000
-0.159200000,43.103400000,340.000
-0.159200000,43.103400000,340.000
-0.159380000,43.103460000,340.000
-0.159490000,43.103480000,341.000
-0.159600000,43.103510000,341.000
-0.159810000,43.103540000,341.000
-0.159900000,43.103560000,341.000
-0.159980000,43.103570000,341.000
-0.160080000,43.103590000,341.000
-0.160180000,43.103600000,341.000
-0.160380000,43.103660000,342.000
-0.160500000,43.103690000,342.000
-0.160560000,43.103700000,342.000
-0.160630000,43.103710000,343.000
-0.160710000,43.103710000,343.000
-0.160760000,43.103710000,343.000
-0.160840000,43.103710000,344.000
-0.160930000,43.103700000,344.000
-0.161040000,43.103680000,344.000
-0.161170000,43.103650000,344.000
-0.161300000,43.103630000,345.000
-0.161400000,43.103600000,345.000
-0.161470000,43.103580000,346.000
-0.161540000,43.103550000,346.000
-0.161640000,43.103510000,346.000
-0.161740000,43.103470000,346.000
-0.161840000,43.103440000,347.000
-0.161940000,43.103400000,347.000
-0.162040000,43.103370000,348.000
-0.162170000,43.103340000,348.000
-0.162250000,43.103320000,348.000
-0.162340000,43.103300000,349.000
-0.162420000,43.103280000,349.000
-0.162550000,43.103240000,349.000
-0.162620000,43.103220000,349.000
-0.162890000,43.103120000,348.000
-0.162950000,43.103100000,348.000
-0.163020000,43.103080000,347.000
-0.163150000,43.103040000,346.000
-0.163240000,43.103020000,346.000
-0.163350000,43.102990000,345.000
-0.163460000,43.102970000,345.000
-0.163570000,43.102950000,344.000
-0.163590000,43.102950000,344.000
-0.163670000,43.102940000,343.000
-0.163830000,43.102930000,343.000
-0.163900000,43.102920000,342.000
-0.163980000,43.102920000,342.000
-0.164060000,43.102910000,341.000
-0.164130000,43.102900000,341.000
-0.164240000,43.102890000,340.000
-0.164320000,43.102880000,340.000
-0.164380000,43.102870000,340.000
-0.164430000,43.102870000,339.000
-0.164530000,43.102870000,339.000
-0.164660000,43.102860000,338.000
-0.164800000,43.102840000,338.000
-0.164910000,43.102830000,337.000
-0.165080000,43.102810000,337.000
-0.165250000,43.102780000,337.000
-0.165360000,43.102760000,337.000
-0.165420000,43.102750000,337.000
-0.165530000,43.102730000,337.000
-0.165830000,43.102660000,337.000
-0.165950000,43.102640000,338.000
-0.166040000,43.102620000,338.000
-0.166270000,43.102570000,338.000
-0.166310000,43.102570000,338.000
-0.166430000,43.102550000,338.000
-0.166630000,43.102520000,338.000
-0.166640000,43.102520000,338.000
-0.166760000,43.102500000,339.000
-0.166850000,43.102480000,339.000
-0.166990000,43.102450000,339.000
-0.167010000,43.102450000,339.000
-0.167280000,43.102400000,339.000
-0.167340000,43.102380000,339.000
-0.167440000,43.102370000,339.000
-0.167540000,43.102350000,339.000
-0.167700000,43.102330000,339.000
-0.167790000,43.102320000,338.000
-0.167890000,43.102310000,338.000
-0.167980000,43.102300000,338.000
-0.168160000,43.102280000,337.000
-0.168310000,43.102260000,337.000
-0.168450000,43.102240000,337.000
-0.168530000,43.102230000,336.000
-0.168600000,43.102220000,336.000
-0.168820000,43.102210000,335.000
-0.168980000,43.102200000,335.000
-0.169070000,43.102200000,335.000
-0.169140000,43.102210000,334.000
-0.169260000,43.102220000,334.000
-0.169270000,43.102220000,334.000
-0.169410000,43.102240000,333.000
-0.169610000,43.102280000,333.000
-0.169740000,43.102320000,332.000
-0.169940000,43.102360000,332.000
-0.170010000,43.102380000,332.000
-0.170140000,43.102420000,332.000
-0.170280000,43.102450000,332.000
-0.170340000,43.102470000,332.000
-0.170410000,43.102480000,333.000
-0.170480000,43.102500000,333.000
-0.170590000,43.102530000,333.000
-0.170630000,43.102540000,333.000
-0.170880000,43.102600000,333.000
-0.171040000,43.102650000,334.000
-0.171310000,43.102710000,334.000
-0.171400000,43.102730000,334.000
-0.171590000,43.102770000,335.000
-0.171770000,43.102820000,335.000
-0.171780000,43.102820000,335.000
-0.171860000,43.102840000,335.000
-0.172010000,43.102880000,336.000
-0.172130000,43.102920000,336.000
-0.172290000,43.102980000,336.000
-0.172450000,43.103040000,335.000
-0.172690000,43.103130000,335.000
-0.172880000,43.103200000,334.000
-0.172940000,43.103220000,333.000
-0.173230000,43.103330000,332.000
-0.173250000,43.103340000,331.000
-0.173360000,43.103380000,331.000
-0.173740000,43.103520000,330.000
-0.174040000,43.103620000,328.000
-0.174200000,43.103680000,327.000
-0.174310000,43.103720000,326.000
-0.174370000,43.103750000,325.000
-0.174440000,43.103770000,325.000
-0.174590000,43.103830000,325.000
-0.174640000,43.103850000,325.000
-0.174720000,43.103880000,325.000
-0.174830000,43.103930000,325.000
-0.174880000,43.103960000,325.000
-0.174940000,43.103990000,326.000
-0.174960000,43.104000000,326.000
-0.175050000,43.104050000,326.000
-0.175170000,43.104110000,326.000
-0.175240000,43.104150000,327.000
-0.175320000,43.104190000,327.000
-0.175400000,43.104220000,328.000
-0.175490000,43.104250000,328.000
-0.175580000,43.104280000,328.000
-0.175680000,43.104300000,329.000
-0.175770000,43.104310000,329.000
-0.175870000,43.104330000,329.000
-0.175970000,43.104340000,330.000
-0.176060000,43.104360000,330.000
-0.176160000,43.104380000,331.000
-0.176180000,43.104390000,331.000
-0.176260000,43.104410000,331.000
-0.176360000,43.104440000,332.000
-0.176400000,43.104460000,332.000
-0.176450000,43.104470000,332.000
-0.176540000,43.104510000,332.000
-0.176630000,43.104560000,333.000
-0.176810000,43.104650000,333.000
-0.177040000,43.104780000,333.000
-0.177210000,43.104870000,333.000
-0.177330000,43.104930000,333.000
-0.177430000,43.104970000,332.000
-0.177470000,43.104980000,332.000
-0.177520000,43.105000000,332.000
-0.177670000,43.105060000,332.000
-0.177690000,43.105070000,332.000
-0.177910000,43.105140000,332.000
-0.178010000,43.105180000,331.000
-0.178220000,43.105250000,331.000
-0.178430000,43.105320000,331.000
-0.178580000,43.105370000,331.000
-0.178650000,43.105400000,330.000
-0.178870000,43.105480000,330.000
-0.179090000,43.105560000,330.000
-0.179320000,43.105630000,330.000
-0.179470000,43.105690000,330.000
-0.179540000,43.105710000,330.000
-0.179760000,43.105790000,330.000
-0.179980000,43.105860000,330.000
-0.180140000,43.105910000,330.000
-0.180190000,43.105930000,330.000
-0.180290000,43.105960000,330.000
-0.180390000,43.106000000,331.000
-0.180600000,43.106060000,331.000
-0.180700000,43.106090000,331.000
-0.180810000,43.106110000,331.000
-0.181010000,43.106160000,331.000
-0.181530000,43.106260000,331.000
-0.181630000,43.106280000,331.000
-0.181770000,43.106300000,331.000
-0.182300000,43.106400000,330.000
-0.182490000,43.106440000,329.000
-0.184150000,43.106780000,327.000
-0.184390000,43.106830000,325.000
-0.185260000,43.107010000,322.000
-0.185340000,43.107020000,319.000
-0.185480000,43.107040000,318.000
-0.185570000,43.107050000,316.000
-0.185580000,43.107050000,315.000
-0.185680000,43.107060000,315.000
-0.185700000,43.107060000,314.000
-0.185860000,43.107060000,314.000
-0.185900000,43.107060000,313.000
-0.185940000,43.107060000,313.000
-0.186000000,43.107060000,312.000
-0.186010000,43.107060000,312.000
-0.186090000,43.107060000,312.000
-0.186170000,43.107070000,311.000
-0.186250000,43.107080000,311.000
-0.186320000,43.107100000,311.000
-0.186400000,43.107130000,310.000
-0.186470000,43.107170000,310.000
-0.186530000,43.107200000,309.000
-0.186640000,43.107280000,309.000
-0.186660000,43.107300000,308.000
-0.186800000,43.107400000,308.000
-0.187090000,43.107650000,307.000
-0.187380000,43.107910000,306.000
-0.187440000,43.107970000,305.000
-0.187590000,43.108110000,304.000
-0.187740000,43.108250000,303.000
-0.187820000,43.108330000,302.000
-0.188350000,43.108820000,300.000
-0.188500000,43.108960000,299.000
-0.189410000,43.109810000,296.000
-0.189560000,43.109950000,294.000
-0.189700000,43.110100000,293.000
-0.189780000,43.110190000,292.000
-0.189920000,43.110400000,291.000
-0.190050000,43.110630000,290.000
-0.190170000,43.110880000,290.000
-0.190310000,43.111180000,290.000
-0.190350000,43.111270000,290.000
-0.190420000,43.111440000,290.000
-0.190710000,43.112060000,291.000
-0.190950000,43.112520000,292.000
-0.191060000,43.112690000,293.000
-0.191510000,43.113270000,294.000
-0.191760000,43.113580000,295.000
-0.192110000,43.113980000,296.000
-0.192530000,43.114440000,297.000
-0.192850000,43.114800000,297.000
-0.193070000,43.115050000,295.000
-0.193080000,43.115060000,295.000
-0.193190000,43.115240000,294.000
-0.193270000,43.115390000,292.000
-0.193410000,43.115680000,291.000
-0.193570000,43.116040000,288.000
-0.193590000,43.116090000,287.000
-0.193610000,43.116140000,286.000
-0.193630000,43.116180000,285.000
-0.193870000,43.116760000,284.000
-0.194370000,43.117960000,284.000
-0.194440000,43.118150000,284.000
-0.194490000,43.118270000,285.000
-0.194580000,43.118590000,286.000
-0.194650000,43.118750000,288.000
-0.194800000,43.119020000,289.000
-0.194830000,43.119070000,290.000
-0.194880000,43.119170000,292.000
-0.195090000,43.119440000,293.000
-0.195150000,43.119500000,294.000
-0.195180000,43.119540000,295.000
-0.195320000,43.119660000,296.000
-0.195650000,43.119900000,298.000
-0.195990000,43.120110000,299.000
-0.196110000,43.120170000,301.000
-0.196310000,43.120260000,302.000
-0.196420000,43.120300000,303.000
-0.197050000,43.120500000,304.000
-0.197470000,43.120610000,306.000
-0.197610000,43.120640000,307.000
-0.198440000,43.120890000,308.000
-0.198610000,43.120940000,308.000
-0.198860000,43.121020000,308.000
-0.200830000,43.121630000,308.000
-0.201020000,43.121680000,308.000
-0.201100000,43.121710000,308.000
-0.201400000,43.121800000,307.000
-0.201940000,43.121960000,307.000
-0.202950000,43.122270000,306.000
-0.202950000,43.122270000,305.000
-0.203380000,43.122400000,305.000
-0.203700000,43.122500000,304.000
-0.203910000,43.122570000,303.000
-0.204340000,43.122710000,302.000
-0.204810000,43.122850000,301.000
-0.205150000,43.122950000,300.000
-0.205170000,43.122950000,299.000
-0.205450000,43.123030000,298.000
-0.205660000,43.123090000,297.000
-0.205720000,43.123120000,297.000
-0.205820000,43.123180000,296.000
-0.206000000,43.123270000,295.000
-0.206020000,43.123270000,295.000
-0.206310000,43.123420000,294.000
-0.206490000,43.123530000,293.000
-0.206650000,43.123650000,293.000
-0.206720000,43.123710000,292.000
-0.206740000,43.123730000,291.000
-0.206780000,43.123730000,291.000
-0.206880000,43.123820000,291.000
-0.207010000,43.123930000,290.000
-0.207040000,43.123950000,290.000
-0.207140000,43.124040000,289.000
-0.207210000,43.124100000,289.000
-0.207220000,43.124120000,288.000
-0.207290000,43.124190000,288.000
-0.207310000,43.124220000,288.000
-0.207320000,43.124250000,288.000
-0.207330000,43.124270000,287.000
-0.207330000,43.124280000,287.000
-0.207340000,43.124300000,287.000
-0.207400000,43.124560000,287.000
-0.207410000,43.124610000,286.000
-0.207430000,43.124820000,287.000
-0.207440000,43.124920000,287.000
-0.207450000,43.124990000,287.000
-0.207550000,43.125810000,289.000
-0.207550000,43.125870000,291.000
-0.207550000,43.125930000,292.000
-0.207570000,43.126680000,294.000
-0.207570000,43.126720000,295.000
-0.207580000,43.127150000,295.000
-0.207560000,43.127260000,295.000
-0.207550000,43.127530000,294.000
-0.207560000,43.127690000,292.000
-0.207570000,43.127850000,291.000
-0.207610000,43.128130000,290.000
-0.207720000,43.128610000,287.000
-0.207740000,43.128670000,286.000
-0.207770000,43.128720000,285.000
-0.207810000,43.128780000,284.000
-0.207840000,43.128830000,284.000
-0.207900000,43.128910000,284.000
-0.207920000,43.128930000,284.000
-0.208420000,43.129520000,284.000
-0.208440000,43.129540000,285.000
-0.208450000,43.129540000,285.000
-0.208520000,43.129590000,286.000
-0.208540000,43.129610000,286.000
-0.208560000,43.129620000,286.000
-0.208720000,43.129830000,286.000
-0.208730000,43.129850000,287.000
-0.208740000,43.129880000,287.000
-0.208770000,43.129950000,287.000
-0.208780000,43.129970000,287.000
-0.208780000,43.129980000,287.000
-0.209210000,43.130530000,288.000
-0.209430000,43.130800000,288.000
-0.209720000,43.131160000,289.000
-0.209850000,43.131280000,289.000
-0.209980000,43.131370000,289.000
-0.210640000,43.131660000,289.000
-0.210820000,43.131740000,289.000
-0.210870000,43.131800000,289.000
-0.210970000,43.131880000,289.000
-0.210990000,43.131890000,288.000
-0.211050000,43.131940000,288.000
-0.211080000,43.131970000,288.000
-0.211090000,43.131980000,288.000
-0.211300000,43.132290000,288.000
-0.211590000,43.132600000,288.000
-0.211700000,43.132720000,288.000
-0.211850000,43.132900000,287.000
-0.212470000,43.133650000,287.000
-0.212530000,43.133720000,286.000
-0.212570000,43.133760000,286.000
-0.212680000,43.133890000,285.000
-0.212730000,43.133940000,285.000
-0.212780000,43.134010000,285.000
-0.212810000,43.134040000,285.000
-0.213120000,43.134420000,284.000
-0.213130000,43.134440000,283.000
-0.213430000,43.134770000,283.000
-0.213640000,43.135020000,282.000
-0.213800000,43.135270000,281.000
-0.213800000,43.135280000,281.000
-0.213850000,43.135340000,280.000
-0.213920000,43.135440000,280.000
-0.213950000,43.135470000,280.000
-0.213970000,43.135500000,280.000
-0.214070000,43.135660000,280.000
-0.214080000,43.135680000,279.000
-0.214100000,43.135690000,279.000
-0.214110000,43.135700000,279.000
-0.214150000,43.135720000,279.000
-0.214390000,43.136120000,279.000
-0.214410000,43.136160000,279.000
-0.214450000,43.136230000,279.000
-0.214480000,43.136270000,279.000
-0.214840000,43.136850000,279.000
-0.215220000,43.137470000,279.000
-0.215600000,43.138100000,279.000
-0.216290000,43.139200000,279.000
-0.216430000,43.139430000,279.000
-0.216970000,43.140310000,276.000
-0.217030000,43.140400000,273.000
-0.217040000,43.140410000,272.000
-0.217060000,43.140450000,271.000
-0.217090000,43.140480000,270.000
-0.217410000,43.141000000,267.000
-0.218080000,43.142100000,267.000
-0.218150000,43.142220000,268.000
-0.218160000,43.142230000,268.000
-0.218430000,43.142680000,269.000
-0.218660000,43.143070000,270.000
-0.218850000,43.143380000,272.000
-0.219320000,43.144200000,275.000
-0.219390000,43.144300000,277.000
-0.219430000,43.144370000,279.000
-0.219880000,43.145080000,278.000
-0.219940000,43.145170000,277.000
-0.220500000,43.146100000,273.000
-0.220640000,43.146330000,270.000
-0.220840000,43.146660000,269.000
-0.220960000,43.146860000,268.000
-0.221070000,43.147060000,268.000
-0.221170000,43.147220000,269.000
-0.221250000,43.147350000,269.000
-0.221290000,43.147420000,269.000
-0.221880000,43.148430000,271.000
-0.221950000,43.148550000,272.000
-0.221950000,43.148610000,273.000
-0.222130000,43.148940000,274.000
-0.222190000,43.149050000,275.000
-0.222320000,43.149240000,277.000
-0.222360000,43.149300000,278.000
-0.222470000,43.149440000,279.000
-0.223270000,43.150240000,282.000
-0.223500000,43.150470000,284.000
-0.224210000,43.151190000,285.000
-0.224430000,43.151420000,286.000
-0.224590000,43.151580000,287.000
-0.224820000,43.151810000,287.000
-0.224900000,43.151890000,288.000
-0.225290000,43.152290000,288.000
-0.225380000,43.152380000,288.000
-0.225570000,43.152570000,287.000
-0.225680000,43.152730000,287.000
-0.225710000,43.152770000,287.000
-0.225770000,43.152870000,287.000
-0.225780000,43.152880000,287.000
-0.225830000,43.152990000,287.000
-0.225850000,43.153080000,286.000
-0.225870000,43.153200000,286.000
-0.225870000,43.153200000,286.000
-0.225880000,43.153250000,286.000
-0.225890000,43.153460000,286.000
-0.225860000,43.153620000,285.000
-0.225850000,43.153650000,284.000
-0.225820000,43.153800000,283.000
-0.225800000,43.153870000,282.000
-0.225790000,43.153930000,280.000
-0.225810000,43.153970000,279.000
-0.225700000,43.154310000,277.000
-0.225680000,43.154380000,275.000
-0.225640000,43.154530000,273.000
-0.225620000,43.154680000,271.000
-0.225610000,43.154780000,269.000
-0.225610000,43.154850000,267.000
-0.225620000,43.154910000,266.000
-0.225660000,43.155070000,264.000
-0.225680000,43.155180000,262.000
-0.225810000,43.155430000,260.000
-0.225990000,43.155730000,257.000
-0.226180000,43.156000000,256.000
-0.226320000,43.156200000,254.000
-0.226340000,43.156240000,253.000
-0.226390000,43.156310000,252.000
-0.226430000,43.156370000,251.000
-0.226450000,43.156400000,251.000
-0.226550000,43.156560000,250.000
-0.226590000,43.156610000,250.000
-0.226630000,43.156670000,249.000
-0.226660000,43.156710000,249.000
-0.226780000,43.156860000,249.000
-0.226980000,43.157120000,248.000
-0.227050000,43.157210000,247.000
-0.227150000,43.157330000,247.000
-0.227340000,43.157620000,246.000
-0.227480000,43.157820000,245.000
-0.227590000,43.157980000,245.000
-0.227700000,43.158140000,244.000
-0.228150000,43.158800000,243.000
-0.228640000,43.159520000,244.000
-0.228720000,43.159670000,246.000
-0.228790000,43.159780000,247.000
-0.228880000,43.159900000,248.000
-0.228980000,43.160020000,250.000
-0.229170000,43.160190000,251.000
-0.229200000,43.160220000,252.000
-0.229330000,43.160340000,253.000
-0.229650000,43.160610000,255.000
-0.230140000,43.161020000,256.000
-0.230240000,43.161090000,257.000
-0.230480000,43.161310000,257.000
-0.230650000,43.161490000,257.000
-0.230740000,43.161620000,257.000
-0.230890000,43.161870000,257.000
-0.231020000,43.162230000,257.000
-0.231210000,43.162890000,255.000
-0.231260000,43.163230000,252.000
-0.231280000,43.163340000,250.000
-0.231370000,43.163590000,248.000
-0.231380000,43.163650000,247.000
-0.231490000,43.163870000,245.000
-0.231520000,43.163930000,244.000
-0.231870000,43.164500000,241.000
-0.231900000,43.164550000,239.000
-0.231970000,43.164670000,239.000
-0.232070000,43.164830000,238.000
-0.232120000,43.164900000,239.000
-0.232160000,43.164960000,239.000
-0.232490000,43.165370000,240.000
-0.232550000,43.165450000,242.000
-0.232710000,43.165640000,243.000
-0.232810000,43.165700000,244.000
-0.232850000,43.165740000,245.000
-0.232890000,43.165800000,246.000
-0.232920000,43.165830000,247.000
-0.232940000,43.165860000,247.000
-0.232990000,43.165920000,248.000
-0.233010000,43.165950000,248.000
-0.233300000,43.166310000,250.000
-0.233460000,43.166480000,250.000
-0.233580000,43.166620000,251.000
-0.233740000,43.166780000,251.000
-0.233770000,43.166810000,251.000
-0.234000000,43.167050000,251.000
-0.234030000,43.167080000,251.000
-0.234070000,43.167110000,251.000
-0.234070000,43.167120000,251.000
-0.234100000,43.167150000,251.000
-0.234290000,43.167350000,251.000
-0.234400000,43.167460000,251.000
-0.234420000,43.167490000,250.000
-0.234580000,43.167690000,250.000
-0.234720000,43.167870000,250.000
-0.234850000,43.168060000,250.000
-0.234980000,43.168280000,251.000
-0.235150000,43.168570000,251.000
-0.235190000,43.168640000,252.000
-0.235200000,43.168680000,253.000
-0.235280000,43.168850000,253.000
-0.235300000,43.168890000,254.000
-0.235350000,43.169020000,254.000
-0.235390000,43.169140000,255.000
-0.235410000,43.169190000,255.000
-0.235430000,43.169230000,256.000
-0.235580000,43.169700000,257.000
-0.235660000,43.169950000,256.000
-0.235670000,43.170010000,256.000
-0.235670000,43.170020000,256.000
-0.235690000,43.170080000,255.000
-0.235800000,43.170510000,254.000
-0.235860000,43.170770000,252.000
-0.235880000,43.170830000,250.000
-0.235890000,43.170880000,249.000
-0.236000000,43.171230000,247.000
-0.236050000,43.171410000,245.000
-0.236080000,43.171530000,244.000
-0.236100000,43.171580000,243.000
-0.236190000,43.171870000,242.000
-0.236230000,43.171970000,241.000
-0.236300000,43.172160000,241.000
-0.236410000,43.172390000,241.000
-0.236420000,43.172430000,240.000
-0.236440000,43.172450000,240.000
-0.236530000,43.172610000,240.000
-0.236670000,43.172860000,240.000
-0.236700000,43.172900000,240.000
-0.236720000,43.172930000,240.000
-0.236760000,43.173020000,240.000
-0.236800000,43.173120000,240.000
-0.236820000,43.173220000,240.000
-0.236970000,43.173430000,240.000
-0.237200000,43.173770000,240.000
-0.237220000,43.173790000,241.000
-0.237260000,43.173850000,242.000
-0.237540000,43.174270000,243.000
-0.237610000,43.174380000,244.000
-0.237720000,43.174530000,245.000
-0.237830000,43.174690000,247.000
-0.237900000,43.174780000,248.000
-0.238250000,43.175110000,249.000
-0.238340000,43.175200000,250.000
-0.238510000,43.175330000,251.000
-0.238540000,43.175350000,252.000
-0.238740000,43.175520000,252.000
-0.238800000,43.175570000,252.000
-0.238900000,43.175660000,252.000
-0.238970000,43.175760000,252.000
-0.239000000,43.175880000,252.000
-0.238970000,43.176000000,252.000
-0.238970000,43.176000000,252.000
-0.238960000,43.176020000,252.000
-0.238950000,43.176030000,252.000
-0.238920000,43.176050000,252.000
-0.238980000,43.176090000,252.000
-0.239160000,43.176140000,252.000
-0.239200000,43.176150000,252.000
-0.239230000,43.176160000,252.000
-0.239260000,43.176170000,252.000
-0.239290000,43.176180000,252.000
-0.239320000,43.176200000,252.000
-0.239340000,43.176230000,252.000
-0.239360000,43.176250000,252.000
-0.239380000,43.176280000,252.000
-0.239390000,43.176310000,252.000
-0.239410000,43.176380000,252.000
-0.239430000,43.176450000,252.000
-0.239700000,43.177420000,252.000
-0.239770000,43.177580000,253.000
-0.239810000,43.177700000,253.000
-0.239870000,43.177820000,253.000
-0.239920000,43.177930000,253.000
-0.239920000,43.177940000,253.000
-0.239990000,43.178080000,253.000
-0.240000000,43.178100000,253.000
-0.240060000,43.178210000,254.000
-0.240200000,43.178460000,254.000
-0.240300000,43.178620000,254.000
-0.240380000,43.178750000,254.000
-0.240480000,43.178910000,254.000
-0.240500000,43.178920000,255.000
-0.240540000,43.178970000,255.000
-0.240590000,43.179020000,255.000
-0.240770000,43.179200000,255.000
-0.240970000,43.179380000,255.000
-0.241240000,43.179600000,256.000
-0.241350000,43.179700000,256.000
-0.241950000,43.180200000,257.000
-0.242430000,43.180600000,257.000
-0.242710000,43.180840000,257.000
-0.242980000,43.181070000,256.000
-0.243080000,43.181160000,255.000
-0.243150000,43.181230000,255.000
-0.243160000,43.181260000,254.000
-0.243170000,43.181290000,254.000
-0.243180000,43.181310000,253.000
-0.243210000,43.181350000,253.000
-0.243210000,43.181350000,253.000
-0.243200000,43.181360000,252.000
-0.243200000,43.181370000,252.000
-0.243190000,43.181370000,252.000
-0.243190000,43.181380000,252.000
-0.243190000,43.181390000,252.000
-0.243180000,43.181390000,252.000
-0.243180000,43.181400000,252.000
-0.243190000,43.181400000,252.000
-0.243190000,43.181410000,252.000
-0.243190000,43.181420000,252.000
-0.243200000,43.181420000,252.000
-0.243200000,43.181430000,252.000
-0.243210000,43.181430000,252.000
-0.243210000,43.181440000,251.000
-0.243220000,43.181440000,251.000
-0.243230000,43.181440000,251.000
-0.243230000,43.181450000,251.000
-0.243240000,43.181450000,251.000
-0.243250000,43.181450000,251.000
-0.243260000,43.181450000,251.000
-0.243270000,43.181450000,251.000
-0.243280000,43.181450000,251.000
-0.243290000,43.181450000,251.000
-0.243300000,43.181440000,251.000
-0.243380000,43.181480000,251.000
-0.243490000,43.181500000,250.000
-0.243810000,43.181770000,249.000
-0.243910000,43.181840000,248.000
-0.244070000,43.181980000,247.000
-0.244240000,43.182120000,247.000
-0.244940000,43.182680000,249.000
-0.245320000,43.182980000,251.000
-0.245340000,43.183030000,253.000
-0.245370000,43.183080000,254.000
-0.245380000,43.183090000,255.000
-0.245390000,43.183100000,256.000
-0.245410000,43.183120000,256.000
-0.245420000,43.183150000,256.000
-0.245420000,43.183190000,257.000
-0.245420000,43.183220000,257.000
-0.245430000,43.183230000,257.000
-0.245440000,43.183250000,257.000
-0.245450000,43.183260000,258.000
-0.245460000,43.183270000,258.000
-0.245470000,43.183280000,258.000
-0.245490000,43.183290000,258.000
-0.245510000,43.183300000,258.000
-0.245520000,43.183310000,258.000
-0.245540000,43.183310000,258.000
-0.245550000,43.183310000,259.000
-0.245570000,43.183310000,259.000
-0.245590000,43.183310000,259.000
-0.245610000,43.183310000,259.000
-0.245670000,43.183350000,259.000
-0.245710000,43.183380000,259.000
-0.245780000,43.183420000,259.000
-0.245790000,43.183420000,259.000
-0.245800000,43.183420000,259.000
-0.245810000,43.183420000,259.000
-0.245830000,43.183420000,259.000
-0.246040000,43.183610000,259.000
-0.246080000,43.183650000,258.000
-0.246500000,43.184040000,258.000
-0.246930000,43.184420000,256.000
-0.247550000,43.184950000,255.000
-0.247660000,43.185050000,254.000
-0.248190000,43.185500000,252.000
-0.248530000,43.185790000,251.000
-0.248600000,43.185850000,250.000
-0.248610000,43.185860000,249.000
-0.248720000,43.185950000,249.000
-0.248780000,43.186010000,249.000
-0.248810000,43.186030000,248.000
-0.248860000,43.186080000,248.000
-0.248930000,43.186150000,248.000
-0.249000000,43.186230000,247.000
-0.249050000,43.186290000,247.000
-0.249110000,43.186360000,247.000
-0.249300000,43.186650000,247.000
-0.249380000,43.186780000,246.000
-0.249620000,43.187380000,246.000
-0.249680000,43.187510000,245.000
-0.249770000,43.187770000,244.000
-0.249870000,43.188190000,244.000
-0.249940000,43.188390000,243.000
-0.249990000,43.188560000,243.000
-0.249990000,43.188570000,243.000
-0.250000000,43.188660000,242.000
-0.250020000,43.188780000,242.000
-0.250070000,43.188960000,242.000
-0.250100000,43.189000000,242.000
-0.250130000,43.189060000,242.000
-0.250230000,43.189170000,242.000
-0.250340000,43.189270000,242.000
-0.250370000,43.189280000,241.000
-0.250430000,43.189330000,241.000
-0.251140000,43.189810000,241.000
-0.251290000,43.189940000,241.000
-0.251420000,43.190080000,240.000
-0.251500000,43.190200000,239.000
-0.251610000,43.190450000,238.000
-0.251740000,43.190810000,237.000
-0.251790000,43.190920000,236.000
-0.251840000,43.191010000,235.000
-0.251870000,43.191080000,235.000
-0.251900000,43.191120000,234.000
-0.251930000,43.191180000,233.000
-0.251960000,43.191220000,233.000
-0.252000000,43.191280000,233.000
-0.252330000,43.191670000,232.000
-0.252440000,43.191800000,231.000
-0.252520000,43.191900000,231.000
-0.252580000,43.191990000,230.000
-0.252650000,43.192090000,230.000
-0.252960000,43.192590000,231.000
-0.253000000,43.192640000,231.000
-0.253180000,43.192920000,231.000
-0.253210000,43.192990000,231.000
-0.253240000,43.193050000,232.000
-0.253260000,43.193120000,232.000
-0.253280000,43.193190000,232.000
-0.253290000,43.193260000,232.000
-0.253290000,43.193340000,232.000
-0.253300000,43.193490000,233.000
-0.253300000,43.194080000,234.000
-0.253300000,43.194160000,235.000
-0.253310000,43.194230000,236.000
-0.253310000,43.194310000,236.000
-0.253320000,43.194410000,237.000
-0.253340000,43.194510000,237.000
-0.253350000,43.194560000,238.000
-0.253370000,43.194610000,238.000
-0.253400000,43.194710000,239.000
-0.253420000,43.194770000,239.000
-0.253440000,43.194830000,239.000
-0.253480000,43.194910000,240.000
-0.253520000,43.195020000,240.000
-0.253840000,43.195840000,242.000
-0.254550000,43.197650000,243.000
-0.254800000,43.198280000,244.000
-0.254800000,43.198280000,245.000
-0.254900000,43.198530000,246.000
-0.255030000,43.198860000,246.000
-0.255610000,43.200310000,247.000
-0.255680000,43.200480000,248.000
-0.255670000,43.200490000,248.000
-0.255670000,43.200500000,249.000
-0.255670000,43.200510000,249.000
-0.255680000,43.200550000,249.000
-0.255690000,43.200580000,249.000
-0.255710000,43.200610000,249.000
-0.255720000,43.200640000,249.000
-0.255740000,43.200680000,249.000
-0.255770000,43.200720000,249.000
-0.255790000,43.200750000,249.000
-0.255800000,43.200780000,249.000
-0.255820000,43.200800000,249.000
-0.255840000,43.200830000,249.000
-0.255840000,43.200830000,249.000
-0.255830000,43.200850000,249.000
-0.255830000,43.200860000,249.000
-0.255830000,43.200880000,249.000
-0.255830000,43.200890000,249.000
-0.255840000,43.200910000,248.000
-0.255840000,43.200930000,248.000
-0.255860000,43.200940000,248.000
-0.255870000,43.200960000,248.000
-0.255880000,43.200970000,248.000
-0.255910000,43.200980000,248.000
-0.255910000,43.201010000,248.000
-0.255910000,43.201030000,248.000
-0.255920000,43.201060000,248.000
-0.255920000,43.201090000,248.000
-0.255920000,43.201110000,248.000
-0.255930000,43.201150000,248.000
-0.255930000,43.201180000,248.000
-0.255930000,43.201200000,248.000
-0.255940000,43.201220000,248.000
-0.255940000,43.201240000,248.000
-0.255950000,43.201260000,248.000
-0.255960000,43.201270000,248.000
-0.255960000,43.201280000,248.000
-0.255970000,43.201280000,248.000
-0.255980000,43.201290000,248.000
-0.255990000,43.201290000,248.000
-0.256000000,43.201320000,248.000
-0.256120000,43.201650000,248.000
-0.256220000,43.201900000,247.000
-0.256480000,43.202560000,247.000
-0.256980000,43.203830000,243.000
-0.257140000,43.204260000,240.000
-0.257150000,43.204280000,238.000
-0.257290000,43.204620000,236.000
-0.257330000,43.204710000,235.000
-0.257380000,43.204840000,234.000
-0.257590000,43.205360000,234.000
-0.257670000,43.205550000,234.000
-0.257700000,43.205610000,235.000
-0.257730000,43.205670000,235.000
-0.257780000,43.205770000,235.000
-0.257800000,43.205800000,236.000
-0.257820000,43.205820000,236.000
-0.257850000,43.205850000,236.000
-0.257850000,43.205850000,236.000
-0.257700000,43.205980000,236.000
-0.257710000,43.206150000,237.000
-0.257720000,43.206210000,237.000
-0.257730000,43.206280000,238.000
-0.257750000,43.206350000,238.000
-0.257780000,43.206470000,238.000
-0.257900000,43.206860000,237.000
-0.257900000,43.206880000,237.000
-0.257930000,43.206960000,237.000
-0.257950000,43.207030000,236.000
-0.257960000,43.207100000,236.000
-0.257980000,43.207190000,235.000
-0.257990000,43.207270000,235.000
-0.257990000,43.207310000,235.000
-0.257990000,43.207350000,235.000
-0.257990000,43.207570000,234.000
-0.257990000,43.207730000,234.000
-0.257990000,43.207800000,233.000
-0.257980000,43.207860000,233.000
-0.257970000,43.207920000,232.000
-0.257950000,43.207970000,232.000
-0.257930000,43.208030000,232.000
-0.257880000,43.208160000,231.000
-0.257830000,43.208300000,231.000
-0.257770000,43.208440000,232.000
-0.257720000,43.208560000,232.000
-0.257650000,43.208730000,233.000
-0.257630000,43.208770000,233.000
-0.257540000,43.208950000,234.000
-0.257400000,43.209360000,235.000
-0.257280000,43.209680000,237.000
-0.257260000,43.209740000,238.000
-0.257230000,43.209800000,239.000
-0.257210000,43.209840000,240.000
-0.257180000,43.209890000,240.000
-0.257140000,43.209940000,241.000
-0.257100000,43.209990000,241.000
-0.257050000,43.210050000,241.000
-0.257000000,43.210110000,241.000
-0.256620000,43.210450000,241.000
-0.256420000,43.210630000,241.000
-0.256110000,43.210900000,240.000
-0.256000000,43.211000000,240.000
-0.255920000,43.211090000,240.000
-0.255870000,43.211160000,239.000
-0.255830000,43.211220000,239.000
-0.255780000,43.211320000,239.000
-0.255710000,43.211470000,239.000
-0.255490000,43.212060000,239.000
-0.255450000,43.212170000,238.000
-0.255440000,43.212220000,238.000
-0.255090000,43.213170000,238.000
-0.255080000,43.213190000,237.000
-0.255060000,43.213220000,237.000
-0.255040000,43.213250000,237.000
-0.255020000,43.213290000,237.000
-0.254980000,43.213340000,237.000
-0.254930000,43.213390000,236.000
-0.254360000,43.214070000,236.000
-0.254040000,43.214440000,235.000
-0.254010000,43.214480000,235.000
-0.253990000,43.214500000,234.000
-0.253960000,43.214540000,234.000
-0.253910000,43.214620000,234.000
-0.253870000,43.214670000,234.000
-0.253860000,43.214700000,234.000
-0.253820000,43.214750000,233.000
-0.253620000,43.215100000,233.000
-0.253530000,43.215310000,233.000
-0.253460000,43.215480000,233.000
-0.253410000,43.215640000,233.000
-0.253340000,43.215860000,233.000
-0.253330000,43.215900000,233.000
-0.253320000,43.215950000,233.000
-0.253310000,43.216000000,233.000
-0.253300000,43.216060000,233.000
-0.253300000,43.216130000,233.000
-0.253300000,43.216170000,233.000
-0.253300000,43.216220000,233.000
-0.253300000,43.216240000,233.000
-0.253310000,43.216300000,233.000
-0.253310000,43.216310000,233.000
-0.253310000,43.216340000,233.000
-0.253310000,43.216370000,233.000
-0.253330000,43.216550000,233.000
-0.253320000,43.216600000,233.000
-0.253330000,43.216670000,233.000
-0.253320000,43.216700000,233.000
-0.253320000,43.216720000,233.000
-0.253320000,43.216750000,233.000
-0.253320000,43.216780000,233.000
-0.253320000,43.216840000,233.000
-0.253320000,43.216880000,233.000
-0.253320000,43.216930000,233.000
-0.253310000,43.216980000,233.000
-0.253310000,43.217030000,233.000
-0.253300000,43.217110000,233.000
-0.253260000,43.217260000,232.000
-0.253210000,43.217440000,232.000
-0.253200000,43.217560000,231.000
-0.253190000,43.217620000,231.000
-0.253170000,43.217700000,230.000
-0.253160000,43.217750000,230.000
-0.253150000,43.217790000,229.000
-0.253120000,43.217900000,229.000
-0.253070000,43.218110000,228.000
-0.253030000,43.218270000,228.000
-0.252990000,43.218420000,227.000
-0.252970000,43.218530000,226.000
-0.252890000,43.218810000,225.000
-0.252880000,43.218840000,225.000
-0.252880000,43.218860000,224.000
-0.252840000,43.218960000,224.000
-0.252810000,43.219060000,224.000
-0.252810000,43.219080000,224.000
-0.252780000,43.219180000,224.000
-0.252750000,43.219270000,223.000
-0.252700000,43.219410000,223.000
-0.252680000,43.219490000,223.000
-0.252610000,43.219730000,223.000
-0.252560000,43.219880000,223.000
-0.252550000,43.219910000,223.000
-0.252540000,43.219960000,223.000
-0.252500000,43.220080000,223.000
-0.252450000,43.220230000,223.000
-0.252390000,43.220400000,223.000
-0.252370000,43.220460000,223.000
-0.252330000,43.220580000,223.000
-0.252270000,43.220740000,223.000
-0.252190000,43.220930000,223.000
-0.252140000,43.221060000,224.000
-0.252120000,43.221120000,224.000
-0.251910000,43.221660000,225.000
-0.251800000,43.221920000,226.000
-0.251570000,43.222540000,227.000
-0.251320000,43.223210000,228.000
-0.251230000,43.223430000,228.000
-0.251140000,43.223620000,228.000
-0.250960000,43.223960000,228.000
-0.250860000,43.224140000,228.000
-0.250730000,43.224390000,227.000
-0.250710000,43.224420000,227.000
-0.250700000,43.224460000,227.000
-0.250690000,43.224490000,227.000
-0.250680000,43.224520000,227.000
-0.250640000,43.224660000,226.000
-0.250630000,43.224720000,226.000
-0.250610000,43.224800000,226.000
-0.250600000,43.224900000,226.000
-0.250590000,43.224940000,226.000
-0.250560000,43.225180000,226.000
-0.250540000,43.225350000,225.000
-0.250520000,43.225540000,225.000
-0.250490000,43.225590000,225.000
-0.250460000,43.225620000,225.000
-0.250440000,43.225640000,225.000
-0.250420000,43.225660000,225.000
-0.250400000,43.225670000,224.000
-0.250390000,43.225680000,224.000
-0.250380000,43.225690000,224.000
-0.250380000,43.225710000,224.000
-0.250360000,43.225730000,224.000
-0.250360000,43.225730000,224.000
-0.250350000,43.225730000,224.000
-0.250340000,43.225730000,224.000
-0.250330000,43.225730000,224.000
-0.250320000,43.225730000,224.000
-0.250310000,43.225740000,224.000
-0.250300000,43.225740000,224.000
-0.250280000,43.225740000,224.000
-0.250250000,43.225750000,224.000
-0.250210000,43.225760000,224.000
-0.250180000,43.225780000,224.000
-0.250140000,43.225800000,224.000
-0.250110000,43.225820000,224.000
-0.250090000,43.225850000,224.000
-0.250060000,43.225870000,224.000
-0.250050000,43.225900000,224.000
-0.250030000,43.225930000,224.000
-0.250030000,43.225950000,224.000
-0.250030000,43.225960000,224.000
-0.250030000,43.225970000,224.000
-0.250020000,43.225970000,224.000
-0.250020000,43.225980000,224.000
-0.250020000,43.225990000,224.000
-0.250020000,43.226010000,223.000
-0.250030000,43.226040000,223.000
-0.250040000,43.226070000,223.000
-0.250050000,43.226090000,223.000
-0.250070000,43.226120000,223.000
-0.250090000,43.226140000,223.000
-0.250110000,43.226170000,223.000
-0.250120000,43.226180000,223.000
-0.250140000,43.226190000,222.000
-0.250150000,43.226200000,222.000
-0.250160000,43.226210000,222.000
-0.250170000,43.226210000,222.000
-0.250180000,43.226220000,222.000
-0.250190000,43.226220000,222.000
-0.250200000,43.226230000,222.000
-0.250220000,43.226230000,222.000
-0.250250000,43.226240000,222.000
-0.250280000,43.226250000,222.000
-0.250310000,43.226260000,222.000
-0.250340000,43.226260000,221.000
-0.250380000,43.226260000,221.000
-0.250410000,43.226260000,221.000
-0.250440000,43.226260000,221.000
-0.250460000,43.226260000,221.000
-0.250480000,43.226250000,221.000
-0.250490000,43.226250000,221.000
-0.250500000,43.226250000,221.000
-0.250510000,43.226250000,221.000
-0.250520000,43.226250000,221.000
-0.250520000,43.226240000,221.000
-0.250540000,43.226240000,220.000
-0.250660000,43.226270000,220.000
-0.250680000,43.226270000,220.000
-0.250710000,43.226280000,220.000
-0.250740000,43.226290000,220.000
-0.250780000,43.226310000,220.000
-0.250810000,43.226320000,219.000
-0.250840000,43.226330000,219.000
-0.250890000,43.226360000,219.000
-0.250950000,43.226400000,219.000
-0.251060000,43.226480000,219.000
-0.251150000,43.226540000,218.000
-0.251310000,43.226650000,218.000
-0.251350000,43.226680000,217.000
-0.251390000,43.226700000,217.000
-0.251460000,43.226730000,216.000
-0.251790000,43.226910000,216.000
-0.252060000,43.227060000,215.000
-0.252280000,43.227180000,214.000
-0.252580000,43.227330000,214.000
-0.252810000,43.227430000,214.000
-0.254060000,43.227940000,215.000
-0.254850000,43.228260000,216.000
-0.255360000,43.228470000,217.000
-0.255570000,43.228560000,218.000
-0.255920000,43.228700000,219.000
-0.257180000,43.229220000,221.000
-0.257630000,43.229390000,220.000
-0.258070000,43.229570000,219.000
-0.258260000,43.229660000,217.000
-0.258360000,43.229700000,216.000
-0.258580000,43.229800000,214.000
-0.258620000,43.229820000,213.000
-0.258660000,43.229840000,212.000
-0.259030000,43.230020000,210.000
-0.259190000,43.230110000,208.000
-0.259240000,43.230130000,207.000
-0.259330000,43.230180000,206.000
-0.259450000,43.230250000,205.000
-0.259580000,43.230330000,205.000
-0.259790000,43.230450000,205.000
-0.259910000,43.230540000,205.000
-0.260050000,43.230630000,206.000
-0.260150000,43.230700000,206.000
-0.260340000,43.230830000,207.000
-0.260460000,43.230920000,207.000
-0.260550000,43.230980000,208.000
-0.260660000,43.231070000,208.000
-0.260840000,43.231230000,209.000
-0.260900000,43.231270000,209.000
-0.261160000,43.231500000,210.000
-0.261320000,43.231640000,210.000
-0.261410000,43.231720000,210.000
-0.261470000,43.231780000,209.000
-0.261500000,43.231800000,209.000
-0.261590000,43.231900000,208.000
-0.261620000,43.231920000,208.000
-0.261670000,43.231970000,207.000
-0.261800000,43.232120000,206.000
-0.262010000,43.232350000,205.000
-0.262100000,43.232460000,204.000
-0.262450000,43.232920000,201.000
-0.262720000,43.233330000,198.000
-0.262860000,43.233590000,196.000
-0.263010000,43.233970000,194.000
-0.263290000,43.234520000,192.000
-0.263370000,43.234680000,190.000
-0.263540000,43.235030000,189.000
-0.263590000,43.235110000,188.000
-0.264480000,43.236920000,194.000
-0.264800000,43.237560000,199.000
-0.264870000,43.237710000,202.000
-0.264980000,43.237930000,204.000
-0.265380000,43.238760000,205.000
-0.265810000,43.239630000,208.000
-0.266050000,43.240110000,209.000
-0.266500000,43.241020000,212.000
-0.266610000,43.241250000,213.000
-0.266630000,43.241300000,213.000
-0.266650000,43.241340000,214.000
-0.266680000,43.241380000,214.000
-0.266770000,43.241570000,213.000
-0.266860000,43.241730000,213.000
-0.267110000,43.242160000,211.000
-0.267230000,43.242340000,210.000
-0.267530000,43.242730000,208.000
-0.267610000,43.242830000,207.000
-0.267670000,43.242920000,206.000
-0.267810000,43.243110000,206.000
-0.267850000,43.243170000,206.000
-0.267960000,43.243330000,206.000
-0.267960000,43.243340000,206.000
-0.268050000,43.243490000,206.000
-0.268050000,43.243490000,206.000
-0.268020000,43.243540000,206.000
-0.267990000,43.243580000,206.000
-0.267980000,43.243610000,206.000
-0.267970000,43.243650000,207.000
-0.267990000,43.243710000,207.000
-0.268010000,43.243740000,207.000
-0.268050000,43.243790000,207.000
-0.268100000,43.243840000,207.000
-0.268150000,43.243860000,207.000
-0.268200000,43.243880000,207.000
-0.268280000,43.244010000,207.000
-0.268400000,43.244190000,208.000
-0.268490000,43.244330000,208.000
-0.268530000,43.244370000,208.000
-0.268730000,43.244710000,208.000
-0.268830000,43.244870000,207.000
-0.268970000,43.245030000,207.000
-0.269230000,43.245300000,206.000
-0.269380000,43.245430000,205.000
-0.269510000,43.245550000,205.000
-0.269690000,43.245670000,204.000
-0.269810000,43.245760000,204.000
-0.270180000,43.245980000,203.000
-0.270260000,43.246010000,203.000
-0.270460000,43.246120000,202.000
-0.270480000,43.246130000,202.000
-0.270740000,43.246230000,202.000
-0.271160000,43.246380000,202.000
-0.273380000,43.247090000,203.000
-0.274260000,43.247380000,203.000
-0.274490000,43.247450000,203.000
-0.275220000,43.247690000,202.000
-0.275790000,43.247900000,202.000
-0.275980000,43.247980000,201.000
-0.276210000,43.248070000,200.000
-0.276590000,43.248230000,199.000
-0.276680000,43.248280000,199.000
-0.276970000,43.248420000,198.000
-0.277350000,43.248630000,197.000
-0.277470000,43.248710000,196.000
-0.277820000,43.248950000,195.000
-0.277930000,43.249030000,194.000
-0.278100000,43.249180000,194.000
-0.278200000,43.249290000,194.000
-0.278250000,43.249380000,194.000
-0.278250000,43.249380000,194.000
-0.278250000,43.249440000,194.000
-0.278250000,43.249480000,194.000
-0.278260000,43.249520000,194.000
-0.278280000,43.249540000,195.000
-0.278300000,43.249560000,195.000
-0.278330000,43.249590000,195.000
-0.278360000,43.249600000,195.000
-0.278440000,43.249630000,195.000
-0.278510000,43.249650000,195.000
-0.278590000,43.249650000,195.000
-0.278750000,43.249680000,195.000
-0.278840000,43.249720000,196.000
-0.279010000,43.249830000,196.000
-0.279530000,43.250230000,197.000
-0.280000000,43.250650000,197.000
-0.280920000,43.251470000,197.000
-0.282640000,43.253010000,197.000
-0.282840000,43.253160000,197.000
-0.283040000,43.253310000,196.000
-0.285030000,43.255120000,195.000
-0.285480000,43.255500000,195.000
-0.285560000,43.255570000,195.000
-0.285960000,43.255930000,196.000
-0.286120000,43.256070000,197.000
-0.286590000,43.256490000,199.000
-0.286640000,43.256540000,200.000
-0.286690000,43.256580000,201.000
-0.287000000,43.256860000,200.000
-0.287280000,43.257110000,198.000
-0.287300000,43.257130000,197.000
-0.287470000,43.257260000,195.000
-0.287790000,43.257530000,193.000
-0.287900000,43.257640000,190.000
-0.288490000,43.258180000,186.000
-0.288640000,43.258300000,184.000
-0.289050000,43.258710000,182.000
-0.289760000,43.259500000,181.000
-0.289980000,43.259750000,181.000
-0.291460000,43.261420000,183.000
-0.291510000,43.261480000,185.000
-0.291520000,43.261480000,186.000
-0.291570000,43.261530000,187.000
-0.291770000,43.261730000,188.000
-0.291810000,43.261780000,188.000
-0.292190000,43.262120000,188.000
-0.292450000,43.262340000,189.000
-0.292790000,43.262600000,189.000
-0.293180000,43.262880000,189.000
-0.293510000,43.263090000,189.000
-0.293580000,43.263140000,189.000
-0.293920000,43.263340000,190.000
-0.294030000,43.263410000,190.000
-0.294100000,43.263440000,190.000
-0.294930000,43.263850000,190.000
-0.295450000,43.264090000,191.000
-0.295500000,43.264150000,191.000
-0.296600000,43.264680000,191.000
-0.297550000,43.265180000,192.000
-0.297930000,43.265370000,191.000
-0.297980000,43.265400000,191.000
-0.298020000,43.265430000,191.000
-0.298350000,43.265650000,190.000
-0.298400000,43.265700000,189.000
-0.298780000,43.266000000,188.000
-0.298930000,43.266160000,187.000
-0.299190000,43.266390000,185.000
-0.299730000,43.266910000,183.000
-0.300060000,43.267270000,183.000
-0.300300000,43.267450000,184.000
-0.300340000,43.267490000,185.000
-0.300430000,43.267570000,186.000
-0.300570000,43.267710000,187.000
-0.301310000,43.268400000,191.000
-0.301680000,43.268720000,192.000
-0.301910000,43.268920000,193.000
-0.302320000,43.269270000,192.000
-0.302630000,43.269530000,190.000
-0.303300000,43.270070000,187.000
-0.303470000,43.270210000,185.000
-0.303630000,43.270340000,184.000
-0.303990000,43.270630000,184.000
-0.305100000,43.271520000,184.000
-0.306140000,43.272360000,186.000
-0.306570000,43.272690000,188.000
-0.306800000,43.272860000,190.000
-0.307050000,43.273030000,191.000
-0.307210000,43.273130000,192.000
-0.307220000,43.273160000,192.000
-0.307240000,43.273190000,192.000
-0.307270000,43.273220000,192.000
-0.307440000,43.273340000,192.000
-0.307530000,43.273410000,192.000
-0.307530000,43.273410000,192.000
-0.307520000,43.273430000,192.000
-0.307520000,43.273450000,192.000
-0.307510000,43.273470000,192.000
-0.307510000,43.273490000,191.000
-0.307520000,43.273510000,191.000
-0.307530000,43.273540000,191.000
-0.307560000,43.273570000,191.000
-0.307580000,43.273590000,191.000
-0.307600000,43.273610000,191.000
-0.307640000,43.273630000,191.000
-0.307670000,43.273640000,191.000
-0.307700000,43.273650000,191.000
-0.307730000,43.273650000,191.000
-0.307760000,43.273660000,191.000
-0.307790000,43.273650000,191.000
-0.307810000,43.273650000,191.000
-0.307840000,43.273650000,191.000
-0.307870000,43.273640000,191.000
-0.308090000,43.273700000,190.000
-0.308390000,43.273820000,190.000
-0.308570000,43.273870000,190.000
-0.310200000,43.274660000,188.000
-0.310500000,43.274820000,187.000
-0.311100000,43.275130000,186.000
-0.311150000,43.275150000,185.000
-0.311300000,43.275230000,185.000
-0.311500000,43.275340000,184.000
-0.311690000,43.275450000,184.000
-0.311770000,43.275490000,183.000
-0.311880000,43.275570000,183.000
-0.312040000,43.275670000,183.000
-0.312070000,43.275690000,182.000
-0.312240000,43.275810000,182.000
-0.312360000,43.275890000,182.000
-0.312420000,43.275940000,182.000
-0.312500000,43.276010000,182.000
-0.312580000,43.276080000,183.000
-0.312740000,43.276210000,183.000
-0.312770000,43.276230000,183.000
-0.312900000,43.276350000,184.000
-0.312910000,43.276360000,184.000
-0.313030000,43.276500000,185.000
-0.313170000,43.276650000,185.000
-0.313300000,43.276800000,186.000
-0.313430000,43.276940000,186.000
-0.313510000,43.277030000,187.000
-0.313530000,43.277060000,188.000
-0.313560000,43.277100000,188.000
-0.313690000,43.277270000,188.000
-0.313710000,43.277300000,189.000
-0.313860000,43.277530000,191.000
-0.314060000,43.277840000,195.000
-0.314160000,43.278040000,199.000
-0.314200000,43.278130000,202.000
-0.314270000,43.278300000,205.000
-0.314290000,43.278350000,208.000
-0.314380000,43.278610000,211.000
-0.314520000,43.279030000,216.000
-0.314540000,43.279090000,220.000
-0.314550000,43.279150000,222.000
-0.314560000,43.279170000,224.000
-0.314590000,43.279270000,225.000
-0.314600000,43.279330000,226.000
-0.314610000,43.279350000,226.000
-0.314650000,43.279490000,227.000
-0.314690000,43.279620000,228.000
-0.314710000,43.279680000,228.000
-0.314710000,43.279700000,228.000
-0.314740000,43.279800000,229.000
-0.314740000,43.279810000,229.000
-0.314750000,43.279860000,229.000
-0.314810000,43.280050000,230.000
-0.314850000,43.280210000,230.000
-0.314860000,43.280230000,230.000
-0.314880000,43.280320000,231.000
-0.314900000,43.280390000,231.000
-0.314910000,43.280410000,231.000
-0.314920000,43.280450000,231.000
-0.314930000,43.280500000,232.000
-0.314950000,43.280560000,232.000
-0.314980000,43.280680000,232.000
-0.315050000,43.280910000,233.000
-0.315060000,43.280940000,233.000
-0.315080000,43.281030000,233.000
-0.315100000,43.281090000,233.000
-0.315140000,43.281250000,232.000
-0.315210000,43.281460000,231.000
-0.315240000,43.281550000,230.000
-0.315250000,43.281560000,230.000
-0.315270000,43.281620000,229.000
-0.315300000,43.281670000,229.000
-0.315340000,43.281770000,228.000
-0.315420000,43.281930000,227.000
-0.315530000,43.282100000,226.000
-0.315560000,43.282140000,226.000
-0.315550000,43.282230000,225.000
-0.315620000,43.282360000,224.000
-0.315740000,43.282530000,223.000
-0.315810000,43.282610000,222.000
-0.315910000,43.282730000,222.000
-0.315940000,43.282760000,222.000
-0.316060000,43.282890000,222.000
-0.316210000,43.283030000,222.000
-0.316370000,43.283180000,223.000
-0.316540000,43.283310000,223.000
-0.316750000,43.283450000,224.000
-0.316960000,43.283580000,224.000
-0.317130000,43.283660000,225.000
-0.317290000,43.283700000,226.000
-0.317320000,43.283710000,226.000
-0.317520000,43.283790000,227.000
-0.317700000,43.283850000,227.000
-0.317930000,43.283920000,228.000
-0.317980000,43.283940000,228.000
-0.318240000,43.284010000,228.000
-0.319030000,43.284240000,228.000
-0.319090000,43.284260000,228.000
-0.319320000,43.284330000,227.000
-0.319390000,43.284350000,227.000
-0.319490000,43.284380000,227.000
-0.319620000,43.284410000,227.000
-0.319720000,43.284440000,227.000
-0.319780000,43.284460000,227.000
-0.319850000,43.284480000,227.000
-0.320010000,43.284530000,227.000
-0.320080000,43.284550000,227.000
-0.320180000,43.284580000,226.000
-0.320230000,43.284590000,226.000
-0.320310000,43.284610000,226.000
-0.320460000,43.284660000,226.000
-0.320530000,43.284680000,225.000
-0.320610000,43.284700000,225.000
-0.320640000,43.284710000,225.000
-0.320690000,43.284730000,225.000
-0.320760000,43.284750000,225.000
-0.320870000,43.284780000,224.000
-0.320990000,43.284810000,224.000
-0.321150000,43.284860000,224.000
-0.321220000,43.284880000,224.000
-0.321380000,43.284920000,223.000
-0.321550000,43.284970000,223.000
-0.321610000,43.284990000,222.000
-0.321680000,43.285010000,222.000
-0.321780000,43.285040000,222.000
-0.321910000,43.285080000,222.000
-0.322370000,43.285210000,221.000
-0.322600000,43.285280000,220.000
-0.322830000,43.285340000,219.000
-0.323060000,43.285410000,218.000
-0.323220000,43.285460000,216.000
-0.323290000,43.285480000,216.000
-0.323350000,43.285490000,215.000
-0.323750000,43.285610000,214.000
-0.323850000,43.285640000,212.000
-0.323910000,43.285650000,212.000
-0.323980000,43.285670000,211.000
-0.324370000,43.285790000,210.000
-0.324770000,43.285900000,208.000
-0.324830000,43.285920000,207.000
-0.325070000,43.285990000,206.000
-0.325200000,43.286030000,205.000
-0.325430000,43.286090000,204.000
-0.325650000,43.286160000,203.000
-0.325660000,43.286160000,202.000
-0.325890000,43.286230000,201.000
-0.326120000,43.286290000,201.000
-0.326340000,43.286360000,200.000
-0.326350000,43.286360000,199.000
-0.326580000,43.286430000,199.000
-0.327270000,43.286620000,197.000
-0.327330000,43.286640000,196.000
-0.328400000,43.286950000,196.000
-0.328690000,43.287040000,196.000
-0.328920000,43.287090000,196.000
-0.329250000,43.287160000,197.000
-0.329350000,43.287180000,197.000
-0.329410000,43.287190000,197.000
-0.329570000,43.287210000,197.000
-0.329580000,43.287220000,197.000
-0.329590000,43.287220000,197.000
-0.329600000,43.287220000,197.000
-0.329780000,43.287240000,197.000
-0.329840000,43.287240000,197.000
-0.330020000,43.287260000,197.000
-0.330430000,43.287300000,197.000
-0.330850000,43.287330000,197.000
-0.331060000,43.287360000,196.000
-0.331120000,43.287380000,196.000
-0.331200000,43.287400000,196.000
-0.331450000,43.287430000,196.000
-0.331570000,43.287450000,195.000
-0.331760000,43.287490000,195.000
-0.331850000,43.287520000,195.000
-0.331930000,43.287540000,195.000
-0.332010000,43.287570000,195.000
-0.332130000,43.287620000,195.000
-0.332130000,43.287620000,195.000
-0.332130000,43.287640000,195.000
-0.332130000,43.287660000,195.000
-0.332130000,43.287680000,195.000
-0.332140000,43.287700000,195.000
-0.332150000,43.287720000,195.000
-0.332170000,43.287740000,195.000
-0.332180000,43.287760000,195.000
-0.332200000,43.287780000,195.000
-0.332220000,43.287790000,195.000
-0.332240000,43.287810000,195.000
-0.332280000,43.287830000,195.000
-0.332300000,43.287830000,195.000
-0.332330000,43.287840000,195.000
-0.332350000,43.287850000,195.000
-0.332370000,43.287850000,195.000
-0.332400000,43.287850000,195.000
-0.332420000,43.287850000,195.000
-0.332450000,43.287850000,195.000
-0.332470000,43.287850000,195.000
-0.332500000,43.287850000,195.000
-0.332530000,43.287840000,195.000
-0.332560000,43.287840000,195.000
-0.332580000,43.287830000,195.000
-0.332610000,43.287810000,195.000
-0.332630000,43.287800000,195.000
-0.332650000,43.287780000,195.000
-0.332670000,43.287770000,195.000
-0.332690000,43.287750000,195.000
-0.332700000,43.287730000,195.000
-0.332720000,43.287710000,195.000
-0.332730000,43.287690000,195.000
-0.332740000,43.287650000,195.000
-0.332840000,43.287570000,195.000
-0.332920000,43.287530000,195.000
-0.333000000,43.287500000,195.000
-0.333090000,43.287470000,195.000
-0.333160000,43.287460000,195.000
-0.333230000,43.287450000,196.000
-0.333310000,43.287440000,196.000
-0.333420000,43.287440000,196.000
-0.333470000,43.287420000,196.000
-0.333540000,43.287430000,196.000
-0.333700000,43.287440000,196.000
-0.333780000,43.287450000,196.000
-0.333840000,43.287460000,196.000
-0.333850000,43.287460000,196.000
-0.334000000,43.287480000,196.000
-0.334510000,43.287580000,196.000
-0.334600000,43.287600000,196.000
-0.334640000,43.287610000,196.000
-0.334720000,43.287620000,196.000
-0.334740000,43.287620000,196.000
-0.334750000,43.287630000,196.000
-0.335090000,43.287690000,196.000
-0.335320000,43.287720000,196.000
-0.335490000,43.287740000,196.000
-0.335650000,43.287760000,196.000
-0.335710000,43.287760000,195.000
-0.335950000,43.287770000,195.000
-0.335970000,43.287780000,195.000
-0.336100000,43.287780000,195.000
-0.336190000,43.287790000,195.000
-0.336220000,43.287790000,195.000
-0.336350000,43.287800000,195.000
-0.336440000,43.287800000,194.000
-0.336840000,43.287830000,194.000
-0.337100000,43.287840000,194.000
-0.337180000,43.287840000,194.000
-0.337190000,43.287840000,194.000
-0.337210000,43.287840000,194.000
-0.337340000,43.287850000,194.000
-0.337430000,43.287850000,195.000
-0.337460000,43.287850000,195.000
-0.337580000,43.287850000,195.000
-0.337720000,43.287850000,196.000
-0.337880000,43.287850000,197.000
-0.337940000,43.287840000,197.000
-0.338020000,43.287840000,198.000
-0.338160000,43.287820000,198.000
-0.338270000,43.287810000,199.000
-0.338380000,43.287790000,200.000
-0.338500000,43.287770000,200.000
-0.338580000,43.287750000,201.000
-0.338700000,43.287720000,202.000
-0.338780000,43.287700000,202.000
-0.338810000,43.287680000,203.000
-0.339000000,43.287620000,204.000
-0.339080000,43.287590000,204.000
-0.339150000,43.287560000,205.000
-0.339220000,43.287540000,205.000
-0.339280000,43.287510000,206.000
-0.339290000,43.287500000,206.000
-0.339390000,43.287460000,207.000
-0.339420000,43.287430000,207.000
-0.339500000,43.287390000,208.000
-0.339680000,43.287280000,208.000
-0.339860000,43.287160000,209.000
-0.340360000,43.286840000,211.000
-0.340420000,43.286800000,212.000
-0.340790000,43.286570000,214.000
-0.340820000,43.286550000,215.000
-0.340840000,43.286540000,216.000
-0.340910000,43.286490000,217.000
-0.340920000,43.286490000,217.000
-0.340980000,43.286450000,218.000
-0.341000000,43.286440000,218.000
-0.341030000,43.286420000,218.000
-0.341350000,43.286210000,219.000
-0.341540000,43.286100000,220.000
-0.341730000,43.285980000,221.000
-0.342050000,43.285770000,221.000
-0.342170000,43.285700000,221.000
-0.342270000,43.285630000,220.000
-0.342380000,43.285560000,220.000
-0.342590000,43.285430000,220.000
-0.342640000,43.285400000,219.000
-0.343180000,43.285140000,218.000
-0.343420000,43.285080000,217.000
-0.343480000,43.285070000,217.000
-0.343550000,43.285050000,216.000
-0.343620000,43.285030000,216.000
-0.343690000,43.285020000,215.000
-0.343750000,43.285010000,215.000
-0.343820000,43.285000000,214.000
-0.343860000,43.284990000,213.000
-0.343940000,43.284990000,213.000
-0.344070000,43.284980000,212.000
-0.344070000,43.284980000,211.000
-0.344080000,43.284990000,211.000
-0.344090000,43.285000000,211.000
-0.344110000,43.285000000,210.000
-0.344120000,43.285010000,210.000
-0.344140000,43.285010000,210.000
-0.344150000,43.285020000,210.000
-0.344170000,43.285020000,209.000
-0.344180000,43.285020000,209.000
-0.344200000,43.285030000,209.000
-0.344220000,43.285030000,209.000
-0.344230000,43.285030000,209.000
-0.344250000,43.285020000,208.000
-0.344270000,43.285020000,208.000
-0.344280000,43.285020000,208.000
-0.344300000,43.285020000,208.000
-0.344310000,43.285010000,208.000
-0.344330000,43.285010000,208.000
-0.344340000,43.285000000,207.000
-0.344360000,43.284990000,207.000
-0.344370000,43.284990000,207.000
-0.344380000,43.284980000,207.000
-0.344390000,43.284970000,207.000
-0.344400000,43.284960000,207.000
-0.344410000,43.284950000,206.000
-0.344430000,43.284930000,206.000
-0.344500000,43.284910000,206.000
-0.344550000,43.284900000,205.000
-0.344610000,43.284890000,205.000
-0.344660000,43.284880000,204.000
-0.344760000,43.284870000,204.000
-0.344870000,43.284870000,203.000
-0.344980000,43.284860000,202.000
-0.345100000,43.284850000,201.000
-0.345170000,43.284840000,200.000
-0.345250000,43.284820000,199.000
-0.345450000,43.284810000,198.000
-0.345700000,43.284800000,196.000
-0.345880000,43.284790000,195.000
-0.345940000,43.284790000,193.000
-0.345990000,43.284790000,192.000
-0.346190000,43.284780000,191.000
-0.346410000,43.284770000,190.000
-0.346440000,43.284760000,189.000
-0.346720000,43.284740000,189.000
-0.347420000,43.284650000,187.000
-0.348140000,43.284530000,184.000
-0.348320000,43.284510000,183.000
-0.348570000,43.284480000,181.000
-0.348960000,43.284450000,180.000
-0.349240000,43.284430000,179.000
-0.349460000,43.284430000,178.000
-0.349760000,43.284420000,177.000
-0.349820000,43.284420000,177.000
-0.350060000,43.284420000,177.000
-0.350070000,43.284420000,176.000
-0.350240000,43.284430000,176.000
-0.350410000,43.284440000,176.000
-0.350820000,43.284480000,176.000
-0.351570000,43.284560000,175.000
-0.351800000,43.284580000,175.000
-0.351810000,43.284580000,175.000
-0.352070000,43.284600000,176.000
-0.352280000,43.284610000,176.000
-0.352390000,43.284620000,177.000
-0.352500000,43.284620000,177.000
-0.352600000,43.284610000,178.000
-0.352830000,43.284590000,178.000
-0.352950000,43.284580000,179.000
-0.353020000,43.284570000,179.000
-0.353210000,43.284540000,180.000
-0.353330000,43.284520000,180.000
-0.353370000,43.284510000,181.000
-0.353520000,43.284470000,181.000
-0.353660000,43.284430000,182.000
-0.353820000,43.284380000,182.000
-0.353950000,43.284340000,183.000
-0.354040000,43.284300000,183.000
-0.354300000,43.284200000,185.000
-0.354440000,43.284130000,187.000
-0.354570000,43.284070000,188.000
-0.354620000,43.284040000,190.000
-0.354680000,43.284000000,191.000
-0.354760000,43.283950000,192.000
-0.354840000,43.283900000,193.000
-0.354960000,43.283810000,195.000
-0.355050000,43.283740000,196.000
-0.355130000,43.283670000,197.000
-0.355200000,43.283610000,199.000
-0.355280000,43.283540000,200.000
-0.355360000,43.283470000,202.000
-0.355410000,43.283410000,203.000
-0.355510000,43.283290000,204.000
-0.355710000,43.283040000,207.000
-0.355730000,43.283020000,209.000
-0.355750000,43.282990000,210.000
-0.355760000,43.282980000,211.000
-0.355870000,43.282840000,211.000
-0.356320000,43.282260000,210.000
-0.356730000,43.281730000,208.000
-0.356760000,43.281690000,207.000
-0.356800000,43.281650000,206.000
-0.356850000,43.281600000,205.000
-0.357060000,43.281310000,204.000
-0.357260000,43.281070000,202.000
-0.357340000,43.281030000,200.000
-0.357430000,43.280950000,199.000
-0.357430000,43.280950000,198.000
-0.357440000,43.280950000,197.000
-0.357450000,43.280960000,197.000
-0.357460000,43.280960000,196.000
-0.357470000,43.280960000,196.000
-0.357480000,43.280960000,196.000
-0.357490000,43.280960000,196.000
-0.357510000,43.280960000,196.000
-0.357520000,43.280960000,195.000
-0.357530000,43.280960000,195.000
-0.357540000,43.280960000,195.000
-0.357550000,43.280960000,195.000
-0.357560000,43.280960000,195.000
-0.357580000,43.280950000,195.000
-0.357590000,43.280950000,195.000
-0.357600000,43.280950000,195.000
-0.357610000,43.280940000,194.000
-0.357620000,43.280940000,194.000
-0.357640000,43.280930000,194.000
-0.357650000,43.280930000,194.000
-0.357660000,43.280920000,194.000
-0.357660000,43.280910000,194.000
-0.357670000,43.280910000,194.000
-0.357680000,43.280900000,194.000
-0.357790000,43.280900000,193.000
-0.357940000,43.280900000,192.000
-0.357970000,43.280910000,192.000
-0.358010000,43.280920000,191.000
-0.358030000,43.280930000,191.000
-0.358050000,43.280930000,191.000
-0.358090000,43.280950000,190.000
-0.358130000,43.280960000,190.000
-0.358480000,43.281100000,188.000
-0.358520000,43.281120000,187.000
-0.358570000,43.281130000,187.000
-0.358620000,43.281150000,186.000
-0.358660000,43.281160000,185.000
-0.358700000,43.281170000,185.000
-0.358740000,43.281190000,184.000
-0.358780000,43.281200000,184.000
-0.358860000,43.281210000,183.000
-0.359040000,43.281290000,182.000
-0.359110000,43.281300000,181.000
-0.359450000,43.281380000,181.000
-0.360100000,43.281540000,182.000
-0.360100000,43.281550000,183.000
-0.360110000,43.281560000,183.000
-0.360110000,43.281570000,183.000
-0.360120000,43.281580000,183.000
-0.360130000,43.281590000,184.000
-0.360140000,43.281590000,184.000
-0.360140000,43.281600000,184.000
-0.360150000,43.281600000,184.000
-0.360160000,43.281600000,184.000
-0.360160000,43.281610000,184.000
-0.360170000,43.281610000,184.000
-0.360180000,43.281610000,184.000
-0.360190000,43.281610000,184.000
-0.360200000,43.281610000,184.000
-0.360210000,43.281610000,184.000
-0.360220000,43.281610000,184.000
-0.360230000,43.281610000,184.000
-0.360240000,43.281610000,184.000
-0.360240000,43.281600000,184.000
-0.360250000,43.281600000,184.000
-0.360260000,43.281600000,184.000
-0.360260000,43.281590000,185.000
-0.360670000,43.281710000,185.000
-0.361430000,43.281920000,187.000
-0.361570000,43.281950000,187.000
-0.361660000,43.281960000,188.000
-0.361850000,43.282010000,188.000
-0.361940000,43.282030000,189.000
-0.362380000,43.282140000,188.000
-0.362380000,43.282140000,188.000
-0.362660000,43.282200000,188.000
-0.362700000,43.282210000,188.000
-0.362740000,43.282220000,188.000
-0.362770000,43.282230000,188.000
-0.362810000,43.282230000,188.000
-0.362870000,43.282240000,188.000
-0.362940000,43.282250000,188.000
-0.363130000,43.282270000,188.000
-0.363520000,43.282320000,187.000
-0.363600000,43.282330000,187.000
-0.363860000,43.282360000,187.000
-0.364150000,43.282390000,187.000
-0.364400000,43.282420000,186.000
-0.364760000,43.282470000,186.000
-0.364820000,43.282490000,186.000
-0.365250000,43.282560000,185.000
-0.365380000,43.282580000,185.000
-0.365420000,43.282580000,184.000
-0.365480000,43.282590000,184.000
-0.365600000,43.282610000,184.000
-0.365700000,43.282630000,184.000
-0.366220000,43.282720000,183.000
-0.366230000,43.282730000,183.000
-0.366240000,43.282740000,183.000
-0.366260000,43.282740000,183.000
-0.366270000,43.282750000,183.000
-0.366290000,43.282750000,183.000
-0.366320000,43.282750000,182.000
-0.366330000,43.282750000,182.000
-0.366350000,43.282740000,182.000
-0.366640000,43.282790000,182.000
-0.366720000,43.282800000,182.000
-0.366760000,43.282800000,182.000
-0.366800000,43.282800000,181.000
-0.366860000,43.282810000,181.000
-0.366940000,43.282830000,181.000
-0.367370000,43.282920000,180.000
-0.367560000,43.282960000,180.000
-0.367660000,43.282980000,179.000
-0.367780000,43.283000000,179.000
-0.367950000,43.283040000,179.000
-0.368080000,43.283060000,178.000
-0.368410000,43.283110000,178.000
-0.368490000,43.283120000,177.000
-0.368590000,43.283140000,177.000
-0.368710000,43.283170000,176.000
-0.368790000,43.283190000,176.000
-0.368860000,43.283210000,176.000
-0.368970000,43.283250000,176.000
-0.369070000,43.283280000,177.000
-0.369170000,43.283320000,177.000
-0.369360000,43.283390000,178.000
-0.369390000,43.283400000,178.000
-0.369410000,43.283410000,178.000
-0.369440000,43.283420000,179.000
-0.369480000,43.283440000,179.000
-0.369530000,43.283480000,179.000
-0.369580000,43.283510000,180.000
-0.369720000,43.283580000,180.000
-0.369770000,43.283590000,180.000
-0.369830000,43.283610000,181.000
-0.369830000,43.283610000,181.000
-0.369820000,43.283620000,181.000
-0.369830000,43.283640000,181.000
-0.369840000,43.283650000,181.000
-0.369850000,43.283650000,182.000
-0.369860000,43.283660000,182.000
-0.369890000,43.283660000,182.000
-0.369910000,43.283660000,182.000
-0.369960000,43.283690000,182.000
-0.370000000,43.283720000,182.000
-0.370040000,43.283730000,182.000
-0.370040000,43.283730000,183.000
-0.370060000,43.283770000,183.000
-0.370180000,43.283890000,183.000
-0.370330000,43.284090000,184.000
-0.370370000,43.284130000,185.000
-0.370690000,43.284470000,186.000
-0.370790000,43.284600000,187.000
-0.370830000,43.284660000,187.000
-0.370870000,43.284750000,187.000
-0.370910000,43.284810000,187.000
-0.370940000,43.284860000,188.000
-0.370960000,43.284890000,188.000
-0.370990000,43.284930000,187.000
-0.371030000,43.284960000,187.000
-0.371060000,43.284990000,187.000
-0.371090000,43.285020000,187.000
-0.371130000,43.285040000,187.000
-0.371160000,43.285060000,187.000
-0.371200000,43.285080000,187.000
-0.371240000,43.285110000,187.000
-0.371280000,43.285120000,187.000
-0.371360000,43.285160000,187.000
-0.371400000,43.285180000,187.000
-0.371420000,43.285190000,187.000
-0.371440000,43.285200000,187.000
-0.371460000,43.285210000,187.000
-0.371480000,43.285220000,187.000
-0.371510000,43.285250000,186.000
-0.371600000,43.285320000,186.000
-0.371830000,43.285490000,186.000
-0.371870000,43.285520000,186.000
-0.371910000,43.285550000,186.000
-0.371960000,43.285580000,186.000
-0.372000000,43.285610000,186.000
-0.372040000,43.285630000,185.000
-0.372070000,43.285650000,185.000
-0.372110000,43.285670000,185.000
-0.372160000,43.285690000,185.000
-0.372200000,43.285700000,185.000
-0.372220000,43.285710000,185.000
-0.372270000,43.285730000,185.000
-0.372320000,43.285750000,185.000
-0.373000000,43.285990000,184.000
-0.373260000,43.286080000,184.000
-0.373270000,43.286080000,184.000
-0.373470000,43.286150000,183.000
-0.373480000,43.286150000,183.000
-0.373660000,43.286210000,183.000
-0.373790000,43.286270000,182.000
-0.373820000,43.286280000,182.000
-0.373950000,43.286330000,182.000
-0.374050000,43.286380000,182.000
-0.374130000,43.286440000,181.000
-0.374190000,43.286480000,181.000
-0.374240000,43.286530000,181.000
-0.374270000,43.286570000,181.000
-0.374310000,43.286610000,181.000
-0.374340000,43.286670000,181.000
-0.374380000,43.286740000,180.000
-0.374430000,43.286840000,180.000
-0.374460000,43.286900000,180.000
-0.374480000,43.286940000,180.000
-0.374500000,43.286970000,180.000
-0.374530000,43.286990000,179.000
-0.374560000,43.287020000,179.000
-0.374780000,43.287190000,179.000
-0.374910000,43.287300000,179.000
-0.375130000,43.287490000,179.000
-0.375140000,43.287500000,179.000
-0.375180000,43.287540000,178.000
-0.375390000,43.287680000,178.000
-0.375440000,43.287710000,178.000
-0.375690000,43.287860000,178.000
-0.375940000,43.288000000,178.000
-0.376010000,43.288030000,178.000
-0.376080000,43.288070000,178.000
-0.376110000,43.288080000,178.000
-0.376300000,43.288150000,178.000
-0.376480000,43.288240000,178.000
-0.376480000,43.288240000,178.000
-0.376470000,43.288250000,178.000
-0.376460000,43.288260000,178.000
-0.376460000,43.288270000,178.000
-0.376450000,43.288280000,178.000
-0.376450000,43.288290000,178.000
-0.376450000,43.288300000,178.000
-0.376450000,43.288310000,178.000
-0.376450000,43.288320000,178.000
-0.376450000,43.288330000,178.000
-0.376460000,43.288340000,178.000
-0.376460000,43.288350000,178.000
-0.376470000,43.288350000,178.000
-0.376470000,43.288360000,178.000
-0.376480000,43.288360000,178.000
-0.376490000,43.288370000,178.000
-0.376500000,43.288380000,178.000
-0.376510000,43.288380000,178.000
-0.376520000,43.288380000,178.000
-0.376530000,43.288390000,178.000
-0.376540000,43.288390000,178.000
-0.376550000,43.288390000,178.000
-0.376560000,43.288390000,178.000
-0.376570000,43.288390000,178.000
-0.376580000,43.288390000,178.000
-0.376590000,43.288390000,178.000
-0.376600000,43.288390000,178.000
-0.376610000,43.288390000,178.000
-0.376620000,43.288380000,178.000
-0.376630000,43.288380000,178.000
-0.376720000,43.288500000,178.000
-0.376840000,43.288610000,179.000
-0.376930000,43.288680000,179.000
-0.377110000,43.288820000,180.000
-0.377140000,43.288850000,181.000
-0.377300000,43.288970000,181.000
-0.377440000,43.289090000,182.000
-0.377560000,43.289200000,183.000
-0.377600000,43.289240000,184.000
-0.377640000,43.289280000,184.000
-0.377740000,43.289360000,185.000
-0.377820000,43.289450000,185.000
-0.377840000,43.289490000,186.000
-0.377850000,43.289500000,186.000
-0.377940000,43.289740000,187.000
-0.377940000,43.289770000,187.000
-0.377960000,43.289810000,188.000
-0.377970000,43.289830000,188.000
-0.378020000,43.289880000,188.000
-0.378040000,43.289900000,188.000
-0.378070000,43.289910000,188.000
-0.378100000,43.289930000,188.000
-0.378210000,43.289960000,188.000
-0.378210000,43.289960000,188.000
-0.379140000,43.290210000,188.000
-0.379140000,43.290210000,188.000
-0.379080000,43.290400000,188.000
-0.379060000,43.290500000,188.000
-0.378890000,43.290860000,188.000
-0.378840000,43.290980000,188.000
-0.378460000,43.291800000,186.000
-0.378430000,43.291870000,184.000
-0.378280000,43.292160000,182.000
-0.378130000,43.292460000,180.000
-0.378020000,43.292650000,178.000
-0.378020000,43.292650000,177.000
-0.377910000,43.292900000,175.000
-0.377850000,43.293000000,175.000
-0.377840000,43.293030000,174.000
-0.377660000,43.293410000,175.000
-0.377630000,43.293470000,176.000
-0.377620000,43.293470000,177.000
-0.377390000,43.293980000,178.000
-0.377360000,43.294060000,180.000
-0.377330000,43.294110000,181.000
-0.377310000,43.294140000,182.000
-0.377290000,43.294160000,182.000
-0.377280000,43.294180000,183.000
-0.377250000,43.294200000,183.000
-0.377250000,43.294200000,184.000
-0.377230000,43.294190000,184.000
-0.377220000,43.294190000,184.000
-0.377210000,43.294190000,184.000
-0.377200000,43.294190000,184.000
-0.377180000,43.294190000,184.000
-0.377160000,43.294200000,184.000
-0.377140000,43.294210000,185.000
-0.377130000,43.294230000,185.000
-0.377130000,43.294240000,185.000
-0.377140000,43.294250000,185.000
-0.377140000,43.294260000,185.000
-0.377150000,43.294260000,185.000
-0.377160000,43.294270000,185.000
-0.377170000,43.294280000,185.000
-0.377180000,43.294280000,185.000
-0.377190000,43.294280000,186.000
-0.377200000,43.294310000,186.000
-0.377210000,43.294330000,186.000
-0.377210000,43.294360000,186.000
-0.377210000,43.294390000,186.000
-0.377110000,43.294600000,187.000
-0.376960000,43.294950000,189.000
-0.376910000,43.295060000,191.000
-0.376880000,43.295130000,193.000
-0.376870000,43.295170000,194.000
-0.376830000,43.295250000,195.000
-0.376570000,43.295720000,199.000
-0.376520000,43.295830000,201.000
-0.376520000,43.295830000,203.000
-0.376320000,43.295900000,205.000
-0.376020000,43.296010000,207.000
-0.375410000,43.296170000,211.000
-0.375410000,43.296170000,213.000
-0.375130000,43.296260000,215.000
-0.375060000,43.296270000,216.000
-0.374860000,43.296310000,216.000
-0.374620000,43.296360000,217.000
-0.374600000,43.296360000,217.000
-0.374380000,43.296400000,217.000
-0.374270000,43.296420000,217.000
-0.374270000,43.296420000,216.000
-0.374310000,43.296550000,216.000
-0.374320000,43.296610000,216.000
-0.374330000,43.296630000,216.000
-0.374340000,43.296700000,216.000
-0.374380000,43.296800000,216.000
-0.374480000,43.297050000,215.000
-0.374530000,43.297190000,215.000
-0.374540000,43.297230000,215.000
-0.374540000,43.297280000,214.000
-0.374590000,43.297470000,214.000
-0.374620000,43.297570000,214.000
-0.374630000,43.297600000,213.000
-0.374650000,43.297640000,213.000
-0.374670000,43.297720000,212.000
        </coordinates>
      </LineString>
    </Placemark>
  </Document>
</kml>
